2026-09-29 10:44:35.386|INFO|InventoryKamera|Kamera initialized
2026-09-29 10:44:36.446|INFO|GenshinProcesor|Scraper initialized
2026-09-29 10:44:36.464|INFO|MainForm|Inventory Kamera version 1.3.17
2026-09-29 10:44:36.665|INFO|DatabaseManager|Checking for newer game data...
2026-09-29 10:44:36.801|INFO|DatabaseManager|Checking for newer game data...
2026-09-29 10:44:37.231|INFO|MainForm|Game data is up to date (7.1)
2026-09-29 10:44:37.340|INFO|MainForm|Current game data is up to date with data for 7.1
2026-09-29 10:49:55.643|INFO|MainForm|Starting scan
2026-09-29 10:49:55.643|INFO|MainForm|Hotkey registered
2026-09-29 10:49:55.643|INFO|MainForm|Scan settings: 
	Game Version Data:			 7.1
	Weapons:				 True
	Artifacts:				 True
	Characters:				 True
	Dev Items:				 True
	Materials:				 True
	Min Weapon Rarity:		 1
	Min Weapon Level:		 1
	Equip Weapons:			 True
	Min Artifact Rarity:	 1
	Min Artifact Level:		 0
	Equip Artifacts:		 True
	Delay:					 0
2026-09-29 10:49:55.665|DEBUG|Navigation|Checking for GenshinImpact.exe
2026-09-29 10:49:55.676|DEBUG|Navigation|Found GenshinImpact.exe
2026-09-29 10:49:55.676|DEBUG|Navigation|Window location (1600x900): x=160, y=101
2026-09-29 10:49:55.748|INFO|InventoryKamera|Kamera initialized
2026-09-29 10:49:55.748|INFO|MainForm|Resolution: 1600x900
2026-09-29 10:50:02.874|INFO|InventoryKamera|Logging directory reset
2026-09-29 10:50:02.889|DEBUG|InventoryKamera|Added 3 workers
2026-09-29 10:50:02.900|DEBUG|InventoryKamera|Thread #11 priority: Normal
2026-09-29 10:50:02.900|DEBUG|InventoryKamera|Thread #10 priority: Normal
2026-09-29 10:50:02.900|DEBUG|InventoryKamera|Thread #9 priority: Normal
2026-09-29 10:50:03.378|DEBUG|GenshinProcesor|8 Engines restarted
2026-09-29 10:50:03.378|INFO|GenshinProcesor|Internally set traveler custom name to nickke
2026-09-29 10:50:03.378|INFO|GenshinProcesor|Internally set wanderer custom name to zefiro
2026-09-29 10:50:03.378|INFO|GenshinProcesor|Internally set manekin custom name to bruce
2026-09-29 10:50:03.378|INFO|GenshinProcesor|Internally set manekina custom name to saphire
2026-09-29 10:50:03.378|INFO|InventoryKamera|Scanning weapons...
2026-09-29 10:50:08.189|INFO|UserInterface|Parsed 273 weapons to scan
2026-09-29 10:50:08.189|INFO|WeaponScraper|Found 273 for weapon count.
2026-09-29 10:50:08.189|DEBUG|WeaponScraper|Sorting by quality to optimize scan time.
2026-09-29 10:50:08.208|DEBUG|WeaponScraper|Inventory is sorted by quality
2026-09-29 10:50:08.208|DEBUG|WeaponScraper|Scanning weapon page 0
2026-09-29 10:50:08.208|DEBUG|WeaponScraper|Located 40 possible item locations on page.
2026-09-29 10:50:15.226|DEBUG|WeaponScraper|Finished queuing page of weapons. Scrolling...
2026-09-29 10:50:18.034|DEBUG|WeaponScraper|Scanning weapon page 1
2026-09-29 10:50:18.034|DEBUG|WeaponScraper|Located 40 possible item locations on page.
2026-09-29 10:50:25.112|DEBUG|WeaponScraper|Finished queuing page of weapons. Scrolling...
2026-09-29 10:50:27.734|DEBUG|WeaponScraper|Scanning weapon page 2
2026-09-29 10:50:27.734|DEBUG|WeaponScraper|Located 40 possible item locations on page.
2026-09-29 10:50:35.080|DEBUG|WeaponScraper|Finished queuing page of weapons. Scrolling...
2026-09-29 10:50:37.825|DEBUG|WeaponScraper|Scanning weapon page 3
2026-09-29 10:50:37.825|DEBUG|WeaponScraper|Located 40 possible item locations on page.
2026-09-29 10:50:44.738|DEBUG|WeaponScraper|Finished queuing page of weapons. Scrolling...
2026-09-29 10:50:47.262|DEBUG|WeaponScraper|Scanning weapon page 4
2026-09-29 10:50:47.262|DEBUG|WeaponScraper|Located 40 possible item locations on page.
2026-09-29 10:50:54.295|DEBUG|WeaponScraper|Finished queuing page of weapons. Scrolling...
2026-09-29 10:50:56.872|DEBUG|WeaponScraper|Scanning weapon page 5
2026-09-29 10:50:56.872|DEBUG|WeaponScraper|Located 40 possible item locations on page.
2026-09-29 10:51:03.918|DEBUG|WeaponScraper|Finished queuing page of weapons. Scrolling...
2026-09-29 10:51:06.461|DEBUG|WeaponScraper|Scanning weapon page 6
2026-09-29 10:51:06.461|DEBUG|WeaponScraper|Located 40 possible item locations on page.
2026-09-29 10:51:12.367|INFO|WeaponScraper|Stopping weapon scan based on scans queued (273 of 273)
2026-09-29 10:51:14.394|INFO|InventoryKamera|Done scanning weapons
2026-09-29 10:51:14.394|INFO|InventoryKamera|Scanning artifacts...
2026-09-29 10:51:19.346|INFO|UserInterface|Parsed 1967 artifacts to scan
2026-09-29 10:51:19.346|INFO|ArtifactScraper|Found 1967 for artifact count.
2026-09-29 10:51:19.402|DEBUG|ArtifactScraper|Scanning artifact page 1
2026-09-29 10:51:19.402|DEBUG|ArtifactScraper|Located 32 possible item locations on page.
2026-09-29 10:51:19.890|DEBUG|ArtifactScraper|Parsing artifact substat: atk+35
2026-09-29 10:51:19.890|DEBUG|ArtifactScraper|Parsing artifact substat: atk+8.7%
2026-09-29 10:51:19.890|DEBUG|ArtifactScraper|Parsing artifact substat: critrate+8.9%
2026-09-29 10:51:19.890|DEBUG|ArtifactScraper|Parsing artifact substat: def+23
2026-09-29 10:51:20.007|DEBUG|ArtifactScraper|Parsing artifact substat: critdmg+28.8%
2026-09-29 10:51:20.007|DEBUG|ArtifactScraper|Parsing artifact substat: critrate+2.7%
2026-09-29 10:51:20.007|DEBUG|ArtifactScraper|Parsing artifact substat: atk+5.8%
2026-09-29 10:51:20.007|DEBUG|ArtifactScraper|Parsing artifact substat: def+46
2026-09-29 10:51:20.213|DEBUG|ArtifactScraper|Parsing artifact substat: energyrecharge+18.1%
2026-09-29 10:51:20.213|DEBUG|ArtifactScraper|Parsing artifact substat: def+16
2026-09-29 10:51:20.213|DEBUG|ArtifactScraper|Parsing artifact substat: def+14.6%
2026-09-29 10:51:20.213|DEBUG|ArtifactScraper|Parsing artifact substat: hp+657
2026-09-29 10:51:20.320|DEBUG|ArtifactScraper|Parsing artifact substat: hp+299
2026-09-29 10:51:20.320|DEBUG|ArtifactScraper|Parsing artifact substat: hp+4.7%
2026-09-29 10:51:20.320|DEBUG|ArtifactScraper|Parsing artifact substat: atk+45
2026-09-29 10:51:20.320|DEBUG|ArtifactScraper|Parsing artifact substat: def+19.0%
2026-09-29 10:51:20.499|DEBUG|ArtifactScraper|Parsing artifact substat: elementalmastery+19
2026-09-29 10:51:20.499|DEBUG|ArtifactScraper|Parsing artifact substat: critrate+10.9%
2026-09-29 10:51:20.499|DEBUG|ArtifactScraper|Parsing artifact substat: hp+5.3%
2026-09-29 10:51:20.499|DEBUG|ArtifactScraper|Parsing artifact substat: hp+777
2026-09-29 10:51:20.678|DEBUG|ArtifactScraper|Parsing artifact substat: atk+13.4%
2026-09-29 10:51:20.678|DEBUG|ArtifactScraper|Parsing artifact substat: def+49
2026-09-29 10:51:20.678|DEBUG|ArtifactScraper|Parsing artifact substat: critdmg+7.0%
2026-09-29 10:51:20.678|DEBUG|ArtifactScraper|Parsing artifact substat: energyrecharge+5.8%
2026-09-29 10:51:20.851|DEBUG|ArtifactScraper|Parsing artifact substat: critdmg+18.7%
2026-09-29 10:51:20.851|DEBUG|ArtifactScraper|Parsing artifact substat: hp+448
2026-09-29 10:51:20.851|DEBUG|ArtifactScraper|Parsing artifact substat: critrate+3.9%
2026-09-29 10:51:20.851|DEBUG|ArtifactScraper|Parsing artifact substat: atk+9.3%
2026-09-29 10:51:21.016|DEBUG|ArtifactScraper|Parsing artifact substat: def+10.9%
2026-09-29 10:51:21.016|DEBUG|ArtifactScraper|Parsing artifact substat: elementalmastery+23
2026-09-29 10:51:21.016|DEBUG|ArtifactScraper|Parsing artifact substat: hp+21.0%
2026-09-29 10:51:21.016|DEBUG|ArtifactScraper|Parsing artifact substat: def+39
2026-09-29 10:51:21.196|DEBUG|ArtifactScraper|Parsing artifact substat: atk+64
2026-09-29 10:51:21.196|DEBUG|ArtifactScraper|Parsing artifact substat: def+21
2026-09-29 10:51:21.196|DEBUG|ArtifactScraper|Parsing artifact substat: elementalmastery+44
2026-09-29 10:51:21.196|DEBUG|ArtifactScraper|Parsing artifact substat: hp+598
2026-09-29 10:51:21.358|DEBUG|ArtifactScraper|Parsing artifact substat: hp+777
2026-09-29 10:51:21.358|DEBUG|ArtifactScraper|Parsing artifact substat: critdmg+14.0%
2026-09-29 10:51:21.358|DEBUG|ArtifactScraper|Parsing artifact substat: atk+4.1%
2026-09-29 10:51:21.358|DEBUG|ArtifactScraper|Parsing artifact substat: def+13.1%
2026-09-29 10:51:21.529|DEBUG|ArtifactScraper|Parsing artifact substat: hp+11.7%
2026-09-29 10:51:21.529|DEBUG|ArtifactScraper|Parsing artifact substat: elementalmastery+35
2026-09-29 10:51:21.529|DEBUG|ArtifactScraper|Parsing artifact substat: def+13.1%
2026-09-29 10:51:21.529|DEBUG|ArtifactScraper|Parsing artifact substat: def+37
2026-09-29 10:51:21.840|DEBUG|ArtifactScraper|Parsing artifact substat: hp+9.9%
2026-09-29 10:51:21.840|DEBUG|ArtifactScraper|Parsing artifact substat: def+44
2026-09-29 10:51:21.840|DEBUG|ArtifactScraper|Parsing artifact substat: def+20.4%
2026-09-29 10:51:21.840|DEBUG|ArtifactScraper|Parsing artifact substat: elementalmastery+37
2026-09-29 10:51:21.963|DEBUG|ArtifactScraper|Parsing artifact substat: atk+5.3%
2026-09-29 10:51:21.963|DEBUG|ArtifactScraper|Parsing artifact substat: def+60
2026-09-29 10:51:21.963|DEBUG|ArtifactScraper|Parsing artifact substat: hp+14.0%
2026-09-29 10:51:21.963|DEBUG|ArtifactScraper|Parsing artifact substat: energyrecharge+5.2%
2026-09-29 10:51:22.110|DEBUG|ArtifactScraper|Parsing artifact substat: hp+4.1%
2026-09-29 10:51:22.110|DEBUG|ArtifactScraper|Parsing artifact substat: def+39
2026-09-29 10:51:22.110|DEBUG|ArtifactScraper|Parsing artifact substat: energyrecharge+16.8%
2026-09-29 10:51:22.110|DEBUG|ArtifactScraper|Parsing artifact substat: hp+508
2026-09-29 10:51:22.305|DEBUG|ArtifactScraper|Parsing artifact substat: def+37
2026-09-29 10:51:22.305|DEBUG|ArtifactScraper|Parsing artifact substat: hp+866
2026-09-29 10:51:22.305|DEBUG|ArtifactScraper|Parsing artifact substat: energyrecharge+5.2%
2026-09-29 10:51:22.305|DEBUG|ArtifactScraper|Parsing artifact substat: hp+9.9%
2026-09-29 10:51:22.446|DEBUG|ArtifactScraper|Parsing artifact substat: critrate+3.5%
2026-09-29 10:51:22.446|DEBUG|ArtifactScraper|Parsing artifact substat: atk+33
2026-09-29 10:51:22.446|DEBUG|ArtifactScraper|Parsing artifact substat: hp+8.7%
2026-09-29 10:51:22.446|DEBUG|ArtifactScraper|Parsing artifact substat: critdmg+20.2%
2026-09-29 10:51:22.690|DEBUG|ArtifactScraper|Parsing artifact substat: energyrecharge+10.4%
2026-09-29 10:51:22.690|DEBUG|ArtifactScraper|Parsing artifact substat: critdmg+10.9%
2026-09-29 10:51:22.690|DEBUG|ArtifactScraper|Parsing artifact substat: hp+926
2026-09-29 10:51:22.690|DEBUG|ArtifactScraper|Parsing artifact substat: elementalmastery+23
2026-09-29 10:51:22.690|DEBUG|ArtifactScraper|Parsing artifact substat: def+16
2026-09-29 10:51:22.705|DEBUG|ArtifactScraper|Parsing artifact substat: atk+15.7%
2026-09-29 10:51:22.705|DEBUG|ArtifactScraper|Parsing artifact substat: energyrecharge+13.0%
2026-09-29 10:51:22.705|DEBUG|ArtifactScraper|Parsing artifact substat: hp+9.9%
2026-09-29 10:51:23.038|DEBUG|ArtifactScraper|Parsing artifact substat: elementalmastery+37
2026-09-29 10:51:23.038|DEBUG|ArtifactScraper|Parsing artifact substat: atk+54
2026-09-29 10:51:23.038|DEBUG|ArtifactScraper|Parsing artifact substat: def+44
2026-09-29 10:51:23.038|DEBUG|ArtifactScraper|Parsing artifact substat: atk+11.7%
2026-09-29 10:51:23.038|DEBUG|ArtifactScraper|Parsing artifact substat: critrate+5.8%
2026-09-29 10:51:23.038|DEBUG|ArtifactScraper|Parsing artifact substat: atk+12.8%
2026-09-29 10:51:23.038|DEBUG|ArtifactScraper|Parsing artifact substat: atk+33
2026-09-29 10:51:23.038|DEBUG|ArtifactScraper|Parsing artifact substat: def+6.6%
2026-09-29 10:51:23.339|DEBUG|ArtifactScraper|Parsing artifact substat: elementalmastery+23
2026-09-29 10:51:23.339|DEBUG|ArtifactScraper|Parsing artifact substat: hp+19.8%
2026-09-29 10:51:23.339|DEBUG|ArtifactScraper|Parsing artifact substat: hp+598
2026-09-29 10:51:23.339|DEBUG|ArtifactScraper|Parsing artifact substat: atk+5.8%
2026-09-29 10:51:23.403|DEBUG|ArtifactScraper|Parsing artifact substat: hp+299
2026-09-29 10:51:23.403|DEBUG|ArtifactScraper|Parsing artifact substat: critrate+7.0%
2026-09-29 10:51:23.403|DEBUG|ArtifactScraper|Parsing artifact substat: atk+21.0%
2026-09-29 10:51:23.403|DEBUG|ArtifactScraper|Parsing artifact substat: def+23
2026-09-29 10:51:23.670|DEBUG|ArtifactScraper|Parsing artifact substat: energyrecharge+13.0%
2026-09-29 10:51:23.670|DEBUG|ArtifactScraper|Parsing artifact substat: atk+35
2026-09-29 10:51:23.670|DEBUG|ArtifactScraper|Parsing artifact substat: critdmg+14.0%
2026-09-29 10:51:23.670|DEBUG|ArtifactScraper|Parsing artifact substat: hp+9.9%
2026-09-29 10:51:23.739|DEBUG|ArtifactScraper|Parsing artifact substat: critdmg+7.8%
2026-09-29 10:51:23.739|DEBUG|ArtifactScraper|Parsing artifact substat: hp+16.9%
2026-09-29 10:51:23.739|DEBUG|ArtifactScraper|Parsing artifact substat: critrate+3.1%
2026-09-29 10:51:23.739|DEBUG|ArtifactScraper|Parsing artifact substat: atk+14.0%
2026-09-29 10:51:23.957|DEBUG|ArtifactScraper|Parsing artifact substat: elementalmastery+19
2026-09-29 10:51:23.957|DEBUG|ArtifactScraper|Parsing artifact substat: critrate+6.6%
2026-09-29 10:51:23.957|DEBUG|ArtifactScraper|Parsing artifact substat: atk+5.3%
2026-09-29 10:51:23.957|DEBUG|ArtifactScraper|Parsing artifact substat: def+27.0%
2026-09-29 10:51:24.066|DEBUG|ArtifactScraper|Parsing artifact substat: critrate+8.9%
2026-09-29 10:51:24.066|DEBUG|ArtifactScraper|Parsing artifact substat: def+5.8%
2026-09-29 10:51:24.066|DEBUG|ArtifactScraper|Parsing artifact substat: def+42
2026-09-29 10:51:24.066|DEBUG|ArtifactScraper|Parsing artifact substat: atk+35
2026-09-29 10:51:24.297|DEBUG|ArtifactScraper|Parsing artifact substat: hp+747
2026-09-29 10:51:24.297|DEBUG|ArtifactScraper|Parsing artifact substat: def+13.9%
2026-09-29 10:51:24.297|DEBUG|ArtifactScraper|Parsing artifact substat: critdmg+7.8%
2026-09-29 10:51:24.297|DEBUG|ArtifactScraper|Parsing artifact substat: elementalmastery+40
2026-09-29 10:51:24.423|DEBUG|ArtifactScraper|Parsing artifact substat: energyrecharge+14.2%
2026-09-29 10:51:24.423|DEBUG|ArtifactScraper|Parsing artifact substat: atk+10.5%
2026-09-29 10:51:24.423|DEBUG|ArtifactScraper|Parsing artifact substat: atk+18
2026-09-29 10:51:24.423|DEBUG|ArtifactScraper|Parsing artifact substat: def+46
2026-09-29 10:51:24.556|DEBUG|ArtifactScraper|Parsing artifact substat: critdmg+5.4%
2026-09-29 10:51:24.556|DEBUG|ArtifactScraper|Parsing artifact substat: atk+51
2026-09-29 10:51:24.556|DEBUG|ArtifactScraper|Parsing artifact substat: def+58
2026-09-29 10:51:24.556|DEBUG|ArtifactScraper|Parsing artifact substat: energyrecharge+10.4%
2026-09-29 10:51:24.760|DEBUG|ArtifactScraper|Parsing artifact substat: critdmg+27.2%
2026-09-29 10:51:24.760|DEBUG|ArtifactScraper|Parsing artifact substat: elementalmastery+23
2026-09-29 10:51:24.760|DEBUG|ArtifactScraper|Parsing artifact substat: critrate+7.4%
2026-09-29 10:51:24.760|DEBUG|ArtifactScraper|Parsing artifact substat: def+5.8%
2026-09-29 10:51:24.760|DEBUG|ArtifactScraper|Finished queuing page of artifacts. Scrolling...
2026-09-29 10:51:24.885|DEBUG|ArtifactScraper|Parsing artifact substat: atk+14
2026-09-29 10:51:24.885|DEBUG|ArtifactScraper|Parsing artifact substat: atk+5.3%
2026-09-29 10:51:24.885|DEBUG|ArtifactScraper|Parsing artifact substat: hp+687
2026-09-29 10:51:24.885|DEBUG|ArtifactScraper|Parsing artifact substat: critrate+8.6%
2026-09-29 10:51:25.082|DEBUG|ArtifactScraper|Parsing artifact substat: elementalmastery+21
2026-09-29 10:51:25.082|DEBUG|ArtifactScraper|Parsing artifact substat: atk+58
2026-09-29 10:51:25.082|DEBUG|ArtifactScraper|Parsing artifact substat: energyrecharge+11.7%
2026-09-29 10:51:25.082|DEBUG|ArtifactScraper|Parsing artifact substat: def+5.8%
2026-09-29 10:51:26.792|DEBUG|ArtifactScraper|Scanning artifact page 2
2026-09-29 10:51:26.792|DEBUG|ArtifactScraper|Located 32 possible item locations on page.
2026-09-29 10:51:27.150|DEBUG|ArtifactScraper|Parsing artifact substat: def+46
2026-09-29 10:51:27.150|DEBUG|ArtifactScraper|Parsing artifact substat: atk+5.3%
2026-09-29 10:51:27.150|DEBUG|ArtifactScraper|Parsing artifact substat: critdmg+28.8%
2026-09-29 10:51:27.150|DEBUG|ArtifactScraper|Parsing artifact substat: hp+299
2026-09-29 10:51:27.441|DEBUG|ArtifactScraper|Parsing artifact substat: critrate+2.7%
2026-09-29 10:51:27.441|DEBUG|ArtifactScraper|Parsing artifact substat: energyrecharge+6.5%
2026-09-29 10:51:27.441|DEBUG|ArtifactScraper|Parsing artifact substat: critdmg+20.2%
2026-09-29 10:51:27.441|DEBUG|ArtifactScraper|Parsing artifact substat: atk+16.9%
2026-09-29 10:51:27.579|DEBUG|ArtifactScraper|Parsing artifact substat: def+32
2026-09-29 10:51:27.579|DEBUG|ArtifactScraper|Parsing artifact substat: energyrecharge+17.5%
2026-09-29 10:51:27.579|DEBUG|ArtifactScraper|Parsing artifact substat: critrate+6.6%
2026-09-29 10:51:27.579|DEBUG|ArtifactScraper|Parsing artifact substat: atk+18
2026-09-29 10:51:27.769|DEBUG|ArtifactScraper|Parsing artifact substat: atk+4.1%
2026-09-29 10:51:27.769|DEBUG|ArtifactScraper|Parsing artifact substat: hp+10.5%
2026-09-29 10:51:27.769|DEBUG|ArtifactScraper|Parsing artifact substat: atk+54
2026-09-29 10:51:27.769|DEBUG|ArtifactScraper|Parsing artifact substat: elementalmastery+42
2026-09-29 10:51:27.900|DEBUG|ArtifactScraper|Parsing artifact substat: critdmg+12.4%
2026-09-29 10:51:27.900|DEBUG|ArtifactScraper|Parsing artifact substat: critrate+12.4%
2026-09-29 10:51:27.900|DEBUG|ArtifactScraper|Parsing artifact substat: def+11.7%
2026-09-29 10:51:27.900|DEBUG|ArtifactScraper|Parsing artifact substat: hp+269
2026-09-29 10:51:28.090|DEBUG|ArtifactScraper|Parsing artifact substat: energyrecharge+4.5%
2026-09-29 10:51:28.090|DEBUG|ArtifactScraper|Parsing artifact substat: def+28.4%
2026-09-29 10:51:28.090|DEBUG|ArtifactScraper|Parsing artifact substat: hp+239
2026-09-29 10:51:28.090|DEBUG|ArtifactScraper|Parsing artifact substat: atk+4.7%
2026-09-29 10:51:28.220|DEBUG|ArtifactScraper|Parsing artifact substat: critdmg+17.1%
2026-09-29 10:51:28.220|DEBUG|ArtifactScraper|Parsing artifact substat: def+19.0%
2026-09-29 10:51:28.220|DEBUG|ArtifactScraper|Parsing artifact substat: hp+209
2026-09-29 10:51:28.220|DEBUG|ArtifactScraper|Parsing artifact substat: hp+8.7%
2026-09-29 10:51:28.410|DEBUG|ArtifactScraper|Parsing artifact substat: def+21
2026-09-29 10:51:28.410|DEBUG|ArtifactScraper|Parsing artifact substat: atk+16.3%
2026-09-29 10:51:28.410|DEBUG|ArtifactScraper|Parsing artifact substat: atk+33
2026-09-29 10:51:28.410|DEBUG|ArtifactScraper|Parsing artifact substat: hp+10.5%
2026-09-29 10:51:28.544|DEBUG|ArtifactScraper|Parsing artifact substat: def+58
2026-09-29 10:51:28.544|DEBUG|ArtifactScraper|Parsing artifact substat: atk+9.9%
2026-09-29 10:51:28.544|DEBUG|ArtifactScraper|Parsing artifact substat: hp+747
2026-09-29 10:51:28.544|DEBUG|ArtifactScraper|Parsing artifact substat: elementalmastery+23
2026-09-29 10:51:28.719|DEBUG|ArtifactScraper|Parsing artifact substat: critrate+10.1%
2026-09-29 10:51:28.719|DEBUG|ArtifactScraper|Parsing artifact substat: def+42
2026-09-29 10:51:28.719|DEBUG|ArtifactScraper|Parsing artifact substat: energyrecharge+11.0%
2026-09-29 10:51:28.719|DEBUG|ArtifactScraper|Parsing artifact substat: hp+4.7%
2026-09-29 10:51:29.045|DEBUG|ArtifactScraper|Parsing artifact substat: atk+53
2026-09-29 10:51:29.045|DEBUG|ArtifactScraper|Parsing artifact substat: elementalmastery+40
2026-09-29 10:51:29.045|DEBUG|ArtifactScraper|Parsing artifact substat: def+11.7%
2026-09-29 10:51:29.045|DEBUG|ArtifactScraper|Parsing artifact substat: energyrecharge+5.2%
2026-09-29 10:51:29.075|DEBUG|ArtifactScraper|Parsing artifact substat: atk+13.4%
2026-09-29 10:51:29.075|DEBUG|ArtifactScraper|Parsing artifact substat: critdmg+7.8%
2026-09-29 10:51:29.075|DEBUG|ArtifactScraper|Parsing artifact substat: def+19
2026-09-29 10:51:29.356|DEBUG|ArtifactScraper|Parsing artifact substat: atk+19
2026-09-29 10:51:29.356|DEBUG|ArtifactScraper|Parsing artifact substat: elementalmastery+42
2026-09-29 10:51:29.356|DEBUG|ArtifactScraper|Parsing artifact substat: energyrecharge+17.5%
2026-09-29 10:51:29.356|DEBUG|ArtifactScraper|Parsing artifact substat: atk+10.5%
2026-09-29 10:51:29.639|DEBUG|ArtifactScraper|Parsing artifact substat: hp+9.3%
2026-09-29 10:51:29.639|DEBUG|ArtifactScraper|Parsing artifact substat: elementalmastery+42
2026-09-29 10:51:29.639|DEBUG|ArtifactScraper|Parsing artifact substat: def+17.5%
2026-09-29 10:51:29.639|DEBUG|ArtifactScraper|Parsing artifact substat: def+16
2026-09-29 10:51:29.646|DEBUG|ArtifactScraper|Parsing artifact substat: critrate+7.4%
2026-09-29 10:51:29.646|DEBUG|ArtifactScraper|Parsing artifact substat: atk+33
2026-09-29 10:51:29.646|DEBUG|ArtifactScraper|Parsing artifact substat: energyrecharge+10.4%
2026-09-29 10:51:29.646|DEBUG|ArtifactScraper|Parsing artifact substat: hp+9.9%
2026-09-29 10:51:29.957|DEBUG|ArtifactScraper|Parsing artifact substat: atk+14.0%
2026-09-29 10:51:29.957|DEBUG|ArtifactScraper|Parsing artifact substat: critdmg+14.0%
2026-09-29 10:51:29.957|DEBUG|ArtifactScraper|Parsing artifact substat: def+63
2026-09-29 10:51:29.957|DEBUG|ArtifactScraper|Parsing artifact substat: elementalmastery+19
2026-09-29 10:51:29.957|DEBUG|ArtifactScraper|Parsing artifact substat: energyrecharge+11.7%
2026-09-29 10:51:29.957|DEBUG|ArtifactScraper|Parsing artifact substat: def+39
2026-09-29 10:51:29.957|DEBUG|ArtifactScraper|Parsing artifact substat: hp+538
2026-09-29 10:51:29.957|DEBUG|ArtifactScraper|Parsing artifact substat: hp+9.9%
2026-09-29 10:51:30.248|DEBUG|ArtifactScraper|Parsing artifact substat: hp+986
2026-09-29 10:51:30.248|DEBUG|ArtifactScraper|Parsing artifact substat: def+10.9%
2026-09-29 10:51:30.248|DEBUG|ArtifactScraper|Parsing artifact substat: atk+16
2026-09-29 10:51:30.248|DEBUG|ArtifactScraper|Parsing artifact substat: energyrecharge+4.5%
2026-09-29 10:51:30.284|DEBUG|ArtifactScraper|Parsing artifact substat: atk+29
2026-09-29 10:51:30.284|DEBUG|ArtifactScraper|Parsing artifact substat: def+19
2026-09-29 10:51:30.284|DEBUG|ArtifactScraper|Parsing artifact substat: critrate+13.6%
2026-09-29 10:51:30.284|DEBUG|ArtifactScraper|Parsing artifact substat: hp+239
2026-09-29 10:51:30.596|DEBUG|ArtifactScraper|Parsing artifact substat: def+16
2026-09-29 10:51:30.596|DEBUG|ArtifactScraper|Parsing artifact substat: atk+29
2026-09-29 10:51:30.596|DEBUG|ArtifactScraper|Parsing artifact substat: elementalmastery+63
2026-09-29 10:51:30.596|DEBUG|ArtifactScraper|Parsing artifact substat: critdmg+14.0%
2026-09-29 10:51:30.596|DEBUG|ArtifactScraper|Parsing artifact substat: def+60
2026-09-29 10:51:30.596|DEBUG|ArtifactScraper|Parsing artifact substat: critdmg+23.3%
2026-09-29 10:51:30.596|DEBUG|ArtifactScraper|Parsing artifact substat: hp+209
2026-09-29 10:51:30.596|DEBUG|ArtifactScraper|Parsing artifact substat: energyrecharge+5.8%
2026-09-29 10:51:30.886|DEBUG|ArtifactScraper|Parsing artifact substat: critrate+7.0%
2026-09-29 10:51:30.886|DEBUG|ArtifactScraper|Parsing artifact substat: def+7.3%
2026-09-29 10:51:30.886|DEBUG|ArtifactScraper|Parsing artifact substat: critdmg+12.4%
2026-09-29 10:51:30.886|DEBUG|ArtifactScraper|Parsing artifact substat: hp+13.4%
2026-09-29 10:51:30.927|DEBUG|ArtifactScraper|Parsing artifact substat: critdmg+13.2%
2026-09-29 10:51:30.927|DEBUG|ArtifactScraper|Parsing artifact substat: def+11.7%
2026-09-29 10:51:30.927|DEBUG|ArtifactScraper|Parsing artifact substat: def+23
2026-09-29 10:51:30.927|DEBUG|ArtifactScraper|Parsing artifact substat: hp+14.6%
2026-09-29 10:51:31.184|DEBUG|ArtifactScraper|Parsing artifact substat: elementalmastery+37
2026-09-29 10:51:31.184|DEBUG|ArtifactScraper|Parsing artifact substat: def+42
2026-09-29 10:51:31.184|DEBUG|ArtifactScraper|Parsing artifact substat: def+17.5%
2026-09-29 10:51:31.184|DEBUG|ArtifactScraper|Parsing artifact substat: energyrecharge+5.2%
2026-09-29 10:51:31.485|DEBUG|ArtifactScraper|Parsing artifact substat: def+18.2%
2026-09-29 10:51:31.485|DEBUG|ArtifactScraper|Parsing artifact substat: hp+747
2026-09-29 10:51:31.485|DEBUG|ArtifactScraper|Parsing artifact substat: critdmg+7.8%
2026-09-29 10:51:31.485|DEBUG|ArtifactScraper|Parsing artifact substat: critrate+6.2%
2026-09-29 10:51:31.521|DEBUG|ArtifactScraper|Parsing artifact substat: def+60
2026-09-29 10:51:31.521|DEBUG|ArtifactScraper|Parsing artifact substat: hp+448
2026-09-29 10:51:31.521|DEBUG|ArtifactScraper|Parsing artifact substat: critdmg+12.4%
2026-09-29 10:51:31.521|DEBUG|ArtifactScraper|Parsing artifact substat: atk+11.1%
2026-09-29 10:51:31.850|DEBUG|ArtifactScraper|Parsing artifact substat: elementalmastery+40
2026-09-29 10:51:31.850|DEBUG|ArtifactScraper|Parsing artifact substat: hp+299
2026-09-29 10:51:31.850|DEBUG|ArtifactScraper|Parsing artifact substat: def+12.4%
2026-09-29 10:51:31.850|DEBUG|ArtifactScraper|Parsing artifact substat: critdmg+18.7%
2026-09-29 10:51:31.850|DEBUG|ArtifactScraper|Parsing artifact substat: atk+27
2026-09-29 10:51:31.850|DEBUG|ArtifactScraper|Parsing artifact substat: critdmg+21.0%
2026-09-29 10:51:31.850|DEBUG|ArtifactScraper|Parsing artifact substat: def+21
2026-09-29 10:51:31.850|DEBUG|ArtifactScraper|Parsing artifact substat: hp+11.1%
2026-09-29 10:51:32.144|DEBUG|ArtifactScraper|Finished queuing page of artifacts. Scrolling...
2026-09-29 10:51:32.144|DEBUG|ArtifactScraper|Parsing artifact substat: atk+33
2026-09-29 10:51:32.144|DEBUG|ArtifactScraper|Parsing artifact substat: def+21
2026-09-29 10:51:32.144|DEBUG|ArtifactScraper|Parsing artifact substat: critrate+14.0%
2026-09-29 10:51:32.144|DEBUG|ArtifactScraper|Parsing artifact substat: elementalmastery+42
2026-09-29 10:51:32.248|DEBUG|ArtifactScraper|Parsing artifact substat: elementalmastery+42
2026-09-29 10:51:32.248|DEBUG|ArtifactScraper|Parsing artifact substat: energyrecharge+11.7%
2026-09-29 10:51:32.248|DEBUG|ArtifactScraper|Parsing artifact substat: hp+747
2026-09-29 10:51:32.248|DEBUG|ArtifactScraper|Parsing artifact substat: def+16
2026-09-29 10:51:32.542|DEBUG|ArtifactScraper|Parsing artifact substat: elementalmastery+70
2026-09-29 10:51:32.542|DEBUG|ArtifactScraper|Parsing artifact substat: critrate+7.8%
2026-09-29 10:51:32.542|DEBUG|ArtifactScraper|Parsing artifact substat: def+6.6%
2026-09-29 10:51:32.542|DEBUG|ArtifactScraper|Parsing artifact substat: atk+11.1%
2026-09-29 10:51:32.559|DEBUG|ArtifactScraper|Parsing artifact substat: critdmg+14.0%
2026-09-29 10:51:32.559|DEBUG|ArtifactScraper|Parsing artifact substat: elementalmastery+16
2026-09-29 10:51:32.559|DEBUG|ArtifactScraper|Parsing artifact substat: def+23
2026-09-29 10:51:32.559|DEBUG|ArtifactScraper|Parsing artifact substat: def+24.1%
2026-09-29 10:51:34.474|DEBUG|ArtifactScraper|Scanning artifact page 3
2026-09-29 10:51:34.474|DEBUG|ArtifactScraper|Located 32 possible item locations on page.
2026-09-29 10:51:34.890|DEBUG|ArtifactScraper|Parsing artifact substat: atk+33
2026-09-29 10:51:34.890|DEBUG|ArtifactScraper|Parsing artifact substat: hp+8.7%
2026-09-29 10:51:34.890|DEBUG|ArtifactScraper|Parsing artifact substat: critdmg+6.2%
2026-09-29 10:51:34.890|DEBUG|ArtifactScraper|Parsing artifact substat: energyrecharge+17.5%
2026-09-29 10:51:35.179|DEBUG|ArtifactScraper|Parsing artifact substat: critdmg+7.0%
2026-09-29 10:51:35.179|DEBUG|ArtifactScraper|Parsing artifact substat: atk+54
2026-09-29 10:51:35.179|DEBUG|ArtifactScraper|Parsing artifact substat: energyrecharge+12.3%
2026-09-29 10:51:35.179|DEBUG|ArtifactScraper|Parsing artifact substat: def+12.4%
2026-09-29 10:51:35.518|DEBUG|ArtifactScraper|Parsing artifact substat: energyrecharge+6.5%
2026-09-29 10:51:35.518|DEBUG|ArtifactScraper|Parsing artifact substat: def+86
2026-09-29 10:51:35.518|DEBUG|ArtifactScraper|Parsing artifact substat: hp+299
2026-09-29 10:51:35.518|DEBUG|ArtifactScraper|Parsing artifact substat: critrate+7.4%
2026-09-29 10:51:35.518|DEBUG|ArtifactScraper|Parsing artifact substat: atk+33
2026-09-29 10:51:35.518|DEBUG|ArtifactScraper|Parsing artifact substat: energyrecharge+16.2%
2026-09-29 10:51:35.518|DEBUG|ArtifactScraper|Parsing artifact substat: elementalmastery+40
2026-09-29 10:51:35.518|DEBUG|ArtifactScraper|Parsing artifact substat: hp+568
2026-09-29 10:51:35.800|DEBUG|ArtifactScraper|Parsing artifact substat: def+53
2026-09-29 10:51:35.800|DEBUG|ArtifactScraper|Parsing artifact substat: atk+8.7%
2026-09-29 10:51:35.800|DEBUG|ArtifactScraper|Parsing artifact substat: hp+717
2026-09-29 10:51:35.800|DEBUG|ArtifactScraper|Parsing artifact substat: critdmg+7.0%
2026-09-29 10:51:35.899|DEBUG|ArtifactScraper|Parsing artifact substat: elementalmastery+42
2026-09-29 10:51:35.899|DEBUG|ArtifactScraper|Parsing artifact substat: def+37
2026-09-29 10:51:35.899|DEBUG|ArtifactScraper|Parsing artifact substat: def+7.3%
2026-09-29 10:51:35.899|DEBUG|ArtifactScraper|Parsing artifact substat: atk+13.4%
2026-09-29 10:51:36.195|DEBUG|ArtifactScraper|Parsing artifact substat: critrate+10.1%
2026-09-29 10:51:36.195|DEBUG|ArtifactScraper|Parsing artifact substat: def+32
2026-09-29 10:51:36.195|DEBUG|ArtifactScraper|Parsing artifact substat: critdmg+21.0%
2026-09-29 10:51:36.195|DEBUG|ArtifactScraper|Parsing artifact substat: def+6.6%
2026-09-29 10:51:36.206|DEBUG|ArtifactScraper|Parsing artifact substat: atk+53
2026-09-29 10:51:36.206|DEBUG|ArtifactScraper|Parsing artifact substat: critdmg+6.2%
2026-09-29 10:51:36.206|DEBUG|ArtifactScraper|Parsing artifact substat: hp+508
2026-09-29 10:51:36.206|DEBUG|ArtifactScraper|Parsing artifact substat: energyrecharge+11.7%
2026-09-29 10:51:36.557|DEBUG|ArtifactScraper|Parsing artifact substat: atk+33
2026-09-29 10:51:36.557|DEBUG|ArtifactScraper|Parsing artifact substat: atk+12.8%
2026-09-29 10:51:36.557|DEBUG|ArtifactScraper|Parsing artifact substat: elementalmastery+47
2026-09-29 10:51:36.557|DEBUG|ArtifactScraper|Parsing artifact substat: critdmg+15.5%
2026-09-29 10:51:36.584|DEBUG|ArtifactScraper|Parsing artifact substat: elementalmastery+47
2026-09-29 10:51:36.584|DEBUG|ArtifactScraper|Parsing artifact substat: atk+19.8%
2026-09-29 10:51:36.584|DEBUG|ArtifactScraper|Parsing artifact substat: def+12.4%
2026-09-29 10:51:36.584|DEBUG|ArtifactScraper|Parsing artifact substat: hp+4.1%
2026-09-29 10:51:36.839|DEBUG|ArtifactScraper|Parsing artifact substat: elementalmastery+44
2026-09-29 10:51:36.839|DEBUG|ArtifactScraper|Parsing artifact substat: def+19
2026-09-29 10:51:36.839|DEBUG|ArtifactScraper|Parsing artifact substat: critdmg+13.2%
2026-09-29 10:51:36.839|DEBUG|ArtifactScraper|Parsing artifact substat: hp+717
2026-09-29 10:51:36.951|DEBUG|ArtifactScraper|Parsing artifact substat: atk+72
2026-09-29 10:51:36.951|DEBUG|ArtifactScraper|Parsing artifact substat: critdmg+7.8%
2026-09-29 10:51:36.951|DEBUG|ArtifactScraper|Parsing artifact substat: def+18.2%
2026-09-29 10:51:36.951|DEBUG|ArtifactScraper|Parsing artifact substat: energyrecharge+5.8%
2026-09-29 10:51:37.249|DEBUG|ArtifactScraper|Parsing artifact substat: def+81
2026-09-29 10:51:37.249|DEBUG|ArtifactScraper|Parsing artifact substat: elementalmastery+19
2026-09-29 10:51:37.249|DEBUG|ArtifactScraper|Parsing artifact substat: critrate+3.5%
2026-09-29 10:51:37.249|DEBUG|ArtifactScraper|Parsing artifact substat: atk+10.5%
2026-09-29 10:51:37.296|DEBUG|ArtifactScraper|Parsing artifact substat: critdmg+7.8%
2026-09-29 10:51:37.296|DEBUG|ArtifactScraper|Parsing artifact substat: def+16.0%
2026-09-29 10:51:37.296|DEBUG|ArtifactScraper|Parsing artifact substat: elementalmastery+42
2026-09-29 10:51:37.296|DEBUG|ArtifactScraper|Parsing artifact substat: critrate+7.0%
2026-09-29 10:51:37.409|DEBUG|ArtifactScraper|Parsing artifact substat: elementalmastery+84
2026-09-29 10:51:37.409|DEBUG|ArtifactScraper|Parsing artifact substat: critdmg+14.0%
2026-09-29 10:51:37.409|DEBUG|ArtifactScraper|Parsing artifact substat: atk+4.1%
2026-09-29 10:51:37.409|DEBUG|ArtifactScraper|Parsing artifact substat: def+19
2026-09-29 10:51:37.617|DEBUG|ArtifactScraper|Parsing artifact substat: hp+9.3%
2026-09-29 10:51:37.617|DEBUG|ArtifactScraper|Parsing artifact substat: atk+31
2026-09-29 10:51:37.617|DEBUG|ArtifactScraper|Parsing artifact substat: hp+508
2026-09-29 10:51:37.617|DEBUG|ArtifactScraper|Parsing artifact substat: def+37
2026-09-29 10:51:37.711|DEBUG|ArtifactScraper|Parsing artifact substat: critrate+9.3%
2026-09-29 10:51:37.711|DEBUG|ArtifactScraper|Parsing artifact substat: critdmg+29.5%
2026-09-29 10:51:37.711|DEBUG|ArtifactScraper|Parsing artifact substat: atk+19
2026-09-29 10:51:38.019|DEBUG|ArtifactScraper|Parsing artifact substat: atk+18
2026-09-29 10:51:38.019|DEBUG|ArtifactScraper|Parsing artifact substat: hp+717
2026-09-29 10:51:38.019|DEBUG|ArtifactScraper|Parsing artifact substat: def+16
2026-09-29 10:51:38.019|DEBUG|ArtifactScraper|Parsing artifact substat: atk+14.0%
2026-09-29 10:51:38.019|DEBUG|ArtifactScraper|Parsing artifact substat: def+39
2026-09-29 10:51:38.019|DEBUG|ArtifactScraper|Parsing artifact substat: energyrecharge+9.7%
2026-09-29 10:51:38.019|DEBUG|ArtifactScraper|Parsing artifact substat: elementalmastery+23
2026-09-29 10:51:38.019|DEBUG|ArtifactScraper|Parsing artifact substat: critrate+8.6%
2026-09-29 10:51:38.351|DEBUG|ArtifactScraper|Parsing artifact substat: critdmg+7.8%
2026-09-29 10:51:38.351|DEBUG|ArtifactScraper|Parsing artifact substat: def+58
2026-09-29 10:51:38.351|DEBUG|ArtifactScraper|Parsing artifact substat: atk+14.6%
2026-09-29 10:51:38.351|DEBUG|ArtifactScraper|Parsing artifact substat: critrate+2.7%
2026-09-29 10:51:38.386|DEBUG|ArtifactScraper|Parsing artifact substat: atk+51
2026-09-29 10:51:38.386|DEBUG|ArtifactScraper|Parsing artifact substat: hp+4.7%
2026-09-29 10:51:38.386|DEBUG|ArtifactScraper|Parsing artifact substat: critdmg+16.3%
2026-09-29 10:51:38.386|DEBUG|ArtifactScraper|Parsing artifact substat: def+44
2026-09-29 10:51:38.693|DEBUG|ArtifactScraper|Parsing artifact substat: atk+14
2026-09-29 10:51:38.693|DEBUG|ArtifactScraper|Parsing artifact substat: def+16.0%
2026-09-29 10:51:38.693|DEBUG|ArtifactScraper|Parsing artifact substat: energyrecharge+11.0%
2026-09-29 10:51:38.693|DEBUG|ArtifactScraper|Parsing artifact substat: hp+10.5%
2026-09-29 10:51:38.791|DEBUG|ArtifactScraper|Parsing artifact substat: elementalmastery+21
2026-09-29 10:51:38.791|DEBUG|ArtifactScraper|Parsing artifact substat: hp+13.4%
2026-09-29 10:51:38.791|DEBUG|ArtifactScraper|Parsing artifact substat: critdmg+13.2%
2026-09-29 10:51:38.791|DEBUG|ArtifactScraper|Parsing artifact substat: atk+37
2026-09-29 10:51:39.029|DEBUG|ArtifactScraper|Parsing artifact substat: energyrecharge+10.4%
2026-09-29 10:51:39.029|DEBUG|ArtifactScraper|Parsing artifact substat: atk+33
2026-09-29 10:51:39.029|DEBUG|ArtifactScraper|Parsing artifact substat: elementalmastery+44
2026-09-29 10:51:39.029|DEBUG|ArtifactScraper|Parsing artifact substat: def+12.4%
2026-09-29 10:51:39.173|DEBUG|ArtifactScraper|Parsing artifact substat: critrate+18.3%
2026-09-29 10:51:39.174|DEBUG|ArtifactScraper|Parsing artifact substat: critdmg+5.4%
2026-09-29 10:51:39.174|DEBUG|ArtifactScraper|Parsing artifact substat: def+42
2026-09-29 10:51:39.339|DEBUG|ArtifactScraper|Parsing artifact substat: atk+10.5%
2026-09-29 10:51:39.339|DEBUG|ArtifactScraper|Parsing artifact substat: def+46
2026-09-29 10:51:39.339|DEBUG|ArtifactScraper|Parsing artifact substat: hp+239
2026-09-29 10:51:39.339|DEBUG|ArtifactScraper|Parsing artifact substat: energyrecharge+22.0%
2026-09-29 10:51:39.549|DEBUG|ArtifactScraper|Parsing artifact substat: energyrecharge+14.2%
2026-09-29 10:51:39.549|DEBUG|ArtifactScraper|Parsing artifact substat: def+32
2026-09-29 10:51:39.549|DEBUG|ArtifactScraper|Parsing artifact substat: hp+538
2026-09-29 10:51:39.549|DEBUG|ArtifactScraper|Parsing artifact substat: critdmg+14.0%
2026-09-29 10:51:39.694|DEBUG|ArtifactScraper|Parsing artifact substat: critrate+6.6%
2026-09-29 10:51:39.694|DEBUG|ArtifactScraper|Parsing artifact substat: energyrecharge+10.4%
2026-09-29 10:51:39.694|DEBUG|ArtifactScraper|Parsing artifact substat: elementalmastery+56
2026-09-29 10:51:39.694|DEBUG|ArtifactScraper|Parsing artifact substat: def+39
2026-09-29 10:51:39.962|DEBUG|ArtifactScraper|Parsing artifact substat: hp+8.2%
2026-09-29 10:51:39.962|DEBUG|ArtifactScraper|Parsing artifact substat: critrate+3.5%
2026-09-29 10:51:39.962|DEBUG|ArtifactScraper|Parsing artifact substat: energyrecharge+9.1%
2026-09-29 10:51:39.962|DEBUG|ArtifactScraper|Parsing artifact substat: critdmg+22.5%
2026-09-29 10:51:39.986|DEBUG|ArtifactScraper|Parsing artifact substat: def+53
2026-09-29 10:51:39.987|DEBUG|ArtifactScraper|Parsing artifact substat: critrate+5.8%
2026-09-29 10:51:39.987|DEBUG|ArtifactScraper|Parsing artifact substat: elementalmastery+37
2026-09-29 10:51:39.987|DEBUG|ArtifactScraper|Parsing artifact substat: critdmg+7.8%
2026-09-29 10:51:40.007|DEBUG|ArtifactScraper|Finished queuing page of artifacts. Scrolling...
2026-09-29 10:51:40.306|DEBUG|ArtifactScraper|Parsing artifact substat: hp+4.1%
2026-09-29 10:51:40.306|DEBUG|ArtifactScraper|Parsing artifact substat: critrate+7.4%
2026-09-29 10:51:40.306|DEBUG|ArtifactScraper|Parsing artifact substat: critdmg+21.8%
2026-09-29 10:51:40.306|DEBUG|ArtifactScraper|Parsing artifact substat: atk+13.4%
2026-09-29 10:51:40.319|DEBUG|ArtifactScraper|Parsing artifact substat: def+24.1%
2026-09-29 10:51:40.319|DEBUG|ArtifactScraper|Parsing artifact substat: critdmg+7.0%
2026-09-29 10:51:40.319|DEBUG|ArtifactScraper|Parsing artifact substat: critrate+7.4%
2026-09-29 10:51:40.319|DEBUG|ArtifactScraper|Parsing artifact substat: atk+16
2026-09-29 10:51:42.457|DEBUG|ArtifactScraper|Scanning artifact page 4
2026-09-29 10:51:42.457|DEBUG|ArtifactScraper|Located 32 possible item locations on page.
2026-09-29 10:51:42.987|DEBUG|ArtifactScraper|Parsing artifact substat: elementalmastery+19
2026-09-29 10:51:42.987|DEBUG|ArtifactScraper|Parsing artifact substat: critrate+10.5%
2026-09-29 10:51:42.987|DEBUG|ArtifactScraper|Parsing artifact substat: energyrecharge+5.2%
2026-09-29 10:51:42.987|DEBUG|ArtifactScraper|Parsing artifact substat: atk+53
2026-09-29 10:51:43.179|DEBUG|ArtifactScraper|Parsing artifact substat: critrate+9.7%
2026-09-29 10:51:43.179|DEBUG|ArtifactScraper|Parsing artifact substat: elementalmastery+40
2026-09-29 10:51:43.179|DEBUG|ArtifactScraper|Parsing artifact substat: def+19
2026-09-29 10:51:43.179|DEBUG|ArtifactScraper|Parsing artifact substat: critdmg+14.8%
2026-09-29 10:51:43.279|DEBUG|ArtifactScraper|Parsing artifact substat: elementalmastery+37
2026-09-29 10:51:43.279|DEBUG|ArtifactScraper|Parsing artifact substat: def+37
2026-09-29 10:51:43.279|DEBUG|ArtifactScraper|Parsing artifact substat: atk+31
2026-09-29 10:51:43.279|DEBUG|ArtifactScraper|Parsing artifact substat: hp+747
2026-09-29 10:51:43.511|DEBUG|ArtifactScraper|Parsing artifact substat: def+42
2026-09-29 10:51:43.511|DEBUG|ArtifactScraper|Parsing artifact substat: hp+508
2026-09-29 10:51:43.511|DEBUG|ArtifactScraper|Parsing artifact substat: atk+9.3%
2026-09-29 10:51:43.511|DEBUG|ArtifactScraper|Parsing artifact substat: elementalmastery+42
2026-09-29 10:51:43.593|DEBUG|ArtifactScraper|Parsing artifact substat: atk+5.8%
2026-09-29 10:51:43.593|DEBUG|ArtifactScraper|Parsing artifact substat: critdmg+7.8%
2026-09-29 10:51:43.593|DEBUG|ArtifactScraper|Parsing artifact substat: atk+53
2026-09-29 10:51:43.593|DEBUG|ArtifactScraper|Parsing artifact substat: def+19.7%
2026-09-29 10:51:43.885|DEBUG|ArtifactScraper|Parsing artifact substat: critrate+8.6%
2026-09-29 10:51:43.885|DEBUG|ArtifactScraper|Parsing artifact substat: energyrecharge+13.0%
2026-09-29 10:51:43.885|DEBUG|ArtifactScraper|Parsing artifact substat: def+12.4%
2026-09-29 10:51:43.885|DEBUG|ArtifactScraper|Parsing artifact substat: atk+4.7%
2026-09-29 10:51:43.981|DEBUG|ArtifactScraper|Parsing artifact substat: hp+986
2026-09-29 10:51:43.981|DEBUG|ArtifactScraper|Parsing artifact substat: critrate+6.6%
2026-09-29 10:51:43.981|DEBUG|ArtifactScraper|Parsing artifact substat: atk+9.9%
2026-09-29 10:51:43.981|DEBUG|ArtifactScraper|Parsing artifact substat: energyrecharge+6.5%
2026-09-29 10:51:44.167|DEBUG|ArtifactScraper|Parsing artifact substat: atk+37
2026-09-29 10:51:44.167|DEBUG|ArtifactScraper|Parsing artifact substat: hp+717
2026-09-29 10:51:44.167|DEBUG|ArtifactScraper|Parsing artifact substat: hp+8.7%
2026-09-29 10:51:44.167|DEBUG|ArtifactScraper|Parsing artifact substat: critdmg+12.4%
2026-09-29 10:51:44.363|DEBUG|ArtifactScraper|Parsing artifact substat: critrate+3.9%
2026-09-29 10:51:44.363|DEBUG|ArtifactScraper|Parsing artifact substat: atk+5.8%
2026-09-29 10:51:44.363|DEBUG|ArtifactScraper|Parsing artifact substat: atk+33
2026-09-29 10:51:44.363|DEBUG|ArtifactScraper|Parsing artifact substat: critdmg+31.9%
2026-09-29 10:51:44.531|DEBUG|ArtifactScraper|Parsing artifact substat: atk+35
2026-09-29 10:51:44.531|DEBUG|ArtifactScraper|Parsing artifact substat: elementalmastery+40
2026-09-29 10:51:44.531|DEBUG|ArtifactScraper|Parsing artifact substat: hp+209
2026-09-29 10:51:44.531|DEBUG|ArtifactScraper|Parsing artifact substat: critdmg+21.0%
2026-09-29 10:51:44.749|DEBUG|ArtifactScraper|Parsing artifact substat: def+16.8%
2026-09-29 10:51:44.749|DEBUG|ArtifactScraper|Parsing artifact substat: critrate+7.0%
2026-09-29 10:51:44.749|DEBUG|ArtifactScraper|Parsing artifact substat: critdmg+7.8%
2026-09-29 10:51:44.749|DEBUG|ArtifactScraper|Parsing artifact substat: hp+448
2026-09-29 10:51:44.814|DEBUG|ArtifactScraper|Parsing artifact substat: critrate+7.8%
2026-09-29 10:51:44.814|DEBUG|ArtifactScraper|Parsing artifact substat: def+32
2026-09-29 10:51:44.814|DEBUG|ArtifactScraper|Parsing artifact substat: elementalmastery+47
2026-09-29 10:51:44.814|DEBUG|ArtifactScraper|Parsing artifact substat: critdmg+14.8%
2026-09-29 10:51:45.100|DEBUG|ArtifactScraper|Parsing artifact substat: def+65
2026-09-29 10:51:45.100|DEBUG|ArtifactScraper|Parsing artifact substat: def+19.0%
2026-09-29 10:51:45.100|DEBUG|ArtifactScraper|Parsing artifact substat: atk+18
2026-09-29 10:51:45.100|DEBUG|ArtifactScraper|Parsing artifact substat: critrate+2.7%
2026-09-29 10:51:45.160|DEBUG|ArtifactScraper|Parsing artifact substat: hp+687
2026-09-29 10:51:45.160|DEBUG|ArtifactScraper|Parsing artifact substat: def+37
2026-09-29 10:51:45.160|DEBUG|ArtifactScraper|Parsing artifact substat: elementalmastery+21
2026-09-29 10:51:45.160|DEBUG|ArtifactScraper|Parsing artifact substat: atk+14.6%
2026-09-29 10:51:45.436|DEBUG|ArtifactScraper|Parsing artifact substat: hp+209
2026-09-29 10:51:45.436|DEBUG|ArtifactScraper|Parsing artifact substat: elementalmastery+16
2026-09-29 10:51:45.436|DEBUG|ArtifactScraper|Parsing artifact substat: hp+15.2%
2026-09-29 10:51:45.436|DEBUG|ArtifactScraper|Parsing artifact substat: atk+45
2026-09-29 10:51:45.578|DEBUG|ArtifactScraper|Parsing artifact substat: hp+508
2026-09-29 10:51:45.578|DEBUG|ArtifactScraper|Parsing artifact substat: critrate+7.0%
2026-09-29 10:51:45.578|DEBUG|ArtifactScraper|Parsing artifact substat: energyrecharge+16.8%
2026-09-29 10:51:45.578|DEBUG|ArtifactScraper|Parsing artifact substat: elementalmastery+19
2026-09-29 10:51:45.703|DEBUG|ArtifactScraper|Parsing artifact substat: atk+19
2026-09-29 10:51:45.703|DEBUG|ArtifactScraper|Parsing artifact substat: critrate+7.8%
2026-09-29 10:51:45.703|DEBUG|ArtifactScraper|Parsing artifact substat: hp+21.0%
2026-09-29 10:51:45.703|DEBUG|ArtifactScraper|Parsing artifact substat: def+5.8%
2026-09-29 10:51:45.953|DEBUG|ArtifactScraper|Parsing artifact substat: def+37
2026-09-29 10:51:45.953|DEBUG|ArtifactScraper|Parsing artifact substat: critdmg+14.0%
2026-09-29 10:51:45.953|DEBUG|ArtifactScraper|Parsing artifact substat: elementalmastery+42
2026-09-29 10:51:45.953|DEBUG|ArtifactScraper|Parsing artifact substat: atk+35
2026-09-29 10:51:46.048|DEBUG|ArtifactScraper|Parsing artifact substat: critdmg+11.7%
2026-09-29 10:51:46.048|DEBUG|ArtifactScraper|Parsing artifact substat: def+58
2026-09-29 10:51:46.048|DEBUG|ArtifactScraper|Parsing artifact substat: hp+4.1%
2026-09-29 10:51:46.048|DEBUG|ArtifactScraper|Parsing artifact substat: critrate+6.6%
2026-09-29 10:51:46.313|DEBUG|ArtifactScraper|Parsing artifact substat: def+60
2026-09-29 10:51:46.313|DEBUG|ArtifactScraper|Parsing artifact substat: atk+5.3%
2026-09-29 10:51:46.313|DEBUG|ArtifactScraper|Parsing artifact substat: def+23.3%
2026-09-29 10:51:46.313|DEBUG|ArtifactScraper|Parsing artifact substat: elementalmastery+21
2026-09-29 10:51:46.469|DEBUG|ArtifactScraper|Parsing artifact substat: critdmg+23.3%
2026-09-29 10:51:46.469|DEBUG|ArtifactScraper|Parsing artifact substat: energyrecharge+11.0%
2026-09-29 10:51:46.469|DEBUG|ArtifactScraper|Parsing artifact substat: hp+11.7%
2026-09-29 10:51:46.469|DEBUG|ArtifactScraper|Parsing artifact substat: elementalmastery+19
2026-09-29 10:51:46.612|DEBUG|ArtifactScraper|Parsing artifact substat: def+58
2026-09-29 10:51:46.612|DEBUG|ArtifactScraper|Parsing artifact substat: energyrecharge+14.9%
2026-09-29 10:51:46.612|DEBUG|ArtifactScraper|Parsing artifact substat: critdmg+6.2%
2026-09-29 10:51:46.612|DEBUG|ArtifactScraper|Parsing artifact substat: atk+9.9%
2026-09-29 10:51:46.843|DEBUG|ArtifactScraper|Parsing artifact substat: hp+478
2026-09-29 10:51:46.843|DEBUG|ArtifactScraper|Parsing artifact substat: def+19.0%
2026-09-29 10:51:46.843|DEBUG|ArtifactScraper|Parsing artifact substat: def+19
2026-09-29 10:51:46.843|DEBUG|ArtifactScraper|Parsing artifact substat: energyrecharge+16.2%
2026-09-29 10:51:46.989|DEBUG|ArtifactScraper|Parsing artifact substat: hp+9.9%
2026-09-29 10:51:46.989|DEBUG|ArtifactScraper|Parsing artifact substat: critrate+10.5%
2026-09-29 10:51:46.989|DEBUG|ArtifactScraper|Parsing artifact substat: energyrecharge+14.9%
2026-09-29 10:51:46.989|DEBUG|ArtifactScraper|Parsing artifact substat: def+21
2026-09-29 10:51:47.280|DEBUG|ArtifactScraper|Parsing artifact substat: def+35
2026-09-29 10:51:47.280|DEBUG|ArtifactScraper|Parsing artifact substat: elementalmastery+44
2026-09-29 10:51:47.280|DEBUG|ArtifactScraper|Parsing artifact substat: critdmg+17.9%
2026-09-29 10:51:47.280|DEBUG|ArtifactScraper|Parsing artifact substat: hp+209
2026-09-29 10:51:47.305|DEBUG|ArtifactScraper|Parsing artifact substat: hp+986
2026-09-29 10:51:47.305|DEBUG|ArtifactScraper|Parsing artifact substat: hp+4.1%
2026-09-29 10:51:47.305|DEBUG|ArtifactScraper|Parsing artifact substat: critdmg+5.4%
2026-09-29 10:51:47.305|DEBUG|ArtifactScraper|Parsing artifact substat: def+37
2026-09-29 10:51:47.438|DEBUG|ArtifactScraper|Parsing artifact substat: critrate+3.5%
2026-09-29 10:51:47.438|DEBUG|ArtifactScraper|Parsing artifact substat: critdmg+21.8%
2026-09-29 10:51:47.438|DEBUG|ArtifactScraper|Parsing artifact substat: atk+33
2026-09-29 10:51:47.438|DEBUG|ArtifactScraper|Parsing artifact substat: energyrecharge+16.8%
2026-09-29 10:51:47.689|DEBUG|ArtifactScraper|Parsing artifact substat: def+63
2026-09-29 10:51:47.689|DEBUG|ArtifactScraper|Parsing artifact substat: energyrecharge+11.0%
2026-09-29 10:51:47.690|DEBUG|ArtifactScraper|Parsing artifact substat: critdmg+15.5%
2026-09-29 10:51:47.690|DEBUG|ArtifactScraper|Parsing artifact substat: atk+14
2026-09-29 10:51:47.860|DEBUG|ArtifactScraper|Parsing artifact substat: hp+299
2026-09-29 10:51:47.861|DEBUG|ArtifactScraper|Parsing artifact substat: atk+19.2%
2026-09-29 10:51:47.861|DEBUG|ArtifactScraper|Parsing artifact substat: atk+29
2026-09-29 10:51:47.861|DEBUG|ArtifactScraper|Parsing artifact substat: elementalmastery+35
2026-09-29 10:51:47.905|DEBUG|ArtifactScraper|Finished queuing page of artifacts. Scrolling...
2026-09-29 10:51:48.025|DEBUG|ArtifactScraper|Parsing artifact substat: energyrecharge+4.5%
2026-09-29 10:51:48.025|DEBUG|ArtifactScraper|Parsing artifact substat: hp+657
2026-09-29 10:51:48.025|DEBUG|ArtifactScraper|Parsing artifact substat: critrate+6.6%
2026-09-29 10:51:48.025|DEBUG|ArtifactScraper|Parsing artifact substat: atk+35
2026-09-29 10:51:48.151|DEBUG|ArtifactScraper|Parsing artifact substat: energyrecharge+10.4%
2026-09-29 10:51:48.151|DEBUG|ArtifactScraper|Parsing artifact substat: def+19.0%
2026-09-29 10:51:48.151|DEBUG|ArtifactScraper|Parsing artifact substat: critdmg+6.2%
2026-09-29 10:51:48.151|DEBUG|ArtifactScraper|Parsing artifact substat: def+44
2026-09-29 10:51:48.235|DEBUG|ArtifactScraper|Parsing artifact substat: hp+239
2026-09-29 10:51:48.235|DEBUG|ArtifactScraper|Parsing artifact substat: def+21
2026-09-29 10:51:48.235|DEBUG|ArtifactScraper|Parsing artifact substat: elementalmastery+70
2026-09-29 10:51:48.235|DEBUG|ArtifactScraper|Parsing artifact substat: atk+33
2026-09-29 10:51:49.929|DEBUG|ArtifactScraper|Scanning artifact page 5
2026-09-29 10:51:49.929|DEBUG|ArtifactScraper|Located 32 possible item locations on page.
2026-09-29 10:51:50.408|DEBUG|ArtifactScraper|Parsing artifact substat: def+14.6%
2026-09-29 10:51:50.408|DEBUG|ArtifactScraper|Parsing artifact substat: def+42
2026-09-29 10:51:50.408|DEBUG|ArtifactScraper|Parsing artifact substat: hp+777
2026-09-29 10:51:50.408|DEBUG|ArtifactScraper|Parsing artifact substat: elementalmastery+19
2026-09-29 10:51:50.513|DEBUG|ArtifactScraper|Parsing artifact substat: def+35
2026-09-29 10:51:50.513|DEBUG|ArtifactScraper|Parsing artifact substat: energyrecharge+12.3%
2026-09-29 10:51:50.513|DEBUG|ArtifactScraper|Parsing artifact substat: hp+956
2026-09-29 10:51:50.513|DEBUG|ArtifactScraper|Parsing artifact substat: atk+5.3%
2026-09-29 10:51:50.719|DEBUG|ArtifactScraper|Parsing artifact substat: hp+10.5%
2026-09-29 10:51:50.719|DEBUG|ArtifactScraper|Parsing artifact substat: elementalmastery+40
2026-09-29 10:51:50.719|DEBUG|ArtifactScraper|Parsing artifact substat: def+44
2026-09-29 10:51:50.719|DEBUG|ArtifactScraper|Parsing artifact substat: energyrecharge+14.9%
2026-09-29 10:51:50.863|DEBUG|ArtifactScraper|Parsing artifact substat: critrate+6.2%
2026-09-29 10:51:50.863|DEBUG|ArtifactScraper|Parsing artifact substat: energyrecharge+11.0%
2026-09-29 10:51:50.863|DEBUG|ArtifactScraper|Parsing artifact substat: critdmg+11.7%
2026-09-29 10:51:50.863|DEBUG|ArtifactScraper|Parsing artifact substat: def+56
2026-09-29 10:51:51.031|DEBUG|ArtifactScraper|Parsing artifact substat: hp+478
2026-09-29 10:51:51.031|DEBUG|ArtifactScraper|Parsing artifact substat: hp+9.3%
2026-09-29 10:51:51.031|DEBUG|ArtifactScraper|Parsing artifact substat: energyrecharge+5.2%
2026-09-29 10:51:51.031|DEBUG|ArtifactScraper|Parsing artifact substat: elementalmastery+63
2026-09-29 10:51:51.353|DEBUG|ArtifactScraper|Parsing artifact substat: energyrecharge+11.0%
2026-09-29 10:51:51.353|DEBUG|ArtifactScraper|Parsing artifact substat: hp+14.0%
2026-09-29 10:51:51.353|DEBUG|ArtifactScraper|Parsing artifact substat: def+12.4%
2026-09-29 10:51:51.353|DEBUG|ArtifactScraper|Parsing artifact substat: atk+19
2026-09-29 10:51:51.353|DEBUG|ArtifactScraper|Parsing artifact substat: critrate+14.4%
2026-09-29 10:51:51.353|DEBUG|ArtifactScraper|Parsing artifact substat: elementalmastery+16
2026-09-29 10:51:51.353|DEBUG|ArtifactScraper|Parsing artifact substat: hp+538
2026-09-29 10:51:51.353|DEBUG|ArtifactScraper|Parsing artifact substat: def+42
2026-09-29 10:51:51.628|DEBUG|ArtifactScraper|Parsing artifact substat: hp+299
2026-09-29 10:51:51.628|DEBUG|ArtifactScraper|Parsing artifact substat: hp+11.1%
2026-09-29 10:51:51.628|DEBUG|ArtifactScraper|Parsing artifact substat: atk+13.4%
2026-09-29 10:51:51.628|DEBUG|ArtifactScraper|Parsing artifact substat: elementalmastery+68
2026-09-29 10:51:51.941|DEBUG|ArtifactScraper|Parsing artifact substat: hp+747
2026-09-29 10:51:51.941|DEBUG|ArtifactScraper|Parsing artifact substat: hp+5.3%
2026-09-29 10:51:51.941|DEBUG|ArtifactScraper|Parsing artifact substat: critrate+9.3%
2026-09-29 10:51:51.941|DEBUG|ArtifactScraper|Parsing artifact substat: hp+747
2026-09-29 10:51:51.941|DEBUG|ArtifactScraper|Parsing artifact substat: energyrecharge+6.5%
2026-09-29 10:51:51.941|DEBUG|ArtifactScraper|Parsing artifact substat: def+16
2026-09-29 10:51:52.279|DEBUG|ArtifactScraper|Parsing artifact substat: def+69
2026-09-29 10:51:52.279|DEBUG|ArtifactScraper|Parsing artifact substat: energyrecharge+12.3%
2026-09-29 10:51:52.279|DEBUG|ArtifactScraper|Parsing artifact substat: elementalmastery+58
2026-09-29 10:51:52.279|DEBUG|ArtifactScraper|Parsing artifact substat: critrate+3.1%
2026-09-29 10:51:52.289|DEBUG|ArtifactScraper|Parsing artifact substat: critrate+18.3%
2026-09-29 10:51:52.289|DEBUG|ArtifactScraper|Parsing artifact substat: hp+11.7%
2026-09-29 10:51:52.289|DEBUG|ArtifactScraper|Parsing artifact substat: atk+14
2026-09-29 10:51:52.289|DEBUG|ArtifactScraper|Parsing artifact substat: critdmg+7.0%
2026-09-29 10:51:52.541|DEBUG|ArtifactScraper|Parsing artifact substat: hp+8.2%
2026-09-29 10:51:52.541|DEBUG|ArtifactScraper|Parsing artifact substat: hp+239
2026-09-29 10:51:52.541|DEBUG|ArtifactScraper|Parsing artifact substat: atk+70
2026-09-29 10:51:52.541|DEBUG|ArtifactScraper|Parsing artifact substat: critrate+3.1%
2026-09-29 10:51:52.626|DEBUG|ArtifactScraper|Parsing artifact substat: def+39
2026-09-29 10:51:52.626|DEBUG|ArtifactScraper|Parsing artifact substat: critdmg+17.1%
2026-09-29 10:51:52.626|DEBUG|ArtifactScraper|Parsing artifact substat: hp+13.4%
2026-09-29 10:51:52.627|DEBUG|ArtifactScraper|Parsing artifact substat: hp+209
2026-09-29 10:51:52.885|DEBUG|ArtifactScraper|Parsing artifact substat: def+19.7%
2026-09-29 10:51:52.885|DEBUG|ArtifactScraper|Parsing artifact substat: energyrecharge+11.7%
2026-09-29 10:51:52.885|DEBUG|ArtifactScraper|Parsing artifact substat: def+19
2026-09-29 10:51:52.885|DEBUG|ArtifactScraper|Parsing artifact substat: hp+478
2026-09-29 10:51:52.976|DEBUG|ArtifactScraper|Parsing artifact substat: energyrecharge+10.4%
2026-09-29 10:51:52.976|DEBUG|ArtifactScraper|Parsing artifact substat: hp+807
2026-09-29 10:51:52.976|DEBUG|ArtifactScraper|Parsing artifact substat: critrate+3.9%
2026-09-29 10:51:52.976|DEBUG|ArtifactScraper|Parsing artifact substat: def+60
2026-09-29 10:51:53.143|DEBUG|ArtifactScraper|Parsing artifact substat: def+14.6%
2026-09-29 10:51:53.143|DEBUG|ArtifactScraper|Parsing artifact substat: atk+8.7%
2026-09-29 10:51:53.143|DEBUG|ArtifactScraper|Parsing artifact substat: atk+33
2026-09-29 10:51:53.143|DEBUG|ArtifactScraper|Parsing artifact substat: def+37
2026-09-29 10:51:53.337|DEBUG|ArtifactScraper|Parsing artifact substat: def+60
2026-09-29 10:51:53.337|DEBUG|ArtifactScraper|Parsing artifact substat: elementalmastery+44
2026-09-29 10:51:53.337|DEBUG|ArtifactScraper|Parsing artifact substat: critrate+6.2%
2026-09-29 10:51:53.337|DEBUG|ArtifactScraper|Parsing artifact substat: atk+4.7%
2026-09-29 10:51:53.479|DEBUG|ArtifactScraper|Parsing artifact substat: atk+8.7%
2026-09-29 10:51:53.479|DEBUG|ArtifactScraper|Parsing artifact substat: atk+31
2026-09-29 10:51:53.479|DEBUG|ArtifactScraper|Parsing artifact substat: hp+16.9%
2026-09-29 10:51:53.479|DEBUG|ArtifactScraper|Parsing artifact substat: hp+418
2026-09-29 10:51:53.669|DEBUG|ArtifactScraper|Parsing artifact substat: atk+18
2026-09-29 10:51:53.669|DEBUG|ArtifactScraper|Parsing artifact substat: critdmg+13.2%
2026-09-29 10:51:53.669|DEBUG|ArtifactScraper|Parsing artifact substat: def+5.1%
2026-09-29 10:51:53.669|DEBUG|ArtifactScraper|Parsing artifact substat: hp+22.2%
2026-09-29 10:51:53.827|DEBUG|ArtifactScraper|Parsing artifact substat: atk+9.9%
2026-09-29 10:51:53.827|DEBUG|ArtifactScraper|Parsing artifact substat: hp+5.8%
2026-09-29 10:51:53.827|DEBUG|ArtifactScraper|Parsing artifact substat: critrate+10.5%
2026-09-29 10:51:53.827|DEBUG|ArtifactScraper|Parsing artifact substat: elementalmastery+40
2026-09-29 10:51:54.007|DEBUG|ArtifactScraper|Parsing artifact substat: critrate+10.9%
2026-09-29 10:51:54.007|DEBUG|ArtifactScraper|Parsing artifact substat: critdmg+12.4%
2026-09-29 10:51:54.007|DEBUG|ArtifactScraper|Parsing artifact substat: hp+508
2026-09-29 10:51:54.007|DEBUG|ArtifactScraper|Parsing artifact substat: energyrecharge+5.8%
2026-09-29 10:51:54.133|DEBUG|ArtifactScraper|Parsing artifact substat: hp+478
2026-09-29 10:51:54.133|DEBUG|ArtifactScraper|Parsing artifact substat: hp+9.3%
2026-09-29 10:51:54.133|DEBUG|ArtifactScraper|Parsing artifact substat: critdmg+7.8%
2026-09-29 10:51:54.133|DEBUG|ArtifactScraper|Parsing artifact substat: def+58
2026-09-29 10:51:54.328|DEBUG|ArtifactScraper|Parsing artifact substat: critrate+3.5%
2026-09-29 10:51:54.328|DEBUG|ArtifactScraper|Parsing artifact substat: atk+31
2026-09-29 10:51:54.328|DEBUG|ArtifactScraper|Parsing artifact substat: atk+15.2%
2026-09-29 10:51:54.328|DEBUG|ArtifactScraper|Parsing artifact substat: hp+9.9%
2026-09-29 10:51:54.501|DEBUG|ArtifactScraper|Parsing artifact substat: def+20.4%
2026-09-29 10:51:54.501|DEBUG|ArtifactScraper|Parsing artifact substat: critdmg+7.0%
2026-09-29 10:51:54.501|DEBUG|ArtifactScraper|Parsing artifact substat: energyrecharge+9.1%
2026-09-29 10:51:54.501|DEBUG|ArtifactScraper|Parsing artifact substat: hp+9.3%
2026-09-29 10:51:54.710|DEBUG|ArtifactScraper|Parsing artifact substat: elementalmastery+44
2026-09-29 10:51:54.710|DEBUG|ArtifactScraper|Parsing artifact substat: critrate+3.9%
2026-09-29 10:51:54.710|DEBUG|ArtifactScraper|Parsing artifact substat: critdmg+13.2%
2026-09-29 10:51:54.710|DEBUG|ArtifactScraper|Parsing artifact substat: hp+747
2026-09-29 10:51:54.840|DEBUG|ArtifactScraper|Parsing artifact substat: energyrecharge+5.8%
2026-09-29 10:51:54.840|DEBUG|ArtifactScraper|Parsing artifact substat: def+16
2026-09-29 10:51:54.840|DEBUG|ArtifactScraper|Parsing artifact substat: critrate+10.5%
2026-09-29 10:51:54.840|DEBUG|ArtifactScraper|Parsing artifact substat: atk+47
2026-09-29 10:51:55.068|DEBUG|ArtifactScraper|Parsing artifact substat: def+12.4%
2026-09-29 10:51:55.068|DEBUG|ArtifactScraper|Parsing artifact substat: critrate+9.3%
2026-09-29 10:51:55.068|DEBUG|ArtifactScraper|Parsing artifact substat: critdmg+7.8%
2026-09-29 10:51:55.068|DEBUG|ArtifactScraper|Parsing artifact substat: atk+10.5%
2026-09-29 10:51:55.177|DEBUG|ArtifactScraper|Parsing artifact substat: hp+239
2026-09-29 10:51:55.177|DEBUG|ArtifactScraper|Parsing artifact substat: def+16
2026-09-29 10:51:55.177|DEBUG|ArtifactScraper|Parsing artifact substat: hp+11.7%
2026-09-29 10:51:55.177|DEBUG|ArtifactScraper|Parsing artifact substat: atk+86
2026-09-29 10:51:55.311|DEBUG|ArtifactScraper|Parsing artifact substat: def+35
2026-09-29 10:51:55.311|DEBUG|ArtifactScraper|Parsing artifact substat: atk+4.7%
2026-09-29 10:51:55.311|DEBUG|ArtifactScraper|Parsing artifact substat: hp+926
2026-09-29 10:51:55.311|DEBUG|ArtifactScraper|Parsing artifact substat: critdmg+14.0%
2026-09-29 10:51:55.366|DEBUG|ArtifactScraper|Finished queuing page of artifacts. Scrolling...
2026-09-29 10:51:55.526|DEBUG|ArtifactScraper|Parsing artifact substat: energyrecharge+6.5%
2026-09-29 10:51:55.526|DEBUG|ArtifactScraper|Parsing artifact substat: atk+14.6%
2026-09-29 10:51:55.526|DEBUG|ArtifactScraper|Parsing artifact substat: def+63
2026-09-29 10:51:55.526|DEBUG|ArtifactScraper|Parsing artifact substat: critdmg+7.8%
2026-09-29 10:51:55.627|DEBUG|ArtifactScraper|Parsing artifact substat: def+21
2026-09-29 10:51:55.627|DEBUG|ArtifactScraper|Parsing artifact substat: hp+9.9%
2026-09-29 10:51:55.627|DEBUG|ArtifactScraper|Parsing artifact substat: atk+31
2026-09-29 10:51:55.627|DEBUG|ArtifactScraper|Parsing artifact substat: energyrecharge+9.7%
2026-09-29 10:51:57.416|DEBUG|ArtifactScraper|Scanning artifact page 6
2026-09-29 10:51:57.416|DEBUG|ArtifactScraper|Located 32 possible item locations on page.
2026-09-29 10:51:57.919|DEBUG|ArtifactScraper|Parsing artifact substat: critrate+6.2%
2026-09-29 10:51:57.919|DEBUG|ArtifactScraper|Parsing artifact substat: critdmg+7.8%
2026-09-29 10:51:57.919|DEBUG|ArtifactScraper|Parsing artifact substat: energyrecharge+10.4%
2026-09-29 10:51:58.037|DEBUG|ArtifactScraper|Parsing artifact substat: he+1371
2026-09-29 10:51:58.037|DEBUG|ArtifactScraper|Parsing artifact substat: energyrecharge+4.1%
2026-09-29 10:51:58.037|DEBUG|ArtifactScraper|Parsing artifact substat: hp+7.9%
2026-09-29 10:51:58.269|DEBUG|ArtifactScraper|Parsing artifact substat: energyrecharge+6.67o
2026-09-29 10:51:58.269|DEBUG|ArtifactScraper|Parsing artifact substat: hp+382
2026-09-29 10:51:58.269|DEBUG|ArtifactScraper|Parsing artifact substat: def+17
2026-09-29 10:51:58.418|DEBUG|ArtifactScraper|Parsing artifact substat: lh11rate+4.47o
2026-09-29 10:51:58.418|DEBUG|ArtifactScraper|Failed to parse stat from: lh11rate+4.47o
2026-09-29 10:51:58.418|DEBUG|ArtifactScraper|Parsing artifact substat: atk+11
2026-09-29 10:51:58.418|DEBUG|ArtifactScraper|Parsing artifact substat: hp+7.9%
2026-09-29 10:51:58.555|DEBUG|ArtifactScraper|Parsing artifact substat: uef+i19
2026-09-29 10:51:58.555|DEBUG|ArtifactScraper|Failed to parse stat from: uef+i19
2026-09-29 10:51:58.555|DEBUG|ArtifactScraper|Parsing artifact substat: atk+37
2026-09-29 10:51:58.555|DEBUG|ArtifactScraper|Parsing artifact substat: elementalmastery+26
2026-09-29 10:51:58.772|DEBUG|ArtifactScraper|Parsing artifact substat: uef+iu.o7o
2026-09-29 10:51:58.772|DEBUG|ArtifactScraper|Failed to parse stat from: uef+iu.o7o
2026-09-29 10:51:58.772|DEBUG|ArtifactScraper|Parsing artifact substat: critrate+5.9%
2026-09-29 10:51:58.772|DEBUG|ArtifactScraper|Parsing artifact substat: elementalmastery+15
2026-09-29 10:51:58.866|DEBUG|ArtifactScraper|Parsing artifact substat: alrti14
2026-09-29 10:51:58.866|DEBUG|ArtifactScraper|Failed to parse stat from: alrti14
2026-09-29 10:51:58.866|DEBUG|ArtifactScraper|Parsing artifact substat: hp+191
2026-09-29 10:51:58.866|DEBUG|ArtifactScraper|Parsing artifact substat: hp+7.5%
2026-09-29 10:51:59.100|DEBUG|ArtifactScraper|Parsing artifact substat: def+30
2026-09-29 10:51:59.100|DEBUG|ArtifactScraper|Parsing artifact substat: atk+4.7%
2026-09-29 10:51:59.438|DEBUG|ArtifactScraper|Parsing artifact substat: chl1duimilb+to.u7o
2026-09-29 10:51:59.438|DEBUG|ArtifactScraper|Failed to parse stat from: chl1duimilb+to.u7o
2026-09-29 10:51:59.438|DEBUG|ArtifactScraper|Parsing artifact substat: energyrecharge+7.8%
2026-09-29 10:51:59.438|DEBUG|ArtifactScraper|Parsing artifact substat: hp+9.3%
2026-09-29 10:51:59.523|DEBUG|ArtifactScraper|Parsing artifact substat: lhr11umb+7.970
2026-09-29 10:51:59.523|DEBUG|ArtifactScraper|Failed to parse stat from: lhr11umb+7.970
2026-09-29 10:51:59.523|DEBUG|ArtifactScraper|Parsing artifact substat: atk+3.7%
2026-09-29 10:51:59.523|DEBUG|ArtifactScraper|Parsing artifact substat: energyrecharge+4.7%
2026-09-29 10:51:59.660|DEBUG|ArtifactScraper|Parsing artifact substat: energyrecharge+8.57o0
2026-09-29 10:51:59.660|DEBUG|ArtifactScraper|Parsing artifact substat: def+19
2026-09-29 10:51:59.660|DEBUG|ArtifactScraper|Parsing artifact substat: hp+382
2026-09-29 10:51:59.896|DEBUG|ArtifactScraper|Parsing artifact substat: elementalimastery+/17
2026-09-29 10:51:59.896|DEBUG|ArtifactScraper|Parsing artifact substat: hp+4.7%
2026-09-29 10:51:59.896|DEBUG|ArtifactScraper|Parsing artifact substat: atk+4.2%
2026-09-29 10:51:59.988|DEBUG|ArtifactScraper|Parsing artifact substat: lhr11rate+o.|7o
2026-09-29 10:51:59.988|DEBUG|ArtifactScraper|Failed to parse stat from: lhr11rate+o.|7o
2026-09-29 10:51:59.988|DEBUG|ArtifactScraper|Parsing artifact substat: energyrecharge+4.7%
2026-09-29 10:51:59.988|DEBUG|ArtifactScraper|Parsing artifact substat: def+17
2026-09-29 10:52:00.240|DEBUG|ArtifactScraper|Parsing artifact substat: chl1divoti1u.u7o
2026-09-29 10:52:00.240|DEBUG|ArtifactScraper|Failed to parse stat from: chl1divoti1u.u7o
2026-09-29 10:52:00.240|DEBUG|ArtifactScraper|Parsing artifact substat: atk+4.2%
2026-09-29 10:52:00.240|DEBUG|ArtifactScraper|Parsing artifact substat: def+11.1%
2026-09-29 10:52:00.353|DEBUG|ArtifactScraper|Parsing artifact substat: energyrecharge+4.17o
2026-09-29 10:52:00.353|DEBUG|ArtifactScraper|Parsing artifact substat: critrate+4.7%
2026-09-29 10:52:00.353|DEBUG|ArtifactScraper|Parsing artifact substat: critdmg+6.2%
2026-09-29 10:52:00.560|DEBUG|ArtifactScraper|Parsing artifact substat: uef+4.170
2026-09-29 10:52:00.560|DEBUG|ArtifactScraper|Failed to parse stat from: uef+4.170
2026-09-29 10:52:00.560|DEBUG|ArtifactScraper|Parsing artifact substat: energyrecharge+5.2%
2026-09-29 10:52:00.560|DEBUG|ArtifactScraper|Parsing artifact substat: def+13
2026-09-29 10:52:00.667|DEBUG|ArtifactScraper|Parsing artifact substat: uef+3u
2026-09-29 10:52:00.667|DEBUG|ArtifactScraper|Failed to parse stat from: uef+3u
2026-09-29 10:52:00.667|DEBUG|ArtifactScraper|Parsing artifact substat: atk+31
2026-09-29 10:52:00.667|DEBUG|ArtifactScraper|Parsing artifact substat: def+5.8%
2026-09-29 10:52:00.882|DEBUG|ArtifactScraper|Parsing artifact substat: elementalmastery+14
2026-09-29 10:52:00.882|DEBUG|ArtifactScraper|Parsing artifact substat: hp+129
2026-09-29 10:52:00.882|DEBUG|ArtifactScraper|Parsing artifact substat: atk+3.5%
2026-09-29 10:52:00.882|DEBUG|ArtifactScraper|Parsing artifact substat: hp+2.5%
2026-09-29 10:52:01.079|DEBUG|ArtifactScraper|Parsing artifact substat: critrate+2.1%
2026-09-29 10:52:01.079|DEBUG|ArtifactScraper|Parsing artifact substat: critdmg+4.2%
2026-09-29 10:52:01.079|DEBUG|ArtifactScraper|Parsing artifact substat: def+11
2026-09-29 10:52:01.079|DEBUG|ArtifactScraper|Parsing artifact substat: def+3.5%
2026-09-29 10:52:01.188|DEBUG|ArtifactScraper|Parsing artifact substat: elementalmastery+14
2026-09-29 10:52:01.188|DEBUG|ArtifactScraper|Parsing artifact substat: atk+7
2026-09-29 10:52:01.188|DEBUG|ArtifactScraper|Parsing artifact substat: def+8.3%
2026-09-29 10:52:01.188|DEBUG|ArtifactScraper|Parsing artifact substat: hp+115
2026-09-29 10:52:01.413|DEBUG|ArtifactScraper|Parsing artifact substat: elementalmastery+19
2026-09-29 10:52:01.413|DEBUG|ArtifactScraper|Parsing artifact substat: atk+16
2026-09-29 10:52:01.413|DEBUG|ArtifactScraper|Parsing artifact substat: energyrecharge+5.2%
2026-09-29 10:52:01.413|DEBUG|ArtifactScraper|Parsing artifact substat: def+42
2026-09-29 10:52:01.525|DEBUG|ArtifactScraper|Parsing artifact substat: critrate+6.2%
2026-09-29 10:52:01.525|DEBUG|ArtifactScraper|Parsing artifact substat: atk+5.8%
2026-09-29 10:52:01.525|DEBUG|ArtifactScraper|Parsing artifact substat: def+5.8%
2026-09-29 10:52:01.525|DEBUG|ArtifactScraper|Parsing artifact substat: critdmg+13.2%
2026-09-29 10:52:01.704|DEBUG|ArtifactScraper|Parsing artifact substat: atk+19
2026-09-29 10:52:01.704|DEBUG|ArtifactScraper|Parsing artifact substat: hp+4.7%
2026-09-29 10:52:01.704|DEBUG|ArtifactScraper|Parsing artifact substat: atk+8.7%
2026-09-29 10:52:01.704|DEBUG|ArtifactScraper|Parsing artifact substat: def+5.8%
2026-09-29 10:52:01.849|DEBUG|ArtifactScraper|Parsing artifact substat: uef+o.870
2026-09-29 10:52:01.849|DEBUG|ArtifactScraper|Failed to parse stat from: uef+o.870
2026-09-29 10:52:01.849|DEBUG|ArtifactScraper|Parsing artifact substat: critdmg+5.6%
2026-09-29 10:52:01.849|DEBUG|ArtifactScraper|Parsing artifact substat: hp+239
2026-09-29 10:52:02.057|DEBUG|ArtifactScraper|Parsing artifact substat: elementalmastery+14
2026-09-29 10:52:02.057|DEBUG|ArtifactScraper|Parsing artifact substat: hp+3.2%
2026-09-29 10:52:02.057|DEBUG|ArtifactScraper|Parsing artifact substat: def+3.5%
2026-09-29 10:52:02.310|DEBUG|ArtifactScraper|Parsing artifact substat: elementalmastery+14
2026-09-29 10:52:02.310|DEBUG|ArtifactScraper|Parsing artifact substat: energyrecharge+3.1%
2026-09-29 10:52:02.310|DEBUG|ArtifactScraper|Parsing artifact substat: def+9
2026-09-29 10:52:02.403|DEBUG|ArtifactScraper|Parsing artifact substat: def+21
2026-09-29 10:52:02.403|DEBUG|ArtifactScraper|Parsing artifact substat: hp+5.8%
2026-09-29 10:52:02.403|DEBUG|ArtifactScraper|Parsing artifact substat: energyrecharge+4.5%
2026-09-29 10:52:02.403|DEBUG|ArtifactScraper|Parsing artifact substat: atk+5.8%(unactivated)
2026-09-29 10:52:02.668|DEBUG|ArtifactScraper|Parsing artifact substat: energyrecharge+6.5%
2026-09-29 10:52:02.668|DEBUG|ArtifactScraper|Parsing artifact substat: atk+5.3%
2026-09-29 10:52:02.668|DEBUG|ArtifactScraper|Parsing artifact substat: def+19
2026-09-29 10:52:02.668|DEBUG|ArtifactScraper|Parsing artifact substat: elementalmastery+21
2026-09-29 10:52:02.768|DEBUG|ArtifactScraper|Parsing artifact substat: atk+5.3%
2026-09-29 10:52:02.768|DEBUG|ArtifactScraper|Parsing artifact substat: elementalmastery+16
2026-09-29 10:52:02.768|DEBUG|ArtifactScraper|Parsing artifact substat: atk+18
2026-09-29 10:52:02.768|DEBUG|ArtifactScraper|Parsing artifact substat: hp+4.7%(unactivated)
2026-09-29 10:52:02.927|DEBUG|ArtifactScraper|Finished queuing page of artifacts. Scrolling...
2026-09-29 10:52:02.980|DEBUG|ArtifactScraper|Parsing artifact substat: def+23
2026-09-29 10:52:02.980|DEBUG|ArtifactScraper|Parsing artifact substat: atk+14
2026-09-29 10:52:02.980|DEBUG|ArtifactScraper|Parsing artifact substat: def+5.8%
2026-09-29 10:52:02.980|DEBUG|ArtifactScraper|Parsing artifact substat: critdmg+7.0%(unactivated)
2026-09-29 10:52:03.150|DEBUG|ArtifactScraper|Parsing artifact substat: elementalmastery+23
2026-09-29 10:52:03.150|DEBUG|ArtifactScraper|Parsing artifact substat: def+19
2026-09-29 10:52:03.150|DEBUG|ArtifactScraper|Parsing artifact substat: energyrecharge+6.5%
2026-09-29 10:52:03.150|DEBUG|ArtifactScraper|Parsing artifact substat: atk+4.7%(unactivated)
2026-09-29 10:52:03.264|DEBUG|ArtifactScraper|Parsing artifact substat: hp+5.8%
2026-09-29 10:52:03.264|DEBUG|ArtifactScraper|Parsing artifact substat: atk+5.3%
2026-09-29 10:52:03.264|DEBUG|ArtifactScraper|Parsing artifact substat: hp+269
2026-09-29 10:52:03.264|DEBUG|ArtifactScraper|Parsing artifact substat: energyrecharge+5.8%
2026-09-29 10:52:05.307|DEBUG|ArtifactScraper|Scanning artifact page 7
2026-09-29 10:52:05.307|DEBUG|ArtifactScraper|Located 32 possible item locations on page.
2026-09-29 10:52:05.846|DEBUG|ArtifactScraper|Parsing artifact substat: hp+5.8%
2026-09-29 10:52:05.846|DEBUG|ArtifactScraper|Parsing artifact substat: energyrecharge+5.2%
2026-09-29 10:52:05.846|DEBUG|ArtifactScraper|Parsing artifact substat: def+6.6%
2026-09-29 10:52:05.846|DEBUG|ArtifactScraper|Parsing artifact substat: critrate+3.5%(unactivated)
2026-09-29 10:52:05.948|DEBUG|ArtifactScraper|Parsing artifact substat: energyrecharge+5.2%
2026-09-29 10:52:05.948|DEBUG|ArtifactScraper|Parsing artifact substat: hp+209
2026-09-29 10:52:05.948|DEBUG|ArtifactScraper|Parsing artifact substat: critrate+3.9%
2026-09-29 10:52:05.948|DEBUG|ArtifactScraper|Parsing artifact substat: def+5.8%(unactivated)
2026-09-29 10:52:06.278|DEBUG|ArtifactScraper|Parsing artifact substat: elementalmastery+16
2026-09-29 10:52:06.278|DEBUG|ArtifactScraper|Parsing artifact substat: def+23
2026-09-29 10:52:06.278|DEBUG|ArtifactScraper|Parsing artifact substat: energyrecharge+5.2%
2026-09-29 10:52:06.278|DEBUG|ArtifactScraper|Parsing artifact substat: hp+4.1%(unactivated)
2026-09-29 10:52:06.375|DEBUG|ArtifactScraper|Parsing artifact substat: elementalmastery+16
2026-09-29 10:52:06.375|DEBUG|ArtifactScraper|Parsing artifact substat: def+21
2026-09-29 10:52:06.375|DEBUG|ArtifactScraper|Parsing artifact substat: atk+4.7%
2026-09-29 10:52:06.375|DEBUG|ArtifactScraper|Parsing artifact substat: hp+269(unactivated)
2026-09-29 10:52:06.536|DEBUG|ArtifactScraper|Parsing artifact substat: atk+4.1%
2026-09-29 10:52:06.536|DEBUG|ArtifactScraper|Parsing artifact substat: hp+5.8%
2026-09-29 10:52:06.536|DEBUG|ArtifactScraper|Parsing artifact substat: def+5.8%
2026-09-29 10:52:06.536|DEBUG|ArtifactScraper|Parsing artifact substat: def+21(unactivated)
2026-09-29 10:52:06.691|DEBUG|ArtifactScraper|Parsing artifact substat: energyrecharge+6.5%
2026-09-29 10:52:06.691|DEBUG|ArtifactScraper|Parsing artifact substat: def+23
2026-09-29 10:52:06.691|DEBUG|ArtifactScraper|Parsing artifact substat: critdmg+6.2%
2026-09-29 10:52:06.691|DEBUG|ArtifactScraper|Parsing artifact substat: elementalmastery+23
2026-09-29 10:52:06.915|DEBUG|ArtifactScraper|Parsing artifact substat: def+16
2026-09-29 10:52:06.915|DEBUG|ArtifactScraper|Parsing artifact substat: hp+239
2026-09-29 10:52:06.915|DEBUG|ArtifactScraper|Parsing artifact substat: atk+14
2026-09-29 10:52:06.915|DEBUG|ArtifactScraper|Parsing artifact substat: hp+4.1%(unactivated)
2026-09-29 10:52:07.054|DEBUG|ArtifactScraper|Parsing artifact substat: energyrecharge+4.5%
2026-09-29 10:52:07.054|DEBUG|ArtifactScraper|Parsing artifact substat: atk+5.8%
2026-09-29 10:52:07.054|DEBUG|ArtifactScraper|Parsing artifact substat: def+5.8%
2026-09-29 10:52:07.054|DEBUG|ArtifactScraper|Parsing artifact substat: hp+209(unactivated)
2026-09-29 10:52:07.341|DEBUG|ArtifactScraper|Parsing artifact substat: elementalmastery+23
2026-09-29 10:52:07.341|DEBUG|ArtifactScraper|Parsing artifact substat: atk+4.7%
2026-09-29 10:52:07.341|DEBUG|ArtifactScraper|Parsing artifact substat: atk+14
2026-09-29 10:52:07.341|DEBUG|ArtifactScraper|Parsing artifact substat: critrate+3.1%(unactivated)
2026-09-29 10:52:07.373|DEBUG|ArtifactScraper|Parsing artifact substat: atk+5.8%
2026-09-29 10:52:07.373|DEBUG|ArtifactScraper|Parsing artifact substat: energyrecharge+6.5%
2026-09-29 10:52:07.373|DEBUG|ArtifactScraper|Parsing artifact substat: def+16
2026-09-29 10:52:07.373|DEBUG|ArtifactScraper|Parsing artifact substat: elementalmastery+21
2026-09-29 10:52:07.697|DEBUG|ArtifactScraper|Parsing artifact substat: atk+14
2026-09-29 10:52:07.697|DEBUG|ArtifactScraper|Parsing artifact substat: energyrecharge+4.5%
2026-09-29 10:52:07.697|DEBUG|ArtifactScraper|Parsing artifact substat: hp+239
2026-09-29 10:52:07.697|DEBUG|ArtifactScraper|Parsing artifact substat: def+5.1%
2026-09-29 10:52:07.769|DEBUG|ArtifactScraper|Parsing artifact substat: hp+239
2026-09-29 10:52:07.769|DEBUG|ArtifactScraper|Parsing artifact substat: elementalmastery+19
2026-09-29 10:52:07.769|DEBUG|ArtifactScraper|Parsing artifact substat: atk+14
2026-09-29 10:52:07.769|DEBUG|ArtifactScraper|Parsing artifact substat: critrate+2.7%(unactivated)
2026-09-29 10:52:08.115|DEBUG|ArtifactScraper|Parsing artifact substat: energyrecharge+6.5%
2026-09-29 10:52:08.115|DEBUG|ArtifactScraper|Parsing artifact substat: critrate+3.5%
2026-09-29 10:52:08.115|DEBUG|ArtifactScraper|Parsing artifact substat: def+5.8%
2026-09-29 10:52:08.115|DEBUG|ArtifactScraper|Parsing artifact substat: atk+16(unactivated)
2026-09-29 10:52:08.171|DEBUG|ArtifactScraper|Parsing artifact substat: elementalmastery+19
2026-09-29 10:52:08.171|DEBUG|ArtifactScraper|Parsing artifact substat: atk+19
2026-09-29 10:52:08.171|DEBUG|ArtifactScraper|Parsing artifact substat: hp+299
2026-09-29 10:52:08.171|DEBUG|ArtifactScraper|Parsing artifact substat: critdmg+7.8%(unactivated)
2026-09-29 10:52:08.227|DEBUG|ArtifactScraper|Parsing artifact substat: critdmg+7.8%
2026-09-29 10:52:08.227|DEBUG|ArtifactScraper|Parsing artifact substat: hp+209
2026-09-29 10:52:08.227|DEBUG|ArtifactScraper|Parsing artifact substat: atk+5.8%
2026-09-29 10:52:08.227|DEBUG|ArtifactScraper|Parsing artifact substat: energyrecharge+5.8%
2026-09-29 10:52:08.511|DEBUG|ArtifactScraper|Parsing artifact substat: def+21
2026-09-29 10:52:08.511|DEBUG|ArtifactScraper|Parsing artifact substat: critrate+3.9%
2026-09-29 10:52:08.511|DEBUG|ArtifactScraper|Parsing artifact substat: hp+269
2026-09-29 10:52:08.511|DEBUG|ArtifactScraper|Parsing artifact substat: atk+16
2026-09-29 10:52:08.601|DEBUG|ArtifactScraper|Parsing artifact substat: critrate+3.1%
2026-09-29 10:52:08.601|DEBUG|ArtifactScraper|Parsing artifact substat: atk+18
2026-09-29 10:52:08.601|DEBUG|ArtifactScraper|Parsing artifact substat: energyrecharge+6.5%
2026-09-29 10:52:08.601|DEBUG|ArtifactScraper|Parsing artifact substat: atk+4.1%(unactivated)
2026-09-29 10:52:08.878|DEBUG|ArtifactScraper|Parsing artifact substat: hp+299
2026-09-29 10:52:08.878|DEBUG|ArtifactScraper|Parsing artifact substat: def+6.6%
2026-09-29 10:52:08.878|DEBUG|ArtifactScraper|Parsing artifact substat: def+16
2026-09-29 10:52:08.878|DEBUG|ArtifactScraper|Parsing artifact substat: atk+5.8%(unactivated)
2026-09-29 10:52:08.902|DEBUG|ArtifactScraper|Parsing artifact substat: def+21
2026-09-29 10:52:08.902|DEBUG|ArtifactScraper|Parsing artifact substat: hp+5.3%
2026-09-29 10:52:08.902|DEBUG|ArtifactScraper|Parsing artifact substat: atk+4.1%
2026-09-29 10:52:08.902|DEBUG|ArtifactScraper|Parsing artifact substat: elementalmastery+23
2026-09-29 10:52:09.260|DEBUG|ArtifactScraper|Parsing artifact substat: hp+239
2026-09-29 10:52:09.260|DEBUG|ArtifactScraper|Parsing artifact substat: def+21
2026-09-29 10:52:09.260|DEBUG|ArtifactScraper|Parsing artifact substat: atk+19
2026-09-29 10:52:09.260|DEBUG|ArtifactScraper|Parsing artifact substat: def+5.8%(unactivated)
2026-09-29 10:52:09.278|DEBUG|ArtifactScraper|Parsing artifact substat: atk+4.7%
2026-09-29 10:52:09.278|DEBUG|ArtifactScraper|Parsing artifact substat: energyrecharge+5.8%
2026-09-29 10:52:09.278|DEBUG|ArtifactScraper|Parsing artifact substat: atk+14
2026-09-29 10:52:09.278|DEBUG|ArtifactScraper|Parsing artifact substat: hp+239(unactivated)
2026-09-29 10:52:09.574|DEBUG|ArtifactScraper|Parsing artifact substat: critrate+2.7%
2026-09-29 10:52:09.574|DEBUG|ArtifactScraper|Parsing artifact substat: def+5.8%
2026-09-29 10:52:09.574|DEBUG|ArtifactScraper|Parsing artifact substat: atk+4.1%
2026-09-29 10:52:09.574|DEBUG|ArtifactScraper|Parsing artifact substat: critdmg+5.4%(unactivated)
2026-09-29 10:52:09.656|DEBUG|ArtifactScraper|Parsing artifact substat: def+21
2026-09-29 10:52:09.656|DEBUG|ArtifactScraper|Parsing artifact substat: hp+4.1%
2026-09-29 10:52:09.656|DEBUG|ArtifactScraper|Parsing artifact substat: atk+4.7%
2026-09-29 10:52:09.656|DEBUG|ArtifactScraper|Parsing artifact substat: atk+14(unactivated)
2026-09-29 10:52:09.968|DEBUG|ArtifactScraper|Parsing artifact substat: elementalmastery+23
2026-09-29 10:52:09.968|DEBUG|ArtifactScraper|Parsing artifact substat: def+5.1%
2026-09-29 10:52:09.968|DEBUG|ArtifactScraper|Parsing artifact substat: energyrecharge+5.2%
2026-09-29 10:52:09.968|DEBUG|ArtifactScraper|Parsing artifact substat: atk+19(unactivated)
2026-09-29 10:52:10.017|DEBUG|ArtifactScraper|Parsing artifact substat: energyrecharge+6.5%
2026-09-29 10:52:10.017|DEBUG|ArtifactScraper|Parsing artifact substat: def+19
2026-09-29 10:52:10.017|DEBUG|ArtifactScraper|Parsing artifact substat: elementalmastery+19
2026-09-29 10:52:10.017|DEBUG|ArtifactScraper|Parsing artifact substat: critdmg+7.8%(unactivated)
2026-09-29 10:52:10.311|DEBUG|ArtifactScraper|Parsing artifact substat: hp+5.8%
2026-09-29 10:52:10.311|DEBUG|ArtifactScraper|Parsing artifact substat: critrate+3.1%
2026-09-29 10:52:10.311|DEBUG|ArtifactScraper|Parsing artifact substat: critdmg+7.8%
2026-09-29 10:52:10.311|DEBUG|ArtifactScraper|Parsing artifact substat: def+6.6%
2026-09-29 10:52:10.364|DEBUG|ArtifactScraper|Parsing artifact substat: elementalmastery+19
2026-09-29 10:52:10.364|DEBUG|ArtifactScraper|Parsing artifact substat: hp+299
2026-09-29 10:52:10.364|DEBUG|ArtifactScraper|Parsing artifact substat: def+23
2026-09-29 10:52:10.364|DEBUG|ArtifactScraper|Parsing artifact substat: energyrecharge+5.2%
2026-09-29 10:52:10.693|DEBUG|ArtifactScraper|Parsing artifact substat: energyrecharge+4.5%
2026-09-29 10:52:10.693|DEBUG|ArtifactScraper|Parsing artifact substat: hp+299
2026-09-29 10:52:10.693|DEBUG|ArtifactScraper|Parsing artifact substat: critdmg+5.4%
2026-09-29 10:52:10.693|DEBUG|ArtifactScraper|Parsing artifact substat: def+19(unactivated)
2026-09-29 10:52:10.693|DEBUG|ArtifactScraper|Parsing artifact substat: critrate+3.1%
2026-09-29 10:52:10.693|DEBUG|ArtifactScraper|Parsing artifact substat: hp+299
2026-09-29 10:52:10.693|DEBUG|ArtifactScraper|Parsing artifact substat: atk+5.8%
2026-09-29 10:52:10.693|DEBUG|ArtifactScraper|Parsing artifact substat: energyrecharge+4.5%
2026-09-29 10:52:10.786|DEBUG|ArtifactScraper|Finished queuing page of artifacts. Scrolling...
2026-09-29 10:52:11.053|DEBUG|ArtifactScraper|Parsing artifact substat: energyrecharge+4.5%
2026-09-29 10:52:11.053|DEBUG|ArtifactScraper|Parsing artifact substat: def+6.6%
2026-09-29 10:52:11.053|DEBUG|ArtifactScraper|Parsing artifact substat: critdmg+7.8%
2026-09-29 10:52:11.053|DEBUG|ArtifactScraper|Parsing artifact substat: elementalmastery+19
2026-09-29 10:52:11.110|DEBUG|ArtifactScraper|Parsing artifact substat: hp+299
2026-09-29 10:52:11.110|DEBUG|ArtifactScraper|Parsing artifact substat: energyrecharge+5.8%
2026-09-29 10:52:11.110|DEBUG|ArtifactScraper|Parsing artifact substat: def+21
2026-09-29 10:52:11.110|DEBUG|ArtifactScraper|Parsing artifact substat: critdmg+7.0%(unactivated)
2026-09-29 10:52:11.331|DEBUG|ArtifactScraper|Parsing artifact substat: hp+5.3%
2026-09-29 10:52:11.331|DEBUG|ArtifactScraper|Parsing artifact substat: energyrecharge+5.2%
2026-09-29 10:52:11.331|DEBUG|ArtifactScraper|Parsing artifact substat: def+19
2026-09-29 10:52:11.331|DEBUG|ArtifactScraper|Parsing artifact substat: def+6.6%(unactivated)
2026-09-29 10:52:13.138|DEBUG|ArtifactScraper|Scanning artifact page 8
2026-09-29 10:52:13.138|DEBUG|ArtifactScraper|Located 32 possible item locations on page.
2026-09-29 10:52:13.754|DEBUG|ArtifactScraper|Parsing artifact substat: critrate+3.1%
2026-09-29 10:52:13.754|DEBUG|ArtifactScraper|Parsing artifact substat: def+5.8%
2026-09-29 10:52:13.754|DEBUG|ArtifactScraper|Parsing artifact substat: energyrecharge+6.5%
2026-09-29 10:52:13.754|DEBUG|ArtifactScraper|Parsing artifact substat: def+23(unactivated)
2026-09-29 10:52:13.773|DEBUG|ArtifactScraper|Parsing artifact substat: hp+209
2026-09-29 10:52:13.773|DEBUG|ArtifactScraper|Parsing artifact substat: critrate+3.9%
2026-09-29 10:52:13.773|DEBUG|ArtifactScraper|Parsing artifact substat: atk+4.7%
2026-09-29 10:52:13.773|DEBUG|ArtifactScraper|Parsing artifact substat: energyrecharge+6.5%
2026-09-29 10:52:14.084|DEBUG|ArtifactScraper|Parsing artifact substat: def+5.8%
2026-09-29 10:52:14.084|DEBUG|ArtifactScraper|Parsing artifact substat: def+23
2026-09-29 10:52:14.084|DEBUG|ArtifactScraper|Parsing artifact substat: critrate+3.5%
2026-09-29 10:52:14.084|DEBUG|ArtifactScraper|Parsing artifact substat: hp+4.1%
2026-09-29 10:52:14.141|DEBUG|ArtifactScraper|Parsing artifact substat: atk+5.3%
2026-09-29 10:52:14.141|DEBUG|ArtifactScraper|Parsing artifact substat: def+21
2026-09-29 10:52:14.141|DEBUG|ArtifactScraper|Parsing artifact substat: elementalmastery+19
2026-09-29 10:52:14.141|DEBUG|ArtifactScraper|Parsing artifact substat: critdmg+7.8%
2026-09-29 10:52:14.436|DEBUG|ArtifactScraper|Parsing artifact substat: def+7.3%
2026-09-29 10:52:14.436|DEBUG|ArtifactScraper|Parsing artifact substat: def+21
2026-09-29 10:52:14.436|DEBUG|ArtifactScraper|Parsing artifact substat: critdmg+7.8%
2026-09-29 10:52:14.436|DEBUG|ArtifactScraper|Parsing artifact substat: hp+209(unactivated)
2026-09-29 10:52:14.484|DEBUG|ArtifactScraper|Parsing artifact substat: critrate+3.1%
2026-09-29 10:52:14.484|DEBUG|ArtifactScraper|Parsing artifact substat: hp+4.7%
2026-09-29 10:52:14.484|DEBUG|ArtifactScraper|Parsing artifact substat: def+6.6%
2026-09-29 10:52:14.484|DEBUG|ArtifactScraper|Parsing artifact substat: hp+299(unactivated)
2026-09-29 10:52:14.845|DEBUG|ArtifactScraper|Parsing artifact substat: critrate+3.9%
2026-09-29 10:52:14.845|DEBUG|ArtifactScraper|Parsing artifact substat: critdmg+5.4%
2026-09-29 10:52:14.845|DEBUG|ArtifactScraper|Parsing artifact substat: def+5.1%
2026-09-29 10:52:14.845|DEBUG|ArtifactScraper|Parsing artifact substat: hp+209(unactivated)
2026-09-29 10:52:14.874|DEBUG|ArtifactScraper|Parsing artifact substat: energyrecharge+5.8%
2026-09-29 10:52:14.874|DEBUG|ArtifactScraper|Parsing artifact substat: def+23
2026-09-29 10:52:14.874|DEBUG|ArtifactScraper|Parsing artifact substat: def+7.3%
2026-09-29 10:52:14.874|DEBUG|ArtifactScraper|Parsing artifact substat: atk+16(unactivated)
2026-09-29 10:52:15.153|DEBUG|ArtifactScraper|Parsing artifact substat: atk+16
2026-09-29 10:52:15.153|DEBUG|ArtifactScraper|Parsing artifact substat: def+16
2026-09-29 10:52:15.153|DEBUG|ArtifactScraper|Parsing artifact substat: hp+5.3%
2026-09-29 10:52:15.153|DEBUG|ArtifactScraper|Parsing artifact substat: hp+209(unactivated)
2026-09-29 10:52:15.276|DEBUG|ArtifactScraper|Parsing artifact substat: hp+239
2026-09-29 10:52:15.276|DEBUG|ArtifactScraper|Parsing artifact substat: hp+4.1%
2026-09-29 10:52:15.276|DEBUG|ArtifactScraper|Parsing artifact substat: energyrecharge+6.5%
2026-09-29 10:52:15.276|DEBUG|ArtifactScraper|Parsing artifact substat: atk+14(unactivated)
2026-09-29 10:52:15.527|DEBUG|ArtifactScraper|Parsing artifact substat: atk+18
2026-09-29 10:52:15.527|DEBUG|ArtifactScraper|Parsing artifact substat: hp+4.1%
2026-09-29 10:52:15.527|DEBUG|ArtifactScraper|Parsing artifact substat: hp+239
2026-09-29 10:52:15.527|DEBUG|ArtifactScraper|Parsing artifact substat: elementalmastery+21
2026-09-29 10:52:15.577|DEBUG|ArtifactScraper|Parsing artifact substat: elementalmastery+23
2026-09-29 10:52:15.577|DEBUG|ArtifactScraper|Parsing artifact substat: atk+5.3%
2026-09-29 10:52:15.577|DEBUG|ArtifactScraper|Parsing artifact substat: hp+269
2026-09-29 10:52:15.577|DEBUG|ArtifactScraper|Parsing artifact substat: def+19(unactivated)
2026-09-29 10:52:15.941|DEBUG|ArtifactScraper|Parsing artifact substat: atk+16
2026-09-29 10:52:15.941|DEBUG|ArtifactScraper|Parsing artifact substat: def+7.3%
2026-09-29 10:52:15.941|DEBUG|ArtifactScraper|Parsing artifact substat: elementalmastery+23
2026-09-29 10:52:15.941|DEBUG|ArtifactScraper|Parsing artifact substat: def+21(unactivated)
2026-09-29 10:52:15.941|DEBUG|ArtifactScraper|Parsing artifact substat: elementalmastery+19
2026-09-29 10:52:15.941|DEBUG|ArtifactScraper|Parsing artifact substat: atk+16
2026-09-29 10:52:15.941|DEBUG|ArtifactScraper|Parsing artifact substat: critdmg+6.2%
2026-09-29 10:52:15.941|DEBUG|ArtifactScraper|Parsing artifact substat: def+5.1%
2026-09-29 10:52:16.250|DEBUG|ArtifactScraper|Parsing artifact substat: atk+14
2026-09-29 10:52:16.250|DEBUG|ArtifactScraper|Parsing artifact substat: def+5.8%
2026-09-29 10:52:16.250|DEBUG|ArtifactScraper|Parsing artifact substat: elementalmastery+21
2026-09-29 10:52:16.250|DEBUG|ArtifactScraper|Parsing artifact substat: atk+4.7%(unactivated)
2026-09-29 10:52:16.353|DEBUG|ArtifactScraper|Parsing artifact substat: atk+5.3%
2026-09-29 10:52:16.353|DEBUG|ArtifactScraper|Parsing artifact substat: def+23
2026-09-29 10:52:16.353|DEBUG|ArtifactScraper|Parsing artifact substat: hp+5.8%
2026-09-29 10:52:16.353|DEBUG|ArtifactScraper|Parsing artifact substat: def+6.6%(unactivated)
2026-09-29 10:52:16.645|DEBUG|ArtifactScraper|Parsing artifact substat: def+19
2026-09-29 10:52:16.645|DEBUG|ArtifactScraper|Parsing artifact substat: hp+5.3%
2026-09-29 10:52:16.645|DEBUG|ArtifactScraper|Parsing artifact substat: elementalmastery+19
2026-09-29 10:52:16.645|DEBUG|ArtifactScraper|Parsing artifact substat: atk+18(unactivated)
2026-09-29 10:52:16.707|DEBUG|ArtifactScraper|Parsing artifact substat: energyrecharge+5.8%
2026-09-29 10:52:16.707|DEBUG|ArtifactScraper|Parsing artifact substat: elementalmastery+16
2026-09-29 10:52:16.707|DEBUG|ArtifactScraper|Parsing artifact substat: hp+4.7%
2026-09-29 10:52:16.707|DEBUG|ArtifactScraper|Parsing artifact substat: critrate+3.1%(unactivated)
2026-09-29 10:52:17.039|DEBUG|ArtifactScraper|Parsing artifact substat: energyrecharge+6.5%
2026-09-29 10:52:17.039|DEBUG|ArtifactScraper|Parsing artifact substat: def+16
2026-09-29 10:52:17.039|DEBUG|ArtifactScraper|Parsing artifact substat: hp+5.3%
2026-09-29 10:52:17.039|DEBUG|ArtifactScraper|Parsing artifact substat: atk+18(unactivated)
2026-09-29 10:52:17.039|DEBUG|ArtifactScraper|Parsing artifact substat: def+19
2026-09-29 10:52:17.039|DEBUG|ArtifactScraper|Parsing artifact substat: atk+4.1%
2026-09-29 10:52:17.039|DEBUG|ArtifactScraper|Parsing artifact substat: critdmg+7.8%
2026-09-29 10:52:17.049|DEBUG|ArtifactScraper|Parsing artifact substat: critrate+3.9%(unactivated)
2026-09-29 10:52:17.417|DEBUG|ArtifactScraper|Parsing artifact substat: elementalmastery+19
2026-09-29 10:52:17.417|DEBUG|ArtifactScraper|Parsing artifact substat: hp+4.7%
2026-09-29 10:52:17.417|DEBUG|ArtifactScraper|Parsing artifact substat: critdmg+7.8%
2026-09-29 10:52:17.417|DEBUG|ArtifactScraper|Parsing artifact substat: atk+5.3%(unactivated)
2026-09-29 10:52:17.507|DEBUG|ArtifactScraper|Parsing artifact substat: hp+299
2026-09-29 10:52:17.507|DEBUG|ArtifactScraper|Parsing artifact substat: def+5.8%
2026-09-29 10:52:17.507|DEBUG|ArtifactScraper|Parsing artifact substat: critrate+3.9%
2026-09-29 10:52:17.507|DEBUG|ArtifactScraper|Parsing artifact substat: atk+5.3%(unactivated)
2026-09-29 10:52:17.535|DEBUG|ArtifactScraper|Parsing artifact substat: elementalmastery+21
2026-09-29 10:52:17.535|DEBUG|ArtifactScraper|Parsing artifact substat: critdmg+7.0%
2026-09-29 10:52:17.535|DEBUG|ArtifactScraper|Parsing artifact substat: hp+5.8%
2026-09-29 10:52:17.535|DEBUG|ArtifactScraper|Parsing artifact substat: energyrecharge+5.8%
2026-09-29 10:52:17.827|DEBUG|ArtifactScraper|Parsing artifact substat: hp+209
2026-09-29 10:52:17.827|DEBUG|ArtifactScraper|Parsing artifact substat: def+7.3%
2026-09-29 10:52:17.827|DEBUG|ArtifactScraper|Parsing artifact substat: atk+19
2026-09-29 10:52:17.827|DEBUG|ArtifactScraper|Parsing artifact substat: elementalmastery+21
2026-09-29 10:52:17.941|DEBUG|ArtifactScraper|Parsing artifact substat: atk+19
2026-09-29 10:52:17.941|DEBUG|ArtifactScraper|Parsing artifact substat: def+16
2026-09-29 10:52:17.941|DEBUG|ArtifactScraper|Parsing artifact substat: hp+269
2026-09-29 10:52:17.941|DEBUG|ArtifactScraper|Parsing artifact substat: critrate+3.1%(unactivated)
2026-09-29 10:52:18.214|DEBUG|ArtifactScraper|Parsing artifact substat: hp+239
2026-09-29 10:52:18.214|DEBUG|ArtifactScraper|Parsing artifact substat: def+5.8%
2026-09-29 10:52:18.214|DEBUG|ArtifactScraper|Parsing artifact substat: atk+4.1%
2026-09-29 10:52:18.214|DEBUG|ArtifactScraper|Parsing artifact substat: def+21(unactivated)
2026-09-29 10:52:18.235|DEBUG|ArtifactScraper|Parsing artifact substat: hp+5.3%
2026-09-29 10:52:18.235|DEBUG|ArtifactScraper|Parsing artifact substat: hp+269
2026-09-29 10:52:18.235|DEBUG|ArtifactScraper|Parsing artifact substat: def+21
2026-09-29 10:52:18.235|DEBUG|ArtifactScraper|Parsing artifact substat: atk+18(unactivated)
2026-09-29 10:52:18.595|DEBUG|ArtifactScraper|Parsing artifact substat: elementalmastery+23
2026-09-29 10:52:18.595|DEBUG|ArtifactScraper|Parsing artifact substat: atk+19
2026-09-29 10:52:18.595|DEBUG|ArtifactScraper|Parsing artifact substat: hp+5.3%
2026-09-29 10:52:18.595|DEBUG|ArtifactScraper|Parsing artifact substat: energyrecharge+6.5%
2026-09-29 10:52:18.627|DEBUG|ArtifactScraper|Parsing artifact substat: energyrecharge+6.5%
2026-09-29 10:52:18.627|DEBUG|ArtifactScraper|Parsing artifact substat: critrate+3.1%
2026-09-29 10:52:18.627|DEBUG|ArtifactScraper|Parsing artifact substat: elementalmastery+21
2026-09-29 10:52:18.627|DEBUG|ArtifactScraper|Parsing artifact substat: atk+16(unactivated)
2026-09-29 10:52:18.710|DEBUG|ArtifactScraper|Finished queuing page of artifacts. Scrolling...
2026-09-29 10:52:18.839|DEBUG|ArtifactScraper|Parsing artifact substat: atk+14
2026-09-29 10:52:18.839|DEBUG|ArtifactScraper|Parsing artifact substat: hp+269
2026-09-29 10:52:18.839|DEBUG|ArtifactScraper|Parsing artifact substat: critrate+3.5%
2026-09-29 10:52:18.839|DEBUG|ArtifactScraper|Parsing artifact substat: energyrecharge+6.5%
2026-09-29 10:52:18.945|DEBUG|ArtifactScraper|Parsing artifact substat: atk+19
2026-09-29 10:52:18.945|DEBUG|ArtifactScraper|Parsing artifact substat: hp+269
2026-09-29 10:52:18.945|DEBUG|ArtifactScraper|Parsing artifact substat: hp+5.3%
2026-09-29 10:52:18.945|DEBUG|ArtifactScraper|Parsing artifact substat: elementalmastery+19
2026-09-29 10:52:19.171|DEBUG|ArtifactScraper|Parsing artifact substat: energyrecharge+4.5%
2026-09-29 10:52:19.171|DEBUG|ArtifactScraper|Parsing artifact substat: hp+239
2026-09-29 10:52:19.171|DEBUG|ArtifactScraper|Parsing artifact substat: critrate+3.1%
2026-09-29 10:52:19.171|DEBUG|ArtifactScraper|Parsing artifact substat: atk+14(unactivated)
2026-09-29 10:52:20.982|DEBUG|ArtifactScraper|Scanning artifact page 9
2026-09-29 10:52:20.982|DEBUG|ArtifactScraper|Located 32 possible item locations on page.
2026-09-29 10:52:21.500|DEBUG|ArtifactScraper|Parsing artifact substat: elementalmastery+23
2026-09-29 10:52:21.500|DEBUG|ArtifactScraper|Parsing artifact substat: atk+19
2026-09-29 10:52:21.500|DEBUG|ArtifactScraper|Parsing artifact substat: critrate+3.1%
2026-09-29 10:52:21.500|DEBUG|ArtifactScraper|Parsing artifact substat: critdmg+6.2%(unactivated)
2026-09-29 10:52:21.586|DEBUG|ArtifactScraper|Parsing artifact substat: atk+16
2026-09-29 10:52:21.586|DEBUG|ArtifactScraper|Parsing artifact substat: hp+299
2026-09-29 10:52:21.586|DEBUG|ArtifactScraper|Parsing artifact substat: energyrecharge+4.5%
2026-09-29 10:52:21.586|DEBUG|ArtifactScraper|Parsing artifact substat: def+21(unactivated)
2026-09-29 10:52:21.826|DEBUG|ArtifactScraper|Parsing artifact substat: elementalmastery+16
2026-09-29 10:52:21.826|DEBUG|ArtifactScraper|Parsing artifact substat: hp+269
2026-09-29 10:52:21.826|DEBUG|ArtifactScraper|Parsing artifact substat: atk+4.7%
2026-09-29 10:52:21.826|DEBUG|ArtifactScraper|Parsing artifact substat: atk+19
2026-09-29 10:52:21.951|DEBUG|ArtifactScraper|Parsing artifact substat: energyrecharge+5.2%
2026-09-29 10:52:21.951|DEBUG|ArtifactScraper|Parsing artifact substat: def+5.1%
2026-09-29 10:52:21.951|DEBUG|ArtifactScraper|Parsing artifact substat: def+21
2026-09-29 10:52:21.951|DEBUG|ArtifactScraper|Parsing artifact substat: elementalmastery+16
2026-09-29 10:52:22.102|DEBUG|ArtifactScraper|Parsing artifact substat: atk+5.8%
2026-09-29 10:52:22.102|DEBUG|ArtifactScraper|Parsing artifact substat: def+5.8%
2026-09-29 10:52:22.102|DEBUG|ArtifactScraper|Parsing artifact substat: def+21
2026-09-29 10:52:22.102|DEBUG|ArtifactScraper|Parsing artifact substat: hp+239(unactivated)
2026-09-29 10:52:22.319|DEBUG|ArtifactScraper|Parsing artifact substat: hp+239
2026-09-29 10:52:22.319|DEBUG|ArtifactScraper|Parsing artifact substat: def+21
2026-09-29 10:52:22.319|DEBUG|ArtifactScraper|Parsing artifact substat: energyrecharge+4.5%
2026-09-29 10:52:22.319|DEBUG|ArtifactScraper|Parsing artifact substat: atk+16(unactivated)
2026-09-29 10:52:22.451|DEBUG|ArtifactScraper|Parsing artifact substat: energyrecharge+5.2%
2026-09-29 10:52:22.451|DEBUG|ArtifactScraper|Parsing artifact substat: atk+16
2026-09-29 10:52:22.451|DEBUG|ArtifactScraper|Parsing artifact substat: def+23
2026-09-29 10:52:22.451|DEBUG|ArtifactScraper|Parsing artifact substat: critrate+2.7%(unactivated)
2026-09-29 10:52:22.688|DEBUG|ArtifactScraper|Parsing artifact substat: energyrecharge+5.8%
2026-09-29 10:52:22.688|DEBUG|ArtifactScraper|Parsing artifact substat: atk+18
2026-09-29 10:52:22.688|DEBUG|ArtifactScraper|Parsing artifact substat: elementalmastery+19
2026-09-29 10:52:22.688|DEBUG|ArtifactScraper|Parsing artifact substat: critrate+3.5%(unactivated)
2026-09-29 10:52:22.786|DEBUG|ArtifactScraper|Parsing artifact substat: hp+5.3%
2026-09-29 10:52:22.786|DEBUG|ArtifactScraper|Parsing artifact substat: atk+19
2026-09-29 10:52:22.786|DEBUG|ArtifactScraper|Parsing artifact substat: def+19
2026-09-29 10:52:22.786|DEBUG|ArtifactScraper|Parsing artifact substat: atk+4.1%(unactivated)
2026-09-29 10:52:22.964|DEBUG|ArtifactScraper|Parsing artifact substat: critrate+3.5%
2026-09-29 10:52:22.964|DEBUG|ArtifactScraper|Parsing artifact substat: def+7.3%
2026-09-29 10:52:22.964|DEBUG|ArtifactScraper|Parsing artifact substat: def+23
2026-09-29 10:52:22.964|DEBUG|ArtifactScraper|Parsing artifact substat: atk+4.7%(unactivated)
2026-09-29 10:52:23.155|DEBUG|ArtifactScraper|Parsing artifact substat: atk+5.3%
2026-09-29 10:52:23.155|DEBUG|ArtifactScraper|Parsing artifact substat: hp+4.7%
2026-09-29 10:52:23.155|DEBUG|ArtifactScraper|Parsing artifact substat: elementalmastery+23
2026-09-29 10:52:23.155|DEBUG|ArtifactScraper|Parsing artifact substat: critdmg+7.8%(unactivated)
2026-09-29 10:52:23.278|DEBUG|ArtifactScraper|Parsing artifact substat: critrate+2.7%
2026-09-29 10:52:23.278|DEBUG|ArtifactScraper|Parsing artifact substat: critdmg+5.4%
2026-09-29 10:52:23.278|DEBUG|ArtifactScraper|Parsing artifact substat: def+5.1%
2026-09-29 10:52:23.278|DEBUG|ArtifactScraper|Parsing artifact substat: atk+4.7%(unactivated)
2026-09-29 10:52:23.475|DEBUG|ArtifactScraper|Parsing artifact substat: atk+5.3%
2026-09-29 10:52:23.475|DEBUG|ArtifactScraper|Parsing artifact substat: def+16
2026-09-29 10:52:23.475|DEBUG|ArtifactScraper|Parsing artifact substat: hp+4.7%
2026-09-29 10:52:23.475|DEBUG|ArtifactScraper|Parsing artifact substat: critrate+3.9%
2026-09-29 10:52:23.606|DEBUG|ArtifactScraper|Parsing artifact substat: elementalmastery+21
2026-09-29 10:52:23.606|DEBUG|ArtifactScraper|Parsing artifact substat: hp+299
2026-09-29 10:52:23.606|DEBUG|ArtifactScraper|Parsing artifact substat: def+23
2026-09-29 10:52:23.606|DEBUG|ArtifactScraper|Parsing artifact substat: energyrecharge+5.8%
2026-09-29 10:52:23.831|DEBUG|ArtifactScraper|Parsing artifact substat: elementalmastery+23
2026-09-29 10:52:23.831|DEBUG|ArtifactScraper|Parsing artifact substat: critrate+3.5%
2026-09-29 10:52:23.831|DEBUG|ArtifactScraper|Parsing artifact substat: hp+5.8%
2026-09-29 10:52:23.831|DEBUG|ArtifactScraper|Parsing artifact substat: atk+14(unactivated)
2026-09-29 10:52:23.990|DEBUG|ArtifactScraper|Parsing artifact substat: elementalmastery+16
2026-09-29 10:52:23.990|DEBUG|ArtifactScraper|Parsing artifact substat: atk+18
2026-09-29 10:52:23.990|DEBUG|ArtifactScraper|Parsing artifact substat: energyrecharge+5.8%
2026-09-29 10:52:23.990|DEBUG|ArtifactScraper|Parsing artifact substat: critrate+3.9%
2026-09-29 10:52:24.087|DEBUG|ArtifactScraper|Parsing artifact substat: critrate+3.5%
2026-09-29 10:52:24.087|DEBUG|ArtifactScraper|Parsing artifact substat: def+21
2026-09-29 10:52:24.087|DEBUG|ArtifactScraper|Parsing artifact substat: atk+4.7%
2026-09-29 10:52:24.087|DEBUG|ArtifactScraper|Parsing artifact substat: elementalmastery+21
2026-09-29 10:52:24.314|DEBUG|ArtifactScraper|Parsing artifact substat: hp+4.1%
2026-09-29 10:52:24.314|DEBUG|ArtifactScraper|Parsing artifact substat: def+19
2026-09-29 10:52:24.314|DEBUG|ArtifactScraper|Parsing artifact substat: def+6.6%
2026-09-29 10:52:24.314|DEBUG|ArtifactScraper|Parsing artifact substat: elementalmastery+19
2026-09-29 10:52:24.439|DEBUG|ArtifactScraper|Parsing artifact substat: energyrecharge+5.2%
2026-09-29 10:52:24.439|DEBUG|ArtifactScraper|Parsing artifact substat: critrate+3.5%
2026-09-29 10:52:24.439|DEBUG|ArtifactScraper|Parsing artifact substat: hp+4.1%
2026-09-29 10:52:24.439|DEBUG|ArtifactScraper|Parsing artifact substat: hp+239(unactivated)
2026-09-29 10:52:24.666|DEBUG|ArtifactScraper|Parsing artifact substat: hp+5.3%
2026-09-29 10:52:24.666|DEBUG|ArtifactScraper|Parsing artifact substat: energyrecharge+4.5%
2026-09-29 10:52:24.666|DEBUG|ArtifactScraper|Parsing artifact substat: atk+14
2026-09-29 10:52:24.666|DEBUG|ArtifactScraper|Parsing artifact substat: def+21(unactivated)
2026-09-29 10:52:24.788|DEBUG|ArtifactScraper|Parsing artifact substat: def+7.3%
2026-09-29 10:52:24.788|DEBUG|ArtifactScraper|Parsing artifact substat: hp+209
2026-09-29 10:52:24.788|DEBUG|ArtifactScraper|Parsing artifact substat: critrate+2.7%
2026-09-29 10:52:24.788|DEBUG|ArtifactScraper|Parsing artifact substat: elementalmastery+19
2026-09-29 10:52:24.960|DEBUG|ArtifactScraper|Parsing artifact substat: critrate+3.1%
2026-09-29 10:52:24.960|DEBUG|ArtifactScraper|Parsing artifact substat: energyrecharge+5.8%
2026-09-29 10:52:24.960|DEBUG|ArtifactScraper|Parsing artifact substat: hp+4.7%
2026-09-29 10:52:24.960|DEBUG|ArtifactScraper|Parsing artifact substat: def+6.6%(unactivated)
2026-09-29 10:52:25.124|DEBUG|ArtifactScraper|Parsing artifact substat: hp+239
2026-09-29 10:52:25.124|DEBUG|ArtifactScraper|Parsing artifact substat: elementalmastery+16
2026-09-29 10:52:25.124|DEBUG|ArtifactScraper|Parsing artifact substat: def+19
2026-09-29 10:52:25.124|DEBUG|ArtifactScraper|Parsing artifact substat: atk+14(unactivated)
2026-09-29 10:52:25.280|DEBUG|ArtifactScraper|Parsing artifact substat: hp+239
2026-09-29 10:52:25.280|DEBUG|ArtifactScraper|Parsing artifact substat: energyrecharge+5.8%
2026-09-29 10:52:25.280|DEBUG|ArtifactScraper|Parsing artifact substat: hp+5.3%
2026-09-29 10:52:25.280|DEBUG|ArtifactScraper|Parsing artifact substat: atk+5.3%
2026-09-29 10:52:25.456|DEBUG|ArtifactScraper|Parsing artifact substat: critdmg+7.8%
2026-09-29 10:52:25.456|DEBUG|ArtifactScraper|Parsing artifact substat: atk+18
2026-09-29 10:52:25.456|DEBUG|ArtifactScraper|Parsing artifact substat: hp+209
2026-09-29 10:52:25.456|DEBUG|ArtifactScraper|Parsing artifact substat: elementalmastery+16
2026-09-29 10:52:25.613|DEBUG|ArtifactScraper|Parsing artifact substat: energyrecharge+5.2%
2026-09-29 10:52:25.613|DEBUG|ArtifactScraper|Parsing artifact substat: atk+18
2026-09-29 10:52:25.613|DEBUG|ArtifactScraper|Parsing artifact substat: elementalmastery+23
2026-09-29 10:52:25.613|DEBUG|ArtifactScraper|Parsing artifact substat: def+16
2026-09-29 10:52:25.774|DEBUG|ArtifactScraper|Parsing artifact substat: hp+4.1%
2026-09-29 10:52:25.774|DEBUG|ArtifactScraper|Parsing artifact substat: atk+18
2026-09-29 10:52:25.774|DEBUG|ArtifactScraper|Parsing artifact substat: def+21
2026-09-29 10:52:25.774|DEBUG|ArtifactScraper|Parsing artifact substat: critrate+3.9%(unactivated)
2026-09-29 10:52:25.941|DEBUG|ArtifactScraper|Parsing artifact substat: def+6.6%
2026-09-29 10:52:25.941|DEBUG|ArtifactScraper|Parsing artifact substat: atk+5.8%
2026-09-29 10:52:25.941|DEBUG|ArtifactScraper|Parsing artifact substat: critrate+2.7%
2026-09-29 10:52:25.941|DEBUG|ArtifactScraper|Parsing artifact substat: elementalmastery+23
2026-09-29 10:52:26.102|DEBUG|ArtifactScraper|Parsing artifact substat: atk+16
2026-09-29 10:52:26.102|DEBUG|ArtifactScraper|Parsing artifact substat: def+5.8%
2026-09-29 10:52:26.102|DEBUG|ArtifactScraper|Parsing artifact substat: def+19
2026-09-29 10:52:26.102|DEBUG|ArtifactScraper|Parsing artifact substat: atk+4.1%(unactivated)
2026-09-29 10:52:26.338|DEBUG|ArtifactScraper|Finished queuing page of artifacts. Scrolling...
2026-09-29 10:52:26.412|DEBUG|ArtifactScraper|Parsing artifact substat: elementalmastery+21
2026-09-29 10:52:26.412|DEBUG|ArtifactScraper|Parsing artifact substat: atk+16
2026-09-29 10:52:26.412|DEBUG|ArtifactScraper|Parsing artifact substat: def+21
2026-09-29 10:52:26.412|DEBUG|ArtifactScraper|Parsing artifact substat: critdmg+7.8%(unactivated)
2026-09-29 10:52:26.563|DEBUG|ArtifactScraper|Parsing artifact substat: critdmg+5.4%
2026-09-29 10:52:26.563|DEBUG|ArtifactScraper|Parsing artifact substat: energyrecharge+4.5%
2026-09-29 10:52:26.563|DEBUG|ArtifactScraper|Parsing artifact substat: critrate+3.1%
2026-09-29 10:52:26.563|DEBUG|ArtifactScraper|Parsing artifact substat: def+5.1%(unactivated)
2026-09-29 10:52:26.714|DEBUG|ArtifactScraper|Parsing artifact substat: hp+5.3%
2026-09-29 10:52:26.714|DEBUG|ArtifactScraper|Parsing artifact substat: elementalmastery+23
2026-09-29 10:52:26.714|DEBUG|ArtifactScraper|Parsing artifact substat: hp+269
2026-09-29 10:52:26.714|DEBUG|ArtifactScraper|Parsing artifact substat: critrate+3.1%
2026-09-29 10:52:28.354|DEBUG|ArtifactScraper|Scanning artifact page 10
2026-09-29 10:52:28.354|DEBUG|ArtifactScraper|Located 32 possible item locations on page.
2026-09-29 10:52:28.799|DEBUG|ArtifactScraper|Parsing artifact substat: def+23
2026-09-29 10:52:28.799|DEBUG|ArtifactScraper|Parsing artifact substat: hp+209
2026-09-29 10:52:28.799|DEBUG|ArtifactScraper|Parsing artifact substat: critdmg+7.8%
2026-09-29 10:52:28.799|DEBUG|ArtifactScraper|Parsing artifact substat: energyrecharge+5.2%
2026-09-29 10:52:28.978|DEBUG|ArtifactScraper|Parsing artifact substat: atk+5.8%
2026-09-29 10:52:28.978|DEBUG|ArtifactScraper|Parsing artifact substat: def+5.8%
2026-09-29 10:52:28.978|DEBUG|ArtifactScraper|Parsing artifact substat: critdmg+7.8%
2026-09-29 10:52:28.978|DEBUG|ArtifactScraper|Parsing artifact substat: hp+5.3%(unactivated)
2026-09-29 10:52:29.110|DEBUG|ArtifactScraper|Parsing artifact substat: critdmg+7.0%
2026-09-29 10:52:29.110|DEBUG|ArtifactScraper|Parsing artifact substat: def+19
2026-09-29 10:52:29.110|DEBUG|ArtifactScraper|Parsing artifact substat: def+6.6%
2026-09-29 10:52:29.110|DEBUG|ArtifactScraper|Parsing artifact substat: energyrecharge+5.8%
2026-09-29 10:52:29.284|DEBUG|ArtifactScraper|Parsing artifact substat: hp+299
2026-09-29 10:52:29.284|DEBUG|ArtifactScraper|Parsing artifact substat: critrate+2.7%
2026-09-29 10:52:29.284|DEBUG|ArtifactScraper|Parsing artifact substat: def+19
2026-09-29 10:52:29.284|DEBUG|ArtifactScraper|Parsing artifact substat: hp+5.3%(unactivated)
2026-09-29 10:52:29.580|DEBUG|ArtifactScraper|Parsing artifact substat: atk+5.8%
2026-09-29 10:52:29.580|DEBUG|ArtifactScraper|Parsing artifact substat: critdmg+6.2%
2026-09-29 10:52:29.580|DEBUG|ArtifactScraper|Parsing artifact substat: atk+19
2026-09-29 10:52:29.580|DEBUG|ArtifactScraper|Parsing artifact substat: elementalmastery+23
2026-09-29 10:52:29.657|DEBUG|ArtifactScraper|Parsing artifact substat: critrate+3.1%
2026-09-29 10:52:29.657|DEBUG|ArtifactScraper|Parsing artifact substat: hp+269
2026-09-29 10:52:29.657|DEBUG|ArtifactScraper|Parsing artifact substat: atk+4.1%
2026-09-29 10:52:29.658|DEBUG|ArtifactScraper|Parsing artifact substat: def+21(unactivated)
2026-09-29 10:52:29.913|DEBUG|ArtifactScraper|Parsing artifact substat: def+19
2026-09-29 10:52:29.913|DEBUG|ArtifactScraper|Parsing artifact substat: atk+4.7%
2026-09-29 10:52:29.913|DEBUG|ArtifactScraper|Parsing artifact substat: elementalmastery+21
2026-09-29 10:52:29.913|DEBUG|ArtifactScraper|Parsing artifact substat: hp+209(unactivated)
2026-09-29 10:52:29.985|DEBUG|ArtifactScraper|Parsing artifact substat: elementalmastery+19
2026-09-29 10:52:29.985|DEBUG|ArtifactScraper|Parsing artifact substat: atk+19
2026-09-29 10:52:29.985|DEBUG|ArtifactScraper|Parsing artifact substat: def+21
2026-09-29 10:52:29.985|DEBUG|ArtifactScraper|Parsing artifact substat: atk+5.3%(unactivated)
2026-09-29 10:52:30.259|DEBUG|ArtifactScraper|Parsing artifact substat: hp+299
2026-09-29 10:52:30.259|DEBUG|ArtifactScraper|Parsing artifact substat: elementalmastery+16
2026-09-29 10:52:30.259|DEBUG|ArtifactScraper|Parsing artifact substat: def+23
2026-09-29 10:52:30.259|DEBUG|ArtifactScraper|Parsing artifact substat: atk+4.1%(unactivated)
2026-09-29 10:52:30.344|DEBUG|ArtifactScraper|Parsing artifact substat: energyrecharge+5.8%
2026-09-29 10:52:30.344|DEBUG|ArtifactScraper|Parsing artifact substat: hp+209
2026-09-29 10:52:30.344|DEBUG|ArtifactScraper|Parsing artifact substat: atk+4.7%
2026-09-29 10:52:30.344|DEBUG|ArtifactScraper|Parsing artifact substat: def+6.6%(unactivated)
2026-09-29 10:52:30.549|DEBUG|ArtifactScraper|Parsing artifact substat: energyrecharge+4.5%
2026-09-29 10:52:30.549|DEBUG|ArtifactScraper|Parsing artifact substat: critrate+3.1%
2026-09-29 10:52:30.549|DEBUG|ArtifactScraper|Parsing artifact substat: atk+14
2026-09-29 10:52:30.549|DEBUG|ArtifactScraper|Parsing artifact substat: def+21(unactivated)
2026-09-29 10:52:30.728|DEBUG|ArtifactScraper|Parsing artifact substat: energyrecharge+6.5%
2026-09-29 10:52:30.728|DEBUG|ArtifactScraper|Parsing artifact substat: atk+18
2026-09-29 10:52:30.728|DEBUG|ArtifactScraper|Parsing artifact substat: hp+4.1%
2026-09-29 10:52:30.728|DEBUG|ArtifactScraper|Parsing artifact substat: elementalmastery+16
2026-09-29 10:52:30.853|DEBUG|ArtifactScraper|Parsing artifact substat: def+5.8%
2026-09-29 10:52:30.853|DEBUG|ArtifactScraper|Parsing artifact substat: def+21
2026-09-29 10:52:30.853|DEBUG|ArtifactScraper|Parsing artifact substat: atk+4.1%
2026-09-29 10:52:30.853|DEBUG|ArtifactScraper|Parsing artifact substat: elementalmastery+21
2026-09-29 10:52:31.074|DEBUG|ArtifactScraper|Parsing artifact substat: hp+269
2026-09-29 10:52:31.074|DEBUG|ArtifactScraper|Parsing artifact substat: atk+5.8%
2026-09-29 10:52:31.074|DEBUG|ArtifactScraper|Parsing artifact substat: def+7.3%
2026-09-29 10:52:31.074|DEBUG|ArtifactScraper|Parsing artifact substat: def+19(unactivated)
2026-09-29 10:52:31.188|DEBUG|ArtifactScraper|Parsing artifact substat: hp+239
2026-09-29 10:52:31.188|DEBUG|ArtifactScraper|Parsing artifact substat: hp+5.8%
2026-09-29 10:52:31.188|DEBUG|ArtifactScraper|Parsing artifact substat: def+19
2026-09-29 10:52:31.188|DEBUG|ArtifactScraper|Parsing artifact substat: energyrecharge+5.8%
2026-09-29 10:52:31.461|DEBUG|ArtifactScraper|Parsing artifact substat: elementalmastery+19
2026-09-29 10:52:31.461|DEBUG|ArtifactScraper|Parsing artifact substat: energyrecharge+4.5%
2026-09-29 10:52:31.461|DEBUG|ArtifactScraper|Parsing artifact substat: def+23
2026-09-29 10:52:31.461|DEBUG|ArtifactScraper|Parsing artifact substat: critrate+3.1%(unactivated)
2026-09-29 10:52:31.544|DEBUG|ArtifactScraper|Parsing artifact substat: def+5.1%
2026-09-29 10:52:31.544|DEBUG|ArtifactScraper|Parsing artifact substat: hp+209
2026-09-29 10:52:31.544|DEBUG|ArtifactScraper|Parsing artifact substat: critdmg+6.2%
2026-09-29 10:52:31.544|DEBUG|ArtifactScraper|Parsing artifact substat: atk+18
2026-09-29 10:52:31.704|DEBUG|ArtifactScraper|Parsing artifact substat: critdmg+7.8%
2026-09-29 10:52:31.704|DEBUG|ArtifactScraper|Parsing artifact substat: atk+19
2026-09-29 10:52:31.704|DEBUG|ArtifactScraper|Parsing artifact substat: atk+4.1%
2026-09-29 10:52:31.704|DEBUG|ArtifactScraper|Parsing artifact substat: hp+5.3%(unactivated)
2026-09-29 10:52:31.889|DEBUG|ArtifactScraper|Parsing artifact substat: def+5.8%
2026-09-29 10:52:31.889|DEBUG|ArtifactScraper|Parsing artifact substat: hp+4.7%
2026-09-29 10:52:31.889|DEBUG|ArtifactScraper|Parsing artifact substat: atk+18
2026-09-29 10:52:31.889|DEBUG|ArtifactScraper|Parsing artifact substat: hp+239(unactivated)
2026-09-29 10:52:32.085|DEBUG|ArtifactScraper|Parsing artifact substat: def+19
2026-09-29 10:52:32.085|DEBUG|ArtifactScraper|Parsing artifact substat: elementalmastery+21
2026-09-29 10:52:32.085|DEBUG|ArtifactScraper|Parsing artifact substat: hp+5.8%
2026-09-29 10:52:32.085|DEBUG|ArtifactScraper|Parsing artifact substat: critdmg+5.4%(unactivated)
2026-09-29 10:52:32.275|DEBUG|ArtifactScraper|Parsing artifact substat: atk+19
2026-09-29 10:52:32.275|DEBUG|ArtifactScraper|Parsing artifact substat: critdmg+5.4%
2026-09-29 10:52:32.275|DEBUG|ArtifactScraper|Parsing artifact substat: critrate+3.1%
2026-09-29 10:52:32.275|DEBUG|ArtifactScraper|Parsing artifact substat: elementalmastery+21
2026-09-29 10:52:32.357|DEBUG|ArtifactScraper|Parsing artifact substat: elementalmastery+23
2026-09-29 10:52:32.357|DEBUG|ArtifactScraper|Parsing artifact substat: def+16
2026-09-29 10:52:32.357|DEBUG|ArtifactScraper|Parsing artifact substat: hp+5.8%
2026-09-29 10:52:32.357|DEBUG|ArtifactScraper|Parsing artifact substat: def+6.6%
2026-09-29 10:52:32.611|DEBUG|ArtifactScraper|Parsing artifact substat: atk+18
2026-09-29 10:52:32.611|DEBUG|ArtifactScraper|Parsing artifact substat: def+21
2026-09-29 10:52:32.611|DEBUG|ArtifactScraper|Parsing artifact substat: def+7.3%
2026-09-29 10:52:32.611|DEBUG|ArtifactScraper|Parsing artifact substat: hp+5.3%(unactivated)
2026-09-29 10:52:32.717|DEBUG|ArtifactScraper|Parsing artifact substat: energyrecharge+5.2%
2026-09-29 10:52:32.717|DEBUG|ArtifactScraper|Parsing artifact substat: def+21
2026-09-29 10:52:32.717|DEBUG|ArtifactScraper|Parsing artifact substat: critdmg+7.0%
2026-09-29 10:52:32.717|DEBUG|ArtifactScraper|Parsing artifact substat: def+6.6%(unactivated)
2026-09-29 10:52:32.984|DEBUG|ArtifactScraper|Parsing artifact substat: hp+4.1%
2026-09-29 10:52:32.984|DEBUG|ArtifactScraper|Parsing artifact substat: critrate+2.7%
2026-09-29 10:52:32.984|DEBUG|ArtifactScraper|Parsing artifact substat: critdmg+6.2%
2026-09-29 10:52:32.984|DEBUG|ArtifactScraper|Parsing artifact substat: energyrecharge+4.5%
2026-09-29 10:52:33.125|DEBUG|ArtifactScraper|Parsing artifact substat: critdmg+6.2%
2026-09-29 10:52:33.125|DEBUG|ArtifactScraper|Parsing artifact substat: elementalmastery+21
2026-09-29 10:52:33.125|DEBUG|ArtifactScraper|Parsing artifact substat: def+23
2026-09-29 10:52:33.125|DEBUG|ArtifactScraper|Parsing artifact substat: critrate+2.7%(unactivated)
2026-09-29 10:52:33.258|DEBUG|ArtifactScraper|Parsing artifact substat: energyrecharge+4.5%
2026-09-29 10:52:33.258|DEBUG|ArtifactScraper|Parsing artifact substat: hp+4.1%
2026-09-29 10:52:33.258|DEBUG|ArtifactScraper|Parsing artifact substat: def+6.6%
2026-09-29 10:52:33.258|DEBUG|ArtifactScraper|Parsing artifact substat: def+19(unactivated)
2026-09-29 10:52:33.536|DEBUG|ArtifactScraper|Parsing artifact substat: energyrecharge+5.8%
2026-09-29 10:52:33.536|DEBUG|ArtifactScraper|Parsing artifact substat: hp+5.3%
2026-09-29 10:52:33.536|DEBUG|ArtifactScraper|Parsing artifact substat: def+6.6%
2026-09-29 10:52:33.536|DEBUG|ArtifactScraper|Parsing artifact substat: def+23(unactivated)
2026-09-29 10:52:33.631|DEBUG|ArtifactScraper|Parsing artifact substat: hp+269
2026-09-29 10:52:33.631|DEBUG|ArtifactScraper|Parsing artifact substat: def+6.6%
2026-09-29 10:52:33.631|DEBUG|ArtifactScraper|Parsing artifact substat: hp+5.8%
2026-09-29 10:52:33.631|DEBUG|ArtifactScraper|Parsing artifact substat: def+19(unactivated)
2026-09-29 10:52:33.750|DEBUG|ArtifactScraper|Finished queuing page of artifacts. Scrolling...
2026-09-29 10:52:33.943|DEBUG|ArtifactScraper|Parsing artifact substat: def+5.1%
2026-09-29 10:52:33.943|DEBUG|ArtifactScraper|Parsing artifact substat: hp+5.8%
2026-09-29 10:52:33.943|DEBUG|ArtifactScraper|Parsing artifact substat: critrate+2.7%
2026-09-29 10:52:33.943|DEBUG|ArtifactScraper|Parsing artifact substat: hp+299(unactivated)
2026-09-29 10:52:33.943|DEBUG|ArtifactScraper|Parsing artifact substat: critdmg+7.0%
2026-09-29 10:52:33.943|DEBUG|ArtifactScraper|Parsing artifact substat: def+23
2026-09-29 10:52:33.943|DEBUG|ArtifactScraper|Parsing artifact substat: energyrecharge+5.2%
2026-09-29 10:52:33.943|DEBUG|ArtifactScraper|Parsing artifact substat: def+6.6%(unactivated)
2026-09-29 10:52:34.237|DEBUG|ArtifactScraper|Parsing artifact substat: elementalmastery+19
2026-09-29 10:52:34.237|DEBUG|ArtifactScraper|Parsing artifact substat: hp+269
2026-09-29 10:52:34.237|DEBUG|ArtifactScraper|Parsing artifact substat: def+23
2026-09-29 10:52:34.237|DEBUG|ArtifactScraper|Parsing artifact substat: atk+19(unactivated)
2026-09-29 10:52:36.130|DEBUG|ArtifactScraper|Scanning artifact page 11
2026-09-29 10:52:36.130|DEBUG|ArtifactScraper|Located 32 possible item locations on page.
2026-09-29 10:52:36.587|DEBUG|ArtifactScraper|Parsing artifact substat: critdmg+7.0%
2026-09-29 10:52:36.587|DEBUG|ArtifactScraper|Parsing artifact substat: hp+209
2026-09-29 10:52:36.587|DEBUG|ArtifactScraper|Parsing artifact substat: def+21
2026-09-29 10:52:36.587|DEBUG|ArtifactScraper|Parsing artifact substat: atk+19(unactivated)
2026-09-29 10:52:36.939|DEBUG|ArtifactScraper|Parsing artifact substat: hp+5.8%
2026-09-29 10:52:36.939|DEBUG|ArtifactScraper|Parsing artifact substat: hp+239
2026-09-29 10:52:36.939|DEBUG|ArtifactScraper|Parsing artifact substat: elementalmastery+16
2026-09-29 10:52:36.939|DEBUG|ArtifactScraper|Parsing artifact substat: atk+16(unactivated)
2026-09-29 10:52:36.953|DEBUG|ArtifactScraper|Parsing artifact substat: hp+209
2026-09-29 10:52:36.953|DEBUG|ArtifactScraper|Parsing artifact substat: atk+14
2026-09-29 10:52:36.953|DEBUG|ArtifactScraper|Parsing artifact substat: critdmg+6.2%
2026-09-29 10:52:36.953|DEBUG|ArtifactScraper|Parsing artifact substat: def+23(unactivated)
2026-09-29 10:52:37.200|DEBUG|ArtifactScraper|Parsing artifact substat: elementalmastery+21
2026-09-29 10:52:37.200|DEBUG|ArtifactScraper|Parsing artifact substat: hp+209
2026-09-29 10:52:37.200|DEBUG|ArtifactScraper|Parsing artifact substat: hp+5.8%
2026-09-29 10:52:37.200|DEBUG|ArtifactScraper|Parsing artifact substat: atk+19
2026-09-29 10:52:37.358|DEBUG|ArtifactScraper|Parsing artifact substat: elementalmastery+23
2026-09-29 10:52:37.358|DEBUG|ArtifactScraper|Parsing artifact substat: def+7.3%
2026-09-29 10:52:37.358|DEBUG|ArtifactScraper|Parsing artifact substat: atk+4.7%
2026-09-29 10:52:37.358|DEBUG|ArtifactScraper|Parsing artifact substat: hp+209(unactivated)
2026-09-29 10:52:37.630|DEBUG|ArtifactScraper|Parsing artifact substat: hp+239
2026-09-29 10:52:37.630|DEBUG|ArtifactScraper|Parsing artifact substat: elementalmastery+21
2026-09-29 10:52:37.630|DEBUG|ArtifactScraper|Parsing artifact substat: critdmg+5.4%
2026-09-29 10:52:37.630|DEBUG|ArtifactScraper|Parsing artifact substat: hp+4.7%(unactivated)
2026-09-29 10:52:37.805|DEBUG|ArtifactScraper|Parsing artifact substat: def+21
2026-09-29 10:52:37.805|DEBUG|ArtifactScraper|Parsing artifact substat: atk+4.1%
2026-09-29 10:52:37.805|DEBUG|ArtifactScraper|Parsing artifact substat: energyrecharge+5.2%
2026-09-29 10:52:37.805|DEBUG|ArtifactScraper|Parsing artifact substat: hp+5.3%(unactivated)
2026-09-29 10:52:37.941|DEBUG|ArtifactScraper|Parsing artifact substat: def+16
2026-09-29 10:52:37.941|DEBUG|ArtifactScraper|Parsing artifact substat: atk+4.7%
2026-09-29 10:52:37.941|DEBUG|ArtifactScraper|Parsing artifact substat: hp+299
2026-09-29 10:52:37.941|DEBUG|ArtifactScraper|Parsing artifact substat: hp+4.7%(unactivated)
2026-09-29 10:52:38.118|DEBUG|ArtifactScraper|Parsing artifact substat: def+21
2026-09-29 10:52:38.118|DEBUG|ArtifactScraper|Parsing artifact substat: atk+16
2026-09-29 10:52:38.118|DEBUG|ArtifactScraper|Parsing artifact substat: atk+5.8%
2026-09-29 10:52:38.118|DEBUG|ArtifactScraper|Parsing artifact substat: critrate+2.7%(unactivated)
2026-09-29 10:52:38.351|DEBUG|ArtifactScraper|Parsing artifact substat: hp+269
2026-09-29 10:52:38.351|DEBUG|ArtifactScraper|Parsing artifact substat: elementalmastery+16
2026-09-29 10:52:38.351|DEBUG|ArtifactScraper|Parsing artifact substat: critrate+2.7%
2026-09-29 10:52:38.351|DEBUG|ArtifactScraper|Parsing artifact substat: critdmg+5.4%(unactivated)
2026-09-29 10:52:38.591|DEBUG|ArtifactScraper|Parsing artifact substat: atk+14
2026-09-29 10:52:38.591|DEBUG|ArtifactScraper|Parsing artifact substat: energyrecharge+5.2%
2026-09-29 10:52:38.591|DEBUG|ArtifactScraper|Parsing artifact substat: def+5.8%
2026-09-29 10:52:38.591|DEBUG|ArtifactScraper|Parsing artifact substat: elementalmastery+21
2026-09-29 10:52:38.643|DEBUG|ArtifactScraper|Parsing artifact substat: def+16
2026-09-29 10:52:38.643|DEBUG|ArtifactScraper|Parsing artifact substat: hp+209
2026-09-29 10:52:38.643|DEBUG|ArtifactScraper|Parsing artifact substat: elementalmastery+21
2026-09-29 10:52:38.643|DEBUG|ArtifactScraper|Parsing artifact substat: atk+5.8%
2026-09-29 10:52:39.030|DEBUG|ArtifactScraper|Parsing artifact substat: def+7.3%
2026-09-29 10:52:39.030|DEBUG|ArtifactScraper|Parsing artifact substat: critrate+3.1%
2026-09-29 10:52:39.030|DEBUG|ArtifactScraper|Parsing artifact substat: hp+4.1%
2026-09-29 10:52:39.030|DEBUG|ArtifactScraper|Parsing artifact substat: energyrecharge+5.8%
2026-09-29 10:52:39.093|DEBUG|ArtifactScraper|Parsing artifact substat: critrate+3.1%
2026-09-29 10:52:39.093|DEBUG|ArtifactScraper|Parsing artifact substat: def+21
2026-09-29 10:52:39.093|DEBUG|ArtifactScraper|Parsing artifact substat: critdmg+6.2%
2026-09-29 10:52:39.093|DEBUG|ArtifactScraper|Parsing artifact substat: atk+18(unactivated)
2026-09-29 10:52:39.403|DEBUG|ArtifactScraper|Parsing artifact substat: elementalmastery+19
2026-09-29 10:52:39.403|DEBUG|ArtifactScraper|Parsing artifact substat: hp+4.1%
2026-09-29 10:52:39.403|DEBUG|ArtifactScraper|Parsing artifact substat: def+21
2026-09-29 10:52:39.403|DEBUG|ArtifactScraper|Parsing artifact substat: energyrecharge+4.5%
2026-09-29 10:52:39.531|DEBUG|ArtifactScraper|Parsing artifact substat: atk+4.7%
2026-09-29 10:52:39.531|DEBUG|ArtifactScraper|Parsing artifact substat: hp+4.1%
2026-09-29 10:52:39.531|DEBUG|ArtifactScraper|Parsing artifact substat: elementalmastery+19
2026-09-29 10:52:39.531|DEBUG|ArtifactScraper|Parsing artifact substat: critrate+3.5%(unactivated)
2026-09-29 10:52:39.580|DEBUG|ArtifactScraper|Parsing artifact substat: atk+18
2026-09-29 10:52:39.580|DEBUG|ArtifactScraper|Parsing artifact substat: def+7.3%
2026-09-29 10:52:39.580|DEBUG|ArtifactScraper|Parsing artifact substat: atk+5.8%
2026-09-29 10:52:39.580|DEBUG|ArtifactScraper|Parsing artifact substat: energyrecharge+4.5%
2026-09-29 10:52:39.865|DEBUG|ArtifactScraper|Parsing artifact substat: def+21
2026-09-29 10:52:39.865|DEBUG|ArtifactScraper|Parsing artifact substat: atk+16
2026-09-29 10:52:39.865|DEBUG|ArtifactScraper|Parsing artifact substat: energyrecharge+6.5%
2026-09-29 10:52:39.865|DEBUG|ArtifactScraper|Parsing artifact substat: critrate+3.5%(unactivated)
2026-09-29 10:52:40.000|DEBUG|ArtifactScraper|Parsing artifact substat: elementalmastery+23
2026-09-29 10:52:40.000|DEBUG|ArtifactScraper|Parsing artifact substat: energyrecharge+4.5%
2026-09-29 10:52:40.000|DEBUG|ArtifactScraper|Parsing artifact substat: hp+5.3%
2026-09-29 10:52:40.000|DEBUG|ArtifactScraper|Parsing artifact substat: critrate+2.7%(unactivated)
2026-09-29 10:52:40.337|DEBUG|ArtifactScraper|Parsing artifact substat: atk+4.7%
2026-09-29 10:52:40.337|DEBUG|ArtifactScraper|Parsing artifact substat: def+7.3%
2026-09-29 10:52:40.337|DEBUG|ArtifactScraper|Parsing artifact substat: def+23
2026-09-29 10:52:40.337|DEBUG|ArtifactScraper|Parsing artifact substat: critrate+3.5%(unactivated)
2026-09-29 10:52:40.357|DEBUG|ArtifactScraper|Parsing artifact substat: energyrecharge+4.5%
2026-09-29 10:52:40.357|DEBUG|ArtifactScraper|Parsing artifact substat: atk+5.3%
2026-09-29 10:52:40.357|DEBUG|ArtifactScraper|Parsing artifact substat: hp+4.7%
2026-09-29 10:52:40.357|DEBUG|ArtifactScraper|Parsing artifact substat: critdmg+5.4%(unactivated)
2026-09-29 10:52:40.457|DEBUG|ArtifactScraper|Parsing artifact substat: def+5.8%
2026-09-29 10:52:40.457|DEBUG|ArtifactScraper|Parsing artifact substat: hp+269
2026-09-29 10:52:40.457|DEBUG|ArtifactScraper|Parsing artifact substat: def+16
2026-09-29 10:52:40.457|DEBUG|ArtifactScraper|Parsing artifact substat: hp+4.7%(unactivated)
2026-09-29 10:52:40.770|DEBUG|ArtifactScraper|Parsing artifact substat: atk+4.1%
2026-09-29 10:52:40.770|DEBUG|ArtifactScraper|Parsing artifact substat: def+23
2026-09-29 10:52:40.770|DEBUG|ArtifactScraper|Parsing artifact substat: energyrecharge+6.5%
2026-09-29 10:52:40.770|DEBUG|ArtifactScraper|Parsing artifact substat: hp+269(unactivated)
2026-09-29 10:52:40.869|DEBUG|ArtifactScraper|Parsing artifact substat: hp+239
2026-09-29 10:52:40.869|DEBUG|ArtifactScraper|Parsing artifact substat: def+21
2026-09-29 10:52:40.869|DEBUG|ArtifactScraper|Parsing artifact substat: critrate+2.7%
2026-09-29 10:52:40.869|DEBUG|ArtifactScraper|Parsing artifact substat: critdmg+5.4%
2026-09-29 10:52:41.048|DEBUG|ArtifactScraper|Parsing artifact substat: atk+18
2026-09-29 10:52:41.048|DEBUG|ArtifactScraper|Parsing artifact substat: atk+5.8%
2026-09-29 10:52:41.048|DEBUG|ArtifactScraper|Parsing artifact substat: def+7.3%
2026-09-29 10:52:41.048|DEBUG|ArtifactScraper|Parsing artifact substat: elementalmastery+16
2026-09-29 10:52:41.244|DEBUG|ArtifactScraper|Parsing artifact substat: critdmg+6.2%
2026-09-29 10:52:41.244|DEBUG|ArtifactScraper|Parsing artifact substat: elementalmastery+19
2026-09-29 10:52:41.244|DEBUG|ArtifactScraper|Parsing artifact substat: hp+269
2026-09-29 10:52:41.244|DEBUG|ArtifactScraper|Parsing artifact substat: critrate+3.1%(unactivated)
2026-09-29 10:52:41.466|DEBUG|ArtifactScraper|Parsing artifact substat: energyrecharge+6.5%
2026-09-29 10:52:41.466|DEBUG|ArtifactScraper|Parsing artifact substat: hp+5.3%
2026-09-29 10:52:41.466|DEBUG|ArtifactScraper|Parsing artifact substat: atk+19
2026-09-29 10:52:41.466|DEBUG|ArtifactScraper|Parsing artifact substat: def+16
2026-09-29 10:52:41.599|DEBUG|ArtifactScraper|Parsing artifact substat: hp+209
2026-09-29 10:52:41.599|DEBUG|ArtifactScraper|Parsing artifact substat: energyrecharge+5.2%
2026-09-29 10:52:41.599|DEBUG|ArtifactScraper|Parsing artifact substat: def+7.3%
2026-09-29 10:52:41.599|DEBUG|ArtifactScraper|Parsing artifact substat: hp+4.7%(unactivated)
2026-09-29 10:52:41.678|DEBUG|ArtifactScraper|Parsing artifact substat: critrate+3.5%
2026-09-29 10:52:41.678|DEBUG|ArtifactScraper|Parsing artifact substat: hp+209
2026-09-29 10:52:41.678|DEBUG|ArtifactScraper|Parsing artifact substat: hp+4.7%
2026-09-29 10:52:41.678|DEBUG|ArtifactScraper|Parsing artifact substat: elementalmastery+23
2026-09-29 10:52:41.856|DEBUG|ArtifactScraper|Finished queuing page of artifacts. Scrolling...
2026-09-29 10:52:41.907|DEBUG|ArtifactScraper|Parsing artifact substat: energyrecharge+6.5%
2026-09-29 10:52:41.907|DEBUG|ArtifactScraper|Parsing artifact substat: critrate+3.5%
2026-09-29 10:52:41.907|DEBUG|ArtifactScraper|Parsing artifact substat: def+23
2026-09-29 10:52:41.907|DEBUG|ArtifactScraper|Parsing artifact substat: elementalmastery+16
2026-09-29 10:52:42.004|DEBUG|ArtifactScraper|Parsing artifact substat: hp+239
2026-09-29 10:52:42.004|DEBUG|ArtifactScraper|Parsing artifact substat: def+21
2026-09-29 10:52:42.004|DEBUG|ArtifactScraper|Parsing artifact substat: critdmg+7.0%
2026-09-29 10:52:42.004|DEBUG|ArtifactScraper|Parsing artifact substat: def+5.1%(unactivated)
2026-09-29 10:52:42.239|DEBUG|ArtifactScraper|Parsing artifact substat: def+21
2026-09-29 10:52:42.239|DEBUG|ArtifactScraper|Parsing artifact substat: hp+269
2026-09-29 10:52:42.239|DEBUG|ArtifactScraper|Parsing artifact substat: hp+4.7%
2026-09-29 10:52:42.239|DEBUG|ArtifactScraper|Parsing artifact substat: def+5.1%(unactivated)
2026-09-29 10:52:44.212|DEBUG|ArtifactScraper|Scanning artifact page 12
2026-09-29 10:52:44.212|DEBUG|ArtifactScraper|Located 32 possible item locations on page.
2026-09-29 10:52:44.620|DEBUG|ArtifactScraper|Parsing artifact substat: hp+269
2026-09-29 10:52:44.620|DEBUG|ArtifactScraper|Parsing artifact substat: def+23
2026-09-29 10:52:44.620|DEBUG|ArtifactScraper|Parsing artifact substat: atk+4.1%
2026-09-29 10:52:44.620|DEBUG|ArtifactScraper|Parsing artifact substat: hp+4.1%(unactivated)
2026-09-29 10:52:44.860|DEBUG|ArtifactScraper|Parsing artifact substat: def+23
2026-09-29 10:52:44.860|DEBUG|ArtifactScraper|Parsing artifact substat: energyrecharge+5.2%
2026-09-29 10:52:44.860|DEBUG|ArtifactScraper|Parsing artifact substat: atk+18
2026-09-29 10:52:44.860|DEBUG|ArtifactScraper|Parsing artifact substat: hp+209(unactivated)
2026-09-29 10:52:45.236|DEBUG|ArtifactScraper|Parsing artifact substat: atk+16
2026-09-29 10:52:45.236|DEBUG|ArtifactScraper|Parsing artifact substat: critrate+2.7%
2026-09-29 10:52:45.236|DEBUG|ArtifactScraper|Parsing artifact substat: def+6.6%
2026-09-29 10:52:45.236|DEBUG|ArtifactScraper|Parsing artifact substat: hp+299(unactivated)
2026-09-29 10:52:45.236|DEBUG|ArtifactScraper|Parsing artifact substat: elementalmastery+16
2026-09-29 10:52:45.236|DEBUG|ArtifactScraper|Parsing artifact substat: atk+18
2026-09-29 10:52:45.236|DEBUG|ArtifactScraper|Parsing artifact substat: def+23
2026-09-29 10:52:45.236|DEBUG|ArtifactScraper|Parsing artifact substat: critdmg+7.0%(unactivated)
2026-09-29 10:52:45.504|DEBUG|ArtifactScraper|Parsing artifact substat: atk+18
2026-09-29 10:52:45.504|DEBUG|ArtifactScraper|Parsing artifact substat: def+16
2026-09-29 10:52:45.504|DEBUG|ArtifactScraper|Parsing artifact substat: hp+299
2026-09-29 10:52:45.504|DEBUG|ArtifactScraper|Parsing artifact substat: critdmg+7.0%(unactivated)
2026-09-29 10:52:45.632|DEBUG|ArtifactScraper|Parsing artifact substat: critdmg+7.8%
2026-09-29 10:52:45.632|DEBUG|ArtifactScraper|Parsing artifact substat: hp+4.1%
2026-09-29 10:52:45.632|DEBUG|ArtifactScraper|Parsing artifact substat: def+5.1%
2026-09-29 10:52:45.632|DEBUG|ArtifactScraper|Parsing artifact substat: critrate+3.5%
2026-09-29 10:52:45.904|DEBUG|ArtifactScraper|Parsing artifact substat: hp+5.3%
2026-09-29 10:52:45.904|DEBUG|ArtifactScraper|Parsing artifact substat: atk+4.7%
2026-09-29 10:52:45.904|DEBUG|ArtifactScraper|Parsing artifact substat: atk+18
2026-09-29 10:52:45.904|DEBUG|ArtifactScraper|Parsing artifact substat: hp+239(unactivated)
2026-09-29 10:52:45.919|DEBUG|ArtifactScraper|Parsing artifact substat: hp+299
2026-09-29 10:52:45.919|DEBUG|ArtifactScraper|Parsing artifact substat: atk+19
2026-09-29 10:52:45.919|DEBUG|ArtifactScraper|Parsing artifact substat: elementalmastery+16
2026-09-29 10:52:45.919|DEBUG|ArtifactScraper|Parsing artifact substat: def+23
2026-09-29 10:52:46.281|DEBUG|ArtifactScraper|Parsing artifact substat: hp+5.3%
2026-09-29 10:52:46.281|DEBUG|ArtifactScraper|Parsing artifact substat: atk+16
2026-09-29 10:52:46.281|DEBUG|ArtifactScraper|Parsing artifact substat: def+6.6%
2026-09-29 10:52:46.281|DEBUG|ArtifactScraper|Parsing artifact substat: energyrecharge+4.5%
2026-09-29 10:52:46.366|DEBUG|ArtifactScraper|Parsing artifact substat: critrate+3.5%
2026-09-29 10:52:46.366|DEBUG|ArtifactScraper|Parsing artifact substat: def+23
2026-09-29 10:52:46.366|DEBUG|ArtifactScraper|Parsing artifact substat: elementalmastery+16
2026-09-29 10:52:46.366|DEBUG|ArtifactScraper|Parsing artifact substat: def+5.8%(unactivated)
2026-09-29 10:52:46.659|DEBUG|ArtifactScraper|Parsing artifact substat: def+23
2026-09-29 10:52:46.659|DEBUG|ArtifactScraper|Parsing artifact substat: critrate+2.7%
2026-09-29 10:52:46.659|DEBUG|ArtifactScraper|Parsing artifact substat: hp+209
2026-09-29 10:52:46.659|DEBUG|ArtifactScraper|Parsing artifact substat: elementalmastery+19
2026-09-29 10:52:46.771|DEBUG|ArtifactScraper|Parsing artifact substat: energyrecharge+6.5%
2026-09-29 10:52:46.771|DEBUG|ArtifactScraper|Parsing artifact substat: def+19
2026-09-29 10:52:46.771|DEBUG|ArtifactScraper|Parsing artifact substat: elementalmastery+16
2026-09-29 10:52:46.771|DEBUG|ArtifactScraper|Parsing artifact substat: atk+5.3%(unactivated)
2026-09-29 10:52:46.826|DEBUG|ArtifactScraper|Parsing artifact substat: def+16
2026-09-29 10:52:46.826|DEBUG|ArtifactScraper|Parsing artifact substat: def+5.1%
2026-09-29 10:52:46.826|DEBUG|ArtifactScraper|Parsing artifact substat: energyrecharge+4.5%
2026-09-29 10:52:46.826|DEBUG|ArtifactScraper|Parsing artifact substat: elementalmastery+23
2026-09-29 10:52:47.087|DEBUG|ArtifactScraper|Parsing artifact substat: energyrecharge+5.8%
2026-09-29 10:52:47.087|DEBUG|ArtifactScraper|Parsing artifact substat: hp+5.3%
2026-09-29 10:52:47.087|DEBUG|ArtifactScraper|Parsing artifact substat: atk+14
2026-09-29 10:52:47.087|DEBUG|ArtifactScraper|Parsing artifact substat: hp+299(unactivated)
2026-09-29 10:52:47.188|DEBUG|ArtifactScraper|Parsing artifact substat: def+16
2026-09-29 10:52:47.188|DEBUG|ArtifactScraper|Parsing artifact substat: atk+19
2026-09-29 10:52:47.188|DEBUG|ArtifactScraper|Parsing artifact substat: critrate+3.5%
2026-09-29 10:52:47.188|DEBUG|ArtifactScraper|Parsing artifact substat: atk+5.8%(unactivated)
2026-09-29 10:52:47.470|DEBUG|ArtifactScraper|Parsing artifact substat: def+5.1%
2026-09-29 10:52:47.470|DEBUG|ArtifactScraper|Parsing artifact substat: def+23
2026-09-29 10:52:47.470|DEBUG|ArtifactScraper|Parsing artifact substat: atk+18
2026-09-29 10:52:47.470|DEBUG|ArtifactScraper|Parsing artifact substat: hp+4.7%
2026-09-29 10:52:47.498|DEBUG|ArtifactScraper|Parsing artifact substat: def+19
2026-09-29 10:52:47.498|DEBUG|ArtifactScraper|Parsing artifact substat: atk+16
2026-09-29 10:52:47.498|DEBUG|ArtifactScraper|Parsing artifact substat: critdmg+7.0%
2026-09-29 10:52:47.498|DEBUG|ArtifactScraper|Parsing artifact substat: elementalmastery+23
2026-09-29 10:52:47.848|DEBUG|ArtifactScraper|Parsing artifact substat: hp+5.3%
2026-09-29 10:52:47.848|DEBUG|ArtifactScraper|Parsing artifact substat: def+23
2026-09-29 10:52:47.848|DEBUG|ArtifactScraper|Parsing artifact substat: elementalmastery+16
2026-09-29 10:52:47.848|DEBUG|ArtifactScraper|Parsing artifact substat: energyrecharge+6.5%
2026-09-29 10:52:47.867|DEBUG|ArtifactScraper|Parsing artifact substat: critdmg+7.0%
2026-09-29 10:52:47.867|DEBUG|ArtifactScraper|Parsing artifact substat: energyrecharge+4.5%
2026-09-29 10:52:47.867|DEBUG|ArtifactScraper|Parsing artifact substat: atk+18
2026-09-29 10:52:47.867|DEBUG|ArtifactScraper|Parsing artifact substat: hp+4.7%
2026-09-29 10:52:48.165|DEBUG|ArtifactScraper|Parsing artifact substat: energyrecharge+5.8%
2026-09-29 10:52:48.165|DEBUG|ArtifactScraper|Parsing artifact substat: def+16
2026-09-29 10:52:48.165|DEBUG|ArtifactScraper|Parsing artifact substat: hp+5.3%
2026-09-29 10:52:48.165|DEBUG|ArtifactScraper|Parsing artifact substat: atk+5.8%(unactivated)
2026-09-29 10:52:48.260|DEBUG|ArtifactScraper|Parsing artifact substat: atk+16
2026-09-29 10:52:48.260|DEBUG|ArtifactScraper|Parsing artifact substat: critdmg+5.4%
2026-09-29 10:52:48.260|DEBUG|ArtifactScraper|Parsing artifact substat: def+6.6%
2026-09-29 10:52:48.260|DEBUG|ArtifactScraper|Parsing artifact substat: hp+5.8%(unactivated)
2026-09-29 10:52:48.553|DEBUG|ArtifactScraper|Parsing artifact substat: energyrecharge+4.5%
2026-09-29 10:52:48.553|DEBUG|ArtifactScraper|Parsing artifact substat: def+5.8%
2026-09-29 10:52:48.553|DEBUG|ArtifactScraper|Parsing artifact substat: atk+19
2026-09-29 10:52:48.553|DEBUG|ArtifactScraper|Parsing artifact substat: hp+4.7%(unactivated)
2026-09-29 10:52:48.589|DEBUG|ArtifactScraper|Parsing artifact substat: hp+4.7%
2026-09-29 10:52:48.589|DEBUG|ArtifactScraper|Parsing artifact substat: energyrecharge+5.8%
2026-09-29 10:52:48.589|DEBUG|ArtifactScraper|Parsing artifact substat: atk+16
2026-09-29 10:52:48.589|DEBUG|ArtifactScraper|Parsing artifact substat: def+21(unactivated)
2026-09-29 10:52:48.678|DEBUG|ArtifactScraper|Parsing artifact substat: energyrecharge+5.8%
2026-09-29 10:52:48.678|DEBUG|ArtifactScraper|Parsing artifact substat: def+19
2026-09-29 10:52:48.678|DEBUG|ArtifactScraper|Parsing artifact substat: def+6.6%
2026-09-29 10:52:48.678|DEBUG|ArtifactScraper|Parsing artifact substat: atk+18(unactivated)
2026-09-29 10:52:48.939|DEBUG|ArtifactScraper|Parsing artifact substat: elementalmastery+23
2026-09-29 10:52:48.939|DEBUG|ArtifactScraper|Parsing artifact substat: def+5.1%
2026-09-29 10:52:48.939|DEBUG|ArtifactScraper|Parsing artifact substat: hp+269
2026-09-29 10:52:48.939|DEBUG|ArtifactScraper|Parsing artifact substat: energyrecharge+5.2%
2026-09-29 10:52:48.943|DEBUG|ArtifactScraper|Parsing artifact substat: def+6.6%
2026-09-29 10:52:48.943|DEBUG|ArtifactScraper|Parsing artifact substat: hp+209
2026-09-29 10:52:48.943|DEBUG|ArtifactScraper|Parsing artifact substat: energyrecharge+4.5%
2026-09-29 10:52:48.943|DEBUG|ArtifactScraper|Parsing artifact substat: def+16
2026-09-29 10:52:49.258|DEBUG|ArtifactScraper|Parsing artifact substat: def+19
2026-09-29 10:52:49.258|DEBUG|ArtifactScraper|Parsing artifact substat: def+6.6%
2026-09-29 10:52:49.258|DEBUG|ArtifactScraper|Parsing artifact substat: hp+239
2026-09-29 10:52:49.258|DEBUG|ArtifactScraper|Parsing artifact substat: atk+4.7%
2026-09-29 10:52:49.298|DEBUG|ArtifactScraper|Parsing artifact substat: critrate+3.5%
2026-09-29 10:52:49.299|DEBUG|ArtifactScraper|Parsing artifact substat: hp+299
2026-09-29 10:52:49.299|DEBUG|ArtifactScraper|Parsing artifact substat: def+6.6%
2026-09-29 10:52:49.299|DEBUG|ArtifactScraper|Parsing artifact substat: energyrecharge+5.2%
2026-09-29 10:52:49.554|DEBUG|ArtifactScraper|Parsing artifact substat: hp+4.7%
2026-09-29 10:52:49.554|DEBUG|ArtifactScraper|Parsing artifact substat: energyrecharge+6.5%
2026-09-29 10:52:49.554|DEBUG|ArtifactScraper|Parsing artifact substat: def+21
2026-09-29 10:52:49.554|DEBUG|ArtifactScraper|Parsing artifact substat: hp+299
2026-09-29 10:52:49.641|DEBUG|ArtifactScraper|Finished queuing page of artifacts. Scrolling...
2026-09-29 10:52:49.644|DEBUG|ArtifactScraper|Parsing artifact substat: atk+5.3%
2026-09-29 10:52:49.644|DEBUG|ArtifactScraper|Parsing artifact substat: def+6.6%
2026-09-29 10:52:49.644|DEBUG|ArtifactScraper|Parsing artifact substat: critrate+3.9%
2026-09-29 10:52:49.644|DEBUG|ArtifactScraper|Parsing artifact substat: elementalmastery+23
2026-09-29 10:52:49.905|DEBUG|ArtifactScraper|Parsing artifact substat: elementalmastery+23
2026-09-29 10:52:49.905|DEBUG|ArtifactScraper|Parsing artifact substat: def+21
2026-09-29 10:52:49.905|DEBUG|ArtifactScraper|Parsing artifact substat: energyrecharge+5.8%
2026-09-29 10:52:49.905|DEBUG|ArtifactScraper|Parsing artifact substat: critdmg+7.8%(unactivated)
2026-09-29 10:52:49.966|DEBUG|ArtifactScraper|Parsing artifact substat: def+6.6%
2026-09-29 10:52:49.966|DEBUG|ArtifactScraper|Parsing artifact substat: atk+4.7%
2026-09-29 10:52:49.966|DEBUG|ArtifactScraper|Parsing artifact substat: hp+209
2026-09-29 10:52:49.966|DEBUG|ArtifactScraper|Parsing artifact substat: def+16(unactivated)
2026-09-29 10:52:50.235|DEBUG|ArtifactScraper|Scrolled back one
2026-09-29 10:52:51.625|DEBUG|ArtifactScraper|Scanning artifact page 13
2026-09-29 10:52:51.625|DEBUG|ArtifactScraper|Located 32 possible item locations on page.
2026-09-29 10:52:52.044|DEBUG|ArtifactScraper|Parsing artifact substat: def+16
2026-09-29 10:52:52.044|DEBUG|ArtifactScraper|Parsing artifact substat: atk+5.3%
2026-09-29 10:52:52.044|DEBUG|ArtifactScraper|Parsing artifact substat: elementalmastery+19
2026-09-29 10:52:52.044|DEBUG|ArtifactScraper|Parsing artifact substat: energyrecharge+5.8%
2026-09-29 10:52:52.164|DEBUG|ArtifactScraper|Parsing artifact substat: hp+269
2026-09-29 10:52:52.164|DEBUG|ArtifactScraper|Parsing artifact substat: atk+5.8%
2026-09-29 10:52:52.164|DEBUG|ArtifactScraper|Parsing artifact substat: hp+5.3%
2026-09-29 10:52:52.164|DEBUG|ArtifactScraper|Parsing artifact substat: energyrecharge+5.2%
2026-09-29 10:52:52.464|DEBUG|ArtifactScraper|Parsing artifact substat: def+23
2026-09-29 10:52:52.464|DEBUG|ArtifactScraper|Parsing artifact substat: atk+5.8%
2026-09-29 10:52:52.464|DEBUG|ArtifactScraper|Parsing artifact substat: critrate+3.1%
2026-09-29 10:52:52.464|DEBUG|ArtifactScraper|Parsing artifact substat: hp+5.8%(unactivated)
2026-09-29 10:52:52.534|DEBUG|ArtifactScraper|Parsing artifact substat: def+16
2026-09-29 10:52:52.534|DEBUG|ArtifactScraper|Parsing artifact substat: hp+239
2026-09-29 10:52:52.534|DEBUG|ArtifactScraper|Parsing artifact substat: def+5.1%
2026-09-29 10:52:52.534|DEBUG|ArtifactScraper|Parsing artifact substat: critdmg+7.0%(unactivated)
2026-09-29 10:52:52.749|DEBUG|ArtifactScraper|Parsing artifact substat: critdmg+7.8%
2026-09-29 10:52:52.749|DEBUG|ArtifactScraper|Parsing artifact substat: def+5.1%
2026-09-29 10:52:52.749|DEBUG|ArtifactScraper|Parsing artifact substat: def+21
2026-09-29 10:52:52.749|DEBUG|ArtifactScraper|Parsing artifact substat: hp+299(unactivated)
2026-09-29 10:52:53.073|DEBUG|ArtifactScraper|Parsing artifact substat: hp+239
2026-09-29 10:52:53.073|DEBUG|ArtifactScraper|Parsing artifact substat: def+19
2026-09-29 10:52:53.073|DEBUG|ArtifactScraper|Parsing artifact substat: elementalmastery+21
2026-09-29 10:52:53.073|DEBUG|ArtifactScraper|Parsing artifact substat: energyrecharge+5.8%
2026-09-29 10:52:53.109|DEBUG|ArtifactScraper|Parsing artifact substat: def+19
2026-09-29 10:52:53.109|DEBUG|ArtifactScraper|Parsing artifact substat: atk+4.1%
2026-09-29 10:52:53.109|DEBUG|ArtifactScraper|Parsing artifact substat: hp+5.3%
2026-09-29 10:52:53.109|DEBUG|ArtifactScraper|Parsing artifact substat: energyrecharge+4.5%
2026-09-29 10:52:53.404|DEBUG|ArtifactScraper|Parsing artifact substat: def+5.8%
2026-09-29 10:52:53.404|DEBUG|ArtifactScraper|Parsing artifact substat: hp+209
2026-09-29 10:52:53.404|DEBUG|ArtifactScraper|Parsing artifact substat: def+23
2026-09-29 10:52:53.404|DEBUG|ArtifactScraper|Parsing artifact substat: elementalmastery+16
2026-09-29 10:52:53.404|DEBUG|ArtifactScraper|Parsing artifact substat: def+6.6%
2026-09-29 10:52:53.404|DEBUG|ArtifactScraper|Parsing artifact substat: atk+5.3%
2026-09-29 10:52:53.404|DEBUG|ArtifactScraper|Parsing artifact substat: critrate+3.1%
2026-09-29 10:52:53.404|DEBUG|ArtifactScraper|Parsing artifact substat: energyrecharge+6.5%
2026-09-29 10:52:53.650|DEBUG|ArtifactScraper|Parsing artifact substat: hp+239
2026-09-29 10:52:53.650|DEBUG|ArtifactScraper|Parsing artifact substat: critrate+2.7%
2026-09-29 10:52:53.650|DEBUG|ArtifactScraper|Parsing artifact substat: elementalmastery+19
2026-09-29 10:52:53.650|DEBUG|ArtifactScraper|Parsing artifact substat: hp+4.7%
2026-09-29 10:52:53.970|DEBUG|ArtifactScraper|Parsing artifact substat: critrate+3.5%
2026-09-29 10:52:53.970|DEBUG|ArtifactScraper|Parsing artifact substat: def+5.1%
2026-09-29 10:52:53.970|DEBUG|ArtifactScraper|Parsing artifact substat: critdmg+5.4%
2026-09-29 10:52:53.970|DEBUG|ArtifactScraper|Parsing artifact substat: energyrecharge+4.5%
2026-09-29 10:52:53.988|DEBUG|ArtifactScraper|Parsing artifact substat: def+21
2026-09-29 10:52:53.988|DEBUG|ArtifactScraper|Parsing artifact substat: def+7.3%
2026-09-29 10:52:53.988|DEBUG|ArtifactScraper|Parsing artifact substat: atk+19
2026-09-29 10:52:53.988|DEBUG|ArtifactScraper|Parsing artifact substat: atk+5.8%(unactivated)
2026-09-29 10:52:54.266|DEBUG|ArtifactScraper|Parsing artifact substat: atk+19
2026-09-29 10:52:54.266|DEBUG|ArtifactScraper|Parsing artifact substat: hp+4.1%
2026-09-29 10:52:54.266|DEBUG|ArtifactScraper|Parsing artifact substat: hp+209
2026-09-29 10:52:54.266|DEBUG|ArtifactScraper|Parsing artifact substat: def+6.6%(unactivated)
2026-09-29 10:52:54.310|DEBUG|ArtifactScraper|Parsing artifact substat: elementalmastery+16
2026-09-29 10:52:54.310|DEBUG|ArtifactScraper|Parsing artifact substat: def+19
2026-09-29 10:52:54.310|DEBUG|ArtifactScraper|Parsing artifact substat: atk+14
2026-09-29 10:52:54.310|DEBUG|ArtifactScraper|Parsing artifact substat: hp+269(unactivated)
2026-09-29 10:52:54.588|DEBUG|ArtifactScraper|Parsing artifact substat: energyrecharge+4.5%
2026-09-29 10:52:54.588|DEBUG|ArtifactScraper|Parsing artifact substat: critdmg+7.8%
2026-09-29 10:52:54.588|DEBUG|ArtifactScraper|Parsing artifact substat: def+7.3%
2026-09-29 10:52:54.588|DEBUG|ArtifactScraper|Parsing artifact substat: def+23(unactivated)
2026-09-29 10:52:54.623|DEBUG|ArtifactScraper|Parsing artifact substat: atk+16
2026-09-29 10:52:54.623|DEBUG|ArtifactScraper|Parsing artifact substat: hp+4.7%
2026-09-29 10:52:54.623|DEBUG|ArtifactScraper|Parsing artifact substat: atk+4.7%
2026-09-29 10:52:54.623|DEBUG|ArtifactScraper|Parsing artifact substat: critrate+3.5%
2026-09-29 10:52:54.896|DEBUG|ArtifactScraper|Parsing artifact substat: hp+239
2026-09-29 10:52:54.896|DEBUG|ArtifactScraper|Parsing artifact substat: elementalmastery+16
2026-09-29 10:52:54.896|DEBUG|ArtifactScraper|Parsing artifact substat: critrate+3.1%
2026-09-29 10:52:54.896|DEBUG|ArtifactScraper|Parsing artifact substat: hp+4.7%(unactivated)
2026-09-29 10:52:54.959|DEBUG|ArtifactScraper|Parsing artifact substat: critdmg+5.4%
2026-09-29 10:52:54.959|DEBUG|ArtifactScraper|Parsing artifact substat: atk+5.3%
2026-09-29 10:52:54.959|DEBUG|ArtifactScraper|Parsing artifact substat: hp+4.1%
2026-09-29 10:52:54.959|DEBUG|ArtifactScraper|Parsing artifact substat: elementalmastery+16
2026-09-29 10:52:55.161|DEBUG|ArtifactScraper|Parsing artifact substat: atk+16
2026-09-29 10:52:55.161|DEBUG|ArtifactScraper|Parsing artifact substat: hp+209
2026-09-29 10:52:55.161|DEBUG|ArtifactScraper|Parsing artifact substat: def+16
2026-09-29 10:52:55.161|DEBUG|ArtifactScraper|Parsing artifact substat: hp+5.3%(unactivated)
2026-09-29 10:52:55.311|DEBUG|ArtifactScraper|Parsing artifact substat: def+16
2026-09-29 10:52:55.311|DEBUG|ArtifactScraper|Parsing artifact substat: hp+209
2026-09-29 10:52:55.311|DEBUG|ArtifactScraper|Parsing artifact substat: elementalmastery+21
2026-09-29 10:52:55.311|DEBUG|ArtifactScraper|Parsing artifact substat: def+5.8%(unactivated)
2026-09-29 10:52:55.480|DEBUG|ArtifactScraper|Parsing artifact substat: energyrecharge+4.5%
2026-09-29 10:52:55.480|DEBUG|ArtifactScraper|Parsing artifact substat: elementalmastery+23
2026-09-29 10:52:55.480|DEBUG|ArtifactScraper|Parsing artifact substat: atk+4.7%
2026-09-29 10:52:55.480|DEBUG|ArtifactScraper|Parsing artifact substat: atk+18
2026-09-29 10:52:55.599|DEBUG|ArtifactScraper|Parsing artifact substat: atk+18
2026-09-29 10:52:55.599|DEBUG|ArtifactScraper|Parsing artifact substat: hp+239
2026-09-29 10:52:55.599|DEBUG|ArtifactScraper|Parsing artifact substat: def+19
2026-09-29 10:52:55.599|DEBUG|ArtifactScraper|Parsing artifact substat: energyrecharge+5.8%
2026-09-29 10:52:55.794|DEBUG|ArtifactScraper|Parsing artifact substat: elementalmastery+16
2026-09-29 10:52:55.794|DEBUG|ArtifactScraper|Parsing artifact substat: hp+4.1%
2026-09-29 10:52:55.794|DEBUG|ArtifactScraper|Parsing artifact substat: hp+269
2026-09-29 10:52:55.794|DEBUG|ArtifactScraper|Parsing artifact substat: critrate+2.7%
2026-09-29 10:52:56.004|DEBUG|ArtifactScraper|Parsing artifact substat: elementalmastery+19
2026-09-29 10:52:56.004|DEBUG|ArtifactScraper|Parsing artifact substat: critrate+3.9%
2026-09-29 10:52:56.004|DEBUG|ArtifactScraper|Parsing artifact substat: def+7.3%
2026-09-29 10:52:56.004|DEBUG|ArtifactScraper|Parsing artifact substat: atk+19
2026-09-29 10:52:56.218|DEBUG|ArtifactScraper|Parsing artifact substat: atk+16
2026-09-29 10:52:56.218|DEBUG|ArtifactScraper|Parsing artifact substat: elementalmastery+23
2026-09-29 10:52:56.218|DEBUG|ArtifactScraper|Parsing artifact substat: atk+4.1%
2026-09-29 10:52:56.218|DEBUG|ArtifactScraper|Parsing artifact substat: energyrecharge+5.8%
2026-09-29 10:52:56.345|DEBUG|ArtifactScraper|Parsing artifact substat: elementalmastery+16
2026-09-29 10:52:56.345|DEBUG|ArtifactScraper|Parsing artifact substat: hp+299
2026-09-29 10:52:56.345|DEBUG|ArtifactScraper|Parsing artifact substat: atk+18
2026-09-29 10:52:56.345|DEBUG|ArtifactScraper|Parsing artifact substat: hp+5.8%(unactivated)
2026-09-29 10:52:56.561|DEBUG|ArtifactScraper|Parsing artifact substat: def+7.3%
2026-09-29 10:52:56.561|DEBUG|ArtifactScraper|Parsing artifact substat: atk+18
2026-09-29 10:52:56.561|DEBUG|ArtifactScraper|Parsing artifact substat: elementalmastery+16
2026-09-29 10:52:56.561|DEBUG|ArtifactScraper|Parsing artifact substat: critrate+3.9%(unactivated)
2026-09-29 10:52:56.670|DEBUG|ArtifactScraper|Parsing artifact substat: def+16
2026-09-29 10:52:56.670|DEBUG|ArtifactScraper|Parsing artifact substat: hp+5.3%
2026-09-29 10:52:56.670|DEBUG|ArtifactScraper|Parsing artifact substat: atk+4.7%
2026-09-29 10:52:56.670|DEBUG|ArtifactScraper|Parsing artifact substat: critdmg+7.0%(unactivated)
2026-09-29 10:52:56.927|DEBUG|ArtifactScraper|Parsing artifact substat: energyrecharge+4.5%
2026-09-29 10:52:56.927|DEBUG|ArtifactScraper|Parsing artifact substat: def+7.3%
2026-09-29 10:52:56.927|DEBUG|ArtifactScraper|Parsing artifact substat: def+16
2026-09-29 10:52:56.927|DEBUG|ArtifactScraper|Parsing artifact substat: atk+14(unactivated)
2026-09-29 10:52:57.045|DEBUG|ArtifactScraper|Finished queuing page of artifacts. Scrolling...
2026-09-29 10:52:57.074|DEBUG|ArtifactScraper|Parsing artifact substat: def+5.8%
2026-09-29 10:52:57.074|DEBUG|ArtifactScraper|Parsing artifact substat: elementalmastery+19
2026-09-29 10:52:57.074|DEBUG|ArtifactScraper|Parsing artifact substat: def+21
2026-09-29 10:52:57.074|DEBUG|ArtifactScraper|Parsing artifact substat: atk+14(unactivated)
2026-09-29 10:52:57.205|DEBUG|ArtifactScraper|Parsing artifact substat: hp+269
2026-09-29 10:52:57.205|DEBUG|ArtifactScraper|Parsing artifact substat: def+7.3%
2026-09-29 10:52:57.205|DEBUG|ArtifactScraper|Parsing artifact substat: atk+4.7%
2026-09-29 10:52:57.205|DEBUG|ArtifactScraper|Parsing artifact substat: energyrecharge+5.2%
2026-09-29 10:52:57.381|DEBUG|ArtifactScraper|Parsing artifact substat: critrate+3.5%
2026-09-29 10:52:57.381|DEBUG|ArtifactScraper|Parsing artifact substat: hp+4.1%
2026-09-29 10:52:57.381|DEBUG|ArtifactScraper|Parsing artifact substat: atk+4.1%
2026-09-29 10:52:57.381|DEBUG|ArtifactScraper|Parsing artifact substat: elementalmastery+23
2026-09-29 10:52:59.075|DEBUG|ArtifactScraper|Scanning artifact page 14
2026-09-29 10:52:59.075|DEBUG|ArtifactScraper|Located 32 possible item locations on page.
2026-09-29 10:52:59.504|DEBUG|ArtifactScraper|Parsing artifact substat: def+19
2026-09-29 10:52:59.504|DEBUG|ArtifactScraper|Parsing artifact substat: hp+4.7%
2026-09-29 10:52:59.504|DEBUG|ArtifactScraper|Parsing artifact substat: critrate+3.9%
2026-09-29 10:52:59.504|DEBUG|ArtifactScraper|Parsing artifact substat: hp+209
2026-09-29 10:52:59.721|DEBUG|ArtifactScraper|Parsing artifact substat: hp+239
2026-09-29 10:52:59.721|DEBUG|ArtifactScraper|Parsing artifact substat: critdmg+7.8%
2026-09-29 10:52:59.721|DEBUG|ArtifactScraper|Parsing artifact substat: atk+4.1%
2026-09-29 10:52:59.721|DEBUG|ArtifactScraper|Parsing artifact substat: hp+5.8%(unactivated)
2026-09-29 10:52:59.827|DEBUG|ArtifactScraper|Parsing artifact substat: critdmg+6.2%
2026-09-29 10:52:59.827|DEBUG|ArtifactScraper|Parsing artifact substat: critrate+3.1%
2026-09-29 10:52:59.827|DEBUG|ArtifactScraper|Parsing artifact substat: atk+14
2026-09-29 10:52:59.827|DEBUG|ArtifactScraper|Parsing artifact substat: hp+239(unactivated)
2026-09-29 10:53:00.047|DEBUG|ArtifactScraper|Parsing artifact substat: def+19
2026-09-29 10:53:00.047|DEBUG|ArtifactScraper|Parsing artifact substat: elementalmastery+19
2026-09-29 10:53:00.047|DEBUG|ArtifactScraper|Parsing artifact substat: energyrecharge+6.5%
2026-09-29 10:53:00.047|DEBUG|ArtifactScraper|Parsing artifact substat: critrate+3.5%(unactivated)
2026-09-29 10:53:00.377|DEBUG|ArtifactScraper|Parsing artifact substat: critrate+3.9%
2026-09-29 10:53:00.377|DEBUG|ArtifactScraper|Parsing artifact substat: energyrecharge+4.5%
2026-09-29 10:53:00.378|DEBUG|ArtifactScraper|Parsing artifact substat: atk+4.1%
2026-09-29 10:53:00.378|DEBUG|ArtifactScraper|Parsing artifact substat: atk+19(unactivated)
2026-09-29 10:53:00.378|DEBUG|ArtifactScraper|Parsing artifact substat: def+7.3%
2026-09-29 10:53:00.378|DEBUG|ArtifactScraper|Parsing artifact substat: hp+209
2026-09-29 10:53:00.378|DEBUG|ArtifactScraper|Parsing artifact substat: critdmg+7.0%
2026-09-29 10:53:00.378|DEBUG|ArtifactScraper|Parsing artifact substat: energyrecharge+5.2%
2026-09-29 10:53:00.727|DEBUG|ArtifactScraper|Parsing artifact substat: critrate+3.1%
2026-09-29 10:53:00.727|DEBUG|ArtifactScraper|Parsing artifact substat: def+5.8%
2026-09-29 10:53:00.727|DEBUG|ArtifactScraper|Parsing artifact substat: hp+5.3%
2026-09-29 10:53:00.727|DEBUG|ArtifactScraper|Parsing artifact substat: critdmg+7.0%(unactivated)
2026-09-29 10:53:00.737|DEBUG|ArtifactScraper|Parsing artifact substat: energyrecharge+5.2%
2026-09-29 10:53:00.737|DEBUG|ArtifactScraper|Parsing artifact substat: def+23
2026-09-29 10:53:00.737|DEBUG|ArtifactScraper|Parsing artifact substat: critrate+2.7%
2026-09-29 10:53:00.737|DEBUG|ArtifactScraper|Parsing artifact substat: def+5.1%
2026-09-29 10:53:00.996|DEBUG|ArtifactScraper|Parsing artifact substat: atk+14
2026-09-29 10:53:00.996|DEBUG|ArtifactScraper|Parsing artifact substat: elementalmastery+19
2026-09-29 10:53:00.996|DEBUG|ArtifactScraper|Parsing artifact substat: energyrecharge+4.5%
2026-09-29 10:53:00.996|DEBUG|ArtifactScraper|Parsing artifact substat: def+16
2026-09-29 10:53:01.130|DEBUG|ArtifactScraper|Parsing artifact substat: elementalmastery+21
2026-09-29 10:53:01.130|DEBUG|ArtifactScraper|Parsing artifact substat: hp+4.7%
2026-09-29 10:53:01.130|DEBUG|ArtifactScraper|Parsing artifact substat: energyrecharge+6.5%
2026-09-29 10:53:01.130|DEBUG|ArtifactScraper|Parsing artifact substat: critrate+3.9%(unactivated)
2026-09-29 10:53:01.374|DEBUG|ArtifactScraper|Parsing artifact substat: atk+5.8%
2026-09-29 10:53:01.374|DEBUG|ArtifactScraper|Parsing artifact substat: critrate+3.1%
2026-09-29 10:53:01.374|DEBUG|ArtifactScraper|Parsing artifact substat: hp+5.8%
2026-09-29 10:53:01.374|DEBUG|ArtifactScraper|Parsing artifact substat: def+19(unactivated)
2026-09-29 10:53:01.417|DEBUG|ArtifactScraper|Parsing artifact substat: atk+4.7%
2026-09-29 10:53:01.417|DEBUG|ArtifactScraper|Parsing artifact substat: elementalmastery+19
2026-09-29 10:53:01.417|DEBUG|ArtifactScraper|Parsing artifact substat: energyrecharge+5.2%
2026-09-29 10:53:01.417|DEBUG|ArtifactScraper|Parsing artifact substat: critrate+3.5%(unactivated)
2026-09-29 10:53:01.727|DEBUG|ArtifactScraper|Parsing artifact substat: atk+4.1%
2026-09-29 10:53:01.727|DEBUG|ArtifactScraper|Parsing artifact substat: def+23
2026-09-29 10:53:01.727|DEBUG|ArtifactScraper|Parsing artifact substat: atk+14
2026-09-29 10:53:01.727|DEBUG|ArtifactScraper|Parsing artifact substat: critrate+2.7%(unactivated)
2026-09-29 10:53:01.769|DEBUG|ArtifactScraper|Parsing artifact substat: def+6.6%
2026-09-29 10:53:01.769|DEBUG|ArtifactScraper|Parsing artifact substat: atk+4.7%
2026-09-29 10:53:01.769|DEBUG|ArtifactScraper|Parsing artifact substat: hp+5.3%
2026-09-29 10:53:01.769|DEBUG|ArtifactScraper|Parsing artifact substat: def+23(unactivated)
2026-09-29 10:53:02.044|DEBUG|ArtifactScraper|Parsing artifact substat: atk+18
2026-09-29 10:53:02.044|DEBUG|ArtifactScraper|Parsing artifact substat: critrate+3.5%
2026-09-29 10:53:02.044|DEBUG|ArtifactScraper|Parsing artifact substat: hp+5.3%
2026-09-29 10:53:02.044|DEBUG|ArtifactScraper|Parsing artifact substat: def+6.6%(unactivated)
2026-09-29 10:53:02.114|DEBUG|ArtifactScraper|Parsing artifact substat: energyrecharge+5.2%
2026-09-29 10:53:02.114|DEBUG|ArtifactScraper|Parsing artifact substat: atk+4.7%
2026-09-29 10:53:02.114|DEBUG|ArtifactScraper|Parsing artifact substat: atk+14
2026-09-29 10:53:02.114|DEBUG|ArtifactScraper|Parsing artifact substat: elementalmastery+16
2026-09-29 10:53:02.395|DEBUG|ArtifactScraper|Parsing artifact substat: hp+4.7%
2026-09-29 10:53:02.395|DEBUG|ArtifactScraper|Parsing artifact substat: def+7.3%
2026-09-29 10:53:02.395|DEBUG|ArtifactScraper|Parsing artifact substat: critrate+3.9%
2026-09-29 10:53:02.395|DEBUG|ArtifactScraper|Parsing artifact substat: energyrecharge+4.5%
2026-09-29 10:53:02.395|DEBUG|ArtifactScraper|Parsing artifact substat: def+5.8%
2026-09-29 10:53:02.395|DEBUG|ArtifactScraper|Parsing artifact substat: hp+4.7%
2026-09-29 10:53:02.395|DEBUG|ArtifactScraper|Parsing artifact substat: def+16
2026-09-29 10:53:02.395|DEBUG|ArtifactScraper|Parsing artifact substat: energyrecharge+4.5%
2026-09-29 10:53:02.687|DEBUG|ArtifactScraper|Parsing artifact substat: def+21
2026-09-29 10:53:02.687|DEBUG|ArtifactScraper|Parsing artifact substat: atk+14
2026-09-29 10:53:02.687|DEBUG|ArtifactScraper|Parsing artifact substat: atk+4.1%
2026-09-29 10:53:02.687|DEBUG|ArtifactScraper|Parsing artifact substat: elementalmastery+16
2026-09-29 10:53:02.771|DEBUG|ArtifactScraper|Parsing artifact substat: energyrecharge+5.8%
2026-09-29 10:53:02.771|DEBUG|ArtifactScraper|Parsing artifact substat: elementalmastery+16
2026-09-29 10:53:02.771|DEBUG|ArtifactScraper|Parsing artifact substat: critrate+3.9%
2026-09-29 10:53:02.771|DEBUG|ArtifactScraper|Parsing artifact substat: def+19(unactivated)
2026-09-29 10:53:03.013|DEBUG|ArtifactScraper|Parsing artifact substat: def+5.1%
2026-09-29 10:53:03.013|DEBUG|ArtifactScraper|Parsing artifact substat: atk+14
2026-09-29 10:53:03.013|DEBUG|ArtifactScraper|Parsing artifact substat: def+21
2026-09-29 10:53:03.013|DEBUG|ArtifactScraper|Parsing artifact substat: hp+4.7%(unactivated)
2026-09-29 10:53:03.131|DEBUG|ArtifactScraper|Parsing artifact substat: hp+4.1%
2026-09-29 10:53:03.131|DEBUG|ArtifactScraper|Parsing artifact substat: def+5.1%
2026-09-29 10:53:03.131|DEBUG|ArtifactScraper|Parsing artifact substat: def+21
2026-09-29 10:53:03.131|DEBUG|ArtifactScraper|Parsing artifact substat: critrate+3.5%(unactivated)
2026-09-29 10:53:03.260|DEBUG|ArtifactScraper|Parsing artifact substat: hp+4.1%
2026-09-29 10:53:03.260|DEBUG|ArtifactScraper|Parsing artifact substat: hp+269
2026-09-29 10:53:03.260|DEBUG|ArtifactScraper|Parsing artifact substat: atk+5.8%
2026-09-29 10:53:03.260|DEBUG|ArtifactScraper|Parsing artifact substat: def+21
2026-09-29 10:53:03.474|DEBUG|ArtifactScraper|Parsing artifact substat: atk+4.1%
2026-09-29 10:53:03.474|DEBUG|ArtifactScraper|Parsing artifact substat: def+23
2026-09-29 10:53:03.474|DEBUG|ArtifactScraper|Parsing artifact substat: def+6.6%
2026-09-29 10:53:03.474|DEBUG|ArtifactScraper|Parsing artifact substat: hp+299
2026-09-29 10:53:03.665|DEBUG|ArtifactScraper|Parsing artifact substat: elementalmastery+21
2026-09-29 10:53:03.665|DEBUG|ArtifactScraper|Parsing artifact substat: atk+4.7%
2026-09-29 10:53:03.665|DEBUG|ArtifactScraper|Parsing artifact substat: hp+4.7%
2026-09-29 10:53:03.665|DEBUG|ArtifactScraper|Parsing artifact substat: energyrecharge+4.5%
2026-09-29 10:53:03.870|DEBUG|ArtifactScraper|Parsing artifact substat: def+23
2026-09-29 10:53:03.870|DEBUG|ArtifactScraper|Parsing artifact substat: critrate+3.5%
2026-09-29 10:53:03.870|DEBUG|ArtifactScraper|Parsing artifact substat: energyrecharge+5.8%
2026-09-29 10:53:03.870|DEBUG|ArtifactScraper|Parsing artifact substat: hp+4.1%(unactivated)
2026-09-29 10:53:04.054|DEBUG|ArtifactScraper|Parsing artifact substat: def+16
2026-09-29 10:53:04.054|DEBUG|ArtifactScraper|Parsing artifact substat: energyrecharge+6.5%
2026-09-29 10:53:04.054|DEBUG|ArtifactScraper|Parsing artifact substat: def+7.3%
2026-09-29 10:53:04.054|DEBUG|ArtifactScraper|Parsing artifact substat: atk+4.7%(unactivated)
2026-09-29 10:53:04.205|DEBUG|ArtifactScraper|Parsing artifact substat: atk+4.1%
2026-09-29 10:53:04.205|DEBUG|ArtifactScraper|Parsing artifact substat: elementalmastery+16
2026-09-29 10:53:04.205|DEBUG|ArtifactScraper|Parsing artifact substat: critrate+3.1%
2026-09-29 10:53:04.206|DEBUG|ArtifactScraper|Parsing artifact substat: def+16(unactivated)
2026-09-29 10:53:04.463|DEBUG|ArtifactScraper|Parsing artifact substat: atk+4.7%
2026-09-29 10:53:04.463|DEBUG|ArtifactScraper|Parsing artifact substat: def+5.8%
2026-09-29 10:53:04.463|DEBUG|ArtifactScraper|Parsing artifact substat: elementalmastery+23
2026-09-29 10:53:04.463|DEBUG|ArtifactScraper|Parsing artifact substat: def+16(unactivated)
2026-09-29 10:53:04.473|DEBUG|ArtifactScraper|Finished queuing page of artifacts. Scrolling...
2026-09-29 10:53:04.568|DEBUG|ArtifactScraper|Parsing artifact substat: energyrecharge+4.5%
2026-09-29 10:53:04.568|DEBUG|ArtifactScraper|Parsing artifact substat: hp+239
2026-09-29 10:53:04.568|DEBUG|ArtifactScraper|Parsing artifact substat: elementalmastery+16
2026-09-29 10:53:04.568|DEBUG|ArtifactScraper|Parsing artifact substat: critdmg+7.8%(unactivated)
2026-09-29 10:53:04.856|DEBUG|ArtifactScraper|Parsing artifact substat: def+16
2026-09-29 10:53:04.856|DEBUG|ArtifactScraper|Parsing artifact substat: elementalmastery+21
2026-09-29 10:53:04.856|DEBUG|ArtifactScraper|Parsing artifact substat: hp+209
2026-09-29 10:53:04.856|DEBUG|ArtifactScraper|Parsing artifact substat: energyrecharge+4.5%
2026-09-29 10:53:04.868|DEBUG|ArtifactScraper|Parsing artifact substat: critdmg+7.0%
2026-09-29 10:53:04.868|DEBUG|ArtifactScraper|Parsing artifact substat: atk+4.1%
2026-09-29 10:53:04.868|DEBUG|ArtifactScraper|Parsing artifact substat: def+21
2026-09-29 10:53:04.868|DEBUG|ArtifactScraper|Parsing artifact substat: hp+269(unactivated)
2026-09-29 10:53:06.832|DEBUG|ArtifactScraper|Scanning artifact page 15
2026-09-29 10:53:06.832|DEBUG|ArtifactScraper|Located 32 possible item locations on page.
2026-09-29 10:53:07.264|DEBUG|ArtifactScraper|Parsing artifact substat: critdmg+7.0%
2026-09-29 10:53:07.264|DEBUG|ArtifactScraper|Parsing artifact substat: def+7.3%
2026-09-29 10:53:07.264|DEBUG|ArtifactScraper|Parsing artifact substat: hp+4.1%
2026-09-29 10:53:07.264|DEBUG|ArtifactScraper|Parsing artifact substat: energyrecharge+4.5%
2026-09-29 10:53:07.501|DEBUG|ArtifactScraper|Parsing artifact substat: critrate+3.1%
2026-09-29 10:53:07.501|DEBUG|ArtifactScraper|Parsing artifact substat: hp+5.3%
2026-09-29 10:53:07.501|DEBUG|ArtifactScraper|Parsing artifact substat: def+16
2026-09-29 10:53:07.501|DEBUG|ArtifactScraper|Parsing artifact substat: energyrecharge+6.5%
2026-09-29 10:53:07.625|DEBUG|ArtifactScraper|Parsing artifact substat: def+19
2026-09-29 10:53:07.625|DEBUG|ArtifactScraper|Parsing artifact substat: atk+4.7%
2026-09-29 10:53:07.625|DEBUG|ArtifactScraper|Parsing artifact substat: def+5.8%
2026-09-29 10:53:07.625|DEBUG|ArtifactScraper|Parsing artifact substat: energyrecharge+5.8%
2026-09-29 10:53:07.869|DEBUG|ArtifactScraper|Parsing artifact substat: def+16
2026-09-29 10:53:07.869|DEBUG|ArtifactScraper|Parsing artifact substat: critrate+3.9%
2026-09-29 10:53:07.869|DEBUG|ArtifactScraper|Parsing artifact substat: energyrecharge+5.8%
2026-09-29 10:53:07.869|DEBUG|ArtifactScraper|Parsing artifact substat: def+7.3%(unactivated)
2026-09-29 10:53:08.017|DEBUG|ArtifactScraper|Parsing artifact substat: hp+4.1%
2026-09-29 10:53:08.017|DEBUG|ArtifactScraper|Parsing artifact substat: atk+5.8%
2026-09-29 10:53:08.017|DEBUG|ArtifactScraper|Parsing artifact substat: hp+239
2026-09-29 10:53:08.017|DEBUG|ArtifactScraper|Parsing artifact substat: critrate+3.1%(unactivated)
2026-09-29 10:53:08.287|DEBUG|ArtifactScraper|Parsing artifact substat: hp+5.3%
2026-09-29 10:53:08.287|DEBUG|ArtifactScraper|Parsing artifact substat: elementalmastery+16
2026-09-29 10:53:08.287|DEBUG|ArtifactScraper|Parsing artifact substat: def+23
2026-09-29 10:53:08.287|DEBUG|ArtifactScraper|Parsing artifact substat: hp+299(unactivated)
2026-09-29 10:53:08.451|DEBUG|ArtifactScraper|Parsing artifact substat: hp+5.3%
2026-09-29 10:53:08.451|DEBUG|ArtifactScraper|Parsing artifact substat: def+6.6%
2026-09-29 10:53:08.451|DEBUG|ArtifactScraper|Parsing artifact substat: elementalmastery+19
2026-09-29 10:53:08.451|DEBUG|ArtifactScraper|Parsing artifact substat: def+21(unactivated)
2026-09-29 10:53:08.797|DEBUG|ArtifactScraper|Parsing artifact substat: energyrecharge+6.5%
2026-09-29 10:53:08.797|DEBUG|ArtifactScraper|Parsing artifact substat: hp+209
2026-09-29 10:53:08.797|DEBUG|ArtifactScraper|Parsing artifact substat: elementalmastery+19
2026-09-29 10:53:08.797|DEBUG|ArtifactScraper|Parsing artifact substat: critrate+2.7%
2026-09-29 10:53:08.797|DEBUG|ArtifactScraper|Parsing artifact substat: critrate+3.1%
2026-09-29 10:53:08.797|DEBUG|ArtifactScraper|Parsing artifact substat: critdmg+7.0%
2026-09-29 10:53:08.797|DEBUG|ArtifactScraper|Parsing artifact substat: hp+4.7%
2026-09-29 10:53:08.797|DEBUG|ArtifactScraper|Parsing artifact substat: def+23(unactivated)
2026-09-29 10:53:08.928|DEBUG|ArtifactScraper|Parsing artifact substat: critdmg+5.4%
2026-09-29 10:53:08.928|DEBUG|ArtifactScraper|Parsing artifact substat: atk+16
2026-09-29 10:53:08.928|DEBUG|ArtifactScraper|Parsing artifact substat: hp+4.1%
2026-09-29 10:53:08.928|DEBUG|ArtifactScraper|Parsing artifact substat: elementalmastery+16
2026-09-29 10:53:09.286|DEBUG|ArtifactScraper|Parsing artifact substat: hp+239
2026-09-29 10:53:09.286|DEBUG|ArtifactScraper|Parsing artifact substat: elementalmastery+16
2026-09-29 10:53:09.286|DEBUG|ArtifactScraper|Parsing artifact substat: critdmg+7.0%
2026-09-29 10:53:09.286|DEBUG|ArtifactScraper|Parsing artifact substat: critrate+3.1%(unactivated)
2026-09-29 10:53:09.384|DEBUG|ArtifactScraper|Parsing artifact substat: def+6.6%
2026-09-29 10:53:09.384|DEBUG|ArtifactScraper|Parsing artifact substat: hp+5.3%
2026-09-29 10:53:09.384|DEBUG|ArtifactScraper|Parsing artifact substat: hp+299
2026-09-29 10:53:09.384|DEBUG|ArtifactScraper|Parsing artifact substat: energyrecharge+6.5%
2026-09-29 10:53:09.528|DEBUG|ArtifactScraper|Parsing artifact substat: atk+18
2026-09-29 10:53:09.528|DEBUG|ArtifactScraper|Parsing artifact substat: hp+4.7%
2026-09-29 10:53:09.528|DEBUG|ArtifactScraper|Parsing artifact substat: elementalmastery+23
2026-09-29 10:53:09.528|DEBUG|ArtifactScraper|Parsing artifact substat: critrate+3.9%
2026-09-29 10:53:09.685|DEBUG|ArtifactScraper|Parsing artifact substat: def+16
2026-09-29 10:53:09.685|DEBUG|ArtifactScraper|Parsing artifact substat: atk+5.3%
2026-09-29 10:53:09.685|DEBUG|ArtifactScraper|Parsing artifact substat: def+5.8%
2026-09-29 10:53:09.685|DEBUG|ArtifactScraper|Parsing artifact substat: atk+18
2026-09-29 10:53:09.818|DEBUG|ArtifactScraper|Parsing artifact substat: hp+4.1%
2026-09-29 10:53:09.818|DEBUG|ArtifactScraper|Parsing artifact substat: def+23
2026-09-29 10:53:09.818|DEBUG|ArtifactScraper|Parsing artifact substat: elementalmastery+16
2026-09-29 10:53:09.818|DEBUG|ArtifactScraper|Parsing artifact substat: hp+269(unactivated)
2026-09-29 10:53:10.077|DEBUG|ArtifactScraper|Parsing artifact substat: critdmg+7.8%
2026-09-29 10:53:10.077|DEBUG|ArtifactScraper|Parsing artifact substat: atk+14
2026-09-29 10:53:10.077|DEBUG|ArtifactScraper|Parsing artifact substat: atk+5.3%
2026-09-29 10:53:10.077|DEBUG|ArtifactScraper|Parsing artifact substat: def+16(unactivated)
2026-09-29 10:53:10.228|DEBUG|ArtifactScraper|Parsing artifact substat: energyrecharge+5.2%
2026-09-29 10:53:10.228|DEBUG|ArtifactScraper|Parsing artifact substat: def+19
2026-09-29 10:53:10.228|DEBUG|ArtifactScraper|Parsing artifact substat: critdmg+7.0%
2026-09-29 10:53:10.228|DEBUG|ArtifactScraper|Parsing artifact substat: atk+4.7%(unactivated)
2026-09-29 10:53:10.532|DEBUG|ArtifactScraper|Parsing artifact substat: atk+18
2026-09-29 10:53:10.532|DEBUG|ArtifactScraper|Parsing artifact substat: hp+5.3%
2026-09-29 10:53:10.532|DEBUG|ArtifactScraper|Parsing artifact substat: atk+4.7%
2026-09-29 10:53:10.532|DEBUG|ArtifactScraper|Parsing artifact substat: def+23(unactivated)
2026-09-29 10:53:10.537|DEBUG|ArtifactScraper|Parsing artifact substat: def+16
2026-09-29 10:53:10.537|DEBUG|ArtifactScraper|Parsing artifact substat: atk+4.1%
2026-09-29 10:53:10.537|DEBUG|ArtifactScraper|Parsing artifact substat: atk+18
2026-09-29 10:53:10.537|DEBUG|ArtifactScraper|Parsing artifact substat: critrate+2.7%(unactivated)
2026-09-29 10:53:10.680|DEBUG|ArtifactScraper|Parsing artifact substat: energyrecharge+6.5%
2026-09-29 10:53:10.680|DEBUG|ArtifactScraper|Parsing artifact substat: hp+4.1%
2026-09-29 10:53:10.680|DEBUG|ArtifactScraper|Parsing artifact substat: def+6.6%
2026-09-29 10:53:10.680|DEBUG|ArtifactScraper|Parsing artifact substat: hp+269(unactivated)
2026-09-29 10:53:10.944|DEBUG|ArtifactScraper|Parsing artifact substat: atk+16
2026-09-29 10:53:10.944|DEBUG|ArtifactScraper|Parsing artifact substat: def+23
2026-09-29 10:53:10.944|DEBUG|ArtifactScraper|Parsing artifact substat: atk+5.8%
2026-09-29 10:53:10.944|DEBUG|ArtifactScraper|Parsing artifact substat: elementalmastery+23
2026-09-29 10:53:11.147|DEBUG|ArtifactScraper|Parsing artifact substat: atk+19
2026-09-29 10:53:11.147|DEBUG|ArtifactScraper|Parsing artifact substat: elementalmastery+16
2026-09-29 10:53:11.147|DEBUG|ArtifactScraper|Parsing artifact substat: atk+5.8%
2026-09-29 10:53:11.147|DEBUG|ArtifactScraper|Parsing artifact substat: def+6.6%(unactivated)
2026-09-29 10:53:11.277|DEBUG|ArtifactScraper|Parsing artifact substat: energyrecharge+5.2%
2026-09-29 10:53:11.277|DEBUG|ArtifactScraper|Parsing artifact substat: hp+4.7%
2026-09-29 10:53:11.277|DEBUG|ArtifactScraper|Parsing artifact substat: atk+4.7%
2026-09-29 10:53:11.277|DEBUG|ArtifactScraper|Parsing artifact substat: def+21(unactivated)
2026-09-29 10:53:11.453|DEBUG|ArtifactScraper|Parsing artifact substat: atk+14
2026-09-29 10:53:11.453|DEBUG|ArtifactScraper|Parsing artifact substat: hp+269
2026-09-29 10:53:11.453|DEBUG|ArtifactScraper|Parsing artifact substat: energyrecharge+6.5%
2026-09-29 10:53:11.453|DEBUG|ArtifactScraper|Parsing artifact substat: elementalmastery+21
2026-09-29 10:53:11.620|DEBUG|ArtifactScraper|Parsing artifact substat: elementalmastery+23
2026-09-29 10:53:11.620|DEBUG|ArtifactScraper|Parsing artifact substat: def+7.3%
2026-09-29 10:53:11.620|DEBUG|ArtifactScraper|Parsing artifact substat: critdmg+5.4%
2026-09-29 10:53:11.620|DEBUG|ArtifactScraper|Parsing artifact substat: hp+269(unactivated)
2026-09-29 10:53:11.858|DEBUG|ArtifactScraper|Parsing artifact substat: hp+299
2026-09-29 10:53:11.858|DEBUG|ArtifactScraper|Parsing artifact substat: atk+5.8%
2026-09-29 10:53:11.858|DEBUG|ArtifactScraper|Parsing artifact substat: def+5.8%
2026-09-29 10:53:11.858|DEBUG|ArtifactScraper|Parsing artifact substat: def+21(unactivated)
2026-09-29 10:53:11.967|DEBUG|ArtifactScraper|Parsing artifact substat: hp+5.8%
2026-09-29 10:53:11.967|DEBUG|ArtifactScraper|Parsing artifact substat: def+5.1%
2026-09-29 10:53:11.967|DEBUG|ArtifactScraper|Parsing artifact substat: hp+269
2026-09-29 10:53:11.967|DEBUG|ArtifactScraper|Parsing artifact substat: critrate+3.1%(unactivated)
2026-09-29 10:53:12.286|DEBUG|ArtifactScraper|Parsing artifact substat: def+16
2026-09-29 10:53:12.286|DEBUG|ArtifactScraper|Parsing artifact substat: hp+299
2026-09-29 10:53:12.286|DEBUG|ArtifactScraper|Parsing artifact substat: elementalmastery+23
2026-09-29 10:53:12.286|DEBUG|ArtifactScraper|Parsing artifact substat: atk+19(unactivated)
2026-09-29 10:53:12.286|DEBUG|ArtifactScraper|Parsing artifact substat: def+6.6%
2026-09-29 10:53:12.286|DEBUG|ArtifactScraper|Parsing artifact substat: atk+5.8%
2026-09-29 10:53:12.286|DEBUG|ArtifactScraper|Parsing artifact substat: def+19
2026-09-29 10:53:12.286|DEBUG|ArtifactScraper|Parsing artifact substat: hp+299(unactivated)
2026-09-29 10:53:12.390|DEBUG|ArtifactScraper|Finished queuing page of artifacts. Scrolling...
2026-09-29 10:53:12.615|DEBUG|ArtifactScraper|Parsing artifact substat: atk+4.1%
2026-09-29 10:53:12.615|DEBUG|ArtifactScraper|Parsing artifact substat: hp+299
2026-09-29 10:53:12.615|DEBUG|ArtifactScraper|Parsing artifact substat: atk+18
2026-09-29 10:53:12.615|DEBUG|ArtifactScraper|Parsing artifact substat: def+19(unactivated)
2026-09-29 10:53:12.648|DEBUG|ArtifactScraper|Parsing artifact substat: critrate+3.5%
2026-09-29 10:53:12.648|DEBUG|ArtifactScraper|Parsing artifact substat: def+16
2026-09-29 10:53:12.648|DEBUG|ArtifactScraper|Parsing artifact substat: hp+299
2026-09-29 10:53:12.648|DEBUG|ArtifactScraper|Parsing artifact substat: atk+16
2026-09-29 10:53:12.887|DEBUG|ArtifactScraper|Parsing artifact substat: def+5.8%
2026-09-29 10:53:12.887|DEBUG|ArtifactScraper|Parsing artifact substat: elementalmastery+16
2026-09-29 10:53:12.887|DEBUG|ArtifactScraper|Parsing artifact substat: atk+14
2026-09-29 10:53:12.887|DEBUG|ArtifactScraper|Parsing artifact substat: def+16
2026-09-29 10:53:14.787|DEBUG|ArtifactScraper|Scanning artifact page 16
2026-09-29 10:53:14.787|DEBUG|ArtifactScraper|Located 32 possible item locations on page.
2026-09-29 10:53:15.249|DEBUG|ArtifactScraper|Parsing artifact substat: critdmg+6.2%
2026-09-29 10:53:15.249|DEBUG|ArtifactScraper|Parsing artifact substat: atk+16
2026-09-29 10:53:15.249|DEBUG|ArtifactScraper|Parsing artifact substat: elementalmastery+19
2026-09-29 10:53:15.249|DEBUG|ArtifactScraper|Parsing artifact substat: hp+299(unactivated)
2026-09-29 10:53:15.565|DEBUG|ArtifactScraper|Parsing artifact substat: def+21
2026-09-29 10:53:15.565|DEBUG|ArtifactScraper|Parsing artifact substat: atk+5.3%
2026-09-29 10:53:15.565|DEBUG|ArtifactScraper|Parsing artifact substat: energyrecharge+5.8%
2026-09-29 10:53:15.565|DEBUG|ArtifactScraper|Parsing artifact substat: atk+14(unactivated)
2026-09-29 10:53:15.586|DEBUG|ArtifactScraper|Parsing artifact substat: def+21
2026-09-29 10:53:15.586|DEBUG|ArtifactScraper|Parsing artifact substat: atk+19
2026-09-29 10:53:15.586|DEBUG|ArtifactScraper|Parsing artifact substat: critdmg+7.8%
2026-09-29 10:53:15.586|DEBUG|ArtifactScraper|Parsing artifact substat: hp+269(unactivated)
2026-09-29 10:53:15.903|DEBUG|ArtifactScraper|Parsing artifact substat: hp+5.8%
2026-09-29 10:53:15.903|DEBUG|ArtifactScraper|Parsing artifact substat: energyrecharge+4.5%
2026-09-29 10:53:15.903|DEBUG|ArtifactScraper|Parsing artifact substat: critrate+3.9%
2026-09-29 10:53:15.903|DEBUG|ArtifactScraper|Parsing artifact substat: def+23(unactivated)
2026-09-29 10:53:15.933|DEBUG|ArtifactScraper|Parsing artifact substat: atk+5.3%
2026-09-29 10:53:15.933|DEBUG|ArtifactScraper|Parsing artifact substat: def+23
2026-09-29 10:53:15.933|DEBUG|ArtifactScraper|Parsing artifact substat: atk+18
2026-09-29 10:53:15.933|DEBUG|ArtifactScraper|Parsing artifact substat: hp+269(unactivated)
2026-09-29 10:53:16.255|DEBUG|ArtifactScraper|Parsing artifact substat: def+19
2026-09-29 10:53:16.255|DEBUG|ArtifactScraper|Parsing artifact substat: hp+5.8%
2026-09-29 10:53:16.255|DEBUG|ArtifactScraper|Parsing artifact substat: energyrecharge+5.8%
2026-09-29 10:53:16.255|DEBUG|ArtifactScraper|Parsing artifact substat: critdmg+5.4%(unactivated)
2026-09-29 10:53:16.279|DEBUG|ArtifactScraper|Parsing artifact substat: hp+239
2026-09-29 10:53:16.279|DEBUG|ArtifactScraper|Parsing artifact substat: def+19
2026-09-29 10:53:16.279|DEBUG|ArtifactScraper|Parsing artifact substat: def+5.8%
2026-09-29 10:53:16.279|DEBUG|ArtifactScraper|Parsing artifact substat: elementalmastery+21
2026-09-29 10:53:16.601|DEBUG|ArtifactScraper|Parsing artifact substat: critrate+3.9%
2026-09-29 10:53:16.601|DEBUG|ArtifactScraper|Parsing artifact substat: energyrecharge+5.2%
2026-09-29 10:53:16.601|DEBUG|ArtifactScraper|Parsing artifact substat: def+19
2026-09-29 10:53:16.601|DEBUG|ArtifactScraper|Parsing artifact substat: elementalmastery+16
2026-09-29 10:53:16.637|DEBUG|ArtifactScraper|Parsing artifact substat: critdmg+5.4%
2026-09-29 10:53:16.637|DEBUG|ArtifactScraper|Parsing artifact substat: def+21
2026-09-29 10:53:16.637|DEBUG|ArtifactScraper|Parsing artifact substat: critrate+2.7%
2026-09-29 10:53:16.637|DEBUG|ArtifactScraper|Parsing artifact substat: atk+5.3%
2026-09-29 10:53:16.907|DEBUG|ArtifactScraper|Parsing artifact substat: def+21
2026-09-29 10:53:16.907|DEBUG|ArtifactScraper|Parsing artifact substat: def+5.8%
2026-09-29 10:53:16.907|DEBUG|ArtifactScraper|Parsing artifact substat: atk+14
2026-09-29 10:53:16.907|DEBUG|ArtifactScraper|Parsing artifact substat: elementalmastery+23
2026-09-29 10:53:17.032|DEBUG|ArtifactScraper|Parsing artifact substat: atk+19
2026-09-29 10:53:17.032|DEBUG|ArtifactScraper|Parsing artifact substat: atk+5.8%
2026-09-29 10:53:17.032|DEBUG|ArtifactScraper|Parsing artifact substat: elementalmastery+19
2026-09-29 10:53:17.032|DEBUG|ArtifactScraper|Parsing artifact substat: def+5.1%(unactivated)
2026-09-29 10:53:17.253|DEBUG|ArtifactScraper|Parsing artifact substat: def+19
2026-09-29 10:53:17.253|DEBUG|ArtifactScraper|Parsing artifact substat: atk+18
2026-09-29 10:53:17.253|DEBUG|ArtifactScraper|Parsing artifact substat: critrate+3.1%
2026-09-29 10:53:17.253|DEBUG|ArtifactScraper|Parsing artifact substat: elementalmastery+21
2026-09-29 10:53:17.432|DEBUG|ArtifactScraper|Parsing artifact substat: atk+18
2026-09-29 10:53:17.432|DEBUG|ArtifactScraper|Parsing artifact substat: atk+5.3%
2026-09-29 10:53:17.432|DEBUG|ArtifactScraper|Parsing artifact substat: def+6.6%
2026-09-29 10:53:17.432|DEBUG|ArtifactScraper|Parsing artifact substat: critrate+3.5%(unactivated)
2026-09-29 10:53:17.553|DEBUG|ArtifactScraper|Parsing artifact substat: def+16
2026-09-29 10:53:17.553|DEBUG|ArtifactScraper|Parsing artifact substat: atk+19
2026-09-29 10:53:17.553|DEBUG|ArtifactScraper|Parsing artifact substat: critrate+3.1%
2026-09-29 10:53:17.553|DEBUG|ArtifactScraper|Parsing artifact substat: elementalmastery+23
2026-09-29 10:53:17.854|DEBUG|ArtifactScraper|Parsing artifact substat: critdmg+7.0%
2026-09-29 10:53:17.854|DEBUG|ArtifactScraper|Parsing artifact substat: energyrecharge+4.5%
2026-09-29 10:53:17.854|DEBUG|ArtifactScraper|Parsing artifact substat: atk+16
2026-09-29 10:53:17.854|DEBUG|ArtifactScraper|Parsing artifact substat: def+5.1%(unactivated)
2026-09-29 10:53:17.930|DEBUG|ArtifactScraper|Parsing artifact substat: elementalmastery+21
2026-09-29 10:53:17.930|DEBUG|ArtifactScraper|Parsing artifact substat: atk+18
2026-09-29 10:53:17.930|DEBUG|ArtifactScraper|Parsing artifact substat: atk+5.8%
2026-09-29 10:53:17.930|DEBUG|ArtifactScraper|Parsing artifact substat: def+6.6%(unactivated)
2026-09-29 10:53:18.217|DEBUG|ArtifactScraper|Parsing artifact substat: energyrecharge+5.2%
2026-09-29 10:53:18.217|DEBUG|ArtifactScraper|Parsing artifact substat: def+23
2026-09-29 10:53:18.217|DEBUG|ArtifactScraper|Parsing artifact substat: atk+14
2026-09-29 10:53:18.217|DEBUG|ArtifactScraper|Parsing artifact substat: elementalmastery+23
2026-09-29 10:53:18.241|DEBUG|ArtifactScraper|Parsing artifact substat: atk+16
2026-09-29 10:53:18.241|DEBUG|ArtifactScraper|Parsing artifact substat: energyrecharge+6.5%
2026-09-29 10:53:18.241|DEBUG|ArtifactScraper|Parsing artifact substat: def+16
2026-09-29 10:53:18.241|DEBUG|ArtifactScraper|Parsing artifact substat: atk+4.1%(unactivated)
2026-09-29 10:53:18.571|DEBUG|ArtifactScraper|Parsing artifact substat: def+19
2026-09-29 10:53:18.571|DEBUG|ArtifactScraper|Parsing artifact substat: def+6.6%
2026-09-29 10:53:18.571|DEBUG|ArtifactScraper|Parsing artifact substat: critdmg+7.8%
2026-09-29 10:53:18.571|DEBUG|ArtifactScraper|Parsing artifact substat: energyrecharge+5.2%
2026-09-29 10:53:18.571|DEBUG|ArtifactScraper|Parsing artifact substat: elementalmastery+21
2026-09-29 10:53:18.571|DEBUG|ArtifactScraper|Parsing artifact substat: hp+239
2026-09-29 10:53:18.571|DEBUG|ArtifactScraper|Parsing artifact substat: critdmg+7.8%
2026-09-29 10:53:18.571|DEBUG|ArtifactScraper|Parsing artifact substat: atk+5.8%(unactivated)
2026-09-29 10:53:18.875|DEBUG|ArtifactScraper|Parsing artifact substat: hp+269
2026-09-29 10:53:18.875|DEBUG|ArtifactScraper|Parsing artifact substat: atk+4.7%
2026-09-29 10:53:18.875|DEBUG|ArtifactScraper|Parsing artifact substat: critrate+3.9%
2026-09-29 10:53:18.875|DEBUG|ArtifactScraper|Parsing artifact substat: energyrecharge+6.5%
2026-09-29 10:53:18.947|DEBUG|ArtifactScraper|Parsing artifact substat: critrate+3.9%
2026-09-29 10:53:18.947|DEBUG|ArtifactScraper|Parsing artifact substat: hp+299
2026-09-29 10:53:18.947|DEBUG|ArtifactScraper|Parsing artifact substat: critdmg+6.2%
2026-09-29 10:53:18.947|DEBUG|ArtifactScraper|Parsing artifact substat: atk+4.7%(unactivated)
2026-09-29 10:53:19.188|DEBUG|ArtifactScraper|Parsing artifact substat: def+16
2026-09-29 10:53:19.188|DEBUG|ArtifactScraper|Parsing artifact substat: hp+209
2026-09-29 10:53:19.188|DEBUG|ArtifactScraper|Parsing artifact substat: atk+5.8%
2026-09-29 10:53:19.188|DEBUG|ArtifactScraper|Parsing artifact substat: hp+5.8%(unactivated)
2026-09-29 10:53:19.264|DEBUG|ArtifactScraper|Parsing artifact substat: critdmg+5.4%
2026-09-29 10:53:19.264|DEBUG|ArtifactScraper|Parsing artifact substat: elementalmastery+16
2026-09-29 10:53:19.264|DEBUG|ArtifactScraper|Parsing artifact substat: def+19
2026-09-29 10:53:19.264|DEBUG|ArtifactScraper|Parsing artifact substat: hp+5.8%(unactivated)
2026-09-29 10:53:19.544|DEBUG|ArtifactScraper|Parsing artifact substat: atk+5.3%
2026-09-29 10:53:19.544|DEBUG|ArtifactScraper|Parsing artifact substat: critdmg+7.8%
2026-09-29 10:53:19.544|DEBUG|ArtifactScraper|Parsing artifact substat: hp+269
2026-09-29 10:53:19.544|DEBUG|ArtifactScraper|Parsing artifact substat: energyrecharge+5.8%
2026-09-29 10:53:19.572|DEBUG|ArtifactScraper|Parsing artifact substat: hp+239
2026-09-29 10:53:19.572|DEBUG|ArtifactScraper|Parsing artifact substat: def+19
2026-09-29 10:53:19.572|DEBUG|ArtifactScraper|Parsing artifact substat: energyrecharge+5.8%
2026-09-29 10:53:19.572|DEBUG|ArtifactScraper|Parsing artifact substat: atk+4.1%(unactivated)
2026-09-29 10:53:19.887|DEBUG|ArtifactScraper|Parsing artifact substat: def+19
2026-09-29 10:53:19.887|DEBUG|ArtifactScraper|Parsing artifact substat: hp+5.3%
2026-09-29 10:53:19.887|DEBUG|ArtifactScraper|Parsing artifact substat: critdmg+6.2%
2026-09-29 10:53:19.887|DEBUG|ArtifactScraper|Parsing artifact substat: def+7.3%(unactivated)
2026-09-29 10:53:19.918|DEBUG|ArtifactScraper|Parsing artifact substat: elementalmastery+19
2026-09-29 10:53:19.918|DEBUG|ArtifactScraper|Parsing artifact substat: critdmg+6.2%
2026-09-29 10:53:19.918|DEBUG|ArtifactScraper|Parsing artifact substat: def+7.3%
2026-09-29 10:53:19.918|DEBUG|ArtifactScraper|Parsing artifact substat: atk+4.1%(unactivated)
2026-09-29 10:53:20.174|DEBUG|ArtifactScraper|Parsing artifact substat: def+16
2026-09-29 10:53:20.174|DEBUG|ArtifactScraper|Parsing artifact substat: critrate+3.5%
2026-09-29 10:53:20.174|DEBUG|ArtifactScraper|Parsing artifact substat: atk+5.8%
2026-09-29 10:53:20.174|DEBUG|ArtifactScraper|Parsing artifact substat: elementalmastery+19
2026-09-29 10:53:20.174|DEBUG|ArtifactScraper|Finished queuing page of artifacts. Scrolling...
2026-09-29 10:53:20.234|DEBUG|ArtifactScraper|Parsing artifact substat: hp+209
2026-09-29 10:53:20.234|DEBUG|ArtifactScraper|Parsing artifact substat: critrate+3.5%
2026-09-29 10:53:20.234|DEBUG|ArtifactScraper|Parsing artifact substat: hp+4.1%
2026-09-29 10:53:20.234|DEBUG|ArtifactScraper|Parsing artifact substat: def+16(unactivated)
2026-09-29 10:53:20.512|DEBUG|ArtifactScraper|Parsing artifact substat: elementalmastery+19
2026-09-29 10:53:20.512|DEBUG|ArtifactScraper|Parsing artifact substat: hp+4.1%
2026-09-29 10:53:20.512|DEBUG|ArtifactScraper|Parsing artifact substat: critrate+3.9%
2026-09-29 10:53:20.512|DEBUG|ArtifactScraper|Parsing artifact substat: atk+19
2026-09-29 10:53:20.544|DEBUG|ArtifactScraper|Parsing artifact substat: def+19
2026-09-29 10:53:20.544|DEBUG|ArtifactScraper|Parsing artifact substat: elementalmastery+19
2026-09-29 10:53:20.544|DEBUG|ArtifactScraper|Parsing artifact substat: critdmg+7.0%
2026-09-29 10:53:20.544|DEBUG|ArtifactScraper|Parsing artifact substat: atk+5.8%(unactivated)
2026-09-29 10:53:22.432|DEBUG|ArtifactScraper|Scanning artifact page 17
2026-09-29 10:53:22.432|DEBUG|ArtifactScraper|Located 32 possible item locations on page.
2026-09-29 10:53:22.786|DEBUG|ArtifactScraper|Parsing artifact substat: critrate+3.9%
2026-09-29 10:53:22.786|DEBUG|ArtifactScraper|Parsing artifact substat: energyrecharge+5.2%
2026-09-29 10:53:22.786|DEBUG|ArtifactScraper|Parsing artifact substat: atk+16
2026-09-29 10:53:22.786|DEBUG|ArtifactScraper|Parsing artifact substat: def+21
2026-09-29 10:53:23.060|DEBUG|ArtifactScraper|Parsing artifact substat: hp+269
2026-09-29 10:53:23.060|DEBUG|ArtifactScraper|Parsing artifact substat: elementalmastery+23
2026-09-29 10:53:23.060|DEBUG|ArtifactScraper|Parsing artifact substat: critdmg+7.0%
2026-09-29 10:53:23.060|DEBUG|ArtifactScraper|Parsing artifact substat: def+16(unactivated)
2026-09-29 10:53:23.169|DEBUG|ArtifactScraper|Parsing artifact substat: critdmg+7.0%
2026-09-29 10:53:23.169|DEBUG|ArtifactScraper|Parsing artifact substat: hp+5.8%
2026-09-29 10:53:23.169|DEBUG|ArtifactScraper|Parsing artifact substat: energyrecharge+4.5%
2026-09-29 10:53:23.169|DEBUG|ArtifactScraper|Parsing artifact substat: def+23(unactivated)
2026-09-29 10:53:23.351|DEBUG|ArtifactScraper|Parsing artifact substat: hp+4.1%
2026-09-29 10:53:23.351|DEBUG|ArtifactScraper|Parsing artifact substat: def+21
2026-09-29 10:53:23.351|DEBUG|ArtifactScraper|Parsing artifact substat: elementalmastery+16
2026-09-29 10:53:23.351|DEBUG|ArtifactScraper|Parsing artifact substat: energyrecharge+4.5%
2026-09-29 10:53:23.599|DEBUG|ArtifactScraper|Parsing artifact substat: def+16
2026-09-29 10:53:23.599|DEBUG|ArtifactScraper|Parsing artifact substat: def+5.1%
2026-09-29 10:53:23.599|DEBUG|ArtifactScraper|Parsing artifact substat: hp+299
2026-09-29 10:53:23.599|DEBUG|ArtifactScraper|Parsing artifact substat: hp+4.1%
2026-09-29 10:53:23.743|DEBUG|ArtifactScraper|Parsing artifact substat: elementalmastery+19
2026-09-29 10:53:23.743|DEBUG|ArtifactScraper|Parsing artifact substat: atk+18
2026-09-29 10:53:23.743|DEBUG|ArtifactScraper|Parsing artifact substat: hp+239
2026-09-29 10:53:23.743|DEBUG|ArtifactScraper|Parsing artifact substat: atk+5.8%(unactivated)
2026-09-29 10:53:23.937|DEBUG|ArtifactScraper|Parsing artifact substat: energyrecharge+5.8%
2026-09-29 10:53:23.937|DEBUG|ArtifactScraper|Parsing artifact substat: def+5.1%
2026-09-29 10:53:23.937|DEBUG|ArtifactScraper|Parsing artifact substat: hp+4.7%
2026-09-29 10:53:23.937|DEBUG|ArtifactScraper|Parsing artifact substat: def+16(unactivated)
2026-09-29 10:53:24.069|DEBUG|ArtifactScraper|Parsing artifact substat: atk+14
2026-09-29 10:53:24.069|DEBUG|ArtifactScraper|Parsing artifact substat: critdmg+7.0%
2026-09-29 10:53:24.069|DEBUG|ArtifactScraper|Parsing artifact substat: elementalmastery+23
2026-09-29 10:53:24.069|DEBUG|ArtifactScraper|Parsing artifact substat: def+19(unactivated)
2026-09-29 10:53:24.223|DEBUG|ArtifactScraper|Parsing artifact substat: atk+18
2026-09-29 10:53:24.223|DEBUG|ArtifactScraper|Parsing artifact substat: def+23
2026-09-29 10:53:24.223|DEBUG|ArtifactScraper|Parsing artifact substat: hp+239
2026-09-29 10:53:24.223|DEBUG|ArtifactScraper|Parsing artifact substat: elementalmastery+23
2026-09-29 10:53:24.442|DEBUG|ArtifactScraper|Parsing artifact substat: elementalmastery+19
2026-09-29 10:53:24.442|DEBUG|ArtifactScraper|Parsing artifact substat: atk+4.7%
2026-09-29 10:53:24.442|DEBUG|ArtifactScraper|Parsing artifact substat: def+21
2026-09-29 10:53:24.442|DEBUG|ArtifactScraper|Parsing artifact substat: def+7.3%(unactivated)
2026-09-29 10:53:24.657|DEBUG|ArtifactScraper|Parsing artifact substat: atk+5.3%
2026-09-29 10:53:24.657|DEBUG|ArtifactScraper|Parsing artifact substat: hp+209
2026-09-29 10:53:24.657|DEBUG|ArtifactScraper|Parsing artifact substat: critrate+3.1%
2026-09-29 10:53:24.657|DEBUG|ArtifactScraper|Parsing artifact substat: def+23(unactivated)
2026-09-29 10:53:24.759|DEBUG|ArtifactScraper|Parsing artifact substat: def+19
2026-09-29 10:53:24.759|DEBUG|ArtifactScraper|Parsing artifact substat: atk+19
2026-09-29 10:53:24.759|DEBUG|ArtifactScraper|Parsing artifact substat: critdmg+7.0%
2026-09-29 10:53:24.759|DEBUG|ArtifactScraper|Parsing artifact substat: hp+269(unactivated)
2026-09-29 10:53:24.969|DEBUG|ArtifactScraper|Parsing artifact substat: def+6.6%
2026-09-29 10:53:24.969|DEBUG|ArtifactScraper|Parsing artifact substat: def+19
2026-09-29 10:53:24.969|DEBUG|ArtifactScraper|Parsing artifact substat: elementalmastery+19
2026-09-29 10:53:24.969|DEBUG|ArtifactScraper|Parsing artifact substat: critdmg+6.2%
2026-09-29 10:53:25.294|DEBUG|ArtifactScraper|Parsing artifact substat: hp+4.7%
2026-09-29 10:53:25.294|DEBUG|ArtifactScraper|Parsing artifact substat: atk+5.8%
2026-09-29 10:53:25.294|DEBUG|ArtifactScraper|Parsing artifact substat: critrate+2.7%
2026-09-29 10:53:25.294|DEBUG|ArtifactScraper|Parsing artifact substat: atk+14
2026-09-29 10:53:25.336|DEBUG|ArtifactScraper|Parsing artifact substat: hp+5.8%
2026-09-29 10:53:25.336|DEBUG|ArtifactScraper|Parsing artifact substat: def+7.3%
2026-09-29 10:53:25.336|DEBUG|ArtifactScraper|Parsing artifact substat: atk+19
2026-09-29 10:53:25.336|DEBUG|ArtifactScraper|Parsing artifact substat: energyrecharge+6.5%
2026-09-29 10:53:25.654|DEBUG|ArtifactScraper|Parsing artifact substat: hp+209
2026-09-29 10:53:25.654|DEBUG|ArtifactScraper|Parsing artifact substat: def+16
2026-09-29 10:53:25.654|DEBUG|ArtifactScraper|Parsing artifact substat: atk+5.8%
2026-09-29 10:53:25.654|DEBUG|ArtifactScraper|Parsing artifact substat: hp+4.7%(unactivated)
2026-09-29 10:53:25.678|DEBUG|ArtifactScraper|Parsing artifact substat: critrate+3.9%
2026-09-29 10:53:25.678|DEBUG|ArtifactScraper|Parsing artifact substat: elementalmastery+21
2026-09-29 10:53:25.678|DEBUG|ArtifactScraper|Parsing artifact substat: def+16
2026-09-29 10:53:25.678|DEBUG|ArtifactScraper|Parsing artifact substat: critdmg+6.2%(unactivated)
2026-09-29 10:53:25.996|DEBUG|ArtifactScraper|Parsing artifact substat: energyrecharge+4.5%
2026-09-29 10:53:25.996|DEBUG|ArtifactScraper|Parsing artifact substat: hp+5.3%
2026-09-29 10:53:25.996|DEBUG|ArtifactScraper|Parsing artifact substat: critrate+3.9%
2026-09-29 10:53:25.996|DEBUG|ArtifactScraper|Parsing artifact substat: hp+209(unactivated)
2026-09-29 10:53:26.032|DEBUG|ArtifactScraper|Parsing artifact substat: critdmg+5.4%
2026-09-29 10:53:26.032|DEBUG|ArtifactScraper|Parsing artifact substat: hp+269
2026-09-29 10:53:26.032|DEBUG|ArtifactScraper|Parsing artifact substat: atk+4.1%
2026-09-29 10:53:26.032|DEBUG|ArtifactScraper|Parsing artifact substat: def+5.8%(unactivated)
2026-09-29 10:53:26.289|DEBUG|ArtifactScraper|Parsing artifact substat: atk+19
2026-09-29 10:53:26.289|DEBUG|ArtifactScraper|Parsing artifact substat: elementalmastery+19
2026-09-29 10:53:26.289|DEBUG|ArtifactScraper|Parsing artifact substat: def+6.6%
2026-09-29 10:53:26.289|DEBUG|ArtifactScraper|Parsing artifact substat: def+19
2026-09-29 10:53:26.363|DEBUG|ArtifactScraper|Parsing artifact substat: atk+19
2026-09-29 10:53:26.363|DEBUG|ArtifactScraper|Parsing artifact substat: hp+209
2026-09-29 10:53:26.363|DEBUG|ArtifactScraper|Parsing artifact substat: hp+4.1%
2026-09-29 10:53:26.363|DEBUG|ArtifactScraper|Parsing artifact substat: energyrecharge+4.5%
2026-09-29 10:53:26.725|DEBUG|ArtifactScraper|Parsing artifact substat: hp+4.7%
2026-09-29 10:53:26.725|DEBUG|ArtifactScraper|Parsing artifact substat: atk+18
2026-09-29 10:53:26.725|DEBUG|ArtifactScraper|Parsing artifact substat: atk+4.1%
2026-09-29 10:53:26.725|DEBUG|ArtifactScraper|Parsing artifact substat: elementalmastery+16
2026-09-29 10:53:26.846|DEBUG|ArtifactScraper|Parsing artifact substat: hp+239
2026-09-29 10:53:26.847|DEBUG|ArtifactScraper|Parsing artifact substat: critdmg+5.4%
2026-09-29 10:53:26.847|DEBUG|ArtifactScraper|Parsing artifact substat: elementalmastery+16
2026-09-29 10:53:26.847|DEBUG|ArtifactScraper|Parsing artifact substat: def+21(unactivated)
2026-09-29 10:53:26.958|DEBUG|ArtifactScraper|Parsing artifact substat: hp+269
2026-09-29 10:53:26.958|DEBUG|ArtifactScraper|Parsing artifact substat: def+5.8%
2026-09-29 10:53:26.958|DEBUG|ArtifactScraper|Parsing artifact substat: critdmg+7.8%
2026-09-29 10:53:26.958|DEBUG|ArtifactScraper|Parsing artifact substat: atk+5.8%(unactivated)
2026-09-29 10:53:27.110|DEBUG|ArtifactScraper|Parsing artifact substat: atk+19
2026-09-29 10:53:27.110|DEBUG|ArtifactScraper|Parsing artifact substat: def+21
2026-09-29 10:53:27.110|DEBUG|ArtifactScraper|Parsing artifact substat: def+6.6%
2026-09-29 10:53:27.110|DEBUG|ArtifactScraper|Parsing artifact substat: hp+5.3%(unactivated)
2026-09-29 10:53:27.263|DEBUG|ArtifactScraper|Parsing artifact substat: elementalmastery+16
2026-09-29 10:53:27.263|DEBUG|ArtifactScraper|Parsing artifact substat: def+16
2026-09-29 10:53:27.263|DEBUG|ArtifactScraper|Parsing artifact substat: atk+19
2026-09-29 10:53:27.263|DEBUG|ArtifactScraper|Parsing artifact substat: critrate+3.1%(unactivated)
2026-09-29 10:53:27.456|DEBUG|ArtifactScraper|Parsing artifact substat: atk+16
2026-09-29 10:53:27.456|DEBUG|ArtifactScraper|Parsing artifact substat: hp+209
2026-09-29 10:53:27.456|DEBUG|ArtifactScraper|Parsing artifact substat: energyrecharge+6.5%
2026-09-29 10:53:27.456|DEBUG|ArtifactScraper|Parsing artifact substat: atk+5.8%
2026-09-29 10:53:27.568|DEBUG|ArtifactScraper|Parsing artifact substat: atk+18
2026-09-29 10:53:27.568|DEBUG|ArtifactScraper|Parsing artifact substat: atk+4.7%
2026-09-29 10:53:27.568|DEBUG|ArtifactScraper|Parsing artifact substat: def+23
2026-09-29 10:53:27.568|DEBUG|ArtifactScraper|Parsing artifact substat: hp+5.3%(unactivated)
2026-09-29 10:53:27.803|DEBUG|ArtifactScraper|Parsing artifact substat: def+16
2026-09-29 10:53:27.803|DEBUG|ArtifactScraper|Parsing artifact substat: critrate+2.7%
2026-09-29 10:53:27.803|DEBUG|ArtifactScraper|Parsing artifact substat: atk+16
2026-09-29 10:53:27.803|DEBUG|ArtifactScraper|Parsing artifact substat: atk+5.3%(unactivated)
2026-09-29 10:53:27.903|DEBUG|ArtifactScraper|Parsing artifact substat: hp+209
2026-09-29 10:53:27.903|DEBUG|ArtifactScraper|Parsing artifact substat: hp+5.8%
2026-09-29 10:53:27.903|DEBUG|ArtifactScraper|Parsing artifact substat: def+5.8%
2026-09-29 10:53:27.903|DEBUG|ArtifactScraper|Parsing artifact substat: energyrecharge+5.8%
2026-09-29 10:53:27.924|DEBUG|ArtifactScraper|Finished queuing page of artifacts. Scrolling...
2026-09-29 10:53:28.156|DEBUG|ArtifactScraper|Parsing artifact substat: hp+4.1%
2026-09-29 10:53:28.156|DEBUG|ArtifactScraper|Parsing artifact substat: def+21
2026-09-29 10:53:28.156|DEBUG|ArtifactScraper|Parsing artifact substat: energyrecharge+6.5%
2026-09-29 10:53:28.156|DEBUG|ArtifactScraper|Parsing artifact substat: atk+19(unactivated)
2026-09-29 10:53:28.250|DEBUG|ArtifactScraper|Parsing artifact substat: hp+5.3%
2026-09-29 10:53:28.250|DEBUG|ArtifactScraper|Parsing artifact substat: def+7.3%
2026-09-29 10:53:28.250|DEBUG|ArtifactScraper|Parsing artifact substat: def+21
2026-09-29 10:53:28.250|DEBUG|ArtifactScraper|Parsing artifact substat: critdmg+6.2%(unactivated)
2026-09-29 10:53:29.919|DEBUG|ArtifactScraper|Scanning artifact page 18
2026-09-29 10:53:29.919|DEBUG|ArtifactScraper|Located 32 possible item locations on page.
2026-09-29 10:53:30.329|DEBUG|ArtifactScraper|Parsing artifact substat: critrate+2.7%
2026-09-29 10:53:30.329|DEBUG|ArtifactScraper|Parsing artifact substat: atk+14
2026-09-29 10:53:30.329|DEBUG|ArtifactScraper|Parsing artifact substat: elementalmastery+21
2026-09-29 10:53:30.329|DEBUG|ArtifactScraper|Parsing artifact substat: energyrecharge+4.5%
2026-09-29 10:53:30.521|DEBUG|ArtifactScraper|Parsing artifact substat: elementalmastery+23
2026-09-29 10:53:30.521|DEBUG|ArtifactScraper|Parsing artifact substat: energyrecharge+6.5%
2026-09-29 10:53:30.521|DEBUG|ArtifactScraper|Parsing artifact substat: critdmg+7.8%
2026-09-29 10:53:30.521|DEBUG|ArtifactScraper|Parsing artifact substat: atk+14
2026-09-29 10:53:30.765|DEBUG|ArtifactScraper|Parsing artifact substat: hp+4.1%
2026-09-29 10:53:30.765|DEBUG|ArtifactScraper|Parsing artifact substat: atk+19
2026-09-29 10:53:30.765|DEBUG|ArtifactScraper|Parsing artifact substat: hp+239
2026-09-29 10:53:30.765|DEBUG|ArtifactScraper|Parsing artifact substat: critrate+2.7%(unactivated)
2026-09-29 10:53:30.905|DEBUG|ArtifactScraper|Parsing artifact substat: elementalmastery+19
2026-09-29 10:53:30.905|DEBUG|ArtifactScraper|Parsing artifact substat: energyrecharge+6.5%
2026-09-29 10:53:30.905|DEBUG|ArtifactScraper|Parsing artifact substat: atk+4.7%
2026-09-29 10:53:30.905|DEBUG|ArtifactScraper|Parsing artifact substat: def+23(unactivated)
2026-09-29 10:53:31.152|DEBUG|ArtifactScraper|Parsing artifact substat: energyrecharge+6.5%
2026-09-29 10:53:31.152|DEBUG|ArtifactScraper|Parsing artifact substat: atk+18
2026-09-29 10:53:31.152|DEBUG|ArtifactScraper|Parsing artifact substat: elementalmastery+23
2026-09-29 10:53:31.152|DEBUG|ArtifactScraper|Parsing artifact substat: def+7.3%(unactivated)
2026-09-29 10:53:31.161|DEBUG|ArtifactScraper|Parsing artifact substat: def+16
2026-09-29 10:53:31.161|DEBUG|ArtifactScraper|Parsing artifact substat: energyrecharge+5.2%
2026-09-29 10:53:31.161|DEBUG|ArtifactScraper|Parsing artifact substat: atk+5.8%
2026-09-29 10:53:31.161|DEBUG|ArtifactScraper|Parsing artifact substat: critdmg+6.2%
2026-09-29 10:53:31.523|DEBUG|ArtifactScraper|Parsing artifact substat: def+23
2026-09-29 10:53:31.523|DEBUG|ArtifactScraper|Parsing artifact substat: def+7.3%
2026-09-29 10:53:31.523|DEBUG|ArtifactScraper|Parsing artifact substat: atk+14
2026-09-29 10:53:31.523|DEBUG|ArtifactScraper|Parsing artifact substat: atk+5.8%(unactivated)
2026-09-29 10:53:31.540|DEBUG|ArtifactScraper|Parsing artifact substat: def+5.1%
2026-09-29 10:53:31.540|DEBUG|ArtifactScraper|Parsing artifact substat: def+23
2026-09-29 10:53:31.540|DEBUG|ArtifactScraper|Parsing artifact substat: energyrecharge+6.5%
2026-09-29 10:53:31.540|DEBUG|ArtifactScraper|Parsing artifact substat: atk+16(unactivated)
2026-09-29 10:53:31.806|DEBUG|ArtifactScraper|Parsing artifact substat: def+5.8%
2026-09-29 10:53:31.806|DEBUG|ArtifactScraper|Parsing artifact substat: hp+5.3%
2026-09-29 10:53:31.806|DEBUG|ArtifactScraper|Parsing artifact substat: atk+18
2026-09-29 10:53:31.806|DEBUG|ArtifactScraper|Parsing artifact substat: critrate+3.5%(unactivated)
2026-09-29 10:53:31.884|DEBUG|ArtifactScraper|Parsing artifact substat: atk+19
2026-09-29 10:53:31.884|DEBUG|ArtifactScraper|Parsing artifact substat: elementalmastery+16
2026-09-29 10:53:31.884|DEBUG|ArtifactScraper|Parsing artifact substat: critdmg+7.8%
2026-09-29 10:53:31.884|DEBUG|ArtifactScraper|Parsing artifact substat: def+16(unactivated)
2026-09-29 10:53:32.118|DEBUG|ArtifactScraper|Parsing artifact substat: atk+19
2026-09-29 10:53:32.118|DEBUG|ArtifactScraper|Parsing artifact substat: def+19
2026-09-29 10:53:32.118|DEBUG|ArtifactScraper|Parsing artifact substat: critdmg+6.2%
2026-09-29 10:53:32.118|DEBUG|ArtifactScraper|Parsing artifact substat: energyrecharge+6.5%
2026-09-29 10:53:32.410|DEBUG|ArtifactScraper|Parsing artifact substat: hp+239
2026-09-29 10:53:32.410|DEBUG|ArtifactScraper|Parsing artifact substat: atk+5.8%
2026-09-29 10:53:32.410|DEBUG|ArtifactScraper|Parsing artifact substat: elementalmastery+19
2026-09-29 10:53:32.410|DEBUG|ArtifactScraper|Parsing artifact substat: energyrecharge+4.5%
2026-09-29 10:53:32.456|DEBUG|ArtifactScraper|Parsing artifact substat: hp+299
2026-09-29 10:53:32.456|DEBUG|ArtifactScraper|Parsing artifact substat: critdmg+6.2%
2026-09-29 10:53:32.456|DEBUG|ArtifactScraper|Parsing artifact substat: hp+5.8%
2026-09-29 10:53:32.456|DEBUG|ArtifactScraper|Parsing artifact substat: def+21(unactivated)
2026-09-29 10:53:32.750|DEBUG|ArtifactScraper|Parsing artifact substat: def+23
2026-09-29 10:53:32.750|DEBUG|ArtifactScraper|Parsing artifact substat: atk+5.8%
2026-09-29 10:53:32.750|DEBUG|ArtifactScraper|Parsing artifact substat: hp+239
2026-09-29 10:53:32.750|DEBUG|ArtifactScraper|Parsing artifact substat: hp+4.1%(unactivated)
2026-09-29 10:53:32.750|DEBUG|ArtifactScraper|Parsing artifact substat: hp+5.3%
2026-09-29 10:53:32.750|DEBUG|ArtifactScraper|Parsing artifact substat: elementalmastery+23
2026-09-29 10:53:32.750|DEBUG|ArtifactScraper|Parsing artifact substat: critrate+3.1%
2026-09-29 10:53:32.750|DEBUG|ArtifactScraper|Parsing artifact substat: atk+5.3%(unactivated)
2026-09-29 10:53:33.041|DEBUG|ArtifactScraper|Parsing artifact substat: hp+269
2026-09-29 10:53:33.041|DEBUG|ArtifactScraper|Parsing artifact substat: atk+4.1%
2026-09-29 10:53:33.041|DEBUG|ArtifactScraper|Parsing artifact substat: def+21
2026-09-29 10:53:33.041|DEBUG|ArtifactScraper|Parsing artifact substat: def+7.3%(unactivated)
2026-09-29 10:53:33.080|DEBUG|ArtifactScraper|Parsing artifact substat: hp+5.3%
2026-09-29 10:53:33.080|DEBUG|ArtifactScraper|Parsing artifact substat: def+23
2026-09-29 10:53:33.081|DEBUG|ArtifactScraper|Parsing artifact substat: hp+209
2026-09-29 10:53:33.081|DEBUG|ArtifactScraper|Parsing artifact substat: energyrecharge+5.2%
2026-09-29 10:53:33.408|DEBUG|ArtifactScraper|Parsing artifact substat: elementalmastery+16
2026-09-29 10:53:33.408|DEBUG|ArtifactScraper|Parsing artifact substat: hp+299
2026-09-29 10:53:33.408|DEBUG|ArtifactScraper|Parsing artifact substat: def+23
2026-09-29 10:53:33.408|DEBUG|ArtifactScraper|Parsing artifact substat: critrate+3.1%(unactivated)
2026-09-29 10:53:33.461|DEBUG|ArtifactScraper|Parsing artifact substat: hp+239
2026-09-29 10:53:33.461|DEBUG|ArtifactScraper|Parsing artifact substat: def+19
2026-09-29 10:53:33.461|DEBUG|ArtifactScraper|Parsing artifact substat: def+5.8%
2026-09-29 10:53:33.461|DEBUG|ArtifactScraper|Parsing artifact substat: energyrecharge+5.8%
2026-09-29 10:53:33.680|DEBUG|ArtifactScraper|Parsing artifact substat: hp+5.8%
2026-09-29 10:53:33.680|DEBUG|ArtifactScraper|Parsing artifact substat: energyrecharge+5.8%
2026-09-29 10:53:33.680|DEBUG|ArtifactScraper|Parsing artifact substat: elementalmastery+19
2026-09-29 10:53:33.680|DEBUG|ArtifactScraper|Parsing artifact substat: def+16
2026-09-29 10:53:33.779|DEBUG|ArtifactScraper|Parsing artifact substat: def+23
2026-09-29 10:53:33.779|DEBUG|ArtifactScraper|Parsing artifact substat: elementalmastery+23
2026-09-29 10:53:33.779|DEBUG|ArtifactScraper|Parsing artifact substat: def+7.3%
2026-09-29 10:53:33.779|DEBUG|ArtifactScraper|Parsing artifact substat: hp+239
2026-09-29 10:53:34.061|DEBUG|ArtifactScraper|Parsing artifact substat: atk+18
2026-09-29 10:53:34.061|DEBUG|ArtifactScraper|Parsing artifact substat: atk+5.3%
2026-09-29 10:53:34.061|DEBUG|ArtifactScraper|Parsing artifact substat: energyrecharge+5.2%
2026-09-29 10:53:34.061|DEBUG|ArtifactScraper|Parsing artifact substat: def+21(unactivated)
2026-09-29 10:53:34.146|DEBUG|ArtifactScraper|Parsing artifact substat: def+19
2026-09-29 10:53:34.146|DEBUG|ArtifactScraper|Parsing artifact substat: hp+4.1%
2026-09-29 10:53:34.146|DEBUG|ArtifactScraper|Parsing artifact substat: atk+14
2026-09-29 10:53:34.146|DEBUG|ArtifactScraper|Parsing artifact substat: elementalmastery+21
2026-09-29 10:53:34.347|DEBUG|ArtifactScraper|Parsing artifact substat: hp+239
2026-09-29 10:53:34.347|DEBUG|ArtifactScraper|Parsing artifact substat: atk+5.8%
2026-09-29 10:53:34.347|DEBUG|ArtifactScraper|Parsing artifact substat: hp+4.7%
2026-09-29 10:53:34.347|DEBUG|ArtifactScraper|Parsing artifact substat: atk+19(unactivated)
2026-09-29 10:53:34.555|DEBUG|ArtifactScraper|Parsing artifact substat: energyrecharge+5.2%
2026-09-29 10:53:34.555|DEBUG|ArtifactScraper|Parsing artifact substat: critrate+3.9%
2026-09-29 10:53:34.555|DEBUG|ArtifactScraper|Parsing artifact substat: atk+5.8%
2026-09-29 10:53:34.555|DEBUG|ArtifactScraper|Parsing artifact substat: hp+299(unactivated)
2026-09-29 10:53:34.711|DEBUG|ArtifactScraper|Parsing artifact substat: energyrecharge+5.8%
2026-09-29 10:53:34.711|DEBUG|ArtifactScraper|Parsing artifact substat: hp+299
2026-09-29 10:53:34.711|DEBUG|ArtifactScraper|Parsing artifact substat: def+23
2026-09-29 10:53:34.711|DEBUG|ArtifactScraper|Parsing artifact substat: atk+14(unactivated)
2026-09-29 10:53:34.974|DEBUG|ArtifactScraper|Parsing artifact substat: elementalmastery+21
2026-09-29 10:53:34.974|DEBUG|ArtifactScraper|Parsing artifact substat: critdmg+7.8%
2026-09-29 10:53:34.974|DEBUG|ArtifactScraper|Parsing artifact substat: def+21
2026-09-29 10:53:34.974|DEBUG|ArtifactScraper|Parsing artifact substat: atk+4.1%(unactivated)
2026-09-29 10:53:35.105|DEBUG|ArtifactScraper|Parsing artifact substat: def+19
2026-09-29 10:53:35.105|DEBUG|ArtifactScraper|Parsing artifact substat: hp+299
2026-09-29 10:53:35.105|DEBUG|ArtifactScraper|Parsing artifact substat: elementalmastery+19
2026-09-29 10:53:35.105|DEBUG|ArtifactScraper|Parsing artifact substat: def+5.8%
2026-09-29 10:53:35.256|DEBUG|ArtifactScraper|Parsing artifact substat: energyrecharge+5.2%
2026-09-29 10:53:35.256|DEBUG|ArtifactScraper|Parsing artifact substat: def+19
2026-09-29 10:53:35.256|DEBUG|ArtifactScraper|Parsing artifact substat: atk+16
2026-09-29 10:53:35.256|DEBUG|ArtifactScraper|Parsing artifact substat: atk+5.8%(unactivated)
2026-09-29 10:53:35.371|DEBUG|ArtifactScraper|Finished queuing page of artifacts. Scrolling...
2026-09-29 10:53:35.386|DEBUG|ArtifactScraper|Parsing artifact substat: critrate+3.5%
2026-09-29 10:53:35.386|DEBUG|ArtifactScraper|Parsing artifact substat: atk+5.3%
2026-09-29 10:53:35.386|DEBUG|ArtifactScraper|Parsing artifact substat: critdmg+7.8%
2026-09-29 10:53:35.386|DEBUG|ArtifactScraper|Parsing artifact substat: energyrecharge+6.5%
2026-09-29 10:53:35.648|DEBUG|ArtifactScraper|Parsing artifact substat: atk+18
2026-09-29 10:53:35.648|DEBUG|ArtifactScraper|Parsing artifact substat: hp+299
2026-09-29 10:53:35.648|DEBUG|ArtifactScraper|Parsing artifact substat: elementalmastery+23
2026-09-29 10:53:35.648|DEBUG|ArtifactScraper|Parsing artifact substat: def+5.1%(unactivated)
2026-09-29 10:53:35.753|DEBUG|ArtifactScraper|Parsing artifact substat: def+21
2026-09-29 10:53:35.753|DEBUG|ArtifactScraper|Parsing artifact substat: atk+5.8%
2026-09-29 10:53:35.753|DEBUG|ArtifactScraper|Parsing artifact substat: elementalmastery+16
2026-09-29 10:53:35.753|DEBUG|ArtifactScraper|Parsing artifact substat: atk+18(unactivated)
2026-09-29 10:53:37.743|DEBUG|ArtifactScraper|Scanning artifact page 19
2026-09-29 10:53:37.743|DEBUG|ArtifactScraper|Located 32 possible item locations on page.
2026-09-29 10:53:38.281|DEBUG|ArtifactScraper|Parsing artifact substat: def+7.3%
2026-09-29 10:53:38.281|DEBUG|ArtifactScraper|Parsing artifact substat: critdmg+7.8%
2026-09-29 10:53:38.281|DEBUG|ArtifactScraper|Parsing artifact substat: atk+4.1%
2026-09-29 10:53:38.281|DEBUG|ArtifactScraper|Parsing artifact substat: hp+269(unactivated)
2026-09-29 10:53:38.437|DEBUG|ArtifactScraper|Parsing artifact substat: energyrecharge+5.2%
2026-09-29 10:53:38.437|DEBUG|ArtifactScraper|Parsing artifact substat: atk+4.7%
2026-09-29 10:53:38.437|DEBUG|ArtifactScraper|Parsing artifact substat: hp+209
2026-09-29 10:53:38.437|DEBUG|ArtifactScraper|Parsing artifact substat: critdmg+7.8%
2026-09-29 10:53:38.621|DEBUG|ArtifactScraper|Parsing artifact substat: hp+239
2026-09-29 10:53:38.621|DEBUG|ArtifactScraper|Parsing artifact substat: energyrecharge+6.5%
2026-09-29 10:53:38.621|DEBUG|ArtifactScraper|Parsing artifact substat: hp+5.3%
2026-09-29 10:53:38.621|DEBUG|ArtifactScraper|Parsing artifact substat: critdmg+7.0%
2026-09-29 10:53:38.888|DEBUG|ArtifactScraper|Parsing artifact substat: elementalmastery+19
2026-09-29 10:53:38.888|DEBUG|ArtifactScraper|Parsing artifact substat: energyrecharge+6.5%
2026-09-29 10:53:38.888|DEBUG|ArtifactScraper|Parsing artifact substat: def+21
2026-09-29 10:53:38.888|DEBUG|ArtifactScraper|Parsing artifact substat: critdmg+7.8%(unactivated)
2026-09-29 10:53:38.901|DEBUG|ArtifactScraper|Parsing artifact substat: def+21
2026-09-29 10:53:38.901|DEBUG|ArtifactScraper|Parsing artifact substat: hp+5.8%
2026-09-29 10:53:38.901|DEBUG|ArtifactScraper|Parsing artifact substat: atk+18
2026-09-29 10:53:38.901|DEBUG|ArtifactScraper|Parsing artifact substat: hp+239(unactivated)
2026-09-29 10:53:39.307|DEBUG|ArtifactScraper|Parsing artifact substat: energyrecharge+6.5%
2026-09-29 10:53:39.307|DEBUG|ArtifactScraper|Parsing artifact substat: atk+16
2026-09-29 10:53:39.307|DEBUG|ArtifactScraper|Parsing artifact substat: hp+269
2026-09-29 10:53:39.307|DEBUG|ArtifactScraper|Parsing artifact substat: hp+5.8%(unactivated)
2026-09-29 10:53:39.331|DEBUG|ArtifactScraper|Parsing artifact substat: elementalmastery+16
2026-09-29 10:53:39.331|DEBUG|ArtifactScraper|Parsing artifact substat: atk+18
2026-09-29 10:53:39.331|DEBUG|ArtifactScraper|Parsing artifact substat: def+21
2026-09-29 10:53:39.331|DEBUG|ArtifactScraper|Parsing artifact substat: atk+5.8%(unactivated)
2026-09-29 10:53:39.617|DEBUG|ArtifactScraper|Parsing artifact substat: atk+5.8%
2026-09-29 10:53:39.617|DEBUG|ArtifactScraper|Parsing artifact substat: critrate+2.7%
2026-09-29 10:53:39.617|DEBUG|ArtifactScraper|Parsing artifact substat: atk+19
2026-09-29 10:53:39.617|DEBUG|ArtifactScraper|Parsing artifact substat: def+5.1%(unactivated)
2026-09-29 10:53:39.804|DEBUG|ArtifactScraper|Parsing artifact substat: critrate+3.5%
2026-09-29 10:53:39.804|DEBUG|ArtifactScraper|Parsing artifact substat: elementalmastery+21
2026-09-29 10:53:39.804|DEBUG|ArtifactScraper|Parsing artifact substat: energyrecharge+6.5%
2026-09-29 10:53:39.804|DEBUG|ArtifactScraper|Parsing artifact substat: atk+4.7%(unactivated)
2026-09-29 10:53:40.042|DEBUG|ArtifactScraper|Parsing artifact substat: def+6.6%
2026-09-29 10:53:40.042|DEBUG|ArtifactScraper|Parsing artifact substat: energyrecharge+6.5%
2026-09-29 10:53:40.042|DEBUG|ArtifactScraper|Parsing artifact substat: atk+5.8%
2026-09-29 10:53:40.042|DEBUG|ArtifactScraper|Parsing artifact substat: atk+18(unactivated)
2026-09-29 10:53:40.059|DEBUG|ArtifactScraper|Parsing artifact substat: def+7.3%
2026-09-29 10:53:40.059|DEBUG|ArtifactScraper|Parsing artifact substat: def+23
2026-09-29 10:53:40.059|DEBUG|ArtifactScraper|Parsing artifact substat: atk+18
2026-09-29 10:53:40.059|DEBUG|ArtifactScraper|Parsing artifact substat: energyrecharge+6.5%
2026-09-29 10:53:40.226|DEBUG|ArtifactScraper|Parsing artifact substat: hp+299
2026-09-29 10:53:40.226|DEBUG|ArtifactScraper|Parsing artifact substat: def+16
2026-09-29 10:53:40.226|DEBUG|ArtifactScraper|Parsing artifact substat: hp+5.8%
2026-09-29 10:53:40.226|DEBUG|ArtifactScraper|Parsing artifact substat: critdmg+5.4%(unactivated)
2026-09-29 10:53:40.468|DEBUG|ArtifactScraper|Parsing artifact substat: hp+209
2026-09-29 10:53:40.468|DEBUG|ArtifactScraper|Parsing artifact substat: energyrecharge+4.5%
2026-09-29 10:53:40.468|DEBUG|ArtifactScraper|Parsing artifact substat: critrate+3.1%
2026-09-29 10:53:40.468|DEBUG|ArtifactScraper|Parsing artifact substat: atk+4.7%(unactivated)
2026-09-29 10:53:40.631|DEBUG|ArtifactScraper|Parsing artifact substat: hp+269
2026-09-29 10:53:40.631|DEBUG|ArtifactScraper|Parsing artifact substat: def+21
2026-09-29 10:53:40.631|DEBUG|ArtifactScraper|Parsing artifact substat: hp+4.1%
2026-09-29 10:53:40.631|DEBUG|ArtifactScraper|Parsing artifact substat: energyrecharge+4.5%
2026-09-29 10:53:40.811|DEBUG|ArtifactScraper|Parsing artifact substat: energyrecharge+4.5%
2026-09-29 10:53:40.811|DEBUG|ArtifactScraper|Parsing artifact substat: def+6.6%
2026-09-29 10:53:40.811|DEBUG|ArtifactScraper|Parsing artifact substat: elementalmastery+23
2026-09-29 10:53:40.811|DEBUG|ArtifactScraper|Parsing artifact substat: critdmg+6.2%(unactivated)
2026-09-29 10:53:40.899|DEBUG|ArtifactScraper|Parsing artifact substat: critdmg+5.4%
2026-09-29 10:53:40.899|DEBUG|ArtifactScraper|Parsing artifact substat: atk+14
2026-09-29 10:53:40.899|DEBUG|ArtifactScraper|Parsing artifact substat: hp+269
2026-09-29 10:53:40.899|DEBUG|ArtifactScraper|Parsing artifact substat: critrate+3.1%
2026-09-29 10:53:41.101|DEBUG|ArtifactScraper|Parsing artifact substat: atk+18
2026-09-29 10:53:41.101|DEBUG|ArtifactScraper|Parsing artifact substat: energyrecharge+5.8%
2026-09-29 10:53:41.101|DEBUG|ArtifactScraper|Parsing artifact substat: def+23
2026-09-29 10:53:41.101|DEBUG|ArtifactScraper|Parsing artifact substat: critrate+3.1%(unactivated)
2026-09-29 10:53:41.221|DEBUG|ArtifactScraper|Parsing artifact substat: hp+239
2026-09-29 10:53:41.221|DEBUG|ArtifactScraper|Parsing artifact substat: energyrecharge+5.2%
2026-09-29 10:53:41.221|DEBUG|ArtifactScraper|Parsing artifact substat: elementalmastery+21
2026-09-29 10:53:41.221|DEBUG|ArtifactScraper|Parsing artifact substat: def+21
2026-09-29 10:53:41.478|DEBUG|ArtifactScraper|Parsing artifact substat: hp+5.8%
2026-09-29 10:53:41.478|DEBUG|ArtifactScraper|Parsing artifact substat: critdmg+7.8%
2026-09-29 10:53:41.478|DEBUG|ArtifactScraper|Parsing artifact substat: atk+5.8%
2026-09-29 10:53:41.478|DEBUG|ArtifactScraper|Parsing artifact substat: elementalmastery+19
2026-09-29 10:53:41.613|DEBUG|ArtifactScraper|Parsing artifact substat: hp+269
2026-09-29 10:53:41.613|DEBUG|ArtifactScraper|Parsing artifact substat: critdmg+7.0%
2026-09-29 10:53:41.613|DEBUG|ArtifactScraper|Parsing artifact substat: def+6.6%
2026-09-29 10:53:41.613|DEBUG|ArtifactScraper|Parsing artifact substat: energyrecharge+5.8%
2026-09-29 10:53:41.783|DEBUG|ArtifactScraper|Parsing artifact substat: hp+299
2026-09-29 10:53:41.783|DEBUG|ArtifactScraper|Parsing artifact substat: hp+4.1%
2026-09-29 10:53:41.783|DEBUG|ArtifactScraper|Parsing artifact substat: def+16
2026-09-29 10:53:41.783|DEBUG|ArtifactScraper|Parsing artifact substat: elementalmastery+23
2026-09-29 10:53:41.967|DEBUG|ArtifactScraper|Parsing artifact substat: atk+14
2026-09-29 10:53:41.967|DEBUG|ArtifactScraper|Parsing artifact substat: def+6.6%
2026-09-29 10:53:41.967|DEBUG|ArtifactScraper|Parsing artifact substat: def+23
2026-09-29 10:53:41.967|DEBUG|ArtifactScraper|Parsing artifact substat: critdmg+7.0%
2026-09-29 10:53:42.103|DEBUG|ArtifactScraper|Parsing artifact substat: def+16
2026-09-29 10:53:42.103|DEBUG|ArtifactScraper|Parsing artifact substat: hp+4.1%
2026-09-29 10:53:42.103|DEBUG|ArtifactScraper|Parsing artifact substat: atk+14
2026-09-29 10:53:42.103|DEBUG|ArtifactScraper|Parsing artifact substat: critdmg+7.0%(unactivated)
2026-09-29 10:53:42.386|DEBUG|ArtifactScraper|Parsing artifact substat: critdmg+7.0%
2026-09-29 10:53:42.386|DEBUG|ArtifactScraper|Parsing artifact substat: atk+19
2026-09-29 10:53:42.386|DEBUG|ArtifactScraper|Parsing artifact substat: elementalmastery+21
2026-09-29 10:53:42.386|DEBUG|ArtifactScraper|Parsing artifact substat: hp+209(unactivated)
2026-09-29 10:53:42.429|DEBUG|ArtifactScraper|Parsing artifact substat: atk+14
2026-09-29 10:53:42.429|DEBUG|ArtifactScraper|Parsing artifact substat: critrate+3.9%
2026-09-29 10:53:42.429|DEBUG|ArtifactScraper|Parsing artifact substat: atk+4.1%
2026-09-29 10:53:42.429|DEBUG|ArtifactScraper|Parsing artifact substat: hp+239(unactivated)
2026-09-29 10:53:42.744|DEBUG|ArtifactScraper|Parsing artifact substat: atk+18
2026-09-29 10:53:42.744|DEBUG|ArtifactScraper|Parsing artifact substat: def+6.6%
2026-09-29 10:53:42.744|DEBUG|ArtifactScraper|Parsing artifact substat: def+19
2026-09-29 10:53:42.744|DEBUG|ArtifactScraper|Parsing artifact substat: energyrecharge+4.5%
2026-09-29 10:53:42.744|DEBUG|ArtifactScraper|Parsing artifact substat: hp+269
2026-09-29 10:53:42.744|DEBUG|ArtifactScraper|Parsing artifact substat: def+19
2026-09-29 10:53:42.744|DEBUG|ArtifactScraper|Parsing artifact substat: critrate+3.9%
2026-09-29 10:53:42.744|DEBUG|ArtifactScraper|Parsing artifact substat: atk+19(unactivated)
2026-09-29 10:53:43.068|DEBUG|ArtifactScraper|Parsing artifact substat: critrate+3.9%
2026-09-29 10:53:43.068|DEBUG|ArtifactScraper|Parsing artifact substat: energyrecharge+5.8%
2026-09-29 10:53:43.068|DEBUG|ArtifactScraper|Parsing artifact substat: hp+4.7%
2026-09-29 10:53:43.068|DEBUG|ArtifactScraper|Parsing artifact substat: def+16
2026-09-29 10:53:43.124|DEBUG|ArtifactScraper|Parsing artifact substat: atk+14
2026-09-29 10:53:43.124|DEBUG|ArtifactScraper|Parsing artifact substat: hp+269
2026-09-29 10:53:43.124|DEBUG|ArtifactScraper|Parsing artifact substat: hp+5.3%
2026-09-29 10:53:43.124|DEBUG|ArtifactScraper|Parsing artifact substat: def+19(unactivated)
2026-09-29 10:53:43.305|DEBUG|ArtifactScraper|Finished queuing page of artifacts. Scrolling...
2026-09-29 10:53:43.417|DEBUG|ArtifactScraper|Parsing artifact substat: critdmg+5.4%
2026-09-29 10:53:43.417|DEBUG|ArtifactScraper|Parsing artifact substat: hp+299
2026-09-29 10:53:43.417|DEBUG|ArtifactScraper|Parsing artifact substat: elementalmastery+19
2026-09-29 10:53:43.417|DEBUG|ArtifactScraper|Parsing artifact substat: def+7.3%(unactivated)
2026-09-29 10:53:43.441|DEBUG|ArtifactScraper|Parsing artifact substat: atk+14
2026-09-29 10:53:43.441|DEBUG|ArtifactScraper|Parsing artifact substat: def+5.1%
2026-09-29 10:53:43.441|DEBUG|ArtifactScraper|Parsing artifact substat: critrate+3.5%
2026-09-29 10:53:43.441|DEBUG|ArtifactScraper|Parsing artifact substat: energyrecharge+6.5%
2026-09-29 10:53:43.721|DEBUG|ArtifactScraper|Parsing artifact substat: hp+239
2026-09-29 10:53:43.721|DEBUG|ArtifactScraper|Parsing artifact substat: elementalmastery+16
2026-09-29 10:53:43.721|DEBUG|ArtifactScraper|Parsing artifact substat: hp+4.7%
2026-09-29 10:53:43.721|DEBUG|ArtifactScraper|Parsing artifact substat: energyrecharge+6.5%
2026-09-29 10:53:45.684|DEBUG|ArtifactScraper|Scanning artifact page 20
2026-09-29 10:53:45.684|DEBUG|ArtifactScraper|Located 32 possible item locations on page.
2026-09-29 10:53:46.115|DEBUG|ArtifactScraper|Parsing artifact substat: atk+5.8%
2026-09-29 10:53:46.115|DEBUG|ArtifactScraper|Parsing artifact substat: atk+19
2026-09-29 10:53:46.115|DEBUG|ArtifactScraper|Parsing artifact substat: energyrecharge+5.8%
2026-09-29 10:53:46.115|DEBUG|ArtifactScraper|Parsing artifact substat: critdmg+7.0%(unactivated)
2026-09-29 10:53:46.400|DEBUG|ArtifactScraper|Parsing artifact substat: critrate+3.5%
2026-09-29 10:53:46.400|DEBUG|ArtifactScraper|Parsing artifact substat: critdmg+5.4%
2026-09-29 10:53:46.400|DEBUG|ArtifactScraper|Parsing artifact substat: atk+5.8%
2026-09-29 10:53:46.400|DEBUG|ArtifactScraper|Parsing artifact substat: hp+269(unactivated)
2026-09-29 10:53:46.485|DEBUG|ArtifactScraper|Parsing artifact substat: critrate+3.9%
2026-09-29 10:53:46.485|DEBUG|ArtifactScraper|Parsing artifact substat: energyrecharge+5.8%
2026-09-29 10:53:46.485|DEBUG|ArtifactScraper|Parsing artifact substat: critdmg+5.4%
2026-09-29 10:53:46.485|DEBUG|ArtifactScraper|Parsing artifact substat: hp+269(unactivated)
2026-09-29 10:53:46.742|DEBUG|ArtifactScraper|Parsing artifact substat: critdmg+5.4%
2026-09-29 10:53:46.742|DEBUG|ArtifactScraper|Parsing artifact substat: atk+16
2026-09-29 10:53:46.742|DEBUG|ArtifactScraper|Parsing artifact substat: atk+4.7%
2026-09-29 10:53:46.742|DEBUG|ArtifactScraper|Parsing artifact substat: hp+5.8%(unactivated)
2026-09-29 10:53:46.917|DEBUG|ArtifactScraper|Parsing artifact substat: critdmg+6.2%
2026-09-29 10:53:46.917|DEBUG|ArtifactScraper|Parsing artifact substat: critrate+3.9%
2026-09-29 10:53:46.917|DEBUG|ArtifactScraper|Parsing artifact substat: elementalmastery+23
2026-09-29 10:53:46.917|DEBUG|ArtifactScraper|Parsing artifact substat: def+5.8%(unactivated)
2026-09-29 10:53:47.047|DEBUG|ArtifactScraper|Parsing artifact substat: energyrecharge+5.2%
2026-09-29 10:53:47.047|DEBUG|ArtifactScraper|Parsing artifact substat: critrate+3.5%
2026-09-29 10:53:47.047|DEBUG|ArtifactScraper|Parsing artifact substat: elementalmastery+16
2026-09-29 10:53:47.047|DEBUG|ArtifactScraper|Parsing artifact substat: atk+19
2026-09-29 10:53:47.345|DEBUG|ArtifactScraper|Parsing artifact substat: energyrecharge+5.2%
2026-09-29 10:53:47.345|DEBUG|ArtifactScraper|Parsing artifact substat: def+5.8%
2026-09-29 10:53:47.345|DEBUG|ArtifactScraper|Parsing artifact substat: elementalmastery+23
2026-09-29 10:53:47.345|DEBUG|ArtifactScraper|Parsing artifact substat: critrate+3.5%(unactivated)
2026-09-29 10:53:47.389|DEBUG|ArtifactScraper|Parsing artifact substat: def+7.3%
2026-09-29 10:53:47.389|DEBUG|ArtifactScraper|Parsing artifact substat: atk+19
2026-09-29 10:53:47.389|DEBUG|ArtifactScraper|Parsing artifact substat: hp+5.8%
2026-09-29 10:53:47.389|DEBUG|ArtifactScraper|Parsing artifact substat: energyrecharge+6.5%
2026-09-29 10:53:47.694|DEBUG|ArtifactScraper|Parsing artifact substat: critdmg+7.8%
2026-09-29 10:53:47.694|DEBUG|ArtifactScraper|Parsing artifact substat: def+21
2026-09-29 10:53:47.694|DEBUG|ArtifactScraper|Parsing artifact substat: atk+19
2026-09-29 10:53:47.694|DEBUG|ArtifactScraper|Parsing artifact substat: energyrecharge+6.5%
2026-09-29 10:53:47.725|DEBUG|ArtifactScraper|Parsing artifact substat: atk+18
2026-09-29 10:53:47.725|DEBUG|ArtifactScraper|Parsing artifact substat: def+23
2026-09-29 10:53:47.725|DEBUG|ArtifactScraper|Parsing artifact substat: hp+4.1%
2026-09-29 10:53:47.725|DEBUG|ArtifactScraper|Parsing artifact substat: critdmg+7.8%(unactivated)
2026-09-29 10:53:48.040|DEBUG|ArtifactScraper|Parsing artifact substat: def+21
2026-09-29 10:53:48.040|DEBUG|ArtifactScraper|Parsing artifact substat: hp+5.3%
2026-09-29 10:53:48.040|DEBUG|ArtifactScraper|Parsing artifact substat: critdmg+7.8%
2026-09-29 10:53:48.040|DEBUG|ArtifactScraper|Parsing artifact substat: def+5.8%(unactivated)
2026-09-29 10:53:48.099|DEBUG|ArtifactScraper|Parsing artifact substat: atk+5.8%
2026-09-29 10:53:48.099|DEBUG|ArtifactScraper|Parsing artifact substat: energyrecharge+4.5%
2026-09-29 10:53:48.099|DEBUG|ArtifactScraper|Parsing artifact substat: hp+209
2026-09-29 10:53:48.099|DEBUG|ArtifactScraper|Parsing artifact substat: elementalmastery+19
2026-09-29 10:53:48.359|DEBUG|ArtifactScraper|Parsing artifact substat: hp+209
2026-09-29 10:53:48.359|DEBUG|ArtifactScraper|Parsing artifact substat: critdmg+6.2%
2026-09-29 10:53:48.359|DEBUG|ArtifactScraper|Parsing artifact substat: hp+5.8%
2026-09-29 10:53:48.359|DEBUG|ArtifactScraper|Parsing artifact substat: energyrecharge+6.5%
2026-09-29 10:53:48.427|DEBUG|ArtifactScraper|Parsing artifact substat: elementalmastery+23
2026-09-29 10:53:48.427|DEBUG|ArtifactScraper|Parsing artifact substat: hp+5.3%
2026-09-29 10:53:48.427|DEBUG|ArtifactScraper|Parsing artifact substat: def+21
2026-09-29 10:53:48.427|DEBUG|ArtifactScraper|Parsing artifact substat: hp+299(unactivated)
2026-09-29 10:53:48.688|DEBUG|ArtifactScraper|Parsing artifact substat: def+16
2026-09-29 10:53:48.688|DEBUG|ArtifactScraper|Parsing artifact substat: atk+5.8%
2026-09-29 10:53:48.688|DEBUG|ArtifactScraper|Parsing artifact substat: hp+239
2026-09-29 10:53:48.688|DEBUG|ArtifactScraper|Parsing artifact substat: energyrecharge+6.5%
2026-09-29 10:53:48.717|DEBUG|ArtifactScraper|Parsing artifact substat: hp+4.1%
2026-09-29 10:53:48.717|DEBUG|ArtifactScraper|Parsing artifact substat: critrate+3.5%
2026-09-29 10:53:48.717|DEBUG|ArtifactScraper|Parsing artifact substat: atk+14
2026-09-29 10:53:48.717|DEBUG|ArtifactScraper|Parsing artifact substat: def+21(unactivated)
2026-09-29 10:53:49.016|DEBUG|ArtifactScraper|Parsing artifact substat: atk+5.3%
2026-09-29 10:53:49.016|DEBUG|ArtifactScraper|Parsing artifact substat: critrate+3.1%
2026-09-29 10:53:49.016|DEBUG|ArtifactScraper|Parsing artifact substat: hp+299
2026-09-29 10:53:49.016|DEBUG|ArtifactScraper|Parsing artifact substat: energyrecharge+5.8%
2026-09-29 10:53:49.044|DEBUG|ArtifactScraper|Parsing artifact substat: atk+5.8%
2026-09-29 10:53:49.044|DEBUG|ArtifactScraper|Parsing artifact substat: elementalmastery+23
2026-09-29 10:53:49.044|DEBUG|ArtifactScraper|Parsing artifact substat: def+19
2026-09-29 10:53:49.044|DEBUG|ArtifactScraper|Parsing artifact substat: energyrecharge+4.5%
2026-09-29 10:53:49.305|DEBUG|ArtifactScraper|Parsing artifact substat: hp+269
2026-09-29 10:53:49.305|DEBUG|ArtifactScraper|Parsing artifact substat: atk+14
2026-09-29 10:53:49.305|DEBUG|ArtifactScraper|Parsing artifact substat: def+7.3%
2026-09-29 10:53:49.305|DEBUG|ArtifactScraper|Parsing artifact substat: elementalmastery+21
2026-09-29 10:53:49.363|DEBUG|ArtifactScraper|Parsing artifact substat: hp+299
2026-09-29 10:53:49.363|DEBUG|ArtifactScraper|Parsing artifact substat: hp+4.1%
2026-09-29 10:53:49.363|DEBUG|ArtifactScraper|Parsing artifact substat: elementalmastery+23
2026-09-29 10:53:49.363|DEBUG|ArtifactScraper|Parsing artifact substat: atk+18(unactivated)
2026-09-29 10:53:49.638|DEBUG|ArtifactScraper|Parsing artifact substat: atk+4.1%
2026-09-29 10:53:49.638|DEBUG|ArtifactScraper|Parsing artifact substat: def+23
2026-09-29 10:53:49.638|DEBUG|ArtifactScraper|Parsing artifact substat: atk+19
2026-09-29 10:53:49.638|DEBUG|ArtifactScraper|Parsing artifact substat: critrate+2.7%(unactivated)
2026-09-29 10:53:49.672|DEBUG|ArtifactScraper|Parsing artifact substat: hp+4.7%
2026-09-29 10:53:49.672|DEBUG|ArtifactScraper|Parsing artifact substat: atk+5.8%
2026-09-29 10:53:49.672|DEBUG|ArtifactScraper|Parsing artifact substat: energyrecharge+5.2%
2026-09-29 10:53:49.672|DEBUG|ArtifactScraper|Parsing artifact substat: elementalmastery+19
2026-09-29 10:53:49.943|DEBUG|ArtifactScraper|Parsing artifact substat: hp+299
2026-09-29 10:53:49.943|DEBUG|ArtifactScraper|Parsing artifact substat: def+23
2026-09-29 10:53:49.943|DEBUG|ArtifactScraper|Parsing artifact substat: atk+18
2026-09-29 10:53:49.943|DEBUG|ArtifactScraper|Parsing artifact substat: atk+4.7%(unactivated)
2026-09-29 10:53:49.971|DEBUG|ArtifactScraper|Parsing artifact substat: hp+239
2026-09-29 10:53:49.971|DEBUG|ArtifactScraper|Parsing artifact substat: critdmg+5.4%
2026-09-29 10:53:49.971|DEBUG|ArtifactScraper|Parsing artifact substat: atk+16
2026-09-29 10:53:49.971|DEBUG|ArtifactScraper|Parsing artifact substat: elementalmastery+21
2026-09-29 10:53:50.319|DEBUG|ArtifactScraper|Parsing artifact substat: hp+4.1%
2026-09-29 10:53:50.319|DEBUG|ArtifactScraper|Parsing artifact substat: elementalmastery+21
2026-09-29 10:53:50.319|DEBUG|ArtifactScraper|Parsing artifact substat: critrate+3.5%
2026-09-29 10:53:50.319|DEBUG|ArtifactScraper|Parsing artifact substat: def+23(unactivated)
2026-09-29 10:53:50.330|DEBUG|ArtifactScraper|Parsing artifact substat: hp+209
2026-09-29 10:53:50.330|DEBUG|ArtifactScraper|Parsing artifact substat: atk+5.8%
2026-09-29 10:53:50.330|DEBUG|ArtifactScraper|Parsing artifact substat: def+5.1%
2026-09-29 10:53:50.330|DEBUG|ArtifactScraper|Parsing artifact substat: elementalmastery+16
2026-09-29 10:53:50.565|DEBUG|ArtifactScraper|Parsing artifact substat: critdmg+6.2%
2026-09-29 10:53:50.565|DEBUG|ArtifactScraper|Parsing artifact substat: atk+4.7%
2026-09-29 10:53:50.565|DEBUG|ArtifactScraper|Parsing artifact substat: hp+5.3%
2026-09-29 10:53:50.565|DEBUG|ArtifactScraper|Parsing artifact substat: def+19(unactivated)
2026-09-29 10:53:50.643|DEBUG|ArtifactScraper|Parsing artifact substat: def+23
2026-09-29 10:53:50.643|DEBUG|ArtifactScraper|Parsing artifact substat: atk+14
2026-09-29 10:53:50.643|DEBUG|ArtifactScraper|Parsing artifact substat: critrate+3.1%
2026-09-29 10:53:50.643|DEBUG|ArtifactScraper|Parsing artifact substat: def+7.3%
2026-09-29 10:53:50.885|DEBUG|ArtifactScraper|Parsing artifact substat: atk+19
2026-09-29 10:53:50.885|DEBUG|ArtifactScraper|Parsing artifact substat: elementalmastery+19
2026-09-29 10:53:50.885|DEBUG|ArtifactScraper|Parsing artifact substat: hp+239
2026-09-29 10:53:50.885|DEBUG|ArtifactScraper|Parsing artifact substat: atk+4.7%
2026-09-29 10:53:51.000|DEBUG|ArtifactScraper|Parsing artifact substat: elementalmastery+19
2026-09-29 10:53:51.000|DEBUG|ArtifactScraper|Parsing artifact substat: energyrecharge+6.5%
2026-09-29 10:53:51.000|DEBUG|ArtifactScraper|Parsing artifact substat: atk+14
2026-09-29 10:53:51.000|DEBUG|ArtifactScraper|Parsing artifact substat: def+19(unactivated)
2026-09-29 10:53:51.015|DEBUG|ArtifactScraper|Finished queuing page of artifacts. Scrolling...
2026-09-29 10:53:51.189|DEBUG|ArtifactScraper|Parsing artifact substat: atk+18
2026-09-29 10:53:51.189|DEBUG|ArtifactScraper|Parsing artifact substat: atk+5.3%
2026-09-29 10:53:51.189|DEBUG|ArtifactScraper|Parsing artifact substat: hp+4.7%
2026-09-29 10:53:51.190|DEBUG|ArtifactScraper|Parsing artifact substat: def+16(unactivated)
2026-09-29 10:53:51.322|DEBUG|ArtifactScraper|Parsing artifact substat: def+16
2026-09-29 10:53:51.322|DEBUG|ArtifactScraper|Parsing artifact substat: atk+16
2026-09-29 10:53:51.322|DEBUG|ArtifactScraper|Parsing artifact substat: critrate+3.9%
2026-09-29 10:53:51.322|DEBUG|ArtifactScraper|Parsing artifact substat: energyrecharge+6.5%
2026-09-29 10:53:52.991|DEBUG|ArtifactScraper|Scanning artifact page 21
2026-09-29 10:53:52.991|DEBUG|ArtifactScraper|Located 32 possible item locations on page.
2026-09-29 10:53:53.385|DEBUG|ArtifactScraper|Parsing artifact substat: energyrecharge+4.5%
2026-09-29 10:53:53.385|DEBUG|ArtifactScraper|Parsing artifact substat: hp+4.1%
2026-09-29 10:53:53.385|DEBUG|ArtifactScraper|Parsing artifact substat: def+19
2026-09-29 10:53:53.385|DEBUG|ArtifactScraper|Parsing artifact substat: elementalmastery+21
2026-09-29 10:53:53.659|DEBUG|ArtifactScraper|Parsing artifact substat: hp+5.8%
2026-09-29 10:53:53.659|DEBUG|ArtifactScraper|Parsing artifact substat: atk+5.8%
2026-09-29 10:53:53.659|DEBUG|ArtifactScraper|Parsing artifact substat: atk+14
2026-09-29 10:53:53.659|DEBUG|ArtifactScraper|Parsing artifact substat: elementalmastery+23
2026-09-29 10:53:53.787|DEBUG|ArtifactScraper|Parsing artifact substat: atk+5.3%
2026-09-29 10:53:53.787|DEBUG|ArtifactScraper|Parsing artifact substat: critrate+3.1%
2026-09-29 10:53:53.787|DEBUG|ArtifactScraper|Parsing artifact substat: energyrecharge+5.2%
2026-09-29 10:53:53.787|DEBUG|ArtifactScraper|Parsing artifact substat: critdmg+5.4%(unactivated)
2026-09-29 10:53:53.991|DEBUG|ArtifactScraper|Parsing artifact substat: def+5.1%
2026-09-29 10:53:53.991|DEBUG|ArtifactScraper|Parsing artifact substat: atk+5.3%
2026-09-29 10:53:53.991|DEBUG|ArtifactScraper|Parsing artifact substat: critrate+3.9%
2026-09-29 10:53:53.991|DEBUG|ArtifactScraper|Parsing artifact substat: hp+4.1%(unactivated)
2026-09-29 10:53:54.063|DEBUG|ArtifactScraper|Parsing artifact substat: atk+19
2026-09-29 10:53:54.063|DEBUG|ArtifactScraper|Parsing artifact substat: energyrecharge+5.8%
2026-09-29 10:53:54.063|DEBUG|ArtifactScraper|Parsing artifact substat: def+5.1%
2026-09-29 10:53:54.063|DEBUG|ArtifactScraper|Parsing artifact substat: hp+5.8%
2026-09-29 10:53:54.246|DEBUG|ArtifactScraper|Parsing artifact substat: hp+5.8%
2026-09-29 10:53:54.246|DEBUG|ArtifactScraper|Parsing artifact substat: def+5.1%
2026-09-29 10:53:54.246|DEBUG|ArtifactScraper|Parsing artifact substat: def+16
2026-09-29 10:53:54.246|DEBUG|ArtifactScraper|Parsing artifact substat: atk+14
2026-09-29 10:53:54.590|DEBUG|ArtifactScraper|Parsing artifact substat: atk+19
2026-09-29 10:53:54.590|DEBUG|ArtifactScraper|Parsing artifact substat: energyrecharge+5.2%
2026-09-29 10:53:54.590|DEBUG|ArtifactScraper|Parsing artifact substat: elementalmastery+16
2026-09-29 10:53:54.590|DEBUG|ArtifactScraper|Parsing artifact substat: hp+5.8%(unactivated)
2026-09-29 10:53:54.616|DEBUG|ArtifactScraper|Parsing artifact substat: atk+18
2026-09-29 10:53:54.616|DEBUG|ArtifactScraper|Parsing artifact substat: hp+4.1%
2026-09-29 10:53:54.616|DEBUG|ArtifactScraper|Parsing artifact substat: def+16
2026-09-29 10:53:54.616|DEBUG|ArtifactScraper|Parsing artifact substat: atk+5.8%(unactivated)
2026-09-29 10:53:54.889|DEBUG|ArtifactScraper|Parsing artifact substat: def+16
2026-09-29 10:53:54.889|DEBUG|ArtifactScraper|Parsing artifact substat: hp+4.1%
2026-09-29 10:53:54.889|DEBUG|ArtifactScraper|Parsing artifact substat: atk+18
2026-09-29 10:53:54.889|DEBUG|ArtifactScraper|Parsing artifact substat: critrate+3.5%(unactivated)
2026-09-29 10:53:54.916|DEBUG|ArtifactScraper|Parsing artifact substat: atk+19
2026-09-29 10:53:54.916|DEBUG|ArtifactScraper|Parsing artifact substat: critdmg+7.0%
2026-09-29 10:53:54.916|DEBUG|ArtifactScraper|Parsing artifact substat: def+5.8%
2026-09-29 10:53:54.916|DEBUG|ArtifactScraper|Parsing artifact substat: hp+4.7%(unactivated)
2026-09-29 10:53:55.171|DEBUG|ArtifactScraper|Parsing artifact substat: def+23
2026-09-29 10:53:55.171|DEBUG|ArtifactScraper|Parsing artifact substat: energyrecharge+4.5%
2026-09-29 10:53:55.171|DEBUG|ArtifactScraper|Parsing artifact substat: atk+18
2026-09-29 10:53:55.171|DEBUG|ArtifactScraper|Parsing artifact substat: atk+5.3%(unactivated)
2026-09-29 10:53:55.473|DEBUG|ArtifactScraper|Parsing artifact substat: def+19
2026-09-29 10:53:55.473|DEBUG|ArtifactScraper|Parsing artifact substat: energyrecharge+4.5%
2026-09-29 10:53:55.473|DEBUG|ArtifactScraper|Parsing artifact substat: atk+4.1%
2026-09-29 10:53:55.473|DEBUG|ArtifactScraper|Parsing artifact substat: atk+16(unactivated)
2026-09-29 10:53:55.473|DEBUG|ArtifactScraper|Parsing artifact substat: atk+4.1%
2026-09-29 10:53:55.473|DEBUG|ArtifactScraper|Parsing artifact substat: def+19
2026-09-29 10:53:55.473|DEBUG|ArtifactScraper|Parsing artifact substat: elementalmastery+21
2026-09-29 10:53:55.473|DEBUG|ArtifactScraper|Parsing artifact substat: def+7.3%(unactivated)
2026-09-29 10:53:55.805|DEBUG|ArtifactScraper|Parsing artifact substat: hp+4.1%
2026-09-29 10:53:55.805|DEBUG|ArtifactScraper|Parsing artifact substat: def+19
2026-09-29 10:53:55.805|DEBUG|ArtifactScraper|Parsing artifact substat: hp+269
2026-09-29 10:53:55.805|DEBUG|ArtifactScraper|Parsing artifact substat: elementalmastery+21
2026-09-29 10:53:55.805|DEBUG|ArtifactScraper|Parsing artifact substat: energyrecharge+5.8%
2026-09-29 10:53:55.805|DEBUG|ArtifactScraper|Parsing artifact substat: critrate+2.7%
2026-09-29 10:53:55.805|DEBUG|ArtifactScraper|Parsing artifact substat: hp+5.3%
2026-09-29 10:53:55.805|DEBUG|ArtifactScraper|Parsing artifact substat: critdmg+7.8%(unactivated)
2026-09-29 10:53:56.081|DEBUG|ArtifactScraper|Parsing artifact substat: def+5.8%
2026-09-29 10:53:56.081|DEBUG|ArtifactScraper|Parsing artifact substat: def+21
2026-09-29 10:53:56.081|DEBUG|ArtifactScraper|Parsing artifact substat: hp+5.8%
2026-09-29 10:53:56.081|DEBUG|ArtifactScraper|Parsing artifact substat: atk+5.8%(unactivated)
2026-09-29 10:53:56.160|DEBUG|ArtifactScraper|Parsing artifact substat: def+5.1%
2026-09-29 10:53:56.160|DEBUG|ArtifactScraper|Parsing artifact substat: energyrecharge+4.5%
2026-09-29 10:53:56.160|DEBUG|ArtifactScraper|Parsing artifact substat: def+19
2026-09-29 10:53:56.160|DEBUG|ArtifactScraper|Parsing artifact substat: hp+5.3%(unactivated)
2026-09-29 10:53:56.433|DEBUG|ArtifactScraper|Parsing artifact substat: critrate+2.7%
2026-09-29 10:53:56.433|DEBUG|ArtifactScraper|Parsing artifact substat: def+16
2026-09-29 10:53:56.433|DEBUG|ArtifactScraper|Parsing artifact substat: energyrecharge+6.5%
2026-09-29 10:53:56.433|DEBUG|ArtifactScraper|Parsing artifact substat: def+5.8%(unactivated)
2026-09-29 10:53:56.433|DEBUG|ArtifactScraper|Parsing artifact substat: energyrecharge+5.8%
2026-09-29 10:53:56.433|DEBUG|ArtifactScraper|Parsing artifact substat: atk+18
2026-09-29 10:53:56.433|DEBUG|ArtifactScraper|Parsing artifact substat: def+23
2026-09-29 10:53:56.433|DEBUG|ArtifactScraper|Parsing artifact substat: critdmg+7.8%(unactivated)
2026-09-29 10:53:56.746|DEBUG|ArtifactScraper|Parsing artifact substat: energyrecharge+5.8%
2026-09-29 10:53:56.746|DEBUG|ArtifactScraper|Parsing artifact substat: critrate+3.5%
2026-09-29 10:53:56.746|DEBUG|ArtifactScraper|Parsing artifact substat: def+23
2026-09-29 10:53:56.746|DEBUG|ArtifactScraper|Parsing artifact substat: atk+5.8%
2026-09-29 10:53:56.752|DEBUG|ArtifactScraper|Parsing artifact substat: atk+16
2026-09-29 10:53:56.752|DEBUG|ArtifactScraper|Parsing artifact substat: def+5.1%
2026-09-29 10:53:56.752|DEBUG|ArtifactScraper|Parsing artifact substat: def+19
2026-09-29 10:53:56.752|DEBUG|ArtifactScraper|Parsing artifact substat: energyrecharge+5.2%
2026-09-29 10:53:57.057|DEBUG|ArtifactScraper|Parsing artifact substat: atk+16
2026-09-29 10:53:57.057|DEBUG|ArtifactScraper|Parsing artifact substat: hp+269
2026-09-29 10:53:57.057|DEBUG|ArtifactScraper|Parsing artifact substat: elementalmastery+19
2026-09-29 10:53:57.057|DEBUG|ArtifactScraper|Parsing artifact substat: def+21(unactivated)
2026-09-29 10:53:57.086|DEBUG|ArtifactScraper|Parsing artifact substat: hp+269
2026-09-29 10:53:57.086|DEBUG|ArtifactScraper|Parsing artifact substat: def+7.3%
2026-09-29 10:53:57.086|DEBUG|ArtifactScraper|Parsing artifact substat: atk+5.8%
2026-09-29 10:53:57.086|DEBUG|ArtifactScraper|Parsing artifact substat: energyrecharge+4.5%
2026-09-29 10:53:57.365|DEBUG|ArtifactScraper|Parsing artifact substat: atk+5.8%
2026-09-29 10:53:57.365|DEBUG|ArtifactScraper|Parsing artifact substat: def+19
2026-09-29 10:53:57.365|DEBUG|ArtifactScraper|Parsing artifact substat: hp+5.3%
2026-09-29 10:53:57.365|DEBUG|ArtifactScraper|Parsing artifact substat: def+7.3%(unactivated)
2026-09-29 10:53:57.451|DEBUG|ArtifactScraper|Parsing artifact substat: atk+16
2026-09-29 10:53:57.451|DEBUG|ArtifactScraper|Parsing artifact substat: def+16
2026-09-29 10:53:57.451|DEBUG|ArtifactScraper|Parsing artifact substat: energyrecharge+5.2%
2026-09-29 10:53:57.451|DEBUG|ArtifactScraper|Parsing artifact substat: hp+239(unactivated)
2026-09-29 10:53:57.735|DEBUG|ArtifactScraper|Parsing artifact substat: energyrecharge+6.5%
2026-09-29 10:53:57.735|DEBUG|ArtifactScraper|Parsing artifact substat: atk+16
2026-09-29 10:53:57.735|DEBUG|ArtifactScraper|Parsing artifact substat: hp+269
2026-09-29 10:53:57.735|DEBUG|ArtifactScraper|Parsing artifact substat: hp+5.8%(unactivated)
2026-09-29 10:53:57.883|DEBUG|ArtifactScraper|Parsing artifact substat: def+16
2026-09-29 10:53:57.883|DEBUG|ArtifactScraper|Parsing artifact substat: elementalmastery+21
2026-09-29 10:53:57.883|DEBUG|ArtifactScraper|Parsing artifact substat: hp+5.3%
2026-09-29 10:53:57.883|DEBUG|ArtifactScraper|Parsing artifact substat: hp+239(unactivated)
2026-09-29 10:53:57.969|DEBUG|ArtifactScraper|Parsing artifact substat: def+16
2026-09-29 10:53:57.969|DEBUG|ArtifactScraper|Parsing artifact substat: elementalmastery+21
2026-09-29 10:53:57.969|DEBUG|ArtifactScraper|Parsing artifact substat: hp+5.3%
2026-09-29 10:53:57.969|DEBUG|ArtifactScraper|Parsing artifact substat: hp+239(unactivated)
2026-09-29 10:53:58.210|DEBUG|ArtifactScraper|Parsing artifact substat: def+19
2026-09-29 10:53:58.210|DEBUG|ArtifactScraper|Parsing artifact substat: atk+4.7%
2026-09-29 10:53:58.210|DEBUG|ArtifactScraper|Parsing artifact substat: atk+18
2026-09-29 10:53:58.210|DEBUG|ArtifactScraper|Parsing artifact substat: hp+209(unactivated)
2026-09-29 10:53:58.300|DEBUG|ArtifactScraper|Parsing artifact substat: hp+4.7%
2026-09-29 10:53:58.300|DEBUG|ArtifactScraper|Parsing artifact substat: def+23
2026-09-29 10:53:58.300|DEBUG|ArtifactScraper|Parsing artifact substat: critdmg+7.0%
2026-09-29 10:53:58.300|DEBUG|ArtifactScraper|Parsing artifact substat: def+5.8%(unactivated)
2026-09-29 10:53:58.300|DEBUG|ArtifactScraper|Finished queuing page of artifacts. Scrolling...
2026-09-29 10:53:58.530|DEBUG|ArtifactScraper|Parsing artifact substat: def+6.6%
2026-09-29 10:53:58.530|DEBUG|ArtifactScraper|Parsing artifact substat: def+16
2026-09-29 10:53:58.530|DEBUG|ArtifactScraper|Parsing artifact substat: elementalmastery+16
2026-09-29 10:53:58.530|DEBUG|ArtifactScraper|Parsing artifact substat: critrate+2.7%(unactivated)
2026-09-29 10:53:58.596|DEBUG|ArtifactScraper|Parsing artifact substat: hp+269
2026-09-29 10:53:58.596|DEBUG|ArtifactScraper|Parsing artifact substat: energyrecharge+4.5%
2026-09-29 10:53:58.596|DEBUG|ArtifactScraper|Parsing artifact substat: def+16
2026-09-29 10:53:58.596|DEBUG|ArtifactScraper|Parsing artifact substat: hp+4.1%
2026-09-29 10:54:00.321|DEBUG|ArtifactScraper|Scanning artifact page 22
2026-09-29 10:54:00.321|DEBUG|ArtifactScraper|Located 32 possible item locations on page.
2026-09-29 10:54:00.831|DEBUG|ArtifactScraper|Parsing artifact substat: def+5.8%
2026-09-29 10:54:00.831|DEBUG|ArtifactScraper|Parsing artifact substat: def+16
2026-09-29 10:54:00.831|DEBUG|ArtifactScraper|Parsing artifact substat: hp+4.1%
2026-09-29 10:54:00.831|DEBUG|ArtifactScraper|Parsing artifact substat: energyrecharge+4.5%
2026-09-29 10:54:00.945|DEBUG|ArtifactScraper|Parsing artifact substat: critrate+3.9%
2026-09-29 10:54:00.945|DEBUG|ArtifactScraper|Parsing artifact substat: def+23
2026-09-29 10:54:00.945|DEBUG|ArtifactScraper|Parsing artifact substat: elementalmastery+16
2026-09-29 10:54:00.945|DEBUG|ArtifactScraper|Parsing artifact substat: atk+5.3%(unactivated)
2026-09-29 10:54:01.179|DEBUG|ArtifactScraper|Parsing artifact substat: critrate+2.7%
2026-09-29 10:54:01.179|DEBUG|ArtifactScraper|Parsing artifact substat: energyrecharge+5.2%
2026-09-29 10:54:01.179|DEBUG|ArtifactScraper|Parsing artifact substat: atk+18
2026-09-29 10:54:01.179|DEBUG|ArtifactScraper|Parsing artifact substat: hp+239(unactivated)
2026-09-29 10:54:01.311|DEBUG|ArtifactScraper|Parsing artifact substat: energyrecharge+4.5%
2026-09-29 10:54:01.311|DEBUG|ArtifactScraper|Parsing artifact substat: def+21
2026-09-29 10:54:01.311|DEBUG|ArtifactScraper|Parsing artifact substat: elementalmastery+16
2026-09-29 10:54:01.311|DEBUG|ArtifactScraper|Parsing artifact substat: hp+4.1%(unactivated)
2026-09-29 10:54:01.507|DEBUG|ArtifactScraper|Parsing artifact substat: atk+14
2026-09-29 10:54:01.507|DEBUG|ArtifactScraper|Parsing artifact substat: def+5.8%
2026-09-29 10:54:01.507|DEBUG|ArtifactScraper|Parsing artifact substat: energyrecharge+5.2%
2026-09-29 10:54:01.507|DEBUG|ArtifactScraper|Parsing artifact substat: def+19(unactivated)
2026-09-29 10:54:01.691|DEBUG|ArtifactScraper|Parsing artifact substat: elementalmastery+21
2026-09-29 10:54:01.691|DEBUG|ArtifactScraper|Parsing artifact substat: atk+14
2026-09-29 10:54:01.691|DEBUG|ArtifactScraper|Parsing artifact substat: critrate+3.1%
2026-09-29 10:54:01.691|DEBUG|ArtifactScraper|Parsing artifact substat: def+7.3%(unactivated)
2026-09-29 10:54:01.767|DEBUG|ArtifactScraper|Parsing artifact substat: def+23
2026-09-29 10:54:01.767|DEBUG|ArtifactScraper|Parsing artifact substat: hp+239
2026-09-29 10:54:01.767|DEBUG|ArtifactScraper|Parsing artifact substat: atk+16
2026-09-29 10:54:01.767|DEBUG|ArtifactScraper|Parsing artifact substat: critdmg+5.4%(unactivated)
2026-09-29 10:54:02.074|DEBUG|ArtifactScraper|Parsing artifact substat: critdmg+7.0%
2026-09-29 10:54:02.074|DEBUG|ArtifactScraper|Parsing artifact substat: elementalmastery+23
2026-09-29 10:54:02.074|DEBUG|ArtifactScraper|Parsing artifact substat: hp+239
2026-09-29 10:54:02.074|DEBUG|ArtifactScraper|Parsing artifact substat: def+6.6%(unactivated)
2026-09-29 10:54:02.142|DEBUG|ArtifactScraper|Parsing artifact substat: elementalmastery+23
2026-09-29 10:54:02.142|DEBUG|ArtifactScraper|Parsing artifact substat: critdmg+7.8%
2026-09-29 10:54:02.142|DEBUG|ArtifactScraper|Parsing artifact substat: def+5.1%
2026-09-29 10:54:02.143|DEBUG|ArtifactScraper|Parsing artifact substat: atk+14(unactivated)
2026-09-29 10:54:02.375|DEBUG|ArtifactScraper|Parsing artifact substat: hp+239
2026-09-29 10:54:02.375|DEBUG|ArtifactScraper|Parsing artifact substat: critrate+3.9%
2026-09-29 10:54:02.375|DEBUG|ArtifactScraper|Parsing artifact substat: critdmg+7.8%
2026-09-29 10:54:02.375|DEBUG|ArtifactScraper|Parsing artifact substat: atk+18(unactivated)
2026-09-29 10:54:02.479|DEBUG|ArtifactScraper|Parsing artifact substat: def+5.1%
2026-09-29 10:54:02.479|DEBUG|ArtifactScraper|Parsing artifact substat: elementalmastery+16
2026-09-29 10:54:02.479|DEBUG|ArtifactScraper|Parsing artifact substat: atk+5.8%
2026-09-29 10:54:02.479|DEBUG|ArtifactScraper|Parsing artifact substat: atk+18(unactivated)
2026-09-29 10:54:02.645|DEBUG|ArtifactScraper|Parsing artifact substat: def+5.8%
2026-09-29 10:54:02.645|DEBUG|ArtifactScraper|Parsing artifact substat: atk+14
2026-09-29 10:54:02.645|DEBUG|ArtifactScraper|Parsing artifact substat: critdmg+7.0%
2026-09-29 10:54:02.645|DEBUG|ArtifactScraper|Parsing artifact substat: hp+4.1%(unactivated)
2026-09-29 10:54:02.858|DEBUG|ArtifactScraper|Parsing artifact substat: hp+269
2026-09-29 10:54:02.858|DEBUG|ArtifactScraper|Parsing artifact substat: atk+5.8%
2026-09-29 10:54:02.858|DEBUG|ArtifactScraper|Parsing artifact substat: elementalmastery+23
2026-09-29 10:54:02.858|DEBUG|ArtifactScraper|Parsing artifact substat: critdmg+5.4%(unactivated)
2026-09-29 10:54:02.995|DEBUG|ArtifactScraper|Parsing artifact substat: energyrecharge+6.5%
2026-09-29 10:54:02.995|DEBUG|ArtifactScraper|Parsing artifact substat: def+6.6%
2026-09-29 10:54:02.995|DEBUG|ArtifactScraper|Parsing artifact substat: hp+4.1%
2026-09-29 10:54:02.995|DEBUG|ArtifactScraper|Parsing artifact substat: def+21(unactivated)
2026-09-29 10:54:03.229|DEBUG|ArtifactScraper|Parsing artifact substat: critrate+3.1%
2026-09-29 10:54:03.229|DEBUG|ArtifactScraper|Parsing artifact substat: critdmg+7.0%
2026-09-29 10:54:03.229|DEBUG|ArtifactScraper|Parsing artifact substat: hp+209
2026-09-29 10:54:03.229|DEBUG|ArtifactScraper|Parsing artifact substat: def+21(unactivated)
2026-09-29 10:54:03.336|DEBUG|ArtifactScraper|Parsing artifact substat: def+5.1%
2026-09-29 10:54:03.336|DEBUG|ArtifactScraper|Parsing artifact substat: def+16
2026-09-29 10:54:03.336|DEBUG|ArtifactScraper|Parsing artifact substat: hp+209
2026-09-29 10:54:03.336|DEBUG|ArtifactScraper|Parsing artifact substat: critdmg+5.4%
2026-09-29 10:54:03.557|DEBUG|ArtifactScraper|Parsing artifact substat: energyrecharge+5.8%
2026-09-29 10:54:03.557|DEBUG|ArtifactScraper|Parsing artifact substat: def+21
2026-09-29 10:54:03.557|DEBUG|ArtifactScraper|Parsing artifact substat: critrate+3.9%
2026-09-29 10:54:03.557|DEBUG|ArtifactScraper|Parsing artifact substat: atk+18(unactivated)
2026-09-29 10:54:03.724|DEBUG|ArtifactScraper|Parsing artifact substat: energyrecharge+6.5%
2026-09-29 10:54:03.724|DEBUG|ArtifactScraper|Parsing artifact substat: atk+14
2026-09-29 10:54:03.724|DEBUG|ArtifactScraper|Parsing artifact substat: def+6.6%
2026-09-29 10:54:03.724|DEBUG|ArtifactScraper|Parsing artifact substat: hp+239(unactivated)
2026-09-29 10:54:03.910|DEBUG|ArtifactScraper|Parsing artifact substat: elementalmastery+23
2026-09-29 10:54:03.910|DEBUG|ArtifactScraper|Parsing artifact substat: energyrecharge+6.5%
2026-09-29 10:54:03.910|DEBUG|ArtifactScraper|Parsing artifact substat: def+16
2026-09-29 10:54:03.910|DEBUG|ArtifactScraper|Parsing artifact substat: critrate+3.5%(unactivated)
2026-09-29 10:54:04.097|DEBUG|ArtifactScraper|Parsing artifact substat: energyrecharge+6.5%
2026-09-29 10:54:04.097|DEBUG|ArtifactScraper|Parsing artifact substat: atk+19
2026-09-29 10:54:04.097|DEBUG|ArtifactScraper|Parsing artifact substat: hp+5.3%
2026-09-29 10:54:04.097|DEBUG|ArtifactScraper|Parsing artifact substat: atk+4.1%
2026-09-29 10:54:04.203|DEBUG|ArtifactScraper|Parsing artifact substat: critdmg+7.0%
2026-09-29 10:54:04.203|DEBUG|ArtifactScraper|Parsing artifact substat: def+21
2026-09-29 10:54:04.203|DEBUG|ArtifactScraper|Parsing artifact substat: atk+19
2026-09-29 10:54:04.203|DEBUG|ArtifactScraper|Parsing artifact substat: hp+4.1%(unactivated)
2026-09-29 10:54:04.500|DEBUG|ArtifactScraper|Parsing artifact substat: energyrecharge+4.5%
2026-09-29 10:54:04.500|DEBUG|ArtifactScraper|Parsing artifact substat: hp+209
2026-09-29 10:54:04.500|DEBUG|ArtifactScraper|Parsing artifact substat: critrate+3.1%
2026-09-29 10:54:04.500|DEBUG|ArtifactScraper|Parsing artifact substat: atk+5.8%(unactivated)
2026-09-29 10:54:04.605|DEBUG|ArtifactScraper|Parsing artifact substat: elementalmastery+21
2026-09-29 10:54:04.605|DEBUG|ArtifactScraper|Parsing artifact substat: energyrecharge+6.5%
2026-09-29 10:54:04.605|DEBUG|ArtifactScraper|Parsing artifact substat: critrate+3.9%
2026-09-29 10:54:04.605|DEBUG|ArtifactScraper|Parsing artifact substat: def+5.8%(unactivated)
2026-09-29 10:54:04.876|DEBUG|ArtifactScraper|Parsing artifact substat: elementalmastery+19
2026-09-29 10:54:04.876|DEBUG|ArtifactScraper|Parsing artifact substat: critrate+3.1%
2026-09-29 10:54:04.878|DEBUG|ArtifactScraper|Parsing artifact substat: def+7.3%
2026-09-29 10:54:04.878|DEBUG|ArtifactScraper|Parsing artifact substat: atk+4.1%
2026-09-29 10:54:04.910|DEBUG|ArtifactScraper|Parsing artifact substat: critdmg+6.2%
2026-09-29 10:54:04.910|DEBUG|ArtifactScraper|Parsing artifact substat: atk+5.8%
2026-09-29 10:54:04.910|DEBUG|ArtifactScraper|Parsing artifact substat: critrate+3.1%
2026-09-29 10:54:04.910|DEBUG|ArtifactScraper|Parsing artifact substat: def+19(unactivated)
2026-09-29 10:54:05.276|DEBUG|ArtifactScraper|Parsing artifact substat: atk+5.8%
2026-09-29 10:54:05.276|DEBUG|ArtifactScraper|Parsing artifact substat: critdmg+7.8%
2026-09-29 10:54:05.276|DEBUG|ArtifactScraper|Parsing artifact substat: energyrecharge+5.8%
2026-09-29 10:54:05.276|DEBUG|ArtifactScraper|Parsing artifact substat: atk+16(unactivated)
2026-09-29 10:54:05.276|DEBUG|ArtifactScraper|Parsing artifact substat: critdmg+5.4%
2026-09-29 10:54:05.276|DEBUG|ArtifactScraper|Parsing artifact substat: def+23
2026-09-29 10:54:05.276|DEBUG|ArtifactScraper|Parsing artifact substat: atk+4.1%
2026-09-29 10:54:05.284|DEBUG|ArtifactScraper|Parsing artifact substat: atk+16(unactivated)
2026-09-29 10:54:05.548|DEBUG|ArtifactScraper|Parsing artifact substat: atk+18
2026-09-29 10:54:05.548|DEBUG|ArtifactScraper|Parsing artifact substat: def+5.1%
2026-09-29 10:54:05.548|DEBUG|ArtifactScraper|Parsing artifact substat: atk+4.1%
2026-09-29 10:54:05.548|DEBUG|ArtifactScraper|Parsing artifact substat: critrate+2.7%(unactivated)
2026-09-29 10:54:05.687|DEBUG|ArtifactScraper|Parsing artifact substat: def+16
2026-09-29 10:54:05.687|DEBUG|ArtifactScraper|Parsing artifact substat: energyrecharge+5.2%
2026-09-29 10:54:05.687|DEBUG|ArtifactScraper|Parsing artifact substat: elementalmastery+19
2026-09-29 10:54:05.687|DEBUG|ArtifactScraper|Parsing artifact substat: atk+4.7%(unactivated)
2026-09-29 10:54:05.746|DEBUG|ArtifactScraper|Finished queuing page of artifacts. Scrolling...
2026-09-29 10:54:05.957|DEBUG|ArtifactScraper|Parsing artifact substat: atk+4.7%
2026-09-29 10:54:05.957|DEBUG|ArtifactScraper|Parsing artifact substat: def+19
2026-09-29 10:54:05.957|DEBUG|ArtifactScraper|Parsing artifact substat: def+7.3%
2026-09-29 10:54:05.957|DEBUG|ArtifactScraper|Parsing artifact substat: energyrecharge+6.5%
2026-09-29 10:54:05.957|DEBUG|ArtifactScraper|Parsing artifact substat: atk+5.8%
2026-09-29 10:54:05.957|DEBUG|ArtifactScraper|Parsing artifact substat: atk+19
2026-09-29 10:54:05.957|DEBUG|ArtifactScraper|Parsing artifact substat: critrate+2.7%
2026-09-29 10:54:05.957|DEBUG|ArtifactScraper|Parsing artifact substat: def+6.6%(unactivated)
2026-09-29 10:54:06.093|DEBUG|ArtifactScraper|Parsing artifact substat: def+21
2026-09-29 10:54:06.093|DEBUG|ArtifactScraper|Parsing artifact substat: def+5.8%
2026-09-29 10:54:06.093|DEBUG|ArtifactScraper|Parsing artifact substat: critrate+3.9%
2026-09-29 10:54:06.093|DEBUG|ArtifactScraper|Parsing artifact substat: energyrecharge+4.5%
2026-09-29 10:54:08.118|DEBUG|ArtifactScraper|Scanning artifact page 23
2026-09-29 10:54:08.118|DEBUG|ArtifactScraper|Located 32 possible item locations on page.
2026-09-29 10:54:08.610|DEBUG|ArtifactScraper|Parsing artifact substat: critrate+2.7%
2026-09-29 10:54:08.610|DEBUG|ArtifactScraper|Parsing artifact substat: hp+5.8%
2026-09-29 10:54:08.610|DEBUG|ArtifactScraper|Parsing artifact substat: def+19
2026-09-29 10:54:08.610|DEBUG|ArtifactScraper|Parsing artifact substat: atk+14
2026-09-29 10:54:08.760|DEBUG|ArtifactScraper|Parsing artifact substat: atk+16
2026-09-29 10:54:08.760|DEBUG|ArtifactScraper|Parsing artifact substat: def+5.1%
2026-09-29 10:54:08.760|DEBUG|ArtifactScraper|Parsing artifact substat: hp+5.3%
2026-09-29 10:54:08.760|DEBUG|ArtifactScraper|Parsing artifact substat: elementalmastery+23
2026-09-29 10:54:08.907|DEBUG|ArtifactScraper|Parsing artifact substat: critrate+3.5%
2026-09-29 10:54:08.907|DEBUG|ArtifactScraper|Parsing artifact substat: def+6.6%
2026-09-29 10:54:08.907|DEBUG|ArtifactScraper|Parsing artifact substat: atk+18
2026-09-29 10:54:08.907|DEBUG|ArtifactScraper|Parsing artifact substat: hp+4.7%
2026-09-29 10:54:09.140|DEBUG|ArtifactScraper|Parsing artifact substat: energyrecharge+6.5%
2026-09-29 10:54:09.140|DEBUG|ArtifactScraper|Parsing artifact substat: def+23
2026-09-29 10:54:09.140|DEBUG|ArtifactScraper|Parsing artifact substat: hp+4.1%
2026-09-29 10:54:09.140|DEBUG|ArtifactScraper|Parsing artifact substat: atk+18(unactivated)
2026-09-29 10:54:09.314|DEBUG|ArtifactScraper|Parsing artifact substat: hp+4.1%
2026-09-29 10:54:09.314|DEBUG|ArtifactScraper|Parsing artifact substat: energyrecharge+4.5%
2026-09-29 10:54:09.314|DEBUG|ArtifactScraper|Parsing artifact substat: elementalmastery+23
2026-09-29 10:54:09.314|DEBUG|ArtifactScraper|Parsing artifact substat: def+21(unactivated)
2026-09-29 10:54:09.491|DEBUG|ArtifactScraper|Parsing artifact substat: def+23
2026-09-29 10:54:09.491|DEBUG|ArtifactScraper|Parsing artifact substat: atk+4.7%
2026-09-29 10:54:09.491|DEBUG|ArtifactScraper|Parsing artifact substat: elementalmastery+21
2026-09-29 10:54:09.491|DEBUG|ArtifactScraper|Parsing artifact substat: atk+18(unactivated)
2026-09-29 10:54:09.705|DEBUG|ArtifactScraper|Parsing artifact substat: critrate+3.1%
2026-09-29 10:54:09.705|DEBUG|ArtifactScraper|Parsing artifact substat: def+23
2026-09-29 10:54:09.705|DEBUG|ArtifactScraper|Parsing artifact substat: def+5.8%
2026-09-29 10:54:09.705|DEBUG|ArtifactScraper|Parsing artifact substat: hp+5.3%(unactivated)
2026-09-29 10:54:09.794|DEBUG|ArtifactScraper|Parsing artifact substat: atk+18
2026-09-29 10:54:09.794|DEBUG|ArtifactScraper|Parsing artifact substat: def+19
2026-09-29 10:54:09.794|DEBUG|ArtifactScraper|Parsing artifact substat: elementalmastery+23
2026-09-29 10:54:09.794|DEBUG|ArtifactScraper|Parsing artifact substat: energyrecharge+6.5%
2026-09-29 10:54:10.069|DEBUG|ArtifactScraper|Parsing artifact substat: atk+19
2026-09-29 10:54:10.069|DEBUG|ArtifactScraper|Parsing artifact substat: def+16
2026-09-29 10:54:10.069|DEBUG|ArtifactScraper|Parsing artifact substat: def+6.6%
2026-09-29 10:54:10.069|DEBUG|ArtifactScraper|Parsing artifact substat: atk+4.7%(unactivated)
2026-09-29 10:54:10.142|DEBUG|ArtifactScraper|Parsing artifact substat: hp+4.1%
2026-09-29 10:54:10.142|DEBUG|ArtifactScraper|Parsing artifact substat: atk+14
2026-09-29 10:54:10.142|DEBUG|ArtifactScraper|Parsing artifact substat: elementalmastery+21
2026-09-29 10:54:10.142|DEBUG|ArtifactScraper|Parsing artifact substat: critrate+2.7%(unactivated)
2026-09-29 10:54:10.436|DEBUG|ArtifactScraper|Parsing artifact substat: energyrecharge+4.5%
2026-09-29 10:54:10.436|DEBUG|ArtifactScraper|Parsing artifact substat: def+21
2026-09-29 10:54:10.436|DEBUG|ArtifactScraper|Parsing artifact substat: atk+18
2026-09-29 10:54:10.436|DEBUG|ArtifactScraper|Parsing artifact substat: hp+5.3%(unactivated)
2026-09-29 10:54:10.553|DEBUG|ArtifactScraper|Parsing artifact substat: elementalmastery+16
2026-09-29 10:54:10.553|DEBUG|ArtifactScraper|Parsing artifact substat: atk+14
2026-09-29 10:54:10.553|DEBUG|ArtifactScraper|Parsing artifact substat: def+5.1%
2026-09-29 10:54:10.553|DEBUG|ArtifactScraper|Parsing artifact substat: def+16(unactivated)
2026-09-29 10:54:10.740|DEBUG|ArtifactScraper|Parsing artifact substat: def+5.8%
2026-09-29 10:54:10.740|DEBUG|ArtifactScraper|Parsing artifact substat: elementalmastery+19
2026-09-29 10:54:10.740|DEBUG|ArtifactScraper|Parsing artifact substat: atk+14
2026-09-29 10:54:10.740|DEBUG|ArtifactScraper|Parsing artifact substat: critdmg+5.4%(unactivated)
2026-09-29 10:54:10.806|DEBUG|ArtifactScraper|Parsing artifact substat: atk+19
2026-09-29 10:54:10.806|DEBUG|ArtifactScraper|Parsing artifact substat: hp+4.1%
2026-09-29 10:54:10.806|DEBUG|ArtifactScraper|Parsing artifact substat: atk+4.1%
2026-09-29 10:54:10.806|DEBUG|ArtifactScraper|Parsing artifact substat: elementalmastery+23
2026-09-29 10:54:11.103|DEBUG|ArtifactScraper|Parsing artifact substat: hp+4.1%
2026-09-29 10:54:11.103|DEBUG|ArtifactScraper|Parsing artifact substat: atk+4.7%
2026-09-29 10:54:11.103|DEBUG|ArtifactScraper|Parsing artifact substat: atk+16
2026-09-29 10:54:11.103|DEBUG|ArtifactScraper|Parsing artifact substat: elementalmastery+19
2026-09-29 10:54:11.205|DEBUG|ArtifactScraper|Parsing artifact substat: def+23
2026-09-29 10:54:11.205|DEBUG|ArtifactScraper|Parsing artifact substat: elementalmastery+16
2026-09-29 10:54:11.205|DEBUG|ArtifactScraper|Parsing artifact substat: hp+5.8%
2026-09-29 10:54:11.205|DEBUG|ArtifactScraper|Parsing artifact substat: critrate+3.9%(unactivated)
2026-09-29 10:54:11.486|DEBUG|ArtifactScraper|Parsing artifact substat: def+7.3%
2026-09-29 10:54:11.487|DEBUG|ArtifactScraper|Parsing artifact substat: elementalmastery+21
2026-09-29 10:54:11.487|DEBUG|ArtifactScraper|Parsing artifact substat: atk+19
2026-09-29 10:54:11.487|DEBUG|ArtifactScraper|Parsing artifact substat: critdmg+5.4%(unactivated)
2026-09-29 10:54:11.540|DEBUG|ArtifactScraper|Parsing artifact substat: hp+209
2026-09-29 10:54:11.540|DEBUG|ArtifactScraper|Parsing artifact substat: atk+5.8%
2026-09-29 10:54:11.540|DEBUG|ArtifactScraper|Parsing artifact substat: energyrecharge+5.2%
2026-09-29 10:54:11.540|DEBUG|ArtifactScraper|Parsing artifact substat: critrate+3.5%(unactivated)
2026-09-29 10:54:11.891|DEBUG|ArtifactScraper|Parsing artifact substat: def+5.8%
2026-09-29 10:54:11.891|DEBUG|ArtifactScraper|Parsing artifact substat: critrate+3.1%
2026-09-29 10:54:11.891|DEBUG|ArtifactScraper|Parsing artifact substat: hp+299
2026-09-29 10:54:11.891|DEBUG|ArtifactScraper|Parsing artifact substat: atk+5.8%(unactivated)
2026-09-29 10:54:11.897|DEBUG|ArtifactScraper|Parsing artifact substat: def+5.8%
2026-09-29 10:54:11.897|DEBUG|ArtifactScraper|Parsing artifact substat: atk+5.8%
2026-09-29 10:54:11.897|DEBUG|ArtifactScraper|Parsing artifact substat: critrate+3.9%
2026-09-29 10:54:11.897|DEBUG|ArtifactScraper|Parsing artifact substat: hp+299(unactivated)
2026-09-29 10:54:12.200|DEBUG|ArtifactScraper|Parsing artifact substat: atk+4.1%
2026-09-29 10:54:12.200|DEBUG|ArtifactScraper|Parsing artifact substat: hp+4.7%
2026-09-29 10:54:12.200|DEBUG|ArtifactScraper|Parsing artifact substat: energyrecharge+4.5%
2026-09-29 10:54:12.200|DEBUG|ArtifactScraper|Parsing artifact substat: def+7.3%(unactivated)
2026-09-29 10:54:12.302|DEBUG|ArtifactScraper|Parsing artifact substat: energyrecharge+5.8%
2026-09-29 10:54:12.302|DEBUG|ArtifactScraper|Parsing artifact substat: def+21
2026-09-29 10:54:12.302|DEBUG|ArtifactScraper|Parsing artifact substat: critrate+3.9%
2026-09-29 10:54:12.302|DEBUG|ArtifactScraper|Parsing artifact substat: def+7.3%(unactivated)
2026-09-29 10:54:12.573|DEBUG|ArtifactScraper|Parsing artifact substat: def+16
2026-09-29 10:54:12.573|DEBUG|ArtifactScraper|Parsing artifact substat: energyrecharge+4.5%
2026-09-29 10:54:12.573|DEBUG|ArtifactScraper|Parsing artifact substat: hp+5.8%
2026-09-29 10:54:12.573|DEBUG|ArtifactScraper|Parsing artifact substat: critrate+2.7%(unactivated)
2026-09-29 10:54:12.596|DEBUG|ArtifactScraper|Parsing artifact substat: critdmg+7.8%
2026-09-29 10:54:12.596|DEBUG|ArtifactScraper|Parsing artifact substat: hp+239
2026-09-29 10:54:12.596|DEBUG|ArtifactScraper|Parsing artifact substat: atk+4.1%
2026-09-29 10:54:12.596|DEBUG|ArtifactScraper|Parsing artifact substat: def+19(unactivated)
2026-09-29 10:54:12.955|DEBUG|ArtifactScraper|Parsing artifact substat: def+5.8%
2026-09-29 10:54:12.955|DEBUG|ArtifactScraper|Parsing artifact substat: critdmg+7.8%
2026-09-29 10:54:12.955|DEBUG|ArtifactScraper|Parsing artifact substat: atk+4.7%
2026-09-29 10:54:12.955|DEBUG|ArtifactScraper|Parsing artifact substat: critrate+3.1%(unactivated)
2026-09-29 10:54:12.958|DEBUG|ArtifactScraper|Parsing artifact substat: atk+5.3%
2026-09-29 10:54:12.958|DEBUG|ArtifactScraper|Parsing artifact substat: energyrecharge+5.8%
2026-09-29 10:54:12.958|DEBUG|ArtifactScraper|Parsing artifact substat: def+19
2026-09-29 10:54:12.958|DEBUG|ArtifactScraper|Parsing artifact substat: hp+269(unactivated)
2026-09-29 10:54:13.262|DEBUG|ArtifactScraper|Parsing artifact substat: critrate+3.5%
2026-09-29 10:54:13.262|DEBUG|ArtifactScraper|Parsing artifact substat: hp+209
2026-09-29 10:54:13.262|DEBUG|ArtifactScraper|Parsing artifact substat: energyrecharge+4.5%
2026-09-29 10:54:13.262|DEBUG|ArtifactScraper|Parsing artifact substat: def+6.6%(unactivated)
2026-09-29 10:54:13.348|DEBUG|ArtifactScraper|Parsing artifact substat: hp+4.1%
2026-09-29 10:54:13.348|DEBUG|ArtifactScraper|Parsing artifact substat: def+23
2026-09-29 10:54:13.348|DEBUG|ArtifactScraper|Parsing artifact substat: energyrecharge+4.5%
2026-09-29 10:54:13.348|DEBUG|ArtifactScraper|Parsing artifact substat: atk+5.8%(unactivated)
2026-09-29 10:54:13.588|DEBUG|ArtifactScraper|Finished queuing page of artifacts. Scrolling...
2026-09-29 10:54:13.651|DEBUG|ArtifactScraper|Parsing artifact substat: atk+5.8%
2026-09-29 10:54:13.651|DEBUG|ArtifactScraper|Parsing artifact substat: def+23
2026-09-29 10:54:13.651|DEBUG|ArtifactScraper|Parsing artifact substat: elementalmastery+23
2026-09-29 10:54:13.651|DEBUG|ArtifactScraper|Parsing artifact substat: energyrecharge+6.5%
2026-09-29 10:54:13.661|DEBUG|ArtifactScraper|Parsing artifact substat: energyrecharge+5.8%
2026-09-29 10:54:13.661|DEBUG|ArtifactScraper|Parsing artifact substat: elementalmastery+23
2026-09-29 10:54:13.661|DEBUG|ArtifactScraper|Parsing artifact substat: hp+5.3%
2026-09-29 10:54:13.661|DEBUG|ArtifactScraper|Parsing artifact substat: critdmg+5.4%(unactivated)
2026-09-29 10:54:14.001|DEBUG|ArtifactScraper|Parsing artifact substat: hp+239
2026-09-29 10:54:14.001|DEBUG|ArtifactScraper|Parsing artifact substat: def+6.6%
2026-09-29 10:54:14.001|DEBUG|ArtifactScraper|Parsing artifact substat: energyrecharge+5.8%
2026-09-29 10:54:14.001|DEBUG|ArtifactScraper|Parsing artifact substat: critdmg+7.8%(unactivated)
2026-09-29 10:54:14.018|DEBUG|ArtifactScraper|Parsing artifact substat: atk+5.8%
2026-09-29 10:54:14.018|DEBUG|ArtifactScraper|Parsing artifact substat: critdmg+6.2%
2026-09-29 10:54:14.018|DEBUG|ArtifactScraper|Parsing artifact substat: def+19
2026-09-29 10:54:14.018|DEBUG|ArtifactScraper|Parsing artifact substat: energyrecharge+4.5%
2026-09-29 10:54:15.969|DEBUG|ArtifactScraper|Scanning artifact page 24
2026-09-29 10:54:15.969|DEBUG|ArtifactScraper|Located 32 possible item locations on page.
2026-09-29 10:54:16.362|DEBUG|ArtifactScraper|Parsing artifact substat: hp+299
2026-09-29 10:54:16.362|DEBUG|ArtifactScraper|Parsing artifact substat: def+16
2026-09-29 10:54:16.362|DEBUG|ArtifactScraper|Parsing artifact substat: critrate+2.7%
2026-09-29 10:54:16.362|DEBUG|ArtifactScraper|Parsing artifact substat: hp+5.3%
2026-09-29 10:54:16.581|DEBUG|ArtifactScraper|Parsing artifact substat: def+19
2026-09-29 10:54:16.581|DEBUG|ArtifactScraper|Parsing artifact substat: hp+239
2026-09-29 10:54:16.581|DEBUG|ArtifactScraper|Parsing artifact substat: def+5.1%
2026-09-29 10:54:16.581|DEBUG|ArtifactScraper|Parsing artifact substat: atk+4.7%(unactivated)
2026-09-29 10:54:16.985|DEBUG|ArtifactScraper|Parsing artifact substat: def+23
2026-09-29 10:54:16.985|DEBUG|ArtifactScraper|Parsing artifact substat: elementalmastery+19
2026-09-29 10:54:16.985|DEBUG|ArtifactScraper|Parsing artifact substat: hp+5.3%
2026-09-29 10:54:16.985|DEBUG|ArtifactScraper|Parsing artifact substat: atk+4.7%(unactivated)
2026-09-29 10:54:16.985|DEBUG|ArtifactScraper|Parsing artifact substat: atk+4.7%
2026-09-29 10:54:16.985|DEBUG|ArtifactScraper|Parsing artifact substat: def+23
2026-09-29 10:54:16.985|DEBUG|ArtifactScraper|Parsing artifact substat: elementalmastery+21
2026-09-29 10:54:16.985|DEBUG|ArtifactScraper|Parsing artifact substat: hp+4.7%(unactivated)
2026-09-29 10:54:17.258|DEBUG|ArtifactScraper|Parsing artifact substat: elementalmastery+21
2026-09-29 10:54:17.258|DEBUG|ArtifactScraper|Parsing artifact substat: def+7.3%
2026-09-29 10:54:17.258|DEBUG|ArtifactScraper|Parsing artifact substat: atk+4.1%
2026-09-29 10:54:17.258|DEBUG|ArtifactScraper|Parsing artifact substat: def+19(unactivated)
2026-09-29 10:54:17.357|DEBUG|ArtifactScraper|Parsing artifact substat: def+5.1%
2026-09-29 10:54:17.357|DEBUG|ArtifactScraper|Parsing artifact substat: atk+5.3%
2026-09-29 10:54:17.357|DEBUG|ArtifactScraper|Parsing artifact substat: hp+269
2026-09-29 10:54:17.357|DEBUG|ArtifactScraper|Parsing artifact substat: elementalmastery+23
2026-09-29 10:54:17.661|DEBUG|ArtifactScraper|Parsing artifact substat: elementalmastery+16
2026-09-29 10:54:17.661|DEBUG|ArtifactScraper|Parsing artifact substat: def+23
2026-09-29 10:54:17.661|DEBUG|ArtifactScraper|Parsing artifact substat: hp+209
2026-09-29 10:54:17.661|DEBUG|ArtifactScraper|Parsing artifact substat: energyrecharge+5.2%
2026-09-29 10:54:17.661|DEBUG|ArtifactScraper|Parsing artifact substat: energyrecharge+5.2%
2026-09-29 10:54:17.661|DEBUG|ArtifactScraper|Parsing artifact substat: def+7.3%
2026-09-29 10:54:17.661|DEBUG|ArtifactScraper|Parsing artifact substat: hp+209
2026-09-29 10:54:17.661|DEBUG|ArtifactScraper|Parsing artifact substat: elementalmastery+23
2026-09-29 10:54:18.003|DEBUG|ArtifactScraper|Parsing artifact substat: elementalmastery+16
2026-09-29 10:54:18.003|DEBUG|ArtifactScraper|Parsing artifact substat: hp+269
2026-09-29 10:54:18.003|DEBUG|ArtifactScraper|Parsing artifact substat: atk+4.7%
2026-09-29 10:54:18.003|DEBUG|ArtifactScraper|Parsing artifact substat: def+5.8%(unactivated)
2026-09-29 10:54:18.081|DEBUG|ArtifactScraper|Parsing artifact substat: elementalmastery+19
2026-09-29 10:54:18.081|DEBUG|ArtifactScraper|Parsing artifact substat: def+23
2026-09-29 10:54:18.081|DEBUG|ArtifactScraper|Parsing artifact substat: energyrecharge+5.8%
2026-09-29 10:54:18.081|DEBUG|ArtifactScraper|Parsing artifact substat: hp+239(unactivated)
2026-09-29 10:54:18.325|DEBUG|ArtifactScraper|Parsing artifact substat: elementalmastery+23
2026-09-29 10:54:18.325|DEBUG|ArtifactScraper|Parsing artifact substat: def+16
2026-09-29 10:54:18.325|DEBUG|ArtifactScraper|Parsing artifact substat: hp+209
2026-09-29 10:54:18.325|DEBUG|ArtifactScraper|Parsing artifact substat: energyrecharge+5.2%
2026-09-29 10:54:18.361|DEBUG|ArtifactScraper|Parsing artifact substat: def+16
2026-09-29 10:54:18.361|DEBUG|ArtifactScraper|Parsing artifact substat: atk+4.1%
2026-09-29 10:54:18.362|DEBUG|ArtifactScraper|Parsing artifact substat: def+7.3%
2026-09-29 10:54:18.362|DEBUG|ArtifactScraper|Parsing artifact substat: elementalmastery+19
2026-09-29 10:54:18.636|DEBUG|ArtifactScraper|Parsing artifact substat: def+21
2026-09-29 10:54:18.636|DEBUG|ArtifactScraper|Parsing artifact substat: hp+5.8%
2026-09-29 10:54:18.636|DEBUG|ArtifactScraper|Parsing artifact substat: def+5.1%
2026-09-29 10:54:18.636|DEBUG|ArtifactScraper|Parsing artifact substat: hp+209(unactivated)
2026-09-29 10:54:18.675|DEBUG|ArtifactScraper|Parsing artifact substat: def+5.1%
2026-09-29 10:54:18.675|DEBUG|ArtifactScraper|Parsing artifact substat: hp+299
2026-09-29 10:54:18.675|DEBUG|ArtifactScraper|Parsing artifact substat: def+23
2026-09-29 10:54:18.675|DEBUG|ArtifactScraper|Parsing artifact substat: atk+4.1%(unactivated)
2026-09-29 10:54:18.938|DEBUG|ArtifactScraper|Parsing artifact substat: hp+4.1%
2026-09-29 10:54:18.938|DEBUG|ArtifactScraper|Parsing artifact substat: def+5.1%
2026-09-29 10:54:18.938|DEBUG|ArtifactScraper|Parsing artifact substat: critdmg+5.4%
2026-09-29 10:54:18.938|DEBUG|ArtifactScraper|Parsing artifact substat: def+23
2026-09-29 10:54:19.040|DEBUG|ArtifactScraper|Parsing artifact substat: atk+16
2026-09-29 10:54:19.040|DEBUG|ArtifactScraper|Parsing artifact substat: elementalmastery+21
2026-09-29 10:54:19.040|DEBUG|ArtifactScraper|Parsing artifact substat: critdmg+7.8%
2026-09-29 10:54:19.040|DEBUG|ArtifactScraper|Parsing artifact substat: critrate+3.1%(unactivated)
2026-09-29 10:54:19.210|DEBUG|ArtifactScraper|Parsing artifact substat: atk+4.7%
2026-09-29 10:54:19.210|DEBUG|ArtifactScraper|Parsing artifact substat: hp+209
2026-09-29 10:54:19.210|DEBUG|ArtifactScraper|Parsing artifact substat: critrate+2.7%
2026-09-29 10:54:19.210|DEBUG|ArtifactScraper|Parsing artifact substat: energyrecharge+6.5%
2026-09-29 10:54:19.388|DEBUG|ArtifactScraper|Parsing artifact substat: hp+4.1%
2026-09-29 10:54:19.388|DEBUG|ArtifactScraper|Parsing artifact substat: def+5.1%
2026-09-29 10:54:19.388|DEBUG|ArtifactScraper|Parsing artifact substat: energyrecharge+5.2%
2026-09-29 10:54:19.388|DEBUG|ArtifactScraper|Parsing artifact substat: critrate+3.5%(unactivated)
2026-09-29 10:54:19.504|DEBUG|ArtifactScraper|Parsing artifact substat: def+16
2026-09-29 10:54:19.504|DEBUG|ArtifactScraper|Parsing artifact substat: hp+209
2026-09-29 10:54:19.504|DEBUG|ArtifactScraper|Parsing artifact substat: hp+4.7%
2026-09-29 10:54:19.504|DEBUG|ArtifactScraper|Parsing artifact substat: energyrecharge+5.8%
2026-09-29 10:54:19.683|DEBUG|ArtifactScraper|Parsing artifact substat: hp+269
2026-09-29 10:54:19.683|DEBUG|ArtifactScraper|Parsing artifact substat: energyrecharge+6.5%
2026-09-29 10:54:19.683|DEBUG|ArtifactScraper|Parsing artifact substat: def+19
2026-09-29 10:54:19.683|DEBUG|ArtifactScraper|Parsing artifact substat: def+6.6%
2026-09-29 10:54:19.819|DEBUG|ArtifactScraper|Parsing artifact substat: energyrecharge+6.5%
2026-09-29 10:54:19.819|DEBUG|ArtifactScraper|Parsing artifact substat: atk+14
2026-09-29 10:54:19.819|DEBUG|ArtifactScraper|Parsing artifact substat: def+23
2026-09-29 10:54:19.819|DEBUG|ArtifactScraper|Parsing artifact substat: elementalmastery+21
2026-09-29 10:54:19.953|DEBUG|ArtifactScraper|Parsing artifact substat: hp+209
2026-09-29 10:54:19.953|DEBUG|ArtifactScraper|Parsing artifact substat: def+19
2026-09-29 10:54:19.953|DEBUG|ArtifactScraper|Parsing artifact substat: hp+5.3%
2026-09-29 10:54:19.953|DEBUG|ArtifactScraper|Parsing artifact substat: atk+14
2026-09-29 10:54:20.240|DEBUG|ArtifactScraper|Parsing artifact substat: def+6.6%
2026-09-29 10:54:20.240|DEBUG|ArtifactScraper|Parsing artifact substat: def+21
2026-09-29 10:54:20.240|DEBUG|ArtifactScraper|Parsing artifact substat: elementalmastery+23
2026-09-29 10:54:20.240|DEBUG|ArtifactScraper|Parsing artifact substat: atk+16(unactivated)
2026-09-29 10:54:20.367|DEBUG|ArtifactScraper|Parsing artifact substat: atk+14
2026-09-29 10:54:20.367|DEBUG|ArtifactScraper|Parsing artifact substat: def+16
2026-09-29 10:54:20.367|DEBUG|ArtifactScraper|Parsing artifact substat: atk+4.1%
2026-09-29 10:54:20.367|DEBUG|ArtifactScraper|Parsing artifact substat: hp+299(unactivated)
2026-09-29 10:54:20.519|DEBUG|ArtifactScraper|Parsing artifact substat: atk+14
2026-09-29 10:54:20.519|DEBUG|ArtifactScraper|Parsing artifact substat: def+16
2026-09-29 10:54:20.519|DEBUG|ArtifactScraper|Parsing artifact substat: critdmg+7.0%
2026-09-29 10:54:20.519|DEBUG|ArtifactScraper|Parsing artifact substat: def+5.1%(unactivated)
2026-09-29 10:54:20.799|DEBUG|ArtifactScraper|Parsing artifact substat: def+6.6%
2026-09-29 10:54:20.799|DEBUG|ArtifactScraper|Parsing artifact substat: energyrecharge+5.8%
2026-09-29 10:54:20.799|DEBUG|ArtifactScraper|Parsing artifact substat: def+19
2026-09-29 10:54:20.799|DEBUG|ArtifactScraper|Parsing artifact substat: hp+269(unactivated)
2026-09-29 10:54:20.940|DEBUG|ArtifactScraper|Parsing artifact substat: energyrecharge+6.5%
2026-09-29 10:54:20.940|DEBUG|ArtifactScraper|Parsing artifact substat: def+19
2026-09-29 10:54:20.940|DEBUG|ArtifactScraper|Parsing artifact substat: critdmg+5.4%
2026-09-29 10:54:20.940|DEBUG|ArtifactScraper|Parsing artifact substat: elementalmastery+16
2026-09-29 10:54:21.098|DEBUG|ArtifactScraper|Parsing artifact substat: elementalmastery+23
2026-09-29 10:54:21.098|DEBUG|ArtifactScraper|Parsing artifact substat: critrate+3.9%
2026-09-29 10:54:21.098|DEBUG|ArtifactScraper|Parsing artifact substat: def+16
2026-09-29 10:54:21.098|DEBUG|ArtifactScraper|Parsing artifact substat: atk+19(unactivated)
2026-09-29 10:54:21.284|DEBUG|ArtifactScraper|Parsing artifact substat: def+23
2026-09-29 10:54:21.284|DEBUG|ArtifactScraper|Parsing artifact substat: energyrecharge+6.5%
2026-09-29 10:54:21.284|DEBUG|ArtifactScraper|Parsing artifact substat: hp+239
2026-09-29 10:54:21.284|DEBUG|ArtifactScraper|Parsing artifact substat: elementalmastery+21
2026-09-29 10:54:21.350|DEBUG|ArtifactScraper|Parsing artifact substat: atk+4.1%
2026-09-29 10:54:21.350|DEBUG|ArtifactScraper|Parsing artifact substat: atk+14
2026-09-29 10:54:21.350|DEBUG|ArtifactScraper|Parsing artifact substat: hp+269
2026-09-29 10:54:21.350|DEBUG|ArtifactScraper|Parsing artifact substat: energyrecharge+4.5%
2026-09-29 10:54:21.413|DEBUG|ArtifactScraper|Finished queuing page of artifacts. Scrolling...
2026-09-29 10:54:21.569|DEBUG|ArtifactScraper|Parsing artifact substat: def+21
2026-09-29 10:54:21.569|DEBUG|ArtifactScraper|Parsing artifact substat: hp+209
2026-09-29 10:54:21.569|DEBUG|ArtifactScraper|Parsing artifact substat: atk+19
2026-09-29 10:54:21.569|DEBUG|ArtifactScraper|Parsing artifact substat: critdmg+5.4%(unactivated)
2026-09-29 10:54:21.823|DEBUG|ArtifactScraper|Parsing artifact substat: atk+16
2026-09-29 10:54:21.823|DEBUG|ArtifactScraper|Parsing artifact substat: hp+209
2026-09-29 10:54:21.823|DEBUG|ArtifactScraper|Parsing artifact substat: elementalmastery+19
2026-09-29 10:54:21.823|DEBUG|ArtifactScraper|Parsing artifact substat: atk+4.7%(unactivated)
2026-09-29 10:54:22.018|DEBUG|ArtifactScraper|Scrolled back one
2026-09-29 10:54:23.721|DEBUG|ArtifactScraper|Scanning artifact page 25
2026-09-29 10:54:23.721|DEBUG|ArtifactScraper|Located 32 possible item locations on page.
2026-09-29 10:54:24.135|DEBUG|ArtifactScraper|Parsing artifact substat: hp+4.7%
2026-09-29 10:54:24.135|DEBUG|ArtifactScraper|Parsing artifact substat: def+19
2026-09-29 10:54:24.135|DEBUG|ArtifactScraper|Parsing artifact substat: critdmg+6.2%
2026-09-29 10:54:24.135|DEBUG|ArtifactScraper|Parsing artifact substat: atk+14(unactivated)
2026-09-29 10:54:24.413|DEBUG|ArtifactScraper|Parsing artifact substat: atk+14
2026-09-29 10:54:24.413|DEBUG|ArtifactScraper|Parsing artifact substat: elementalmastery+16
2026-09-29 10:54:24.413|DEBUG|ArtifactScraper|Parsing artifact substat: def+23
2026-09-29 10:54:24.413|DEBUG|ArtifactScraper|Parsing artifact substat: atk+4.1%(unactivated)
2026-09-29 10:54:24.509|DEBUG|ArtifactScraper|Parsing artifact substat: energyrecharge+4.5%
2026-09-29 10:54:24.509|DEBUG|ArtifactScraper|Parsing artifact substat: atk+18
2026-09-29 10:54:24.509|DEBUG|ArtifactScraper|Parsing artifact substat: def+21
2026-09-29 10:54:24.509|DEBUG|ArtifactScraper|Parsing artifact substat: hp+5.3%(unactivated)
2026-09-29 10:54:24.742|DEBUG|ArtifactScraper|Parsing artifact substat: elementalmastery+19
2026-09-29 10:54:24.742|DEBUG|ArtifactScraper|Parsing artifact substat: hp+239
2026-09-29 10:54:24.742|DEBUG|ArtifactScraper|Parsing artifact substat: critdmg+6.2%
2026-09-29 10:54:24.742|DEBUG|ArtifactScraper|Parsing artifact substat: atk+16(unactivated)
2026-09-29 10:54:24.801|DEBUG|ArtifactScraper|Parsing artifact substat: critrate+2.7%
2026-09-29 10:54:24.801|DEBUG|ArtifactScraper|Parsing artifact substat: atk+19
2026-09-29 10:54:24.801|DEBUG|ArtifactScraper|Parsing artifact substat: def+23
2026-09-29 10:54:24.801|DEBUG|ArtifactScraper|Parsing artifact substat: def+5.1%(unactivated)
2026-09-29 10:54:24.993|DEBUG|ArtifactScraper|Parsing artifact substat: hp+209
2026-09-29 10:54:24.993|DEBUG|ArtifactScraper|Parsing artifact substat: def+16
2026-09-29 10:54:24.993|DEBUG|ArtifactScraper|Parsing artifact substat: atk+4.7%
2026-09-29 10:54:24.993|DEBUG|ArtifactScraper|Parsing artifact substat: atk+16(unactivated)
2026-09-29 10:54:25.301|DEBUG|ArtifactScraper|Parsing artifact substat: atk+19
2026-09-29 10:54:25.301|DEBUG|ArtifactScraper|Parsing artifact substat: def+6.6%
2026-09-29 10:54:25.301|DEBUG|ArtifactScraper|Parsing artifact substat: atk+5.3%
2026-09-29 10:54:25.301|DEBUG|ArtifactScraper|Parsing artifact substat: def+19(unactivated)
2026-09-29 10:54:25.314|DEBUG|ArtifactScraper|Parsing artifact substat: hp+209
2026-09-29 10:54:25.314|DEBUG|ArtifactScraper|Parsing artifact substat: critrate+2.7%
2026-09-29 10:54:25.314|DEBUG|ArtifactScraper|Parsing artifact substat: def+7.3%
2026-09-29 10:54:25.314|DEBUG|ArtifactScraper|Parsing artifact substat: energyrecharge+6.5%
2026-09-29 10:54:25.598|DEBUG|ArtifactScraper|Parsing artifact substat: elementalmastery+16
2026-09-29 10:54:25.598|DEBUG|ArtifactScraper|Parsing artifact substat: atk+18
2026-09-29 10:54:25.598|DEBUG|ArtifactScraper|Parsing artifact substat: energyrecharge+6.5%
2026-09-29 10:54:25.598|DEBUG|ArtifactScraper|Parsing artifact substat: def+23(unactivated)
2026-09-29 10:54:25.868|DEBUG|ArtifactScraper|Parsing artifact substat: atk+14
2026-09-29 10:54:25.868|DEBUG|ArtifactScraper|Parsing artifact substat: def+5.8%
2026-09-29 10:54:25.868|DEBUG|ArtifactScraper|Parsing artifact substat: def+23
2026-09-29 10:54:25.868|DEBUG|ArtifactScraper|Parsing artifact substat: hp+269(unactivated)
2026-09-29 10:54:25.879|DEBUG|ArtifactScraper|Parsing artifact substat: hp+5.3%
2026-09-29 10:54:25.879|DEBUG|ArtifactScraper|Parsing artifact substat: def+16
2026-09-29 10:54:25.879|DEBUG|ArtifactScraper|Parsing artifact substat: critrate+3.9%
2026-09-29 10:54:25.879|DEBUG|ArtifactScraper|Parsing artifact substat: elementalmastery+21
2026-09-29 10:54:26.141|DEBUG|ArtifactScraper|Parsing artifact substat: def+23
2026-09-29 10:54:26.141|DEBUG|ArtifactScraper|Parsing artifact substat: atk+19
2026-09-29 10:54:26.141|DEBUG|ArtifactScraper|Parsing artifact substat: hp+4.1%
2026-09-29 10:54:26.141|DEBUG|ArtifactScraper|Parsing artifact substat: def+5.8%
2026-09-29 10:54:26.179|DEBUG|ArtifactScraper|Parsing artifact substat: hp+4.7%
2026-09-29 10:54:26.179|DEBUG|ArtifactScraper|Parsing artifact substat: critdmg+7.0%
2026-09-29 10:54:26.179|DEBUG|ArtifactScraper|Parsing artifact substat: hp+299
2026-09-29 10:54:26.179|DEBUG|ArtifactScraper|Parsing artifact substat: atk+18
2026-09-29 10:54:26.431|DEBUG|ArtifactScraper|Parsing artifact substat: hp+269
2026-09-29 10:54:26.431|DEBUG|ArtifactScraper|Parsing artifact substat: atk+4.7%
2026-09-29 10:54:26.431|DEBUG|ArtifactScraper|Parsing artifact substat: energyrecharge+6.5%
2026-09-29 10:54:26.431|DEBUG|ArtifactScraper|Parsing artifact substat: def+6.6%
2026-09-29 10:54:26.720|DEBUG|ArtifactScraper|Parsing artifact substat: atk+4.1%
2026-09-29 10:54:26.720|DEBUG|ArtifactScraper|Parsing artifact substat: energyrecharge+6.5%
2026-09-29 10:54:26.720|DEBUG|ArtifactScraper|Parsing artifact substat: hp+269
2026-09-29 10:54:26.720|DEBUG|ArtifactScraper|Parsing artifact substat: hp+5.3%
2026-09-29 10:54:26.767|DEBUG|ArtifactScraper|Parsing artifact substat: energyrecharge+5.8%
2026-09-29 10:54:26.767|DEBUG|ArtifactScraper|Parsing artifact substat: elementalmastery+16
2026-09-29 10:54:26.768|DEBUG|ArtifactScraper|Parsing artifact substat: hp+5.3%
2026-09-29 10:54:26.768|DEBUG|ArtifactScraper|Parsing artifact substat: atk+4.7%
2026-09-29 10:54:27.047|DEBUG|ArtifactScraper|Parsing artifact substat: atk+5.3%
2026-09-29 10:54:27.047|DEBUG|ArtifactScraper|Parsing artifact substat: def+21
2026-09-29 10:54:27.047|DEBUG|ArtifactScraper|Parsing artifact substat: atk+14
2026-09-29 10:54:27.047|DEBUG|ArtifactScraper|Parsing artifact substat: hp+299(unactivated)
2026-09-29 10:54:27.051|DEBUG|ArtifactScraper|Parsing artifact substat: def+16
2026-09-29 10:54:27.051|DEBUG|ArtifactScraper|Parsing artifact substat: hp+4.1%
2026-09-29 10:54:27.051|DEBUG|ArtifactScraper|Parsing artifact substat: energyrecharge+5.8%
2026-09-29 10:54:27.051|DEBUG|ArtifactScraper|Parsing artifact substat: atk+18(unactivated)
2026-09-29 10:54:27.371|DEBUG|ArtifactScraper|Parsing artifact substat: hp+5.3%
2026-09-29 10:54:27.371|DEBUG|ArtifactScraper|Parsing artifact substat: critdmg+7.8%
2026-09-29 10:54:27.371|DEBUG|ArtifactScraper|Parsing artifact substat: hp+299
2026-09-29 10:54:27.371|DEBUG|ArtifactScraper|Parsing artifact substat: energyrecharge+6.5%
2026-09-29 10:54:27.371|DEBUG|ArtifactScraper|Parsing artifact substat: def+5.8%
2026-09-29 10:54:27.371|DEBUG|ArtifactScraper|Parsing artifact substat: critrate+3.5%
2026-09-29 10:54:27.371|DEBUG|ArtifactScraper|Parsing artifact substat: def+23
2026-09-29 10:54:27.371|DEBUG|ArtifactScraper|Parsing artifact substat: critdmg+7.8%(unactivated)
2026-09-29 10:54:27.682|DEBUG|ArtifactScraper|Parsing artifact substat: energyrecharge+5.2%
2026-09-29 10:54:27.682|DEBUG|ArtifactScraper|Parsing artifact substat: critdmg+7.0%
2026-09-29 10:54:27.682|DEBUG|ArtifactScraper|Parsing artifact substat: def+16
2026-09-29 10:54:27.682|DEBUG|ArtifactScraper|Parsing artifact substat: critrate+2.7%(unactivated)
2026-09-29 10:54:27.705|DEBUG|ArtifactScraper|Parsing artifact substat: def+23
2026-09-29 10:54:27.705|DEBUG|ArtifactScraper|Parsing artifact substat: hp+269
2026-09-29 10:54:27.705|DEBUG|ArtifactScraper|Parsing artifact substat: atk+18
2026-09-29 10:54:27.705|DEBUG|ArtifactScraper|Parsing artifact substat: atk+4.7%(unactivated)
2026-09-29 10:54:27.943|DEBUG|ArtifactScraper|Parsing artifact substat: def+16
2026-09-29 10:54:27.943|DEBUG|ArtifactScraper|Parsing artifact substat: energyrecharge+5.8%
2026-09-29 10:54:27.943|DEBUG|ArtifactScraper|Parsing artifact substat: atk+4.1%
2026-09-29 10:54:27.943|DEBUG|ArtifactScraper|Parsing artifact substat: atk+19(unactivated)
2026-09-29 10:54:28.280|DEBUG|ArtifactScraper|Parsing artifact substat: atk+4.7%
2026-09-29 10:54:28.280|DEBUG|ArtifactScraper|Parsing artifact substat: critrate+3.1%
2026-09-29 10:54:28.280|DEBUG|ArtifactScraper|Parsing artifact substat: def+16
2026-09-29 10:54:28.280|DEBUG|ArtifactScraper|Parsing artifact substat: hp+4.7%(unactivated)
2026-09-29 10:54:28.285|DEBUG|ArtifactScraper|Parsing artifact substat: def+6.6%
2026-09-29 10:54:28.285|DEBUG|ArtifactScraper|Parsing artifact substat: elementalmastery+21
2026-09-29 10:54:28.285|DEBUG|ArtifactScraper|Parsing artifact substat: hp+5.8%
2026-09-29 10:54:28.285|DEBUG|ArtifactScraper|Parsing artifact substat: critrate+3.5%(unactivated)
2026-09-29 10:54:28.552|DEBUG|ArtifactScraper|Parsing artifact substat: hp+269
2026-09-29 10:54:28.552|DEBUG|ArtifactScraper|Parsing artifact substat: atk+16
2026-09-29 10:54:28.552|DEBUG|ArtifactScraper|Parsing artifact substat: energyrecharge+5.8%
2026-09-29 10:54:28.552|DEBUG|ArtifactScraper|Parsing artifact substat: atk+4.1%(unactivated)
2026-09-29 10:54:28.613|DEBUG|ArtifactScraper|Parsing artifact substat: hp+299
2026-09-29 10:54:28.613|DEBUG|ArtifactScraper|Parsing artifact substat: critdmg+5.4%
2026-09-29 10:54:28.613|DEBUG|ArtifactScraper|Parsing artifact substat: atk+16
2026-09-29 10:54:28.613|DEBUG|ArtifactScraper|Parsing artifact substat: atk+4.1%(unactivated)
2026-09-29 10:54:28.884|DEBUG|ArtifactScraper|Parsing artifact substat: def+21
2026-09-29 10:54:28.884|DEBUG|ArtifactScraper|Parsing artifact substat: energyrecharge+4.5%
2026-09-29 10:54:28.884|DEBUG|ArtifactScraper|Parsing artifact substat: hp+4.7%
2026-09-29 10:54:28.884|DEBUG|ArtifactScraper|Parsing artifact substat: atk+16(unactivated)
2026-09-29 10:54:28.941|DEBUG|ArtifactScraper|Parsing artifact substat: def+23
2026-09-29 10:54:28.941|DEBUG|ArtifactScraper|Parsing artifact substat: critrate+3.5%
2026-09-29 10:54:28.941|DEBUG|ArtifactScraper|Parsing artifact substat: atk+19
2026-09-29 10:54:28.941|DEBUG|ArtifactScraper|Parsing artifact substat: hp+4.7%(unactivated)
2026-09-29 10:54:29.143|DEBUG|ArtifactScraper|Finished queuing page of artifacts. Scrolling...
2026-09-29 10:54:29.180|DEBUG|ArtifactScraper|Parsing artifact substat: energyrecharge+6.5%
2026-09-29 10:54:29.180|DEBUG|ArtifactScraper|Parsing artifact substat: elementalmastery+16
2026-09-29 10:54:29.180|DEBUG|ArtifactScraper|Parsing artifact substat: atk+16
2026-09-29 10:54:29.180|DEBUG|ArtifactScraper|Parsing artifact substat: critdmg+5.4%(unactivated)
2026-09-29 10:54:29.307|DEBUG|ArtifactScraper|Parsing artifact substat: energyrecharge+5.2%
2026-09-29 10:54:29.307|DEBUG|ArtifactScraper|Parsing artifact substat: critrate+2.7%
2026-09-29 10:54:29.307|DEBUG|ArtifactScraper|Parsing artifact substat: hp+299
2026-09-29 10:54:29.307|DEBUG|ArtifactScraper|Parsing artifact substat: hp+5.8%(unactivated)
2026-09-29 10:54:29.445|DEBUG|ArtifactScraper|Parsing artifact substat: atk+5.3%
2026-09-29 10:54:29.445|DEBUG|ArtifactScraper|Parsing artifact substat: atk+18
2026-09-29 10:54:29.445|DEBUG|ArtifactScraper|Parsing artifact substat: def+21
2026-09-29 10:54:29.445|DEBUG|ArtifactScraper|Parsing artifact substat: critrate+3.9%(unactivated)
2026-09-29 10:54:31.117|DEBUG|ArtifactScraper|Scanning artifact page 26
2026-09-29 10:54:31.117|DEBUG|ArtifactScraper|Located 32 possible item locations on page.
2026-09-29 10:54:31.508|DEBUG|ArtifactScraper|Parsing artifact substat: def+5.1%
2026-09-29 10:54:31.508|DEBUG|ArtifactScraper|Parsing artifact substat: atk+16
2026-09-29 10:54:31.508|DEBUG|ArtifactScraper|Parsing artifact substat: elementalmastery+23
2026-09-29 10:54:31.508|DEBUG|ArtifactScraper|Parsing artifact substat: def+16
2026-09-29 10:54:31.781|DEBUG|ArtifactScraper|Parsing artifact substat: def+23
2026-09-29 10:54:31.781|DEBUG|ArtifactScraper|Parsing artifact substat: hp+239
2026-09-29 10:54:31.781|DEBUG|ArtifactScraper|Parsing artifact substat: atk+18
2026-09-29 10:54:31.781|DEBUG|ArtifactScraper|Parsing artifact substat: elementalmastery+16
2026-09-29 10:54:31.820|DEBUG|ArtifactScraper|Parsing artifact substat: def+23
2026-09-29 10:54:31.820|DEBUG|ArtifactScraper|Parsing artifact substat: critdmg+7.0%
2026-09-29 10:54:31.820|DEBUG|ArtifactScraper|Parsing artifact substat: atk+16
2026-09-29 10:54:31.820|DEBUG|ArtifactScraper|Parsing artifact substat: atk+4.1%
2026-09-29 10:54:32.071|DEBUG|ArtifactScraper|Parsing artifact substat: hp+209
2026-09-29 10:54:32.071|DEBUG|ArtifactScraper|Parsing artifact substat: atk+16
2026-09-29 10:54:32.071|DEBUG|ArtifactScraper|Parsing artifact substat: def+5.1%
2026-09-29 10:54:32.071|DEBUG|ArtifactScraper|Parsing artifact substat: critrate+3.5%
2026-09-29 10:54:32.167|DEBUG|ArtifactScraper|Parsing artifact substat: atk+16
2026-09-29 10:54:32.167|DEBUG|ArtifactScraper|Parsing artifact substat: atk+4.1%
2026-09-29 10:54:32.167|DEBUG|ArtifactScraper|Parsing artifact substat: def+16
2026-09-29 10:54:32.167|DEBUG|ArtifactScraper|Parsing artifact substat: def+5.8%
2026-09-29 10:54:32.327|DEBUG|ArtifactScraper|Parsing artifact substat: def+16
2026-09-29 10:54:32.327|DEBUG|ArtifactScraper|Parsing artifact substat: hp+209
2026-09-29 10:54:32.327|DEBUG|ArtifactScraper|Parsing artifact substat: atk+18
2026-09-29 10:54:32.327|DEBUG|ArtifactScraper|Parsing artifact substat: hp+4.1%
2026-09-29 10:54:32.598|DEBUG|ArtifactScraper|Parsing artifact substat: def+16
2026-09-29 10:54:32.598|DEBUG|ArtifactScraper|Parsing artifact substat: energyrecharge+4.5%
2026-09-29 10:54:32.598|DEBUG|ArtifactScraper|Parsing artifact substat: atk+19
2026-09-29 10:54:32.598|DEBUG|ArtifactScraper|Parsing artifact substat: hp+209
2026-09-29 10:54:32.767|DEBUG|ArtifactScraper|Parsing artifact substat: atk+4.1%
2026-09-29 10:54:32.767|DEBUG|ArtifactScraper|Parsing artifact substat: def+23
2026-09-29 10:54:32.767|DEBUG|ArtifactScraper|Parsing artifact substat: elementalmastery+19
2026-09-29 10:54:32.767|DEBUG|ArtifactScraper|Parsing artifact substat: atk+16(unactivated)
2026-09-29 10:54:32.894|DEBUG|ArtifactScraper|Parsing artifact substat: def+19
2026-09-29 10:54:32.894|DEBUG|ArtifactScraper|Parsing artifact substat: hp+209
2026-09-29 10:54:32.894|DEBUG|ArtifactScraper|Parsing artifact substat: hp+4.1%
2026-09-29 10:54:32.894|DEBUG|ArtifactScraper|Parsing artifact substat: def+6.6%(unactivated)
2026-09-29 10:54:33.070|DEBUG|ArtifactScraper|Parsing artifact substat: def+23
2026-09-29 10:54:33.070|DEBUG|ArtifactScraper|Parsing artifact substat: elementalmastery+16
2026-09-29 10:54:33.070|DEBUG|ArtifactScraper|Parsing artifact substat: hp+299
2026-09-29 10:54:33.070|DEBUG|ArtifactScraper|Parsing artifact substat: energyrecharge+6.5%
2026-09-29 10:54:33.367|DEBUG|ArtifactScraper|Parsing artifact substat: hp+209
2026-09-29 10:54:33.367|DEBUG|ArtifactScraper|Parsing artifact substat: atk+5.3%
2026-09-29 10:54:33.367|DEBUG|ArtifactScraper|Parsing artifact substat: hp+4.1%
2026-09-29 10:54:33.367|DEBUG|ArtifactScraper|Parsing artifact substat: elementalmastery+21
2026-09-29 10:54:33.502|DEBUG|ArtifactScraper|Parsing artifact substat: hp+4.1%
2026-09-29 10:54:33.502|DEBUG|ArtifactScraper|Parsing artifact substat: hp+269
2026-09-29 10:54:33.502|DEBUG|ArtifactScraper|Parsing artifact substat: elementalmastery+16
2026-09-29 10:54:33.502|DEBUG|ArtifactScraper|Parsing artifact substat: critdmg+5.4%(unactivated)
2026-09-29 10:54:33.731|DEBUG|ArtifactScraper|Parsing artifact substat: hp+269
2026-09-29 10:54:33.731|DEBUG|ArtifactScraper|Parsing artifact substat: atk+18
2026-09-29 10:54:33.731|DEBUG|ArtifactScraper|Parsing artifact substat: atk+4.1%
2026-09-29 10:54:33.731|DEBUG|ArtifactScraper|Parsing artifact substat: def+19(unactivated)
2026-09-29 10:54:33.782|DEBUG|ArtifactScraper|Parsing artifact substat: hp+239
2026-09-29 10:54:33.782|DEBUG|ArtifactScraper|Parsing artifact substat: def+5.8%
2026-09-29 10:54:33.782|DEBUG|ArtifactScraper|Parsing artifact substat: critrate+3.9%
2026-09-29 10:54:33.782|DEBUG|ArtifactScraper|Parsing artifact substat: atk+18(unactivated)
2026-09-29 10:54:34.098|DEBUG|ArtifactScraper|Parsing artifact substat: hp+269
2026-09-29 10:54:34.098|DEBUG|ArtifactScraper|Parsing artifact substat: def+6.6%
2026-09-29 10:54:34.098|DEBUG|ArtifactScraper|Parsing artifact substat: def+21
2026-09-29 10:54:34.098|DEBUG|ArtifactScraper|Parsing artifact substat: atk+19
2026-09-29 10:54:34.129|DEBUG|ArtifactScraper|Parsing artifact substat: critdmg+6.2%
2026-09-29 10:54:34.129|DEBUG|ArtifactScraper|Parsing artifact substat: energyrecharge+4.5%
2026-09-29 10:54:34.129|DEBUG|ArtifactScraper|Parsing artifact substat: atk+19
2026-09-29 10:54:34.129|DEBUG|ArtifactScraper|Parsing artifact substat: elementalmastery+16
2026-09-29 10:54:34.437|DEBUG|ArtifactScraper|Parsing artifact substat: def+19
2026-09-29 10:54:34.437|DEBUG|ArtifactScraper|Parsing artifact substat: energyrecharge+4.5%
2026-09-29 10:54:34.437|DEBUG|ArtifactScraper|Parsing artifact substat: atk+18
2026-09-29 10:54:34.437|DEBUG|ArtifactScraper|Parsing artifact substat: atk+5.3%(unactivated)
2026-09-29 10:54:34.527|DEBUG|ArtifactScraper|Parsing artifact substat: energyrecharge+5.2%
2026-09-29 10:54:34.527|DEBUG|ArtifactScraper|Parsing artifact substat: hp+239
2026-09-29 10:54:34.527|DEBUG|ArtifactScraper|Parsing artifact substat: critrate+3.9%
2026-09-29 10:54:34.527|DEBUG|ArtifactScraper|Parsing artifact substat: def+19(unactivated)
2026-09-29 10:54:34.807|DEBUG|ArtifactScraper|Parsing artifact substat: hp+4.7%
2026-09-29 10:54:34.807|DEBUG|ArtifactScraper|Parsing artifact substat: atk+16
2026-09-29 10:54:34.807|DEBUG|ArtifactScraper|Parsing artifact substat: critdmg+5.4%
2026-09-29 10:54:34.807|DEBUG|ArtifactScraper|Parsing artifact substat: critrate+3.9%(unactivated)
2026-09-29 10:54:34.873|DEBUG|ArtifactScraper|Parsing artifact substat: def+16
2026-09-29 10:54:34.873|DEBUG|ArtifactScraper|Parsing artifact substat: energyrecharge+5.8%
2026-09-29 10:54:34.873|DEBUG|ArtifactScraper|Parsing artifact substat: atk+4.7%
2026-09-29 10:54:34.873|DEBUG|ArtifactScraper|Parsing artifact substat: critrate+2.7%(unactivated)
2026-09-29 10:54:35.186|DEBUG|ArtifactScraper|Parsing artifact substat: hp+269
2026-09-29 10:54:35.186|DEBUG|ArtifactScraper|Parsing artifact substat: atk+14
2026-09-29 10:54:35.186|DEBUG|ArtifactScraper|Parsing artifact substat: energyrecharge+5.8%
2026-09-29 10:54:35.186|DEBUG|ArtifactScraper|Parsing artifact substat: def+5.1%
2026-09-29 10:54:35.231|DEBUG|ArtifactScraper|Parsing artifact substat: critrate+3.1%
2026-09-29 10:54:35.231|DEBUG|ArtifactScraper|Parsing artifact substat: critdmg+5.4%
2026-09-29 10:54:35.231|DEBUG|ArtifactScraper|Parsing artifact substat: elementalmastery+16
2026-09-29 10:54:35.231|DEBUG|ArtifactScraper|Parsing artifact substat: atk+16(unactivated)
2026-09-29 10:54:35.489|DEBUG|ArtifactScraper|Parsing artifact substat: atk+16
2026-09-29 10:54:35.489|DEBUG|ArtifactScraper|Parsing artifact substat: def+21
2026-09-29 10:54:35.489|DEBUG|ArtifactScraper|Parsing artifact substat: hp+269
2026-09-29 10:54:35.489|DEBUG|ArtifactScraper|Parsing artifact substat: hp+4.7%
2026-09-29 10:54:35.556|DEBUG|ArtifactScraper|Parsing artifact substat: hp+239
2026-09-29 10:54:35.556|DEBUG|ArtifactScraper|Parsing artifact substat: critrate+2.7%
2026-09-29 10:54:35.556|DEBUG|ArtifactScraper|Parsing artifact substat: atk+5.8%
2026-09-29 10:54:35.556|DEBUG|ArtifactScraper|Parsing artifact substat: atk+16
2026-09-29 10:54:35.850|DEBUG|ArtifactScraper|Parsing artifact substat: def+23
2026-09-29 10:54:35.850|DEBUG|ArtifactScraper|Parsing artifact substat: hp+209
2026-09-29 10:54:35.850|DEBUG|ArtifactScraper|Parsing artifact substat: atk+18
2026-09-29 10:54:35.850|DEBUG|ArtifactScraper|Parsing artifact substat: elementalmastery+23
2026-09-29 10:54:35.969|DEBUG|ArtifactScraper|Parsing artifact substat: elementalmastery+19
2026-09-29 10:54:35.969|DEBUG|ArtifactScraper|Parsing artifact substat: atk+5.8%
2026-09-29 10:54:35.969|DEBUG|ArtifactScraper|Parsing artifact substat: hp+299
2026-09-29 10:54:35.969|DEBUG|ArtifactScraper|Parsing artifact substat: critrate+2.7%(unactivated)
2026-09-29 10:54:36.120|DEBUG|ArtifactScraper|Parsing artifact substat: hp+4.1%
2026-09-29 10:54:36.120|DEBUG|ArtifactScraper|Parsing artifact substat: energyrecharge+4.5%
2026-09-29 10:54:36.120|DEBUG|ArtifactScraper|Parsing artifact substat: def+19
2026-09-29 10:54:36.120|DEBUG|ArtifactScraper|Parsing artifact substat: elementalmastery+19
2026-09-29 10:54:36.341|DEBUG|ArtifactScraper|Parsing artifact substat: atk+5.3%
2026-09-29 10:54:36.341|DEBUG|ArtifactScraper|Parsing artifact substat: hp+299
2026-09-29 10:54:36.341|DEBUG|ArtifactScraper|Parsing artifact substat: def+16
2026-09-29 10:54:36.341|DEBUG|ArtifactScraper|Parsing artifact substat: critdmg+6.2%(unactivated)
2026-09-29 10:54:36.460|DEBUG|ArtifactScraper|Parsing artifact substat: atk+18
2026-09-29 10:54:36.460|DEBUG|ArtifactScraper|Parsing artifact substat: def+7.3%
2026-09-29 10:54:36.460|DEBUG|ArtifactScraper|Parsing artifact substat: def+16
2026-09-29 10:54:36.460|DEBUG|ArtifactScraper|Parsing artifact substat: energyrecharge+4.5%
2026-09-29 10:54:36.612|DEBUG|ArtifactScraper|Finished queuing page of artifacts. Scrolling...
2026-09-29 10:54:36.750|DEBUG|ArtifactScraper|Parsing artifact substat: critdmg+5.4%
2026-09-29 10:54:36.750|DEBUG|ArtifactScraper|Parsing artifact substat: def+5.8%
2026-09-29 10:54:36.750|DEBUG|ArtifactScraper|Parsing artifact substat: energyrecharge+6.5%
2026-09-29 10:54:36.750|DEBUG|ArtifactScraper|Parsing artifact substat: def+23(unactivated)
2026-09-29 10:54:36.785|DEBUG|ArtifactScraper|Parsing artifact substat: elementalmastery+21
2026-09-29 10:54:36.785|DEBUG|ArtifactScraper|Parsing artifact substat: critrate+3.5%
2026-09-29 10:54:36.785|DEBUG|ArtifactScraper|Parsing artifact substat: def+23
2026-09-29 10:54:36.785|DEBUG|ArtifactScraper|Parsing artifact substat: hp+209(unactivated)
2026-09-29 10:54:37.049|DEBUG|ArtifactScraper|Parsing artifact substat: hp+209
2026-09-29 10:54:37.049|DEBUG|ArtifactScraper|Parsing artifact substat: def+16
2026-09-29 10:54:37.049|DEBUG|ArtifactScraper|Parsing artifact substat: critdmg+5.4%
2026-09-29 10:54:37.049|DEBUG|ArtifactScraper|Parsing artifact substat: hp+4.1%(unactivated)
2026-09-29 10:54:39.002|DEBUG|ArtifactScraper|Scanning artifact page 27
2026-09-29 10:54:39.002|DEBUG|ArtifactScraper|Located 32 possible item locations on page.
2026-09-29 10:54:39.437|DEBUG|ArtifactScraper|Parsing artifact substat: energyrecharge+4.5%
2026-09-29 10:54:39.437|DEBUG|ArtifactScraper|Parsing artifact substat: elementalmastery+19
2026-09-29 10:54:39.437|DEBUG|ArtifactScraper|Parsing artifact substat: critdmg+7.8%
2026-09-29 10:54:39.437|DEBUG|ArtifactScraper|Parsing artifact substat: def+21(unactivated)
2026-09-29 10:54:39.714|DEBUG|ArtifactScraper|Parsing artifact substat: def+19
2026-09-29 10:54:39.714|DEBUG|ArtifactScraper|Parsing artifact substat: atk+5.8%
2026-09-29 10:54:39.714|DEBUG|ArtifactScraper|Parsing artifact substat: hp+209
2026-09-29 10:54:39.714|DEBUG|ArtifactScraper|Parsing artifact substat: atk+16(unactivated)
2026-09-29 10:54:39.780|DEBUG|ArtifactScraper|Parsing artifact substat: def+16
2026-09-29 10:54:39.780|DEBUG|ArtifactScraper|Parsing artifact substat: elementalmastery+21
2026-09-29 10:54:39.780|DEBUG|ArtifactScraper|Parsing artifact substat: def+6.6%
2026-09-29 10:54:39.780|DEBUG|ArtifactScraper|Parsing artifact substat: atk+18(unactivated)
2026-09-29 10:54:40.054|DEBUG|ArtifactScraper|Parsing artifact substat: atk+16
2026-09-29 10:54:40.054|DEBUG|ArtifactScraper|Parsing artifact substat: def+16
2026-09-29 10:54:40.054|DEBUG|ArtifactScraper|Parsing artifact substat: def+7.3%
2026-09-29 10:54:40.054|DEBUG|ArtifactScraper|Parsing artifact substat: critrate+3.5%(unactivated)
2026-09-29 10:54:40.160|DEBUG|ArtifactScraper|Parsing artifact substat: hp+209
2026-09-29 10:54:40.160|DEBUG|ArtifactScraper|Parsing artifact substat: atk+18
2026-09-29 10:54:40.160|DEBUG|ArtifactScraper|Parsing artifact substat: elementalmastery+23
2026-09-29 10:54:40.160|DEBUG|ArtifactScraper|Parsing artifact substat: def+16(unactivated)
2026-09-29 10:54:40.362|DEBUG|ArtifactScraper|Parsing artifact substat: elementalmastery+21
2026-09-29 10:54:40.362|DEBUG|ArtifactScraper|Parsing artifact substat: def+16
2026-09-29 10:54:40.362|DEBUG|ArtifactScraper|Parsing artifact substat: critrate+3.5%
2026-09-29 10:54:40.362|DEBUG|ArtifactScraper|Parsing artifact substat: def+5.8%(unactivated)
2026-09-29 10:54:40.547|DEBUG|ArtifactScraper|Parsing artifact substat: atk+14
2026-09-29 10:54:40.547|DEBUG|ArtifactScraper|Parsing artifact substat: elementalmastery+21
2026-09-29 10:54:40.547|DEBUG|ArtifactScraper|Parsing artifact substat: hp+209
2026-09-29 10:54:40.547|DEBUG|ArtifactScraper|Parsing artifact substat: hp+5.3%(unactivated)
2026-09-29 10:54:40.675|DEBUG|ArtifactScraper|Parsing artifact substat: hp+239
2026-09-29 10:54:40.675|DEBUG|ArtifactScraper|Parsing artifact substat: atk+19
2026-09-29 10:54:40.675|DEBUG|ArtifactScraper|Parsing artifact substat: hp+4.1%
2026-09-29 10:54:40.675|DEBUG|ArtifactScraper|Parsing artifact substat: critrate+3.9%(unactivated)
2026-09-29 10:54:40.918|DEBUG|ArtifactScraper|Parsing artifact substat: atk+5.3%
2026-09-29 10:54:40.918|DEBUG|ArtifactScraper|Parsing artifact substat: def+7.3%
2026-09-29 10:54:40.918|DEBUG|ArtifactScraper|Parsing artifact substat: elementalmastery+19
2026-09-29 10:54:40.918|DEBUG|ArtifactScraper|Parsing artifact substat: hp+209(unactivated)
2026-09-29 10:54:41.048|DEBUG|ArtifactScraper|Parsing artifact substat: critrate+2.7%
2026-09-29 10:54:41.049|DEBUG|ArtifactScraper|Parsing artifact substat: hp+4.7%
2026-09-29 10:54:41.049|DEBUG|ArtifactScraper|Parsing artifact substat: def+21
2026-09-29 10:54:41.049|DEBUG|ArtifactScraper|Parsing artifact substat: critdmg+6.2%
2026-09-29 10:54:41.224|DEBUG|ArtifactScraper|Parsing artifact substat: critrate+3.1%
2026-09-29 10:54:41.224|DEBUG|ArtifactScraper|Parsing artifact substat: atk+4.1%
2026-09-29 10:54:41.224|DEBUG|ArtifactScraper|Parsing artifact substat: def+19
2026-09-29 10:54:41.224|DEBUG|ArtifactScraper|Parsing artifact substat: def+6.6%
2026-09-29 10:54:41.388|DEBUG|ArtifactScraper|Parsing artifact substat: atk+14
2026-09-29 10:54:41.388|DEBUG|ArtifactScraper|Parsing artifact substat: critdmg+7.0%
2026-09-29 10:54:41.388|DEBUG|ArtifactScraper|Parsing artifact substat: def+19
2026-09-29 10:54:41.388|DEBUG|ArtifactScraper|Parsing artifact substat: atk+4.1%
2026-09-29 10:54:41.618|DEBUG|ArtifactScraper|Parsing artifact substat: energyrecharge+4.5%
2026-09-29 10:54:41.618|DEBUG|ArtifactScraper|Parsing artifact substat: def+16
2026-09-29 10:54:41.618|DEBUG|ArtifactScraper|Parsing artifact substat: atk+4.7%
2026-09-29 10:54:41.618|DEBUG|ArtifactScraper|Parsing artifact substat: critdmg+6.2%(unactivated)
2026-09-29 10:54:41.751|DEBUG|ArtifactScraper|Parsing artifact substat: def+21
2026-09-29 10:54:41.753|DEBUG|ArtifactScraper|Parsing artifact substat: critrate+2.7%
2026-09-29 10:54:41.753|DEBUG|ArtifactScraper|Parsing artifact substat: atk+14
2026-09-29 10:54:41.753|DEBUG|ArtifactScraper|Parsing artifact substat: atk+5.3%(unactivated)
2026-09-29 10:54:41.997|DEBUG|ArtifactScraper|Parsing artifact substat: critrate+2.7%
2026-09-29 10:54:41.997|DEBUG|ArtifactScraper|Parsing artifact substat: atk+4.1%
2026-09-29 10:54:41.997|DEBUG|ArtifactScraper|Parsing artifact substat: def+6.6%
2026-09-29 10:54:41.997|DEBUG|ArtifactScraper|Parsing artifact substat: elementalmastery+21
2026-09-29 10:54:42.137|DEBUG|ArtifactScraper|Parsing artifact substat: def+23
2026-09-29 10:54:42.137|DEBUG|ArtifactScraper|Parsing artifact substat: atk+18
2026-09-29 10:54:42.137|DEBUG|ArtifactScraper|Parsing artifact substat: atk+5.3%
2026-09-29 10:54:42.137|DEBUG|ArtifactScraper|Parsing artifact substat: critrate+3.5%(unactivated)
2026-09-29 10:54:42.310|DEBUG|ArtifactScraper|Parsing artifact substat: critrate+3.1%
2026-09-29 10:54:42.310|DEBUG|ArtifactScraper|Parsing artifact substat: def+6.6%
2026-09-29 10:54:42.310|DEBUG|ArtifactScraper|Parsing artifact substat: atk+4.7%
2026-09-29 10:54:42.310|DEBUG|ArtifactScraper|Parsing artifact substat: hp+5.3%(unactivated)
2026-09-29 10:54:42.517|DEBUG|ArtifactScraper|Parsing artifact substat: def+5.8%
2026-09-29 10:54:42.517|DEBUG|ArtifactScraper|Parsing artifact substat: critrate+3.9%
2026-09-29 10:54:42.517|DEBUG|ArtifactScraper|Parsing artifact substat: elementalmastery+21
2026-09-29 10:54:42.517|DEBUG|ArtifactScraper|Parsing artifact substat: hp+5.3%
2026-09-29 10:54:42.620|DEBUG|ArtifactScraper|Parsing artifact substat: atk+4.1%
2026-09-29 10:54:42.620|DEBUG|ArtifactScraper|Parsing artifact substat: def+6.6%
2026-09-29 10:54:42.620|DEBUG|ArtifactScraper|Parsing artifact substat: elementalmastery+23
2026-09-29 10:54:42.620|DEBUG|ArtifactScraper|Parsing artifact substat: def+19
2026-09-29 10:54:42.872|DEBUG|ArtifactScraper|Parsing artifact substat: def+5.8%
2026-09-29 10:54:42.872|DEBUG|ArtifactScraper|Parsing artifact substat: elementalmastery+16
2026-09-29 10:54:42.872|DEBUG|ArtifactScraper|Parsing artifact substat: hp+4.7%
2026-09-29 10:54:42.872|DEBUG|ArtifactScraper|Parsing artifact substat: atk+5.8%
2026-09-29 10:54:42.967|DEBUG|ArtifactScraper|Parsing artifact substat: energyrecharge+6.5%
2026-09-29 10:54:42.967|DEBUG|ArtifactScraper|Parsing artifact substat: atk+4.7%
2026-09-29 10:54:42.967|DEBUG|ArtifactScraper|Parsing artifact substat: def+16
2026-09-29 10:54:42.967|DEBUG|ArtifactScraper|Parsing artifact substat: elementalmastery+23
2026-09-29 10:54:43.235|DEBUG|ArtifactScraper|Parsing artifact substat: hp+5.3%
2026-09-29 10:54:43.235|DEBUG|ArtifactScraper|Parsing artifact substat: atk+4.7%
2026-09-29 10:54:43.235|DEBUG|ArtifactScraper|Parsing artifact substat: def+21
2026-09-29 10:54:43.236|DEBUG|ArtifactScraper|Parsing artifact substat: energyrecharge+6.5%
2026-09-29 10:54:43.344|DEBUG|ArtifactScraper|Parsing artifact substat: def+19
2026-09-29 10:54:43.344|DEBUG|ArtifactScraper|Parsing artifact substat: elementalmastery+16
2026-09-29 10:54:43.344|DEBUG|ArtifactScraper|Parsing artifact substat: hp+5.3%
2026-09-29 10:54:43.344|DEBUG|ArtifactScraper|Parsing artifact substat: atk+4.7%
2026-09-29 10:54:43.524|DEBUG|ArtifactScraper|Parsing artifact substat: critdmg+6.2%
2026-09-29 10:54:43.524|DEBUG|ArtifactScraper|Parsing artifact substat: def+6.6%
2026-09-29 10:54:43.524|DEBUG|ArtifactScraper|Parsing artifact substat: hp+4.1%
2026-09-29 10:54:43.524|DEBUG|ArtifactScraper|Parsing artifact substat: def+16(unactivated)
2026-09-29 10:54:43.637|DEBUG|ArtifactScraper|Parsing artifact substat: energyrecharge+5.8%
2026-09-29 10:54:43.637|DEBUG|ArtifactScraper|Parsing artifact substat: def+7.3%
2026-09-29 10:54:43.637|DEBUG|ArtifactScraper|Parsing artifact substat: atk+5.3%
2026-09-29 10:54:43.637|DEBUG|ArtifactScraper|Parsing artifact substat: elementalmastery+19
2026-09-29 10:54:43.916|DEBUG|ArtifactScraper|Parsing artifact substat: energyrecharge+6.5%
2026-09-29 10:54:43.916|DEBUG|ArtifactScraper|Parsing artifact substat: atk+16
2026-09-29 10:54:43.916|DEBUG|ArtifactScraper|Parsing artifact substat: critrate+2.7%
2026-09-29 10:54:43.916|DEBUG|ArtifactScraper|Parsing artifact substat: elementalmastery+16
2026-09-29 10:54:43.985|DEBUG|ArtifactScraper|Parsing artifact substat: critrate+3.9%
2026-09-29 10:54:43.985|DEBUG|ArtifactScraper|Parsing artifact substat: atk+16
2026-09-29 10:54:43.985|DEBUG|ArtifactScraper|Parsing artifact substat: hp+4.7%
2026-09-29 10:54:43.985|DEBUG|ArtifactScraper|Parsing artifact substat: def+21(unactivated)
2026-09-29 10:54:44.267|DEBUG|ArtifactScraper|Parsing artifact substat: atk+18
2026-09-29 10:54:44.267|DEBUG|ArtifactScraper|Parsing artifact substat: def+5.8%
2026-09-29 10:54:44.267|DEBUG|ArtifactScraper|Parsing artifact substat: atk+4.1%
2026-09-29 10:54:44.267|DEBUG|ArtifactScraper|Parsing artifact substat: energyrecharge+4.5%
2026-09-29 10:54:44.348|DEBUG|ArtifactScraper|Parsing artifact substat: elementalmastery+16
2026-09-29 10:54:44.348|DEBUG|ArtifactScraper|Parsing artifact substat: critdmg+5.4%
2026-09-29 10:54:44.348|DEBUG|ArtifactScraper|Parsing artifact substat: atk+5.3%
2026-09-29 10:54:44.348|DEBUG|ArtifactScraper|Parsing artifact substat: hp+299(unactivated)
2026-09-29 10:54:44.517|DEBUG|ArtifactScraper|Finished queuing page of artifacts. Scrolling...
2026-09-29 10:54:44.660|DEBUG|ArtifactScraper|Parsing artifact substat: energyrecharge+4.5%
2026-09-29 10:54:44.660|DEBUG|ArtifactScraper|Parsing artifact substat: elementalmastery+19
2026-09-29 10:54:44.660|DEBUG|ArtifactScraper|Parsing artifact substat: atk+4.7%
2026-09-29 10:54:44.660|DEBUG|ArtifactScraper|Parsing artifact substat: hp+299(unactivated)
2026-09-29 10:54:44.770|DEBUG|ArtifactScraper|Parsing artifact substat: hp+209
2026-09-29 10:54:44.770|DEBUG|ArtifactScraper|Parsing artifact substat: hp+4.7%
2026-09-29 10:54:44.770|DEBUG|ArtifactScraper|Parsing artifact substat: atk+4.1%
2026-09-29 10:54:44.770|DEBUG|ArtifactScraper|Parsing artifact substat: critrate+2.7%(unactivated)
2026-09-29 10:54:44.911|DEBUG|ArtifactScraper|Parsing artifact substat: critrate+3.9%
2026-09-29 10:54:44.911|DEBUG|ArtifactScraper|Parsing artifact substat: def+21
2026-09-29 10:54:44.911|DEBUG|ArtifactScraper|Parsing artifact substat: hp+4.7%
2026-09-29 10:54:44.911|DEBUG|ArtifactScraper|Parsing artifact substat: atk+4.7%(unactivated)
2026-09-29 10:54:46.900|DEBUG|ArtifactScraper|Scanning artifact page 28
2026-09-29 10:54:46.900|DEBUG|ArtifactScraper|Located 32 possible item locations on page.
2026-09-29 10:54:47.436|DEBUG|ArtifactScraper|Parsing artifact substat: atk+5.3%
2026-09-29 10:54:47.436|DEBUG|ArtifactScraper|Parsing artifact substat: energyrecharge+4.5%
2026-09-29 10:54:47.436|DEBUG|ArtifactScraper|Parsing artifact substat: hp+239
2026-09-29 10:54:47.436|DEBUG|ArtifactScraper|Parsing artifact substat: critrate+3.9%(unactivated)
2026-09-29 10:54:47.578|DEBUG|ArtifactScraper|Parsing artifact substat: hp+209
2026-09-29 10:54:47.578|DEBUG|ArtifactScraper|Parsing artifact substat: def+16
2026-09-29 10:54:47.578|DEBUG|ArtifactScraper|Parsing artifact substat: atk+4.1%
2026-09-29 10:54:47.578|DEBUG|ArtifactScraper|Parsing artifact substat: critrate+3.5%(unactivated)
2026-09-29 10:54:47.848|DEBUG|ArtifactScraper|Parsing artifact substat: hp+209
2026-09-29 10:54:47.848|DEBUG|ArtifactScraper|Parsing artifact substat: critdmg+5.4%
2026-09-29 10:54:47.848|DEBUG|ArtifactScraper|Parsing artifact substat: elementalmastery+23
2026-09-29 10:54:47.848|DEBUG|ArtifactScraper|Parsing artifact substat: atk+4.7%(unactivated)
2026-09-29 10:54:47.907|DEBUG|ArtifactScraper|Parsing artifact substat: hp+209
2026-09-29 10:54:47.907|DEBUG|ArtifactScraper|Parsing artifact substat: def+5.1%
2026-09-29 10:54:47.907|DEBUG|ArtifactScraper|Parsing artifact substat: atk+4.1%
2026-09-29 10:54:47.907|DEBUG|ArtifactScraper|Parsing artifact substat: critdmg+5.4%(unactivated)
2026-09-29 10:54:48.219|DEBUG|ArtifactScraper|Parsing artifact substat: critdmg+7.8%
2026-09-29 10:54:48.219|DEBUG|ArtifactScraper|Parsing artifact substat: def+23
2026-09-29 10:54:48.219|DEBUG|ArtifactScraper|Parsing artifact substat: elementalmastery+23
2026-09-29 10:54:48.219|DEBUG|ArtifactScraper|Parsing artifact substat: hp+5.3%
2026-09-29 10:54:48.289|DEBUG|ArtifactScraper|Parsing artifact substat: energyrecharge+4.5%
2026-09-29 10:54:48.289|DEBUG|ArtifactScraper|Parsing artifact substat: def+21
2026-09-29 10:54:48.289|DEBUG|ArtifactScraper|Parsing artifact substat: elementalmastery+16
2026-09-29 10:54:48.289|DEBUG|ArtifactScraper|Parsing artifact substat: hp+299
2026-09-29 10:54:48.469|DEBUG|ArtifactScraper|Parsing artifact substat: critdmg+7.8%
2026-09-29 10:54:48.469|DEBUG|ArtifactScraper|Parsing artifact substat: hp+5.8%
2026-09-29 10:54:48.469|DEBUG|ArtifactScraper|Parsing artifact substat: elementalmastery+23
2026-09-29 10:54:48.469|DEBUG|ArtifactScraper|Parsing artifact substat: def+6.6%
2026-09-29 10:54:48.551|DEBUG|ArtifactScraper|Parsing artifact substat: hp+209
2026-09-29 10:54:48.551|DEBUG|ArtifactScraper|Parsing artifact substat: hp+4.7%
2026-09-29 10:54:48.551|DEBUG|ArtifactScraper|Parsing artifact substat: def+19
2026-09-29 10:54:48.551|DEBUG|ArtifactScraper|Parsing artifact substat: atk+5.8%
2026-09-29 10:54:48.791|DEBUG|ArtifactScraper|Parsing artifact substat: def+5.1%
2026-09-29 10:54:48.791|DEBUG|ArtifactScraper|Parsing artifact substat: hp+4.1%
2026-09-29 10:54:48.791|DEBUG|ArtifactScraper|Parsing artifact substat: critdmg+7.8%
2026-09-29 10:54:48.791|DEBUG|ArtifactScraper|Parsing artifact substat: hp+269
2026-09-29 10:54:48.874|DEBUG|ArtifactScraper|Parsing artifact substat: hp+209
2026-09-29 10:54:48.874|DEBUG|ArtifactScraper|Parsing artifact substat: def+16
2026-09-29 10:54:48.874|DEBUG|ArtifactScraper|Parsing artifact substat: atk+4.1%
2026-09-29 10:54:48.874|DEBUG|ArtifactScraper|Parsing artifact substat: energyrecharge+5.2%
2026-09-29 10:54:49.101|DEBUG|ArtifactScraper|Parsing artifact substat: elementalmastery+19
2026-09-29 10:54:49.101|DEBUG|ArtifactScraper|Parsing artifact substat: hp+4.1%
2026-09-29 10:54:49.101|DEBUG|ArtifactScraper|Parsing artifact substat: def+23
2026-09-29 10:54:49.101|DEBUG|ArtifactScraper|Parsing artifact substat: critrate+3.1%
2026-09-29 10:54:49.376|DEBUG|ArtifactScraper|Parsing artifact substat: hp+299
2026-09-29 10:54:49.377|DEBUG|ArtifactScraper|Parsing artifact substat: def+21
2026-09-29 10:54:49.377|DEBUG|ArtifactScraper|Parsing artifact substat: hp+4.1%
2026-09-29 10:54:49.377|DEBUG|ArtifactScraper|Parsing artifact substat: critrate+3.5%
2026-09-29 10:54:49.429|DEBUG|ArtifactScraper|Parsing artifact substat: elementalmastery+19
2026-09-29 10:54:49.429|DEBUG|ArtifactScraper|Parsing artifact substat: hp+5.3%
2026-09-29 10:54:49.429|DEBUG|ArtifactScraper|Parsing artifact substat: def+6.6%
2026-09-29 10:54:49.429|DEBUG|ArtifactScraper|Parsing artifact substat: atk+4.7%(unactivated)
2026-09-29 10:54:49.708|DEBUG|ArtifactScraper|Parsing artifact substat: hp+269
2026-09-29 10:54:49.708|DEBUG|ArtifactScraper|Parsing artifact substat: hp+5.3%
2026-09-29 10:54:49.708|DEBUG|ArtifactScraper|Parsing artifact substat: def+21
2026-09-29 10:54:49.708|DEBUG|ArtifactScraper|Parsing artifact substat: elementalmastery+23
2026-09-29 10:54:49.708|DEBUG|ArtifactScraper|Parsing artifact substat: elementalmastery+23
2026-09-29 10:54:49.708|DEBUG|ArtifactScraper|Parsing artifact substat: atk+5.3%
2026-09-29 10:54:49.708|DEBUG|ArtifactScraper|Parsing artifact substat: hp+4.1%
2026-09-29 10:54:49.708|DEBUG|ArtifactScraper|Parsing artifact substat: def+16(unactivated)
2026-09-29 10:54:49.988|DEBUG|ArtifactScraper|Parsing artifact substat: hp+5.3%
2026-09-29 10:54:49.988|DEBUG|ArtifactScraper|Parsing artifact substat: critrate+3.1%
2026-09-29 10:54:49.988|DEBUG|ArtifactScraper|Parsing artifact substat: elementalmastery+16
2026-09-29 10:54:49.988|DEBUG|ArtifactScraper|Parsing artifact substat: def+21(unactivated)
2026-09-29 10:54:50.313|DEBUG|ArtifactScraper|Parsing artifact substat: def+23
2026-09-29 10:54:50.313|DEBUG|ArtifactScraper|Parsing artifact substat: hp+4.1%
2026-09-29 10:54:50.313|DEBUG|ArtifactScraper|Parsing artifact substat: elementalmastery+23
2026-09-29 10:54:50.313|DEBUG|ArtifactScraper|Parsing artifact substat: hp+299(unactivated)
2026-09-29 10:54:50.329|DEBUG|ArtifactScraper|Parsing artifact substat: def+23
2026-09-29 10:54:50.329|DEBUG|ArtifactScraper|Parsing artifact substat: energyrecharge+5.8%
2026-09-29 10:54:50.329|DEBUG|ArtifactScraper|Parsing artifact substat: critrate+3.9%
2026-09-29 10:54:50.329|DEBUG|ArtifactScraper|Parsing artifact substat: elementalmastery+23
2026-09-29 10:54:50.600|DEBUG|ArtifactScraper|Parsing artifact substat: def+19
2026-09-29 10:54:50.600|DEBUG|ArtifactScraper|Parsing artifact substat: hp+4.1%
2026-09-29 10:54:50.600|DEBUG|ArtifactScraper|Parsing artifact substat: energyrecharge+4.5%
2026-09-29 10:54:50.600|DEBUG|ArtifactScraper|Parsing artifact substat: atk+5.8%(unactivated)
2026-09-29 10:54:50.693|DEBUG|ArtifactScraper|Parsing artifact substat: def+16
2026-09-29 10:54:50.693|DEBUG|ArtifactScraper|Parsing artifact substat: elementalmastery+16
2026-09-29 10:54:50.693|DEBUG|ArtifactScraper|Parsing artifact substat: hp+239
2026-09-29 10:54:50.693|DEBUG|ArtifactScraper|Parsing artifact substat: critdmg+5.4%(unactivated)
2026-09-29 10:54:50.964|DEBUG|ArtifactScraper|Parsing artifact substat: def+23
2026-09-29 10:54:50.964|DEBUG|ArtifactScraper|Parsing artifact substat: critrate+3.9%
2026-09-29 10:54:50.964|DEBUG|ArtifactScraper|Parsing artifact substat: def+7.3%
2026-09-29 10:54:50.964|DEBUG|ArtifactScraper|Parsing artifact substat: elementalmastery+23
2026-09-29 10:54:50.964|DEBUG|ArtifactScraper|Parsing artifact substat: def+6.6%
2026-09-29 10:54:50.964|DEBUG|ArtifactScraper|Parsing artifact substat: def+16
2026-09-29 10:54:50.964|DEBUG|ArtifactScraper|Parsing artifact substat: critrate+2.7%
2026-09-29 10:54:50.964|DEBUG|ArtifactScraper|Parsing artifact substat: hp+269(unactivated)
2026-09-29 10:54:51.317|DEBUG|ArtifactScraper|Parsing artifact substat: hp+4.7%
2026-09-29 10:54:51.317|DEBUG|ArtifactScraper|Parsing artifact substat: critdmg+6.2%
2026-09-29 10:54:51.317|DEBUG|ArtifactScraper|Parsing artifact substat: def+23
2026-09-29 10:54:51.317|DEBUG|ArtifactScraper|Parsing artifact substat: hp+209(unactivated)
2026-09-29 10:54:51.343|DEBUG|ArtifactScraper|Parsing artifact substat: elementalmastery+21
2026-09-29 10:54:51.343|DEBUG|ArtifactScraper|Parsing artifact substat: hp+4.1%
2026-09-29 10:54:51.343|DEBUG|ArtifactScraper|Parsing artifact substat: energyrecharge+5.8%
2026-09-29 10:54:51.343|DEBUG|ArtifactScraper|Parsing artifact substat: critrate+2.7%(unactivated)
2026-09-29 10:54:51.581|DEBUG|ArtifactScraper|Parsing artifact substat: def+21
2026-09-29 10:54:51.581|DEBUG|ArtifactScraper|Parsing artifact substat: hp+239
2026-09-29 10:54:51.581|DEBUG|ArtifactScraper|Parsing artifact substat: atk+5.3%
2026-09-29 10:54:51.581|DEBUG|ArtifactScraper|Parsing artifact substat: elementalmastery+16
2026-09-29 10:54:51.673|DEBUG|ArtifactScraper|Parsing artifact substat: hp+209
2026-09-29 10:54:51.673|DEBUG|ArtifactScraper|Parsing artifact substat: energyrecharge+5.2%
2026-09-29 10:54:51.673|DEBUG|ArtifactScraper|Parsing artifact substat: atk+4.7%
2026-09-29 10:54:51.673|DEBUG|ArtifactScraper|Parsing artifact substat: def+16(unactivated)
2026-09-29 10:54:51.932|DEBUG|ArtifactScraper|Parsing artifact substat: def+16
2026-09-29 10:54:51.932|DEBUG|ArtifactScraper|Parsing artifact substat: atk+4.1%
2026-09-29 10:54:51.932|DEBUG|ArtifactScraper|Parsing artifact substat: def+5.1%
2026-09-29 10:54:51.932|DEBUG|ArtifactScraper|Parsing artifact substat: hp+299(unactivated)
2026-09-29 10:54:51.932|DEBUG|ArtifactScraper|Parsing artifact substat: hp+299
2026-09-29 10:54:51.932|DEBUG|ArtifactScraper|Parsing artifact substat: def+6.6%
2026-09-29 10:54:51.932|DEBUG|ArtifactScraper|Parsing artifact substat: hp+5.3%
2026-09-29 10:54:51.932|DEBUG|ArtifactScraper|Parsing artifact substat: elementalmastery+16
2026-09-29 10:54:52.278|DEBUG|ArtifactScraper|Finished queuing page of artifacts. Scrolling...
2026-09-29 10:54:52.291|DEBUG|ArtifactScraper|Parsing artifact substat: hp+209
2026-09-29 10:54:52.291|DEBUG|ArtifactScraper|Parsing artifact substat: elementalmastery+16
2026-09-29 10:54:52.291|DEBUG|ArtifactScraper|Parsing artifact substat: critrate+2.7%
2026-09-29 10:54:52.291|DEBUG|ArtifactScraper|Parsing artifact substat: energyrecharge+6.5%
2026-09-29 10:54:52.291|DEBUG|ArtifactScraper|Parsing artifact substat: def+23
2026-09-29 10:54:52.299|DEBUG|ArtifactScraper|Parsing artifact substat: hp+239
2026-09-29 10:54:52.299|DEBUG|ArtifactScraper|Parsing artifact substat: energyrecharge+5.2%
2026-09-29 10:54:52.299|DEBUG|ArtifactScraper|Parsing artifact substat: def+7.3%(unactivated)
2026-09-29 10:54:52.548|DEBUG|ArtifactScraper|Parsing artifact substat: hp+299
2026-09-29 10:54:52.548|DEBUG|ArtifactScraper|Parsing artifact substat: hp+4.1%
2026-09-29 10:54:52.548|DEBUG|ArtifactScraper|Parsing artifact substat: critdmg+6.2%
2026-09-29 10:54:52.548|DEBUG|ArtifactScraper|Parsing artifact substat: energyrecharge+4.5%
2026-09-29 10:54:52.640|DEBUG|ArtifactScraper|Parsing artifact substat: critdmg+6.2%
2026-09-29 10:54:52.640|DEBUG|ArtifactScraper|Parsing artifact substat: hp+4.7%
2026-09-29 10:54:52.640|DEBUG|ArtifactScraper|Parsing artifact substat: def+21
2026-09-29 10:54:52.640|DEBUG|ArtifactScraper|Parsing artifact substat: def+7.3%(unactivated)
2026-09-29 10:54:54.299|DEBUG|ArtifactScraper|Scanning artifact page 29
2026-09-29 10:54:54.299|DEBUG|ArtifactScraper|Located 32 possible item locations on page.
2026-09-29 10:54:54.720|DEBUG|ArtifactScraper|Parsing artifact substat: critdmg+7.8%
2026-09-29 10:54:54.720|DEBUG|ArtifactScraper|Parsing artifact substat: hp+209
2026-09-29 10:54:54.720|DEBUG|ArtifactScraper|Parsing artifact substat: energyrecharge+6.5%
2026-09-29 10:54:54.720|DEBUG|ArtifactScraper|Parsing artifact substat: elementalmastery+21
2026-09-29 10:54:54.908|DEBUG|ArtifactScraper|Parsing artifact substat: def+16
2026-09-29 10:54:54.909|DEBUG|ArtifactScraper|Parsing artifact substat: def+5.1%
2026-09-29 10:54:54.909|DEBUG|ArtifactScraper|Parsing artifact substat: hp+239
2026-09-29 10:54:54.909|DEBUG|ArtifactScraper|Parsing artifact substat: elementalmastery+21
2026-09-29 10:54:55.229|DEBUG|ArtifactScraper|Parsing artifact substat: hp+5.8%
2026-09-29 10:54:55.229|DEBUG|ArtifactScraper|Parsing artifact substat: elementalmastery+23
2026-09-29 10:54:55.229|DEBUG|ArtifactScraper|Parsing artifact substat: atk+5.8%
2026-09-29 10:54:55.229|DEBUG|ArtifactScraper|Parsing artifact substat: def+5.1%(unactivated)
2026-09-29 10:54:55.249|DEBUG|ArtifactScraper|Parsing artifact substat: elementalmastery+21
2026-09-29 10:54:55.249|DEBUG|ArtifactScraper|Parsing artifact substat: atk+5.3%
2026-09-29 10:54:55.249|DEBUG|ArtifactScraper|Parsing artifact substat: hp+5.3%
2026-09-29 10:54:55.249|DEBUG|ArtifactScraper|Parsing artifact substat: energyrecharge+6.5%
2026-09-29 10:54:55.558|DEBUG|ArtifactScraper|Parsing artifact substat: hp+299
2026-09-29 10:54:55.558|DEBUG|ArtifactScraper|Parsing artifact substat: energyrecharge+5.2%
2026-09-29 10:54:55.558|DEBUG|ArtifactScraper|Parsing artifact substat: def+19
2026-09-29 10:54:55.558|DEBUG|ArtifactScraper|Parsing artifact substat: atk+5.3%(unactivated)
2026-09-29 10:54:55.596|DEBUG|ArtifactScraper|Parsing artifact substat: def+6.6%
2026-09-29 10:54:55.596|DEBUG|ArtifactScraper|Parsing artifact substat: def+21
2026-09-29 10:54:55.596|DEBUG|ArtifactScraper|Parsing artifact substat: energyrecharge+6.5%
2026-09-29 10:54:55.597|DEBUG|ArtifactScraper|Parsing artifact substat: atk+4.7%(unactivated)
2026-09-29 10:54:55.866|DEBUG|ArtifactScraper|Parsing artifact substat: hp+269
2026-09-29 10:54:55.866|DEBUG|ArtifactScraper|Parsing artifact substat: def+5.1%
2026-09-29 10:54:55.866|DEBUG|ArtifactScraper|Parsing artifact substat: critdmg+7.0%
2026-09-29 10:54:55.866|DEBUG|ArtifactScraper|Parsing artifact substat: hp+5.3%(unactivated)
2026-09-29 10:54:55.983|DEBUG|ArtifactScraper|Parsing artifact substat: hp+269
2026-09-29 10:54:55.983|DEBUG|ArtifactScraper|Parsing artifact substat: elementalmastery+16
2026-09-29 10:54:55.983|DEBUG|ArtifactScraper|Parsing artifact substat: critrate+3.5%
2026-09-29 10:54:55.983|DEBUG|ArtifactScraper|Parsing artifact substat: critdmg+7.0%
2026-09-29 10:54:56.169|DEBUG|ArtifactScraper|Parsing artifact substat: def+7.3%
2026-09-29 10:54:56.169|DEBUG|ArtifactScraper|Parsing artifact substat: def+16
2026-09-29 10:54:56.169|DEBUG|ArtifactScraper|Parsing artifact substat: critrate+2.7%
2026-09-29 10:54:56.169|DEBUG|ArtifactScraper|Parsing artifact substat: energyrecharge+6.5%
2026-09-29 10:54:56.323|DEBUG|ArtifactScraper|Parsing artifact substat: def+16
2026-09-29 10:54:56.323|DEBUG|ArtifactScraper|Parsing artifact substat: hp+5.3%
2026-09-29 10:54:56.323|DEBUG|ArtifactScraper|Parsing artifact substat: energyrecharge+6.5%
2026-09-29 10:54:56.323|DEBUG|ArtifactScraper|Parsing artifact substat: hp+239
2026-09-29 10:54:56.525|DEBUG|ArtifactScraper|Parsing artifact substat: elementalmastery+23
2026-09-29 10:54:56.525|DEBUG|ArtifactScraper|Parsing artifact substat: critrate+3.9%
2026-09-29 10:54:56.525|DEBUG|ArtifactScraper|Parsing artifact substat: critdmg+5.4%
2026-09-29 10:54:56.525|DEBUG|ArtifactScraper|Parsing artifact substat: atk+16(unactivated)
2026-09-29 10:54:56.683|DEBUG|ArtifactScraper|Parsing artifact substat: critdmg+7.0%
2026-09-29 10:54:56.683|DEBUG|ArtifactScraper|Parsing artifact substat: hp+4.1%
2026-09-29 10:54:56.683|DEBUG|ArtifactScraper|Parsing artifact substat: def+23
2026-09-29 10:54:56.683|DEBUG|ArtifactScraper|Parsing artifact substat: elementalmastery+16
2026-09-29 10:54:56.780|DEBUG|ArtifactScraper|Parsing artifact substat: hp+269
2026-09-29 10:54:56.780|DEBUG|ArtifactScraper|Parsing artifact substat: critrate+3.9%
2026-09-29 10:54:56.780|DEBUG|ArtifactScraper|Parsing artifact substat: def+23
2026-09-29 10:54:56.780|DEBUG|ArtifactScraper|Parsing artifact substat: energyrecharge+5.8%
2026-09-29 10:54:57.028|DEBUG|ArtifactScraper|Parsing artifact substat: critdmg+7.0%
2026-09-29 10:54:57.028|DEBUG|ArtifactScraper|Parsing artifact substat: critrate+3.9%
2026-09-29 10:54:57.028|DEBUG|ArtifactScraper|Parsing artifact substat: hp+4.7%
2026-09-29 10:54:57.028|DEBUG|ArtifactScraper|Parsing artifact substat: elementalmastery+21
2026-09-29 10:54:57.125|DEBUG|ArtifactScraper|Parsing artifact substat: atk+5.8%
2026-09-29 10:54:57.125|DEBUG|ArtifactScraper|Parsing artifact substat: hp+239
2026-09-29 10:54:57.125|DEBUG|ArtifactScraper|Parsing artifact substat: def+7.3%
2026-09-29 10:54:57.125|DEBUG|ArtifactScraper|Parsing artifact substat: critrate+2.7%(unactivated)
2026-09-29 10:54:57.388|DEBUG|ArtifactScraper|Parsing artifact substat: hp+5.3%
2026-09-29 10:54:57.388|DEBUG|ArtifactScraper|Parsing artifact substat: def+5.8%
2026-09-29 10:54:57.388|DEBUG|ArtifactScraper|Parsing artifact substat: critrate+3.1%
2026-09-29 10:54:57.388|DEBUG|ArtifactScraper|Parsing artifact substat: critdmg+6.2%(unactivated)
2026-09-29 10:54:57.485|DEBUG|ArtifactScraper|Parsing artifact substat: hp+209
2026-09-29 10:54:57.485|DEBUG|ArtifactScraper|Parsing artifact substat: critdmg+7.0%
2026-09-29 10:54:57.486|DEBUG|ArtifactScraper|Parsing artifact substat: critrate+3.1%
2026-09-29 10:54:57.486|DEBUG|ArtifactScraper|Parsing artifact substat: def+23(unactivated)
2026-09-29 10:54:57.687|DEBUG|ArtifactScraper|Parsing artifact substat: critdmg+5.4%
2026-09-29 10:54:57.687|DEBUG|ArtifactScraper|Parsing artifact substat: hp+299
2026-09-29 10:54:57.687|DEBUG|ArtifactScraper|Parsing artifact substat: atk+18
2026-09-29 10:54:57.687|DEBUG|ArtifactScraper|Parsing artifact substat: hp+5.8%(unactivated)
2026-09-29 10:54:57.892|DEBUG|ArtifactScraper|Parsing artifact substat: atk+4.1%
2026-09-29 10:54:57.892|DEBUG|ArtifactScraper|Parsing artifact substat: energyrecharge+6.5%
2026-09-29 10:54:57.892|DEBUG|ArtifactScraper|Parsing artifact substat: def+19
2026-09-29 10:54:57.892|DEBUG|ArtifactScraper|Parsing artifact substat: critrate+2.7%(unactivated)
2026-09-29 10:54:58.030|DEBUG|ArtifactScraper|Parsing artifact substat: energyrecharge+5.2%
2026-09-29 10:54:58.030|DEBUG|ArtifactScraper|Parsing artifact substat: def+7.3%
2026-09-29 10:54:58.030|DEBUG|ArtifactScraper|Parsing artifact substat: hp+299
2026-09-29 10:54:58.030|DEBUG|ArtifactScraper|Parsing artifact substat: critdmg+7.8%(unactivated)
2026-09-29 10:54:58.235|DEBUG|ArtifactScraper|Parsing artifact substat: critdmg+7.0%
2026-09-29 10:54:58.235|DEBUG|ArtifactScraper|Parsing artifact substat: atk+16
2026-09-29 10:54:58.235|DEBUG|ArtifactScraper|Parsing artifact substat: def+16
2026-09-29 10:54:58.235|DEBUG|ArtifactScraper|Parsing artifact substat: hp+239
2026-09-29 10:54:58.308|DEBUG|ArtifactScraper|Parsing artifact substat: energyrecharge+6.5%
2026-09-29 10:54:58.308|DEBUG|ArtifactScraper|Parsing artifact substat: def+23
2026-09-29 10:54:58.308|DEBUG|ArtifactScraper|Parsing artifact substat: critdmg+5.4%
2026-09-29 10:54:58.308|DEBUG|ArtifactScraper|Parsing artifact substat: atk+5.8%
2026-09-29 10:54:58.559|DEBUG|ArtifactScraper|Parsing artifact substat: def+21
2026-09-29 10:54:58.559|DEBUG|ArtifactScraper|Parsing artifact substat: critdmg+7.8%
2026-09-29 10:54:58.559|DEBUG|ArtifactScraper|Parsing artifact substat: atk+16
2026-09-29 10:54:58.559|DEBUG|ArtifactScraper|Parsing artifact substat: hp+269
2026-09-29 10:54:58.633|DEBUG|ArtifactScraper|Parsing artifact substat: energyrecharge+5.2%
2026-09-29 10:54:58.633|DEBUG|ArtifactScraper|Parsing artifact substat: def+6.6%
2026-09-29 10:54:58.633|DEBUG|ArtifactScraper|Parsing artifact substat: atk+14
2026-09-29 10:54:58.633|DEBUG|ArtifactScraper|Parsing artifact substat: hp+299
2026-09-29 10:54:58.906|DEBUG|ArtifactScraper|Parsing artifact substat: def+5.8%
2026-09-29 10:54:58.906|DEBUG|ArtifactScraper|Parsing artifact substat: atk+4.1%
2026-09-29 10:54:58.906|DEBUG|ArtifactScraper|Parsing artifact substat: atk+19
2026-09-29 10:54:58.906|DEBUG|ArtifactScraper|Parsing artifact substat: elementalmastery+16
2026-09-29 10:54:58.967|DEBUG|ArtifactScraper|Parsing artifact substat: atk+19
2026-09-29 10:54:58.967|DEBUG|ArtifactScraper|Parsing artifact substat: hp+209
2026-09-29 10:54:58.967|DEBUG|ArtifactScraper|Parsing artifact substat: def+5.8%
2026-09-29 10:54:58.967|DEBUG|ArtifactScraper|Parsing artifact substat: energyrecharge+5.2%
2026-09-29 10:54:59.209|DEBUG|ArtifactScraper|Parsing artifact substat: def+23
2026-09-29 10:54:59.209|DEBUG|ArtifactScraper|Parsing artifact substat: def+5.8%
2026-09-29 10:54:59.209|DEBUG|ArtifactScraper|Parsing artifact substat: hp+299
2026-09-29 10:54:59.209|DEBUG|ArtifactScraper|Parsing artifact substat: energyrecharge+4.5%
2026-09-29 10:54:59.312|DEBUG|ArtifactScraper|Parsing artifact substat: hp+5.3%
2026-09-29 10:54:59.312|DEBUG|ArtifactScraper|Parsing artifact substat: atk+4.1%
2026-09-29 10:54:59.312|DEBUG|ArtifactScraper|Parsing artifact substat: hp+209
2026-09-29 10:54:59.312|DEBUG|ArtifactScraper|Parsing artifact substat: atk+19
2026-09-29 10:54:59.498|DEBUG|ArtifactScraper|Parsing artifact substat: def+16
2026-09-29 10:54:59.498|DEBUG|ArtifactScraper|Parsing artifact substat: hp+209
2026-09-29 10:54:59.498|DEBUG|ArtifactScraper|Parsing artifact substat: hp+4.7%
2026-09-29 10:54:59.498|DEBUG|ArtifactScraper|Parsing artifact substat: atk+19(unactivated)
2026-09-29 10:54:59.651|DEBUG|ArtifactScraper|Parsing artifact substat: def+19
2026-09-29 10:54:59.651|DEBUG|ArtifactScraper|Parsing artifact substat: hp+4.7%
2026-09-29 10:54:59.651|DEBUG|ArtifactScraper|Parsing artifact substat: atk+5.8%
2026-09-29 10:54:59.651|DEBUG|ArtifactScraper|Parsing artifact substat: energyrecharge+5.8%
2026-09-29 10:54:59.692|DEBUG|ArtifactScraper|Finished queuing page of artifacts. Scrolling...
2026-09-29 10:54:59.828|DEBUG|ArtifactScraper|Parsing artifact substat: hp+299
2026-09-29 10:54:59.828|DEBUG|ArtifactScraper|Parsing artifact substat: energyrecharge+6.5%
2026-09-29 10:54:59.828|DEBUG|ArtifactScraper|Parsing artifact substat: atk+16
2026-09-29 10:54:59.828|DEBUG|ArtifactScraper|Parsing artifact substat: def+16(unactivated)
2026-09-29 10:54:59.960|DEBUG|ArtifactScraper|Parsing artifact substat: def+21
2026-09-29 10:54:59.960|DEBUG|ArtifactScraper|Parsing artifact substat: def+5.1%
2026-09-29 10:54:59.960|DEBUG|ArtifactScraper|Parsing artifact substat: atk+5.8%
2026-09-29 10:54:59.960|DEBUG|ArtifactScraper|Parsing artifact substat: energyrecharge+5.2%
2026-09-29 10:55:01.811|DEBUG|ArtifactScraper|Scanning artifact page 30
2026-09-29 10:55:01.811|DEBUG|ArtifactScraper|Located 32 possible item locations on page.
2026-09-29 10:55:02.185|DEBUG|ArtifactScraper|Parsing artifact substat: def+19
2026-09-29 10:55:02.185|DEBUG|ArtifactScraper|Parsing artifact substat: hp+239
2026-09-29 10:55:02.185|DEBUG|ArtifactScraper|Parsing artifact substat: hp+5.8%
2026-09-29 10:55:02.185|DEBUG|ArtifactScraper|Parsing artifact substat: elementalmastery+23
2026-09-29 10:55:02.343|DEBUG|ArtifactScraper|Parsing artifact substat: atk+19
2026-09-29 10:55:02.343|DEBUG|ArtifactScraper|Parsing artifact substat: def+16
2026-09-29 10:55:02.343|DEBUG|ArtifactScraper|Parsing artifact substat: hp+5.3%
2026-09-29 10:55:02.343|DEBUG|ArtifactScraper|Parsing artifact substat: def+5.1%
2026-09-29 10:55:02.571|DEBUG|ArtifactScraper|Parsing artifact substat: hp+5.3%
2026-09-29 10:55:02.571|DEBUG|ArtifactScraper|Parsing artifact substat: atk+4.7%
2026-09-29 10:55:02.571|DEBUG|ArtifactScraper|Parsing artifact substat: critdmg+5.4%
2026-09-29 10:55:02.571|DEBUG|ArtifactScraper|Parsing artifact substat: atk+16
2026-09-29 10:55:02.771|DEBUG|ArtifactScraper|Parsing artifact substat: atk+19
2026-09-29 10:55:02.771|DEBUG|ArtifactScraper|Parsing artifact substat: def+21
2026-09-29 10:55:02.771|DEBUG|ArtifactScraper|Parsing artifact substat: hp+269
2026-09-29 10:55:02.771|DEBUG|ArtifactScraper|Parsing artifact substat: critdmg+6.2%(unactivated)
2026-09-29 10:55:02.891|DEBUG|ArtifactScraper|Parsing artifact substat: atk+4.1%
2026-09-29 10:55:02.891|DEBUG|ArtifactScraper|Parsing artifact substat: def+16
2026-09-29 10:55:02.891|DEBUG|ArtifactScraper|Parsing artifact substat: hp+4.1%
2026-09-29 10:55:02.891|DEBUG|ArtifactScraper|Parsing artifact substat: critdmg+7.8%(unactivated)
2026-09-29 10:55:03.086|DEBUG|ArtifactScraper|Parsing artifact substat: critdmg+6.2%
2026-09-29 10:55:03.086|DEBUG|ArtifactScraper|Parsing artifact substat: hp+4.7%
2026-09-29 10:55:03.086|DEBUG|ArtifactScraper|Parsing artifact substat: elementalmastery+19
2026-09-29 10:55:03.086|DEBUG|ArtifactScraper|Parsing artifact substat: atk+19(unactivated)
2026-09-29 10:55:03.421|DEBUG|ArtifactScraper|Parsing artifact substat: atk+16
2026-09-29 10:55:03.421|DEBUG|ArtifactScraper|Parsing artifact substat: hp+269
2026-09-29 10:55:03.421|DEBUG|ArtifactScraper|Parsing artifact substat: def+16
2026-09-29 10:55:03.421|DEBUG|ArtifactScraper|Parsing artifact substat: critdmg+5.4%(unactivated)
2026-09-29 10:55:03.491|DEBUG|ArtifactScraper|Parsing artifact substat: atk+18
2026-09-29 10:55:03.491|DEBUG|ArtifactScraper|Parsing artifact substat: critdmg+6.2%
2026-09-29 10:55:03.491|DEBUG|ArtifactScraper|Parsing artifact substat: energyrecharge+6.5%
2026-09-29 10:55:03.491|DEBUG|ArtifactScraper|Parsing artifact substat: critrate+3.9%(unactivated)
2026-09-29 10:55:03.785|DEBUG|ArtifactScraper|Parsing artifact substat: critrate+3.1%
2026-09-29 10:55:03.785|DEBUG|ArtifactScraper|Parsing artifact substat: def+5.8%
2026-09-29 10:55:03.785|DEBUG|ArtifactScraper|Parsing artifact substat: hp+239
2026-09-29 10:55:03.785|DEBUG|ArtifactScraper|Parsing artifact substat: energyrecharge+6.5%
2026-09-29 10:55:03.785|DEBUG|ArtifactScraper|Parsing artifact substat: atk+18
2026-09-29 10:55:03.785|DEBUG|ArtifactScraper|Parsing artifact substat: def+5.8%
2026-09-29 10:55:03.785|DEBUG|ArtifactScraper|Parsing artifact substat: critdmg+5.4%
2026-09-29 10:55:03.785|DEBUG|ArtifactScraper|Parsing artifact substat: critrate+3.1%(unactivated)
2026-09-29 10:55:04.147|DEBUG|ArtifactScraper|Parsing artifact substat: hp+4.7%
2026-09-29 10:55:04.147|DEBUG|ArtifactScraper|Parsing artifact substat: energyrecharge+5.2%
2026-09-29 10:55:04.147|DEBUG|ArtifactScraper|Parsing artifact substat: atk+14
2026-09-29 10:55:04.147|DEBUG|ArtifactScraper|Parsing artifact substat: def+23(unactivated)
2026-09-29 10:55:04.193|DEBUG|ArtifactScraper|Parsing artifact substat: atk+16
2026-09-29 10:55:04.193|DEBUG|ArtifactScraper|Parsing artifact substat: def+5.8%
2026-09-29 10:55:04.193|DEBUG|ArtifactScraper|Parsing artifact substat: elementalmastery+16
2026-09-29 10:55:04.193|DEBUG|ArtifactScraper|Parsing artifact substat: atk+4.7%(unactivated)
2026-09-29 10:55:04.467|DEBUG|ArtifactScraper|Parsing artifact substat: critdmg+5.4%
2026-09-29 10:55:04.467|DEBUG|ArtifactScraper|Parsing artifact substat: def+23
2026-09-29 10:55:04.467|DEBUG|ArtifactScraper|Parsing artifact substat: hp+209
2026-09-29 10:55:04.467|DEBUG|ArtifactScraper|Parsing artifact substat: critrate+3.5%(unactivated)
2026-09-29 10:55:04.558|DEBUG|ArtifactScraper|Parsing artifact substat: hp+209
2026-09-29 10:55:04.558|DEBUG|ArtifactScraper|Parsing artifact substat: energyrecharge+4.5%
2026-09-29 10:55:04.558|DEBUG|ArtifactScraper|Parsing artifact substat: elementalmastery+16
2026-09-29 10:55:04.558|DEBUG|ArtifactScraper|Parsing artifact substat: def+16(unactivated)
2026-09-29 10:55:04.837|DEBUG|ArtifactScraper|Parsing artifact substat: atk+16
2026-09-29 10:55:04.837|DEBUG|ArtifactScraper|Parsing artifact substat: hp+209
2026-09-29 10:55:04.837|DEBUG|ArtifactScraper|Parsing artifact substat: def+19
2026-09-29 10:55:04.837|DEBUG|ArtifactScraper|Parsing artifact substat: atk+4.1%(unactivated)
2026-09-29 10:55:04.837|DEBUG|ArtifactScraper|Parsing artifact substat: hp+4.7%
2026-09-29 10:55:04.837|DEBUG|ArtifactScraper|Parsing artifact substat: atk+16
2026-09-29 10:55:04.837|DEBUG|ArtifactScraper|Parsing artifact substat: critrate+2.7%
2026-09-29 10:55:04.837|DEBUG|ArtifactScraper|Parsing artifact substat: energyrecharge+5.8%
2026-09-29 10:55:05.188|DEBUG|ArtifactScraper|Parsing artifact substat: hp+209
2026-09-29 10:55:05.188|DEBUG|ArtifactScraper|Parsing artifact substat: critdmg+7.0%
2026-09-29 10:55:05.188|DEBUG|ArtifactScraper|Parsing artifact substat: hp+5.8%
2026-09-29 10:55:05.188|DEBUG|ArtifactScraper|Parsing artifact substat: atk+16
2026-09-29 10:55:05.229|DEBUG|ArtifactScraper|Parsing artifact substat: atk+5.3%
2026-09-29 10:55:05.229|DEBUG|ArtifactScraper|Parsing artifact substat: energyrecharge+5.8%
2026-09-29 10:55:05.229|DEBUG|ArtifactScraper|Parsing artifact substat: def+6.6%
2026-09-29 10:55:05.229|DEBUG|ArtifactScraper|Parsing artifact substat: critrate+2.7%(unactivated)
2026-09-29 10:55:05.481|DEBUG|ArtifactScraper|Parsing artifact substat: energyrecharge+4.5%
2026-09-29 10:55:05.481|DEBUG|ArtifactScraper|Parsing artifact substat: def+6.6%
2026-09-29 10:55:05.481|DEBUG|ArtifactScraper|Parsing artifact substat: hp+209
2026-09-29 10:55:05.481|DEBUG|ArtifactScraper|Parsing artifact substat: atk+18
2026-09-29 10:55:05.600|DEBUG|ArtifactScraper|Parsing artifact substat: energyrecharge+4.5%
2026-09-29 10:55:05.600|DEBUG|ArtifactScraper|Parsing artifact substat: hp+5.8%
2026-09-29 10:55:05.600|DEBUG|ArtifactScraper|Parsing artifact substat: critrate+3.9%
2026-09-29 10:55:05.600|DEBUG|ArtifactScraper|Parsing artifact substat: atk+4.1%(unactivated)
2026-09-29 10:55:05.870|DEBUG|ArtifactScraper|Parsing artifact substat: def+16
2026-09-29 10:55:05.870|DEBUG|ArtifactScraper|Parsing artifact substat: elementalmastery+19
2026-09-29 10:55:05.870|DEBUG|ArtifactScraper|Parsing artifact substat: atk+16
2026-09-29 10:55:05.870|DEBUG|ArtifactScraper|Parsing artifact substat: energyrecharge+5.8%
2026-09-29 10:55:05.883|DEBUG|ArtifactScraper|Parsing artifact substat: def+23
2026-09-29 10:55:05.883|DEBUG|ArtifactScraper|Parsing artifact substat: hp+5.8%
2026-09-29 10:55:05.883|DEBUG|ArtifactScraper|Parsing artifact substat: critdmg+5.4%
2026-09-29 10:55:05.883|DEBUG|ArtifactScraper|Parsing artifact substat: energyrecharge+5.8%
2026-09-29 10:55:06.253|DEBUG|ArtifactScraper|Parsing artifact substat: def+6.6%
2026-09-29 10:55:06.253|DEBUG|ArtifactScraper|Parsing artifact substat: atk+19
2026-09-29 10:55:06.253|DEBUG|ArtifactScraper|Parsing artifact substat: def+16
2026-09-29 10:55:06.253|DEBUG|ArtifactScraper|Parsing artifact substat: elementalmastery+23
2026-09-29 10:55:06.281|DEBUG|ArtifactScraper|Parsing artifact substat: hp+5.8%
2026-09-29 10:55:06.281|DEBUG|ArtifactScraper|Parsing artifact substat: hp+299
2026-09-29 10:55:06.281|DEBUG|ArtifactScraper|Parsing artifact substat: critrate+2.7%
2026-09-29 10:55:06.281|DEBUG|ArtifactScraper|Parsing artifact substat: def+6.6%(unactivated)
2026-09-29 10:55:06.558|DEBUG|ArtifactScraper|Parsing artifact substat: energyrecharge+6.5%
2026-09-29 10:55:06.558|DEBUG|ArtifactScraper|Parsing artifact substat: hp+4.1%
2026-09-29 10:55:06.558|DEBUG|ArtifactScraper|Parsing artifact substat: hp+269
2026-09-29 10:55:06.558|DEBUG|ArtifactScraper|Parsing artifact substat: def+21(unactivated)
2026-09-29 10:55:06.646|DEBUG|ArtifactScraper|Parsing artifact substat: def+21
2026-09-29 10:55:06.646|DEBUG|ArtifactScraper|Parsing artifact substat: atk+14
2026-09-29 10:55:06.646|DEBUG|ArtifactScraper|Parsing artifact substat: elementalmastery+21
2026-09-29 10:55:06.646|DEBUG|ArtifactScraper|Parsing artifact substat: critdmg+7.0%(unactivated)
2026-09-29 10:55:06.995|DEBUG|ArtifactScraper|Parsing artifact substat: atk+5.8%
2026-09-29 10:55:06.995|DEBUG|ArtifactScraper|Parsing artifact substat: hp+4.1%
2026-09-29 10:55:06.995|DEBUG|ArtifactScraper|Parsing artifact substat: atk+14
2026-09-29 10:55:06.995|DEBUG|ArtifactScraper|Parsing artifact substat: critdmg+7.8%(unactivated)
2026-09-29 10:55:07.009|DEBUG|ArtifactScraper|Parsing artifact substat: hp+5.3%
2026-09-29 10:55:07.009|DEBUG|ArtifactScraper|Parsing artifact substat: energyrecharge+4.5%
2026-09-29 10:55:07.009|DEBUG|ArtifactScraper|Parsing artifact substat: def+16
2026-09-29 10:55:07.009|DEBUG|ArtifactScraper|Parsing artifact substat: hp+239(unactivated)
2026-09-29 10:55:07.121|DEBUG|ArtifactScraper|Parsing artifact substat: atk+16
2026-09-29 10:55:07.121|DEBUG|ArtifactScraper|Parsing artifact substat: def+16
2026-09-29 10:55:07.121|DEBUG|ArtifactScraper|Parsing artifact substat: energyrecharge+5.8%
2026-09-29 10:55:07.121|DEBUG|ArtifactScraper|Parsing artifact substat: critrate+2.7%(unactivated)
2026-09-29 10:55:07.220|DEBUG|ArtifactScraper|Finished queuing page of artifacts. Scrolling...
2026-09-29 10:55:07.414|DEBUG|ArtifactScraper|Parsing artifact substat: hp+239
2026-09-29 10:55:07.414|DEBUG|ArtifactScraper|Parsing artifact substat: def+7.3%
2026-09-29 10:55:07.414|DEBUG|ArtifactScraper|Parsing artifact substat: elementalmastery+16
2026-09-29 10:55:07.414|DEBUG|ArtifactScraper|Parsing artifact substat: def+21(unactivated)
2026-09-29 10:55:07.428|DEBUG|ArtifactScraper|Parsing artifact substat: hp+209
2026-09-29 10:55:07.428|DEBUG|ArtifactScraper|Parsing artifact substat: atk+19
2026-09-29 10:55:07.428|DEBUG|ArtifactScraper|Parsing artifact substat: critrate+3.5%
2026-09-29 10:55:07.428|DEBUG|ArtifactScraper|Parsing artifact substat: hp+4.7%(unactivated)
2026-09-29 10:55:07.693|DEBUG|ArtifactScraper|Parsing artifact substat: def+16
2026-09-29 10:55:07.693|DEBUG|ArtifactScraper|Parsing artifact substat: hp+269
2026-09-29 10:55:07.693|DEBUG|ArtifactScraper|Parsing artifact substat: critdmg+7.8%
2026-09-29 10:55:07.693|DEBUG|ArtifactScraper|Parsing artifact substat: atk+5.3%
2026-09-29 10:55:09.638|DEBUG|ArtifactScraper|Scanning artifact page 31
2026-09-29 10:55:09.638|DEBUG|ArtifactScraper|Located 32 possible item locations on page.
2026-09-29 10:55:10.071|DEBUG|ArtifactScraper|Parsing artifact substat: hp+209
2026-09-29 10:55:10.071|DEBUG|ArtifactScraper|Parsing artifact substat: critdmg+7.0%
2026-09-29 10:55:10.071|DEBUG|ArtifactScraper|Parsing artifact substat: elementalmastery+19
2026-09-29 10:55:10.071|DEBUG|ArtifactScraper|Parsing artifact substat: hp+4.7%
2026-09-29 10:55:10.366|DEBUG|ArtifactScraper|Parsing artifact substat: def+6.6%
2026-09-29 10:55:10.366|DEBUG|ArtifactScraper|Parsing artifact substat: atk+18
2026-09-29 10:55:10.366|DEBUG|ArtifactScraper|Parsing artifact substat: critdmg+5.4%
2026-09-29 10:55:10.366|DEBUG|ArtifactScraper|Parsing artifact substat: hp+239
2026-09-29 10:55:10.417|DEBUG|ArtifactScraper|Parsing artifact substat: def+23
2026-09-29 10:55:10.417|DEBUG|ArtifactScraper|Parsing artifact substat: energyrecharge+6.5%
2026-09-29 10:55:10.417|DEBUG|ArtifactScraper|Parsing artifact substat: atk+19
2026-09-29 10:55:10.417|DEBUG|ArtifactScraper|Parsing artifact substat: def+6.6%
2026-09-29 10:55:10.718|DEBUG|ArtifactScraper|Parsing artifact substat: energyrecharge+4.5%
2026-09-29 10:55:10.718|DEBUG|ArtifactScraper|Parsing artifact substat: critrate+3.1%
2026-09-29 10:55:10.718|DEBUG|ArtifactScraper|Parsing artifact substat: hp+209
2026-09-29 10:55:10.718|DEBUG|ArtifactScraper|Parsing artifact substat: def+19(unactivated)
2026-09-29 10:55:10.867|DEBUG|ArtifactScraper|Parsing artifact substat: elementalmastery+19
2026-09-29 10:55:10.867|DEBUG|ArtifactScraper|Parsing artifact substat: energyrecharge+5.2%
2026-09-29 10:55:10.867|DEBUG|ArtifactScraper|Parsing artifact substat: hp+239
2026-09-29 10:55:10.867|DEBUG|ArtifactScraper|Parsing artifact substat: atk+5.8%(unactivated)
2026-09-29 10:55:11.008|DEBUG|ArtifactScraper|Parsing artifact substat: elementalmastery+21
2026-09-29 10:55:11.008|DEBUG|ArtifactScraper|Parsing artifact substat: critdmg+7.8%
2026-09-29 10:55:11.008|DEBUG|ArtifactScraper|Parsing artifact substat: def+16
2026-09-29 10:55:11.008|DEBUG|ArtifactScraper|Parsing artifact substat: energyrecharge+5.8%
2026-09-29 10:55:11.247|DEBUG|ArtifactScraper|Parsing artifact substat: def+23
2026-09-29 10:55:11.247|DEBUG|ArtifactScraper|Parsing artifact substat: atk+19
2026-09-29 10:55:11.247|DEBUG|ArtifactScraper|Parsing artifact substat: hp+269
2026-09-29 10:55:11.247|DEBUG|ArtifactScraper|Parsing artifact substat: critrate+3.9%(unactivated)
2026-09-29 10:55:11.389|DEBUG|ArtifactScraper|Parsing artifact substat: hp+5.8%
2026-09-29 10:55:11.389|DEBUG|ArtifactScraper|Parsing artifact substat: energyrecharge+5.2%
2026-09-29 10:55:11.389|DEBUG|ArtifactScraper|Parsing artifact substat: atk+4.1%
2026-09-29 10:55:11.389|DEBUG|ArtifactScraper|Parsing artifact substat: critdmg+7.8%(unactivated)
2026-09-29 10:55:11.652|DEBUG|ArtifactScraper|Parsing artifact substat: energyrecharge+4.5%
2026-09-29 10:55:11.652|DEBUG|ArtifactScraper|Parsing artifact substat: def+23
2026-09-29 10:55:11.652|DEBUG|ArtifactScraper|Parsing artifact substat: hp+299
2026-09-29 10:55:11.652|DEBUG|ArtifactScraper|Parsing artifact substat: def+5.8%(unactivated)
2026-09-29 10:55:11.795|DEBUG|ArtifactScraper|Parsing artifact substat: hp+269
2026-09-29 10:55:11.795|DEBUG|ArtifactScraper|Parsing artifact substat: def+21
2026-09-29 10:55:11.795|DEBUG|ArtifactScraper|Parsing artifact substat: def+5.8%
2026-09-29 10:55:11.795|DEBUG|ArtifactScraper|Parsing artifact substat: atk+18(unactivated)
2026-09-29 10:55:11.995|DEBUG|ArtifactScraper|Parsing artifact substat: hp+5.3%
2026-09-29 10:55:11.995|DEBUG|ArtifactScraper|Parsing artifact substat: hp+269
2026-09-29 10:55:11.995|DEBUG|ArtifactScraper|Parsing artifact substat: elementalmastery+19
2026-09-29 10:55:11.995|DEBUG|ArtifactScraper|Parsing artifact substat: critrate+2.7%(unactivated)
2026-09-29 10:55:12.117|DEBUG|ArtifactScraper|Parsing artifact substat: atk+4.1%
2026-09-29 10:55:12.117|DEBUG|ArtifactScraper|Parsing artifact substat: energyrecharge+5.8%
2026-09-29 10:55:12.117|DEBUG|ArtifactScraper|Parsing artifact substat: def+21
2026-09-29 10:55:12.117|DEBUG|ArtifactScraper|Parsing artifact substat: hp+5.3%(unactivated)
2026-09-29 10:55:12.262|DEBUG|ArtifactScraper|Parsing artifact substat: critrate+3.5%
2026-09-29 10:55:12.262|DEBUG|ArtifactScraper|Parsing artifact substat: hp+299
2026-09-29 10:55:12.262|DEBUG|ArtifactScraper|Parsing artifact substat: energyrecharge+6.5%
2026-09-29 10:55:12.262|DEBUG|ArtifactScraper|Parsing artifact substat: atk+16(unactivated)
2026-09-29 10:55:12.382|DEBUG|ArtifactScraper|Parsing artifact substat: atk+19
2026-09-29 10:55:12.382|DEBUG|ArtifactScraper|Parsing artifact substat: hp+269
2026-09-29 10:55:12.382|DEBUG|ArtifactScraper|Parsing artifact substat: hp+5.8%
2026-09-29 10:55:12.382|DEBUG|ArtifactScraper|Parsing artifact substat: def+19(unactivated)
2026-09-29 10:55:12.685|DEBUG|ArtifactScraper|Parsing artifact substat: atk+16
2026-09-29 10:55:12.685|DEBUG|ArtifactScraper|Parsing artifact substat: elementalmastery+16
2026-09-29 10:55:12.685|DEBUG|ArtifactScraper|Parsing artifact substat: energyrecharge+4.5%
2026-09-29 10:55:12.685|DEBUG|ArtifactScraper|Parsing artifact substat: def+21(unactivated)
2026-09-29 10:55:12.735|DEBUG|ArtifactScraper|Parsing artifact substat: hp+239
2026-09-29 10:55:12.735|DEBUG|ArtifactScraper|Parsing artifact substat: def+23
2026-09-29 10:55:12.735|DEBUG|ArtifactScraper|Parsing artifact substat: atk+16
2026-09-29 10:55:12.735|DEBUG|ArtifactScraper|Parsing artifact substat: elementalmastery+16
2026-09-29 10:55:13.044|DEBUG|ArtifactScraper|Parsing artifact substat: hp+239
2026-09-29 10:55:13.044|DEBUG|ArtifactScraper|Parsing artifact substat: atk+4.1%
2026-09-29 10:55:13.044|DEBUG|ArtifactScraper|Parsing artifact substat: def+19
2026-09-29 10:55:13.044|DEBUG|ArtifactScraper|Parsing artifact substat: atk+19(unactivated)
2026-09-29 10:55:13.135|DEBUG|ArtifactScraper|Parsing artifact substat: energyrecharge+6.5%
2026-09-29 10:55:13.135|DEBUG|ArtifactScraper|Parsing artifact substat: elementalmastery+19
2026-09-29 10:55:13.135|DEBUG|ArtifactScraper|Parsing artifact substat: atk+19
2026-09-29 10:55:13.135|DEBUG|ArtifactScraper|Parsing artifact substat: critdmg+7.8%(unactivated)
2026-09-29 10:55:13.408|DEBUG|ArtifactScraper|Parsing artifact substat: atk+5.8%
2026-09-29 10:55:13.408|DEBUG|ArtifactScraper|Parsing artifact substat: energyrecharge+6.5%
2026-09-29 10:55:13.408|DEBUG|ArtifactScraper|Parsing artifact substat: atk+18
2026-09-29 10:55:13.408|DEBUG|ArtifactScraper|Parsing artifact substat: def+5.8%(unactivated)
2026-09-29 10:55:13.444|DEBUG|ArtifactScraper|Parsing artifact substat: atk+16
2026-09-29 10:55:13.444|DEBUG|ArtifactScraper|Parsing artifact substat: elementalmastery+19
2026-09-29 10:55:13.444|DEBUG|ArtifactScraper|Parsing artifact substat: hp+5.8%
2026-09-29 10:55:13.444|DEBUG|ArtifactScraper|Parsing artifact substat: hp+269(unactivated)
2026-09-29 10:55:13.830|DEBUG|ArtifactScraper|Parsing artifact substat: def+23
2026-09-29 10:55:13.831|DEBUG|ArtifactScraper|Parsing artifact substat: energyrecharge+6.5%
2026-09-29 10:55:13.831|DEBUG|ArtifactScraper|Parsing artifact substat: elementalmastery+21
2026-09-29 10:55:13.831|DEBUG|ArtifactScraper|Parsing artifact substat: hp+209(unactivated)
2026-09-29 10:55:13.831|DEBUG|ArtifactScraper|Parsing artifact substat: energyrecharge+4.5%
2026-09-29 10:55:13.831|DEBUG|ArtifactScraper|Parsing artifact substat: atk+16
2026-09-29 10:55:13.831|DEBUG|ArtifactScraper|Parsing artifact substat: elementalmastery+23
2026-09-29 10:55:13.831|DEBUG|ArtifactScraper|Parsing artifact substat: def+21(unactivated)
2026-09-29 10:55:14.115|DEBUG|ArtifactScraper|Parsing artifact substat: atk+5.8%
2026-09-29 10:55:14.115|DEBUG|ArtifactScraper|Parsing artifact substat: critdmg+7.8%
2026-09-29 10:55:14.115|DEBUG|ArtifactScraper|Parsing artifact substat: energyrecharge+5.2%
2026-09-29 10:55:14.115|DEBUG|ArtifactScraper|Parsing artifact substat: elementalmastery+19
2026-09-29 10:55:14.240|DEBUG|ArtifactScraper|Parsing artifact substat: energyrecharge+6.5%
2026-09-29 10:55:14.240|DEBUG|ArtifactScraper|Parsing artifact substat: hp+269
2026-09-29 10:55:14.240|DEBUG|ArtifactScraper|Parsing artifact substat: def+19
2026-09-29 10:55:14.240|DEBUG|ArtifactScraper|Parsing artifact substat: atk+4.1%(unactivated)
2026-09-29 10:55:14.522|DEBUG|ArtifactScraper|Parsing artifact substat: atk+4.1%
2026-09-29 10:55:14.522|DEBUG|ArtifactScraper|Parsing artifact substat: def+16
2026-09-29 10:55:14.522|DEBUG|ArtifactScraper|Parsing artifact substat: atk+14
2026-09-29 10:55:14.522|DEBUG|ArtifactScraper|Parsing artifact substat: energyrecharge+5.2%
2026-09-29 10:55:14.522|DEBUG|ArtifactScraper|Parsing artifact substat: critdmg+7.8%
2026-09-29 10:55:14.522|DEBUG|ArtifactScraper|Parsing artifact substat: atk+4.7%
2026-09-29 10:55:14.522|DEBUG|ArtifactScraper|Parsing artifact substat: atk+19
2026-09-29 10:55:14.522|DEBUG|ArtifactScraper|Parsing artifact substat: energyrecharge+5.8%
2026-09-29 10:55:14.908|DEBUG|ArtifactScraper|Parsing artifact substat: energyrecharge+6.5%
2026-09-29 10:55:14.908|DEBUG|ArtifactScraper|Parsing artifact substat: def+16
2026-09-29 10:55:14.908|DEBUG|ArtifactScraper|Parsing artifact substat: critrate+3.5%
2026-09-29 10:55:14.908|DEBUG|ArtifactScraper|Parsing artifact substat: elementalmastery+16
2026-09-29 10:55:14.949|DEBUG|ArtifactScraper|Parsing artifact substat: energyrecharge+6.5%
2026-09-29 10:55:14.949|DEBUG|ArtifactScraper|Parsing artifact substat: atk+4.7%
2026-09-29 10:55:14.949|DEBUG|ArtifactScraper|Parsing artifact substat: def+23
2026-09-29 10:55:14.949|DEBUG|ArtifactScraper|Parsing artifact substat: atk+19(unactivated)
2026-09-29 10:55:15.175|DEBUG|ArtifactScraper|Finished queuing page of artifacts. Scrolling...
2026-09-29 10:55:15.240|DEBUG|ArtifactScraper|Parsing artifact substat: elementalmastery+16
2026-09-29 10:55:15.240|DEBUG|ArtifactScraper|Parsing artifact substat: critrate+3.5%
2026-09-29 10:55:15.240|DEBUG|ArtifactScraper|Parsing artifact substat: hp+5.3%
2026-09-29 10:55:15.240|DEBUG|ArtifactScraper|Parsing artifact substat: critdmg+7.0%(unactivated)
2026-09-29 10:55:15.327|DEBUG|ArtifactScraper|Parsing artifact substat: hp+5.3%
2026-09-29 10:55:15.327|DEBUG|ArtifactScraper|Parsing artifact substat: critdmg+5.4%
2026-09-29 10:55:15.327|DEBUG|ArtifactScraper|Parsing artifact substat: atk+19
2026-09-29 10:55:15.327|DEBUG|ArtifactScraper|Parsing artifact substat: energyrecharge+4.5%
2026-09-29 10:55:15.345|DEBUG|ArtifactScraper|Parsing artifact substat: def+21
2026-09-29 10:55:15.345|DEBUG|ArtifactScraper|Parsing artifact substat: atk+19
2026-09-29 10:55:15.345|DEBUG|ArtifactScraper|Parsing artifact substat: hp+4.7%
2026-09-29 10:55:15.345|DEBUG|ArtifactScraper|Parsing artifact substat: energyrecharge+5.2%
2026-09-29 10:55:15.604|DEBUG|ArtifactScraper|Parsing artifact substat: def+5.8%
2026-09-29 10:55:15.604|DEBUG|ArtifactScraper|Parsing artifact substat: energyrecharge+5.8%
2026-09-29 10:55:15.604|DEBUG|ArtifactScraper|Parsing artifact substat: def+23
2026-09-29 10:55:15.604|DEBUG|ArtifactScraper|Parsing artifact substat: elementalmastery+21
2026-09-29 10:55:17.542|DEBUG|ArtifactScraper|Scanning artifact page 32
2026-09-29 10:55:17.542|DEBUG|ArtifactScraper|Located 32 possible item locations on page.
2026-09-29 10:55:18.003|DEBUG|ArtifactScraper|Parsing artifact substat: critdmg+7.8%
2026-09-29 10:55:18.003|DEBUG|ArtifactScraper|Parsing artifact substat: elementalmastery+21
2026-09-29 10:55:18.003|DEBUG|ArtifactScraper|Parsing artifact substat: hp+5.3%
2026-09-29 10:55:18.003|DEBUG|ArtifactScraper|Parsing artifact substat: def+7.3%(unactivated)
2026-09-29 10:55:18.335|DEBUG|ArtifactScraper|Parsing artifact substat: energyrecharge+4.5%
2026-09-29 10:55:18.335|DEBUG|ArtifactScraper|Parsing artifact substat: def+5.8%
2026-09-29 10:55:18.335|DEBUG|ArtifactScraper|Parsing artifact substat: def+19
2026-09-29 10:55:18.335|DEBUG|ArtifactScraper|Parsing artifact substat: critrate+3.5%(unactivated)
2026-09-29 10:55:18.349|DEBUG|ArtifactScraper|Parsing artifact substat: critrate+3.5%
2026-09-29 10:55:18.349|DEBUG|ArtifactScraper|Parsing artifact substat: def+16
2026-09-29 10:55:18.349|DEBUG|ArtifactScraper|Parsing artifact substat: hp+209
2026-09-29 10:55:18.349|DEBUG|ArtifactScraper|Parsing artifact substat: atk+4.1%(unactivated)
2026-09-29 10:55:18.553|DEBUG|ArtifactScraper|Parsing artifact substat: hp+4.7%
2026-09-29 10:55:18.553|DEBUG|ArtifactScraper|Parsing artifact substat: critdmg+6.2%
2026-09-29 10:55:18.553|DEBUG|ArtifactScraper|Parsing artifact substat: def+21
2026-09-29 10:55:18.553|DEBUG|ArtifactScraper|Parsing artifact substat: hp+269
2026-09-29 10:55:18.691|DEBUG|ArtifactScraper|Parsing artifact substat: hp+269
2026-09-29 10:55:18.691|DEBUG|ArtifactScraper|Parsing artifact substat: def+16
2026-09-29 10:55:18.691|DEBUG|ArtifactScraper|Parsing artifact substat: hp+4.7%
2026-09-29 10:55:18.691|DEBUG|ArtifactScraper|Parsing artifact substat: critrate+3.9%(unactivated)
2026-09-29 10:55:18.871|DEBUG|ArtifactScraper|Parsing artifact substat: hp+299
2026-09-29 10:55:18.871|DEBUG|ArtifactScraper|Parsing artifact substat: def+19
2026-09-29 10:55:18.871|DEBUG|ArtifactScraper|Parsing artifact substat: hp+5.8%
2026-09-29 10:55:18.871|DEBUG|ArtifactScraper|Parsing artifact substat: elementalmastery+21
2026-09-29 10:55:19.046|DEBUG|ArtifactScraper|Parsing artifact substat: elementalmastery+19
2026-09-29 10:55:19.046|DEBUG|ArtifactScraper|Parsing artifact substat: critdmg+7.0%
2026-09-29 10:55:19.046|DEBUG|ArtifactScraper|Parsing artifact substat: def+21
2026-09-29 10:55:19.046|DEBUG|ArtifactScraper|Parsing artifact substat: atk+4.1%(unactivated)
2026-09-29 10:55:19.215|DEBUG|ArtifactScraper|Parsing artifact substat: hp+4.1%
2026-09-29 10:55:19.215|DEBUG|ArtifactScraper|Parsing artifact substat: critrate+3.1%
2026-09-29 10:55:19.215|DEBUG|ArtifactScraper|Parsing artifact substat: def+19
2026-09-29 10:55:19.215|DEBUG|ArtifactScraper|Parsing artifact substat: critdmg+7.0%(unactivated)
2026-09-29 10:55:19.376|DEBUG|ArtifactScraper|Parsing artifact substat: critrate+2.7%
2026-09-29 10:55:19.376|DEBUG|ArtifactScraper|Parsing artifact substat: hp+209
2026-09-29 10:55:19.376|DEBUG|ArtifactScraper|Parsing artifact substat: def+23
2026-09-29 10:55:19.376|DEBUG|ArtifactScraper|Parsing artifact substat: critdmg+7.8%(unactivated)
2026-09-29 10:55:19.594|DEBUG|ArtifactScraper|Parsing artifact substat: critdmg+7.8%
2026-09-29 10:55:19.594|DEBUG|ArtifactScraper|Parsing artifact substat: critrate+3.9%
2026-09-29 10:55:19.594|DEBUG|ArtifactScraper|Parsing artifact substat: energyrecharge+5.2%
2026-09-29 10:55:19.594|DEBUG|ArtifactScraper|Parsing artifact substat: def+21(unactivated)
2026-09-29 10:55:19.674|DEBUG|ArtifactScraper|Parsing artifact substat: atk+14
2026-09-29 10:55:19.674|DEBUG|ArtifactScraper|Parsing artifact substat: hp+209
2026-09-29 10:55:19.674|DEBUG|ArtifactScraper|Parsing artifact substat: atk+5.8%
2026-09-29 10:55:19.674|DEBUG|ArtifactScraper|Parsing artifact substat: def+23
2026-09-29 10:55:19.904|DEBUG|ArtifactScraper|Parsing artifact substat: energyrecharge+4.5%
2026-09-29 10:55:19.904|DEBUG|ArtifactScraper|Parsing artifact substat: def+6.6%
2026-09-29 10:55:19.904|DEBUG|ArtifactScraper|Parsing artifact substat: atk+16
2026-09-29 10:55:19.904|DEBUG|ArtifactScraper|Parsing artifact substat: def+23
2026-09-29 10:55:20.262|DEBUG|ArtifactScraper|Parsing artifact substat: atk+5.3%
2026-09-29 10:55:20.262|DEBUG|ArtifactScraper|Parsing artifact substat: def+7.3%
2026-09-29 10:55:20.262|DEBUG|ArtifactScraper|Parsing artifact substat: def+23
2026-09-29 10:55:20.262|DEBUG|ArtifactScraper|Parsing artifact substat: elementalmastery+19
2026-09-29 10:55:20.328|DEBUG|ArtifactScraper|Parsing artifact substat: def+16
2026-09-29 10:55:20.328|DEBUG|ArtifactScraper|Parsing artifact substat: hp+269
2026-09-29 10:55:20.328|DEBUG|ArtifactScraper|Parsing artifact substat: energyrecharge+5.8%
2026-09-29 10:55:20.328|DEBUG|ArtifactScraper|Parsing artifact substat: critrate+3.1%(unactivated)
2026-09-29 10:55:20.599|DEBUG|ArtifactScraper|Parsing artifact substat: def+6.6%
2026-09-29 10:55:20.599|DEBUG|ArtifactScraper|Parsing artifact substat: hp+269
2026-09-29 10:55:20.599|DEBUG|ArtifactScraper|Parsing artifact substat: elementalmastery+23
2026-09-29 10:55:20.599|DEBUG|ArtifactScraper|Parsing artifact substat: def+21(unactivated)
2026-09-29 10:55:20.631|DEBUG|ArtifactScraper|Parsing artifact substat: def+7.3%
2026-09-29 10:55:20.631|DEBUG|ArtifactScraper|Parsing artifact substat: hp+209
2026-09-29 10:55:20.631|DEBUG|ArtifactScraper|Parsing artifact substat: critdmg+5.4%
2026-09-29 10:55:20.631|DEBUG|ArtifactScraper|Parsing artifact substat: atk+14(unactivated)
2026-09-29 10:55:20.940|DEBUG|ArtifactScraper|Parsing artifact substat: hp+269
2026-09-29 10:55:20.940|DEBUG|ArtifactScraper|Parsing artifact substat: def+5.8%
2026-09-29 10:55:20.940|DEBUG|ArtifactScraper|Parsing artifact substat: atk+16
2026-09-29 10:55:20.940|DEBUG|ArtifactScraper|Parsing artifact substat: atk+4.1%(unactivated)
2026-09-29 10:55:20.985|DEBUG|ArtifactScraper|Parsing artifact substat: critdmg+7.8%
2026-09-29 10:55:20.985|DEBUG|ArtifactScraper|Parsing artifact substat: energyrecharge+4.5%
2026-09-29 10:55:20.985|DEBUG|ArtifactScraper|Parsing artifact substat: atk+18
2026-09-29 10:55:20.985|DEBUG|ArtifactScraper|Parsing artifact substat: elementalmastery+21
2026-09-29 10:55:21.270|DEBUG|ArtifactScraper|Parsing artifact substat: hp+239
2026-09-29 10:55:21.270|DEBUG|ArtifactScraper|Parsing artifact substat: hp+5.8%
2026-09-29 10:55:21.270|DEBUG|ArtifactScraper|Parsing artifact substat: critrate+2.7%
2026-09-29 10:55:21.270|DEBUG|ArtifactScraper|Parsing artifact substat: elementalmastery+16
2026-09-29 10:55:21.337|DEBUG|ArtifactScraper|Parsing artifact substat: atk+18
2026-09-29 10:55:21.337|DEBUG|ArtifactScraper|Parsing artifact substat: hp+5.8%
2026-09-29 10:55:21.337|DEBUG|ArtifactScraper|Parsing artifact substat: hp+239
2026-09-29 10:55:21.337|DEBUG|ArtifactScraper|Parsing artifact substat: elementalmastery+16
2026-09-29 10:55:21.685|DEBUG|ArtifactScraper|Parsing artifact substat: elementalmastery+23
2026-09-29 10:55:21.685|DEBUG|ArtifactScraper|Parsing artifact substat: atk+19
2026-09-29 10:55:21.685|DEBUG|ArtifactScraper|Parsing artifact substat: hp+299
2026-09-29 10:55:21.685|DEBUG|ArtifactScraper|Parsing artifact substat: def+23(unactivated)
2026-09-29 10:55:21.690|DEBUG|ArtifactScraper|Parsing artifact substat: def+16
2026-09-29 10:55:21.690|DEBUG|ArtifactScraper|Parsing artifact substat: atk+16
2026-09-29 10:55:21.690|DEBUG|ArtifactScraper|Parsing artifact substat: hp+299
2026-09-29 10:55:21.690|DEBUG|ArtifactScraper|Parsing artifact substat: critrate+2.7%(unactivated)
2026-09-29 10:55:21.990|DEBUG|ArtifactScraper|Parsing artifact substat: atk+19
2026-09-29 10:55:21.990|DEBUG|ArtifactScraper|Parsing artifact substat: def+21
2026-09-29 10:55:21.990|DEBUG|ArtifactScraper|Parsing artifact substat: elementalmastery+19
2026-09-29 10:55:21.990|DEBUG|ArtifactScraper|Parsing artifact substat: hp+4.7%(unactivated)
2026-09-29 10:55:22.072|DEBUG|ArtifactScraper|Parsing artifact substat: critrate+2.7%
2026-09-29 10:55:22.072|DEBUG|ArtifactScraper|Parsing artifact substat: def+21
2026-09-29 10:55:22.072|DEBUG|ArtifactScraper|Parsing artifact substat: hp+4.1%
2026-09-29 10:55:22.072|DEBUG|ArtifactScraper|Parsing artifact substat: critdmg+7.8%(unactivated)
2026-09-29 10:55:22.357|DEBUG|ArtifactScraper|Parsing artifact substat: critdmg+7.8%
2026-09-29 10:55:22.357|DEBUG|ArtifactScraper|Parsing artifact substat: atk+19
2026-09-29 10:55:22.357|DEBUG|ArtifactScraper|Parsing artifact substat: hp+4.1%
2026-09-29 10:55:22.357|DEBUG|ArtifactScraper|Parsing artifact substat: energyrecharge+5.8%
2026-09-29 10:55:22.406|DEBUG|ArtifactScraper|Parsing artifact substat: critdmg+7.0%
2026-09-29 10:55:22.406|DEBUG|ArtifactScraper|Parsing artifact substat: def+5.1%
2026-09-29 10:55:22.406|DEBUG|ArtifactScraper|Parsing artifact substat: atk+19
2026-09-29 10:55:22.406|DEBUG|ArtifactScraper|Parsing artifact substat: hp+209(unactivated)
2026-09-29 10:55:22.524|DEBUG|ArtifactScraper|Parsing artifact substat: atk+16
2026-09-29 10:55:22.524|DEBUG|ArtifactScraper|Parsing artifact substat: critdmg+5.4%
2026-09-29 10:55:22.524|DEBUG|ArtifactScraper|Parsing artifact substat: elementalmastery+19
2026-09-29 10:55:22.524|DEBUG|ArtifactScraper|Parsing artifact substat: def+6.6%(unactivated)
2026-09-29 10:55:22.752|DEBUG|ArtifactScraper|Parsing artifact substat: hp+209
2026-09-29 10:55:22.752|DEBUG|ArtifactScraper|Parsing artifact substat: hp+4.7%
2026-09-29 10:55:22.752|DEBUG|ArtifactScraper|Parsing artifact substat: elementalmastery+16
2026-09-29 10:55:22.752|DEBUG|ArtifactScraper|Parsing artifact substat: atk+19(unactivated)
2026-09-29 10:55:22.917|DEBUG|ArtifactScraper|Parsing artifact substat: atk+16
2026-09-29 10:55:22.917|DEBUG|ArtifactScraper|Parsing artifact substat: critrate+3.1%
2026-09-29 10:55:22.917|DEBUG|ArtifactScraper|Parsing artifact substat: def+7.3%
2026-09-29 10:55:22.917|DEBUG|ArtifactScraper|Parsing artifact substat: def+21(unactivated)
2026-09-29 10:55:22.992|DEBUG|ArtifactScraper|Finished queuing page of artifacts. Scrolling...
2026-09-29 10:55:23.041|DEBUG|ArtifactScraper|Parsing artifact substat: hp+299
2026-09-29 10:55:23.041|DEBUG|ArtifactScraper|Parsing artifact substat: atk+19
2026-09-29 10:55:23.041|DEBUG|ArtifactScraper|Parsing artifact substat: critdmg+6.2%
2026-09-29 10:55:23.041|DEBUG|ArtifactScraper|Parsing artifact substat: def+7.3%(unactivated)
2026-09-29 10:55:23.243|DEBUG|ArtifactScraper|Parsing artifact substat: atk+4.7%
2026-09-29 10:55:23.243|DEBUG|ArtifactScraper|Parsing artifact substat: hp+4.7%
2026-09-29 10:55:23.243|DEBUG|ArtifactScraper|Parsing artifact substat: atk+16
2026-09-29 10:55:23.243|DEBUG|ArtifactScraper|Parsing artifact substat: def+7.3%
2026-09-29 10:55:23.388|DEBUG|ArtifactScraper|Parsing artifact substat: hp+209
2026-09-29 10:55:23.388|DEBUG|ArtifactScraper|Parsing artifact substat: elementalmastery+23
2026-09-29 10:55:23.388|DEBUG|ArtifactScraper|Parsing artifact substat: critrate+3.1%
2026-09-29 10:55:23.388|DEBUG|ArtifactScraper|Parsing artifact substat: atk+5.3%(unactivated)
2026-09-29 10:55:25.326|DEBUG|ArtifactScraper|Scanning artifact page 33
2026-09-29 10:55:25.326|DEBUG|ArtifactScraper|Located 32 possible item locations on page.
2026-09-29 10:55:25.774|DEBUG|ArtifactScraper|Parsing artifact substat: energyrecharge+4.5%
2026-09-29 10:55:25.774|DEBUG|ArtifactScraper|Parsing artifact substat: hp+4.7%
2026-09-29 10:55:25.774|DEBUG|ArtifactScraper|Parsing artifact substat: elementalmastery+23
2026-09-29 10:55:25.774|DEBUG|ArtifactScraper|Parsing artifact substat: atk+14(unactivated)
2026-09-29 10:55:25.925|DEBUG|ArtifactScraper|Parsing artifact substat: atk+14
2026-09-29 10:55:25.925|DEBUG|ArtifactScraper|Parsing artifact substat: energyrecharge+6.5%
2026-09-29 10:55:25.925|DEBUG|ArtifactScraper|Parsing artifact substat: def+23
2026-09-29 10:55:25.925|DEBUG|ArtifactScraper|Parsing artifact substat: hp+4.1%(unactivated)
2026-09-29 10:55:26.092|DEBUG|ArtifactScraper|Parsing artifact substat: elementalmastery+16
2026-09-29 10:55:26.092|DEBUG|ArtifactScraper|Parsing artifact substat: atk+14
2026-09-29 10:55:26.099|DEBUG|ArtifactScraper|Parsing artifact substat: hp+299
2026-09-29 10:55:26.099|DEBUG|ArtifactScraper|Parsing artifact substat: atk+5.8%
2026-09-29 10:55:26.238|DEBUG|ArtifactScraper|Parsing artifact substat: def+16
2026-09-29 10:55:26.238|DEBUG|ArtifactScraper|Parsing artifact substat: atk+14
2026-09-29 10:55:26.238|DEBUG|ArtifactScraper|Parsing artifact substat: hp+209
2026-09-29 10:55:26.238|DEBUG|ArtifactScraper|Parsing artifact substat: hp+5.8%
2026-09-29 10:55:26.447|DEBUG|ArtifactScraper|Parsing artifact substat: atk+5.3%
2026-09-29 10:55:26.447|DEBUG|ArtifactScraper|Parsing artifact substat: hp+4.1%
2026-09-29 10:55:26.447|DEBUG|ArtifactScraper|Parsing artifact substat: critrate+3.5%
2026-09-29 10:55:26.447|DEBUG|ArtifactScraper|Parsing artifact substat: elementalmastery+23
2026-09-29 10:55:26.798|DEBUG|ArtifactScraper|Parsing artifact substat: hp+269
2026-09-29 10:55:26.798|DEBUG|ArtifactScraper|Parsing artifact substat: hp+5.8%
2026-09-29 10:55:26.799|DEBUG|ArtifactScraper|Parsing artifact substat: def+16
2026-09-29 10:55:26.799|DEBUG|ArtifactScraper|Parsing artifact substat: atk+14(unactivated)
2026-09-29 10:55:26.799|DEBUG|ArtifactScraper|Parsing artifact substat: critdmg+7.8%
2026-09-29 10:55:26.799|DEBUG|ArtifactScraper|Parsing artifact substat: hp+269
2026-09-29 10:55:26.799|DEBUG|ArtifactScraper|Parsing artifact substat: hp+4.7%
2026-09-29 10:55:26.799|DEBUG|ArtifactScraper|Parsing artifact substat: elementalmastery+16
2026-09-29 10:55:27.134|DEBUG|ArtifactScraper|Parsing artifact substat: def+5.8%
2026-09-29 10:55:27.134|DEBUG|ArtifactScraper|Parsing artifact substat: critrate+3.9%
2026-09-29 10:55:27.134|DEBUG|ArtifactScraper|Parsing artifact substat: atk+16
2026-09-29 10:55:27.134|DEBUG|ArtifactScraper|Parsing artifact substat: elementalmastery+16
2026-09-29 10:55:27.156|DEBUG|ArtifactScraper|Parsing artifact substat: atk+16
2026-09-29 10:55:27.156|DEBUG|ArtifactScraper|Parsing artifact substat: atk+4.7%
2026-09-29 10:55:27.156|DEBUG|ArtifactScraper|Parsing artifact substat: def+5.1%
2026-09-29 10:55:27.156|DEBUG|ArtifactScraper|Parsing artifact substat: hp+269(unactivated)
2026-09-29 10:55:27.469|DEBUG|ArtifactScraper|Parsing artifact substat: critdmg+7.8%
2026-09-29 10:55:27.469|DEBUG|ArtifactScraper|Parsing artifact substat: def+5.8%
2026-09-29 10:55:27.469|DEBUG|ArtifactScraper|Parsing artifact substat: hp+239
2026-09-29 10:55:27.469|DEBUG|ArtifactScraper|Parsing artifact substat: atk+19(unactivated)
2026-09-29 10:55:27.511|DEBUG|ArtifactScraper|Parsing artifact substat: elementalmastery+16
2026-09-29 10:55:27.511|DEBUG|ArtifactScraper|Parsing artifact substat: atk+4.7%
2026-09-29 10:55:27.511|DEBUG|ArtifactScraper|Parsing artifact substat: critdmg+6.2%
2026-09-29 10:55:27.511|DEBUG|ArtifactScraper|Parsing artifact substat: energyrecharge+5.8%
2026-09-29 10:55:27.788|DEBUG|ArtifactScraper|Parsing artifact substat: hp+5.8%
2026-09-29 10:55:27.788|DEBUG|ArtifactScraper|Parsing artifact substat: elementalmastery+19
2026-09-29 10:55:27.788|DEBUG|ArtifactScraper|Parsing artifact substat: def+5.1%
2026-09-29 10:55:27.788|DEBUG|ArtifactScraper|Parsing artifact substat: def+21(unactivated)
2026-09-29 10:55:27.826|DEBUG|ArtifactScraper|Parsing artifact substat: def+6.6%
2026-09-29 10:55:27.826|DEBUG|ArtifactScraper|Parsing artifact substat: atk+14
2026-09-29 10:55:27.826|DEBUG|ArtifactScraper|Parsing artifact substat: hp+4.1%
2026-09-29 10:55:27.826|DEBUG|ArtifactScraper|Parsing artifact substat: def+21(unactivated)
2026-09-29 10:55:28.123|DEBUG|ArtifactScraper|Parsing artifact substat: hp+5.3%
2026-09-29 10:55:28.123|DEBUG|ArtifactScraper|Parsing artifact substat: atk+4.1%
2026-09-29 10:55:28.123|DEBUG|ArtifactScraper|Parsing artifact substat: def+7.3%
2026-09-29 10:55:28.123|DEBUG|ArtifactScraper|Parsing artifact substat: elementalmastery+23
2026-09-29 10:55:28.161|DEBUG|ArtifactScraper|Parsing artifact substat: def+19
2026-09-29 10:55:28.161|DEBUG|ArtifactScraper|Parsing artifact substat: hp+239
2026-09-29 10:55:28.161|DEBUG|ArtifactScraper|Parsing artifact substat: energyrecharge+5.2%
2026-09-29 10:55:28.161|DEBUG|ArtifactScraper|Parsing artifact substat: atk+14(unactivated)
2026-09-29 10:55:28.446|DEBUG|ArtifactScraper|Parsing artifact substat: hp+4.1%
2026-09-29 10:55:28.446|DEBUG|ArtifactScraper|Parsing artifact substat: critrate+3.1%
2026-09-29 10:55:28.446|DEBUG|ArtifactScraper|Parsing artifact substat: def+16
2026-09-29 10:55:28.446|DEBUG|ArtifactScraper|Parsing artifact substat: elementalmastery+16
2026-09-29 10:55:28.505|DEBUG|ArtifactScraper|Parsing artifact substat: def+5.8%
2026-09-29 10:55:28.505|DEBUG|ArtifactScraper|Parsing artifact substat: def+19
2026-09-29 10:55:28.505|DEBUG|ArtifactScraper|Parsing artifact substat: energyrecharge+6.5%
2026-09-29 10:55:28.505|DEBUG|ArtifactScraper|Parsing artifact substat: hp+299(unactivated)
2026-09-29 10:55:28.774|DEBUG|ArtifactScraper|Parsing artifact substat: def+16
2026-09-29 10:55:28.774|DEBUG|ArtifactScraper|Parsing artifact substat: hp+5.3%
2026-09-29 10:55:28.774|DEBUG|ArtifactScraper|Parsing artifact substat: critdmg+5.4%
2026-09-29 10:55:28.774|DEBUG|ArtifactScraper|Parsing artifact substat: atk+19(unactivated)
2026-09-29 10:55:28.790|DEBUG|ArtifactScraper|Parsing artifact substat: atk+18
2026-09-29 10:55:28.790|DEBUG|ArtifactScraper|Parsing artifact substat: atk+4.7%
2026-09-29 10:55:28.790|DEBUG|ArtifactScraper|Parsing artifact substat: hp+4.1%
2026-09-29 10:55:28.790|DEBUG|ArtifactScraper|Parsing artifact substat: critdmg+5.4%
2026-09-29 10:55:29.160|DEBUG|ArtifactScraper|Parsing artifact substat: atk+5.3%
2026-09-29 10:55:29.160|DEBUG|ArtifactScraper|Parsing artifact substat: def+23
2026-09-29 10:55:29.160|DEBUG|ArtifactScraper|Parsing artifact substat: critdmg+6.2%
2026-09-29 10:55:29.160|DEBUG|ArtifactScraper|Parsing artifact substat: atk+19(unactivated)
2026-09-29 10:55:29.216|DEBUG|ArtifactScraper|Parsing artifact substat: energyrecharge+5.8%
2026-09-29 10:55:29.216|DEBUG|ArtifactScraper|Parsing artifact substat: elementalmastery+21
2026-09-29 10:55:29.216|DEBUG|ArtifactScraper|Parsing artifact substat: def+23
2026-09-29 10:55:29.216|DEBUG|ArtifactScraper|Parsing artifact substat: atk+5.3%(unactivated)
2026-09-29 10:55:29.404|DEBUG|ArtifactScraper|Parsing artifact substat: hp+299
2026-09-29 10:55:29.404|DEBUG|ArtifactScraper|Parsing artifact substat: elementalmastery+21
2026-09-29 10:55:29.404|DEBUG|ArtifactScraper|Parsing artifact substat: def+6.6%
2026-09-29 10:55:29.404|DEBUG|ArtifactScraper|Parsing artifact substat: def+19(unactivated)
2026-09-29 10:55:29.516|DEBUG|ArtifactScraper|Parsing artifact substat: elementalmastery+19
2026-09-29 10:55:29.516|DEBUG|ArtifactScraper|Parsing artifact substat: hp+299
2026-09-29 10:55:29.516|DEBUG|ArtifactScraper|Parsing artifact substat: def+5.1%
2026-09-29 10:55:29.516|DEBUG|ArtifactScraper|Parsing artifact substat: atk+19
2026-09-29 10:55:29.763|DEBUG|ArtifactScraper|Parsing artifact substat: atk+18
2026-09-29 10:55:29.763|DEBUG|ArtifactScraper|Parsing artifact substat: elementalmastery+21
2026-09-29 10:55:29.763|DEBUG|ArtifactScraper|Parsing artifact substat: def+16
2026-09-29 10:55:29.763|DEBUG|ArtifactScraper|Parsing artifact substat: hp+269(unactivated)
2026-09-29 10:55:29.864|DEBUG|ArtifactScraper|Parsing artifact substat: critrate+3.1%
2026-09-29 10:55:29.864|DEBUG|ArtifactScraper|Parsing artifact substat: atk+18
2026-09-29 10:55:29.864|DEBUG|ArtifactScraper|Parsing artifact substat: hp+4.7%
2026-09-29 10:55:29.864|DEBUG|ArtifactScraper|Parsing artifact substat: critdmg+6.2%
2026-09-29 10:55:30.128|DEBUG|ArtifactScraper|Parsing artifact substat: elementalmastery+19
2026-09-29 10:55:30.128|DEBUG|ArtifactScraper|Parsing artifact substat: critrate+3.5%
2026-09-29 10:55:30.128|DEBUG|ArtifactScraper|Parsing artifact substat: energyrecharge+5.2%
2026-09-29 10:55:30.128|DEBUG|ArtifactScraper|Parsing artifact substat: atk+5.3%
2026-09-29 10:55:30.291|DEBUG|ArtifactScraper|Parsing artifact substat: def+7.3%
2026-09-29 10:55:30.291|DEBUG|ArtifactScraper|Parsing artifact substat: critrate+2.7%
2026-09-29 10:55:30.291|DEBUG|ArtifactScraper|Parsing artifact substat: energyrecharge+4.5%
2026-09-29 10:55:30.291|DEBUG|ArtifactScraper|Parsing artifact substat: elementalmastery+23
2026-09-29 10:55:30.397|DEBUG|ArtifactScraper|Parsing artifact substat: energyrecharge+5.8%
2026-09-29 10:55:30.397|DEBUG|ArtifactScraper|Parsing artifact substat: elementalmastery+19
2026-09-29 10:55:30.397|DEBUG|ArtifactScraper|Parsing artifact substat: atk+5.8%
2026-09-29 10:55:30.397|DEBUG|ArtifactScraper|Parsing artifact substat: atk+14
2026-09-29 10:55:30.638|DEBUG|ArtifactScraper|Parsing artifact substat: critdmg+5.4%
2026-09-29 10:55:30.638|DEBUG|ArtifactScraper|Parsing artifact substat: elementalmastery+23
2026-09-29 10:55:30.638|DEBUG|ArtifactScraper|Parsing artifact substat: def+21
2026-09-29 10:55:30.638|DEBUG|ArtifactScraper|Parsing artifact substat: atk+4.1%
2026-09-29 10:55:30.733|DEBUG|ArtifactScraper|Parsing artifact substat: critrate+3.1%
2026-09-29 10:55:30.733|DEBUG|ArtifactScraper|Parsing artifact substat: def+5.1%
2026-09-29 10:55:30.733|DEBUG|ArtifactScraper|Parsing artifact substat: critdmg+7.8%
2026-09-29 10:55:30.733|DEBUG|ArtifactScraper|Parsing artifact substat: def+23
2026-09-29 10:55:30.736|DEBUG|ArtifactScraper|Finished queuing page of artifacts. Scrolling...
2026-09-29 10:55:30.982|DEBUG|ArtifactScraper|Parsing artifact substat: elementalmastery+16
2026-09-29 10:55:30.982|DEBUG|ArtifactScraper|Parsing artifact substat: def+21
2026-09-29 10:55:30.982|DEBUG|ArtifactScraper|Parsing artifact substat: critdmg+7.8%
2026-09-29 10:55:30.982|DEBUG|ArtifactScraper|Parsing artifact substat: atk+14
2026-09-29 10:55:31.080|DEBUG|ArtifactScraper|Parsing artifact substat: critdmg+7.8%
2026-09-29 10:55:31.080|DEBUG|ArtifactScraper|Parsing artifact substat: def+21
2026-09-29 10:55:31.080|DEBUG|ArtifactScraper|Parsing artifact substat: elementalmastery+23
2026-09-29 10:55:31.081|DEBUG|ArtifactScraper|Parsing artifact substat: hp+4.7%
2026-09-29 10:55:32.849|DEBUG|ArtifactScraper|Scanning artifact page 34
2026-09-29 10:55:32.849|DEBUG|ArtifactScraper|Located 32 possible item locations on page.
2026-09-29 10:55:33.294|DEBUG|ArtifactScraper|Parsing artifact substat: critdmg+7.0%
2026-09-29 10:55:33.294|DEBUG|ArtifactScraper|Parsing artifact substat: energyrecharge+6.5%
2026-09-29 10:55:33.294|DEBUG|ArtifactScraper|Parsing artifact substat: def+6.6%
2026-09-29 10:55:33.294|DEBUG|ArtifactScraper|Parsing artifact substat: atk+4.7%
2026-09-29 10:55:33.471|DEBUG|ArtifactScraper|Parsing artifact substat: def+23
2026-09-29 10:55:33.472|DEBUG|ArtifactScraper|Parsing artifact substat: atk+18
2026-09-29 10:55:33.472|DEBUG|ArtifactScraper|Parsing artifact substat: atk+4.7%
2026-09-29 10:55:33.472|DEBUG|ArtifactScraper|Parsing artifact substat: elementalmastery+21
2026-09-29 10:55:33.636|DEBUG|ArtifactScraper|Parsing artifact substat: critrate+3.9%
2026-09-29 10:55:33.636|DEBUG|ArtifactScraper|Parsing artifact substat: hp+4.1%
2026-09-29 10:55:33.636|DEBUG|ArtifactScraper|Parsing artifact substat: atk+19
2026-09-29 10:55:33.636|DEBUG|ArtifactScraper|Parsing artifact substat: elementalmastery+23
2026-09-29 10:55:33.839|DEBUG|ArtifactScraper|Parsing artifact substat: atk+14
2026-09-29 10:55:33.839|DEBUG|ArtifactScraper|Parsing artifact substat: elementalmastery+16
2026-09-29 10:55:33.839|DEBUG|ArtifactScraper|Parsing artifact substat: atk+5.8%
2026-09-29 10:55:33.839|DEBUG|ArtifactScraper|Parsing artifact substat: def+16
2026-09-29 10:55:34.018|DEBUG|ArtifactScraper|Parsing artifact substat: critdmg+6.2%
2026-09-29 10:55:34.018|DEBUG|ArtifactScraper|Parsing artifact substat: def+16
2026-09-29 10:55:34.018|DEBUG|ArtifactScraper|Parsing artifact substat: atk+5.8%
2026-09-29 10:55:34.018|DEBUG|ArtifactScraper|Parsing artifact substat: critrate+3.9%
2026-09-29 10:55:34.163|DEBUG|ArtifactScraper|Parsing artifact substat: atk+14
2026-09-29 10:55:34.163|DEBUG|ArtifactScraper|Parsing artifact substat: hp+5.3%
2026-09-29 10:55:34.163|DEBUG|ArtifactScraper|Parsing artifact substat: atk+5.8%
2026-09-29 10:55:34.163|DEBUG|ArtifactScraper|Parsing artifact substat: elementalmastery+16
2026-09-29 10:55:34.397|DEBUG|ArtifactScraper|Parsing artifact substat: def+23
2026-09-29 10:55:34.397|DEBUG|ArtifactScraper|Parsing artifact substat: atk+5.8%
2026-09-29 10:55:34.397|DEBUG|ArtifactScraper|Parsing artifact substat: hp+4.1%
2026-09-29 10:55:34.397|DEBUG|ArtifactScraper|Parsing artifact substat: elementalmastery+16
2026-09-29 10:55:34.593|DEBUG|ArtifactScraper|Parsing artifact substat: energyrecharge+5.2%
2026-09-29 10:55:34.593|DEBUG|ArtifactScraper|Parsing artifact substat: critdmg+5.4%
2026-09-29 10:55:34.593|DEBUG|ArtifactScraper|Parsing artifact substat: atk+16
2026-09-29 10:55:34.593|DEBUG|ArtifactScraper|Parsing artifact substat: critrate+2.7%(unactivated)
2026-09-29 10:55:34.743|DEBUG|ArtifactScraper|Parsing artifact substat: hp+4.1%
2026-09-29 10:55:34.743|DEBUG|ArtifactScraper|Parsing artifact substat: energyrecharge+6.5%
2026-09-29 10:55:34.743|DEBUG|ArtifactScraper|Parsing artifact substat: def+7.3%
2026-09-29 10:55:34.743|DEBUG|ArtifactScraper|Parsing artifact substat: elementalmastery+16
2026-09-29 10:55:34.969|DEBUG|ArtifactScraper|Parsing artifact substat: def+16
2026-09-29 10:55:34.969|DEBUG|ArtifactScraper|Parsing artifact substat: hp+5.8%
2026-09-29 10:55:34.969|DEBUG|ArtifactScraper|Parsing artifact substat: atk+16
2026-09-29 10:55:34.969|DEBUG|ArtifactScraper|Parsing artifact substat: elementalmastery+21
2026-09-29 10:55:35.153|DEBUG|ArtifactScraper|Parsing artifact substat: critdmg+7.0%
2026-09-29 10:55:35.153|DEBUG|ArtifactScraper|Parsing artifact substat: def+19
2026-09-29 10:55:35.153|DEBUG|ArtifactScraper|Parsing artifact substat: atk+4.1%
2026-09-29 10:55:35.153|DEBUG|ArtifactScraper|Parsing artifact substat: hp+5.8%(unactivated)
2026-09-29 10:55:35.325|DEBUG|ArtifactScraper|Parsing artifact substat: atk+18
2026-09-29 10:55:35.325|DEBUG|ArtifactScraper|Parsing artifact substat: elementalmastery+19
2026-09-29 10:55:35.325|DEBUG|ArtifactScraper|Parsing artifact substat: atk+4.7%
2026-09-29 10:55:35.325|DEBUG|ArtifactScraper|Parsing artifact substat: def+5.1%(unactivated)
2026-09-29 10:55:35.595|DEBUG|ArtifactScraper|Parsing artifact substat: elementalmastery+19
2026-09-29 10:55:35.595|DEBUG|ArtifactScraper|Parsing artifact substat: energyrecharge+5.8%
2026-09-29 10:55:35.595|DEBUG|ArtifactScraper|Parsing artifact substat: def+6.6%
2026-09-29 10:55:35.595|DEBUG|ArtifactScraper|Parsing artifact substat: critrate+2.7%(unactivated)
2026-09-29 10:55:35.667|DEBUG|ArtifactScraper|Parsing artifact substat: atk+5.3%
2026-09-29 10:55:35.667|DEBUG|ArtifactScraper|Parsing artifact substat: def+6.6%
2026-09-29 10:55:35.667|DEBUG|ArtifactScraper|Parsing artifact substat: energyrecharge+4.5%
2026-09-29 10:55:35.667|DEBUG|ArtifactScraper|Parsing artifact substat: critrate+3.5%(unactivated)
2026-09-29 10:55:36.008|DEBUG|ArtifactScraper|Parsing artifact substat: hp+4.1%
2026-09-29 10:55:36.008|DEBUG|ArtifactScraper|Parsing artifact substat: def+23
2026-09-29 10:55:36.008|DEBUG|ArtifactScraper|Parsing artifact substat: critrate+2.7%
2026-09-29 10:55:36.008|DEBUG|ArtifactScraper|Parsing artifact substat: elementalmastery+16
2026-09-29 10:55:36.021|DEBUG|ArtifactScraper|Parsing artifact substat: energyrecharge+6.5%
2026-09-29 10:55:36.021|DEBUG|ArtifactScraper|Parsing artifact substat: atk+4.7%
2026-09-29 10:55:36.021|DEBUG|ArtifactScraper|Parsing artifact substat: def+5.1%
2026-09-29 10:55:36.021|DEBUG|ArtifactScraper|Parsing artifact substat: critrate+3.9%(unactivated)
2026-09-29 10:55:36.359|DEBUG|ArtifactScraper|Parsing artifact substat: def+7.3%
2026-09-29 10:55:36.359|DEBUG|ArtifactScraper|Parsing artifact substat: critdmg+7.0%
2026-09-29 10:55:36.359|DEBUG|ArtifactScraper|Parsing artifact substat: energyrecharge+5.8%
2026-09-29 10:55:36.359|DEBUG|ArtifactScraper|Parsing artifact substat: critrate+3.9%(unactivated)
2026-09-29 10:55:36.427|DEBUG|ArtifactScraper|Parsing artifact substat: energyrecharge+5.2%
2026-09-29 10:55:36.427|DEBUG|ArtifactScraper|Parsing artifact substat: atk+4.7%
2026-09-29 10:55:36.427|DEBUG|ArtifactScraper|Parsing artifact substat: atk+18
2026-09-29 10:55:36.427|DEBUG|ArtifactScraper|Parsing artifact substat: critdmg+6.2%(unactivated)
2026-09-29 10:55:36.747|DEBUG|ArtifactScraper|Parsing artifact substat: hp+4.1%
2026-09-29 10:55:36.747|DEBUG|ArtifactScraper|Parsing artifact substat: elementalmastery+23
2026-09-29 10:55:36.747|DEBUG|ArtifactScraper|Parsing artifact substat: atk+14
2026-09-29 10:55:36.747|DEBUG|ArtifactScraper|Parsing artifact substat: critrate+3.5%(unactivated)
2026-09-29 10:55:36.810|DEBUG|ArtifactScraper|Parsing artifact substat: energyrecharge+5.8%
2026-09-29 10:55:36.810|DEBUG|ArtifactScraper|Parsing artifact substat: elementalmastery+19
2026-09-29 10:55:36.810|DEBUG|ArtifactScraper|Parsing artifact substat: atk+4.7%
2026-09-29 10:55:36.810|DEBUG|ArtifactScraper|Parsing artifact substat: atk+19(unactivated)
2026-09-29 10:55:36.887|DEBUG|ArtifactScraper|Parsing artifact substat: critdmg+7.0%
2026-09-29 10:55:36.887|DEBUG|ArtifactScraper|Parsing artifact substat: elementalmastery+19
2026-09-29 10:55:36.887|DEBUG|ArtifactScraper|Parsing artifact substat: def+5.1%
2026-09-29 10:55:36.887|DEBUG|ArtifactScraper|Parsing artifact substat: atk+16(unactivated)
2026-09-29 10:55:37.156|DEBUG|ArtifactScraper|Parsing artifact substat: atk+19
2026-09-29 10:55:37.156|DEBUG|ArtifactScraper|Parsing artifact substat: elementalmastery+21
2026-09-29 10:55:37.156|DEBUG|ArtifactScraper|Parsing artifact substat: critdmg+7.8%
2026-09-29 10:55:37.156|DEBUG|ArtifactScraper|Parsing artifact substat: energyrecharge+4.5%
2026-09-29 10:55:37.216|DEBUG|ArtifactScraper|Parsing artifact substat: critdmg+7.0%
2026-09-29 10:55:37.216|DEBUG|ArtifactScraper|Parsing artifact substat: elementalmastery+16
2026-09-29 10:55:37.216|DEBUG|ArtifactScraper|Parsing artifact substat: def+16
2026-09-29 10:55:37.216|DEBUG|ArtifactScraper|Parsing artifact substat: hp+4.7%(unactivated)
2026-09-29 10:55:37.563|DEBUG|ArtifactScraper|Parsing artifact substat: hp+5.8%
2026-09-29 10:55:37.563|DEBUG|ArtifactScraper|Parsing artifact substat: critrate+3.5%
2026-09-29 10:55:37.563|DEBUG|ArtifactScraper|Parsing artifact substat: critdmg+6.2%
2026-09-29 10:55:37.563|DEBUG|ArtifactScraper|Parsing artifact substat: atk+4.7%(unactivated)
2026-09-29 10:55:37.581|DEBUG|ArtifactScraper|Parsing artifact substat: critdmg+6.2%
2026-09-29 10:55:37.581|DEBUG|ArtifactScraper|Parsing artifact substat: energyrecharge+5.2%
2026-09-29 10:55:37.581|DEBUG|ArtifactScraper|Parsing artifact substat: def+7.3%
2026-09-29 10:55:37.581|DEBUG|ArtifactScraper|Parsing artifact substat: critrate+3.5%(unactivated)
2026-09-29 10:55:37.925|DEBUG|ArtifactScraper|Parsing artifact substat: def+5.1%
2026-09-29 10:55:37.925|DEBUG|ArtifactScraper|Parsing artifact substat: def+21
2026-09-29 10:55:37.925|DEBUG|ArtifactScraper|Parsing artifact substat: critrate+2.7%
2026-09-29 10:55:37.925|DEBUG|ArtifactScraper|Parsing artifact substat: critdmg+5.4%(unactivated)
2026-09-29 10:55:38.044|DEBUG|ArtifactScraper|Parsing artifact substat: def+16
2026-09-29 10:55:38.044|DEBUG|ArtifactScraper|Parsing artifact substat: critrate+3.9%
2026-09-29 10:55:38.044|DEBUG|ArtifactScraper|Parsing artifact substat: elementalmastery+16
2026-09-29 10:55:38.044|DEBUG|ArtifactScraper|Parsing artifact substat: hp+4.1%(unactivated)
2026-09-29 10:55:38.044|DEBUG|ArtifactScraper|Parsing artifact substat: energyrecharge+5.8%
2026-09-29 10:55:38.044|DEBUG|ArtifactScraper|Parsing artifact substat: atk+14
2026-09-29 10:55:38.044|DEBUG|ArtifactScraper|Parsing artifact substat: elementalmastery+21
2026-09-29 10:55:38.044|DEBUG|ArtifactScraper|Parsing artifact substat: critdmg+7.0%(unactivated)
2026-09-29 10:55:38.322|DEBUG|ArtifactScraper|Parsing artifact substat: hp+4.1%
2026-09-29 10:55:38.322|DEBUG|ArtifactScraper|Parsing artifact substat: critrate+3.1%
2026-09-29 10:55:38.322|DEBUG|ArtifactScraper|Parsing artifact substat: critdmg+6.2%
2026-09-29 10:55:38.322|DEBUG|ArtifactScraper|Parsing artifact substat: atk+19(unactivated)
2026-09-29 10:55:38.356|DEBUG|ArtifactScraper|Finished queuing page of artifacts. Scrolling...
2026-09-29 10:55:38.440|DEBUG|ArtifactScraper|Parsing artifact substat: def+23
2026-09-29 10:55:38.440|DEBUG|ArtifactScraper|Parsing artifact substat: atk+5.3%
2026-09-29 10:55:38.440|DEBUG|ArtifactScraper|Parsing artifact substat: hp+4.7%
2026-09-29 10:55:38.440|DEBUG|ArtifactScraper|Parsing artifact substat: critrate+3.5%(unactivated)
2026-09-29 10:55:38.721|DEBUG|ArtifactScraper|Parsing artifact substat: def+21
2026-09-29 10:55:38.721|DEBUG|ArtifactScraper|Parsing artifact substat: atk+5.8%
2026-09-29 10:55:38.721|DEBUG|ArtifactScraper|Parsing artifact substat: energyrecharge+6.5%
2026-09-29 10:55:38.721|DEBUG|ArtifactScraper|Parsing artifact substat: elementalmastery+19
2026-09-29 10:55:38.721|DEBUG|ArtifactScraper|Parsing artifact substat: def+16
2026-09-29 10:55:38.721|DEBUG|ArtifactScraper|Parsing artifact substat: elementalmastery+16
2026-09-29 10:55:38.721|DEBUG|ArtifactScraper|Parsing artifact substat: critdmg+7.0%
2026-09-29 10:55:38.721|DEBUG|ArtifactScraper|Parsing artifact substat: critrate+3.5%(unactivated)
2026-09-29 10:55:40.718|DEBUG|ArtifactScraper|Scanning artifact page 35
2026-09-29 10:55:40.718|DEBUG|ArtifactScraper|Located 32 possible item locations on page.
2026-09-29 10:55:41.424|DEBUG|ArtifactScraper|Parsing artifact substat: elementalmastery+21
2026-09-29 10:55:41.424|DEBUG|ArtifactScraper|Parsing artifact substat: critdmg+7.8%
2026-09-29 10:55:41.424|DEBUG|ArtifactScraper|Parsing artifact substat: atk+16
2026-09-29 10:55:41.424|DEBUG|ArtifactScraper|Parsing artifact substat: energyrecharge+6.5%
2026-09-29 10:55:41.437|DEBUG|ArtifactScraper|Parsing artifact substat: elementalmastery+19
2026-09-29 10:55:41.437|DEBUG|ArtifactScraper|Parsing artifact substat: energyrecharge+5.2%
2026-09-29 10:55:41.437|DEBUG|ArtifactScraper|Parsing artifact substat: atk+19
2026-09-29 10:55:41.437|DEBUG|ArtifactScraper|Parsing artifact substat: critdmg+6.2%(unactivated)
2026-09-29 10:55:41.723|DEBUG|ArtifactScraper|Parsing artifact substat: elementalmastery+23
2026-09-29 10:55:41.723|DEBUG|ArtifactScraper|Parsing artifact substat: atk+5.3%
2026-09-29 10:55:41.723|DEBUG|ArtifactScraper|Parsing artifact substat: hp+4.7%
2026-09-29 10:55:41.723|DEBUG|ArtifactScraper|Parsing artifact substat: def+21(unactivated)
2026-09-29 10:55:41.827|DEBUG|ArtifactScraper|Parsing artifact substat: atk+18
2026-09-29 10:55:41.827|DEBUG|ArtifactScraper|Parsing artifact substat: elementalmastery+19
2026-09-29 10:55:41.827|DEBUG|ArtifactScraper|Parsing artifact substat: critrate+2.7%
2026-09-29 10:55:41.827|DEBUG|ArtifactScraper|Parsing artifact substat: energyrecharge+5.2%
2026-09-29 10:55:42.135|DEBUG|ArtifactScraper|Parsing artifact substat: critrate+3.1%
2026-09-29 10:55:42.135|DEBUG|ArtifactScraper|Parsing artifact substat: atk+5.3%
2026-09-29 10:55:42.135|DEBUG|ArtifactScraper|Parsing artifact substat: energyrecharge+5.2%
2026-09-29 10:55:42.135|DEBUG|ArtifactScraper|Parsing artifact substat: def+21(unactivated)
2026-09-29 10:55:42.169|DEBUG|ArtifactScraper|Parsing artifact substat: def+16
2026-09-29 10:55:42.169|DEBUG|ArtifactScraper|Parsing artifact substat: critdmg+6.2%
2026-09-29 10:55:42.169|DEBUG|ArtifactScraper|Parsing artifact substat: hp+5.8%
2026-09-29 10:55:42.169|DEBUG|ArtifactScraper|Parsing artifact substat: critrate+3.9%(unactivated)
2026-09-29 10:55:42.243|DEBUG|ArtifactScraper|Parsing artifact substat: atk+5.3%
2026-09-29 10:55:42.243|DEBUG|ArtifactScraper|Parsing artifact substat: critrate+3.1%
2026-09-29 10:55:42.243|DEBUG|ArtifactScraper|Parsing artifact substat: hp+5.8%
2026-09-29 10:55:42.243|DEBUG|ArtifactScraper|Parsing artifact substat: atk+18(unactivated)
2026-09-29 10:55:42.550|DEBUG|ArtifactScraper|Parsing artifact substat: critrate+3.5%
2026-09-29 10:55:42.550|DEBUG|ArtifactScraper|Parsing artifact substat: critdmg+7.0%
2026-09-29 10:55:42.550|DEBUG|ArtifactScraper|Parsing artifact substat: atk+16
2026-09-29 10:55:42.550|DEBUG|ArtifactScraper|Parsing artifact substat: elementalmastery+21
2026-09-29 10:55:42.550|DEBUG|ArtifactScraper|Parsing artifact substat: critrate+3.1%
2026-09-29 10:55:42.550|DEBUG|ArtifactScraper|Parsing artifact substat: atk+16
2026-09-29 10:55:42.550|DEBUG|ArtifactScraper|Parsing artifact substat: critdmg+7.0%
2026-09-29 10:55:42.550|DEBUG|ArtifactScraper|Parsing artifact substat: def+19(unactivated)
2026-09-29 10:55:42.915|DEBUG|ArtifactScraper|Parsing artifact substat: atk+14
2026-09-29 10:55:42.915|DEBUG|ArtifactScraper|Parsing artifact substat: energyrecharge+6.5%
2026-09-29 10:55:42.915|DEBUG|ArtifactScraper|Parsing artifact substat: critrate+3.1%
2026-09-29 10:55:42.915|DEBUG|ArtifactScraper|Parsing artifact substat: elementalmastery+21
2026-09-29 10:55:42.915|DEBUG|ArtifactScraper|Parsing artifact substat: energyrecharge+5.8%
2026-09-29 10:55:42.915|DEBUG|ArtifactScraper|Parsing artifact substat: hp+4.1%
2026-09-29 10:55:42.915|DEBUG|ArtifactScraper|Parsing artifact substat: atk+5.8%
2026-09-29 10:55:42.915|DEBUG|ArtifactScraper|Parsing artifact substat: atk+18
2026-09-29 10:55:43.180|DEBUG|ArtifactScraper|Parsing artifact substat: elementalmastery+19
2026-09-29 10:55:43.180|DEBUG|ArtifactScraper|Parsing artifact substat: def+5.8%
2026-09-29 10:55:43.180|DEBUG|ArtifactScraper|Parsing artifact substat: atk+16
2026-09-29 10:55:43.180|DEBUG|ArtifactScraper|Parsing artifact substat: def+23
2026-09-29 10:55:43.313|DEBUG|ArtifactScraper|Parsing artifact substat: def+5.1%
2026-09-29 10:55:43.313|DEBUG|ArtifactScraper|Parsing artifact substat: energyrecharge+5.2%
2026-09-29 10:55:43.313|DEBUG|ArtifactScraper|Parsing artifact substat: critdmg+7.8%
2026-09-29 10:55:43.313|DEBUG|ArtifactScraper|Parsing artifact substat: atk+18
2026-09-29 10:55:43.561|DEBUG|ArtifactScraper|Parsing artifact substat: def+5.8%
2026-09-29 10:55:43.561|DEBUG|ArtifactScraper|Parsing artifact substat: atk+4.1%
2026-09-29 10:55:43.561|DEBUG|ArtifactScraper|Parsing artifact substat: def+21
2026-09-29 10:55:43.561|DEBUG|ArtifactScraper|Parsing artifact substat: hp+5.8%
2026-09-29 10:55:43.567|DEBUG|ArtifactScraper|Parsing artifact substat: energyrecharge+4.5%
2026-09-29 10:55:43.567|DEBUG|ArtifactScraper|Parsing artifact substat: hp+4.7%
2026-09-29 10:55:43.567|DEBUG|ArtifactScraper|Parsing artifact substat: atk+19
2026-09-29 10:55:43.567|DEBUG|ArtifactScraper|Parsing artifact substat: elementalmastery+21
2026-09-29 10:55:43.924|DEBUG|ArtifactScraper|Parsing artifact substat: def+7.3%
2026-09-29 10:55:43.924|DEBUG|ArtifactScraper|Parsing artifact substat: atk+14
2026-09-29 10:55:43.924|DEBUG|ArtifactScraper|Parsing artifact substat: def+21
2026-09-29 10:55:43.924|DEBUG|ArtifactScraper|Parsing artifact substat: hp+5.8%
2026-09-29 10:55:43.974|DEBUG|ArtifactScraper|Parsing artifact substat: atk+16
2026-09-29 10:55:43.974|DEBUG|ArtifactScraper|Parsing artifact substat: def+16
2026-09-29 10:55:43.974|DEBUG|ArtifactScraper|Parsing artifact substat: energyrecharge+6.5%
2026-09-29 10:55:43.974|DEBUG|ArtifactScraper|Parsing artifact substat: critdmg+5.4%
2026-09-29 10:55:44.203|DEBUG|ArtifactScraper|Parsing artifact substat: hp+4.7%
2026-09-29 10:55:44.203|DEBUG|ArtifactScraper|Parsing artifact substat: def+5.8%
2026-09-29 10:55:44.203|DEBUG|ArtifactScraper|Parsing artifact substat: atk+5.3%
2026-09-29 10:55:44.203|DEBUG|ArtifactScraper|Parsing artifact substat: atk+16
2026-09-29 10:55:44.286|DEBUG|ArtifactScraper|Parsing artifact substat: def+23
2026-09-29 10:55:44.286|DEBUG|ArtifactScraper|Parsing artifact substat: atk+4.1%
2026-09-29 10:55:44.286|DEBUG|ArtifactScraper|Parsing artifact substat: atk+19
2026-09-29 10:55:44.286|DEBUG|ArtifactScraper|Parsing artifact substat: energyrecharge+6.5%
2026-09-29 10:55:44.600|DEBUG|ArtifactScraper|Parsing artifact substat: atk+18
2026-09-29 10:55:44.600|DEBUG|ArtifactScraper|Parsing artifact substat: energyrecharge+6.5%
2026-09-29 10:55:44.600|DEBUG|ArtifactScraper|Parsing artifact substat: hp+4.1%
2026-09-29 10:55:44.600|DEBUG|ArtifactScraper|Parsing artifact substat: elementalmastery+16
2026-09-29 10:55:44.615|DEBUG|ArtifactScraper|Parsing artifact substat: energyrecharge+6.5%
2026-09-29 10:55:44.615|DEBUG|ArtifactScraper|Parsing artifact substat: atk+14
2026-09-29 10:55:44.615|DEBUG|ArtifactScraper|Parsing artifact substat: def+7.3%
2026-09-29 10:55:44.615|DEBUG|ArtifactScraper|Parsing artifact substat: atk+4.1%
2026-09-29 10:55:44.930|DEBUG|ArtifactScraper|Parsing artifact substat: atk+19
2026-09-29 10:55:44.930|DEBUG|ArtifactScraper|Parsing artifact substat: critrate+3.9%
2026-09-29 10:55:44.930|DEBUG|ArtifactScraper|Parsing artifact substat: def+21
2026-09-29 10:55:44.930|DEBUG|ArtifactScraper|Parsing artifact substat: energyrecharge+5.2%
2026-09-29 10:55:44.995|DEBUG|ArtifactScraper|Parsing artifact substat: critrate+3.9%
2026-09-29 10:55:44.995|DEBUG|ArtifactScraper|Parsing artifact substat: hp+5.8%
2026-09-29 10:55:44.995|DEBUG|ArtifactScraper|Parsing artifact substat: def+5.1%
2026-09-29 10:55:44.995|DEBUG|ArtifactScraper|Parsing artifact substat: def+19(unactivated)
2026-09-29 10:55:45.302|DEBUG|ArtifactScraper|Parsing artifact substat: def+21
2026-09-29 10:55:45.302|DEBUG|ArtifactScraper|Parsing artifact substat: energyrecharge+4.5%
2026-09-29 10:55:45.302|DEBUG|ArtifactScraper|Parsing artifact substat: critdmg+7.0%
2026-09-29 10:55:45.302|DEBUG|ArtifactScraper|Parsing artifact substat: hp+5.8%(unactivated)
2026-09-29 10:55:45.328|DEBUG|ArtifactScraper|Parsing artifact substat: atk+4.1%
2026-09-29 10:55:45.328|DEBUG|ArtifactScraper|Parsing artifact substat: def+19
2026-09-29 10:55:45.328|DEBUG|ArtifactScraper|Parsing artifact substat: energyrecharge+6.5%
2026-09-29 10:55:45.328|DEBUG|ArtifactScraper|Parsing artifact substat: def+5.1%(unactivated)
2026-09-29 10:55:45.659|DEBUG|ArtifactScraper|Parsing artifact substat: def+5.1%
2026-09-29 10:55:45.659|DEBUG|ArtifactScraper|Parsing artifact substat: critrate+3.5%
2026-09-29 10:55:45.659|DEBUG|ArtifactScraper|Parsing artifact substat: def+23
2026-09-29 10:55:45.659|DEBUG|ArtifactScraper|Parsing artifact substat: atk+16(unactivated)
2026-09-29 10:55:45.728|DEBUG|ArtifactScraper|Parsing artifact substat: hp+5.8%
2026-09-29 10:55:45.728|DEBUG|ArtifactScraper|Parsing artifact substat: energyrecharge+5.8%
2026-09-29 10:55:45.728|DEBUG|ArtifactScraper|Parsing artifact substat: critrate+3.5%
2026-09-29 10:55:45.728|DEBUG|ArtifactScraper|Parsing artifact substat: def+7.3%(unactivated)
2026-09-29 10:55:46.012|DEBUG|ArtifactScraper|Parsing artifact substat: def+23
2026-09-29 10:55:46.012|DEBUG|ArtifactScraper|Parsing artifact substat: atk+19
2026-09-29 10:55:46.012|DEBUG|ArtifactScraper|Parsing artifact substat: energyrecharge+4.5%
2026-09-29 10:55:46.012|DEBUG|ArtifactScraper|Parsing artifact substat: elementalmastery+16
2026-09-29 10:55:46.069|DEBUG|ArtifactScraper|Parsing artifact substat: def+6.6%
2026-09-29 10:55:46.069|DEBUG|ArtifactScraper|Parsing artifact substat: atk+19
2026-09-29 10:55:46.069|DEBUG|ArtifactScraper|Parsing artifact substat: atk+5.3%
2026-09-29 10:55:46.069|DEBUG|ArtifactScraper|Parsing artifact substat: def+23(unactivated)
2026-09-29 10:55:46.206|DEBUG|ArtifactScraper|Finished queuing page of artifacts. Scrolling...
2026-09-29 10:55:46.419|DEBUG|ArtifactScraper|Parsing artifact substat: atk+19
2026-09-29 10:55:46.419|DEBUG|ArtifactScraper|Parsing artifact substat: def+7.3%
2026-09-29 10:55:46.419|DEBUG|ArtifactScraper|Parsing artifact substat: def+21
2026-09-29 10:55:46.419|DEBUG|ArtifactScraper|Parsing artifact substat: critdmg+7.0%(unactivated)
2026-09-29 10:55:46.431|DEBUG|ArtifactScraper|Parsing artifact substat: atk+18
2026-09-29 10:55:46.431|DEBUG|ArtifactScraper|Parsing artifact substat: energyrecharge+6.5%
2026-09-29 10:55:46.431|DEBUG|ArtifactScraper|Parsing artifact substat: hp+5.8%
2026-09-29 10:55:46.431|DEBUG|ArtifactScraper|Parsing artifact substat: critrate+3.1%(unactivated)
2026-09-29 10:55:46.727|DEBUG|ArtifactScraper|Parsing artifact substat: atk+16
2026-09-29 10:55:46.727|DEBUG|ArtifactScraper|Parsing artifact substat: hp+4.7%
2026-09-29 10:55:46.727|DEBUG|ArtifactScraper|Parsing artifact substat: energyrecharge+5.8%
2026-09-29 10:55:46.727|DEBUG|ArtifactScraper|Parsing artifact substat: def+21(unactivated)
2026-09-29 10:55:48.484|DEBUG|ArtifactScraper|Scanning artifact page 36
2026-09-29 10:55:48.484|DEBUG|ArtifactScraper|Located 32 possible item locations on page.
2026-09-29 10:55:49.057|DEBUG|ArtifactScraper|Parsing artifact substat: def+16
2026-09-29 10:55:49.057|DEBUG|ArtifactScraper|Parsing artifact substat: critdmg+6.2%
2026-09-29 10:55:49.057|DEBUG|ArtifactScraper|Parsing artifact substat: def+6.6%
2026-09-29 10:55:49.057|DEBUG|ArtifactScraper|Parsing artifact substat: hp+4.7%(unactivated)
2026-09-29 10:55:49.057|DEBUG|ArtifactScraper|Parsing artifact substat: def+5.1%
2026-09-29 10:55:49.057|DEBUG|ArtifactScraper|Parsing artifact substat: atk+5.8%
2026-09-29 10:55:49.057|DEBUG|ArtifactScraper|Parsing artifact substat: def+21
2026-09-29 10:55:49.057|DEBUG|ArtifactScraper|Parsing artifact substat: atk+18(unactivated)
2026-09-29 10:55:49.379|DEBUG|ArtifactScraper|Parsing artifact substat: def+5.8%
2026-09-29 10:55:49.379|DEBUG|ArtifactScraper|Parsing artifact substat: atk+19
2026-09-29 10:55:49.379|DEBUG|ArtifactScraper|Parsing artifact substat: elementalmastery+23
2026-09-29 10:55:49.379|DEBUG|ArtifactScraper|Parsing artifact substat: def+19(unactivated)
2026-09-29 10:55:49.397|DEBUG|ArtifactScraper|Parsing artifact substat: critrate+2.7%
2026-09-29 10:55:49.397|DEBUG|ArtifactScraper|Parsing artifact substat: energyrecharge+5.2%
2026-09-29 10:55:49.397|DEBUG|ArtifactScraper|Parsing artifact substat: hp+5.8%
2026-09-29 10:55:49.397|DEBUG|ArtifactScraper|Parsing artifact substat: def+5.8%(unactivated)
2026-09-29 10:55:49.641|DEBUG|ArtifactScraper|Parsing artifact substat: def+16
2026-09-29 10:55:49.641|DEBUG|ArtifactScraper|Parsing artifact substat: elementalmastery+21
2026-09-29 10:55:49.641|DEBUG|ArtifactScraper|Parsing artifact substat: energyrecharge+5.8%
2026-09-29 10:55:49.641|DEBUG|ArtifactScraper|Parsing artifact substat: hp+5.8%(unactivated)
2026-09-29 10:55:49.938|DEBUG|ArtifactScraper|Parsing artifact substat: atk+4.1%
2026-09-29 10:55:49.938|DEBUG|ArtifactScraper|Parsing artifact substat: def+7.3%
2026-09-29 10:55:49.938|DEBUG|ArtifactScraper|Parsing artifact substat: def+23
2026-09-29 10:55:49.938|DEBUG|ArtifactScraper|Parsing artifact substat: critrate+3.9%
2026-09-29 10:55:49.969|DEBUG|ArtifactScraper|Parsing artifact substat: energyrecharge+5.2%
2026-09-29 10:55:49.969|DEBUG|ArtifactScraper|Parsing artifact substat: def+19
2026-09-29 10:55:49.969|DEBUG|ArtifactScraper|Parsing artifact substat: critdmg+6.2%
2026-09-29 10:55:49.969|DEBUG|ArtifactScraper|Parsing artifact substat: def+7.3%(unactivated)
2026-09-29 10:55:50.253|DEBUG|ArtifactScraper|Parsing artifact substat: def+5.1%
2026-09-29 10:55:50.253|DEBUG|ArtifactScraper|Parsing artifact substat: critrate+3.5%
2026-09-29 10:55:50.253|DEBUG|ArtifactScraper|Parsing artifact substat: hp+5.3%
2026-09-29 10:55:50.253|DEBUG|ArtifactScraper|Parsing artifact substat: elementalmastery+21
2026-09-29 10:55:50.279|DEBUG|ArtifactScraper|Parsing artifact substat: def+16
2026-09-29 10:55:50.279|DEBUG|ArtifactScraper|Parsing artifact substat: atk+4.7%
2026-09-29 10:55:50.279|DEBUG|ArtifactScraper|Parsing artifact substat: critrate+3.5%
2026-09-29 10:55:50.279|DEBUG|ArtifactScraper|Parsing artifact substat: critdmg+7.0%
2026-09-29 10:55:50.592|DEBUG|ArtifactScraper|Parsing artifact substat: hp+4.7%
2026-09-29 10:55:50.592|DEBUG|ArtifactScraper|Parsing artifact substat: hp+269
2026-09-29 10:55:50.592|DEBUG|ArtifactScraper|Parsing artifact substat: atk+5.8%
2026-09-29 10:55:50.592|DEBUG|ArtifactScraper|Parsing artifact substat: elementalmastery+19
2026-09-29 10:55:50.596|DEBUG|ArtifactScraper|Parsing artifact substat: atk+5.3%
2026-09-29 10:55:50.596|DEBUG|ArtifactScraper|Parsing artifact substat: def+5.1%
2026-09-29 10:55:50.596|DEBUG|ArtifactScraper|Parsing artifact substat: critdmg+6.2%
2026-09-29 10:55:50.596|DEBUG|ArtifactScraper|Parsing artifact substat: elementalmastery+23
2026-09-29 10:55:50.872|DEBUG|ArtifactScraper|Parsing artifact substat: hp+269
2026-09-29 10:55:50.872|DEBUG|ArtifactScraper|Parsing artifact substat: atk+4.1%
2026-09-29 10:55:50.872|DEBUG|ArtifactScraper|Parsing artifact substat: elementalmastery+16
2026-09-29 10:55:50.872|DEBUG|ArtifactScraper|Parsing artifact substat: def+19
2026-09-29 10:55:50.940|DEBUG|ArtifactScraper|Parsing artifact substat: hp+4.7%
2026-09-29 10:55:50.940|DEBUG|ArtifactScraper|Parsing artifact substat: elementalmastery+23
2026-09-29 10:55:50.940|DEBUG|ArtifactScraper|Parsing artifact substat: atk+4.1%
2026-09-29 10:55:50.940|DEBUG|ArtifactScraper|Parsing artifact substat: energyrecharge+4.5%
2026-09-29 10:55:51.205|DEBUG|ArtifactScraper|Parsing artifact substat: hp+239
2026-09-29 10:55:51.205|DEBUG|ArtifactScraper|Parsing artifact substat: critdmg+7.8%
2026-09-29 10:55:51.205|DEBUG|ArtifactScraper|Parsing artifact substat: elementalmastery+19
2026-09-29 10:55:51.205|DEBUG|ArtifactScraper|Parsing artifact substat: energyrecharge+5.2%
2026-09-29 10:55:51.303|DEBUG|ArtifactScraper|Parsing artifact substat: hp+239
2026-09-29 10:55:51.303|DEBUG|ArtifactScraper|Parsing artifact substat: elementalmastery+21
2026-09-29 10:55:51.303|DEBUG|ArtifactScraper|Parsing artifact substat: atk+4.7%
2026-09-29 10:55:51.303|DEBUG|ArtifactScraper|Parsing artifact substat: energyrecharge+6.5%
2026-09-29 10:55:51.459|DEBUG|ArtifactScraper|Parsing artifact substat: hp+209
2026-09-29 10:55:51.459|DEBUG|ArtifactScraper|Parsing artifact substat: atk+4.7%
2026-09-29 10:55:51.459|DEBUG|ArtifactScraper|Parsing artifact substat: elementalmastery+23
2026-09-29 10:55:51.459|DEBUG|ArtifactScraper|Parsing artifact substat: critrate+3.5%
2026-09-29 10:55:51.600|DEBUG|ArtifactScraper|Parsing artifact substat: hp+299
2026-09-29 10:55:51.600|DEBUG|ArtifactScraper|Parsing artifact substat: critrate+3.1%
2026-09-29 10:55:51.600|DEBUG|ArtifactScraper|Parsing artifact substat: def+5.8%
2026-09-29 10:55:51.600|DEBUG|ArtifactScraper|Parsing artifact substat: atk+5.8%
2026-09-29 10:55:51.794|DEBUG|ArtifactScraper|Parsing artifact substat: critdmg+5.4%
2026-09-29 10:55:51.794|DEBUG|ArtifactScraper|Parsing artifact substat: atk+4.1%
2026-09-29 10:55:51.794|DEBUG|ArtifactScraper|Parsing artifact substat: hp+209
2026-09-29 10:55:51.794|DEBUG|ArtifactScraper|Parsing artifact substat: def+6.6%
2026-09-29 10:55:51.910|DEBUG|ArtifactScraper|Parsing artifact substat: hp+209
2026-09-29 10:55:51.910|DEBUG|ArtifactScraper|Parsing artifact substat: elementalmastery+19
2026-09-29 10:55:51.910|DEBUG|ArtifactScraper|Parsing artifact substat: critrate+3.5%
2026-09-29 10:55:51.910|DEBUG|ArtifactScraper|Parsing artifact substat: def+19
2026-09-29 10:55:52.151|DEBUG|ArtifactScraper|Parsing artifact substat: critdmg+6.2%
2026-09-29 10:55:52.151|DEBUG|ArtifactScraper|Parsing artifact substat: energyrecharge+4.5%
2026-09-29 10:55:52.151|DEBUG|ArtifactScraper|Parsing artifact substat: elementalmastery+23
2026-09-29 10:55:52.151|DEBUG|ArtifactScraper|Parsing artifact substat: atk+4.7%
2026-09-29 10:55:52.226|DEBUG|ArtifactScraper|Parsing artifact substat: critrate+3.9%
2026-09-29 10:55:52.226|DEBUG|ArtifactScraper|Parsing artifact substat: def+23
2026-09-29 10:55:52.226|DEBUG|ArtifactScraper|Parsing artifact substat: def+6.6%
2026-09-29 10:55:52.226|DEBUG|ArtifactScraper|Parsing artifact substat: atk+4.7%
2026-09-29 10:55:52.431|DEBUG|ArtifactScraper|Parsing artifact substat: critdmg+5.4%
2026-09-29 10:55:52.431|DEBUG|ArtifactScraper|Parsing artifact substat: def+5.8%
2026-09-29 10:55:52.431|DEBUG|ArtifactScraper|Parsing artifact substat: critrate+2.7%
2026-09-29 10:55:52.431|DEBUG|ArtifactScraper|Parsing artifact substat: hp+4.7%
2026-09-29 10:55:52.741|DEBUG|ArtifactScraper|Parsing artifact substat: hp+239
2026-09-29 10:55:52.741|DEBUG|ArtifactScraper|Parsing artifact substat: critrate+3.9%
2026-09-29 10:55:52.741|DEBUG|ArtifactScraper|Parsing artifact substat: atk+5.3%
2026-09-29 10:55:52.741|DEBUG|ArtifactScraper|Parsing artifact substat: critdmg+5.4%
2026-09-29 10:55:52.825|DEBUG|ArtifactScraper|Parsing artifact substat: elementalmastery+21
2026-09-29 10:55:52.825|DEBUG|ArtifactScraper|Parsing artifact substat: energyrecharge+5.2%
2026-09-29 10:55:52.825|DEBUG|ArtifactScraper|Parsing artifact substat: critrate+3.9%
2026-09-29 10:55:52.825|DEBUG|ArtifactScraper|Parsing artifact substat: atk+5.8%
2026-09-29 10:55:53.068|DEBUG|ArtifactScraper|Parsing artifact substat: atk+5.3%
2026-09-29 10:55:53.068|DEBUG|ArtifactScraper|Parsing artifact substat: def+16
2026-09-29 10:55:53.068|DEBUG|ArtifactScraper|Parsing artifact substat: elementalmastery+23
2026-09-29 10:55:53.068|DEBUG|ArtifactScraper|Parsing artifact substat: hp+5.3%
2026-09-29 10:55:53.209|DEBUG|ArtifactScraper|Parsing artifact substat: atk+4.7%
2026-09-29 10:55:53.209|DEBUG|ArtifactScraper|Parsing artifact substat: critdmg+6.2%
2026-09-29 10:55:53.209|DEBUG|ArtifactScraper|Parsing artifact substat: elementalmastery+23
2026-09-29 10:55:53.209|DEBUG|ArtifactScraper|Parsing artifact substat: def+21(unactivated)
2026-09-29 10:55:53.356|DEBUG|ArtifactScraper|Parsing artifact substat: elementalmastery+23
2026-09-29 10:55:53.356|DEBUG|ArtifactScraper|Parsing artifact substat: atk+5.8%
2026-09-29 10:55:53.356|DEBUG|ArtifactScraper|Parsing artifact substat: critdmg+6.2%
2026-09-29 10:55:53.356|DEBUG|ArtifactScraper|Parsing artifact substat: def+6.6%(unactivated)
2026-09-29 10:55:53.544|DEBUG|ArtifactScraper|Parsing artifact substat: elementalmastery+19
2026-09-29 10:55:53.544|DEBUG|ArtifactScraper|Parsing artifact substat: hp+5.8%
2026-09-29 10:55:53.544|DEBUG|ArtifactScraper|Parsing artifact substat: def+21
2026-09-29 10:55:53.544|DEBUG|ArtifactScraper|Parsing artifact substat: hp+299(unactivated)
2026-09-29 10:55:53.662|DEBUG|ArtifactScraper|Parsing artifact substat: critrate+3.9%
2026-09-29 10:55:53.662|DEBUG|ArtifactScraper|Parsing artifact substat: atk+5.3%
2026-09-29 10:55:53.662|DEBUG|ArtifactScraper|Parsing artifact substat: def+5.8%
2026-09-29 10:55:53.662|DEBUG|ArtifactScraper|Parsing artifact substat: hp+269(unactivated)
2026-09-29 10:55:53.848|DEBUG|ArtifactScraper|Finished queuing page of artifacts. Scrolling...
2026-09-29 10:55:53.930|DEBUG|ArtifactScraper|Parsing artifact substat: elementalmastery+21
2026-09-29 10:55:53.930|DEBUG|ArtifactScraper|Parsing artifact substat: energyrecharge+5.8%
2026-09-29 10:55:53.930|DEBUG|ArtifactScraper|Parsing artifact substat: atk+5.3%
2026-09-29 10:55:53.930|DEBUG|ArtifactScraper|Parsing artifact substat: critrate+3.1%(unactivated)
2026-09-29 10:55:54.028|DEBUG|ArtifactScraper|Parsing artifact substat: hp+239
2026-09-29 10:55:54.028|DEBUG|ArtifactScraper|Parsing artifact substat: elementalmastery+21
2026-09-29 10:55:54.028|DEBUG|ArtifactScraper|Parsing artifact substat: critdmg+7.8%
2026-09-29 10:55:54.028|DEBUG|ArtifactScraper|Parsing artifact substat: atk+4.7%(unactivated)
2026-09-29 10:55:54.193|DEBUG|ArtifactScraper|Parsing artifact substat: critdmg+7.8%
2026-09-29 10:55:54.193|DEBUG|ArtifactScraper|Parsing artifact substat: hp+4.1%
2026-09-29 10:55:54.193|DEBUG|ArtifactScraper|Parsing artifact substat: elementalmastery+19
2026-09-29 10:55:54.193|DEBUG|ArtifactScraper|Parsing artifact substat: def+5.8%(unactivated)
2026-09-29 10:55:54.447|DEBUG|ArtifactScraper|Scrolled back one
2026-09-29 10:55:55.869|DEBUG|ArtifactScraper|Scanning artifact page 37
2026-09-29 10:55:55.869|DEBUG|ArtifactScraper|Located 32 possible item locations on page.
2026-09-29 10:55:56.251|DEBUG|ArtifactScraper|Parsing artifact substat: elementalmastery+16
2026-09-29 10:55:56.251|DEBUG|ArtifactScraper|Parsing artifact substat: hp+269
2026-09-29 10:55:56.251|DEBUG|ArtifactScraper|Parsing artifact substat: atk+5.3%
2026-09-29 10:55:56.251|DEBUG|ArtifactScraper|Parsing artifact substat: energyrecharge+5.8%
2026-09-29 10:55:56.549|DEBUG|ArtifactScraper|Parsing artifact substat: energyrecharge+5.2%
2026-09-29 10:55:56.549|DEBUG|ArtifactScraper|Parsing artifact substat: hp+269
2026-09-29 10:55:56.549|DEBUG|ArtifactScraper|Parsing artifact substat: critdmg+7.8%
2026-09-29 10:55:56.549|DEBUG|ArtifactScraper|Parsing artifact substat: atk+5.3%(unactivated)
2026-09-29 10:55:56.638|DEBUG|ArtifactScraper|Parsing artifact substat: energyrecharge+4.5%
2026-09-29 10:55:56.638|DEBUG|ArtifactScraper|Parsing artifact substat: critdmg+7.8%
2026-09-29 10:55:56.638|DEBUG|ArtifactScraper|Parsing artifact substat: elementalmastery+16
2026-09-29 10:55:56.638|DEBUG|ArtifactScraper|Parsing artifact substat: def+23(unactivated)
2026-09-29 10:55:56.868|DEBUG|ArtifactScraper|Parsing artifact substat: critdmg+6.2%
2026-09-29 10:55:56.868|DEBUG|ArtifactScraper|Parsing artifact substat: def+16
2026-09-29 10:55:56.868|DEBUG|ArtifactScraper|Parsing artifact substat: hp+4.7%
2026-09-29 10:55:56.868|DEBUG|ArtifactScraper|Parsing artifact substat: critrate+3.1%(unactivated)
2026-09-29 10:55:56.968|DEBUG|ArtifactScraper|Parsing artifact substat: def+23
2026-09-29 10:55:56.968|DEBUG|ArtifactScraper|Parsing artifact substat: elementalmastery+19
2026-09-29 10:55:56.968|DEBUG|ArtifactScraper|Parsing artifact substat: atk+4.1%
2026-09-29 10:55:56.968|DEBUG|ArtifactScraper|Parsing artifact substat: energyrecharge+5.2%
2026-09-29 10:55:57.179|DEBUG|ArtifactScraper|Parsing artifact substat: critrate+3.1%
2026-09-29 10:55:57.179|DEBUG|ArtifactScraper|Parsing artifact substat: hp+5.3%
2026-09-29 10:55:57.179|DEBUG|ArtifactScraper|Parsing artifact substat: def+23
2026-09-29 10:55:57.179|DEBUG|ArtifactScraper|Parsing artifact substat: elementalmastery+21
2026-09-29 10:55:57.306|DEBUG|ArtifactScraper|Parsing artifact substat: hp+239
2026-09-29 10:55:57.306|DEBUG|ArtifactScraper|Parsing artifact substat: critdmg+7.8%
2026-09-29 10:55:57.306|DEBUG|ArtifactScraper|Parsing artifact substat: critrate+3.1%
2026-09-29 10:55:57.306|DEBUG|ArtifactScraper|Parsing artifact substat: def+7.3%(unactivated)
2026-09-29 10:55:57.523|DEBUG|ArtifactScraper|Parsing artifact substat: def+5.8%
2026-09-29 10:55:57.523|DEBUG|ArtifactScraper|Parsing artifact substat: critrate+3.1%
2026-09-29 10:55:57.523|DEBUG|ArtifactScraper|Parsing artifact substat: energyrecharge+6.5%
2026-09-29 10:55:57.523|DEBUG|ArtifactScraper|Parsing artifact substat: atk+5.8%(unactivated)
2026-09-29 10:55:57.638|DEBUG|ArtifactScraper|Parsing artifact substat: critrate+2.7%
2026-09-29 10:55:57.638|DEBUG|ArtifactScraper|Parsing artifact substat: hp+299
2026-09-29 10:55:57.638|DEBUG|ArtifactScraper|Parsing artifact substat: critdmg+7.8%
2026-09-29 10:55:57.638|DEBUG|ArtifactScraper|Parsing artifact substat: elementalmastery+19
2026-09-29 10:55:57.865|DEBUG|ArtifactScraper|Parsing artifact substat: hp+299
2026-09-29 10:55:57.865|DEBUG|ArtifactScraper|Parsing artifact substat: def+6.6%
2026-09-29 10:55:57.865|DEBUG|ArtifactScraper|Parsing artifact substat: critrate+3.1%
2026-09-29 10:55:57.865|DEBUG|ArtifactScraper|Parsing artifact substat: atk+4.1%(unactivated)
2026-09-29 10:55:57.960|DEBUG|ArtifactScraper|Parsing artifact substat: hp+299
2026-09-29 10:55:57.960|DEBUG|ArtifactScraper|Parsing artifact substat: critrate+3.1%
2026-09-29 10:55:57.960|DEBUG|ArtifactScraper|Parsing artifact substat: def+16
2026-09-29 10:55:57.960|DEBUG|ArtifactScraper|Parsing artifact substat: elementalmastery+16
2026-09-29 10:55:58.254|DEBUG|ArtifactScraper|Parsing artifact substat: energyrecharge+4.5%
2026-09-29 10:55:58.254|DEBUG|ArtifactScraper|Parsing artifact substat: elementalmastery+19
2026-09-29 10:55:58.254|DEBUG|ArtifactScraper|Parsing artifact substat: atk+4.1%
2026-09-29 10:55:58.254|DEBUG|ArtifactScraper|Parsing artifact substat: hp+4.1%(unactivated)
2026-09-29 10:55:58.311|DEBUG|ArtifactScraper|Parsing artifact substat: critdmg+7.8%
2026-09-29 10:55:58.311|DEBUG|ArtifactScraper|Parsing artifact substat: hp+4.7%
2026-09-29 10:55:58.311|DEBUG|ArtifactScraper|Parsing artifact substat: def+21
2026-09-29 10:55:58.311|DEBUG|ArtifactScraper|Parsing artifact substat: atk+4.7%(unactivated)
2026-09-29 10:55:58.576|DEBUG|ArtifactScraper|Parsing artifact substat: hp+5.8%
2026-09-29 10:55:58.576|DEBUG|ArtifactScraper|Parsing artifact substat: atk+4.7%
2026-09-29 10:55:58.576|DEBUG|ArtifactScraper|Parsing artifact substat: critdmg+7.8%
2026-09-29 10:55:58.576|DEBUG|ArtifactScraper|Parsing artifact substat: critrate+3.1%(unactivated)
2026-09-29 10:55:58.654|DEBUG|ArtifactScraper|Parsing artifact substat: critdmg+7.0%
2026-09-29 10:55:58.654|DEBUG|ArtifactScraper|Parsing artifact substat: def+5.8%
2026-09-29 10:55:58.654|DEBUG|ArtifactScraper|Parsing artifact substat: atk+4.7%
2026-09-29 10:55:58.654|DEBUG|ArtifactScraper|Parsing artifact substat: hp+299(unactivated)
2026-09-29 10:55:58.871|DEBUG|ArtifactScraper|Parsing artifact substat: def+7.3%
2026-09-29 10:55:58.871|DEBUG|ArtifactScraper|Parsing artifact substat: critrate+3.5%
2026-09-29 10:55:58.871|DEBUG|ArtifactScraper|Parsing artifact substat: def+16
2026-09-29 10:55:58.871|DEBUG|ArtifactScraper|Parsing artifact substat: critdmg+7.0%(unactivated)
2026-09-29 10:55:59.043|DEBUG|ArtifactScraper|Parsing artifact substat: def+21
2026-09-29 10:55:59.043|DEBUG|ArtifactScraper|Parsing artifact substat: def+5.8%
2026-09-29 10:55:59.043|DEBUG|ArtifactScraper|Parsing artifact substat: elementalmastery+19
2026-09-29 10:55:59.043|DEBUG|ArtifactScraper|Parsing artifact substat: atk+5.3%(unactivated)
2026-09-29 10:55:59.209|DEBUG|ArtifactScraper|Parsing artifact substat: elementalmastery+19
2026-09-29 10:55:59.209|DEBUG|ArtifactScraper|Parsing artifact substat: def+21
2026-09-29 10:55:59.209|DEBUG|ArtifactScraper|Parsing artifact substat: critrate+3.5%
2026-09-29 10:55:59.209|DEBUG|ArtifactScraper|Parsing artifact substat: hp+269(unactivated)
2026-09-29 10:55:59.368|DEBUG|ArtifactScraper|Parsing artifact substat: critrate+3.5%
2026-09-29 10:55:59.368|DEBUG|ArtifactScraper|Parsing artifact substat: hp+269
2026-09-29 10:55:59.368|DEBUG|ArtifactScraper|Parsing artifact substat: def+19
2026-09-29 10:55:59.368|DEBUG|ArtifactScraper|Parsing artifact substat: hp+4.1%
2026-09-29 10:55:59.471|DEBUG|ArtifactScraper|Parsing artifact substat: def+7.3%
2026-09-29 10:55:59.471|DEBUG|ArtifactScraper|Parsing artifact substat: atk+4.1%
2026-09-29 10:55:59.471|DEBUG|ArtifactScraper|Parsing artifact substat: hp+299
2026-09-29 10:55:59.471|DEBUG|ArtifactScraper|Parsing artifact substat: hp+4.1%
2026-09-29 10:55:59.679|DEBUG|ArtifactScraper|Parsing artifact substat: energyrecharge+6.5%
2026-09-29 10:55:59.679|DEBUG|ArtifactScraper|Parsing artifact substat: def+21
2026-09-29 10:55:59.679|DEBUG|ArtifactScraper|Parsing artifact substat: hp+269
2026-09-29 10:55:59.679|DEBUG|ArtifactScraper|Parsing artifact substat: elementalmastery+19
2026-09-29 10:55:59.954|DEBUG|ArtifactScraper|Parsing artifact substat: atk+5.3%
2026-09-29 10:55:59.954|DEBUG|ArtifactScraper|Parsing artifact substat: def+5.8%
2026-09-29 10:55:59.954|DEBUG|ArtifactScraper|Parsing artifact substat: def+16
2026-09-29 10:55:59.954|DEBUG|ArtifactScraper|Parsing artifact substat: hp+5.8%
2026-09-29 10:56:00.033|DEBUG|ArtifactScraper|Parsing artifact substat: def+16
2026-09-29 10:56:00.033|DEBUG|ArtifactScraper|Parsing artifact substat: critrate+3.5%
2026-09-29 10:56:00.033|DEBUG|ArtifactScraper|Parsing artifact substat: hp+299
2026-09-29 10:56:00.033|DEBUG|ArtifactScraper|Parsing artifact substat: energyrecharge+5.2%
2026-09-29 10:56:00.291|DEBUG|ArtifactScraper|Parsing artifact substat: elementalmastery+19
2026-09-29 10:56:00.291|DEBUG|ArtifactScraper|Parsing artifact substat: hp+269
2026-09-29 10:56:00.291|DEBUG|ArtifactScraper|Parsing artifact substat: def+19
2026-09-29 10:56:00.291|DEBUG|ArtifactScraper|Parsing artifact substat: energyrecharge+5.2%
2026-09-29 10:56:00.349|DEBUG|ArtifactScraper|Parsing artifact substat: def+23
2026-09-29 10:56:00.349|DEBUG|ArtifactScraper|Parsing artifact substat: def+5.8%
2026-09-29 10:56:00.349|DEBUG|ArtifactScraper|Parsing artifact substat: hp+5.8%
2026-09-29 10:56:00.349|DEBUG|ArtifactScraper|Parsing artifact substat: elementalmastery+21
2026-09-29 10:56:00.560|DEBUG|ArtifactScraper|Parsing artifact substat: def+16
2026-09-29 10:56:00.560|DEBUG|ArtifactScraper|Parsing artifact substat: def+6.6%
2026-09-29 10:56:00.560|DEBUG|ArtifactScraper|Parsing artifact substat: hp+269
2026-09-29 10:56:00.560|DEBUG|ArtifactScraper|Parsing artifact substat: critdmg+6.2%
2026-09-29 10:56:00.654|DEBUG|ArtifactScraper|Parsing artifact substat: def+19
2026-09-29 10:56:00.654|DEBUG|ArtifactScraper|Parsing artifact substat: hp+239
2026-09-29 10:56:00.654|DEBUG|ArtifactScraper|Parsing artifact substat: energyrecharge+5.8%
2026-09-29 10:56:00.654|DEBUG|ArtifactScraper|Parsing artifact substat: hp+5.8%
2026-09-29 10:56:00.836|DEBUG|ArtifactScraper|Parsing artifact substat: hp+299
2026-09-29 10:56:00.836|DEBUG|ArtifactScraper|Parsing artifact substat: hp+5.3%
2026-09-29 10:56:00.836|DEBUG|ArtifactScraper|Parsing artifact substat: def+23
2026-09-29 10:56:00.836|DEBUG|ArtifactScraper|Parsing artifact substat: energyrecharge+5.8%
2026-09-29 10:56:01.100|DEBUG|ArtifactScraper|Parsing artifact substat: hp+239
2026-09-29 10:56:01.100|DEBUG|ArtifactScraper|Parsing artifact substat: hp+5.3%
2026-09-29 10:56:01.100|DEBUG|ArtifactScraper|Parsing artifact substat: def+21
2026-09-29 10:56:01.100|DEBUG|ArtifactScraper|Parsing artifact substat: critrate+3.9%
2026-09-29 10:56:01.240|DEBUG|ArtifactScraper|Finished queuing page of artifacts. Scrolling...
2026-09-29 10:56:01.240|DEBUG|ArtifactScraper|Parsing artifact substat: hp+269
2026-09-29 10:56:01.240|DEBUG|ArtifactScraper|Parsing artifact substat: elementalmastery+21
2026-09-29 10:56:01.240|DEBUG|ArtifactScraper|Parsing artifact substat: hp+4.1%
2026-09-29 10:56:01.240|DEBUG|ArtifactScraper|Parsing artifact substat: def+19
2026-09-29 10:56:01.411|DEBUG|ArtifactScraper|Parsing artifact substat: critrate+3.1%
2026-09-29 10:56:01.411|DEBUG|ArtifactScraper|Parsing artifact substat: def+21
2026-09-29 10:56:01.411|DEBUG|ArtifactScraper|Parsing artifact substat: energyrecharge+4.5%
2026-09-29 10:56:01.411|DEBUG|ArtifactScraper|Parsing artifact substat: def+6.6%
2026-09-29 10:56:01.516|DEBUG|ArtifactScraper|Parsing artifact substat: hp+269
2026-09-29 10:56:01.516|DEBUG|ArtifactScraper|Parsing artifact substat: atk+4.7%
2026-09-29 10:56:01.516|DEBUG|ArtifactScraper|Parsing artifact substat: hp+4.1%
2026-09-29 10:56:01.516|DEBUG|ArtifactScraper|Parsing artifact substat: def+21
2026-09-29 10:56:03.237|DEBUG|ArtifactScraper|Scanning artifact page 38
2026-09-29 10:56:03.237|DEBUG|ArtifactScraper|Located 32 possible item locations on page.
2026-09-29 10:56:03.719|DEBUG|ArtifactScraper|Parsing artifact substat: hp+209
2026-09-29 10:56:03.719|DEBUG|ArtifactScraper|Parsing artifact substat: def+7.3%
2026-09-29 10:56:03.719|DEBUG|ArtifactScraper|Parsing artifact substat: hp+4.1%
2026-09-29 10:56:03.719|DEBUG|ArtifactScraper|Parsing artifact substat: def+21
2026-09-29 10:56:03.861|DEBUG|ArtifactScraper|Parsing artifact substat: def+23
2026-09-29 10:56:03.861|DEBUG|ArtifactScraper|Parsing artifact substat: critdmg+7.0%
2026-09-29 10:56:03.861|DEBUG|ArtifactScraper|Parsing artifact substat: def+5.8%
2026-09-29 10:56:03.861|DEBUG|ArtifactScraper|Parsing artifact substat: energyrecharge+4.5%
2026-09-29 10:56:04.087|DEBUG|ArtifactScraper|Parsing artifact substat: def+5.1%
2026-09-29 10:56:04.087|DEBUG|ArtifactScraper|Parsing artifact substat: hp+4.1%
2026-09-29 10:56:04.087|DEBUG|ArtifactScraper|Parsing artifact substat: critdmg+5.4%
2026-09-29 10:56:04.087|DEBUG|ArtifactScraper|Parsing artifact substat: def+23(unactivated)
2026-09-29 10:56:04.238|DEBUG|ArtifactScraper|Parsing artifact substat: critrate+3.9%
2026-09-29 10:56:04.238|DEBUG|ArtifactScraper|Parsing artifact substat: energyrecharge+4.5%
2026-09-29 10:56:04.238|DEBUG|ArtifactScraper|Parsing artifact substat: hp+5.8%
2026-09-29 10:56:04.238|DEBUG|ArtifactScraper|Parsing artifact substat: def+21(unactivated)
2026-09-29 10:56:04.459|DEBUG|ArtifactScraper|Parsing artifact substat: def+5.8%
2026-09-29 10:56:04.459|DEBUG|ArtifactScraper|Parsing artifact substat: atk+5.8%
2026-09-29 10:56:04.459|DEBUG|ArtifactScraper|Parsing artifact substat: hp+4.1%
2026-09-29 10:56:04.459|DEBUG|ArtifactScraper|Parsing artifact substat: def+23(unactivated)
2026-09-29 10:56:04.661|DEBUG|ArtifactScraper|Parsing artifact substat: hp+4.1%
2026-09-29 10:56:04.661|DEBUG|ArtifactScraper|Parsing artifact substat: elementalmastery+21
2026-09-29 10:56:04.661|DEBUG|ArtifactScraper|Parsing artifact substat: energyrecharge+5.2%
2026-09-29 10:56:04.661|DEBUG|ArtifactScraper|Parsing artifact substat: def+21(unactivated)
2026-09-29 10:56:04.764|DEBUG|ArtifactScraper|Parsing artifact substat: energyrecharge+6.5%
2026-09-29 10:56:04.764|DEBUG|ArtifactScraper|Parsing artifact substat: hp+239
2026-09-29 10:56:04.764|DEBUG|ArtifactScraper|Parsing artifact substat: def+21
2026-09-29 10:56:04.764|DEBUG|ArtifactScraper|Parsing artifact substat: elementalmastery+19
2026-09-29 10:56:05.043|DEBUG|ArtifactScraper|Parsing artifact substat: critrate+3.1%
2026-09-29 10:56:05.043|DEBUG|ArtifactScraper|Parsing artifact substat: def+16
2026-09-29 10:56:05.043|DEBUG|ArtifactScraper|Parsing artifact substat: elementalmastery+23
2026-09-29 10:56:05.043|DEBUG|ArtifactScraper|Parsing artifact substat: atk+14
2026-09-29 10:56:05.092|DEBUG|ArtifactScraper|Parsing artifact substat: hp+5.8%
2026-09-29 10:56:05.092|DEBUG|ArtifactScraper|Parsing artifact substat: elementalmastery+19
2026-09-29 10:56:05.092|DEBUG|ArtifactScraper|Parsing artifact substat: hp+209
2026-09-29 10:56:05.092|DEBUG|ArtifactScraper|Parsing artifact substat: atk+16
2026-09-29 10:56:05.380|DEBUG|ArtifactScraper|Parsing artifact substat: hp+4.7%
2026-09-29 10:56:05.380|DEBUG|ArtifactScraper|Parsing artifact substat: critrate+3.9%
2026-09-29 10:56:05.380|DEBUG|ArtifactScraper|Parsing artifact substat: def+5.8%
2026-09-29 10:56:05.380|DEBUG|ArtifactScraper|Parsing artifact substat: hp+299
2026-09-29 10:56:05.429|DEBUG|ArtifactScraper|Parsing artifact substat: hp+299
2026-09-29 10:56:05.429|DEBUG|ArtifactScraper|Parsing artifact substat: atk+5.3%
2026-09-29 10:56:05.429|DEBUG|ArtifactScraper|Parsing artifact substat: critrate+3.5%
2026-09-29 10:56:05.429|DEBUG|ArtifactScraper|Parsing artifact substat: energyrecharge+5.2%
2026-09-29 10:56:05.726|DEBUG|ArtifactScraper|Parsing artifact substat: hp+4.1%
2026-09-29 10:56:05.726|DEBUG|ArtifactScraper|Parsing artifact substat: def+16
2026-09-29 10:56:05.726|DEBUG|ArtifactScraper|Parsing artifact substat: energyrecharge+6.5%
2026-09-29 10:56:05.726|DEBUG|ArtifactScraper|Parsing artifact substat: def+7.3%
2026-09-29 10:56:05.767|DEBUG|ArtifactScraper|Parsing artifact substat: def+19
2026-09-29 10:56:05.767|DEBUG|ArtifactScraper|Parsing artifact substat: energyrecharge+5.2%
2026-09-29 10:56:05.767|DEBUG|ArtifactScraper|Parsing artifact substat: elementalmastery+21
2026-09-29 10:56:05.767|DEBUG|ArtifactScraper|Parsing artifact substat: hp+209
2026-09-29 10:56:06.081|DEBUG|ArtifactScraper|Parsing artifact substat: hp+209
2026-09-29 10:56:06.081|DEBUG|ArtifactScraper|Parsing artifact substat: energyrecharge+5.2%
2026-09-29 10:56:06.081|DEBUG|ArtifactScraper|Parsing artifact substat: critdmg+7.0%
2026-09-29 10:56:06.081|DEBUG|ArtifactScraper|Parsing artifact substat: def+19
2026-09-29 10:56:06.081|DEBUG|ArtifactScraper|Parsing artifact substat: def+23
2026-09-29 10:56:06.081|DEBUG|ArtifactScraper|Parsing artifact substat: atk+5.3%
2026-09-29 10:56:06.081|DEBUG|ArtifactScraper|Parsing artifact substat: atk+19
2026-09-29 10:56:06.081|DEBUG|ArtifactScraper|Parsing artifact substat: critdmg+7.0%
2026-09-29 10:56:06.410|DEBUG|ArtifactScraper|Parsing artifact substat: atk+19
2026-09-29 10:56:06.410|DEBUG|ArtifactScraper|Parsing artifact substat: def+23
2026-09-29 10:56:06.410|DEBUG|ArtifactScraper|Parsing artifact substat: critdmg+7.0%
2026-09-29 10:56:06.410|DEBUG|ArtifactScraper|Parsing artifact substat: energyrecharge+5.2%
2026-09-29 10:56:06.493|DEBUG|ArtifactScraper|Parsing artifact substat: critrate+3.5%
2026-09-29 10:56:06.493|DEBUG|ArtifactScraper|Parsing artifact substat: elementalmastery+23
2026-09-29 10:56:06.493|DEBUG|ArtifactScraper|Parsing artifact substat: atk+14
2026-09-29 10:56:06.493|DEBUG|ArtifactScraper|Parsing artifact substat: critdmg+7.8%
2026-09-29 10:56:06.783|DEBUG|ArtifactScraper|Parsing artifact substat: critrate+2.7%
2026-09-29 10:56:06.783|DEBUG|ArtifactScraper|Parsing artifact substat: elementalmastery+23
2026-09-29 10:56:06.783|DEBUG|ArtifactScraper|Parsing artifact substat: hp+4.7%
2026-09-29 10:56:06.783|DEBUG|ArtifactScraper|Parsing artifact substat: atk+19(unactivated)
2026-09-29 10:56:06.783|DEBUG|ArtifactScraper|Parsing artifact substat: def+19
2026-09-29 10:56:06.783|DEBUG|ArtifactScraper|Parsing artifact substat: critdmg+7.0%
2026-09-29 10:56:06.783|DEBUG|ArtifactScraper|Parsing artifact substat: atk+14
2026-09-29 10:56:06.783|DEBUG|ArtifactScraper|Parsing artifact substat: energyrecharge+5.2%
2026-09-29 10:56:07.122|DEBUG|ArtifactScraper|Parsing artifact substat: hp+5.3%
2026-09-29 10:56:07.122|DEBUG|ArtifactScraper|Parsing artifact substat: hp+299
2026-09-29 10:56:07.122|DEBUG|ArtifactScraper|Parsing artifact substat: def+23
2026-09-29 10:56:07.122|DEBUG|ArtifactScraper|Parsing artifact substat: energyrecharge+5.8%
2026-09-29 10:56:07.208|DEBUG|ArtifactScraper|Parsing artifact substat: atk+19
2026-09-29 10:56:07.208|DEBUG|ArtifactScraper|Parsing artifact substat: energyrecharge+6.5%
2026-09-29 10:56:07.208|DEBUG|ArtifactScraper|Parsing artifact substat: critrate+3.5%
2026-09-29 10:56:07.208|DEBUG|ArtifactScraper|Parsing artifact substat: def+5.1%(unactivated)
2026-09-29 10:56:07.464|DEBUG|ArtifactScraper|Parsing artifact substat: atk+14
2026-09-29 10:56:07.464|DEBUG|ArtifactScraper|Parsing artifact substat: atk+4.7%
2026-09-29 10:56:07.464|DEBUG|ArtifactScraper|Parsing artifact substat: energyrecharge+6.5%
2026-09-29 10:56:07.464|DEBUG|ArtifactScraper|Parsing artifact substat: critdmg+7.8%(unactivated)
2026-09-29 10:56:07.541|DEBUG|ArtifactScraper|Parsing artifact substat: hp+5.8%
2026-09-29 10:56:07.541|DEBUG|ArtifactScraper|Parsing artifact substat: atk+18
2026-09-29 10:56:07.541|DEBUG|ArtifactScraper|Parsing artifact substat: critrate+2.7%
2026-09-29 10:56:07.541|DEBUG|ArtifactScraper|Parsing artifact substat: critdmg+6.2%(unactivated)
2026-09-29 10:56:07.878|DEBUG|ArtifactScraper|Parsing artifact substat: atk+19
2026-09-29 10:56:07.878|DEBUG|ArtifactScraper|Parsing artifact substat: energyrecharge+5.8%
2026-09-29 10:56:07.878|DEBUG|ArtifactScraper|Parsing artifact substat: critrate+3.9%
2026-09-29 10:56:07.878|DEBUG|ArtifactScraper|Parsing artifact substat: hp+4.7%(unactivated)
2026-09-29 10:56:07.878|DEBUG|ArtifactScraper|Parsing artifact substat: elementalmastery+23
2026-09-29 10:56:07.878|DEBUG|ArtifactScraper|Parsing artifact substat: def+21
2026-09-29 10:56:07.878|DEBUG|ArtifactScraper|Parsing artifact substat: critdmg+7.8%
2026-09-29 10:56:07.878|DEBUG|ArtifactScraper|Parsing artifact substat: hp+209(unactivated)
2026-09-29 10:56:08.184|DEBUG|ArtifactScraper|Parsing artifact substat: atk+18
2026-09-29 10:56:08.184|DEBUG|ArtifactScraper|Parsing artifact substat: atk+4.1%
2026-09-29 10:56:08.184|DEBUG|ArtifactScraper|Parsing artifact substat: hp+269
2026-09-29 10:56:08.184|DEBUG|ArtifactScraper|Parsing artifact substat: critrate+3.1%(unactivated)
2026-09-29 10:56:08.301|DEBUG|ArtifactScraper|Parsing artifact substat: energyrecharge+5.2%
2026-09-29 10:56:08.301|DEBUG|ArtifactScraper|Parsing artifact substat: hp+209
2026-09-29 10:56:08.301|DEBUG|ArtifactScraper|Parsing artifact substat: def+21
2026-09-29 10:56:08.301|DEBUG|ArtifactScraper|Parsing artifact substat: critrate+3.9%(unactivated)
2026-09-29 10:56:08.612|DEBUG|ArtifactScraper|Parsing artifact substat: hp+209
2026-09-29 10:56:08.612|DEBUG|ArtifactScraper|Parsing artifact substat: atk+14
2026-09-29 10:56:08.612|DEBUG|ArtifactScraper|Parsing artifact substat: critrate+2.7%
2026-09-29 10:56:08.612|DEBUG|ArtifactScraper|Parsing artifact substat: elementalmastery+21
2026-09-29 10:56:08.628|DEBUG|ArtifactScraper|Parsing artifact substat: energyrecharge+4.5%
2026-09-29 10:56:08.628|DEBUG|ArtifactScraper|Parsing artifact substat: def+23
2026-09-29 10:56:08.628|DEBUG|ArtifactScraper|Parsing artifact substat: elementalmastery+19
2026-09-29 10:56:08.628|DEBUG|ArtifactScraper|Parsing artifact substat: hp+299(unactivated)
2026-09-29 10:56:08.688|DEBUG|ArtifactScraper|Finished queuing page of artifacts. Scrolling...
2026-09-29 10:56:08.725|DEBUG|ArtifactScraper|Parsing artifact substat: hp+4.7%
2026-09-29 10:56:08.725|DEBUG|ArtifactScraper|Parsing artifact substat: hp+239
2026-09-29 10:56:08.725|DEBUG|ArtifactScraper|Parsing artifact substat: atk+16
2026-09-29 10:56:08.725|DEBUG|ArtifactScraper|Parsing artifact substat: critrate+3.5%(unactivated)
2026-09-29 10:56:09.017|DEBUG|ArtifactScraper|Parsing artifact substat: critrate+3.5%
2026-09-29 10:56:09.017|DEBUG|ArtifactScraper|Parsing artifact substat: critdmg+7.8%
2026-09-29 10:56:09.017|DEBUG|ArtifactScraper|Parsing artifact substat: hp+5.3%
2026-09-29 10:56:09.018|DEBUG|ArtifactScraper|Parsing artifact substat: hp+209(unactivated)
2026-09-29 10:56:09.105|DEBUG|ArtifactScraper|Parsing artifact substat: def+19
2026-09-29 10:56:09.105|DEBUG|ArtifactScraper|Parsing artifact substat: critdmg+6.2%
2026-09-29 10:56:09.105|DEBUG|ArtifactScraper|Parsing artifact substat: critrate+3.1%
2026-09-29 10:56:09.105|DEBUG|ArtifactScraper|Parsing artifact substat: atk+19(unactivated)
2026-09-29 10:56:11.174|DEBUG|ArtifactScraper|Scanning artifact page 39
2026-09-29 10:56:11.174|DEBUG|ArtifactScraper|Located 32 possible item locations on page.
2026-09-29 10:56:11.686|DEBUG|ArtifactScraper|Parsing artifact substat: elementalmastery+19
2026-09-29 10:56:11.686|DEBUG|ArtifactScraper|Parsing artifact substat: hp+209
2026-09-29 10:56:11.686|DEBUG|ArtifactScraper|Parsing artifact substat: hp+4.7%
2026-09-29 10:56:11.686|DEBUG|ArtifactScraper|Parsing artifact substat: atk+18(unactivated)
2026-09-29 10:56:11.848|DEBUG|ArtifactScraper|Parsing artifact substat: critrate+3.9%
2026-09-29 10:56:11.848|DEBUG|ArtifactScraper|Parsing artifact substat: elementalmastery+16
2026-09-29 10:56:11.848|DEBUG|ArtifactScraper|Parsing artifact substat: atk+4.1%
2026-09-29 10:56:11.848|DEBUG|ArtifactScraper|Parsing artifact substat: critdmg+6.2%(unactivated)
2026-09-29 10:56:11.999|DEBUG|ArtifactScraper|Parsing artifact substat: atk+19
2026-09-29 10:56:11.999|DEBUG|ArtifactScraper|Parsing artifact substat: hp+269
2026-09-29 10:56:11.999|DEBUG|ArtifactScraper|Parsing artifact substat: def+19
2026-09-29 10:56:11.999|DEBUG|ArtifactScraper|Parsing artifact substat: atk+4.1%
2026-09-29 10:56:12.197|DEBUG|ArtifactScraper|Parsing artifact substat: atk+4.1%
2026-09-29 10:56:12.197|DEBUG|ArtifactScraper|Parsing artifact substat: critrate+3.1%
2026-09-29 10:56:12.197|DEBUG|ArtifactScraper|Parsing artifact substat: atk+19
2026-09-29 10:56:12.197|DEBUG|ArtifactScraper|Parsing artifact substat: hp+4.7%
2026-09-29 10:56:12.363|DEBUG|ArtifactScraper|Parsing artifact substat: elementalmastery+16
2026-09-29 10:56:12.363|DEBUG|ArtifactScraper|Parsing artifact substat: atk+18
2026-09-29 10:56:12.363|DEBUG|ArtifactScraper|Parsing artifact substat: hp+209
2026-09-29 10:56:12.363|DEBUG|ArtifactScraper|Parsing artifact substat: hp+4.1%
2026-09-29 10:56:12.561|DEBUG|ArtifactScraper|Parsing artifact substat: atk+14
2026-09-29 10:56:12.561|DEBUG|ArtifactScraper|Parsing artifact substat: def+19
2026-09-29 10:56:12.561|DEBUG|ArtifactScraper|Parsing artifact substat: elementalmastery+16
2026-09-29 10:56:12.561|DEBUG|ArtifactScraper|Parsing artifact substat: atk+5.3%
2026-09-29 10:56:12.698|DEBUG|ArtifactScraper|Parsing artifact substat: def+7.3%
2026-09-29 10:56:12.698|DEBUG|ArtifactScraper|Parsing artifact substat: hp+209
2026-09-29 10:56:12.698|DEBUG|ArtifactScraper|Parsing artifact substat: atk+16
2026-09-29 10:56:12.698|DEBUG|ArtifactScraper|Parsing artifact substat: def+16
2026-09-29 10:56:12.878|DEBUG|ArtifactScraper|Parsing artifact substat: energyrecharge+4.5%
2026-09-29 10:56:12.878|DEBUG|ArtifactScraper|Parsing artifact substat: hp+299
2026-09-29 10:56:12.878|DEBUG|ArtifactScraper|Parsing artifact substat: def+7.3%
2026-09-29 10:56:12.878|DEBUG|ArtifactScraper|Parsing artifact substat: def+23
2026-09-29 10:56:13.107|DEBUG|ArtifactScraper|Parsing artifact substat: energyrecharge+5.2%
2026-09-29 10:56:13.107|DEBUG|ArtifactScraper|Parsing artifact substat: elementalmastery+21
2026-09-29 10:56:13.107|DEBUG|ArtifactScraper|Parsing artifact substat: def+23
2026-09-29 10:56:13.107|DEBUG|ArtifactScraper|Parsing artifact substat: critdmg+5.4%
2026-09-29 10:56:13.186|DEBUG|ArtifactScraper|Parsing artifact substat: atk+18
2026-09-29 10:56:13.186|DEBUG|ArtifactScraper|Parsing artifact substat: def+16
2026-09-29 10:56:13.186|DEBUG|ArtifactScraper|Parsing artifact substat: critdmg+7.8%
2026-09-29 10:56:13.186|DEBUG|ArtifactScraper|Parsing artifact substat: atk+5.8%
2026-09-29 10:56:13.477|DEBUG|ArtifactScraper|Parsing artifact substat: atk+19
2026-09-29 10:56:13.477|DEBUG|ArtifactScraper|Parsing artifact substat: critrate+3.5%
2026-09-29 10:56:13.477|DEBUG|ArtifactScraper|Parsing artifact substat: def+19
2026-09-29 10:56:13.477|DEBUG|ArtifactScraper|Parsing artifact substat: hp+299
2026-09-29 10:56:13.544|DEBUG|ArtifactScraper|Parsing artifact substat: hp+239
2026-09-29 10:56:13.544|DEBUG|ArtifactScraper|Parsing artifact substat: critrate+2.7%
2026-09-29 10:56:13.544|DEBUG|ArtifactScraper|Parsing artifact substat: atk+4.1%
2026-09-29 10:56:13.544|DEBUG|ArtifactScraper|Parsing artifact substat: hp+4.7%
2026-09-29 10:56:13.750|DEBUG|ArtifactScraper|Parsing artifact substat: atk+14
2026-09-29 10:56:13.750|DEBUG|ArtifactScraper|Parsing artifact substat: def+5.8%
2026-09-29 10:56:13.750|DEBUG|ArtifactScraper|Parsing artifact substat: def+21
2026-09-29 10:56:13.750|DEBUG|ArtifactScraper|Parsing artifact substat: critdmg+5.4%
2026-09-29 10:56:13.951|DEBUG|ArtifactScraper|Parsing artifact substat: atk+18
2026-09-29 10:56:13.951|DEBUG|ArtifactScraper|Parsing artifact substat: hp+269
2026-09-29 10:56:13.951|DEBUG|ArtifactScraper|Parsing artifact substat: energyrecharge+5.2%
2026-09-29 10:56:13.951|DEBUG|ArtifactScraper|Parsing artifact substat: elementalmastery+21
2026-09-29 10:56:14.076|DEBUG|ArtifactScraper|Parsing artifact substat: critrate+2.7%
2026-09-29 10:56:14.076|DEBUG|ArtifactScraper|Parsing artifact substat: def+5.1%
2026-09-29 10:56:14.076|DEBUG|ArtifactScraper|Parsing artifact substat: atk+18
2026-09-29 10:56:14.076|DEBUG|ArtifactScraper|Parsing artifact substat: def+23
2026-09-29 10:56:14.300|DEBUG|ArtifactScraper|Parsing artifact substat: hp+269
2026-09-29 10:56:14.300|DEBUG|ArtifactScraper|Parsing artifact substat: def+21
2026-09-29 10:56:14.300|DEBUG|ArtifactScraper|Parsing artifact substat: atk+16
2026-09-29 10:56:14.300|DEBUG|ArtifactScraper|Parsing artifact substat: def+5.1%
2026-09-29 10:56:14.395|DEBUG|ArtifactScraper|Parsing artifact substat: def+21
2026-09-29 10:56:14.395|DEBUG|ArtifactScraper|Parsing artifact substat: critdmg+7.8%
2026-09-29 10:56:14.395|DEBUG|ArtifactScraper|Parsing artifact substat: atk+14
2026-09-29 10:56:14.395|DEBUG|ArtifactScraper|Parsing artifact substat: energyrecharge+5.8%
2026-09-29 10:56:14.703|DEBUG|ArtifactScraper|Parsing artifact substat: hp+5.8%
2026-09-29 10:56:14.703|DEBUG|ArtifactScraper|Parsing artifact substat: critdmg+7.8%
2026-09-29 10:56:14.703|DEBUG|ArtifactScraper|Parsing artifact substat: elementalmastery+19
2026-09-29 10:56:14.703|DEBUG|ArtifactScraper|Parsing artifact substat: hp+209(unactivated)
2026-09-29 10:56:14.737|DEBUG|ArtifactScraper|Parsing artifact substat: atk+16
2026-09-29 10:56:14.737|DEBUG|ArtifactScraper|Parsing artifact substat: hp+299
2026-09-29 10:56:14.737|DEBUG|ArtifactScraper|Parsing artifact substat: critdmg+7.0%
2026-09-29 10:56:14.737|DEBUG|ArtifactScraper|Parsing artifact substat: elementalmastery+21
2026-09-29 10:56:15.063|DEBUG|ArtifactScraper|Parsing artifact substat: energyrecharge+5.2%
2026-09-29 10:56:15.064|DEBUG|ArtifactScraper|Parsing artifact substat: atk+4.1%
2026-09-29 10:56:15.064|DEBUG|ArtifactScraper|Parsing artifact substat: atk+18
2026-09-29 10:56:15.064|DEBUG|ArtifactScraper|Parsing artifact substat: def+5.8%(unactivated)
2026-09-29 10:56:15.064|DEBUG|ArtifactScraper|Parsing artifact substat: def+5.8%
2026-09-29 10:56:15.064|DEBUG|ArtifactScraper|Parsing artifact substat: hp+239
2026-09-29 10:56:15.064|DEBUG|ArtifactScraper|Parsing artifact substat: atk+4.7%
2026-09-29 10:56:15.064|DEBUG|ArtifactScraper|Parsing artifact substat: atk+19(unactivated)
2026-09-29 10:56:15.406|DEBUG|ArtifactScraper|Parsing artifact substat: hp+239
2026-09-29 10:56:15.406|DEBUG|ArtifactScraper|Parsing artifact substat: critdmg+7.8%
2026-09-29 10:56:15.406|DEBUG|ArtifactScraper|Parsing artifact substat: elementalmastery+21
2026-09-29 10:56:15.406|DEBUG|ArtifactScraper|Parsing artifact substat: energyrecharge+5.8%
2026-09-29 10:56:15.446|DEBUG|ArtifactScraper|Parsing artifact substat: def+21
2026-09-29 10:56:15.446|DEBUG|ArtifactScraper|Parsing artifact substat: critrate+3.1%
2026-09-29 10:56:15.446|DEBUG|ArtifactScraper|Parsing artifact substat: hp+4.1%
2026-09-29 10:56:15.446|DEBUG|ArtifactScraper|Parsing artifact substat: atk+18(unactivated)
2026-09-29 10:56:15.740|DEBUG|ArtifactScraper|Parsing artifact substat: def+5.1%
2026-09-29 10:56:15.740|DEBUG|ArtifactScraper|Parsing artifact substat: elementalmastery+21
2026-09-29 10:56:15.740|DEBUG|ArtifactScraper|Parsing artifact substat: hp+299
2026-09-29 10:56:15.740|DEBUG|ArtifactScraper|Parsing artifact substat: def+19(unactivated)
2026-09-29 10:56:15.794|DEBUG|ArtifactScraper|Parsing artifact substat: atk+18
2026-09-29 10:56:15.794|DEBUG|ArtifactScraper|Parsing artifact substat: atk+4.7%
2026-09-29 10:56:15.794|DEBUG|ArtifactScraper|Parsing artifact substat: hp+269
2026-09-29 10:56:15.794|DEBUG|ArtifactScraper|Parsing artifact substat: critdmg+5.4%(unactivated)
2026-09-29 10:56:16.103|DEBUG|ArtifactScraper|Parsing artifact substat: atk+4.1%
2026-09-29 10:56:16.103|DEBUG|ArtifactScraper|Parsing artifact substat: hp+5.8%
2026-09-29 10:56:16.103|DEBUG|ArtifactScraper|Parsing artifact substat: critdmg+7.0%
2026-09-29 10:56:16.103|DEBUG|ArtifactScraper|Parsing artifact substat: hp+239(unactivated)
2026-09-29 10:56:16.162|DEBUG|ArtifactScraper|Parsing artifact substat: critdmg+6.2%
2026-09-29 10:56:16.162|DEBUG|ArtifactScraper|Parsing artifact substat: hp+209
2026-09-29 10:56:16.162|DEBUG|ArtifactScraper|Parsing artifact substat: elementalmastery+16
2026-09-29 10:56:16.162|DEBUG|ArtifactScraper|Parsing artifact substat: atk+16(unactivated)
2026-09-29 10:56:16.440|DEBUG|ArtifactScraper|Parsing artifact substat: critdmg+7.0%
2026-09-29 10:56:16.440|DEBUG|ArtifactScraper|Parsing artifact substat: atk+14
2026-09-29 10:56:16.440|DEBUG|ArtifactScraper|Parsing artifact substat: def+16
2026-09-29 10:56:16.440|DEBUG|ArtifactScraper|Parsing artifact substat: hp+209(unactivated)
2026-09-29 10:56:16.478|DEBUG|ArtifactScraper|Parsing artifact substat: def+19
2026-09-29 10:56:16.478|DEBUG|ArtifactScraper|Parsing artifact substat: hp+269
2026-09-29 10:56:16.478|DEBUG|ArtifactScraper|Parsing artifact substat: atk+19
2026-09-29 10:56:16.478|DEBUG|ArtifactScraper|Parsing artifact substat: def+5.8%(unactivated)
2026-09-29 10:56:16.580|DEBUG|ArtifactScraper|Finished queuing page of artifacts. Scrolling...
2026-09-29 10:56:16.820|DEBUG|ArtifactScraper|Parsing artifact substat: def+21
2026-09-29 10:56:16.820|DEBUG|ArtifactScraper|Parsing artifact substat: atk+18
2026-09-29 10:56:16.820|DEBUG|ArtifactScraper|Parsing artifact substat: hp+239
2026-09-29 10:56:16.820|DEBUG|ArtifactScraper|Parsing artifact substat: atk+5.8%(unactivated)
2026-09-29 10:56:16.831|DEBUG|ArtifactScraper|Parsing artifact substat: hp+269
2026-09-29 10:56:16.831|DEBUG|ArtifactScraper|Parsing artifact substat: elementalmastery+19
2026-09-29 10:56:16.831|DEBUG|ArtifactScraper|Parsing artifact substat: def+5.8%
2026-09-29 10:56:16.831|DEBUG|ArtifactScraper|Parsing artifact substat: def+19(unactivated)
2026-09-29 10:56:17.068|DEBUG|ArtifactScraper|Parsing artifact substat: hp+239
2026-09-29 10:56:17.068|DEBUG|ArtifactScraper|Parsing artifact substat: elementalmastery+19
2026-09-29 10:56:17.068|DEBUG|ArtifactScraper|Parsing artifact substat: atk+19
2026-09-29 10:56:17.068|DEBUG|ArtifactScraper|Parsing artifact substat: def+6.6%
2026-09-29 10:56:18.792|DEBUG|ArtifactScraper|Scanning artifact page 40
2026-09-29 10:56:18.792|DEBUG|ArtifactScraper|Located 32 possible item locations on page.
2026-09-29 10:56:19.154|DEBUG|ArtifactScraper|Parsing artifact substat: atk+14
2026-09-29 10:56:19.154|DEBUG|ArtifactScraper|Parsing artifact substat: hp+209
2026-09-29 10:56:19.154|DEBUG|ArtifactScraper|Parsing artifact substat: critdmg+6.2%
2026-09-29 10:56:19.154|DEBUG|ArtifactScraper|Parsing artifact substat: elementalmastery+23
2026-09-29 10:56:19.382|DEBUG|ArtifactScraper|Parsing artifact substat: critrate+2.7%
2026-09-29 10:56:19.382|DEBUG|ArtifactScraper|Parsing artifact substat: atk+14
2026-09-29 10:56:19.382|DEBUG|ArtifactScraper|Parsing artifact substat: atk+4.1%
2026-09-29 10:56:19.382|DEBUG|ArtifactScraper|Parsing artifact substat: def+19
2026-09-29 10:56:19.660|DEBUG|ArtifactScraper|Parsing artifact substat: hp+5.8%
2026-09-29 10:56:19.660|DEBUG|ArtifactScraper|Parsing artifact substat: hp+299
2026-09-29 10:56:19.660|DEBUG|ArtifactScraper|Parsing artifact substat: critdmg+6.2%
2026-09-29 10:56:19.660|DEBUG|ArtifactScraper|Parsing artifact substat: atk+19
2026-09-29 10:56:19.740|DEBUG|ArtifactScraper|Parsing artifact substat: elementalmastery+16
2026-09-29 10:56:19.740|DEBUG|ArtifactScraper|Parsing artifact substat: energyrecharge+5.2%
2026-09-29 10:56:19.740|DEBUG|ArtifactScraper|Parsing artifact substat: hp+269
2026-09-29 10:56:19.740|DEBUG|ArtifactScraper|Parsing artifact substat: hp+4.7%
2026-09-29 10:56:20.010|DEBUG|ArtifactScraper|Parsing artifact substat: energyrecharge+5.2%
2026-09-29 10:56:20.010|DEBUG|ArtifactScraper|Parsing artifact substat: atk+19
2026-09-29 10:56:20.010|DEBUG|ArtifactScraper|Parsing artifact substat: critrate+3.1%
2026-09-29 10:56:20.010|DEBUG|ArtifactScraper|Parsing artifact substat: hp+4.1%
2026-09-29 10:56:20.066|DEBUG|ArtifactScraper|Parsing artifact substat: elementalmastery+21
2026-09-29 10:56:20.066|DEBUG|ArtifactScraper|Parsing artifact substat: def+19
2026-09-29 10:56:20.066|DEBUG|ArtifactScraper|Parsing artifact substat: atk+4.7%
2026-09-29 10:56:20.066|DEBUG|ArtifactScraper|Parsing artifact substat: def+5.8%
2026-09-29 10:56:20.300|DEBUG|ArtifactScraper|Parsing artifact substat: elementalmastery+23
2026-09-29 10:56:20.300|DEBUG|ArtifactScraper|Parsing artifact substat: energyrecharge+5.8%
2026-09-29 10:56:20.300|DEBUG|ArtifactScraper|Parsing artifact substat: def+6.6%
2026-09-29 10:56:20.300|DEBUG|ArtifactScraper|Parsing artifact substat: hp+299
2026-09-29 10:56:20.455|DEBUG|ArtifactScraper|Parsing artifact substat: atk+18
2026-09-29 10:56:20.455|DEBUG|ArtifactScraper|Parsing artifact substat: critrate+3.5%
2026-09-29 10:56:20.455|DEBUG|ArtifactScraper|Parsing artifact substat: elementalmastery+21
2026-09-29 10:56:20.455|DEBUG|ArtifactScraper|Parsing artifact substat: energyrecharge+5.8%
2026-09-29 10:56:20.618|DEBUG|ArtifactScraper|Parsing artifact substat: def+6.6%
2026-09-29 10:56:20.618|DEBUG|ArtifactScraper|Parsing artifact substat: critrate+3.9%
2026-09-29 10:56:20.618|DEBUG|ArtifactScraper|Parsing artifact substat: critdmg+5.4%
2026-09-29 10:56:20.618|DEBUG|ArtifactScraper|Parsing artifact substat: def+21
2026-09-29 10:56:20.823|DEBUG|ArtifactScraper|Parsing artifact substat: hp+269
2026-09-29 10:56:20.823|DEBUG|ArtifactScraper|Parsing artifact substat: def+23
2026-09-29 10:56:20.823|DEBUG|ArtifactScraper|Parsing artifact substat: energyrecharge+5.8%
2026-09-29 10:56:20.823|DEBUG|ArtifactScraper|Parsing artifact substat: elementalmastery+16
2026-09-29 10:56:20.903|DEBUG|ArtifactScraper|Parsing artifact substat: atk+16
2026-09-29 10:56:20.903|DEBUG|ArtifactScraper|Parsing artifact substat: hp+5.8%
2026-09-29 10:56:20.903|DEBUG|ArtifactScraper|Parsing artifact substat: def+6.6%
2026-09-29 10:56:20.903|DEBUG|ArtifactScraper|Parsing artifact substat: atk+4.7%
2026-09-29 10:56:21.132|DEBUG|ArtifactScraper|Parsing artifact substat: energyrecharge+4.5%
2026-09-29 10:56:21.132|DEBUG|ArtifactScraper|Parsing artifact substat: critdmg+5.4%
2026-09-29 10:56:21.132|DEBUG|ArtifactScraper|Parsing artifact substat: critrate+3.9%
2026-09-29 10:56:21.132|DEBUG|ArtifactScraper|Parsing artifact substat: atk+16
2026-09-29 10:56:21.479|DEBUG|ArtifactScraper|Parsing artifact substat: energyrecharge+4.5%
2026-09-29 10:56:21.479|DEBUG|ArtifactScraper|Parsing artifact substat: critdmg+7.0%
2026-09-29 10:56:21.479|DEBUG|ArtifactScraper|Parsing artifact substat: atk+4.1%
2026-09-29 10:56:21.479|DEBUG|ArtifactScraper|Parsing artifact substat: elementalmastery+19
2026-09-29 10:56:21.491|DEBUG|ArtifactScraper|Parsing artifact substat: def+23
2026-09-29 10:56:21.491|DEBUG|ArtifactScraper|Parsing artifact substat: hp+239
2026-09-29 10:56:21.491|DEBUG|ArtifactScraper|Parsing artifact substat: critrate+3.1%
2026-09-29 10:56:21.491|DEBUG|ArtifactScraper|Parsing artifact substat: energyrecharge+4.5%
2026-09-29 10:56:21.770|DEBUG|ArtifactScraper|Parsing artifact substat: critdmg+6.2%
2026-09-29 10:56:21.770|DEBUG|ArtifactScraper|Parsing artifact substat: def+23
2026-09-29 10:56:21.770|DEBUG|ArtifactScraper|Parsing artifact substat: hp+269
2026-09-29 10:56:21.770|DEBUG|ArtifactScraper|Parsing artifact substat: elementalmastery+19
2026-09-29 10:56:21.819|DEBUG|ArtifactScraper|Parsing artifact substat: atk+16
2026-09-29 10:56:21.819|DEBUG|ArtifactScraper|Parsing artifact substat: critrate+3.1%
2026-09-29 10:56:21.819|DEBUG|ArtifactScraper|Parsing artifact substat: critdmg+5.4%
2026-09-29 10:56:21.819|DEBUG|ArtifactScraper|Parsing artifact substat: hp+269
2026-09-29 10:56:22.104|DEBUG|ArtifactScraper|Parsing artifact substat: critrate+3.9%
2026-09-29 10:56:22.104|DEBUG|ArtifactScraper|Parsing artifact substat: hp+4.1%
2026-09-29 10:56:22.104|DEBUG|ArtifactScraper|Parsing artifact substat: atk+16
2026-09-29 10:56:22.104|DEBUG|ArtifactScraper|Parsing artifact substat: atk+4.1%
2026-09-29 10:56:22.142|DEBUG|ArtifactScraper|Parsing artifact substat: atk+18
2026-09-29 10:56:22.142|DEBUG|ArtifactScraper|Parsing artifact substat: critrate+3.9%
2026-09-29 10:56:22.142|DEBUG|ArtifactScraper|Parsing artifact substat: energyrecharge+6.5%
2026-09-29 10:56:22.142|DEBUG|ArtifactScraper|Parsing artifact substat: hp+299
2026-09-29 10:56:22.417|DEBUG|ArtifactScraper|Parsing artifact substat: elementalmastery+19
2026-09-29 10:56:22.417|DEBUG|ArtifactScraper|Parsing artifact substat: def+6.6%
2026-09-29 10:56:22.417|DEBUG|ArtifactScraper|Parsing artifact substat: def+23
2026-09-29 10:56:22.417|DEBUG|ArtifactScraper|Parsing artifact substat: hp+269
2026-09-29 10:56:22.459|DEBUG|ArtifactScraper|Parsing artifact substat: hp+239
2026-09-29 10:56:22.459|DEBUG|ArtifactScraper|Parsing artifact substat: atk+5.8%
2026-09-29 10:56:22.459|DEBUG|ArtifactScraper|Parsing artifact substat: atk+14
2026-09-29 10:56:22.459|DEBUG|ArtifactScraper|Parsing artifact substat: energyrecharge+5.2%
2026-09-29 10:56:22.701|DEBUG|ArtifactScraper|Parsing artifact substat: hp+5.3%
2026-09-29 10:56:22.701|DEBUG|ArtifactScraper|Parsing artifact substat: hp+269
2026-09-29 10:56:22.701|DEBUG|ArtifactScraper|Parsing artifact substat: def+21
2026-09-29 10:56:22.701|DEBUG|ArtifactScraper|Parsing artifact substat: energyrecharge+5.2%
2026-09-29 10:56:23.005|DEBUG|ArtifactScraper|Parsing artifact substat: atk+14
2026-09-29 10:56:23.005|DEBUG|ArtifactScraper|Parsing artifact substat: atk+4.1%
2026-09-29 10:56:23.005|DEBUG|ArtifactScraper|Parsing artifact substat: def+21
2026-09-29 10:56:23.005|DEBUG|ArtifactScraper|Parsing artifact substat: hp+299(unactivated)
2026-09-29 10:56:23.043|DEBUG|ArtifactScraper|Parsing artifact substat: def+23
2026-09-29 10:56:23.043|DEBUG|ArtifactScraper|Parsing artifact substat: critdmg+7.0%
2026-09-29 10:56:23.043|DEBUG|ArtifactScraper|Parsing artifact substat: atk+14
2026-09-29 10:56:23.043|DEBUG|ArtifactScraper|Parsing artifact substat: hp+269(unactivated)
2026-09-29 10:56:23.357|DEBUG|ArtifactScraper|Parsing artifact substat: atk+18
2026-09-29 10:56:23.357|DEBUG|ArtifactScraper|Parsing artifact substat: energyrecharge+4.5%
2026-09-29 10:56:23.357|DEBUG|ArtifactScraper|Parsing artifact substat: def+23
2026-09-29 10:56:23.357|DEBUG|ArtifactScraper|Parsing artifact substat: critrate+3.5%(unactivated)
2026-09-29 10:56:23.391|DEBUG|ArtifactScraper|Parsing artifact substat: elementalmastery+16
2026-09-29 10:56:23.391|DEBUG|ArtifactScraper|Parsing artifact substat: def+5.8%
2026-09-29 10:56:23.391|DEBUG|ArtifactScraper|Parsing artifact substat: critdmg+6.2%
2026-09-29 10:56:23.391|DEBUG|ArtifactScraper|Parsing artifact substat: atk+16(unactivated)
2026-09-29 10:56:23.678|DEBUG|ArtifactScraper|Parsing artifact substat: energyrecharge+5.8%
2026-09-29 10:56:23.678|DEBUG|ArtifactScraper|Parsing artifact substat: def+19
2026-09-29 10:56:23.678|DEBUG|ArtifactScraper|Parsing artifact substat: atk+19
2026-09-29 10:56:23.678|DEBUG|ArtifactScraper|Parsing artifact substat: elementalmastery+23
2026-09-29 10:56:23.720|DEBUG|ArtifactScraper|Parsing artifact substat: def+5.8%
2026-09-29 10:56:23.720|DEBUG|ArtifactScraper|Parsing artifact substat: elementalmastery+23
2026-09-29 10:56:23.720|DEBUG|ArtifactScraper|Parsing artifact substat: atk+19
2026-09-29 10:56:23.720|DEBUG|ArtifactScraper|Parsing artifact substat: atk+5.8%(unactivated)
2026-09-29 10:56:24.030|DEBUG|ArtifactScraper|Parsing artifact substat: energyrecharge+4.5%
2026-09-29 10:56:24.030|DEBUG|ArtifactScraper|Parsing artifact substat: hp+239
2026-09-29 10:56:24.030|DEBUG|ArtifactScraper|Parsing artifact substat: hp+4.1%
2026-09-29 10:56:24.030|DEBUG|ArtifactScraper|Parsing artifact substat: elementalmastery+19
2026-09-29 10:56:24.046|DEBUG|ArtifactScraper|Parsing artifact substat: critrate+3.1%
2026-09-29 10:56:24.046|DEBUG|ArtifactScraper|Parsing artifact substat: hp+209
2026-09-29 10:56:24.046|DEBUG|ArtifactScraper|Parsing artifact substat: atk+5.3%
2026-09-29 10:56:24.046|DEBUG|ArtifactScraper|Parsing artifact substat: def+5.1%(unactivated)
2026-09-29 10:56:24.144|DEBUG|ArtifactScraper|Finished queuing page of artifacts. Scrolling...
2026-09-29 10:56:24.345|DEBUG|ArtifactScraper|Parsing artifact substat: atk+18
2026-09-29 10:56:24.345|DEBUG|ArtifactScraper|Parsing artifact substat: critdmg+7.0%
2026-09-29 10:56:24.345|DEBUG|ArtifactScraper|Parsing artifact substat: hp+209
2026-09-29 10:56:24.345|DEBUG|ArtifactScraper|Parsing artifact substat: critrate+3.5%(unactivated)
2026-09-29 10:56:24.428|DEBUG|ArtifactScraper|Parsing artifact substat: elementalmastery+19
2026-09-29 10:56:24.428|DEBUG|ArtifactScraper|Parsing artifact substat: energyrecharge+4.5%
2026-09-29 10:56:24.428|DEBUG|ArtifactScraper|Parsing artifact substat: def+5.1%
2026-09-29 10:56:24.428|DEBUG|ArtifactScraper|Parsing artifact substat: critdmg+7.8%(unactivated)
2026-09-29 10:56:24.640|DEBUG|ArtifactScraper|Parsing artifact substat: elementalmastery+21
2026-09-29 10:56:24.640|DEBUG|ArtifactScraper|Parsing artifact substat: hp+269
2026-09-29 10:56:24.640|DEBUG|ArtifactScraper|Parsing artifact substat: energyrecharge+5.2%
2026-09-29 10:56:24.640|DEBUG|ArtifactScraper|Parsing artifact substat: atk+18(unactivated)
2026-09-29 10:56:26.441|DEBUG|ArtifactScraper|Scanning artifact page 41
2026-09-29 10:56:26.441|DEBUG|ArtifactScraper|Located 32 possible item locations on page.
2026-09-29 10:56:27.000|DEBUG|ArtifactScraper|Parsing artifact substat: atk+4.1%
2026-09-29 10:56:27.000|DEBUG|ArtifactScraper|Parsing artifact substat: def+7.3%
2026-09-29 10:56:27.000|DEBUG|ArtifactScraper|Parsing artifact substat: atk+18
2026-09-29 10:56:27.000|DEBUG|ArtifactScraper|Parsing artifact substat: energyrecharge+5.8%
2026-09-29 10:56:27.031|DEBUG|ArtifactScraper|Parsing artifact substat: atk+4.7%
2026-09-29 10:56:27.031|DEBUG|ArtifactScraper|Parsing artifact substat: atk+14
2026-09-29 10:56:27.031|DEBUG|ArtifactScraper|Parsing artifact substat: def+5.8%
2026-09-29 10:56:27.031|DEBUG|ArtifactScraper|Parsing artifact substat: hp+209(unactivated)
2026-09-29 10:56:27.352|DEBUG|ArtifactScraper|Parsing artifact substat: critrate+3.5%
2026-09-29 10:56:27.352|DEBUG|ArtifactScraper|Parsing artifact substat: hp+239
2026-09-29 10:56:27.352|DEBUG|ArtifactScraper|Parsing artifact substat: atk+4.7%
2026-09-29 10:56:27.352|DEBUG|ArtifactScraper|Parsing artifact substat: def+23(unactivated)
2026-09-29 10:56:27.362|DEBUG|ArtifactScraper|Parsing artifact substat: def+21
2026-09-29 10:56:27.362|DEBUG|ArtifactScraper|Parsing artifact substat: atk+5.3%
2026-09-29 10:56:27.362|DEBUG|ArtifactScraper|Parsing artifact substat: atk+16
2026-09-29 10:56:27.362|DEBUG|ArtifactScraper|Parsing artifact substat: energyrecharge+5.2%
2026-09-29 10:56:27.704|DEBUG|ArtifactScraper|Parsing artifact substat: elementalmastery+19
2026-09-29 10:56:27.704|DEBUG|ArtifactScraper|Parsing artifact substat: atk+5.3%
2026-09-29 10:56:27.704|DEBUG|ArtifactScraper|Parsing artifact substat: energyrecharge+6.5%
2026-09-29 10:56:27.705|DEBUG|ArtifactScraper|Parsing artifact substat: hp+209(unactivated)
2026-09-29 10:56:27.726|DEBUG|ArtifactScraper|Parsing artifact substat: def+16
2026-09-29 10:56:27.726|DEBUG|ArtifactScraper|Parsing artifact substat: hp+4.1%
2026-09-29 10:56:27.726|DEBUG|ArtifactScraper|Parsing artifact substat: energyrecharge+6.5%
2026-09-29 10:56:27.726|DEBUG|ArtifactScraper|Parsing artifact substat: hp+299(unactivated)
2026-09-29 10:56:27.981|DEBUG|ArtifactScraper|Parsing artifact substat: energyrecharge+5.8%
2026-09-29 10:56:27.981|DEBUG|ArtifactScraper|Parsing artifact substat: atk+19
2026-09-29 10:56:27.981|DEBUG|ArtifactScraper|Parsing artifact substat: def+19
2026-09-29 10:56:27.981|DEBUG|ArtifactScraper|Parsing artifact substat: critrate+3.1%(unactivated)
2026-09-29 10:56:28.063|DEBUG|ArtifactScraper|Parsing artifact substat: atk+16
2026-09-29 10:56:28.063|DEBUG|ArtifactScraper|Parsing artifact substat: def+5.1%
2026-09-29 10:56:28.063|DEBUG|ArtifactScraper|Parsing artifact substat: atk+5.8%
2026-09-29 10:56:28.063|DEBUG|ArtifactScraper|Parsing artifact substat: energyrecharge+4.5%
2026-09-29 10:56:28.352|DEBUG|ArtifactScraper|Parsing artifact substat: atk+18
2026-09-29 10:56:28.352|DEBUG|ArtifactScraper|Parsing artifact substat: hp+5.3%
2026-09-29 10:56:28.352|DEBUG|ArtifactScraper|Parsing artifact substat: energyrecharge+6.5%
2026-09-29 10:56:28.352|DEBUG|ArtifactScraper|Parsing artifact substat: def+23(unactivated)
2026-09-29 10:56:28.420|DEBUG|ArtifactScraper|Parsing artifact substat: hp+5.3%
2026-09-29 10:56:28.420|DEBUG|ArtifactScraper|Parsing artifact substat: hp+239
2026-09-29 10:56:28.420|DEBUG|ArtifactScraper|Parsing artifact substat: critrate+3.9%
2026-09-29 10:56:28.420|DEBUG|ArtifactScraper|Parsing artifact substat: energyrecharge+6.5%
2026-09-29 10:56:28.606|DEBUG|ArtifactScraper|Parsing artifact substat: atk+16
2026-09-29 10:56:28.606|DEBUG|ArtifactScraper|Parsing artifact substat: def+21
2026-09-29 10:56:28.606|DEBUG|ArtifactScraper|Parsing artifact substat: atk+5.3%
2026-09-29 10:56:28.606|DEBUG|ArtifactScraper|Parsing artifact substat: energyrecharge+4.5%
2026-09-29 10:56:28.763|DEBUG|ArtifactScraper|Parsing artifact substat: hp+299
2026-09-29 10:56:28.763|DEBUG|ArtifactScraper|Parsing artifact substat: def+5.1%
2026-09-29 10:56:28.763|DEBUG|ArtifactScraper|Parsing artifact substat: atk+4.7%
2026-09-29 10:56:28.763|DEBUG|ArtifactScraper|Parsing artifact substat: def+21(unactivated)
2026-09-29 10:56:28.954|DEBUG|ArtifactScraper|Parsing artifact substat: hp+5.8%
2026-09-29 10:56:28.954|DEBUG|ArtifactScraper|Parsing artifact substat: elementalmastery+16
2026-09-29 10:56:28.954|DEBUG|ArtifactScraper|Parsing artifact substat: def+16
2026-09-29 10:56:28.954|DEBUG|ArtifactScraper|Parsing artifact substat: atk+5.3%(unactivated)
2026-09-29 10:56:29.092|DEBUG|ArtifactScraper|Parsing artifact substat: atk+16
2026-09-29 10:56:29.092|DEBUG|ArtifactScraper|Parsing artifact substat: critdmg+5.4%
2026-09-29 10:56:29.092|DEBUG|ArtifactScraper|Parsing artifact substat: hp+209
2026-09-29 10:56:29.092|DEBUG|ArtifactScraper|Parsing artifact substat: energyrecharge+5.2%
2026-09-29 10:56:29.347|DEBUG|ArtifactScraper|Parsing artifact substat: energyrecharge+4.5%
2026-09-29 10:56:29.347|DEBUG|ArtifactScraper|Parsing artifact substat: elementalmastery+23
2026-09-29 10:56:29.347|DEBUG|ArtifactScraper|Parsing artifact substat: atk+5.8%
2026-09-29 10:56:29.347|DEBUG|ArtifactScraper|Parsing artifact substat: hp+269(unactivated)
2026-09-29 10:56:29.416|DEBUG|ArtifactScraper|Parsing artifact substat: atk+18
2026-09-29 10:56:29.416|DEBUG|ArtifactScraper|Parsing artifact substat: atk+4.7%
2026-09-29 10:56:29.416|DEBUG|ArtifactScraper|Parsing artifact substat: def+16
2026-09-29 10:56:29.416|DEBUG|ArtifactScraper|Parsing artifact substat: elementalmastery+23
2026-09-29 10:56:29.659|DEBUG|ArtifactScraper|Parsing artifact substat: hp+4.7%
2026-09-29 10:56:29.659|DEBUG|ArtifactScraper|Parsing artifact substat: hp+269
2026-09-29 10:56:29.659|DEBUG|ArtifactScraper|Parsing artifact substat: atk+16
2026-09-29 10:56:29.659|DEBUG|ArtifactScraper|Parsing artifact substat: critdmg+6.2%(unactivated)
2026-09-29 10:56:29.996|DEBUG|ArtifactScraper|Parsing artifact substat: atk+5.3%
2026-09-29 10:56:29.996|DEBUG|ArtifactScraper|Parsing artifact substat: critdmg+6.2%
2026-09-29 10:56:29.996|DEBUG|ArtifactScraper|Parsing artifact substat: def+7.3%
2026-09-29 10:56:29.996|DEBUG|ArtifactScraper|Parsing artifact substat: hp+4.7%(unactivated)
2026-09-29 10:56:30.012|DEBUG|ArtifactScraper|Parsing artifact substat: hp+209
2026-09-29 10:56:30.012|DEBUG|ArtifactScraper|Parsing artifact substat: def+16
2026-09-29 10:56:30.012|DEBUG|ArtifactScraper|Parsing artifact substat: energyrecharge+5.2%
2026-09-29 10:56:30.012|DEBUG|ArtifactScraper|Parsing artifact substat: elementalmastery+19
2026-09-29 10:56:30.272|DEBUG|ArtifactScraper|Parsing artifact substat: atk+19
2026-09-29 10:56:30.272|DEBUG|ArtifactScraper|Parsing artifact substat: hp+5.8%
2026-09-29 10:56:30.272|DEBUG|ArtifactScraper|Parsing artifact substat: elementalmastery+16
2026-09-29 10:56:30.272|DEBUG|ArtifactScraper|Parsing artifact substat: hp+239(unactivated)
2026-09-29 10:56:30.386|DEBUG|ArtifactScraper|Parsing artifact substat: critrate+3.5%
2026-09-29 10:56:30.386|DEBUG|ArtifactScraper|Parsing artifact substat: elementalmastery+19
2026-09-29 10:56:30.386|DEBUG|ArtifactScraper|Parsing artifact substat: atk+19
2026-09-29 10:56:30.386|DEBUG|ArtifactScraper|Parsing artifact substat: hp+299(unactivated)
2026-09-29 10:56:30.621|DEBUG|ArtifactScraper|Parsing artifact substat: def+23
2026-09-29 10:56:30.621|DEBUG|ArtifactScraper|Parsing artifact substat: hp+4.7%
2026-09-29 10:56:30.621|DEBUG|ArtifactScraper|Parsing artifact substat: atk+19
2026-09-29 10:56:30.621|DEBUG|ArtifactScraper|Parsing artifact substat: critrate+3.5%(unactivated)
2026-09-29 10:56:30.639|DEBUG|ArtifactScraper|Parsing artifact substat: atk+19
2026-09-29 10:56:30.639|DEBUG|ArtifactScraper|Parsing artifact substat: elementalmastery+23
2026-09-29 10:56:30.639|DEBUG|ArtifactScraper|Parsing artifact substat: atk+5.3%
2026-09-29 10:56:30.639|DEBUG|ArtifactScraper|Parsing artifact substat: def+5.8%
2026-09-29 10:56:30.973|DEBUG|ArtifactScraper|Parsing artifact substat: hp+269
2026-09-29 10:56:30.973|DEBUG|ArtifactScraper|Parsing artifact substat: critrate+3.5%
2026-09-29 10:56:30.973|DEBUG|ArtifactScraper|Parsing artifact substat: atk+16
2026-09-29 10:56:30.973|DEBUG|ArtifactScraper|Parsing artifact substat: elementalmastery+21
2026-09-29 10:56:30.973|DEBUG|ArtifactScraper|Parsing artifact substat: hp+299
2026-09-29 10:56:30.973|DEBUG|ArtifactScraper|Parsing artifact substat: atk+16
2026-09-29 10:56:30.973|DEBUG|ArtifactScraper|Parsing artifact substat: def+23
2026-09-29 10:56:30.973|DEBUG|ArtifactScraper|Parsing artifact substat: elementalmastery+23
2026-09-29 10:56:31.281|DEBUG|ArtifactScraper|Parsing artifact substat: def+23
2026-09-29 10:56:31.281|DEBUG|ArtifactScraper|Parsing artifact substat: elementalmastery+21
2026-09-29 10:56:31.281|DEBUG|ArtifactScraper|Parsing artifact substat: critdmg+7.0%
2026-09-29 10:56:31.281|DEBUG|ArtifactScraper|Parsing artifact substat: hp+4.7%
2026-09-29 10:56:31.289|DEBUG|ArtifactScraper|Parsing artifact substat: atk+5.8%
2026-09-29 10:56:31.289|DEBUG|ArtifactScraper|Parsing artifact substat: def+16
2026-09-29 10:56:31.289|DEBUG|ArtifactScraper|Parsing artifact substat: hp+209
2026-09-29 10:56:31.289|DEBUG|ArtifactScraper|Parsing artifact substat: def+7.3%
2026-09-29 10:56:31.600|DEBUG|ArtifactScraper|Parsing artifact substat: elementalmastery+23
2026-09-29 10:56:31.600|DEBUG|ArtifactScraper|Parsing artifact substat: atk+4.7%
2026-09-29 10:56:31.600|DEBUG|ArtifactScraper|Parsing artifact substat: critrate+3.5%
2026-09-29 10:56:31.600|DEBUG|ArtifactScraper|Parsing artifact substat: atk+16
2026-09-29 10:56:31.704|DEBUG|ArtifactScraper|Parsing artifact substat: hp+209
2026-09-29 10:56:31.704|DEBUG|ArtifactScraper|Parsing artifact substat: energyrecharge+5.2%
2026-09-29 10:56:31.704|DEBUG|ArtifactScraper|Parsing artifact substat: elementalmastery+23
2026-09-29 10:56:31.705|DEBUG|ArtifactScraper|Parsing artifact substat: def+23(unactivated)
2026-09-29 10:56:31.853|DEBUG|ArtifactScraper|Finished queuing page of artifacts. Scrolling...
2026-09-29 10:56:31.950|DEBUG|ArtifactScraper|Parsing artifact substat: hp+239
2026-09-29 10:56:31.950|DEBUG|ArtifactScraper|Parsing artifact substat: elementalmastery+21
2026-09-29 10:56:31.950|DEBUG|ArtifactScraper|Parsing artifact substat: atk+16
2026-09-29 10:56:31.950|DEBUG|ArtifactScraper|Parsing artifact substat: hp+5.8%(unactivated)
2026-09-29 10:56:32.053|DEBUG|ArtifactScraper|Parsing artifact substat: hp+209
2026-09-29 10:56:32.053|DEBUG|ArtifactScraper|Parsing artifact substat: atk+18
2026-09-29 10:56:32.053|DEBUG|ArtifactScraper|Parsing artifact substat: def+19
2026-09-29 10:56:32.053|DEBUG|ArtifactScraper|Parsing artifact substat: elementalmastery+19
2026-09-29 10:56:32.180|DEBUG|ArtifactScraper|Parsing artifact substat: def+21
2026-09-29 10:56:32.180|DEBUG|ArtifactScraper|Parsing artifact substat: critdmg+7.8%
2026-09-29 10:56:32.180|DEBUG|ArtifactScraper|Parsing artifact substat: hp+209
2026-09-29 10:56:32.180|DEBUG|ArtifactScraper|Parsing artifact substat: atk+18(unactivated)
2026-09-29 10:56:33.998|DEBUG|ArtifactScraper|Scanning artifact page 42
2026-09-29 10:56:33.998|DEBUG|ArtifactScraper|Located 32 possible item locations on page.
2026-09-29 10:56:34.440|DEBUG|ArtifactScraper|Parsing artifact substat: atk+18
2026-09-29 10:56:34.440|DEBUG|ArtifactScraper|Parsing artifact substat: critrate+2.7%
2026-09-29 10:56:34.440|DEBUG|ArtifactScraper|Parsing artifact substat: hp+269
2026-09-29 10:56:34.440|DEBUG|ArtifactScraper|Parsing artifact substat: def+16(unactivated)
2026-09-29 10:56:34.670|DEBUG|ArtifactScraper|Parsing artifact substat: def+16
2026-09-29 10:56:34.670|DEBUG|ArtifactScraper|Parsing artifact substat: elementalmastery+19
2026-09-29 10:56:34.670|DEBUG|ArtifactScraper|Parsing artifact substat: atk+18
2026-09-29 10:56:34.670|DEBUG|ArtifactScraper|Parsing artifact substat: critdmg+7.0%(unactivated)
2026-09-29 10:56:34.806|DEBUG|ArtifactScraper|Parsing artifact substat: hp+209
2026-09-29 10:56:34.806|DEBUG|ArtifactScraper|Parsing artifact substat: atk+16
2026-09-29 10:56:34.806|DEBUG|ArtifactScraper|Parsing artifact substat: elementalmastery+21
2026-09-29 10:56:34.806|DEBUG|ArtifactScraper|Parsing artifact substat: def+21(unactivated)
2026-09-29 10:56:35.074|DEBUG|ArtifactScraper|Parsing artifact substat: atk+16
2026-09-29 10:56:35.074|DEBUG|ArtifactScraper|Parsing artifact substat: energyrecharge+6.5%
2026-09-29 10:56:35.074|DEBUG|ArtifactScraper|Parsing artifact substat: def+23
2026-09-29 10:56:35.074|DEBUG|ArtifactScraper|Parsing artifact substat: critrate+3.1%(unactivated)
2026-09-29 10:56:35.178|DEBUG|ArtifactScraper|Parsing artifact substat: atk+18
2026-09-29 10:56:35.178|DEBUG|ArtifactScraper|Parsing artifact substat: critdmg+5.4%
2026-09-29 10:56:35.178|DEBUG|ArtifactScraper|Parsing artifact substat: hp+299
2026-09-29 10:56:35.178|DEBUG|ArtifactScraper|Parsing artifact substat: def+21(unactivated)
2026-09-29 10:56:35.464|DEBUG|ArtifactScraper|Parsing artifact substat: def+19
2026-09-29 10:56:35.464|DEBUG|ArtifactScraper|Parsing artifact substat: elementalmastery+19
2026-09-29 10:56:35.464|DEBUG|ArtifactScraper|Parsing artifact substat: hp+209
2026-09-29 10:56:35.464|DEBUG|ArtifactScraper|Parsing artifact substat: energyrecharge+4.5%
2026-09-29 10:56:35.594|DEBUG|ArtifactScraper|Parsing artifact substat: atk+18
2026-09-29 10:56:35.594|DEBUG|ArtifactScraper|Parsing artifact substat: elementalmastery+21
2026-09-29 10:56:35.594|DEBUG|ArtifactScraper|Parsing artifact substat: def+21
2026-09-29 10:56:35.594|DEBUG|ArtifactScraper|Parsing artifact substat: hp+239(unactivated)
2026-09-29 10:56:35.766|DEBUG|ArtifactScraper|Parsing artifact substat: hp+5.3%
2026-09-29 10:56:35.766|DEBUG|ArtifactScraper|Parsing artifact substat: hp+299
2026-09-29 10:56:35.766|DEBUG|ArtifactScraper|Parsing artifact substat: critdmg+5.4%
2026-09-29 10:56:35.766|DEBUG|ArtifactScraper|Parsing artifact substat: atk+18(unactivated)
2026-09-29 10:56:35.885|DEBUG|ArtifactScraper|Parsing artifact substat: atk+14
2026-09-29 10:56:35.885|DEBUG|ArtifactScraper|Parsing artifact substat: elementalmastery+21
2026-09-29 10:56:35.885|DEBUG|ArtifactScraper|Parsing artifact substat: hp+5.8%
2026-09-29 10:56:35.885|DEBUG|ArtifactScraper|Parsing artifact substat: energyrecharge+5.2%
2026-09-29 10:56:36.159|DEBUG|ArtifactScraper|Parsing artifact substat: hp+239
2026-09-29 10:56:36.159|DEBUG|ArtifactScraper|Parsing artifact substat: hp+4.1%
2026-09-29 10:56:36.159|DEBUG|ArtifactScraper|Parsing artifact substat: atk+18
2026-09-29 10:56:36.159|DEBUG|ArtifactScraper|Parsing artifact substat: elementalmastery+21
2026-09-29 10:56:36.253|DEBUG|ArtifactScraper|Parsing artifact substat: def+21
2026-09-29 10:56:36.253|DEBUG|ArtifactScraper|Parsing artifact substat: hp+299
2026-09-29 10:56:36.253|DEBUG|ArtifactScraper|Parsing artifact substat: def+5.8%
2026-09-29 10:56:36.253|DEBUG|ArtifactScraper|Parsing artifact substat: critrate+3.1%(unactivated)
2026-09-29 10:56:36.539|DEBUG|ArtifactScraper|Parsing artifact substat: atk+4.1%
2026-09-29 10:56:36.539|DEBUG|ArtifactScraper|Parsing artifact substat: elementalmastery+19
2026-09-29 10:56:36.539|DEBUG|ArtifactScraper|Parsing artifact substat: atk+14
2026-09-29 10:56:36.539|DEBUG|ArtifactScraper|Parsing artifact substat: hp+4.7%(unactivated)
2026-09-29 10:56:36.633|DEBUG|ArtifactScraper|Parsing artifact substat: hp+5.3%
2026-09-29 10:56:36.633|DEBUG|ArtifactScraper|Parsing artifact substat: elementalmastery+21
2026-09-29 10:56:36.633|DEBUG|ArtifactScraper|Parsing artifact substat: def+6.6%
2026-09-29 10:56:36.633|DEBUG|ArtifactScraper|Parsing artifact substat: atk+19
2026-09-29 10:56:36.779|DEBUG|ArtifactScraper|Parsing artifact substat: critrate+3.1%
2026-09-29 10:56:36.779|DEBUG|ArtifactScraper|Parsing artifact substat: hp+239
2026-09-29 10:56:36.779|DEBUG|ArtifactScraper|Parsing artifact substat: hp+4.7%
2026-09-29 10:56:36.779|DEBUG|ArtifactScraper|Parsing artifact substat: atk+18
2026-09-29 10:56:36.973|DEBUG|ArtifactScraper|Parsing artifact substat: hp+239
2026-09-29 10:56:36.973|DEBUG|ArtifactScraper|Parsing artifact substat: atk+5.3%
2026-09-29 10:56:36.973|DEBUG|ArtifactScraper|Parsing artifact substat: def+21
2026-09-29 10:56:36.973|DEBUG|ArtifactScraper|Parsing artifact substat: atk+16
2026-09-29 10:56:37.155|DEBUG|ArtifactScraper|Parsing artifact substat: def+23
2026-09-29 10:56:37.155|DEBUG|ArtifactScraper|Parsing artifact substat: hp+239
2026-09-29 10:56:37.155|DEBUG|ArtifactScraper|Parsing artifact substat: energyrecharge+6.5%
2026-09-29 10:56:37.155|DEBUG|ArtifactScraper|Parsing artifact substat: atk+16
2026-09-29 10:56:37.372|DEBUG|ArtifactScraper|Parsing artifact substat: energyrecharge+5.2%
2026-09-29 10:56:37.372|DEBUG|ArtifactScraper|Parsing artifact substat: critrate+3.1%
2026-09-29 10:56:37.372|DEBUG|ArtifactScraper|Parsing artifact substat: atk+16
2026-09-29 10:56:37.372|DEBUG|ArtifactScraper|Parsing artifact substat: atk+5.8%
2026-09-29 10:56:37.440|DEBUG|ArtifactScraper|Parsing artifact substat: critrate+3.5%
2026-09-29 10:56:37.440|DEBUG|ArtifactScraper|Parsing artifact substat: def+19
2026-09-29 10:56:37.440|DEBUG|ArtifactScraper|Parsing artifact substat: def+5.8%
2026-09-29 10:56:37.440|DEBUG|ArtifactScraper|Parsing artifact substat: atk+4.1%
2026-09-29 10:56:37.737|DEBUG|ArtifactScraper|Parsing artifact substat: def+19
2026-09-29 10:56:37.737|DEBUG|ArtifactScraper|Parsing artifact substat: hp+269
2026-09-29 10:56:37.737|DEBUG|ArtifactScraper|Parsing artifact substat: hp+4.1%
2026-09-29 10:56:37.737|DEBUG|ArtifactScraper|Parsing artifact substat: elementalmastery+19
2026-09-29 10:56:37.833|DEBUG|ArtifactScraper|Parsing artifact substat: atk+18
2026-09-29 10:56:37.833|DEBUG|ArtifactScraper|Parsing artifact substat: energyrecharge+4.5%
2026-09-29 10:56:37.833|DEBUG|ArtifactScraper|Parsing artifact substat: hp+269
2026-09-29 10:56:37.833|DEBUG|ArtifactScraper|Parsing artifact substat: elementalmastery+21
2026-09-29 10:56:38.072|DEBUG|ArtifactScraper|Parsing artifact substat: def+21
2026-09-29 10:56:38.072|DEBUG|ArtifactScraper|Parsing artifact substat: hp+209
2026-09-29 10:56:38.072|DEBUG|ArtifactScraper|Parsing artifact substat: def+7.3%
2026-09-29 10:56:38.072|DEBUG|ArtifactScraper|Parsing artifact substat: energyrecharge+4.5%
2026-09-29 10:56:38.221|DEBUG|ArtifactScraper|Parsing artifact substat: hp+269
2026-09-29 10:56:38.221|DEBUG|ArtifactScraper|Parsing artifact substat: def+23
2026-09-29 10:56:38.221|DEBUG|ArtifactScraper|Parsing artifact substat: atk+5.8%
2026-09-29 10:56:38.221|DEBUG|ArtifactScraper|Parsing artifact substat: critdmg+6.2%
2026-09-29 10:56:38.356|DEBUG|ArtifactScraper|Parsing artifact substat: critdmg+5.4%
2026-09-29 10:56:38.356|DEBUG|ArtifactScraper|Parsing artifact substat: atk+18
2026-09-29 10:56:38.356|DEBUG|ArtifactScraper|Parsing artifact substat: critrate+3.9%
2026-09-29 10:56:38.356|DEBUG|ArtifactScraper|Parsing artifact substat: hp+5.8%
2026-09-29 10:56:38.573|DEBUG|ArtifactScraper|Parsing artifact substat: atk+19
2026-09-29 10:56:38.573|DEBUG|ArtifactScraper|Parsing artifact substat: hp+299
2026-09-29 10:56:38.573|DEBUG|ArtifactScraper|Parsing artifact substat: def+23
2026-09-29 10:56:38.573|DEBUG|ArtifactScraper|Parsing artifact substat: def+7.3%
2026-09-29 10:56:38.720|DEBUG|ArtifactScraper|Parsing artifact substat: def+21
2026-09-29 10:56:38.720|DEBUG|ArtifactScraper|Parsing artifact substat: elementalmastery+19
2026-09-29 10:56:38.721|DEBUG|ArtifactScraper|Parsing artifact substat: critrate+3.5%
2026-09-29 10:56:38.721|DEBUG|ArtifactScraper|Parsing artifact substat: atk+18
2026-09-29 10:56:38.967|DEBUG|ArtifactScraper|Parsing artifact substat: energyrecharge+4.5%
2026-09-29 10:56:38.967|DEBUG|ArtifactScraper|Parsing artifact substat: hp+299
2026-09-29 10:56:38.967|DEBUG|ArtifactScraper|Parsing artifact substat: def+7.3%
2026-09-29 10:56:38.967|DEBUG|ArtifactScraper|Parsing artifact substat: atk+4.1%
2026-09-29 10:56:39.005|DEBUG|ArtifactScraper|Parsing artifact substat: atk+4.1%
2026-09-29 10:56:39.005|DEBUG|ArtifactScraper|Parsing artifact substat: atk+14
2026-09-29 10:56:39.005|DEBUG|ArtifactScraper|Parsing artifact substat: energyrecharge+5.2%
2026-09-29 10:56:39.005|DEBUG|ArtifactScraper|Parsing artifact substat: def+23
2026-09-29 10:56:39.316|DEBUG|ArtifactScraper|Parsing artifact substat: def+19
2026-09-29 10:56:39.316|DEBUG|ArtifactScraper|Parsing artifact substat: hp+5.3%
2026-09-29 10:56:39.316|DEBUG|ArtifactScraper|Parsing artifact substat: def+6.6%
2026-09-29 10:56:39.316|DEBUG|ArtifactScraper|Parsing artifact substat: atk+5.8%
2026-09-29 10:56:39.384|DEBUG|ArtifactScraper|Parsing artifact substat: energyrecharge+6.5%
2026-09-29 10:56:39.384|DEBUG|ArtifactScraper|Parsing artifact substat: atk+19
2026-09-29 10:56:39.384|DEBUG|ArtifactScraper|Parsing artifact substat: def+19
2026-09-29 10:56:39.384|DEBUG|ArtifactScraper|Parsing artifact substat: atk+4.1%(unactivated)
2026-09-29 10:56:39.525|DEBUG|ArtifactScraper|Finished queuing page of artifacts. Scrolling...
2026-09-29 10:56:39.687|DEBUG|ArtifactScraper|Parsing artifact substat: hp+239
2026-09-29 10:56:39.687|DEBUG|ArtifactScraper|Parsing artifact substat: critdmg+6.2%
2026-09-29 10:56:39.687|DEBUG|ArtifactScraper|Parsing artifact substat: elementalmastery+23
2026-09-29 10:56:39.687|DEBUG|ArtifactScraper|Parsing artifact substat: critrate+2.7%(unactivated)
2026-09-29 10:56:39.703|DEBUG|ArtifactScraper|Parsing artifact substat: critdmg+5.4%
2026-09-29 10:56:39.703|DEBUG|ArtifactScraper|Parsing artifact substat: hp+5.3%
2026-09-29 10:56:39.703|DEBUG|ArtifactScraper|Parsing artifact substat: hp+269
2026-09-29 10:56:39.703|DEBUG|ArtifactScraper|Parsing artifact substat: def+19(unactivated)
2026-09-29 10:56:39.993|DEBUG|ArtifactScraper|Parsing artifact substat: atk+14
2026-09-29 10:56:39.993|DEBUG|ArtifactScraper|Parsing artifact substat: hp+4.1%
2026-09-29 10:56:39.993|DEBUG|ArtifactScraper|Parsing artifact substat: critrate+2.7%
2026-09-29 10:56:39.993|DEBUG|ArtifactScraper|Parsing artifact substat: def+16(unactivated)
2026-09-29 10:56:41.949|DEBUG|ArtifactScraper|Scanning artifact page 43
2026-09-29 10:56:41.949|DEBUG|ArtifactScraper|Located 32 possible item locations on page.
2026-09-29 10:56:42.370|DEBUG|ArtifactScraper|Parsing artifact substat: atk+4.7%
2026-09-29 10:56:42.370|DEBUG|ArtifactScraper|Parsing artifact substat: atk+16
2026-09-29 10:56:42.370|DEBUG|ArtifactScraper|Parsing artifact substat: hp+4.1%
2026-09-29 10:56:42.370|DEBUG|ArtifactScraper|Parsing artifact substat: def+16(unactivated)
2026-09-29 10:56:42.631|DEBUG|ArtifactScraper|Parsing artifact substat: atk+14
2026-09-29 10:56:42.631|DEBUG|ArtifactScraper|Parsing artifact substat: hp+239
2026-09-29 10:56:42.631|DEBUG|ArtifactScraper|Parsing artifact substat: atk+5.8%
2026-09-29 10:56:42.631|DEBUG|ArtifactScraper|Parsing artifact substat: elementalmastery+16
2026-09-29 10:56:42.745|DEBUG|ArtifactScraper|Parsing artifact substat: elementalmastery+16
2026-09-29 10:56:42.745|DEBUG|ArtifactScraper|Parsing artifact substat: hp+4.7%
2026-09-29 10:56:42.745|DEBUG|ArtifactScraper|Parsing artifact substat: def+23
2026-09-29 10:56:42.745|DEBUG|ArtifactScraper|Parsing artifact substat: def+5.8%(unactivated)
2026-09-29 10:56:42.922|DEBUG|ArtifactScraper|Parsing artifact substat: hp+5.3%
2026-09-29 10:56:42.922|DEBUG|ArtifactScraper|Parsing artifact substat: hp+239
2026-09-29 10:56:42.922|DEBUG|ArtifactScraper|Parsing artifact substat: elementalmastery+21
2026-09-29 10:56:42.922|DEBUG|ArtifactScraper|Parsing artifact substat: def+16(unactivated)
2026-09-29 10:56:43.159|DEBUG|ArtifactScraper|Parsing artifact substat: energyrecharge+4.5%
2026-09-29 10:56:43.159|DEBUG|ArtifactScraper|Parsing artifact substat: def+7.3%
2026-09-29 10:56:43.159|DEBUG|ArtifactScraper|Parsing artifact substat: hp+4.7%
2026-09-29 10:56:43.159|DEBUG|ArtifactScraper|Parsing artifact substat: critdmg+5.4%(unactivated)
2026-09-29 10:56:43.266|DEBUG|ArtifactScraper|Parsing artifact substat: hp+5.3%
2026-09-29 10:56:43.266|DEBUG|ArtifactScraper|Parsing artifact substat: hp+299
2026-09-29 10:56:43.266|DEBUG|ArtifactScraper|Parsing artifact substat: elementalmastery+23
2026-09-29 10:56:43.266|DEBUG|ArtifactScraper|Parsing artifact substat: atk+19(unactivated)
2026-09-29 10:56:43.585|DEBUG|ArtifactScraper|Parsing artifact substat: def+5.1%
2026-09-29 10:56:43.585|DEBUG|ArtifactScraper|Parsing artifact substat: elementalmastery+19
2026-09-29 10:56:43.585|DEBUG|ArtifactScraper|Parsing artifact substat: energyrecharge+5.2%
2026-09-29 10:56:43.585|DEBUG|ArtifactScraper|Parsing artifact substat: critrate+3.9%(unactivated)
2026-09-29 10:56:43.709|DEBUG|ArtifactScraper|Parsing artifact substat: critrate+3.1%
2026-09-29 10:56:43.709|DEBUG|ArtifactScraper|Parsing artifact substat: elementalmastery+19
2026-09-29 10:56:43.709|DEBUG|ArtifactScraper|Parsing artifact substat: atk+18
2026-09-29 10:56:43.709|DEBUG|ArtifactScraper|Parsing artifact substat: critdmg+6.2%(unactivated)
2026-09-29 10:56:43.856|DEBUG|ArtifactScraper|Parsing artifact substat: atk+18
2026-09-29 10:56:43.856|DEBUG|ArtifactScraper|Parsing artifact substat: def+5.8%
2026-09-29 10:56:43.856|DEBUG|ArtifactScraper|Parsing artifact substat: def+21
2026-09-29 10:56:43.856|DEBUG|ArtifactScraper|Parsing artifact substat: critrate+2.7%(unactivated)
2026-09-29 10:56:43.959|DEBUG|ArtifactScraper|Parsing artifact substat: atk+4.1%
2026-09-29 10:56:43.959|DEBUG|ArtifactScraper|Parsing artifact substat: hp+269
2026-09-29 10:56:43.959|DEBUG|ArtifactScraper|Parsing artifact substat: def+7.3%
2026-09-29 10:56:43.959|DEBUG|ArtifactScraper|Parsing artifact substat: atk+14(unactivated)
2026-09-29 10:56:44.244|DEBUG|ArtifactScraper|Parsing artifact substat: def+16
2026-09-29 10:56:44.244|DEBUG|ArtifactScraper|Parsing artifact substat: hp+209
2026-09-29 10:56:44.244|DEBUG|ArtifactScraper|Parsing artifact substat: critrate+3.1%
2026-09-29 10:56:44.244|DEBUG|ArtifactScraper|Parsing artifact substat: critdmg+7.0%(unactivated)
2026-09-29 10:56:44.363|DEBUG|ArtifactScraper|Parsing artifact substat: critdmg+7.0%
2026-09-29 10:56:44.363|DEBUG|ArtifactScraper|Parsing artifact substat: def+6.6%
2026-09-29 10:56:44.363|DEBUG|ArtifactScraper|Parsing artifact substat: critrate+3.1%
2026-09-29 10:56:44.363|DEBUG|ArtifactScraper|Parsing artifact substat: energyrecharge+4.5%
2026-09-29 10:56:44.626|DEBUG|ArtifactScraper|Parsing artifact substat: atk+18
2026-09-29 10:56:44.626|DEBUG|ArtifactScraper|Parsing artifact substat: hp+239
2026-09-29 10:56:44.626|DEBUG|ArtifactScraper|Parsing artifact substat: elementalmastery+23
2026-09-29 10:56:44.626|DEBUG|ArtifactScraper|Parsing artifact substat: def+6.6%(unactivated)
2026-09-29 10:56:44.783|DEBUG|ArtifactScraper|Parsing artifact substat: hp+269
2026-09-29 10:56:44.783|DEBUG|ArtifactScraper|Parsing artifact substat: def+6.6%
2026-09-29 10:56:44.783|DEBUG|ArtifactScraper|Parsing artifact substat: elementalmastery+16
2026-09-29 10:56:44.783|DEBUG|ArtifactScraper|Parsing artifact substat: energyrecharge+5.2%
2026-09-29 10:56:44.909|DEBUG|ArtifactScraper|Parsing artifact substat: atk+18
2026-09-29 10:56:44.909|DEBUG|ArtifactScraper|Parsing artifact substat: def+5.8%
2026-09-29 10:56:44.909|DEBUG|ArtifactScraper|Parsing artifact substat: hp+209
2026-09-29 10:56:44.909|DEBUG|ArtifactScraper|Parsing artifact substat: def+19(unactivated)
2026-09-29 10:56:45.049|DEBUG|ArtifactScraper|Parsing artifact substat: energyrecharge+5.8%
2026-09-29 10:56:45.049|DEBUG|ArtifactScraper|Parsing artifact substat: critrate+2.7%
2026-09-29 10:56:45.049|DEBUG|ArtifactScraper|Parsing artifact substat: atk+18
2026-09-29 10:56:45.049|DEBUG|ArtifactScraper|Parsing artifact substat: atk+4.1%(unactivated)
2026-09-29 10:56:45.290|DEBUG|ArtifactScraper|Parsing artifact substat: critrate+2.7%
2026-09-29 10:56:45.290|DEBUG|ArtifactScraper|Parsing artifact substat: def+6.6%
2026-09-29 10:56:45.290|DEBUG|ArtifactScraper|Parsing artifact substat: atk+14
2026-09-29 10:56:45.290|DEBUG|ArtifactScraper|Parsing artifact substat: atk+4.1%(unactivated)
2026-09-29 10:56:45.384|DEBUG|ArtifactScraper|Parsing artifact substat: hp+5.8%
2026-09-29 10:56:45.384|DEBUG|ArtifactScraper|Parsing artifact substat: def+19
2026-09-29 10:56:45.384|DEBUG|ArtifactScraper|Parsing artifact substat: atk+14
2026-09-29 10:56:45.384|DEBUG|ArtifactScraper|Parsing artifact substat: hp+299
2026-09-29 10:56:45.648|DEBUG|ArtifactScraper|Parsing artifact substat: def+21
2026-09-29 10:56:45.648|DEBUG|ArtifactScraper|Parsing artifact substat: hp+5.3%
2026-09-29 10:56:45.648|DEBUG|ArtifactScraper|Parsing artifact substat: atk+18
2026-09-29 10:56:45.648|DEBUG|ArtifactScraper|Parsing artifact substat: elementalmastery+21
2026-09-29 10:56:45.730|DEBUG|ArtifactScraper|Parsing artifact substat: atk+19
2026-09-29 10:56:45.730|DEBUG|ArtifactScraper|Parsing artifact substat: def+16
2026-09-29 10:56:45.730|DEBUG|ArtifactScraper|Parsing artifact substat: def+6.6%
2026-09-29 10:56:45.730|DEBUG|ArtifactScraper|Parsing artifact substat: atk+5.3%
2026-09-29 10:56:45.950|DEBUG|ArtifactScraper|Parsing artifact substat: hp+209
2026-09-29 10:56:45.950|DEBUG|ArtifactScraper|Parsing artifact substat: atk+5.8%
2026-09-29 10:56:45.950|DEBUG|ArtifactScraper|Parsing artifact substat: critrate+2.7%
2026-09-29 10:56:45.950|DEBUG|ArtifactScraper|Parsing artifact substat: def+21
2026-09-29 10:56:46.040|DEBUG|ArtifactScraper|Parsing artifact substat: critrate+3.1%
2026-09-29 10:56:46.040|DEBUG|ArtifactScraper|Parsing artifact substat: def+19
2026-09-29 10:56:46.040|DEBUG|ArtifactScraper|Parsing artifact substat: elementalmastery+19
2026-09-29 10:56:46.040|DEBUG|ArtifactScraper|Parsing artifact substat: def+5.1%
2026-09-29 10:56:46.433|DEBUG|ArtifactScraper|Parsing artifact substat: energyrecharge+5.2%
2026-09-29 10:56:46.433|DEBUG|ArtifactScraper|Parsing artifact substat: critrate+3.9%
2026-09-29 10:56:46.433|DEBUG|ArtifactScraper|Parsing artifact substat: hp+299
2026-09-29 10:56:46.433|DEBUG|ArtifactScraper|Parsing artifact substat: elementalmastery+19
2026-09-29 10:56:46.489|DEBUG|ArtifactScraper|Parsing artifact substat: atk+16
2026-09-29 10:56:46.489|DEBUG|ArtifactScraper|Parsing artifact substat: def+21
2026-09-29 10:56:46.489|DEBUG|ArtifactScraper|Parsing artifact substat: hp+239
2026-09-29 10:56:46.489|DEBUG|ArtifactScraper|Parsing artifact substat: def+5.8%
2026-09-29 10:56:46.609|DEBUG|ArtifactScraper|Parsing artifact substat: atk+16
2026-09-29 10:56:46.609|DEBUG|ArtifactScraper|Parsing artifact substat: def+21
2026-09-29 10:56:46.609|DEBUG|ArtifactScraper|Parsing artifact substat: hp+239
2026-09-29 10:56:46.609|DEBUG|ArtifactScraper|Parsing artifact substat: def+5.8%
2026-09-29 10:56:46.822|DEBUG|ArtifactScraper|Parsing artifact substat: def+5.8%
2026-09-29 10:56:46.822|DEBUG|ArtifactScraper|Parsing artifact substat: energyrecharge+4.5%
2026-09-29 10:56:46.822|DEBUG|ArtifactScraper|Parsing artifact substat: atk+19
2026-09-29 10:56:46.822|DEBUG|ArtifactScraper|Parsing artifact substat: def+23
2026-09-29 10:56:47.003|DEBUG|ArtifactScraper|Parsing artifact substat: elementalmastery+19
2026-09-29 10:56:47.003|DEBUG|ArtifactScraper|Parsing artifact substat: hp+299
2026-09-29 10:56:47.003|DEBUG|ArtifactScraper|Parsing artifact substat: energyrecharge+5.8%
2026-09-29 10:56:47.003|DEBUG|ArtifactScraper|Parsing artifact substat: def+16
2026-09-29 10:56:47.086|DEBUG|ArtifactScraper|Parsing artifact substat: atk+16
2026-09-29 10:56:47.086|DEBUG|ArtifactScraper|Parsing artifact substat: critdmg+7.8%
2026-09-29 10:56:47.086|DEBUG|ArtifactScraper|Parsing artifact substat: def+19
2026-09-29 10:56:47.086|DEBUG|ArtifactScraper|Parsing artifact substat: def+7.3%
2026-09-29 10:56:47.372|DEBUG|ArtifactScraper|Parsing artifact substat: def+16
2026-09-29 10:56:47.372|DEBUG|ArtifactScraper|Parsing artifact substat: def+5.8%
2026-09-29 10:56:47.372|DEBUG|ArtifactScraper|Parsing artifact substat: elementalmastery+23
2026-09-29 10:56:47.372|DEBUG|ArtifactScraper|Parsing artifact substat: hp+4.1%
2026-09-29 10:56:47.450|DEBUG|ArtifactScraper|Parsing artifact substat: hp+5.8%
2026-09-29 10:56:47.450|DEBUG|ArtifactScraper|Parsing artifact substat: atk+14
2026-09-29 10:56:47.450|DEBUG|ArtifactScraper|Parsing artifact substat: hp+209
2026-09-29 10:56:47.450|DEBUG|ArtifactScraper|Parsing artifact substat: energyrecharge+5.2%
2026-09-29 10:56:47.468|DEBUG|ArtifactScraper|Finished queuing page of artifacts. Scrolling...
2026-09-29 10:56:47.704|DEBUG|ArtifactScraper|Parsing artifact substat: atk+14
2026-09-29 10:56:47.704|DEBUG|ArtifactScraper|Parsing artifact substat: critrate+3.5%
2026-09-29 10:56:47.705|DEBUG|ArtifactScraper|Parsing artifact substat: hp+209
2026-09-29 10:56:47.705|DEBUG|ArtifactScraper|Parsing artifact substat: def+16
2026-09-29 10:56:47.807|DEBUG|ArtifactScraper|Parsing artifact substat: atk+18
2026-09-29 10:56:47.807|DEBUG|ArtifactScraper|Parsing artifact substat: def+23
2026-09-29 10:56:47.807|DEBUG|ArtifactScraper|Parsing artifact substat: atk+4.7%
2026-09-29 10:56:47.807|DEBUG|ArtifactScraper|Parsing artifact substat: elementalmastery+19
2026-09-29 10:56:49.494|DEBUG|ArtifactScraper|Scanning artifact page 44
2026-09-29 10:56:49.494|DEBUG|ArtifactScraper|Located 32 possible item locations on page.
2026-09-29 10:56:49.833|DEBUG|ArtifactScraper|Parsing artifact substat: hp+239
2026-09-29 10:56:49.833|DEBUG|ArtifactScraper|Parsing artifact substat: energyrecharge+4.5%
2026-09-29 10:56:49.833|DEBUG|ArtifactScraper|Parsing artifact substat: def+19
2026-09-29 10:56:49.833|DEBUG|ArtifactScraper|Parsing artifact substat: atk+19
2026-09-29 10:56:50.004|DEBUG|ArtifactScraper|Parsing artifact substat: hp+4.7%
2026-09-29 10:56:50.004|DEBUG|ArtifactScraper|Parsing artifact substat: def+16
2026-09-29 10:56:50.004|DEBUG|ArtifactScraper|Parsing artifact substat: hp+239
2026-09-29 10:56:50.004|DEBUG|ArtifactScraper|Parsing artifact substat: def+5.1%
2026-09-29 10:56:50.216|DEBUG|ArtifactScraper|Parsing artifact substat: elementalmastery+19
2026-09-29 10:56:50.216|DEBUG|ArtifactScraper|Parsing artifact substat: hp+4.7%
2026-09-29 10:56:50.216|DEBUG|ArtifactScraper|Parsing artifact substat: def+23
2026-09-29 10:56:50.216|DEBUG|ArtifactScraper|Parsing artifact substat: energyrecharge+5.8%
2026-09-29 10:56:50.531|DEBUG|ArtifactScraper|Parsing artifact substat: hp+209
2026-09-29 10:56:50.531|DEBUG|ArtifactScraper|Parsing artifact substat: def+19
2026-09-29 10:56:50.531|DEBUG|ArtifactScraper|Parsing artifact substat: critdmg+6.2%
2026-09-29 10:56:50.531|DEBUG|ArtifactScraper|Parsing artifact substat: def+5.1%(unactivated)
2026-09-29 10:56:50.575|DEBUG|ArtifactScraper|Parsing artifact substat: hp+239
2026-09-29 10:56:50.575|DEBUG|ArtifactScraper|Parsing artifact substat: energyrecharge+4.5%
2026-09-29 10:56:50.575|DEBUG|ArtifactScraper|Parsing artifact substat: def+21
2026-09-29 10:56:50.575|DEBUG|ArtifactScraper|Parsing artifact substat: atk+18(unactivated)
2026-09-29 10:56:50.855|DEBUG|ArtifactScraper|Parsing artifact substat: atk+4.1%
2026-09-29 10:56:50.855|DEBUG|ArtifactScraper|Parsing artifact substat: hp+5.8%
2026-09-29 10:56:50.855|DEBUG|ArtifactScraper|Parsing artifact substat: critrate+3.5%
2026-09-29 10:56:50.855|DEBUG|ArtifactScraper|Parsing artifact substat: atk+19(unactivated)
2026-09-29 10:56:50.897|DEBUG|ArtifactScraper|Parsing artifact substat: atk+5.8%
2026-09-29 10:56:50.897|DEBUG|ArtifactScraper|Parsing artifact substat: def+23
2026-09-29 10:56:50.897|DEBUG|ArtifactScraper|Parsing artifact substat: critrate+3.9%
2026-09-29 10:56:50.897|DEBUG|ArtifactScraper|Parsing artifact substat: atk+14(unactivated)
2026-09-29 10:56:51.139|DEBUG|ArtifactScraper|Parsing artifact substat: atk+5.8%
2026-09-29 10:56:51.139|DEBUG|ArtifactScraper|Parsing artifact substat: def+21
2026-09-29 10:56:51.139|DEBUG|ArtifactScraper|Parsing artifact substat: hp+299
2026-09-29 10:56:51.139|DEBUG|ArtifactScraper|Parsing artifact substat: atk+16(unactivated)
2026-09-29 10:56:51.460|DEBUG|ArtifactScraper|Parsing artifact substat: def+23
2026-09-29 10:56:51.460|DEBUG|ArtifactScraper|Parsing artifact substat: hp+5.8%
2026-09-29 10:56:51.460|DEBUG|ArtifactScraper|Parsing artifact substat: hp+299
2026-09-29 10:56:51.460|DEBUG|ArtifactScraper|Parsing artifact substat: atk+18(unactivated)
2026-09-29 10:56:51.460|DEBUG|ArtifactScraper|Parsing artifact substat: hp+299
2026-09-29 10:56:51.460|DEBUG|ArtifactScraper|Parsing artifact substat: critrate+2.7%
2026-09-29 10:56:51.460|DEBUG|ArtifactScraper|Parsing artifact substat: def+5.1%
2026-09-29 10:56:51.460|DEBUG|ArtifactScraper|Parsing artifact substat: hp+4.7%(unactivated)
2026-09-29 10:56:51.768|DEBUG|ArtifactScraper|Parsing artifact substat: energyrecharge+4.5%
2026-09-29 10:56:51.768|DEBUG|ArtifactScraper|Parsing artifact substat: hp+239
2026-09-29 10:56:51.768|DEBUG|ArtifactScraper|Parsing artifact substat: def+19
2026-09-29 10:56:51.768|DEBUG|ArtifactScraper|Parsing artifact substat: elementalmastery+23
2026-09-29 10:56:51.810|DEBUG|ArtifactScraper|Parsing artifact substat: hp+269
2026-09-29 10:56:51.810|DEBUG|ArtifactScraper|Parsing artifact substat: elementalmastery+19
2026-09-29 10:56:51.810|DEBUG|ArtifactScraper|Parsing artifact substat: atk+4.7%
2026-09-29 10:56:51.810|DEBUG|ArtifactScraper|Parsing artifact substat: atk+14(unactivated)
2026-09-29 10:56:52.096|DEBUG|ArtifactScraper|Parsing artifact substat: atk+19
2026-09-29 10:56:52.096|DEBUG|ArtifactScraper|Parsing artifact substat: elementalmastery+21
2026-09-29 10:56:52.096|DEBUG|ArtifactScraper|Parsing artifact substat: atk+4.7%
2026-09-29 10:56:52.096|DEBUG|ArtifactScraper|Parsing artifact substat: critrate+3.1%(unactivated)
2026-09-29 10:56:52.123|DEBUG|ArtifactScraper|Parsing artifact substat: critdmg+7.8%
2026-09-29 10:56:52.123|DEBUG|ArtifactScraper|Parsing artifact substat: atk+5.8%
2026-09-29 10:56:52.123|DEBUG|ArtifactScraper|Parsing artifact substat: def+7.3%
2026-09-29 10:56:52.123|DEBUG|ArtifactScraper|Parsing artifact substat: atk+16(unactivated)
2026-09-29 10:56:52.438|DEBUG|ArtifactScraper|Parsing artifact substat: hp+209
2026-09-29 10:56:52.438|DEBUG|ArtifactScraper|Parsing artifact substat: atk+14
2026-09-29 10:56:52.438|DEBUG|ArtifactScraper|Parsing artifact substat: hp+4.1%
2026-09-29 10:56:52.438|DEBUG|ArtifactScraper|Parsing artifact substat: def+7.3%(unactivated)
2026-09-29 10:56:52.443|DEBUG|ArtifactScraper|Parsing artifact substat: def+19
2026-09-29 10:56:52.443|DEBUG|ArtifactScraper|Parsing artifact substat: elementalmastery+21
2026-09-29 10:56:52.443|DEBUG|ArtifactScraper|Parsing artifact substat: energyrecharge+6.5%
2026-09-29 10:56:52.443|DEBUG|ArtifactScraper|Parsing artifact substat: def+5.1%(unactivated)
2026-09-29 10:56:52.732|DEBUG|ArtifactScraper|Parsing artifact substat: hp+5.8%
2026-09-29 10:56:52.732|DEBUG|ArtifactScraper|Parsing artifact substat: def+7.3%
2026-09-29 10:56:52.732|DEBUG|ArtifactScraper|Parsing artifact substat: elementalmastery+23
2026-09-29 10:56:52.732|DEBUG|ArtifactScraper|Parsing artifact substat: def+16(unactivated)
2026-09-29 10:56:52.792|DEBUG|ArtifactScraper|Parsing artifact substat: def+6.6%
2026-09-29 10:56:52.792|DEBUG|ArtifactScraper|Parsing artifact substat: atk+19
2026-09-29 10:56:52.792|DEBUG|ArtifactScraper|Parsing artifact substat: critdmg+6.2%
2026-09-29 10:56:52.792|DEBUG|ArtifactScraper|Parsing artifact substat: hp+269(unactivated)
2026-09-29 10:56:53.046|DEBUG|ArtifactScraper|Parsing artifact substat: hp+269
2026-09-29 10:56:53.046|DEBUG|ArtifactScraper|Parsing artifact substat: atk+16
2026-09-29 10:56:53.046|DEBUG|ArtifactScraper|Parsing artifact substat: critdmg+7.8%
2026-09-29 10:56:53.046|DEBUG|ArtifactScraper|Parsing artifact substat: elementalmastery+23
2026-09-29 10:56:53.142|DEBUG|ArtifactScraper|Parsing artifact substat: energyrecharge+6.5%
2026-09-29 10:56:53.142|DEBUG|ArtifactScraper|Parsing artifact substat: atk+14
2026-09-29 10:56:53.142|DEBUG|ArtifactScraper|Parsing artifact substat: critdmg+7.8%
2026-09-29 10:56:53.142|DEBUG|ArtifactScraper|Parsing artifact substat: hp+239(unactivated)
2026-09-29 10:56:53.340|DEBUG|ArtifactScraper|Parsing artifact substat: critdmg+6.2%
2026-09-29 10:56:53.340|DEBUG|ArtifactScraper|Parsing artifact substat: critrate+3.9%
2026-09-29 10:56:53.340|DEBUG|ArtifactScraper|Parsing artifact substat: atk+5.3%
2026-09-29 10:56:53.340|DEBUG|ArtifactScraper|Parsing artifact substat: elementalmastery+16
2026-09-29 10:56:53.508|DEBUG|ArtifactScraper|Parsing artifact substat: atk+16
2026-09-29 10:56:53.508|DEBUG|ArtifactScraper|Parsing artifact substat: energyrecharge+4.5%
2026-09-29 10:56:53.508|DEBUG|ArtifactScraper|Parsing artifact substat: def+5.8%
2026-09-29 10:56:53.508|DEBUG|ArtifactScraper|Parsing artifact substat: atk+4.7%(unactivated)
2026-09-29 10:56:53.680|DEBUG|ArtifactScraper|Parsing artifact substat: def+5.8%
2026-09-29 10:56:53.680|DEBUG|ArtifactScraper|Parsing artifact substat: energyrecharge+5.2%
2026-09-29 10:56:53.680|DEBUG|ArtifactScraper|Parsing artifact substat: critdmg+6.2%
2026-09-29 10:56:53.680|DEBUG|ArtifactScraper|Parsing artifact substat: elementalmastery+21
2026-09-29 10:56:53.892|DEBUG|ArtifactScraper|Parsing artifact substat: critdmg+7.8%
2026-09-29 10:56:53.892|DEBUG|ArtifactScraper|Parsing artifact substat: def+5.1%
2026-09-29 10:56:53.892|DEBUG|ArtifactScraper|Parsing artifact substat: energyrecharge+5.8%
2026-09-29 10:56:53.892|DEBUG|ArtifactScraper|Parsing artifact substat: elementalmastery+23
2026-09-29 10:56:53.978|DEBUG|ArtifactScraper|Parsing artifact substat: def+5.1%
2026-09-29 10:56:53.978|DEBUG|ArtifactScraper|Parsing artifact substat: critdmg+6.2%
2026-09-29 10:56:53.978|DEBUG|ArtifactScraper|Parsing artifact substat: critrate+3.9%
2026-09-29 10:56:53.978|DEBUG|ArtifactScraper|Parsing artifact substat: atk+4.7%(unactivated)
2026-09-29 10:56:54.256|DEBUG|ArtifactScraper|Parsing artifact substat: atk+18
2026-09-29 10:56:54.256|DEBUG|ArtifactScraper|Parsing artifact substat: def+7.3%
2026-09-29 10:56:54.256|DEBUG|ArtifactScraper|Parsing artifact substat: def+21
2026-09-29 10:56:54.256|DEBUG|ArtifactScraper|Parsing artifact substat: hp+5.3%
2026-09-29 10:56:54.256|DEBUG|ArtifactScraper|Parsing artifact substat: energyrecharge+4.5%
2026-09-29 10:56:54.256|DEBUG|ArtifactScraper|Parsing artifact substat: elementalmastery+21
2026-09-29 10:56:54.256|DEBUG|ArtifactScraper|Parsing artifact substat: atk+16
2026-09-29 10:56:54.256|DEBUG|ArtifactScraper|Parsing artifact substat: def+19(unactivated)
2026-09-29 10:56:54.599|DEBUG|ArtifactScraper|Parsing artifact substat: elementalmastery+23
2026-09-29 10:56:54.599|DEBUG|ArtifactScraper|Parsing artifact substat: hp+299
2026-09-29 10:56:54.599|DEBUG|ArtifactScraper|Parsing artifact substat: def+21
2026-09-29 10:56:54.599|DEBUG|ArtifactScraper|Parsing artifact substat: critrate+3.9%(unactivated)
2026-09-29 10:56:54.652|DEBUG|ArtifactScraper|Parsing artifact substat: critrate+2.7%
2026-09-29 10:56:54.652|DEBUG|ArtifactScraper|Parsing artifact substat: hp+209
2026-09-29 10:56:54.652|DEBUG|ArtifactScraper|Parsing artifact substat: elementalmastery+16
2026-09-29 10:56:54.652|DEBUG|ArtifactScraper|Parsing artifact substat: critdmg+5.4%(unactivated)
2026-09-29 10:56:54.804|DEBUG|ArtifactScraper|Finished queuing page of artifacts. Scrolling...
2026-09-29 10:56:54.897|DEBUG|ArtifactScraper|Parsing artifact substat: hp+269
2026-09-29 10:56:54.897|DEBUG|ArtifactScraper|Parsing artifact substat: elementalmastery+23
2026-09-29 10:56:54.897|DEBUG|ArtifactScraper|Parsing artifact substat: def+5.8%
2026-09-29 10:56:54.897|DEBUG|ArtifactScraper|Parsing artifact substat: def+21(unactivated)
2026-09-29 10:56:54.976|DEBUG|ArtifactScraper|Parsing artifact substat: energyrecharge+5.8%
2026-09-29 10:56:54.976|DEBUG|ArtifactScraper|Parsing artifact substat: hp+299
2026-09-29 10:56:54.976|DEBUG|ArtifactScraper|Parsing artifact substat: critdmg+7.0%
2026-09-29 10:56:54.976|DEBUG|ArtifactScraper|Parsing artifact substat: def+16(unactivated)
2026-09-29 10:56:55.173|DEBUG|ArtifactScraper|Parsing artifact substat: hp+4.1%
2026-09-29 10:56:55.173|DEBUG|ArtifactScraper|Parsing artifact substat: energyrecharge+5.2%
2026-09-29 10:56:55.173|DEBUG|ArtifactScraper|Parsing artifact substat: atk+16
2026-09-29 10:56:56.814|DEBUG|ArtifactScraper|Scanning artifact page 45
2026-09-29 10:56:56.814|DEBUG|ArtifactScraper|Located 32 possible item locations on page.
2026-09-29 10:56:57.243|DEBUG|ArtifactScraper|Parsing artifact substat: critrate+3.9%
2026-09-29 10:56:57.243|DEBUG|ArtifactScraper|Parsing artifact substat: atk+14
2026-09-29 10:56:57.243|DEBUG|ArtifactScraper|Parsing artifact substat: critdmg+7.0%
2026-09-29 10:56:57.243|DEBUG|ArtifactScraper|Parsing artifact substat: def+16
2026-09-29 10:56:57.510|DEBUG|ArtifactScraper|Parsing artifact substat: energyrecharge+6.5%
2026-09-29 10:56:57.510|DEBUG|ArtifactScraper|Parsing artifact substat: def+16
2026-09-29 10:56:57.510|DEBUG|ArtifactScraper|Parsing artifact substat: atk+16
2026-09-29 10:56:57.510|DEBUG|ArtifactScraper|Parsing artifact substat: hp+239
2026-09-29 10:56:57.559|DEBUG|ArtifactScraper|Parsing artifact substat: def+7.3%
2026-09-29 10:56:57.559|DEBUG|ArtifactScraper|Parsing artifact substat: atk+19
2026-09-29 10:56:57.559|DEBUG|ArtifactScraper|Parsing artifact substat: def+16
2026-09-29 10:56:57.559|DEBUG|ArtifactScraper|Parsing artifact substat: elementalmastery+19
2026-09-29 10:56:57.845|DEBUG|ArtifactScraper|Parsing artifact substat: elementalmastery+21
2026-09-29 10:56:57.845|DEBUG|ArtifactScraper|Parsing artifact substat: def+16
2026-09-29 10:56:57.845|DEBUG|ArtifactScraper|Parsing artifact substat: atk+14
2026-09-29 10:56:57.845|DEBUG|ArtifactScraper|Parsing artifact substat: critdmg+6.2%(unactivated)
2026-09-29 10:56:57.956|DEBUG|ArtifactScraper|Parsing artifact substat: hp+209
2026-09-29 10:56:57.956|DEBUG|ArtifactScraper|Parsing artifact substat: energyrecharge+4.5%
2026-09-29 10:56:57.956|DEBUG|ArtifactScraper|Parsing artifact substat: atk+5.3%
2026-09-29 10:56:57.956|DEBUG|ArtifactScraper|Parsing artifact substat: critrate+3.1%(unactivated)
2026-09-29 10:56:58.148|DEBUG|ArtifactScraper|Parsing artifact substat: atk+5.8%
2026-09-29 10:56:58.148|DEBUG|ArtifactScraper|Parsing artifact substat: energyrecharge+6.5%
2026-09-29 10:56:58.148|DEBUG|ArtifactScraper|Parsing artifact substat: atk+18
2026-09-29 10:56:58.148|DEBUG|ArtifactScraper|Parsing artifact substat: hp+299(unactivated)
2026-09-29 10:56:58.296|DEBUG|ArtifactScraper|Parsing artifact substat: energyrecharge+6.5%
2026-09-29 10:56:58.296|DEBUG|ArtifactScraper|Parsing artifact substat: atk+18
2026-09-29 10:56:58.296|DEBUG|ArtifactScraper|Parsing artifact substat: def+19
2026-09-29 10:56:58.296|DEBUG|ArtifactScraper|Parsing artifact substat: elementalmastery+16
2026-09-29 10:56:58.424|DEBUG|ArtifactScraper|Parsing artifact substat: energyrecharge+5.2%
2026-09-29 10:56:58.424|DEBUG|ArtifactScraper|Parsing artifact substat: atk+19
2026-09-29 10:56:58.424|DEBUG|ArtifactScraper|Parsing artifact substat: hp+4.7%
2026-09-29 10:56:58.424|DEBUG|ArtifactScraper|Parsing artifact substat: hp+269(unactivated)
2026-09-29 10:56:58.671|DEBUG|ArtifactScraper|Parsing artifact substat: def+7.3%
2026-09-29 10:56:58.671|DEBUG|ArtifactScraper|Parsing artifact substat: critrate+3.1%
2026-09-29 10:56:58.671|DEBUG|ArtifactScraper|Parsing artifact substat: energyrecharge+6.5%
2026-09-29 10:56:58.671|DEBUG|ArtifactScraper|Parsing artifact substat: hp+299(unactivated)
2026-09-29 10:56:58.806|DEBUG|ArtifactScraper|Parsing artifact substat: elementalmastery+19
2026-09-29 10:56:58.806|DEBUG|ArtifactScraper|Parsing artifact substat: def+7.3%
2026-09-29 10:56:58.806|DEBUG|ArtifactScraper|Parsing artifact substat: energyrecharge+6.5%
2026-09-29 10:56:58.806|DEBUG|ArtifactScraper|Parsing artifact substat: atk+16(unactivated)
2026-09-29 10:56:59.038|DEBUG|ArtifactScraper|Parsing artifact substat: critdmg+7.0%
2026-09-29 10:56:59.038|DEBUG|ArtifactScraper|Parsing artifact substat: elementalmastery+16
2026-09-29 10:56:59.038|DEBUG|ArtifactScraper|Parsing artifact substat: atk+5.8%
2026-09-29 10:56:59.038|DEBUG|ArtifactScraper|Parsing artifact substat: hp+269
2026-09-29 10:56:59.215|DEBUG|ArtifactScraper|Parsing artifact substat: hp+209
2026-09-29 10:56:59.215|DEBUG|ArtifactScraper|Parsing artifact substat: critrate+3.1%
2026-09-29 10:56:59.215|DEBUG|ArtifactScraper|Parsing artifact substat: def+23
2026-09-29 10:56:59.215|DEBUG|ArtifactScraper|Parsing artifact substat: energyrecharge+5.2%
2026-09-29 10:56:59.342|DEBUG|ArtifactScraper|Parsing artifact substat: energyrecharge+5.8%
2026-09-29 10:56:59.342|DEBUG|ArtifactScraper|Parsing artifact substat: hp+239
2026-09-29 10:56:59.342|DEBUG|ArtifactScraper|Parsing artifact substat: def+19
2026-09-29 10:56:59.342|DEBUG|ArtifactScraper|Parsing artifact substat: elementalmastery+19
2026-09-29 10:56:59.585|DEBUG|ArtifactScraper|Parsing artifact substat: hp+239
2026-09-29 10:56:59.585|DEBUG|ArtifactScraper|Parsing artifact substat: atk+19
2026-09-29 10:56:59.585|DEBUG|ArtifactScraper|Parsing artifact substat: hp+4.7%
2026-09-29 10:56:59.585|DEBUG|ArtifactScraper|Parsing artifact substat: atk+5.3%(unactivated)
2026-09-29 10:56:59.663|DEBUG|ArtifactScraper|Parsing artifact substat: def+19
2026-09-29 10:56:59.663|DEBUG|ArtifactScraper|Parsing artifact substat: atk+16
2026-09-29 10:56:59.663|DEBUG|ArtifactScraper|Parsing artifact substat: critrate+3.1%
2026-09-29 10:56:59.663|DEBUG|ArtifactScraper|Parsing artifact substat: energyrecharge+6.5%
2026-09-29 10:56:59.951|DEBUG|ArtifactScraper|Parsing artifact substat: def+7.3%
2026-09-29 10:56:59.951|DEBUG|ArtifactScraper|Parsing artifact substat: atk+4.1%
2026-09-29 10:56:59.951|DEBUG|ArtifactScraper|Parsing artifact substat: critdmg+5.4%
2026-09-29 10:56:59.951|DEBUG|ArtifactScraper|Parsing artifact substat: energyrecharge+5.8%
2026-09-29 10:56:59.980|DEBUG|ArtifactScraper|Parsing artifact substat: critdmg+7.8%
2026-09-29 10:56:59.980|DEBUG|ArtifactScraper|Parsing artifact substat: energyrecharge+4.5%
2026-09-29 10:56:59.980|DEBUG|ArtifactScraper|Parsing artifact substat: def+21
2026-09-29 10:56:59.980|DEBUG|ArtifactScraper|Parsing artifact substat: atk+4.7%(unactivated)
2026-09-29 10:57:00.284|DEBUG|ArtifactScraper|Parsing artifact substat: def+19
2026-09-29 10:57:00.284|DEBUG|ArtifactScraper|Parsing artifact substat: atk+4.7%
2026-09-29 10:57:00.284|DEBUG|ArtifactScraper|Parsing artifact substat: def+5.8%
2026-09-29 10:57:00.284|DEBUG|ArtifactScraper|Parsing artifact substat: elementalmastery+19
2026-09-29 10:57:00.341|DEBUG|ArtifactScraper|Parsing artifact substat: critdmg+7.8%
2026-09-29 10:57:00.341|DEBUG|ArtifactScraper|Parsing artifact substat: atk+18
2026-09-29 10:57:00.341|DEBUG|ArtifactScraper|Parsing artifact substat: hp+5.8%
2026-09-29 10:57:00.341|DEBUG|ArtifactScraper|Parsing artifact substat: critrate+3.5%(unactivated)
2026-09-29 10:57:00.611|DEBUG|ArtifactScraper|Parsing artifact substat: hp+239
2026-09-29 10:57:00.611|DEBUG|ArtifactScraper|Parsing artifact substat: def+23
2026-09-29 10:57:00.611|DEBUG|ArtifactScraper|Parsing artifact substat: atk+19
2026-09-29 10:57:00.611|DEBUG|ArtifactScraper|Parsing artifact substat: def+6.6%
2026-09-29 10:57:00.619|DEBUG|ArtifactScraper|Parsing artifact substat: hp+299
2026-09-29 10:57:00.619|DEBUG|ArtifactScraper|Parsing artifact substat: critdmg+7.8%
2026-09-29 10:57:00.619|DEBUG|ArtifactScraper|Parsing artifact substat: hp+5.3%
2026-09-29 10:57:00.619|DEBUG|ArtifactScraper|Parsing artifact substat: atk+16(unactivated)
2026-09-29 10:57:00.938|DEBUG|ArtifactScraper|Parsing artifact substat: atk+5.3%
2026-09-29 10:57:00.938|DEBUG|ArtifactScraper|Parsing artifact substat: hp+4.7%
2026-09-29 10:57:00.938|DEBUG|ArtifactScraper|Parsing artifact substat: elementalmastery+19
2026-09-29 10:57:00.938|DEBUG|ArtifactScraper|Parsing artifact substat: atk+14
2026-09-29 10:57:00.997|DEBUG|ArtifactScraper|Parsing artifact substat: atk+16
2026-09-29 10:57:00.997|DEBUG|ArtifactScraper|Parsing artifact substat: critrate+2.7%
2026-09-29 10:57:00.997|DEBUG|ArtifactScraper|Parsing artifact substat: energyrecharge+5.8%
2026-09-29 10:57:00.997|DEBUG|ArtifactScraper|Parsing artifact substat: atk+5.3%(unactivated)
2026-09-29 10:57:01.215|DEBUG|ArtifactScraper|Parsing artifact substat: critrate+3.1%
2026-09-29 10:57:01.215|DEBUG|ArtifactScraper|Parsing artifact substat: atk+16
2026-09-29 10:57:01.215|DEBUG|ArtifactScraper|Parsing artifact substat: def+23
2026-09-29 10:57:01.215|DEBUG|ArtifactScraper|Parsing artifact substat: energyrecharge+5.2%
2026-09-29 10:57:01.391|DEBUG|ArtifactScraper|Parsing artifact substat: elementalmastery+19
2026-09-29 10:57:01.391|DEBUG|ArtifactScraper|Parsing artifact substat: critrate+3.1%
2026-09-29 10:57:01.391|DEBUG|ArtifactScraper|Parsing artifact substat: hp+299
2026-09-29 10:57:01.391|DEBUG|ArtifactScraper|Parsing artifact substat: energyrecharge+5.2%
2026-09-29 10:57:01.559|DEBUG|ArtifactScraper|Parsing artifact substat: atk+14
2026-09-29 10:57:01.559|DEBUG|ArtifactScraper|Parsing artifact substat: hp+5.3%
2026-09-29 10:57:01.559|DEBUG|ArtifactScraper|Parsing artifact substat: hp+209
2026-09-29 10:57:01.559|DEBUG|ArtifactScraper|Parsing artifact substat: critdmg+5.4%(unactivated)
2026-09-29 10:57:01.783|DEBUG|ArtifactScraper|Parsing artifact substat: atk+19
2026-09-29 10:57:01.783|DEBUG|ArtifactScraper|Parsing artifact substat: atk+5.3%
2026-09-29 10:57:01.783|DEBUG|ArtifactScraper|Parsing artifact substat: energyrecharge+4.5%
2026-09-29 10:57:01.783|DEBUG|ArtifactScraper|Parsing artifact substat: critrate+3.9%(unactivated)
2026-09-29 10:57:01.871|DEBUG|ArtifactScraper|Parsing artifact substat: critrate+3.5%
2026-09-29 10:57:01.871|DEBUG|ArtifactScraper|Parsing artifact substat: def+5.1%
2026-09-29 10:57:01.871|DEBUG|ArtifactScraper|Parsing artifact substat: elementalmastery+16
2026-09-29 10:57:01.871|DEBUG|ArtifactScraper|Parsing artifact substat: hp+239(unactivated)
2026-09-29 10:57:02.124|DEBUG|ArtifactScraper|Parsing artifact substat: def+5.8%
2026-09-29 10:57:02.124|DEBUG|ArtifactScraper|Parsing artifact substat: atk+5.3%
2026-09-29 10:57:02.124|DEBUG|ArtifactScraper|Parsing artifact substat: hp+209
2026-09-29 10:57:02.124|DEBUG|ArtifactScraper|Parsing artifact substat: energyrecharge+6.5%
2026-09-29 10:57:02.184|DEBUG|ArtifactScraper|Parsing artifact substat: atk+4.7%
2026-09-29 10:57:02.184|DEBUG|ArtifactScraper|Parsing artifact substat: hp+239
2026-09-29 10:57:02.184|DEBUG|ArtifactScraper|Parsing artifact substat: critdmg+7.8%
2026-09-29 10:57:02.184|DEBUG|ArtifactScraper|Parsing artifact substat: atk+14(unactivated)
2026-09-29 10:57:02.211|DEBUG|ArtifactScraper|Finished queuing page of artifacts. Scrolling...
2026-09-29 10:57:02.486|DEBUG|ArtifactScraper|Parsing artifact substat: hp+209
2026-09-29 10:57:02.486|DEBUG|ArtifactScraper|Parsing artifact substat: def+5.8%
2026-09-29 10:57:02.486|DEBUG|ArtifactScraper|Parsing artifact substat: elementalmastery+16
2026-09-29 10:57:02.486|DEBUG|ArtifactScraper|Parsing artifact substat: energyrecharge+6.5%
2026-09-29 10:57:02.531|DEBUG|ArtifactScraper|Parsing artifact substat: hp+4.1%
2026-09-29 10:57:02.531|DEBUG|ArtifactScraper|Parsing artifact substat: energyrecharge+5.8%
2026-09-29 10:57:02.531|DEBUG|ArtifactScraper|Parsing artifact substat: atk+5.8%
2026-09-29 10:57:04.442|DEBUG|ArtifactScraper|Scanning artifact page 46
2026-09-29 10:57:04.442|DEBUG|ArtifactScraper|Located 32 possible item locations on page.
2026-09-29 10:57:04.931|DEBUG|ArtifactScraper|Parsing artifact substat: def+5.8%
2026-09-29 10:57:04.931|DEBUG|ArtifactScraper|Parsing artifact substat: energyrecharge+6.5%
2026-09-29 10:57:04.931|DEBUG|ArtifactScraper|Parsing artifact substat: atk+14
2026-09-29 10:57:04.931|DEBUG|ArtifactScraper|Parsing artifact substat: critdmg+7.0%(unactivated)
2026-09-29 10:57:05.168|DEBUG|ArtifactScraper|Parsing artifact substat: atk+19
2026-09-29 10:57:05.168|DEBUG|ArtifactScraper|Parsing artifact substat: hp+5.3%
2026-09-29 10:57:05.168|DEBUG|ArtifactScraper|Parsing artifact substat: energyrecharge+6.5%
2026-09-29 10:57:05.168|DEBUG|ArtifactScraper|Parsing artifact substat: hp+299
2026-09-29 10:57:05.320|DEBUG|ArtifactScraper|Parsing artifact substat: hp+299
2026-09-29 10:57:05.320|DEBUG|ArtifactScraper|Parsing artifact substat: atk+19
2026-09-29 10:57:05.320|DEBUG|ArtifactScraper|Parsing artifact substat: energyrecharge+4.5%
2026-09-29 10:57:05.320|DEBUG|ArtifactScraper|Parsing artifact substat: atk+5.3%(unactivated)
2026-09-29 10:57:05.572|DEBUG|ArtifactScraper|Parsing artifact substat: critdmg+5.4%
2026-09-29 10:57:05.572|DEBUG|ArtifactScraper|Parsing artifact substat: atk+16
2026-09-29 10:57:05.572|DEBUG|ArtifactScraper|Parsing artifact substat: atk+4.1%
2026-09-29 10:57:05.572|DEBUG|ArtifactScraper|Parsing artifact substat: hp+209(unactivated)
2026-09-29 10:57:05.659|DEBUG|ArtifactScraper|Parsing artifact substat: energyrecharge+5.2%
2026-09-29 10:57:05.659|DEBUG|ArtifactScraper|Parsing artifact substat: elementalmastery+23
2026-09-29 10:57:05.659|DEBUG|ArtifactScraper|Parsing artifact substat: def+21
2026-09-29 10:57:05.659|DEBUG|ArtifactScraper|Parsing artifact substat: atk+16(unactivated)
2026-09-29 10:57:05.978|DEBUG|ArtifactScraper|Parsing artifact substat: atk+18
2026-09-29 10:57:05.978|DEBUG|ArtifactScraper|Parsing artifact substat: hp+5.3%
2026-09-29 10:57:05.978|DEBUG|ArtifactScraper|Parsing artifact substat: def+21
2026-09-29 10:57:05.978|DEBUG|ArtifactScraper|Parsing artifact substat: critrate+3.9%(unactivated)
2026-09-29 10:57:06.131|DEBUG|ArtifactScraper|Parsing artifact substat: elementalmastery+16
2026-09-29 10:57:06.131|DEBUG|ArtifactScraper|Parsing artifact substat: atk+19
2026-09-29 10:57:06.131|DEBUG|ArtifactScraper|Parsing artifact substat: energyrecharge+5.8%
2026-09-29 10:57:06.131|DEBUG|ArtifactScraper|Parsing artifact substat: critdmg+7.0%(unactivated)
2026-09-29 10:57:06.288|DEBUG|ArtifactScraper|Parsing artifact substat: energyrecharge+5.8%
2026-09-29 10:57:06.288|DEBUG|ArtifactScraper|Parsing artifact substat: def+5.1%
2026-09-29 10:57:06.288|DEBUG|ArtifactScraper|Parsing artifact substat: hp+239
2026-09-29 10:57:06.288|DEBUG|ArtifactScraper|Parsing artifact substat: elementalmastery+19
2026-09-29 10:57:06.432|DEBUG|ArtifactScraper|Parsing artifact substat: elementalmastery+19
2026-09-29 10:57:06.432|DEBUG|ArtifactScraper|Parsing artifact substat: atk+4.7%
2026-09-29 10:57:06.432|DEBUG|ArtifactScraper|Parsing artifact substat: energyrecharge+4.5%
2026-09-29 10:57:06.432|DEBUG|ArtifactScraper|Parsing artifact substat: def+7.3%
2026-09-29 10:57:06.556|DEBUG|ArtifactScraper|Parsing artifact substat: critdmg+7.8%
2026-09-29 10:57:06.556|DEBUG|ArtifactScraper|Parsing artifact substat: def+5.8%
2026-09-29 10:57:06.556|DEBUG|ArtifactScraper|Parsing artifact substat: hp+4.1%
2026-09-29 10:57:06.556|DEBUG|ArtifactScraper|Parsing artifact substat: atk+5.8%
2026-09-29 10:57:06.682|DEBUG|ArtifactScraper|Parsing artifact substat: atk+4.1%
2026-09-29 10:57:06.682|DEBUG|ArtifactScraper|Parsing artifact substat: elementalmastery+16
2026-09-29 10:57:06.682|DEBUG|ArtifactScraper|Parsing artifact substat: hp+4.7%
2026-09-29 10:57:06.682|DEBUG|ArtifactScraper|Parsing artifact substat: critrate+3.5%
2026-09-29 10:57:06.937|DEBUG|ArtifactScraper|Parsing artifact substat: atk+5.3%
2026-09-29 10:57:06.937|DEBUG|ArtifactScraper|Parsing artifact substat: elementalmastery+21
2026-09-29 10:57:06.937|DEBUG|ArtifactScraper|Parsing artifact substat: critdmg+7.0%
2026-09-29 10:57:06.937|DEBUG|ArtifactScraper|Parsing artifact substat: def+7.3%
2026-09-29 10:57:07.066|DEBUG|ArtifactScraper|Parsing artifact substat: critdmg+7.8%
2026-09-29 10:57:07.066|DEBUG|ArtifactScraper|Parsing artifact substat: elementalmastery+21
2026-09-29 10:57:07.066|DEBUG|ArtifactScraper|Parsing artifact substat: atk+16
2026-09-29 10:57:07.066|DEBUG|ArtifactScraper|Parsing artifact substat: atk+4.1%
2026-09-29 10:57:07.298|DEBUG|ArtifactScraper|Parsing artifact substat: atk+4.1%
2026-09-29 10:57:07.298|DEBUG|ArtifactScraper|Parsing artifact substat: def+23
2026-09-29 10:57:07.298|DEBUG|ArtifactScraper|Parsing artifact substat: atk+18
2026-09-29 10:57:07.298|DEBUG|ArtifactScraper|Parsing artifact substat: critrate+2.7%
2026-09-29 10:57:07.482|DEBUG|ArtifactScraper|Parsing artifact substat: energyrecharge+6.5%
2026-09-29 10:57:07.482|DEBUG|ArtifactScraper|Parsing artifact substat: hp+5.8%
2026-09-29 10:57:07.482|DEBUG|ArtifactScraper|Parsing artifact substat: critdmg+5.4%
2026-09-29 10:57:07.482|DEBUG|ArtifactScraper|Parsing artifact substat: atk+5.3%(unactivated)
2026-09-29 10:57:07.601|DEBUG|ArtifactScraper|Parsing artifact substat: critrate+3.9%
2026-09-29 10:57:07.601|DEBUG|ArtifactScraper|Parsing artifact substat: critdmg+6.2%
2026-09-29 10:57:07.601|DEBUG|ArtifactScraper|Parsing artifact substat: def+19
2026-09-29 10:57:07.601|DEBUG|ArtifactScraper|Parsing artifact substat: energyrecharge+6.5%
2026-09-29 10:57:07.898|DEBUG|ArtifactScraper|Parsing artifact substat: atk+5.3%
2026-09-29 10:57:07.898|DEBUG|ArtifactScraper|Parsing artifact substat: def+16
2026-09-29 10:57:07.898|DEBUG|ArtifactScraper|Parsing artifact substat: energyrecharge+4.5%
2026-09-29 10:57:07.898|DEBUG|ArtifactScraper|Parsing artifact substat: critdmg+5.4%(unactivated)
2026-09-29 10:57:07.995|DEBUG|ArtifactScraper|Parsing artifact substat: def+23
2026-09-29 10:57:07.995|DEBUG|ArtifactScraper|Parsing artifact substat: elementalmastery+16
2026-09-29 10:57:07.995|DEBUG|ArtifactScraper|Parsing artifact substat: atk+5.8%
2026-09-29 10:57:07.995|DEBUG|ArtifactScraper|Parsing artifact substat: critrate+3.9%(unactivated)
2026-09-29 10:57:08.269|DEBUG|ArtifactScraper|Parsing artifact substat: atk+4.1%
2026-09-29 10:57:08.269|DEBUG|ArtifactScraper|Parsing artifact substat: atk+16
2026-09-29 10:57:08.269|DEBUG|ArtifactScraper|Parsing artifact substat: def+16
2026-09-29 10:57:08.269|DEBUG|ArtifactScraper|Parsing artifact substat: critrate+3.9%(unactivated)
2026-09-29 10:57:08.269|DEBUG|ArtifactScraper|Parsing artifact substat: energyrecharge+5.2%
2026-09-29 10:57:08.269|DEBUG|ArtifactScraper|Parsing artifact substat: atk+4.1%
2026-09-29 10:57:08.269|DEBUG|ArtifactScraper|Parsing artifact substat: critrate+2.7%
2026-09-29 10:57:08.269|DEBUG|ArtifactScraper|Parsing artifact substat: atk+14(unactivated)
2026-09-29 10:57:08.643|DEBUG|ArtifactScraper|Parsing artifact substat: atk+4.1%
2026-09-29 10:57:08.643|DEBUG|ArtifactScraper|Parsing artifact substat: critrate+3.1%
2026-09-29 10:57:08.643|DEBUG|ArtifactScraper|Parsing artifact substat: def+7.3%
2026-09-29 10:57:08.643|DEBUG|ArtifactScraper|Parsing artifact substat: energyrecharge+4.5%
2026-09-29 10:57:08.675|DEBUG|ArtifactScraper|Parsing artifact substat: atk+5.3%
2026-09-29 10:57:08.675|DEBUG|ArtifactScraper|Parsing artifact substat: def+19
2026-09-29 10:57:08.675|DEBUG|ArtifactScraper|Parsing artifact substat: elementalmastery+19
2026-09-29 10:57:08.675|DEBUG|ArtifactScraper|Parsing artifact substat: critdmg+7.8%(unactivated)
2026-09-29 10:57:08.939|DEBUG|ArtifactScraper|Parsing artifact substat: critdmg+7.8%
2026-09-29 10:57:08.939|DEBUG|ArtifactScraper|Parsing artifact substat: elementalmastery+23
2026-09-29 10:57:08.939|DEBUG|ArtifactScraper|Parsing artifact substat: atk+4.1%
2026-09-29 10:57:08.939|DEBUG|ArtifactScraper|Parsing artifact substat: atk+14(unactivated)
2026-09-29 10:57:09.062|DEBUG|ArtifactScraper|Parsing artifact substat: energyrecharge+5.8%
2026-09-29 10:57:09.062|DEBUG|ArtifactScraper|Parsing artifact substat: critrate+3.5%
2026-09-29 10:57:09.062|DEBUG|ArtifactScraper|Parsing artifact substat: atk+14
2026-09-29 10:57:09.062|DEBUG|ArtifactScraper|Parsing artifact substat: critdmg+7.8%(unactivated)
2026-09-29 10:57:09.405|DEBUG|ArtifactScraper|Parsing artifact substat: atk+4.1%
2026-09-29 10:57:09.405|DEBUG|ArtifactScraper|Parsing artifact substat: elementalmastery+21
2026-09-29 10:57:09.405|DEBUG|ArtifactScraper|Parsing artifact substat: def+21
2026-09-29 10:57:09.405|DEBUG|ArtifactScraper|Parsing artifact substat: critrate+2.7%(unactivated)
2026-09-29 10:57:09.418|DEBUG|ArtifactScraper|Parsing artifact substat: atk+16
2026-09-29 10:57:09.418|DEBUG|ArtifactScraper|Parsing artifact substat: energyrecharge+5.2%
2026-09-29 10:57:09.418|DEBUG|ArtifactScraper|Parsing artifact substat: critrate+3.1%
2026-09-29 10:57:09.418|DEBUG|ArtifactScraper|Parsing artifact substat: atk+5.3%(unactivated)
2026-09-29 10:57:09.514|DEBUG|ArtifactScraper|Parsing artifact substat: def+23
2026-09-29 10:57:09.514|DEBUG|ArtifactScraper|Parsing artifact substat: critdmg+5.4%
2026-09-29 10:57:09.514|DEBUG|ArtifactScraper|Parsing artifact substat: hp+4.7%
2026-09-29 10:57:09.514|DEBUG|ArtifactScraper|Parsing artifact substat: critrate+3.5%(unactivated)
2026-09-29 10:57:09.809|DEBUG|ArtifactScraper|Parsing artifact substat: critrate+2.7%
2026-09-29 10:57:09.809|DEBUG|ArtifactScraper|Parsing artifact substat: atk+5.3%
2026-09-29 10:57:09.809|DEBUG|ArtifactScraper|Parsing artifact substat: atk+18
2026-09-29 10:57:09.809|DEBUG|ArtifactScraper|Parsing artifact substat: energyrecharge+5.8%
2026-09-29 10:57:09.870|DEBUG|ArtifactScraper|Parsing artifact substat: energyrecharge+5.8%
2026-09-29 10:57:09.870|DEBUG|ArtifactScraper|Parsing artifact substat: critdmg+7.8%
2026-09-29 10:57:09.870|DEBUG|ArtifactScraper|Parsing artifact substat: atk+4.1%
2026-09-29 10:57:09.870|DEBUG|ArtifactScraper|Parsing artifact substat: critrate+3.9%(unactivated)
2026-09-29 10:57:09.956|DEBUG|ArtifactScraper|Finished queuing page of artifacts. Scrolling...
2026-09-29 10:57:10.160|DEBUG|ArtifactScraper|Parsing artifact substat: atk+4.7%
2026-09-29 10:57:10.160|DEBUG|ArtifactScraper|Parsing artifact substat: critdmg+6.2%
2026-09-29 10:57:10.160|DEBUG|ArtifactScraper|Parsing artifact substat: atk+16
2026-09-29 10:57:10.160|DEBUG|ArtifactScraper|Parsing artifact substat: energyrecharge+6.5%
2026-09-29 10:57:10.219|DEBUG|ArtifactScraper|Parsing artifact substat: critrate+2.7%
2026-09-29 10:57:10.219|DEBUG|ArtifactScraper|Parsing artifact substat: hp+4.1%
2026-09-29 10:57:10.219|DEBUG|ArtifactScraper|Parsing artifact substat: elementalmastery+16
2026-09-29 10:57:10.219|DEBUG|ArtifactScraper|Parsing artifact substat: atk+5.3%(unactivated)
2026-09-29 10:57:10.477|DEBUG|ArtifactScraper|Parsing artifact substat: atk+16
2026-09-29 10:57:10.477|DEBUG|ArtifactScraper|Parsing artifact substat: hp+5.3%
2026-09-29 10:57:10.477|DEBUG|ArtifactScraper|Parsing artifact substat: atk+4.7%
2026-09-29 10:57:10.477|DEBUG|ArtifactScraper|Parsing artifact substat: critdmg+6.2%(unactivated)
2026-09-29 10:57:12.375|DEBUG|ArtifactScraper|Scanning artifact page 47
2026-09-29 10:57:12.375|DEBUG|ArtifactScraper|Located 32 possible item locations on page.
2026-09-29 10:57:12.809|DEBUG|ArtifactScraper|Parsing artifact substat: critdmg+7.0%
2026-09-29 10:57:12.809|DEBUG|ArtifactScraper|Parsing artifact substat: atk+14
2026-09-29 10:57:12.809|DEBUG|ArtifactScraper|Parsing artifact substat: atk+4.7%
2026-09-29 10:57:12.809|DEBUG|ArtifactScraper|Parsing artifact substat: hp+5.8%(unactivated)
2026-09-29 10:57:13.162|DEBUG|ArtifactScraper|Parsing artifact substat: critrate+2.7%
2026-09-29 10:57:13.162|DEBUG|ArtifactScraper|Parsing artifact substat: atk+4.7%
2026-09-29 10:57:13.162|DEBUG|ArtifactScraper|Parsing artifact substat: def+6.6%
2026-09-29 10:57:13.162|DEBUG|ArtifactScraper|Parsing artifact substat: def+23(unactivated)
2026-09-29 10:57:13.185|DEBUG|ArtifactScraper|Parsing artifact substat: atk+4.1%
2026-09-29 10:57:13.185|DEBUG|ArtifactScraper|Parsing artifact substat: critrate+3.9%
2026-09-29 10:57:13.185|DEBUG|ArtifactScraper|Parsing artifact substat: critdmg+6.2%
2026-09-29 10:57:13.185|DEBUG|ArtifactScraper|Parsing artifact substat: energyrecharge+4.5%
2026-09-29 10:57:13.449|DEBUG|ArtifactScraper|Parsing artifact substat: def+16
2026-09-29 10:57:13.449|DEBUG|ArtifactScraper|Parsing artifact substat: atk+5.8%
2026-09-29 10:57:13.449|DEBUG|ArtifactScraper|Parsing artifact substat: critrate+2.7%
2026-09-29 10:57:13.449|DEBUG|ArtifactScraper|Parsing artifact substat: hp+4.7%(unactivated)
2026-09-29 10:57:13.548|DEBUG|ArtifactScraper|Parsing artifact substat: atk+4.7%
2026-09-29 10:57:13.548|DEBUG|ArtifactScraper|Parsing artifact substat: critrate+3.9%
2026-09-29 10:57:13.548|DEBUG|ArtifactScraper|Parsing artifact substat: def+6.6%
2026-09-29 10:57:13.548|DEBUG|ArtifactScraper|Parsing artifact substat: atk+16(unactivated)
2026-09-29 10:57:13.784|DEBUG|ArtifactScraper|Parsing artifact substat: def+5.1%
2026-09-29 10:57:13.784|DEBUG|ArtifactScraper|Parsing artifact substat: hp+5.3%
2026-09-29 10:57:13.784|DEBUG|ArtifactScraper|Parsing artifact substat: def+23
2026-09-29 10:57:13.784|DEBUG|ArtifactScraper|Parsing artifact substat: atk+16
2026-09-29 10:57:13.915|DEBUG|ArtifactScraper|Parsing artifact substat: elementalmastery+19
2026-09-29 10:57:13.915|DEBUG|ArtifactScraper|Parsing artifact substat: atk+16
2026-09-29 10:57:13.915|DEBUG|ArtifactScraper|Parsing artifact substat: atk+4.1%
2026-09-29 10:57:13.915|DEBUG|ArtifactScraper|Parsing artifact substat: hp+4.1%
2026-09-29 10:57:14.070|DEBUG|ArtifactScraper|Parsing artifact substat: def+7.3%
2026-09-29 10:57:14.070|DEBUG|ArtifactScraper|Parsing artifact substat: critdmg+7.0%
2026-09-29 10:57:14.070|DEBUG|ArtifactScraper|Parsing artifact substat: hp+4.1%
2026-09-29 10:57:14.070|DEBUG|ArtifactScraper|Parsing artifact substat: def+23
2026-09-29 10:57:14.292|DEBUG|ArtifactScraper|Parsing artifact substat: def+23
2026-09-29 10:57:14.292|DEBUG|ArtifactScraper|Parsing artifact substat: atk+4.7%
2026-09-29 10:57:14.292|DEBUG|ArtifactScraper|Parsing artifact substat: energyrecharge+4.5%
2026-09-29 10:57:14.292|DEBUG|ArtifactScraper|Parsing artifact substat: atk+18
2026-09-29 10:57:14.421|DEBUG|ArtifactScraper|Parsing artifact substat: energyrecharge+5.8%
2026-09-29 10:57:14.421|DEBUG|ArtifactScraper|Parsing artifact substat: def+21
2026-09-29 10:57:14.421|DEBUG|ArtifactScraper|Parsing artifact substat: hp+5.3%
2026-09-29 10:57:14.421|DEBUG|ArtifactScraper|Parsing artifact substat: critrate+3.1%
2026-09-29 10:57:14.677|DEBUG|ArtifactScraper|Parsing artifact substat: def+19
2026-09-29 10:57:14.677|DEBUG|ArtifactScraper|Parsing artifact substat: elementalmastery+19
2026-09-29 10:57:14.677|DEBUG|ArtifactScraper|Parsing artifact substat: atk+5.3%
2026-09-29 10:57:14.677|DEBUG|ArtifactScraper|Parsing artifact substat: hp+5.8%
2026-09-29 10:57:14.715|DEBUG|ArtifactScraper|Parsing artifact substat: hp+4.1%
2026-09-29 10:57:14.715|DEBUG|ArtifactScraper|Parsing artifact substat: def+6.6%
2026-09-29 10:57:14.715|DEBUG|ArtifactScraper|Parsing artifact substat: def+23
2026-09-29 10:57:14.715|DEBUG|ArtifactScraper|Parsing artifact substat: elementalmastery+16
2026-09-29 10:57:15.020|DEBUG|ArtifactScraper|Parsing artifact substat: hp+5.8%
2026-09-29 10:57:15.020|DEBUG|ArtifactScraper|Parsing artifact substat: def+5.8%
2026-09-29 10:57:15.020|DEBUG|ArtifactScraper|Parsing artifact substat: def+19
2026-09-29 10:57:15.020|DEBUG|ArtifactScraper|Parsing artifact substat: atk+19
2026-09-29 10:57:15.120|DEBUG|ArtifactScraper|Parsing artifact substat: energyrecharge+5.2%
2026-09-29 10:57:15.120|DEBUG|ArtifactScraper|Parsing artifact substat: elementalmastery+21
2026-09-29 10:57:15.120|DEBUG|ArtifactScraper|Parsing artifact substat: critdmg+5.4%
2026-09-29 10:57:15.120|DEBUG|ArtifactScraper|Parsing artifact substat: hp+5.8%
2026-09-29 10:57:15.270|DEBUG|ArtifactScraper|Parsing artifact substat: hp+4.7%
2026-09-29 10:57:15.270|DEBUG|ArtifactScraper|Parsing artifact substat: atk+4.7%
2026-09-29 10:57:15.270|DEBUG|ArtifactScraper|Parsing artifact substat: atk+16
2026-09-29 10:57:15.270|DEBUG|ArtifactScraper|Parsing artifact substat: def+21
2026-09-29 10:57:15.500|DEBUG|ArtifactScraper|Parsing artifact substat: atk+19
2026-09-29 10:57:15.500|DEBUG|ArtifactScraper|Parsing artifact substat: hp+4.7%
2026-09-29 10:57:15.500|DEBUG|ArtifactScraper|Parsing artifact substat: critrate+3.1%
2026-09-29 10:57:15.500|DEBUG|ArtifactScraper|Parsing artifact substat: energyrecharge+5.2%
2026-09-29 10:57:15.607|DEBUG|ArtifactScraper|Parsing artifact substat: energyrecharge+6.5%
2026-09-29 10:57:15.607|DEBUG|ArtifactScraper|Parsing artifact substat: atk+16
2026-09-29 10:57:15.607|DEBUG|ArtifactScraper|Parsing artifact substat: def+5.8%
2026-09-29 10:57:15.607|DEBUG|ArtifactScraper|Parsing artifact substat: def+21
2026-09-29 10:57:15.857|DEBUG|ArtifactScraper|Parsing artifact substat: critdmg+6.2%
2026-09-29 10:57:15.857|DEBUG|ArtifactScraper|Parsing artifact substat: def+16
2026-09-29 10:57:15.857|DEBUG|ArtifactScraper|Parsing artifact substat: def+5.1%
2026-09-29 10:57:15.857|DEBUG|ArtifactScraper|Parsing artifact substat: hp+4.7%
2026-09-29 10:57:16.000|DEBUG|ArtifactScraper|Parsing artifact substat: critdmg+7.0%
2026-09-29 10:57:16.000|DEBUG|ArtifactScraper|Parsing artifact substat: elementalmastery+16
2026-09-29 10:57:16.000|DEBUG|ArtifactScraper|Parsing artifact substat: atk+18
2026-09-29 10:57:16.000|DEBUG|ArtifactScraper|Parsing artifact substat: def+6.6%
2026-09-29 10:57:16.138|DEBUG|ArtifactScraper|Parsing artifact substat: def+21
2026-09-29 10:57:16.138|DEBUG|ArtifactScraper|Parsing artifact substat: atk+5.8%
2026-09-29 10:57:16.138|DEBUG|ArtifactScraper|Parsing artifact substat: hp+4.7%
2026-09-29 10:57:16.138|DEBUG|ArtifactScraper|Parsing artifact substat: def+6.6%
2026-09-29 10:57:16.351|DEBUG|ArtifactScraper|Parsing artifact substat: critdmg+7.8%
2026-09-29 10:57:16.351|DEBUG|ArtifactScraper|Parsing artifact substat: hp+4.7%
2026-09-29 10:57:16.351|DEBUG|ArtifactScraper|Parsing artifact substat: def+19
2026-09-29 10:57:16.351|DEBUG|ArtifactScraper|Parsing artifact substat: def+7.3%
2026-09-29 10:57:16.491|DEBUG|ArtifactScraper|Parsing artifact substat: critdmg+6.2%
2026-09-29 10:57:16.491|DEBUG|ArtifactScraper|Parsing artifact substat: def+23
2026-09-29 10:57:16.491|DEBUG|ArtifactScraper|Parsing artifact substat: hp+4.7%
2026-09-29 10:57:16.491|DEBUG|ArtifactScraper|Parsing artifact substat: elementalmastery+23
2026-09-29 10:57:16.678|DEBUG|ArtifactScraper|Parsing artifact substat: def+21
2026-09-29 10:57:16.678|DEBUG|ArtifactScraper|Parsing artifact substat: atk+4.1%
2026-09-29 10:57:16.678|DEBUG|ArtifactScraper|Parsing artifact substat: hp+5.3%
2026-09-29 10:57:16.678|DEBUG|ArtifactScraper|Parsing artifact substat: atk+18
2026-09-29 10:57:16.876|DEBUG|ArtifactScraper|Parsing artifact substat: critrate+3.9%
2026-09-29 10:57:16.876|DEBUG|ArtifactScraper|Parsing artifact substat: atk+14
2026-09-29 10:57:16.876|DEBUG|ArtifactScraper|Parsing artifact substat: def+5.8%
2026-09-29 10:57:16.876|DEBUG|ArtifactScraper|Parsing artifact substat: hp+5.3%
2026-09-29 10:57:17.069|DEBUG|ArtifactScraper|Parsing artifact substat: elementalmastery+21
2026-09-29 10:57:17.069|DEBUG|ArtifactScraper|Parsing artifact substat: atk+16
2026-09-29 10:57:17.069|DEBUG|ArtifactScraper|Parsing artifact substat: energyrecharge+4.5%
2026-09-29 10:57:17.069|DEBUG|ArtifactScraper|Parsing artifact substat: critrate+2.7%
2026-09-29 10:57:17.258|DEBUG|ArtifactScraper|Parsing artifact substat: def+5.8%
2026-09-29 10:57:17.258|DEBUG|ArtifactScraper|Parsing artifact substat: def+19
2026-09-29 10:57:17.258|DEBUG|ArtifactScraper|Parsing artifact substat: elementalmastery+21
2026-09-29 10:57:17.258|DEBUG|ArtifactScraper|Parsing artifact substat: hp+4.7%
2026-09-29 10:57:17.342|DEBUG|ArtifactScraper|Parsing artifact substat: def+5.1%
2026-09-29 10:57:17.342|DEBUG|ArtifactScraper|Parsing artifact substat: def+19
2026-09-29 10:57:17.342|DEBUG|ArtifactScraper|Parsing artifact substat: atk+18
2026-09-29 10:57:17.342|DEBUG|ArtifactScraper|Parsing artifact substat: energyrecharge+6.5%
2026-09-29 10:57:17.653|DEBUG|ArtifactScraper|Parsing artifact substat: hp+5.8%
2026-09-29 10:57:17.653|DEBUG|ArtifactScraper|Parsing artifact substat: elementalmastery+16
2026-09-29 10:57:17.653|DEBUG|ArtifactScraper|Parsing artifact substat: atk+18
2026-09-29 10:57:17.653|DEBUG|ArtifactScraper|Parsing artifact substat: critrate+3.9%(unactivated)
2026-09-29 10:57:17.718|DEBUG|ArtifactScraper|Parsing artifact substat: def+16
2026-09-29 10:57:17.718|DEBUG|ArtifactScraper|Parsing artifact substat: atk+16
2026-09-29 10:57:17.718|DEBUG|ArtifactScraper|Parsing artifact substat: energyrecharge+5.2%
2026-09-29 10:57:17.718|DEBUG|ArtifactScraper|Parsing artifact substat: critrate+3.1%(unactivated)
2026-09-29 10:57:17.835|DEBUG|ArtifactScraper|Finished queuing page of artifacts. Scrolling...
2026-09-29 10:57:18.007|DEBUG|ArtifactScraper|Parsing artifact substat: hp+5.8%
2026-09-29 10:57:18.007|DEBUG|ArtifactScraper|Parsing artifact substat: def+7.3%
2026-09-29 10:57:18.007|DEBUG|ArtifactScraper|Parsing artifact substat: elementalmastery+23
2026-09-29 10:57:18.007|DEBUG|ArtifactScraper|Parsing artifact substat: atk+14(unactivated)
2026-09-29 10:57:18.064|DEBUG|ArtifactScraper|Parsing artifact substat: elementalmastery+16
2026-09-29 10:57:18.064|DEBUG|ArtifactScraper|Parsing artifact substat: energyrecharge+5.8%
2026-09-29 10:57:18.064|DEBUG|ArtifactScraper|Parsing artifact substat: def+23
2026-09-29 10:57:18.065|DEBUG|ArtifactScraper|Parsing artifact substat: hp+4.1%(unactivated)
2026-09-29 10:57:18.318|DEBUG|ArtifactScraper|Parsing artifact substat: def+6.6%
2026-09-29 10:57:18.318|DEBUG|ArtifactScraper|Parsing artifact substat: critrate+3.9%
2026-09-29 10:57:18.318|DEBUG|ArtifactScraper|Parsing artifact substat: energyrecharge+6.5%
2026-09-29 10:57:18.318|DEBUG|ArtifactScraper|Parsing artifact substat: atk+16(unactivated)
2026-09-29 10:57:19.839|DEBUG|ArtifactScraper|Scanning artifact page 48
2026-09-29 10:57:19.839|DEBUG|ArtifactScraper|Located 32 possible item locations on page.
2026-09-29 10:57:20.374|DEBUG|ArtifactScraper|Parsing artifact substat: atk+18
2026-09-29 10:57:20.374|DEBUG|ArtifactScraper|Parsing artifact substat: critdmg+7.0%
2026-09-29 10:57:20.374|DEBUG|ArtifactScraper|Parsing artifact substat: energyrecharge+6.5%
2026-09-29 10:57:20.374|DEBUG|ArtifactScraper|Parsing artifact substat: def+16(unactivated)
2026-09-29 10:57:20.421|DEBUG|ArtifactScraper|Parsing artifact substat: def+23
2026-09-29 10:57:20.421|DEBUG|ArtifactScraper|Parsing artifact substat: atk+14
2026-09-29 10:57:20.421|DEBUG|ArtifactScraper|Parsing artifact substat: hp+5.3%
2026-09-29 10:57:20.421|DEBUG|ArtifactScraper|Parsing artifact substat: critdmg+7.8%(unactivated)
2026-09-29 10:57:20.683|DEBUG|ArtifactScraper|Parsing artifact substat: elementalmastery+21
2026-09-29 10:57:20.683|DEBUG|ArtifactScraper|Parsing artifact substat: hp+4.7%
2026-09-29 10:57:20.683|DEBUG|ArtifactScraper|Parsing artifact substat: critrate+3.5%
2026-09-29 10:57:20.683|DEBUG|ArtifactScraper|Parsing artifact substat: def+19(unactivated)
2026-09-29 10:57:20.752|DEBUG|ArtifactScraper|Parsing artifact substat: def+19
2026-09-29 10:57:20.752|DEBUG|ArtifactScraper|Parsing artifact substat: hp+4.7%
2026-09-29 10:57:20.752|DEBUG|ArtifactScraper|Parsing artifact substat: elementalmastery+23
2026-09-29 10:57:20.752|DEBUG|ArtifactScraper|Parsing artifact substat: energyrecharge+5.8%
2026-09-29 10:57:20.984|DEBUG|ArtifactScraper|Parsing artifact substat: def+19
2026-09-29 10:57:20.984|DEBUG|ArtifactScraper|Parsing artifact substat: atk+16
2026-09-29 10:57:20.984|DEBUG|ArtifactScraper|Parsing artifact substat: def+5.1%
2026-09-29 10:57:20.984|DEBUG|ArtifactScraper|Parsing artifact substat: atk+4.1%(unactivated)
2026-09-29 10:57:21.094|DEBUG|ArtifactScraper|Parsing artifact substat: def+21
2026-09-29 10:57:21.094|DEBUG|ArtifactScraper|Parsing artifact substat: elementalmastery+19
2026-09-29 10:57:21.094|DEBUG|ArtifactScraper|Parsing artifact substat: hp+4.7%
2026-09-29 10:57:21.094|DEBUG|ArtifactScraper|Parsing artifact substat: atk+16(unactivated)
2026-09-29 10:57:21.285|DEBUG|ArtifactScraper|Parsing artifact substat: atk+18
2026-09-29 10:57:21.285|DEBUG|ArtifactScraper|Parsing artifact substat: def+6.6%
2026-09-29 10:57:21.285|DEBUG|ArtifactScraper|Parsing artifact substat: elementalmastery+21
2026-09-29 10:57:21.285|DEBUG|ArtifactScraper|Parsing artifact substat: def+23(unactivated)
2026-09-29 10:57:21.424|DEBUG|ArtifactScraper|Parsing artifact substat: def+5.1%
2026-09-29 10:57:21.424|DEBUG|ArtifactScraper|Parsing artifact substat: def+16
2026-09-29 10:57:21.424|DEBUG|ArtifactScraper|Parsing artifact substat: hp+5.8%
2026-09-29 10:57:21.424|DEBUG|ArtifactScraper|Parsing artifact substat: energyrecharge+5.2%
2026-09-29 10:57:21.589|DEBUG|ArtifactScraper|Parsing artifact substat: def+5.1%
2026-09-29 10:57:21.589|DEBUG|ArtifactScraper|Parsing artifact substat: critdmg+7.0%
2026-09-29 10:57:21.589|DEBUG|ArtifactScraper|Parsing artifact substat: hp+4.7%
2026-09-29 10:57:21.589|DEBUG|ArtifactScraper|Parsing artifact substat: elementalmastery+16
2026-09-29 10:57:21.775|DEBUG|ArtifactScraper|Parsing artifact substat: hp+4.1%
2026-09-29 10:57:21.775|DEBUG|ArtifactScraper|Parsing artifact substat: energyrecharge+4.5%
2026-09-29 10:57:21.775|DEBUG|ArtifactScraper|Parsing artifact substat: critdmg+5.4%
2026-09-29 10:57:21.775|DEBUG|ArtifactScraper|Parsing artifact substat: elementalmastery+16
2026-09-29 10:57:21.958|DEBUG|ArtifactScraper|Parsing artifact substat: atk+16
2026-09-29 10:57:21.958|DEBUG|ArtifactScraper|Parsing artifact substat: energyrecharge+5.8%
2026-09-29 10:57:21.958|DEBUG|ArtifactScraper|Parsing artifact substat: elementalmastery+16
2026-09-29 10:57:21.958|DEBUG|ArtifactScraper|Parsing artifact substat: critdmg+5.4%(unactivated)
2026-09-29 10:57:22.150|DEBUG|ArtifactScraper|Parsing artifact substat: elementalmastery+21
2026-09-29 10:57:22.150|DEBUG|ArtifactScraper|Parsing artifact substat: energyrecharge+5.8%
2026-09-29 10:57:22.150|DEBUG|ArtifactScraper|Parsing artifact substat: hp+5.8%
2026-09-29 10:57:22.150|DEBUG|ArtifactScraper|Parsing artifact substat: atk+19(unactivated)
2026-09-29 10:57:22.318|DEBUG|ArtifactScraper|Parsing artifact substat: def+19
2026-09-29 10:57:22.318|DEBUG|ArtifactScraper|Parsing artifact substat: energyrecharge+5.8%
2026-09-29 10:57:22.318|DEBUG|ArtifactScraper|Parsing artifact substat: def+6.6%
2026-09-29 10:57:22.318|DEBUG|ArtifactScraper|Parsing artifact substat: critrate+3.1%(unactivated)
2026-09-29 10:57:22.493|DEBUG|ArtifactScraper|Parsing artifact substat: def+23
2026-09-29 10:57:22.493|DEBUG|ArtifactScraper|Parsing artifact substat: elementalmastery+21
2026-09-29 10:57:22.493|DEBUG|ArtifactScraper|Parsing artifact substat: hp+4.7%
2026-09-29 10:57:22.493|DEBUG|ArtifactScraper|Parsing artifact substat: atk+5.3%(unactivated)
2026-09-29 10:57:22.659|DEBUG|ArtifactScraper|Parsing artifact substat: hp+4.7%
2026-09-29 10:57:22.659|DEBUG|ArtifactScraper|Parsing artifact substat: def+23
2026-09-29 10:57:22.659|DEBUG|ArtifactScraper|Parsing artifact substat: elementalmastery+21
2026-09-29 10:57:22.659|DEBUG|ArtifactScraper|Parsing artifact substat: def+7.3%(unactivated)
2026-09-29 10:57:22.820|DEBUG|ArtifactScraper|Parsing artifact substat: atk+4.1%
2026-09-29 10:57:22.820|DEBUG|ArtifactScraper|Parsing artifact substat: def+5.8%
2026-09-29 10:57:22.820|DEBUG|ArtifactScraper|Parsing artifact substat: hp+4.1%
2026-09-29 10:57:22.820|DEBUG|ArtifactScraper|Parsing artifact substat: atk+19(unactivated)
2026-09-29 10:57:22.967|DEBUG|ArtifactScraper|Parsing artifact substat: critrate+2.7%
2026-09-29 10:57:22.967|DEBUG|ArtifactScraper|Parsing artifact substat: atk+14
2026-09-29 10:57:22.967|DEBUG|ArtifactScraper|Parsing artifact substat: hp+4.1%
2026-09-29 10:57:22.967|DEBUG|ArtifactScraper|Parsing artifact substat: energyrecharge+5.8%
2026-09-29 10:57:23.158|DEBUG|ArtifactScraper|Parsing artifact substat: critdmg+5.4%
2026-09-29 10:57:23.158|DEBUG|ArtifactScraper|Parsing artifact substat: hp+4.1%
2026-09-29 10:57:23.158|DEBUG|ArtifactScraper|Parsing artifact substat: def+21
2026-09-29 10:57:23.158|DEBUG|ArtifactScraper|Parsing artifact substat: atk+19(unactivated)
2026-09-29 10:57:23.309|DEBUG|ArtifactScraper|Parsing artifact substat: def+23
2026-09-29 10:57:23.309|DEBUG|ArtifactScraper|Parsing artifact substat: atk+4.7%
2026-09-29 10:57:23.309|DEBUG|ArtifactScraper|Parsing artifact substat: hp+5.3%
2026-09-29 10:57:23.309|DEBUG|ArtifactScraper|Parsing artifact substat: atk+19(unactivated)
2026-09-29 10:57:23.515|DEBUG|ArtifactScraper|Parsing artifact substat: energyrecharge+5.2%
2026-09-29 10:57:23.515|DEBUG|ArtifactScraper|Parsing artifact substat: elementalmastery+16
2026-09-29 10:57:23.515|DEBUG|ArtifactScraper|Parsing artifact substat: def+16
2026-09-29 10:57:23.515|DEBUG|ArtifactScraper|Parsing artifact substat: def+5.1%(unactivated)
2026-09-29 10:57:23.639|DEBUG|ArtifactScraper|Parsing artifact substat: energyrecharge+5.8%
2026-09-29 10:57:23.639|DEBUG|ArtifactScraper|Parsing artifact substat: def+23
2026-09-29 10:57:23.639|DEBUG|ArtifactScraper|Parsing artifact substat: atk+5.8%
2026-09-29 10:57:23.639|DEBUG|ArtifactScraper|Parsing artifact substat: atk+18(unactivated)
2026-09-29 10:57:23.855|DEBUG|ArtifactScraper|Parsing artifact substat: atk+16
2026-09-29 10:57:23.855|DEBUG|ArtifactScraper|Parsing artifact substat: elementalmastery+19
2026-09-29 10:57:23.855|DEBUG|ArtifactScraper|Parsing artifact substat: def+21
2026-09-29 10:57:23.855|DEBUG|ArtifactScraper|Parsing artifact substat: hp+4.7%(unactivated)
2026-09-29 10:57:23.939|DEBUG|ArtifactScraper|Parsing artifact substat: hp+4.1%
2026-09-29 10:57:23.939|DEBUG|ArtifactScraper|Parsing artifact substat: atk+5.8%
2026-09-29 10:57:23.939|DEBUG|ArtifactScraper|Parsing artifact substat: atk+18
2026-09-29 10:57:23.939|DEBUG|ArtifactScraper|Parsing artifact substat: def+23(unactivated)
2026-09-29 10:57:24.179|DEBUG|ArtifactScraper|Parsing artifact substat: energyrecharge+4.5%
2026-09-29 10:57:24.179|DEBUG|ArtifactScraper|Parsing artifact substat: atk+18
2026-09-29 10:57:24.179|DEBUG|ArtifactScraper|Parsing artifact substat: critdmg+6.2%
2026-09-29 10:57:24.179|DEBUG|ArtifactScraper|Parsing artifact substat: hp+5.8%(unactivated)
2026-09-29 10:57:24.504|DEBUG|ArtifactScraper|Parsing artifact substat: atk+14
2026-09-29 10:57:24.504|DEBUG|ArtifactScraper|Parsing artifact substat: elementalmastery+21
2026-09-29 10:57:24.504|DEBUG|ArtifactScraper|Parsing artifact substat: critrate+3.1%
2026-09-29 10:57:24.504|DEBUG|ArtifactScraper|Parsing artifact substat: def+5.8%(unactivated)
2026-09-29 10:57:24.504|DEBUG|ArtifactScraper|Parsing artifact substat: def+5.1%
2026-09-29 10:57:24.504|DEBUG|ArtifactScraper|Parsing artifact substat: elementalmastery+19
2026-09-29 10:57:24.504|DEBUG|ArtifactScraper|Parsing artifact substat: energyrecharge+5.2%
2026-09-29 10:57:24.504|DEBUG|ArtifactScraper|Parsing artifact substat: atk+16(unactivated)
2026-09-29 10:57:24.790|DEBUG|ArtifactScraper|Parsing artifact substat: elementalmastery+23
2026-09-29 10:57:24.790|DEBUG|ArtifactScraper|Parsing artifact substat: atk+5.3%
2026-09-29 10:57:24.790|DEBUG|ArtifactScraper|Parsing artifact substat: atk+18
2026-09-29 10:57:24.790|DEBUG|ArtifactScraper|Parsing artifact substat: def+16(unactivated)
2026-09-29 10:57:24.817|DEBUG|ArtifactScraper|Parsing artifact substat: critdmg+5.4%
2026-09-29 10:57:24.817|DEBUG|ArtifactScraper|Parsing artifact substat: def+21
2026-09-29 10:57:24.817|DEBUG|ArtifactScraper|Parsing artifact substat: atk+4.7%
2026-09-29 10:57:24.817|DEBUG|ArtifactScraper|Parsing artifact substat: hp+4.7%
2026-09-29 10:57:25.120|DEBUG|ArtifactScraper|Parsing artifact substat: hp+4.7%
2026-09-29 10:57:25.120|DEBUG|ArtifactScraper|Parsing artifact substat: energyrecharge+6.5%
2026-09-29 10:57:25.120|DEBUG|ArtifactScraper|Parsing artifact substat: atk+5.8%
2026-09-29 10:57:25.120|DEBUG|ArtifactScraper|Parsing artifact substat: elementalmastery+19
2026-09-29 10:57:25.120|DEBUG|ArtifactScraper|Parsing artifact substat: def+21
2026-09-29 10:57:25.120|DEBUG|ArtifactScraper|Parsing artifact substat: atk+5.8%
2026-09-29 10:57:25.120|DEBUG|ArtifactScraper|Parsing artifact substat: critdmg+7.0%
2026-09-29 10:57:25.120|DEBUG|ArtifactScraper|Parsing artifact substat: def+7.3%
2026-09-29 10:57:25.192|DEBUG|ArtifactScraper|Finished queuing page of artifacts. Scrolling...
2026-09-29 10:57:25.356|DEBUG|ArtifactScraper|Parsing artifact substat: energyrecharge+4.5%
2026-09-29 10:57:25.356|DEBUG|ArtifactScraper|Parsing artifact substat: atk+4.1%
2026-09-29 10:57:25.356|DEBUG|ArtifactScraper|Parsing artifact substat: elementalmastery+16
2026-09-29 10:57:25.356|DEBUG|ArtifactScraper|Parsing artifact substat: def+19
2026-09-29 10:57:25.605|DEBUG|ArtifactScraper|Parsing artifact substat: def+16
2026-09-29 10:57:25.605|DEBUG|ArtifactScraper|Parsing artifact substat: hp+209
2026-09-29 10:57:25.605|DEBUG|ArtifactScraper|Parsing artifact substat: critrate+3.1%
2026-09-29 10:57:25.605|DEBUG|ArtifactScraper|Parsing artifact substat: atk+4.1%
2026-09-29 10:57:25.796|DEBUG|ArtifactScraper|Scrolled back one
2026-09-29 10:57:27.377|DEBUG|ArtifactScraper|Scanning artifact page 49
2026-09-29 10:57:27.377|DEBUG|ArtifactScraper|Located 32 possible item locations on page.
2026-09-29 10:57:27.991|DEBUG|ArtifactScraper|Parsing artifact substat: atk+5.8%
2026-09-29 10:57:27.991|DEBUG|ArtifactScraper|Parsing artifact substat: def+19
2026-09-29 10:57:27.991|DEBUG|ArtifactScraper|Parsing artifact substat: energyrecharge+5.8%
2026-09-29 10:57:27.991|DEBUG|ArtifactScraper|Parsing artifact substat: critrate+3.5%
2026-09-29 10:57:28.030|DEBUG|ArtifactScraper|Parsing artifact substat: energyrecharge+4.5%
2026-09-29 10:57:28.030|DEBUG|ArtifactScraper|Parsing artifact substat: critrate+2.7%
2026-09-29 10:57:28.030|DEBUG|ArtifactScraper|Parsing artifact substat: def+21
2026-09-29 10:57:28.030|DEBUG|ArtifactScraper|Parsing artifact substat: atk+4.7%
2026-09-29 10:57:28.311|DEBUG|ArtifactScraper|Parsing artifact substat: def+16
2026-09-29 10:57:28.311|DEBUG|ArtifactScraper|Parsing artifact substat: atk+5.3%
2026-09-29 10:57:28.311|DEBUG|ArtifactScraper|Parsing artifact substat: critdmg+6.2%
2026-09-29 10:57:28.311|DEBUG|ArtifactScraper|Parsing artifact substat: hp+269
2026-09-29 10:57:28.357|DEBUG|ArtifactScraper|Parsing artifact substat: critrate+3.5%
2026-09-29 10:57:28.357|DEBUG|ArtifactScraper|Parsing artifact substat: atk+4.7%
2026-09-29 10:57:28.357|DEBUG|ArtifactScraper|Parsing artifact substat: energyrecharge+5.2%
2026-09-29 10:57:28.357|DEBUG|ArtifactScraper|Parsing artifact substat: elementalmastery+21
2026-09-29 10:57:28.611|DEBUG|ArtifactScraper|Parsing artifact substat: elementalmastery+23
2026-09-29 10:57:28.611|DEBUG|ArtifactScraper|Parsing artifact substat: critdmg+7.0%
2026-09-29 10:57:28.611|DEBUG|ArtifactScraper|Parsing artifact substat: hp+4.1%
2026-09-29 10:57:28.611|DEBUG|ArtifactScraper|Parsing artifact substat: atk+4.7%
2026-09-29 10:57:28.645|DEBUG|ArtifactScraper|Parsing artifact substat: atk+5.3%
2026-09-29 10:57:28.645|DEBUG|ArtifactScraper|Parsing artifact substat: hp+4.1%
2026-09-29 10:57:28.645|DEBUG|ArtifactScraper|Parsing artifact substat: def+16
2026-09-29 10:57:28.645|DEBUG|ArtifactScraper|Parsing artifact substat: critdmg+6.2%(unactivated)
2026-09-29 10:57:28.944|DEBUG|ArtifactScraper|Parsing artifact substat: def+5.1%
2026-09-29 10:57:28.944|DEBUG|ArtifactScraper|Parsing artifact substat: energyrecharge+4.5%
2026-09-29 10:57:28.944|DEBUG|ArtifactScraper|Parsing artifact substat: elementalmastery+23
2026-09-29 10:57:28.944|DEBUG|ArtifactScraper|Parsing artifact substat: atk+5.3%(unactivated)
2026-09-29 10:57:28.964|DEBUG|ArtifactScraper|Parsing artifact substat: def+7.3%
2026-09-29 10:57:28.964|DEBUG|ArtifactScraper|Parsing artifact substat: atk+5.3%
2026-09-29 10:57:28.964|DEBUG|ArtifactScraper|Parsing artifact substat: critrate+2.7%
2026-09-29 10:57:28.964|DEBUG|ArtifactScraper|Parsing artifact substat: elementalmastery+16
2026-09-29 10:57:29.214|DEBUG|ArtifactScraper|Parsing artifact substat: critrate+3.9%
2026-09-29 10:57:29.214|DEBUG|ArtifactScraper|Parsing artifact substat: atk+4.1%
2026-09-29 10:57:29.214|DEBUG|ArtifactScraper|Parsing artifact substat: hp+209
2026-09-29 10:57:29.214|DEBUG|ArtifactScraper|Parsing artifact substat: def+21(unactivated)
2026-09-29 10:57:29.329|DEBUG|ArtifactScraper|Parsing artifact substat: critdmg+7.0%
2026-09-29 10:57:29.329|DEBUG|ArtifactScraper|Parsing artifact substat: critrate+3.5%
2026-09-29 10:57:29.329|DEBUG|ArtifactScraper|Parsing artifact substat: def+6.6%
2026-09-29 10:57:29.329|DEBUG|ArtifactScraper|Parsing artifact substat: def+16(unactivated)
2026-09-29 10:57:29.550|DEBUG|ArtifactScraper|Parsing artifact substat: atk+5.8%
2026-09-29 10:57:29.550|DEBUG|ArtifactScraper|Parsing artifact substat: critdmg+6.2%
2026-09-29 10:57:29.550|DEBUG|ArtifactScraper|Parsing artifact substat: def+16
2026-09-29 10:57:29.550|DEBUG|ArtifactScraper|Parsing artifact substat: energyrecharge+5.2%
2026-09-29 10:57:29.716|DEBUG|ArtifactScraper|Parsing artifact substat: critrate+3.9%
2026-09-29 10:57:29.716|DEBUG|ArtifactScraper|Parsing artifact substat: atk+4.7%
2026-09-29 10:57:29.716|DEBUG|ArtifactScraper|Parsing artifact substat: energyrecharge+6.5%
2026-09-29 10:57:29.716|DEBUG|ArtifactScraper|Parsing artifact substat: critdmg+7.0%(unactivated)
2026-09-29 10:57:29.831|DEBUG|ArtifactScraper|Parsing artifact substat: def+6.6%
2026-09-29 10:57:29.831|DEBUG|ArtifactScraper|Parsing artifact substat: energyrecharge+4.5%
2026-09-29 10:57:29.831|DEBUG|ArtifactScraper|Parsing artifact substat: critdmg+7.0%
2026-09-29 10:57:29.831|DEBUG|ArtifactScraper|Parsing artifact substat: critrate+3.5%(unactivated)
2026-09-29 10:57:30.067|DEBUG|ArtifactScraper|Parsing artifact substat: hp+269
2026-09-29 10:57:30.067|DEBUG|ArtifactScraper|Parsing artifact substat: critrate+3.9%
2026-09-29 10:57:30.067|DEBUG|ArtifactScraper|Parsing artifact substat: energyrecharge+6.5%
2026-09-29 10:57:30.067|DEBUG|ArtifactScraper|Parsing artifact substat: atk+4.7%(unactivated)
2026-09-29 10:57:30.154|DEBUG|ArtifactScraper|Parsing artifact substat: atk+5.8%
2026-09-29 10:57:30.154|DEBUG|ArtifactScraper|Parsing artifact substat: energyrecharge+6.5%
2026-09-29 10:57:30.154|DEBUG|ArtifactScraper|Parsing artifact substat: def+16
2026-09-29 10:57:30.154|DEBUG|ArtifactScraper|Parsing artifact substat: critrate+3.5%(unactivated)
2026-09-29 10:57:30.422|DEBUG|ArtifactScraper|Parsing artifact substat: critdmg+6.2%
2026-09-29 10:57:30.422|DEBUG|ArtifactScraper|Parsing artifact substat: atk+4.1%
2026-09-29 10:57:30.422|DEBUG|ArtifactScraper|Parsing artifact substat: elementalmastery+23
2026-09-29 10:57:30.422|DEBUG|ArtifactScraper|Parsing artifact substat: hp+5.3%(unactivated)
2026-09-29 10:57:30.490|DEBUG|ArtifactScraper|Parsing artifact substat: def+5.8%
2026-09-29 10:57:30.490|DEBUG|ArtifactScraper|Parsing artifact substat: critrate+3.5%
2026-09-29 10:57:30.490|DEBUG|ArtifactScraper|Parsing artifact substat: atk+5.3%
2026-09-29 10:57:30.490|DEBUG|ArtifactScraper|Parsing artifact substat: elementalmastery+19
2026-09-29 10:57:30.734|DEBUG|ArtifactScraper|Parsing artifact substat: critdmg+7.0%
2026-09-29 10:57:30.734|DEBUG|ArtifactScraper|Parsing artifact substat: hp+209
2026-09-29 10:57:30.734|DEBUG|ArtifactScraper|Parsing artifact substat: elementalmastery+21
2026-09-29 10:57:30.734|DEBUG|ArtifactScraper|Parsing artifact substat: critrate+3.9%(unactivated)
2026-09-29 10:57:30.820|DEBUG|ArtifactScraper|Parsing artifact substat: critrate+3.1%
2026-09-29 10:57:30.820|DEBUG|ArtifactScraper|Parsing artifact substat: def+19
2026-09-29 10:57:30.820|DEBUG|ArtifactScraper|Parsing artifact substat: hp+4.7%
2026-09-29 10:57:30.820|DEBUG|ArtifactScraper|Parsing artifact substat: atk+4.7%(unactivated)
2026-09-29 10:57:31.027|DEBUG|ArtifactScraper|Parsing artifact substat: energyrecharge+5.8%
2026-09-29 10:57:31.027|DEBUG|ArtifactScraper|Parsing artifact substat: atk+5.8%
2026-09-29 10:57:31.027|DEBUG|ArtifactScraper|Parsing artifact substat: hp+209
2026-09-29 10:57:31.027|DEBUG|ArtifactScraper|Parsing artifact substat: critdmg+7.0%(unactivated)
2026-09-29 10:57:31.161|DEBUG|ArtifactScraper|Parsing artifact substat: critrate+2.7%
2026-09-29 10:57:31.161|DEBUG|ArtifactScraper|Parsing artifact substat: def+16
2026-09-29 10:57:31.161|DEBUG|ArtifactScraper|Parsing artifact substat: hp+299
2026-09-29 10:57:31.161|DEBUG|ArtifactScraper|Parsing artifact substat: critdmg+6.2%(unactivated)
2026-09-29 10:57:31.350|DEBUG|ArtifactScraper|Parsing artifact substat: energyrecharge+5.2%
2026-09-29 10:57:31.350|DEBUG|ArtifactScraper|Parsing artifact substat: def+6.6%
2026-09-29 10:57:31.350|DEBUG|ArtifactScraper|Parsing artifact substat: critdmg+6.2%
2026-09-29 10:57:31.350|DEBUG|ArtifactScraper|Parsing artifact substat: atk+4.7%(unactivated)
2026-09-29 10:57:31.504|DEBUG|ArtifactScraper|Parsing artifact substat: critdmg+7.8%
2026-09-29 10:57:31.504|DEBUG|ArtifactScraper|Parsing artifact substat: elementalmastery+16
2026-09-29 10:57:31.504|DEBUG|ArtifactScraper|Parsing artifact substat: def+23
2026-09-29 10:57:31.504|DEBUG|ArtifactScraper|Parsing artifact substat: atk+4.7%(unactivated)
2026-09-29 10:57:31.626|DEBUG|ArtifactScraper|Parsing artifact substat: hp+5.3%
2026-09-29 10:57:31.626|DEBUG|ArtifactScraper|Parsing artifact substat: hp+269
2026-09-29 10:57:31.627|DEBUG|ArtifactScraper|Parsing artifact substat: def+21
2026-09-29 10:57:31.627|DEBUG|ArtifactScraper|Parsing artifact substat: critrate+3.9%
2026-09-29 10:57:31.802|DEBUG|ArtifactScraper|Parsing artifact substat: def+21
2026-09-29 10:57:31.802|DEBUG|ArtifactScraper|Parsing artifact substat: hp+4.7%
2026-09-29 10:57:31.802|DEBUG|ArtifactScraper|Parsing artifact substat: hp+299
2026-09-29 10:57:31.802|DEBUG|ArtifactScraper|Parsing artifact substat: critrate+3.9%
2026-09-29 10:57:31.955|DEBUG|ArtifactScraper|Parsing artifact substat: atk+4.7%
2026-09-29 10:57:31.955|DEBUG|ArtifactScraper|Parsing artifact substat: hp+209
2026-09-29 10:57:31.955|DEBUG|ArtifactScraper|Parsing artifact substat: hp+4.1%
2026-09-29 10:57:31.955|DEBUG|ArtifactScraper|Parsing artifact substat: elementalmastery+19
2026-09-29 10:57:32.113|DEBUG|ArtifactScraper|Parsing artifact substat: hp+4.7%
2026-09-29 10:57:32.113|DEBUG|ArtifactScraper|Parsing artifact substat: elementalmastery+19
2026-09-29 10:57:32.113|DEBUG|ArtifactScraper|Parsing artifact substat: def+6.6%
2026-09-29 10:57:32.113|DEBUG|ArtifactScraper|Parsing artifact substat: energyrecharge+4.5%
2026-09-29 10:57:32.360|DEBUG|ArtifactScraper|Parsing artifact substat: hp+269
2026-09-29 10:57:32.360|DEBUG|ArtifactScraper|Parsing artifact substat: def+5.1%
2026-09-29 10:57:32.360|DEBUG|ArtifactScraper|Parsing artifact substat: def+19
2026-09-29 10:57:32.360|DEBUG|ArtifactScraper|Parsing artifact substat: hp+5.3%
2026-09-29 10:57:32.521|DEBUG|ArtifactScraper|Parsing artifact substat: energyrecharge+5.2%
2026-09-29 10:57:32.521|DEBUG|ArtifactScraper|Parsing artifact substat: critrate+2.7%
2026-09-29 10:57:32.521|DEBUG|ArtifactScraper|Parsing artifact substat: def+21
2026-09-29 10:57:32.521|DEBUG|ArtifactScraper|Parsing artifact substat: hp+209
2026-09-29 10:57:32.635|DEBUG|ArtifactScraper|Parsing artifact substat: def+7.3%
2026-09-29 10:57:32.635|DEBUG|ArtifactScraper|Parsing artifact substat: def+16
2026-09-29 10:57:32.635|DEBUG|ArtifactScraper|Parsing artifact substat: hp+4.7%
2026-09-29 10:57:32.635|DEBUG|ArtifactScraper|Parsing artifact substat: critdmg+6.2%
2026-09-29 10:57:32.674|DEBUG|ArtifactScraper|Finished queuing page of artifacts. Scrolling...
2026-09-29 10:57:32.834|DEBUG|ArtifactScraper|Parsing artifact substat: atk+4.7%
2026-09-29 10:57:32.834|DEBUG|ArtifactScraper|Parsing artifact substat: hp+269
2026-09-29 10:57:32.834|DEBUG|ArtifactScraper|Parsing artifact substat: def+23
2026-09-29 10:57:32.834|DEBUG|ArtifactScraper|Parsing artifact substat: elementalmastery+23
2026-09-29 10:57:32.951|DEBUG|ArtifactScraper|Parsing artifact substat: critdmg+7.0%
2026-09-29 10:57:32.951|DEBUG|ArtifactScraper|Parsing artifact substat: elementalmastery+21
2026-09-29 10:57:32.951|DEBUG|ArtifactScraper|Parsing artifact substat: hp+209
2026-09-29 10:57:32.951|DEBUG|ArtifactScraper|Parsing artifact substat: hp+4.1%
2026-09-29 10:57:35.051|DEBUG|ArtifactScraper|Scanning artifact page 50
2026-09-29 10:57:35.051|DEBUG|ArtifactScraper|Located 32 possible item locations on page.
2026-09-29 10:57:35.464|DEBUG|ArtifactScraper|Parsing artifact substat: def+6.6%
2026-09-29 10:57:35.464|DEBUG|ArtifactScraper|Parsing artifact substat: def+21
2026-09-29 10:57:35.464|DEBUG|ArtifactScraper|Parsing artifact substat: hp+239
2026-09-29 10:57:35.464|DEBUG|ArtifactScraper|Parsing artifact substat: energyrecharge+6.5%
2026-09-29 10:57:35.758|DEBUG|ArtifactScraper|Parsing artifact substat: def+23
2026-09-29 10:57:35.758|DEBUG|ArtifactScraper|Parsing artifact substat: def+5.8%
2026-09-29 10:57:35.758|DEBUG|ArtifactScraper|Parsing artifact substat: hp+299
2026-09-29 10:57:35.758|DEBUG|ArtifactScraper|Parsing artifact substat: hp+5.3%
2026-09-29 10:57:35.858|DEBUG|ArtifactScraper|Parsing artifact substat: elementalmastery+21
2026-09-29 10:57:35.858|DEBUG|ArtifactScraper|Parsing artifact substat: def+19
2026-09-29 10:57:35.858|DEBUG|ArtifactScraper|Parsing artifact substat: critdmg+7.8%
2026-09-29 10:57:35.858|DEBUG|ArtifactScraper|Parsing artifact substat: hp+209
2026-09-29 10:57:36.097|DEBUG|ArtifactScraper|Parsing artifact substat: hp+239
2026-09-29 10:57:36.097|DEBUG|ArtifactScraper|Parsing artifact substat: def+21
2026-09-29 10:57:36.097|DEBUG|ArtifactScraper|Parsing artifact substat: def+6.6%
2026-09-29 10:57:36.097|DEBUG|ArtifactScraper|Parsing artifact substat: hp+5.8%
2026-09-29 10:57:36.175|DEBUG|ArtifactScraper|Parsing artifact substat: def+6.6%
2026-09-29 10:57:36.175|DEBUG|ArtifactScraper|Parsing artifact substat: hp+299
2026-09-29 10:57:36.175|DEBUG|ArtifactScraper|Parsing artifact substat: hp+4.7%
2026-09-29 10:57:36.175|DEBUG|ArtifactScraper|Parsing artifact substat: elementalmastery+21
2026-09-29 10:57:36.466|DEBUG|ArtifactScraper|Parsing artifact substat: hp+269
2026-09-29 10:57:36.466|DEBUG|ArtifactScraper|Parsing artifact substat: critrate+3.1%
2026-09-29 10:57:36.466|DEBUG|ArtifactScraper|Parsing artifact substat: def+23
2026-09-29 10:57:36.466|DEBUG|ArtifactScraper|Parsing artifact substat: energyrecharge+5.2%
2026-09-29 10:57:36.531|DEBUG|ArtifactScraper|Parsing artifact substat: critdmg+7.0%
2026-09-29 10:57:36.531|DEBUG|ArtifactScraper|Parsing artifact substat: def+23
2026-09-29 10:57:36.531|DEBUG|ArtifactScraper|Parsing artifact substat: hp+5.3%
2026-09-29 10:57:36.531|DEBUG|ArtifactScraper|Parsing artifact substat: def+6.6%
2026-09-29 10:57:36.793|DEBUG|ArtifactScraper|Parsing artifact substat: critrate+2.7%
2026-09-29 10:57:36.793|DEBUG|ArtifactScraper|Parsing artifact substat: energyrecharge+6.5%
2026-09-29 10:57:36.793|DEBUG|ArtifactScraper|Parsing artifact substat: elementalmastery+19
2026-09-29 10:57:36.793|DEBUG|ArtifactScraper|Parsing artifact substat: hp+5.3%
2026-09-29 10:57:36.914|DEBUG|ArtifactScraper|Parsing artifact substat: elementalmastery+21
2026-09-29 10:57:36.914|DEBUG|ArtifactScraper|Parsing artifact substat: hp+269
2026-09-29 10:57:36.914|DEBUG|ArtifactScraper|Parsing artifact substat: def+23
2026-09-29 10:57:36.914|DEBUG|ArtifactScraper|Parsing artifact substat: critrate+3.9%
2026-09-29 10:57:37.158|DEBUG|ArtifactScraper|Parsing artifact substat: elementalmastery+19
2026-09-29 10:57:37.158|DEBUG|ArtifactScraper|Parsing artifact substat: energyrecharge+6.5%
2026-09-29 10:57:37.158|DEBUG|ArtifactScraper|Parsing artifact substat: def+16
2026-09-29 10:57:37.158|DEBUG|ArtifactScraper|Parsing artifact substat: def+6.6%(unactivated)
2026-09-29 10:57:37.313|DEBUG|ArtifactScraper|Parsing artifact substat: def+23
2026-09-29 10:57:37.313|DEBUG|ArtifactScraper|Parsing artifact substat: def+6.6%
2026-09-29 10:57:37.313|DEBUG|ArtifactScraper|Parsing artifact substat: elementalmastery+19
2026-09-29 10:57:37.313|DEBUG|ArtifactScraper|Parsing artifact substat: hp+5.8%(unactivated)
2026-09-29 10:57:37.424|DEBUG|ArtifactScraper|Parsing artifact substat: hp+5.3%
2026-09-29 10:57:37.424|DEBUG|ArtifactScraper|Parsing artifact substat: def+6.6%
2026-09-29 10:57:37.424|DEBUG|ArtifactScraper|Parsing artifact substat: hp+239
2026-09-29 10:57:37.424|DEBUG|ArtifactScraper|Parsing artifact substat: critdmg+7.0%(unactivated)
2026-09-29 10:57:37.675|DEBUG|ArtifactScraper|Parsing artifact substat: atk+5.3%
2026-09-29 10:57:37.675|DEBUG|ArtifactScraper|Parsing artifact substat: def+16
2026-09-29 10:57:37.675|DEBUG|ArtifactScraper|Parsing artifact substat: hp+5.3%
2026-09-29 10:57:37.675|DEBUG|ArtifactScraper|Parsing artifact substat: elementalmastery+16
2026-09-29 10:57:37.782|DEBUG|ArtifactScraper|Parsing artifact substat: def+23
2026-09-29 10:57:37.782|DEBUG|ArtifactScraper|Parsing artifact substat: hp+4.7%
2026-09-29 10:57:37.782|DEBUG|ArtifactScraper|Parsing artifact substat: hp+209
2026-09-29 10:57:37.782|DEBUG|ArtifactScraper|Parsing artifact substat: elementalmastery+19
2026-09-29 10:57:38.040|DEBUG|ArtifactScraper|Parsing artifact substat: hp+209
2026-09-29 10:57:38.040|DEBUG|ArtifactScraper|Parsing artifact substat: def+21
2026-09-29 10:57:38.040|DEBUG|ArtifactScraper|Parsing artifact substat: def+5.8%
2026-09-29 10:57:38.040|DEBUG|ArtifactScraper|Parsing artifact substat: critrate+3.5%(unactivated)
2026-09-29 10:57:38.201|DEBUG|ArtifactScraper|Parsing artifact substat: energyrecharge+5.2%
2026-09-29 10:57:38.201|DEBUG|ArtifactScraper|Parsing artifact substat: def+21
2026-09-29 10:57:38.201|DEBUG|ArtifactScraper|Parsing artifact substat: critrate+3.9%
2026-09-29 10:57:38.201|DEBUG|ArtifactScraper|Parsing artifact substat: hp+299(unactivated)
2026-09-29 10:57:38.375|DEBUG|ArtifactScraper|Parsing artifact substat: def+19
2026-09-29 10:57:38.375|DEBUG|ArtifactScraper|Parsing artifact substat: elementalmastery+23
2026-09-29 10:57:38.375|DEBUG|ArtifactScraper|Parsing artifact substat: hp+269
2026-09-29 10:57:38.375|DEBUG|ArtifactScraper|Parsing artifact substat: atk+5.8%(unactivated)
2026-09-29 10:57:38.508|DEBUG|ArtifactScraper|Parsing artifact substat: elementalmastery+23
2026-09-29 10:57:38.508|DEBUG|ArtifactScraper|Parsing artifact substat: energyrecharge+5.2%
2026-09-29 10:57:38.508|DEBUG|ArtifactScraper|Parsing artifact substat: critdmg+6.2%
2026-09-29 10:57:38.508|DEBUG|ArtifactScraper|Parsing artifact substat: def+21(unactivated)
2026-09-29 10:57:38.608|DEBUG|ArtifactScraper|Parsing artifact substat: elementalmastery+23
2026-09-29 10:57:38.608|DEBUG|ArtifactScraper|Parsing artifact substat: def+6.6%
2026-09-29 10:57:38.608|DEBUG|ArtifactScraper|Parsing artifact substat: hp+209
2026-09-29 10:57:38.608|DEBUG|ArtifactScraper|Parsing artifact substat: hp+5.8%(unactivated)
2026-09-29 10:57:38.891|DEBUG|ArtifactScraper|Parsing artifact substat: hp+4.1%
2026-09-29 10:57:38.891|DEBUG|ArtifactScraper|Parsing artifact substat: hp+269
2026-09-29 10:57:38.891|DEBUG|ArtifactScraper|Parsing artifact substat: elementalmastery+19
2026-09-29 10:57:38.891|DEBUG|ArtifactScraper|Parsing artifact substat: def+23(unactivated)
2026-09-29 10:57:39.025|DEBUG|ArtifactScraper|Parsing artifact substat: elementalmastery+21
2026-09-29 10:57:39.025|DEBUG|ArtifactScraper|Parsing artifact substat: energyrecharge+4.5%
2026-09-29 10:57:39.025|DEBUG|ArtifactScraper|Parsing artifact substat: hp+4.1%
2026-09-29 10:57:39.025|DEBUG|ArtifactScraper|Parsing artifact substat: atk+5.3%(unactivated)
2026-09-29 10:57:39.263|DEBUG|ArtifactScraper|Parsing artifact substat: critrate+3.1%
2026-09-29 10:57:39.263|DEBUG|ArtifactScraper|Parsing artifact substat: hp+5.3%
2026-09-29 10:57:39.263|DEBUG|ArtifactScraper|Parsing artifact substat: def+23
2026-09-29 10:57:39.263|DEBUG|ArtifactScraper|Parsing artifact substat: hp+209(unactivated)
2026-09-29 10:57:39.406|DEBUG|ArtifactScraper|Parsing artifact substat: atk+5.3%
2026-09-29 10:57:39.406|DEBUG|ArtifactScraper|Parsing artifact substat: hp+299
2026-09-29 10:57:39.406|DEBUG|ArtifactScraper|Parsing artifact substat: def+21
2026-09-29 10:57:39.406|DEBUG|ArtifactScraper|Parsing artifact substat: elementalmastery+23
2026-09-29 10:57:39.546|DEBUG|ArtifactScraper|Parsing artifact substat: def+5.1%
2026-09-29 10:57:39.546|DEBUG|ArtifactScraper|Parsing artifact substat: def+16
2026-09-29 10:57:39.546|DEBUG|ArtifactScraper|Parsing artifact substat: hp+5.8%
2026-09-29 10:57:39.546|DEBUG|ArtifactScraper|Parsing artifact substat: elementalmastery+21
2026-09-29 10:57:39.664|DEBUG|ArtifactScraper|Parsing artifact substat: def+21
2026-09-29 10:57:39.664|DEBUG|ArtifactScraper|Parsing artifact substat: elementalmastery+19
2026-09-29 10:57:39.664|DEBUG|ArtifactScraper|Parsing artifact substat: hp+4.7%
2026-09-29 10:57:39.664|DEBUG|ArtifactScraper|Parsing artifact substat: atk+4.7%(unactivated)
2026-09-29 10:57:39.929|DEBUG|ArtifactScraper|Parsing artifact substat: atk+5.8%
2026-09-29 10:57:39.929|DEBUG|ArtifactScraper|Parsing artifact substat: hp+269
2026-09-29 10:57:39.929|DEBUG|ArtifactScraper|Parsing artifact substat: elementalmastery+21
2026-09-29 10:57:39.929|DEBUG|ArtifactScraper|Parsing artifact substat: def+6.6%(unactivated)
2026-09-29 10:57:40.061|DEBUG|ArtifactScraper|Parsing artifact substat: hp+5.8%
2026-09-29 10:57:40.061|DEBUG|ArtifactScraper|Parsing artifact substat: energyrecharge+6.5%
2026-09-29 10:57:40.061|DEBUG|ArtifactScraper|Parsing artifact substat: hp+299
2026-09-29 10:57:40.061|DEBUG|ArtifactScraper|Parsing artifact substat: critdmg+6.2%(unactivated)
2026-09-29 10:57:40.334|DEBUG|ArtifactScraper|Parsing artifact substat: def+16
2026-09-29 10:57:40.334|DEBUG|ArtifactScraper|Parsing artifact substat: hp+239
2026-09-29 10:57:40.334|DEBUG|ArtifactScraper|Parsing artifact substat: critrate+3.5%
2026-09-29 10:57:40.334|DEBUG|ArtifactScraper|Parsing artifact substat: energyrecharge+6.5%
2026-09-29 10:57:40.334|DEBUG|ArtifactScraper|Parsing artifact substat: def+21
2026-09-29 10:57:40.334|DEBUG|ArtifactScraper|Parsing artifact substat: critrate+3.1%
2026-09-29 10:57:40.334|DEBUG|ArtifactScraper|Parsing artifact substat: elementalmastery+19
2026-09-29 10:57:40.334|DEBUG|ArtifactScraper|Parsing artifact substat: energyrecharge+4.5%
2026-09-29 10:57:40.517|DEBUG|ArtifactScraper|Finished queuing page of artifacts. Scrolling...
2026-09-29 10:57:40.736|DEBUG|ArtifactScraper|Parsing artifact substat: hp+4.1%
2026-09-29 10:57:40.736|DEBUG|ArtifactScraper|Parsing artifact substat: hp+269
2026-09-29 10:57:40.736|DEBUG|ArtifactScraper|Parsing artifact substat: elementalmastery+19
2026-09-29 10:57:40.736|DEBUG|ArtifactScraper|Parsing artifact substat: critrate+3.9%(unactivated)
2026-09-29 10:57:40.756|DEBUG|ArtifactScraper|Parsing artifact substat: energyrecharge+5.2%
2026-09-29 10:57:40.756|DEBUG|ArtifactScraper|Parsing artifact substat: hp+209
2026-09-29 10:57:40.756|DEBUG|ArtifactScraper|Parsing artifact substat: elementalmastery+16
2026-09-29 10:57:40.756|DEBUG|ArtifactScraper|Parsing artifact substat: critrate+3.5%(unactivated)
2026-09-29 10:57:40.935|DEBUG|ArtifactScraper|Parsing artifact substat: hp+269
2026-09-29 10:57:40.935|DEBUG|ArtifactScraper|Parsing artifact substat: def+5.1%
2026-09-29 10:57:40.935|DEBUG|ArtifactScraper|Parsing artifact substat: hp+4.1%
2026-09-29 10:57:40.935|DEBUG|ArtifactScraper|Parsing artifact substat: elementalmastery+23
2026-09-29 10:57:42.898|DEBUG|ArtifactScraper|Scanning artifact page 51
2026-09-29 10:57:42.898|DEBUG|ArtifactScraper|Located 32 possible item locations on page.
2026-09-29 10:57:43.337|DEBUG|ArtifactScraper|Parsing artifact substat: hp+4.7%
2026-09-29 10:57:43.337|DEBUG|ArtifactScraper|Parsing artifact substat: hp+269
2026-09-29 10:57:43.337|DEBUG|ArtifactScraper|Parsing artifact substat: def+23
2026-09-29 10:57:43.337|DEBUG|ArtifactScraper|Parsing artifact substat: atk+5.3%(unactivated)
2026-09-29 10:57:43.696|DEBUG|ArtifactScraper|Parsing artifact substat: def+5.8%
2026-09-29 10:57:43.696|DEBUG|ArtifactScraper|Parsing artifact substat: energyrecharge+4.5%
2026-09-29 10:57:43.696|DEBUG|ArtifactScraper|Parsing artifact substat: elementalmastery+19
2026-09-29 10:57:43.696|DEBUG|ArtifactScraper|Parsing artifact substat: def+19(unactivated)
2026-09-29 10:57:43.722|DEBUG|ArtifactScraper|Parsing artifact substat: elementalmastery+21
2026-09-29 10:57:43.722|DEBUG|ArtifactScraper|Parsing artifact substat: hp+299
2026-09-29 10:57:43.722|DEBUG|ArtifactScraper|Parsing artifact substat: critdmg+5.4%
2026-09-29 10:57:43.722|DEBUG|ArtifactScraper|Parsing artifact substat: hp+4.1%(unactivated)
2026-09-29 10:57:44.059|DEBUG|ArtifactScraper|Parsing artifact substat: def+7.3%
2026-09-29 10:57:44.059|DEBUG|ArtifactScraper|Parsing artifact substat: elementalmastery+16
2026-09-29 10:57:44.059|DEBUG|ArtifactScraper|Parsing artifact substat: critdmg+7.8%
2026-09-29 10:57:44.059|DEBUG|ArtifactScraper|Parsing artifact substat: hp+5.3%(unactivated)
2026-09-29 10:57:44.098|DEBUG|ArtifactScraper|Parsing artifact substat: critrate+3.5%
2026-09-29 10:57:44.098|DEBUG|ArtifactScraper|Parsing artifact substat: def+16
2026-09-29 10:57:44.098|DEBUG|ArtifactScraper|Parsing artifact substat: energyrecharge+6.5%
2026-09-29 10:57:44.098|DEBUG|ArtifactScraper|Parsing artifact substat: elementalmastery+23
2026-09-29 10:57:44.348|DEBUG|ArtifactScraper|Parsing artifact substat: hp+4.1%
2026-09-29 10:57:44.348|DEBUG|ArtifactScraper|Parsing artifact substat: atk+4.1%
2026-09-29 10:57:44.348|DEBUG|ArtifactScraper|Parsing artifact substat: def+23
2026-09-29 10:57:44.348|DEBUG|ArtifactScraper|Parsing artifact substat: energyrecharge+5.2%
2026-09-29 10:57:44.448|DEBUG|ArtifactScraper|Parsing artifact substat: def+5.1%
2026-09-29 10:57:44.448|DEBUG|ArtifactScraper|Parsing artifact substat: energyrecharge+4.5%
2026-09-29 10:57:44.448|DEBUG|ArtifactScraper|Parsing artifact substat: def+21
2026-09-29 10:57:44.448|DEBUG|ArtifactScraper|Parsing artifact substat: atk+5.3%(unactivated)
2026-09-29 10:57:44.732|DEBUG|ArtifactScraper|Parsing artifact substat: def+21
2026-09-29 10:57:44.732|DEBUG|ArtifactScraper|Parsing artifact substat: hp+209
2026-09-29 10:57:44.732|DEBUG|ArtifactScraper|Parsing artifact substat: critrate+3.1%
2026-09-29 10:57:44.732|DEBUG|ArtifactScraper|Parsing artifact substat: def+5.1%(unactivated)
2026-09-29 10:57:44.772|DEBUG|ArtifactScraper|Parsing artifact substat: atk+4.1%
2026-09-29 10:57:44.772|DEBUG|ArtifactScraper|Parsing artifact substat: elementalmastery+19
2026-09-29 10:57:44.772|DEBUG|ArtifactScraper|Parsing artifact substat: def+23
2026-09-29 10:57:44.772|DEBUG|ArtifactScraper|Parsing artifact substat: hp+299(unactivated)
2026-09-29 10:57:45.104|DEBUG|ArtifactScraper|Parsing artifact substat: def+5.8%
2026-09-29 10:57:45.104|DEBUG|ArtifactScraper|Parsing artifact substat: hp+239
2026-09-29 10:57:45.104|DEBUG|ArtifactScraper|Parsing artifact substat: atk+4.7%
2026-09-29 10:57:45.104|DEBUG|ArtifactScraper|Parsing artifact substat: def+16(unactivated)
2026-09-29 10:57:45.114|DEBUG|ArtifactScraper|Parsing artifact substat: hp+209
2026-09-29 10:57:45.114|DEBUG|ArtifactScraper|Parsing artifact substat: energyrecharge+4.5%
2026-09-29 10:57:45.114|DEBUG|ArtifactScraper|Parsing artifact substat: def+5.1%
2026-09-29 10:57:45.114|DEBUG|ArtifactScraper|Parsing artifact substat: critdmg+6.2%(unactivated)
2026-09-29 10:57:45.409|DEBUG|ArtifactScraper|Parsing artifact substat: def+16
2026-09-29 10:57:45.409|DEBUG|ArtifactScraper|Parsing artifact substat: hp+299
2026-09-29 10:57:45.409|DEBUG|ArtifactScraper|Parsing artifact substat: energyrecharge+5.8%
2026-09-29 10:57:45.409|DEBUG|ArtifactScraper|Parsing artifact substat: hp+4.1%(unactivated)
2026-09-29 10:57:45.514|DEBUG|ArtifactScraper|Parsing artifact substat: elementalmastery+19
2026-09-29 10:57:45.514|DEBUG|ArtifactScraper|Parsing artifact substat: hp+4.7%
2026-09-29 10:57:45.514|DEBUG|ArtifactScraper|Parsing artifact substat: def+19
2026-09-29 10:57:45.514|DEBUG|ArtifactScraper|Parsing artifact substat: def+5.8%(unactivated)
2026-09-29 10:57:45.741|DEBUG|ArtifactScraper|Parsing artifact substat: hp+299
2026-09-29 10:57:45.741|DEBUG|ArtifactScraper|Parsing artifact substat: def+21
2026-09-29 10:57:45.741|DEBUG|ArtifactScraper|Parsing artifact substat: def+5.1%
2026-09-29 10:57:45.741|DEBUG|ArtifactScraper|Parsing artifact substat: hp+4.1%(unactivated)
2026-09-29 10:57:45.798|DEBUG|ArtifactScraper|Parsing artifact substat: atk+5.8%
2026-09-29 10:57:45.800|DEBUG|ArtifactScraper|Parsing artifact substat: def+5.1%
2026-09-29 10:57:45.800|DEBUG|ArtifactScraper|Parsing artifact substat: hp+4.1%
2026-09-29 10:57:45.800|DEBUG|ArtifactScraper|Parsing artifact substat: def+16(unactivated)
2026-09-29 10:57:46.118|DEBUG|ArtifactScraper|Parsing artifact substat: def+23
2026-09-29 10:57:46.118|DEBUG|ArtifactScraper|Parsing artifact substat: hp+4.1%
2026-09-29 10:57:46.118|DEBUG|ArtifactScraper|Parsing artifact substat: critdmg+5.4%
2026-09-29 10:57:46.118|DEBUG|ArtifactScraper|Parsing artifact substat: elementalmastery+16
2026-09-29 10:57:46.160|DEBUG|ArtifactScraper|Parsing artifact substat: critrate+3.1%
2026-09-29 10:57:46.160|DEBUG|ArtifactScraper|Parsing artifact substat: energyrecharge+5.2%
2026-09-29 10:57:46.160|DEBUG|ArtifactScraper|Parsing artifact substat: critdmg+6.2%
2026-09-29 10:57:46.160|DEBUG|ArtifactScraper|Parsing artifact substat: hp+299
2026-09-29 10:57:46.440|DEBUG|ArtifactScraper|Parsing artifact substat: critrate+3.5%
2026-09-29 10:57:46.440|DEBUG|ArtifactScraper|Parsing artifact substat: atk+19
2026-09-29 10:57:46.440|DEBUG|ArtifactScraper|Parsing artifact substat: critdmg+5.4%
2026-09-29 10:57:46.440|DEBUG|ArtifactScraper|Parsing artifact substat: elementalmastery+16
2026-09-29 10:57:46.483|DEBUG|ArtifactScraper|Parsing artifact substat: critrate+2.7%
2026-09-29 10:57:46.483|DEBUG|ArtifactScraper|Parsing artifact substat: atk+16
2026-09-29 10:57:46.483|DEBUG|ArtifactScraper|Parsing artifact substat: hp+269
2026-09-29 10:57:46.483|DEBUG|ArtifactScraper|Parsing artifact substat: critdmg+7.0%
2026-09-29 10:57:46.818|DEBUG|ArtifactScraper|Parsing artifact substat: energyrecharge+5.8%
2026-09-29 10:57:46.818|DEBUG|ArtifactScraper|Parsing artifact substat: critdmg+7.8%
2026-09-29 10:57:46.818|DEBUG|ArtifactScraper|Parsing artifact substat: critrate+3.9%
2026-09-29 10:57:46.818|DEBUG|ArtifactScraper|Parsing artifact substat: hp+5.8%
2026-09-29 10:57:46.850|DEBUG|ArtifactScraper|Parsing artifact substat: critrate+3.1%
2026-09-29 10:57:46.850|DEBUG|ArtifactScraper|Parsing artifact substat: critdmg+7.8%
2026-09-29 10:57:46.850|DEBUG|ArtifactScraper|Parsing artifact substat: atk+4.7%
2026-09-29 10:57:46.850|DEBUG|ArtifactScraper|Parsing artifact substat: atk+18
2026-09-29 10:57:47.100|DEBUG|ArtifactScraper|Parsing artifact substat: critrate+3.1%
2026-09-29 10:57:47.100|DEBUG|ArtifactScraper|Parsing artifact substat: critdmg+6.2%
2026-09-29 10:57:47.100|DEBUG|ArtifactScraper|Parsing artifact substat: elementalmastery+19
2026-09-29 10:57:47.100|DEBUG|ArtifactScraper|Parsing artifact substat: hp+5.3%
2026-09-29 10:57:47.194|DEBUG|ArtifactScraper|Parsing artifact substat: critrate+2.7%
2026-09-29 10:57:47.194|DEBUG|ArtifactScraper|Parsing artifact substat: atk+5.8%
2026-09-29 10:57:47.194|DEBUG|ArtifactScraper|Parsing artifact substat: def+19
2026-09-29 10:57:47.194|DEBUG|ArtifactScraper|Parsing artifact substat: critdmg+7.0%
2026-09-29 10:57:47.505|DEBUG|ArtifactScraper|Parsing artifact substat: critdmg+5.4%
2026-09-29 10:57:47.505|DEBUG|ArtifactScraper|Parsing artifact substat: energyrecharge+5.8%
2026-09-29 10:57:47.505|DEBUG|ArtifactScraper|Parsing artifact substat: hp+5.3%
2026-09-29 10:57:47.505|DEBUG|ArtifactScraper|Parsing artifact substat: atk+14(unactivated)
2026-09-29 10:57:47.588|DEBUG|ArtifactScraper|Parsing artifact substat: def+23
2026-09-29 10:57:47.588|DEBUG|ArtifactScraper|Parsing artifact substat: atk+19
2026-09-29 10:57:47.588|DEBUG|ArtifactScraper|Parsing artifact substat: atk+5.3%
2026-09-29 10:57:47.588|DEBUG|ArtifactScraper|Parsing artifact substat: critdmg+7.8%(unactivated)
2026-09-29 10:57:47.789|DEBUG|ArtifactScraper|Parsing artifact substat: hp+269
2026-09-29 10:57:47.789|DEBUG|ArtifactScraper|Parsing artifact substat: critrate+3.1%
2026-09-29 10:57:47.789|DEBUG|ArtifactScraper|Parsing artifact substat: hp+4.1%
2026-09-29 10:57:47.789|DEBUG|ArtifactScraper|Parsing artifact substat: energyrecharge+4.5%
2026-09-29 10:57:47.950|DEBUG|ArtifactScraper|Parsing artifact substat: energyrecharge+6.5%
2026-09-29 10:57:47.950|DEBUG|ArtifactScraper|Parsing artifact substat: def+16
2026-09-29 10:57:47.950|DEBUG|ArtifactScraper|Parsing artifact substat: critdmg+6.2%
2026-09-29 10:57:47.950|DEBUG|ArtifactScraper|Parsing artifact substat: critrate+2.7%(unactivated)
2026-09-29 10:57:48.178|DEBUG|ArtifactScraper|Parsing artifact substat: atk+18
2026-09-29 10:57:48.178|DEBUG|ArtifactScraper|Parsing artifact substat: critrate+3.1%
2026-09-29 10:57:48.178|DEBUG|ArtifactScraper|Parsing artifact substat: hp+5.8%
2026-09-29 10:57:48.178|DEBUG|ArtifactScraper|Parsing artifact substat: energyrecharge+5.2%
2026-09-29 10:57:48.238|DEBUG|ArtifactScraper|Parsing artifact substat: hp+269
2026-09-29 10:57:48.238|DEBUG|ArtifactScraper|Parsing artifact substat: critrate+3.1%
2026-09-29 10:57:48.238|DEBUG|ArtifactScraper|Parsing artifact substat: atk+19
2026-09-29 10:57:48.238|DEBUG|ArtifactScraper|Parsing artifact substat: atk+4.7%(unactivated)
2026-09-29 10:57:48.399|DEBUG|ArtifactScraper|Finished queuing page of artifacts. Scrolling...
2026-09-29 10:57:48.522|DEBUG|ArtifactScraper|Parsing artifact substat: critrate+3.5%
2026-09-29 10:57:48.522|DEBUG|ArtifactScraper|Parsing artifact substat: atk+4.1%
2026-09-29 10:57:48.522|DEBUG|ArtifactScraper|Parsing artifact substat: hp+5.3%
2026-09-29 10:57:48.522|DEBUG|ArtifactScraper|Parsing artifact substat: critdmg+7.8%(unactivated)
2026-09-29 10:57:48.608|DEBUG|ArtifactScraper|Parsing artifact substat: critrate+3.5%
2026-09-29 10:57:48.608|DEBUG|ArtifactScraper|Parsing artifact substat: energyrecharge+6.5%
2026-09-29 10:57:48.608|DEBUG|ArtifactScraper|Parsing artifact substat: elementalmastery+23
2026-09-29 10:57:48.608|DEBUG|ArtifactScraper|Parsing artifact substat: hp+5.3%(unactivated)
2026-09-29 10:57:48.819|DEBUG|ArtifactScraper|Parsing artifact substat: elementalmastery+23
2026-09-29 10:57:48.819|DEBUG|ArtifactScraper|Parsing artifact substat: def+16
2026-09-29 10:57:48.819|DEBUG|ArtifactScraper|Parsing artifact substat: critrate+3.1%
2026-09-29 10:57:48.819|DEBUG|ArtifactScraper|Parsing artifact substat: critdmg+6.2%(unactivated)
2026-09-29 10:57:50.392|DEBUG|ArtifactScraper|Scanning artifact page 52
2026-09-29 10:57:50.392|DEBUG|ArtifactScraper|Located 32 possible item locations on page.
2026-09-29 10:57:50.871|DEBUG|ArtifactScraper|Parsing artifact substat: critdmg+7.8%
2026-09-29 10:57:50.871|DEBUG|ArtifactScraper|Parsing artifact substat: elementalmastery+16
2026-09-29 10:57:50.871|DEBUG|ArtifactScraper|Parsing artifact substat: critrate+2.7%
2026-09-29 10:57:50.871|DEBUG|ArtifactScraper|Parsing artifact substat: hp+239(unactivated)
2026-09-29 10:57:50.984|DEBUG|ArtifactScraper|Parsing artifact substat: critrate+3.5%
2026-09-29 10:57:50.984|DEBUG|ArtifactScraper|Parsing artifact substat: atk+14
2026-09-29 10:57:50.984|DEBUG|ArtifactScraper|Parsing artifact substat: energyrecharge+5.2%
2026-09-29 10:57:50.984|DEBUG|ArtifactScraper|Parsing artifact substat: elementalmastery+16
2026-09-29 10:57:51.209|DEBUG|ArtifactScraper|Parsing artifact substat: critdmg+7.0%
2026-09-29 10:57:51.209|DEBUG|ArtifactScraper|Parsing artifact substat: energyrecharge+5.2%
2026-09-29 10:57:51.209|DEBUG|ArtifactScraper|Parsing artifact substat: critrate+3.1%
2026-09-29 10:57:51.209|DEBUG|ArtifactScraper|Parsing artifact substat: hp+4.1%(unactivated)
2026-09-29 10:57:51.332|DEBUG|ArtifactScraper|Parsing artifact substat: def+19
2026-09-29 10:57:51.332|DEBUG|ArtifactScraper|Parsing artifact substat: critrate+3.9%
2026-09-29 10:57:51.332|DEBUG|ArtifactScraper|Parsing artifact substat: energyrecharge+4.5%
2026-09-29 10:57:51.332|DEBUG|ArtifactScraper|Parsing artifact substat: hp+4.1%(unactivated)
2026-09-29 10:57:51.447|DEBUG|ArtifactScraper|Parsing artifact substat: def+21
2026-09-29 10:57:51.447|DEBUG|ArtifactScraper|Parsing artifact substat: atk+16
2026-09-29 10:57:51.447|DEBUG|ArtifactScraper|Parsing artifact substat: elementalmastery+23
2026-09-29 10:57:51.447|DEBUG|ArtifactScraper|Parsing artifact substat: atk+5.8%
2026-09-29 10:57:51.600|DEBUG|ArtifactScraper|Parsing artifact substat: atk+18
2026-09-29 10:57:51.600|DEBUG|ArtifactScraper|Parsing artifact substat: hp+4.7%
2026-09-29 10:57:51.600|DEBUG|ArtifactScraper|Parsing artifact substat: def+23
2026-09-29 10:57:51.600|DEBUG|ArtifactScraper|Parsing artifact substat: def+7.3%
2026-09-29 10:57:51.896|DEBUG|ArtifactScraper|Parsing artifact substat: atk+16
2026-09-29 10:57:51.896|DEBUG|ArtifactScraper|Parsing artifact substat: hp+269
2026-09-29 10:57:51.896|DEBUG|ArtifactScraper|Parsing artifact substat: elementalmastery+16
2026-09-29 10:57:51.896|DEBUG|ArtifactScraper|Parsing artifact substat: energyrecharge+5.8%
2026-09-29 10:57:52.021|DEBUG|ArtifactScraper|Parsing artifact substat: atk+14
2026-09-29 10:57:52.021|DEBUG|ArtifactScraper|Parsing artifact substat: def+21
2026-09-29 10:57:52.021|DEBUG|ArtifactScraper|Parsing artifact substat: def+6.6%
2026-09-29 10:57:52.021|DEBUG|ArtifactScraper|Parsing artifact substat: critdmg+7.0%
2026-09-29 10:57:52.216|DEBUG|ArtifactScraper|Parsing artifact substat: elementalmastery+19
2026-09-29 10:57:52.216|DEBUG|ArtifactScraper|Parsing artifact substat: critdmg+6.2%
2026-09-29 10:57:52.216|DEBUG|ArtifactScraper|Parsing artifact substat: hp+239
2026-09-29 10:57:52.216|DEBUG|ArtifactScraper|Parsing artifact substat: atk+4.7%
2026-09-29 10:57:52.310|DEBUG|ArtifactScraper|Parsing artifact substat: atk+4.7%
2026-09-29 10:57:52.310|DEBUG|ArtifactScraper|Parsing artifact substat: def+23
2026-09-29 10:57:52.310|DEBUG|ArtifactScraper|Parsing artifact substat: critdmg+7.0%
2026-09-29 10:57:52.310|DEBUG|ArtifactScraper|Parsing artifact substat: hp+299
2026-09-29 10:57:52.494|DEBUG|ArtifactScraper|Parsing artifact substat: atk+18
2026-09-29 10:57:52.494|DEBUG|ArtifactScraper|Parsing artifact substat: hp+239
2026-09-29 10:57:52.494|DEBUG|ArtifactScraper|Parsing artifact substat: def+16
2026-09-29 10:57:52.494|DEBUG|ArtifactScraper|Parsing artifact substat: critrate+3.5%
2026-09-29 10:57:52.790|DEBUG|ArtifactScraper|Parsing artifact substat: atk+19
2026-09-29 10:57:52.790|DEBUG|ArtifactScraper|Parsing artifact substat: elementalmastery+21
2026-09-29 10:57:52.790|DEBUG|ArtifactScraper|Parsing artifact substat: critrate+3.9%
2026-09-29 10:57:52.790|DEBUG|ArtifactScraper|Parsing artifact substat: hp+239
2026-09-29 10:57:52.898|DEBUG|ArtifactScraper|Parsing artifact substat: atk+18
2026-09-29 10:57:52.898|DEBUG|ArtifactScraper|Parsing artifact substat: elementalmastery+16
2026-09-29 10:57:52.898|DEBUG|ArtifactScraper|Parsing artifact substat: critdmg+6.2%
2026-09-29 10:57:52.898|DEBUG|ArtifactScraper|Parsing artifact substat: hp+5.3%
2026-09-29 10:57:53.057|DEBUG|ArtifactScraper|Parsing artifact substat: atk+5.8%
2026-09-29 10:57:53.057|DEBUG|ArtifactScraper|Parsing artifact substat: hp+5.3%
2026-09-29 10:57:53.057|DEBUG|ArtifactScraper|Parsing artifact substat: atk+18
2026-09-29 10:57:53.057|DEBUG|ArtifactScraper|Parsing artifact substat: def+16
2026-09-29 10:57:53.228|DEBUG|ArtifactScraper|Parsing artifact substat: def+21
2026-09-29 10:57:53.228|DEBUG|ArtifactScraper|Parsing artifact substat: energyrecharge+4.5%
2026-09-29 10:57:53.228|DEBUG|ArtifactScraper|Parsing artifact substat: hp+4.7%
2026-09-29 10:57:53.228|DEBUG|ArtifactScraper|Parsing artifact substat: atk+4.1%
2026-09-29 10:57:53.355|DEBUG|ArtifactScraper|Parsing artifact substat: critdmg+5.4%
2026-09-29 10:57:53.355|DEBUG|ArtifactScraper|Parsing artifact substat: hp+299
2026-09-29 10:57:53.355|DEBUG|ArtifactScraper|Parsing artifact substat: def+6.6%
2026-09-29 10:57:53.355|DEBUG|ArtifactScraper|Parsing artifact substat: elementalmastery+19
2026-09-29 10:57:53.552|DEBUG|ArtifactScraper|Parsing artifact substat: hp+239
2026-09-29 10:57:53.552|DEBUG|ArtifactScraper|Parsing artifact substat: def+16
2026-09-29 10:57:53.552|DEBUG|ArtifactScraper|Parsing artifact substat: atk+16
2026-09-29 10:57:53.552|DEBUG|ArtifactScraper|Parsing artifact substat: elementalmastery+21
2026-09-29 10:57:53.656|DEBUG|ArtifactScraper|Parsing artifact substat: atk+16
2026-09-29 10:57:53.656|DEBUG|ArtifactScraper|Parsing artifact substat: critdmg+7.0%
2026-09-29 10:57:53.656|DEBUG|ArtifactScraper|Parsing artifact substat: def+7.3%
2026-09-29 10:57:53.656|DEBUG|ArtifactScraper|Parsing artifact substat: def+16
2026-09-29 10:57:53.854|DEBUG|ArtifactScraper|Parsing artifact substat: elementalmastery+19
2026-09-29 10:57:53.854|DEBUG|ArtifactScraper|Parsing artifact substat: critrate+3.5%
2026-09-29 10:57:53.854|DEBUG|ArtifactScraper|Parsing artifact substat: hp+269
2026-09-29 10:57:53.854|DEBUG|ArtifactScraper|Parsing artifact substat: atk+5.8%
2026-09-29 10:57:54.166|DEBUG|ArtifactScraper|Parsing artifact substat: hp+239
2026-09-29 10:57:54.166|DEBUG|ArtifactScraper|Parsing artifact substat: energyrecharge+5.8%
2026-09-29 10:57:54.166|DEBUG|ArtifactScraper|Parsing artifact substat: critdmg+5.4%
2026-09-29 10:57:54.166|DEBUG|ArtifactScraper|Parsing artifact substat: def+19
2026-09-29 10:57:54.166|DEBUG|ArtifactScraper|Parsing artifact substat: atk+5.3%
2026-09-29 10:57:54.166|DEBUG|ArtifactScraper|Parsing artifact substat: atk+18
2026-09-29 10:57:54.166|DEBUG|ArtifactScraper|Parsing artifact substat: def+16
2026-09-29 10:57:54.166|DEBUG|ArtifactScraper|Parsing artifact substat: critrate+3.9%
2026-09-29 10:57:54.459|DEBUG|ArtifactScraper|Parsing artifact substat: hp+5.3%
2026-09-29 10:57:54.459|DEBUG|ArtifactScraper|Parsing artifact substat: def+19
2026-09-29 10:57:54.459|DEBUG|ArtifactScraper|Parsing artifact substat: hp+269
2026-09-29 10:57:54.459|DEBUG|ArtifactScraper|Parsing artifact substat: atk+4.7%
2026-09-29 10:57:54.520|DEBUG|ArtifactScraper|Parsing artifact substat: elementalmastery+16
2026-09-29 10:57:54.520|DEBUG|ArtifactScraper|Parsing artifact substat: atk+19
2026-09-29 10:57:54.520|DEBUG|ArtifactScraper|Parsing artifact substat: hp+209
2026-09-29 10:57:54.520|DEBUG|ArtifactScraper|Parsing artifact substat: energyrecharge+4.5%
2026-09-29 10:57:54.768|DEBUG|ArtifactScraper|Parsing artifact substat: energyrecharge+5.2%
2026-09-29 10:57:54.768|DEBUG|ArtifactScraper|Parsing artifact substat: hp+269
2026-09-29 10:57:54.768|DEBUG|ArtifactScraper|Parsing artifact substat: atk+19
2026-09-29 10:57:54.768|DEBUG|ArtifactScraper|Parsing artifact substat: critdmg+7.0%
2026-09-29 10:57:54.839|DEBUG|ArtifactScraper|Parsing artifact substat: energyrecharge+5.8%
2026-09-29 10:57:54.839|DEBUG|ArtifactScraper|Parsing artifact substat: hp+5.3%
2026-09-29 10:57:54.839|DEBUG|ArtifactScraper|Parsing artifact substat: def+23
2026-09-29 10:57:54.839|DEBUG|ArtifactScraper|Parsing artifact substat: hp+239
2026-09-29 10:57:55.038|DEBUG|ArtifactScraper|Parsing artifact substat: def+16
2026-09-29 10:57:55.038|DEBUG|ArtifactScraper|Parsing artifact substat: elementalmastery+16
2026-09-29 10:57:55.038|DEBUG|ArtifactScraper|Parsing artifact substat: def+7.3%
2026-09-29 10:57:55.038|DEBUG|ArtifactScraper|Parsing artifact substat: hp+239
2026-09-29 10:57:55.197|DEBUG|ArtifactScraper|Parsing artifact substat: def+23
2026-09-29 10:57:55.197|DEBUG|ArtifactScraper|Parsing artifact substat: elementalmastery+23
2026-09-29 10:57:55.197|DEBUG|ArtifactScraper|Parsing artifact substat: atk+16
2026-09-29 10:57:55.197|DEBUG|ArtifactScraper|Parsing artifact substat: critrate+3.9%
2026-09-29 10:57:55.322|DEBUG|ArtifactScraper|Parsing artifact substat: atk+18
2026-09-29 10:57:55.322|DEBUG|ArtifactScraper|Parsing artifact substat: energyrecharge+5.8%
2026-09-29 10:57:55.322|DEBUG|ArtifactScraper|Parsing artifact substat: hp+299
2026-09-29 10:57:55.322|DEBUG|ArtifactScraper|Parsing artifact substat: def+21
2026-09-29 10:57:55.484|DEBUG|ArtifactScraper|Parsing artifact substat: elementalmastery+19
2026-09-29 10:57:55.484|DEBUG|ArtifactScraper|Parsing artifact substat: hp+5.8%
2026-09-29 10:57:55.484|DEBUG|ArtifactScraper|Parsing artifact substat: def+23
2026-09-29 10:57:55.484|DEBUG|ArtifactScraper|Parsing artifact substat: hp+239
2026-09-29 10:57:55.727|DEBUG|ArtifactScraper|Finished queuing page of artifacts. Scrolling...
2026-09-29 10:57:55.770|DEBUG|ArtifactScraper|Parsing artifact substat: hp+5.8%
2026-09-29 10:57:55.770|DEBUG|ArtifactScraper|Parsing artifact substat: def+23
2026-09-29 10:57:55.770|DEBUG|ArtifactScraper|Parsing artifact substat: elementalmastery+19
2026-09-29 10:57:55.770|DEBUG|ArtifactScraper|Parsing artifact substat: atk+4.7%
2026-09-29 10:57:55.882|DEBUG|ArtifactScraper|Parsing artifact substat: hp+299
2026-09-29 10:57:55.882|DEBUG|ArtifactScraper|Parsing artifact substat: def+5.1%
2026-09-29 10:57:55.882|DEBUG|ArtifactScraper|Parsing artifact substat: critdmg+7.0%
2026-09-29 10:57:55.882|DEBUG|ArtifactScraper|Parsing artifact substat: energyrecharge+5.2%
2026-09-29 10:57:56.043|DEBUG|ArtifactScraper|Parsing artifact substat: def+21
2026-09-29 10:57:56.043|DEBUG|ArtifactScraper|Parsing artifact substat: atk+16
2026-09-29 10:57:56.043|DEBUG|ArtifactScraper|Parsing artifact substat: energyrecharge+5.2%
2026-09-29 10:57:56.043|DEBUG|ArtifactScraper|Parsing artifact substat: atk+5.3%
2026-09-29 10:57:57.683|DEBUG|ArtifactScraper|Scanning artifact page 53
2026-09-29 10:57:57.683|DEBUG|ArtifactScraper|Located 32 possible item locations on page.
2026-09-29 10:57:58.082|DEBUG|ArtifactScraper|Parsing artifact substat: hp+209
2026-09-29 10:57:58.082|DEBUG|ArtifactScraper|Parsing artifact substat: def+19
2026-09-29 10:57:58.082|DEBUG|ArtifactScraper|Parsing artifact substat: critdmg+6.2%
2026-09-29 10:57:58.082|DEBUG|ArtifactScraper|Parsing artifact substat: hp+4.7%
2026-09-29 10:57:58.221|DEBUG|ArtifactScraper|Parsing artifact substat: def+16
2026-09-29 10:57:58.221|DEBUG|ArtifactScraper|Parsing artifact substat: hp+209
2026-09-29 10:57:58.221|DEBUG|ArtifactScraper|Parsing artifact substat: elementalmastery+16
2026-09-29 10:57:58.221|DEBUG|ArtifactScraper|Parsing artifact substat: critdmg+7.8%
2026-09-29 10:57:58.515|DEBUG|ArtifactScraper|Parsing artifact substat: hp+4.7%
2026-09-29 10:57:58.515|DEBUG|ArtifactScraper|Parsing artifact substat: atk+14
2026-09-29 10:57:58.515|DEBUG|ArtifactScraper|Parsing artifact substat: elementalmastery+21
2026-09-29 10:57:58.515|DEBUG|ArtifactScraper|Parsing artifact substat: hp+239(unactivated)
2026-09-29 10:57:58.648|DEBUG|ArtifactScraper|Parsing artifact substat: atk+18
2026-09-29 10:57:58.648|DEBUG|ArtifactScraper|Parsing artifact substat: elementalmastery+23
2026-09-29 10:57:58.648|DEBUG|ArtifactScraper|Parsing artifact substat: def+16
2026-09-29 10:57:58.648|DEBUG|ArtifactScraper|Parsing artifact substat: atk+4.1%(unactivated)
2026-09-29 10:57:58.863|DEBUG|ArtifactScraper|Parsing artifact substat: critdmg+7.0%
2026-09-29 10:57:58.863|DEBUG|ArtifactScraper|Parsing artifact substat: atk+14
2026-09-29 10:57:58.863|DEBUG|ArtifactScraper|Parsing artifact substat: energyrecharge+4.5%
2026-09-29 10:57:58.863|DEBUG|ArtifactScraper|Parsing artifact substat: hp+239(unactivated)
2026-09-29 10:57:58.985|DEBUG|ArtifactScraper|Parsing artifact substat: atk+18
2026-09-29 10:57:58.985|DEBUG|ArtifactScraper|Parsing artifact substat: atk+4.1%
2026-09-29 10:57:58.985|DEBUG|ArtifactScraper|Parsing artifact substat: elementalmastery+16
2026-09-29 10:57:58.985|DEBUG|ArtifactScraper|Parsing artifact substat: hp+209
2026-09-29 10:57:59.253|DEBUG|ArtifactScraper|Parsing artifact substat: critdmg+6.2%
2026-09-29 10:57:59.253|DEBUG|ArtifactScraper|Parsing artifact substat: elementalmastery+19
2026-09-29 10:57:59.253|DEBUG|ArtifactScraper|Parsing artifact substat: critrate+2.7%
2026-09-29 10:57:59.253|DEBUG|ArtifactScraper|Parsing artifact substat: hp+239
2026-09-29 10:57:59.360|DEBUG|ArtifactScraper|Parsing artifact substat: critdmg+7.8%
2026-09-29 10:57:59.360|DEBUG|ArtifactScraper|Parsing artifact substat: hp+4.7%
2026-09-29 10:57:59.360|DEBUG|ArtifactScraper|Parsing artifact substat: hp+209
2026-09-29 10:57:59.360|DEBUG|ArtifactScraper|Parsing artifact substat: elementalmastery+23
2026-09-29 10:57:59.600|DEBUG|ArtifactScraper|Parsing artifact substat: hp+5.3%
2026-09-29 10:57:59.600|DEBUG|ArtifactScraper|Parsing artifact substat: atk+5.3%
2026-09-29 10:57:59.600|DEBUG|ArtifactScraper|Parsing artifact substat: def+21
2026-09-29 10:57:59.600|DEBUG|ArtifactScraper|Parsing artifact substat: def+7.3%
2026-09-29 10:57:59.670|DEBUG|ArtifactScraper|Parsing artifact substat: energyrecharge+5.8%
2026-09-29 10:57:59.670|DEBUG|ArtifactScraper|Parsing artifact substat: def+23
2026-09-29 10:57:59.670|DEBUG|ArtifactScraper|Parsing artifact substat: critdmg+7.8%
2026-09-29 10:57:59.670|DEBUG|ArtifactScraper|Parsing artifact substat: def+7.3%
2026-09-29 10:57:59.976|DEBUG|ArtifactScraper|Parsing artifact substat: def+16
2026-09-29 10:57:59.976|DEBUG|ArtifactScraper|Parsing artifact substat: critdmg+5.4%
2026-09-29 10:57:59.976|DEBUG|ArtifactScraper|Parsing artifact substat: energyrecharge+5.8%
2026-09-29 10:57:59.976|DEBUG|ArtifactScraper|Parsing artifact substat: elementalmastery+21
2026-09-29 10:58:00.053|DEBUG|ArtifactScraper|Parsing artifact substat: energyrecharge+5.8%
2026-09-29 10:58:00.053|DEBUG|ArtifactScraper|Parsing artifact substat: def+7.3%
2026-09-29 10:58:00.053|DEBUG|ArtifactScraper|Parsing artifact substat: critrate+3.5%
2026-09-29 10:58:00.053|DEBUG|ArtifactScraper|Parsing artifact substat: atk+18
2026-09-29 10:58:00.218|DEBUG|ArtifactScraper|Parsing artifact substat: def+23
2026-09-29 10:58:00.218|DEBUG|ArtifactScraper|Parsing artifact substat: atk+5.3%
2026-09-29 10:58:00.218|DEBUG|ArtifactScraper|Parsing artifact substat: atk+19
2026-09-29 10:58:00.218|DEBUG|ArtifactScraper|Parsing artifact substat: hp+269
2026-09-29 10:58:00.329|DEBUG|ArtifactScraper|Parsing artifact substat: hp+269
2026-09-29 10:58:00.329|DEBUG|ArtifactScraper|Parsing artifact substat: critdmg+7.8%
2026-09-29 10:58:00.329|DEBUG|ArtifactScraper|Parsing artifact substat: atk+18
2026-09-29 10:58:00.329|DEBUG|ArtifactScraper|Parsing artifact substat: def+5.8%
2026-09-29 10:58:00.563|DEBUG|ArtifactScraper|Parsing artifact substat: def+23
2026-09-29 10:58:00.563|DEBUG|ArtifactScraper|Parsing artifact substat: critrate+3.1%
2026-09-29 10:58:00.563|DEBUG|ArtifactScraper|Parsing artifact substat: elementalmastery+21
2026-09-29 10:58:00.563|DEBUG|ArtifactScraper|Parsing artifact substat: def+5.8%
2026-09-29 10:58:00.643|DEBUG|ArtifactScraper|Parsing artifact substat: hp+209
2026-09-29 10:58:00.643|DEBUG|ArtifactScraper|Parsing artifact substat: atk+14
2026-09-29 10:58:00.643|DEBUG|ArtifactScraper|Parsing artifact substat: atk+4.7%
2026-09-29 10:58:00.643|DEBUG|ArtifactScraper|Parsing artifact substat: critrate+3.1%
2026-09-29 10:58:00.866|DEBUG|ArtifactScraper|Parsing artifact substat: energyrecharge+4.5%
2026-09-29 10:58:00.866|DEBUG|ArtifactScraper|Parsing artifact substat: hp+4.7%
2026-09-29 10:58:00.866|DEBUG|ArtifactScraper|Parsing artifact substat: def+7.3%
2026-09-29 10:58:00.866|DEBUG|ArtifactScraper|Parsing artifact substat: atk+4.7%
2026-09-29 10:58:01.195|DEBUG|ArtifactScraper|Parsing artifact substat: critdmg+7.8%
2026-09-29 10:58:01.195|DEBUG|ArtifactScraper|Parsing artifact substat: hp+5.8%
2026-09-29 10:58:01.195|DEBUG|ArtifactScraper|Parsing artifact substat: hp+239
2026-09-29 10:58:01.195|DEBUG|ArtifactScraper|Parsing artifact substat: atk+19(unactivated)
2026-09-29 10:58:01.222|DEBUG|ArtifactScraper|Parsing artifact substat: energyrecharge+5.2%
2026-09-29 10:58:01.222|DEBUG|ArtifactScraper|Parsing artifact substat: def+7.3%
2026-09-29 10:58:01.222|DEBUG|ArtifactScraper|Parsing artifact substat: critdmg+5.4%
2026-09-29 10:58:01.222|DEBUG|ArtifactScraper|Parsing artifact substat: elementalmastery+21
2026-09-29 10:58:01.511|DEBUG|ArtifactScraper|Parsing artifact substat: hp+5.8%
2026-09-29 10:58:01.511|DEBUG|ArtifactScraper|Parsing artifact substat: def+23
2026-09-29 10:58:01.511|DEBUG|ArtifactScraper|Parsing artifact substat: hp+269
2026-09-29 10:58:01.511|DEBUG|ArtifactScraper|Parsing artifact substat: elementalmastery+19
2026-09-29 10:58:01.550|DEBUG|ArtifactScraper|Parsing artifact substat: hp+299
2026-09-29 10:58:01.550|DEBUG|ArtifactScraper|Parsing artifact substat: energyrecharge+4.5%
2026-09-29 10:58:01.550|DEBUG|ArtifactScraper|Parsing artifact substat: def+6.6%
2026-09-29 10:58:01.550|DEBUG|ArtifactScraper|Parsing artifact substat: elementalmastery+19
2026-09-29 10:58:01.833|DEBUG|ArtifactScraper|Parsing artifact substat: atk+5.8%
2026-09-29 10:58:01.833|DEBUG|ArtifactScraper|Parsing artifact substat: def+16
2026-09-29 10:58:01.833|DEBUG|ArtifactScraper|Parsing artifact substat: hp+239
2026-09-29 10:58:01.833|DEBUG|ArtifactScraper|Parsing artifact substat: hp+5.8%(unactivated)
2026-09-29 10:58:01.933|DEBUG|ArtifactScraper|Parsing artifact substat: atk+14
2026-09-29 10:58:01.933|DEBUG|ArtifactScraper|Parsing artifact substat: elementalmastery+23
2026-09-29 10:58:01.933|DEBUG|ArtifactScraper|Parsing artifact substat: def+21
2026-09-29 10:58:01.933|DEBUG|ArtifactScraper|Parsing artifact substat: critdmg+5.4%(unactivated)
2026-09-29 10:58:02.229|DEBUG|ArtifactScraper|Parsing artifact substat: energyrecharge+4.5%
2026-09-29 10:58:02.229|DEBUG|ArtifactScraper|Parsing artifact substat: atk+19
2026-09-29 10:58:02.229|DEBUG|ArtifactScraper|Parsing artifact substat: def+16
2026-09-29 10:58:02.229|DEBUG|ArtifactScraper|Parsing artifact substat: def+5.8%(unactivated)
2026-09-29 10:58:02.229|DEBUG|ArtifactScraper|Parsing artifact substat: elementalmastery+16
2026-09-29 10:58:02.229|DEBUG|ArtifactScraper|Parsing artifact substat: hp+239
2026-09-29 10:58:02.229|DEBUG|ArtifactScraper|Parsing artifact substat: hp+5.3%
2026-09-29 10:58:02.229|DEBUG|ArtifactScraper|Parsing artifact substat: def+5.8%(unactivated)
2026-09-29 10:58:02.567|DEBUG|ArtifactScraper|Parsing artifact substat: hp+209
2026-09-29 10:58:02.567|DEBUG|ArtifactScraper|Parsing artifact substat: energyrecharge+4.5%
2026-09-29 10:58:02.567|DEBUG|ArtifactScraper|Parsing artifact substat: def+23
2026-09-29 10:58:02.567|DEBUG|ArtifactScraper|Parsing artifact substat: critdmg+7.8%(unactivated)
2026-09-29 10:58:02.601|DEBUG|ArtifactScraper|Parsing artifact substat: atk+16
2026-09-29 10:58:02.601|DEBUG|ArtifactScraper|Parsing artifact substat: critrate+3.9%
2026-09-29 10:58:02.601|DEBUG|ArtifactScraper|Parsing artifact substat: hp+269
2026-09-29 10:58:02.601|DEBUG|ArtifactScraper|Parsing artifact substat: critdmg+7.0%(unactivated)
2026-09-29 10:58:02.853|DEBUG|ArtifactScraper|Parsing artifact substat: def+21
2026-09-29 10:58:02.853|DEBUG|ArtifactScraper|Parsing artifact substat: atk+4.1%
2026-09-29 10:58:02.853|DEBUG|ArtifactScraper|Parsing artifact substat: hp+5.3%
2026-09-29 10:58:02.853|DEBUG|ArtifactScraper|Parsing artifact substat: atk+16(unactivated)
2026-09-29 10:58:02.943|DEBUG|ArtifactScraper|Parsing artifact substat: def+5.1%
2026-09-29 10:58:02.943|DEBUG|ArtifactScraper|Parsing artifact substat: energyrecharge+5.8%
2026-09-29 10:58:02.943|DEBUG|ArtifactScraper|Parsing artifact substat: hp+209
2026-09-29 10:58:02.943|DEBUG|ArtifactScraper|Parsing artifact substat: elementalmastery+16
2026-09-29 10:58:03.046|DEBUG|ArtifactScraper|Finished queuing page of artifacts. Scrolling...
2026-09-29 10:58:03.238|DEBUG|ArtifactScraper|Parsing artifact substat: def+21
2026-09-29 10:58:03.238|DEBUG|ArtifactScraper|Parsing artifact substat: critrate+2.7%
2026-09-29 10:58:03.238|DEBUG|ArtifactScraper|Parsing artifact substat: energyrecharge+5.2%
2026-09-29 10:58:03.238|DEBUG|ArtifactScraper|Parsing artifact substat: hp+209(unactivated)
2026-09-29 10:58:03.238|DEBUG|ArtifactScraper|Parsing artifact substat: atk+5.3%
2026-09-29 10:58:03.238|DEBUG|ArtifactScraper|Parsing artifact substat: energyrecharge+5.8%
2026-09-29 10:58:03.238|DEBUG|ArtifactScraper|Parsing artifact substat: critdmg+6.2%
2026-09-29 10:58:03.238|DEBUG|ArtifactScraper|Parsing artifact substat: hp+299(unactivated)
2026-09-29 10:58:03.536|DEBUG|ArtifactScraper|Parsing artifact substat: critdmg+7.0%
2026-09-29 10:58:03.536|DEBUG|ArtifactScraper|Parsing artifact substat: def+7.3%
2026-09-29 10:58:03.536|DEBUG|ArtifactScraper|Parsing artifact substat: def+16
2026-09-29 10:58:03.536|DEBUG|ArtifactScraper|Parsing artifact substat: energyrecharge+5.2%
2026-09-29 10:58:05.439|DEBUG|ArtifactScraper|Scanning artifact page 54
2026-09-29 10:58:05.439|DEBUG|ArtifactScraper|Located 32 possible item locations on page.
2026-09-29 10:58:05.910|DEBUG|ArtifactScraper|Parsing artifact substat: hp+209
2026-09-29 10:58:05.910|DEBUG|ArtifactScraper|Parsing artifact substat: def+19
2026-09-29 10:58:05.910|DEBUG|ArtifactScraper|Parsing artifact substat: energyrecharge+5.8%
2026-09-29 10:58:05.910|DEBUG|ArtifactScraper|Parsing artifact substat: critdmg+5.4%(unactivated)
2026-09-29 10:58:06.194|DEBUG|ArtifactScraper|Parsing artifact substat: atk+4.1%
2026-09-29 10:58:06.194|DEBUG|ArtifactScraper|Parsing artifact substat: atk+18
2026-09-29 10:58:06.194|DEBUG|ArtifactScraper|Parsing artifact substat: critrate+2.7%
2026-09-29 10:58:06.194|DEBUG|ArtifactScraper|Parsing artifact substat: def+7.3%(unactivated)
2026-09-29 10:58:06.310|DEBUG|ArtifactScraper|Parsing artifact substat: hp+209
2026-09-29 10:58:06.310|DEBUG|ArtifactScraper|Parsing artifact substat: atk+19
2026-09-29 10:58:06.310|DEBUG|ArtifactScraper|Parsing artifact substat: critrate+3.1%
2026-09-29 10:58:06.310|DEBUG|ArtifactScraper|Parsing artifact substat: def+5.1%(unactivated)
2026-09-29 10:58:06.495|DEBUG|ArtifactScraper|Parsing artifact substat: energyrecharge+4.5%
2026-09-29 10:58:06.495|DEBUG|ArtifactScraper|Parsing artifact substat: critdmg+5.4%
2026-09-29 10:58:06.495|DEBUG|ArtifactScraper|Parsing artifact substat: hp+4.7%
2026-09-29 10:58:06.495|DEBUG|ArtifactScraper|Parsing artifact substat: def+21(unactivated)
2026-09-29 10:58:06.732|DEBUG|ArtifactScraper|Parsing artifact substat: elementalmastery+23
2026-09-29 10:58:06.732|DEBUG|ArtifactScraper|Parsing artifact substat: critdmg+7.8%
2026-09-29 10:58:06.732|DEBUG|ArtifactScraper|Parsing artifact substat: critrate+3.1%
2026-09-29 10:58:06.732|DEBUG|ArtifactScraper|Parsing artifact substat: def+6.6%(unactivated)
2026-09-29 10:58:06.867|DEBUG|ArtifactScraper|Parsing artifact substat: energyrecharge+5.2%
2026-09-29 10:58:06.867|DEBUG|ArtifactScraper|Parsing artifact substat: hp+4.1%
2026-09-29 10:58:06.867|DEBUG|ArtifactScraper|Parsing artifact substat: elementalmastery+16
2026-09-29 10:58:06.867|DEBUG|ArtifactScraper|Parsing artifact substat: hp+299(unactivated)
2026-09-29 10:58:07.128|DEBUG|ArtifactScraper|Parsing artifact substat: atk+16
2026-09-29 10:58:07.128|DEBUG|ArtifactScraper|Parsing artifact substat: elementalmastery+21
2026-09-29 10:58:07.128|DEBUG|ArtifactScraper|Parsing artifact substat: hp+299
2026-09-29 10:58:07.128|DEBUG|ArtifactScraper|Parsing artifact substat: hp+4.1%(unactivated)
2026-09-29 10:58:07.278|DEBUG|ArtifactScraper|Parsing artifact substat: def+6.6%
2026-09-29 10:58:07.278|DEBUG|ArtifactScraper|Parsing artifact substat: def+23
2026-09-29 10:58:07.278|DEBUG|ArtifactScraper|Parsing artifact substat: hp+5.3%
2026-09-29 10:58:07.278|DEBUG|ArtifactScraper|Parsing artifact substat: energyrecharge+5.8%
2026-09-29 10:58:07.498|DEBUG|ArtifactScraper|Parsing artifact substat: def+7.3%
2026-09-29 10:58:07.498|DEBUG|ArtifactScraper|Parsing artifact substat: energyrecharge+5.8%
2026-09-29 10:58:07.498|DEBUG|ArtifactScraper|Parsing artifact substat: elementalmastery+21
2026-09-29 10:58:07.498|DEBUG|ArtifactScraper|Parsing artifact substat: critrate+3.1%(unactivated)
2026-09-29 10:58:07.569|DEBUG|ArtifactScraper|Parsing artifact substat: def+16
2026-09-29 10:58:07.569|DEBUG|ArtifactScraper|Parsing artifact substat: elementalmastery+19
2026-09-29 10:58:07.569|DEBUG|ArtifactScraper|Parsing artifact substat: energyrecharge+4.5%
2026-09-29 10:58:07.569|DEBUG|ArtifactScraper|Parsing artifact substat: atk+14(unactivated)
2026-09-29 10:58:07.895|DEBUG|ArtifactScraper|Parsing artifact substat: critrate+3.5%
2026-09-29 10:58:07.895|DEBUG|ArtifactScraper|Parsing artifact substat: atk+18
2026-09-29 10:58:07.895|DEBUG|ArtifactScraper|Parsing artifact substat: critdmg+7.8%
2026-09-29 10:58:07.895|DEBUG|ArtifactScraper|Parsing artifact substat: hp+299(unactivated)
2026-09-29 10:58:07.952|DEBUG|ArtifactScraper|Parsing artifact substat: def+21
2026-09-29 10:58:07.952|DEBUG|ArtifactScraper|Parsing artifact substat: hp+269
2026-09-29 10:58:07.952|DEBUG|ArtifactScraper|Parsing artifact substat: elementalmastery+19
2026-09-29 10:58:07.952|DEBUG|ArtifactScraper|Parsing artifact substat: def+7.3%(unactivated)
2026-09-29 10:58:08.237|DEBUG|ArtifactScraper|Parsing artifact substat: critrate+2.7%
2026-09-29 10:58:08.237|DEBUG|ArtifactScraper|Parsing artifact substat: hp+209
2026-09-29 10:58:08.237|DEBUG|ArtifactScraper|Parsing artifact substat: def+23
2026-09-29 10:58:08.237|DEBUG|ArtifactScraper|Parsing artifact substat: critdmg+7.8%(unactivated)
2026-09-29 10:58:08.302|DEBUG|ArtifactScraper|Parsing artifact substat: atk+18
2026-09-29 10:58:08.302|DEBUG|ArtifactScraper|Parsing artifact substat: energyrecharge+5.8%
2026-09-29 10:58:08.302|DEBUG|ArtifactScraper|Parsing artifact substat: def+23
2026-09-29 10:58:08.302|DEBUG|ArtifactScraper|Parsing artifact substat: elementalmastery+16
2026-09-29 10:58:08.622|DEBUG|ArtifactScraper|Parsing artifact substat: atk+18
2026-09-29 10:58:08.622|DEBUG|ArtifactScraper|Parsing artifact substat: atk+4.1%
2026-09-29 10:58:08.622|DEBUG|ArtifactScraper|Parsing artifact substat: hp+299
2026-09-29 10:58:08.622|DEBUG|ArtifactScraper|Parsing artifact substat: elementalmastery+21
2026-09-29 10:58:08.654|DEBUG|ArtifactScraper|Parsing artifact substat: atk+18
2026-09-29 10:58:08.654|DEBUG|ArtifactScraper|Parsing artifact substat: def+5.8%
2026-09-29 10:58:08.654|DEBUG|ArtifactScraper|Parsing artifact substat: energyrecharge+5.8%
2026-09-29 10:58:08.654|DEBUG|ArtifactScraper|Parsing artifact substat: elementalmastery+19
2026-09-29 10:58:08.923|DEBUG|ArtifactScraper|Parsing artifact substat: def+5.1%
2026-09-29 10:58:08.923|DEBUG|ArtifactScraper|Parsing artifact substat: atk+5.3%
2026-09-29 10:58:08.923|DEBUG|ArtifactScraper|Parsing artifact substat: hp+239
2026-09-29 10:58:08.923|DEBUG|ArtifactScraper|Parsing artifact substat: def+19
2026-09-29 10:58:09.039|DEBUG|ArtifactScraper|Parsing artifact substat: hp+299
2026-09-29 10:58:09.039|DEBUG|ArtifactScraper|Parsing artifact substat: elementalmastery+19
2026-09-29 10:58:09.039|DEBUG|ArtifactScraper|Parsing artifact substat: energyrecharge+6.5%
2026-09-29 10:58:09.039|DEBUG|ArtifactScraper|Parsing artifact substat: atk+14
2026-09-29 10:58:09.346|DEBUG|ArtifactScraper|Parsing artifact substat: hp+239
2026-09-29 10:58:09.346|DEBUG|ArtifactScraper|Parsing artifact substat: energyrecharge+6.5%
2026-09-29 10:58:09.346|DEBUG|ArtifactScraper|Parsing artifact substat: hp+4.1%
2026-09-29 10:58:09.346|DEBUG|ArtifactScraper|Parsing artifact substat: atk+18
2026-09-29 10:58:09.346|DEBUG|ArtifactScraper|Parsing artifact substat: critdmg+6.2%
2026-09-29 10:58:09.346|DEBUG|ArtifactScraper|Parsing artifact substat: atk+16
2026-09-29 10:58:09.346|DEBUG|ArtifactScraper|Parsing artifact substat: atk+5.3%
2026-09-29 10:58:09.346|DEBUG|ArtifactScraper|Parsing artifact substat: elementalmastery+16
2026-09-29 10:58:09.459|DEBUG|ArtifactScraper|Parsing artifact substat: hp+4.7%
2026-09-29 10:58:09.459|DEBUG|ArtifactScraper|Parsing artifact substat: def+5.8%
2026-09-29 10:58:09.459|DEBUG|ArtifactScraper|Parsing artifact substat: hp+209
2026-09-29 10:58:09.459|DEBUG|ArtifactScraper|Parsing artifact substat: def+16
2026-09-29 10:58:09.769|DEBUG|ArtifactScraper|Parsing artifact substat: def+5.1%
2026-09-29 10:58:09.769|DEBUG|ArtifactScraper|Parsing artifact substat: critrate+2.7%
2026-09-29 10:58:09.769|DEBUG|ArtifactScraper|Parsing artifact substat: energyrecharge+5.8%
2026-09-29 10:58:09.769|DEBUG|ArtifactScraper|Parsing artifact substat: hp+239
2026-09-29 10:58:09.847|DEBUG|ArtifactScraper|Parsing artifact substat: def+16
2026-09-29 10:58:09.847|DEBUG|ArtifactScraper|Parsing artifact substat: energyrecharge+5.2%
2026-09-29 10:58:09.847|DEBUG|ArtifactScraper|Parsing artifact substat: hp+269
2026-09-29 10:58:09.847|DEBUG|ArtifactScraper|Parsing artifact substat: atk+18
2026-09-29 10:58:10.026|DEBUG|ArtifactScraper|Parsing artifact substat: hp+299
2026-09-29 10:58:10.026|DEBUG|ArtifactScraper|Parsing artifact substat: def+7.3%
2026-09-29 10:58:10.026|DEBUG|ArtifactScraper|Parsing artifact substat: atk+18
2026-09-29 10:58:10.026|DEBUG|ArtifactScraper|Parsing artifact substat: energyrecharge+6.5%
2026-09-29 10:58:10.149|DEBUG|ArtifactScraper|Parsing artifact substat: critrate+3.1%
2026-09-29 10:58:10.149|DEBUG|ArtifactScraper|Parsing artifact substat: atk+16
2026-09-29 10:58:10.149|DEBUG|ArtifactScraper|Parsing artifact substat: hp+239
2026-09-29 10:58:10.149|DEBUG|ArtifactScraper|Parsing artifact substat: def+19
2026-09-29 10:58:10.414|DEBUG|ArtifactScraper|Parsing artifact substat: def+23
2026-09-29 10:58:10.414|DEBUG|ArtifactScraper|Parsing artifact substat: hp+209
2026-09-29 10:58:10.414|DEBUG|ArtifactScraper|Parsing artifact substat: energyrecharge+5.2%
2026-09-29 10:58:10.414|DEBUG|ArtifactScraper|Parsing artifact substat: hp+4.1%
2026-09-29 10:58:10.509|DEBUG|ArtifactScraper|Parsing artifact substat: atk+19
2026-09-29 10:58:10.509|DEBUG|ArtifactScraper|Parsing artifact substat: critrate+3.9%
2026-09-29 10:58:10.509|DEBUG|ArtifactScraper|Parsing artifact substat: def+7.3%
2026-09-29 10:58:10.509|DEBUG|ArtifactScraper|Parsing artifact substat: elementalmastery+19
2026-09-29 10:58:10.786|DEBUG|ArtifactScraper|Parsing artifact substat: atk+5.8%
2026-09-29 10:58:10.786|DEBUG|ArtifactScraper|Parsing artifact substat: hp+269
2026-09-29 10:58:10.786|DEBUG|ArtifactScraper|Parsing artifact substat: critrate+3.1%
2026-09-29 10:58:10.786|DEBUG|ArtifactScraper|Parsing artifact substat: def+21
2026-09-29 10:58:10.872|DEBUG|ArtifactScraper|Parsing artifact substat: atk+16
2026-09-29 10:58:10.872|DEBUG|ArtifactScraper|Parsing artifact substat: hp+239
2026-09-29 10:58:10.872|DEBUG|ArtifactScraper|Parsing artifact substat: hp+5.3%
2026-09-29 10:58:10.872|DEBUG|ArtifactScraper|Parsing artifact substat: def+21
2026-09-29 10:58:11.009|DEBUG|ArtifactScraper|Finished queuing page of artifacts. Scrolling...
2026-09-29 10:58:11.106|DEBUG|ArtifactScraper|Parsing artifact substat: elementalmastery+19
2026-09-29 10:58:11.106|DEBUG|ArtifactScraper|Parsing artifact substat: hp+269
2026-09-29 10:58:11.106|DEBUG|ArtifactScraper|Parsing artifact substat: critrate+3.9%
2026-09-29 10:58:11.106|DEBUG|ArtifactScraper|Parsing artifact substat: energyrecharge+4.5%
2026-09-29 10:58:11.209|DEBUG|ArtifactScraper|Parsing artifact substat: atk+4.7%
2026-09-29 10:58:11.209|DEBUG|ArtifactScraper|Parsing artifact substat: elementalmastery+16
2026-09-29 10:58:11.209|DEBUG|ArtifactScraper|Parsing artifact substat: energyrecharge+5.8%
2026-09-29 10:58:11.209|DEBUG|ArtifactScraper|Parsing artifact substat: critdmg+6.2%
2026-09-29 10:58:11.466|DEBUG|ArtifactScraper|Parsing artifact substat: def+19
2026-09-29 10:58:11.466|DEBUG|ArtifactScraper|Parsing artifact substat: hp+299
2026-09-29 10:58:11.466|DEBUG|ArtifactScraper|Parsing artifact substat: critrate+3.9%
2026-09-29 10:58:11.466|DEBUG|ArtifactScraper|Parsing artifact substat: energyrecharge+5.8%
2026-09-29 10:58:13.338|DEBUG|ArtifactScraper|Scanning artifact page 55
2026-09-29 10:58:13.338|DEBUG|ArtifactScraper|Located 32 possible item locations on page.
2026-09-29 10:58:13.760|DEBUG|ArtifactScraper|Parsing artifact substat: def+23
2026-09-29 10:58:13.760|DEBUG|ArtifactScraper|Parsing artifact substat: hp+299
2026-09-29 10:58:13.760|DEBUG|ArtifactScraper|Parsing artifact substat: atk+14
2026-09-29 10:58:13.760|DEBUG|ArtifactScraper|Parsing artifact substat: atk+4.1%
2026-09-29 10:58:14.102|DEBUG|ArtifactScraper|Parsing artifact substat: def+5.1%
2026-09-29 10:58:14.102|DEBUG|ArtifactScraper|Parsing artifact substat: def+21
2026-09-29 10:58:14.102|DEBUG|ArtifactScraper|Parsing artifact substat: elementalmastery+16
2026-09-29 10:58:14.102|DEBUG|ArtifactScraper|Parsing artifact substat: critdmg+5.4%
2026-09-29 10:58:14.170|DEBUG|ArtifactScraper|Parsing artifact substat: critrate+2.7%
2026-09-29 10:58:14.170|DEBUG|ArtifactScraper|Parsing artifact substat: atk+16
2026-09-29 10:58:14.170|DEBUG|ArtifactScraper|Parsing artifact substat: hp+4.7%
2026-09-29 10:58:14.170|DEBUG|ArtifactScraper|Parsing artifact substat: hp+269(unactivated)
2026-09-29 10:58:14.515|DEBUG|ArtifactScraper|Parsing artifact substat: hp+269
2026-09-29 10:58:14.515|DEBUG|ArtifactScraper|Parsing artifact substat: energyrecharge+5.8%
2026-09-29 10:58:14.515|DEBUG|ArtifactScraper|Parsing artifact substat: critrate+2.7%
2026-09-29 10:58:14.515|DEBUG|ArtifactScraper|Parsing artifact substat: hp+5.3%(unactivated)
2026-09-29 10:58:14.584|DEBUG|ArtifactScraper|Parsing artifact substat: critdmg+7.0%
2026-09-29 10:58:14.584|DEBUG|ArtifactScraper|Parsing artifact substat: def+5.1%
2026-09-29 10:58:14.584|DEBUG|ArtifactScraper|Parsing artifact substat: def+16
2026-09-29 10:58:14.584|DEBUG|ArtifactScraper|Parsing artifact substat: elementalmastery+21
2026-09-29 10:58:14.784|DEBUG|ArtifactScraper|Parsing artifact substat: critdmg+7.8%
2026-09-29 10:58:14.784|DEBUG|ArtifactScraper|Parsing artifact substat: atk+5.8%
2026-09-29 10:58:14.784|DEBUG|ArtifactScraper|Parsing artifact substat: hp+5.3%
2026-09-29 10:58:14.784|DEBUG|ArtifactScraper|Parsing artifact substat: hp+209(unactivated)
2026-09-29 10:58:14.919|DEBUG|ArtifactScraper|Parsing artifact substat: hp+269
2026-09-29 10:58:14.919|DEBUG|ArtifactScraper|Parsing artifact substat: energyrecharge+6.5%
2026-09-29 10:58:14.919|DEBUG|ArtifactScraper|Parsing artifact substat: atk+16
2026-09-29 10:58:14.919|DEBUG|ArtifactScraper|Parsing artifact substat: elementalmastery+23
2026-09-29 10:58:15.198|DEBUG|ArtifactScraper|Parsing artifact substat: elementalmastery+23
2026-09-29 10:58:15.198|DEBUG|ArtifactScraper|Parsing artifact substat: def+19
2026-09-29 10:58:15.198|DEBUG|ArtifactScraper|Parsing artifact substat: hp+239
2026-09-29 10:58:15.198|DEBUG|ArtifactScraper|Parsing artifact substat: atk+16(unactivated)
2026-09-29 10:58:15.264|DEBUG|ArtifactScraper|Parsing artifact substat: atk+4.7%
2026-09-29 10:58:15.264|DEBUG|ArtifactScraper|Parsing artifact substat: hp+4.1%
2026-09-29 10:58:15.264|DEBUG|ArtifactScraper|Parsing artifact substat: energyrecharge+5.8%
2026-09-29 10:58:15.264|DEBUG|ArtifactScraper|Parsing artifact substat: def+19(unactivated)
2026-09-29 10:58:15.596|DEBUG|ArtifactScraper|Parsing artifact substat: atk+18
2026-09-29 10:58:15.596|DEBUG|ArtifactScraper|Parsing artifact substat: hp+5.3%
2026-09-29 10:58:15.596|DEBUG|ArtifactScraper|Parsing artifact substat: critrate+2.7%
2026-09-29 10:58:15.596|DEBUG|ArtifactScraper|Parsing artifact substat: def+16(unactivated)
2026-09-29 10:58:15.596|DEBUG|ArtifactScraper|Parsing artifact substat: hp+209
2026-09-29 10:58:15.596|DEBUG|ArtifactScraper|Parsing artifact substat: critrate+2.7%
2026-09-29 10:58:15.596|DEBUG|ArtifactScraper|Parsing artifact substat: atk+14
2026-09-29 10:58:15.596|DEBUG|ArtifactScraper|Parsing artifact substat: def+19(unactivated)
2026-09-29 10:58:15.927|DEBUG|ArtifactScraper|Parsing artifact substat: hp+239
2026-09-29 10:58:15.927|DEBUG|ArtifactScraper|Parsing artifact substat: elementalmastery+16
2026-09-29 10:58:15.927|DEBUG|ArtifactScraper|Parsing artifact substat: def+23
2026-09-29 10:58:15.927|DEBUG|ArtifactScraper|Parsing artifact substat: atk+19(unactivated)
2026-09-29 10:58:15.999|DEBUG|ArtifactScraper|Parsing artifact substat: def+23
2026-09-29 10:58:15.999|DEBUG|ArtifactScraper|Parsing artifact substat: atk+18
2026-09-29 10:58:15.999|DEBUG|ArtifactScraper|Parsing artifact substat: hp+269
2026-09-29 10:58:15.999|DEBUG|ArtifactScraper|Parsing artifact substat: hp+5.8%(unactivated)
2026-09-29 10:58:16.285|DEBUG|ArtifactScraper|Parsing artifact substat: atk+4.1%
2026-09-29 10:58:16.285|DEBUG|ArtifactScraper|Parsing artifact substat: def+19
2026-09-29 10:58:16.285|DEBUG|ArtifactScraper|Parsing artifact substat: energyrecharge+5.2%
2026-09-29 10:58:16.285|DEBUG|ArtifactScraper|Parsing artifact substat: hp+299(unactivated)
2026-09-29 10:58:16.325|DEBUG|ArtifactScraper|Parsing artifact substat: hp+299
2026-09-29 10:58:16.325|DEBUG|ArtifactScraper|Parsing artifact substat: def+21
2026-09-29 10:58:16.325|DEBUG|ArtifactScraper|Parsing artifact substat: hp+5.8%
2026-09-29 10:58:16.325|DEBUG|ArtifactScraper|Parsing artifact substat: critrate+2.7%(unactivated)
2026-09-29 10:58:16.658|DEBUG|ArtifactScraper|Parsing artifact substat: hp+209
2026-09-29 10:58:16.658|DEBUG|ArtifactScraper|Parsing artifact substat: def+23
2026-09-29 10:58:16.658|DEBUG|ArtifactScraper|Parsing artifact substat: hp+5.8%
2026-09-29 10:58:16.658|DEBUG|ArtifactScraper|Parsing artifact substat: elementalmastery+23
2026-09-29 10:58:16.658|DEBUG|ArtifactScraper|Parsing artifact substat: elementalmastery+16
2026-09-29 10:58:16.658|DEBUG|ArtifactScraper|Parsing artifact substat: hp+4.1%
2026-09-29 10:58:16.658|DEBUG|ArtifactScraper|Parsing artifact substat: def+19
2026-09-29 10:58:16.658|DEBUG|ArtifactScraper|Parsing artifact substat: atk+19(unactivated)
2026-09-29 10:58:16.972|DEBUG|ArtifactScraper|Parsing artifact substat: atk+19
2026-09-29 10:58:16.972|DEBUG|ArtifactScraper|Parsing artifact substat: hp+239
2026-09-29 10:58:16.972|DEBUG|ArtifactScraper|Parsing artifact substat: def+23
2026-09-29 10:58:16.972|DEBUG|ArtifactScraper|Parsing artifact substat: hp+5.3%(unactivated)
2026-09-29 10:58:17.061|DEBUG|ArtifactScraper|Parsing artifact substat: def+23
2026-09-29 10:58:17.061|DEBUG|ArtifactScraper|Parsing artifact substat: def+5.1%
2026-09-29 10:58:17.061|DEBUG|ArtifactScraper|Parsing artifact substat: hp+299
2026-09-29 10:58:17.061|DEBUG|ArtifactScraper|Parsing artifact substat: atk+4.1%(unactivated)
2026-09-29 10:58:17.385|DEBUG|ArtifactScraper|Parsing artifact substat: def+21
2026-09-29 10:58:17.385|DEBUG|ArtifactScraper|Parsing artifact substat: hp+269
2026-09-29 10:58:17.385|DEBUG|ArtifactScraper|Parsing artifact substat: atk+18
2026-09-29 10:58:17.385|DEBUG|ArtifactScraper|Parsing artifact substat: def+5.8%(unactivated)
2026-09-29 10:58:17.422|DEBUG|ArtifactScraper|Parsing artifact substat: def+16
2026-09-29 10:58:17.422|DEBUG|ArtifactScraper|Parsing artifact substat: atk+4.7%
2026-09-29 10:58:17.422|DEBUG|ArtifactScraper|Parsing artifact substat: elementalmastery+21
2026-09-29 10:58:17.422|DEBUG|ArtifactScraper|Parsing artifact substat: hp+299(unactivated)
2026-09-29 10:58:17.512|DEBUG|ArtifactScraper|Parsing artifact substat: def+21
2026-09-29 10:58:17.512|DEBUG|ArtifactScraper|Parsing artifact substat: hp+269
2026-09-29 10:58:17.512|DEBUG|ArtifactScraper|Parsing artifact substat: hp+4.7%
2026-09-29 10:58:17.512|DEBUG|ArtifactScraper|Parsing artifact substat: energyrecharge+6.5%
2026-09-29 10:58:17.809|DEBUG|ArtifactScraper|Parsing artifact substat: critdmg+7.8%
2026-09-29 10:58:17.809|DEBUG|ArtifactScraper|Parsing artifact substat: atk+19
2026-09-29 10:58:17.809|DEBUG|ArtifactScraper|Parsing artifact substat: hp+5.3%
2026-09-29 10:58:17.809|DEBUG|ArtifactScraper|Parsing artifact substat: hp+269(unactivated)
2026-09-29 10:58:17.859|DEBUG|ArtifactScraper|Parsing artifact substat: energyrecharge+4.5%
2026-09-29 10:58:17.859|DEBUG|ArtifactScraper|Parsing artifact substat: def+6.6%
2026-09-29 10:58:17.859|DEBUG|ArtifactScraper|Parsing artifact substat: atk+5.8%
2026-09-29 10:58:17.859|DEBUG|ArtifactScraper|Parsing artifact substat: critdmg+6.2%(unactivated)
2026-09-29 10:58:18.198|DEBUG|ArtifactScraper|Parsing artifact substat: def+16
2026-09-29 10:58:18.198|DEBUG|ArtifactScraper|Parsing artifact substat: elementalmastery+16
2026-09-29 10:58:18.198|DEBUG|ArtifactScraper|Parsing artifact substat: hp+299
2026-09-29 10:58:18.198|DEBUG|ArtifactScraper|Parsing artifact substat: atk+4.1%(unactivated)
2026-09-29 10:58:18.207|DEBUG|ArtifactScraper|Parsing artifact substat: atk+16
2026-09-29 10:58:18.207|DEBUG|ArtifactScraper|Parsing artifact substat: elementalmastery+21
2026-09-29 10:58:18.207|DEBUG|ArtifactScraper|Parsing artifact substat: def+6.6%
2026-09-29 10:58:18.207|DEBUG|ArtifactScraper|Parsing artifact substat: critdmg+6.2%(unactivated)
2026-09-29 10:58:18.508|DEBUG|ArtifactScraper|Parsing artifact substat: def+19
2026-09-29 10:58:18.508|DEBUG|ArtifactScraper|Parsing artifact substat: elementalmastery+21
2026-09-29 10:58:18.508|DEBUG|ArtifactScraper|Parsing artifact substat: critrate+3.9%
2026-09-29 10:58:18.508|DEBUG|ArtifactScraper|Parsing artifact substat: hp+299(unactivated)
2026-09-29 10:58:18.588|DEBUG|ArtifactScraper|Parsing artifact substat: def+16
2026-09-29 10:58:18.588|DEBUG|ArtifactScraper|Parsing artifact substat: elementalmastery+21
2026-09-29 10:58:18.588|DEBUG|ArtifactScraper|Parsing artifact substat: atk+19
2026-09-29 10:58:18.588|DEBUG|ArtifactScraper|Parsing artifact substat: critdmg+7.0%(unactivated)
2026-09-29 10:58:18.783|DEBUG|ArtifactScraper|Finished queuing page of artifacts. Scrolling...
2026-09-29 10:58:18.878|DEBUG|ArtifactScraper|Parsing artifact substat: def+23
2026-09-29 10:58:18.878|DEBUG|ArtifactScraper|Parsing artifact substat: elementalmastery+21
2026-09-29 10:58:18.878|DEBUG|ArtifactScraper|Parsing artifact substat: energyrecharge+6.5%
2026-09-29 10:58:18.878|DEBUG|ArtifactScraper|Parsing artifact substat: critrate+2.7%
2026-09-29 10:58:18.878|DEBUG|ArtifactScraper|Parsing artifact substat: elementalmastery+16
2026-09-29 10:58:18.878|DEBUG|ArtifactScraper|Parsing artifact substat: def+19
2026-09-29 10:58:18.878|DEBUG|ArtifactScraper|Parsing artifact substat: hp+239
2026-09-29 10:58:18.878|DEBUG|ArtifactScraper|Parsing artifact substat: atk+19
2026-09-29 10:58:18.990|DEBUG|ArtifactScraper|Parsing artifact substat: critdmg+6.2%
2026-09-29 10:58:18.990|DEBUG|ArtifactScraper|Parsing artifact substat: elementalmastery+16
2026-09-29 10:58:18.990|DEBUG|ArtifactScraper|Parsing artifact substat: atk+14
2026-09-29 10:58:18.990|DEBUG|ArtifactScraper|Parsing artifact substat: critrate+3.1%
2026-09-29 10:58:19.203|DEBUG|ArtifactScraper|Parsing artifact substat: atk+5.8%
2026-09-29 10:58:19.203|DEBUG|ArtifactScraper|Parsing artifact substat: atk+16
2026-09-29 10:58:19.203|DEBUG|ArtifactScraper|Parsing artifact substat: energyrecharge+5.8%
2026-09-29 10:58:19.203|DEBUG|ArtifactScraper|Parsing artifact substat: critrate+3.5%
2026-09-29 10:58:20.775|DEBUG|ArtifactScraper|Scanning artifact page 56
2026-09-29 10:58:20.775|DEBUG|ArtifactScraper|Located 32 possible item locations on page.
2026-09-29 10:58:21.282|DEBUG|ArtifactScraper|Parsing artifact substat: atk+16
2026-09-29 10:58:21.283|DEBUG|ArtifactScraper|Parsing artifact substat: elementalmastery+23
2026-09-29 10:58:21.283|DEBUG|ArtifactScraper|Parsing artifact substat: critdmg+6.2%
2026-09-29 10:58:21.283|DEBUG|ArtifactScraper|Parsing artifact substat: energyrecharge+5.8%
2026-09-29 10:58:21.340|DEBUG|ArtifactScraper|Parsing artifact substat: def+6.6%
2026-09-29 10:58:21.340|DEBUG|ArtifactScraper|Parsing artifact substat: energyrecharge+5.8%
2026-09-29 10:58:21.340|DEBUG|ArtifactScraper|Parsing artifact substat: hp+4.7%
2026-09-29 10:58:21.340|DEBUG|ArtifactScraper|Parsing artifact substat: atk+4.1%
2026-09-29 10:58:21.591|DEBUG|ArtifactScraper|Parsing artifact substat: critdmg+5.4%
2026-09-29 10:58:21.591|DEBUG|ArtifactScraper|Parsing artifact substat: elementalmastery+16
2026-09-29 10:58:21.591|DEBUG|ArtifactScraper|Parsing artifact substat: critrate+3.9%
2026-09-29 10:58:21.591|DEBUG|ArtifactScraper|Parsing artifact substat: energyrecharge+5.8%
2026-09-29 10:58:21.856|DEBUG|ArtifactScraper|Parsing artifact substat: atk+19
2026-09-29 10:58:21.856|DEBUG|ArtifactScraper|Parsing artifact substat: hp+209
2026-09-29 10:58:21.856|DEBUG|ArtifactScraper|Parsing artifact substat: atk+4.7%
2026-09-29 10:58:21.856|DEBUG|ArtifactScraper|Parsing artifact substat: def+23(unactivated)
2026-09-29 10:58:21.924|DEBUG|ArtifactScraper|Parsing artifact substat: critrate+3.9%
2026-09-29 10:58:21.924|DEBUG|ArtifactScraper|Parsing artifact substat: hp+209
2026-09-29 10:58:21.924|DEBUG|ArtifactScraper|Parsing artifact substat: atk+18
2026-09-29 10:58:21.924|DEBUG|ArtifactScraper|Parsing artifact substat: critdmg+6.2%(unactivated)
2026-09-29 10:58:22.200|DEBUG|ArtifactScraper|Parsing artifact substat: def+19
2026-09-29 10:58:22.200|DEBUG|ArtifactScraper|Parsing artifact substat: def+5.1%
2026-09-29 10:58:22.200|DEBUG|ArtifactScraper|Parsing artifact substat: energyrecharge+5.2%
2026-09-29 10:58:22.200|DEBUG|ArtifactScraper|Parsing artifact substat: atk+14(unactivated)
2026-09-29 10:58:22.241|DEBUG|ArtifactScraper|Parsing artifact substat: energyrecharge+5.2%
2026-09-29 10:58:22.241|DEBUG|ArtifactScraper|Parsing artifact substat: elementalmastery+23
2026-09-29 10:58:22.241|DEBUG|ArtifactScraper|Parsing artifact substat: critrate+3.5%
2026-09-29 10:58:22.241|DEBUG|ArtifactScraper|Parsing artifact substat: hp+5.3%(unactivated)
2026-09-29 10:58:22.548|DEBUG|ArtifactScraper|Parsing artifact substat: hp+5.3%
2026-09-29 10:58:22.548|DEBUG|ArtifactScraper|Parsing artifact substat: atk+4.1%
2026-09-29 10:58:22.548|DEBUG|ArtifactScraper|Parsing artifact substat: hp+239
2026-09-29 10:58:22.548|DEBUG|ArtifactScraper|Parsing artifact substat: critdmg+5.4%(unactivated)
2026-09-29 10:58:22.561|DEBUG|ArtifactScraper|Parsing artifact substat: atk+19
2026-09-29 10:58:22.561|DEBUG|ArtifactScraper|Parsing artifact substat: def+23
2026-09-29 10:58:22.561|DEBUG|ArtifactScraper|Parsing artifact substat: critrate+3.5%
2026-09-29 10:58:22.561|DEBUG|ArtifactScraper|Parsing artifact substat: critdmg+5.4%(unactivated)
2026-09-29 10:58:22.868|DEBUG|ArtifactScraper|Parsing artifact substat: critdmg+7.8%
2026-09-29 10:58:22.868|DEBUG|ArtifactScraper|Parsing artifact substat: energyrecharge+4.5%
2026-09-29 10:58:22.868|DEBUG|ArtifactScraper|Parsing artifact substat: hp+4.1%
2026-09-29 10:58:22.868|DEBUG|ArtifactScraper|Parsing artifact substat: hp+269(unactivated)
2026-09-29 10:58:22.881|DEBUG|ArtifactScraper|Parsing artifact substat: atk+19
2026-09-29 10:58:22.881|DEBUG|ArtifactScraper|Parsing artifact substat: critrate+3.5%
2026-09-29 10:58:22.881|DEBUG|ArtifactScraper|Parsing artifact substat: hp+4.1%
2026-09-29 10:58:22.881|DEBUG|ArtifactScraper|Parsing artifact substat: def+21(unactivated)
2026-09-29 10:58:23.182|DEBUG|ArtifactScraper|Parsing artifact substat: critdmg+5.4%
2026-09-29 10:58:23.182|DEBUG|ArtifactScraper|Parsing artifact substat: def+21
2026-09-29 10:58:23.182|DEBUG|ArtifactScraper|Parsing artifact substat: critrate+3.9%
2026-09-29 10:58:23.182|DEBUG|ArtifactScraper|Parsing artifact substat: hp+299(unactivated)
2026-09-29 10:58:23.264|DEBUG|ArtifactScraper|Parsing artifact substat: hp+209
2026-09-29 10:58:23.264|DEBUG|ArtifactScraper|Parsing artifact substat: critrate+2.7%
2026-09-29 10:58:23.264|DEBUG|ArtifactScraper|Parsing artifact substat: elementalmastery+19
2026-09-29 10:58:23.264|DEBUG|ArtifactScraper|Parsing artifact substat: critdmg+6.2%(unactivated)
2026-09-29 10:58:23.507|DEBUG|ArtifactScraper|Parsing artifact substat: atk+19
2026-09-29 10:58:23.507|DEBUG|ArtifactScraper|Parsing artifact substat: elementalmastery+19
2026-09-29 10:58:23.507|DEBUG|ArtifactScraper|Parsing artifact substat: atk+5.3%
2026-09-29 10:58:23.507|DEBUG|ArtifactScraper|Parsing artifact substat: hp+299(unactivated)
2026-09-29 10:58:23.616|DEBUG|ArtifactScraper|Parsing artifact substat: def+16
2026-09-29 10:58:23.616|DEBUG|ArtifactScraper|Parsing artifact substat: energyrecharge+6.5%
2026-09-29 10:58:23.616|DEBUG|ArtifactScraper|Parsing artifact substat: atk+5.8%
2026-09-29 10:58:23.616|DEBUG|ArtifactScraper|Parsing artifact substat: hp+5.8%(unactivated)
2026-09-29 10:58:23.776|DEBUG|ArtifactScraper|Parsing artifact substat: hp+4.1%
2026-09-29 10:58:23.776|DEBUG|ArtifactScraper|Parsing artifact substat: atk+18
2026-09-29 10:58:23.776|DEBUG|ArtifactScraper|Parsing artifact substat: def+21
2026-09-29 10:58:23.776|DEBUG|ArtifactScraper|Parsing artifact substat: elementalmastery+23
2026-09-29 10:58:23.957|DEBUG|ArtifactScraper|Parsing artifact substat: hp+239
2026-09-29 10:58:23.957|DEBUG|ArtifactScraper|Parsing artifact substat: atk+4.7%
2026-09-29 10:58:23.957|DEBUG|ArtifactScraper|Parsing artifact substat: def+5.1%
2026-09-29 10:58:23.957|DEBUG|ArtifactScraper|Parsing artifact substat: atk+19(unactivated)
2026-09-29 10:58:24.096|DEBUG|ArtifactScraper|Parsing artifact substat: hp+4.7%
2026-09-29 10:58:24.096|DEBUG|ArtifactScraper|Parsing artifact substat: atk+4.1%
2026-09-29 10:58:24.096|DEBUG|ArtifactScraper|Parsing artifact substat: atk+18
2026-09-29 10:58:24.096|DEBUG|ArtifactScraper|Parsing artifact substat: critdmg+6.2%(unactivated)
2026-09-29 10:58:24.312|DEBUG|ArtifactScraper|Parsing artifact substat: elementalmastery+16
2026-09-29 10:58:24.312|DEBUG|ArtifactScraper|Parsing artifact substat: def+7.3%
2026-09-29 10:58:24.312|DEBUG|ArtifactScraper|Parsing artifact substat: atk+4.7%
2026-09-29 10:58:24.312|DEBUG|ArtifactScraper|Parsing artifact substat: atk+18(unactivated)
2026-09-29 10:58:24.488|DEBUG|ArtifactScraper|Parsing artifact substat: elementalmastery+16
2026-09-29 10:58:24.488|DEBUG|ArtifactScraper|Parsing artifact substat: hp+5.8%
2026-09-29 10:58:24.488|DEBUG|ArtifactScraper|Parsing artifact substat: energyrecharge+5.2%
2026-09-29 10:58:24.488|DEBUG|ArtifactScraper|Parsing artifact substat: critdmg+6.2%(unactivated)
2026-09-29 10:58:24.579|DEBUG|ArtifactScraper|Parsing artifact substat: hp+209
2026-09-29 10:58:24.579|DEBUG|ArtifactScraper|Parsing artifact substat: hp+4.1%
2026-09-29 10:58:24.579|DEBUG|ArtifactScraper|Parsing artifact substat: atk+16
2026-09-29 10:58:24.579|DEBUG|ArtifactScraper|Parsing artifact substat: def+19
2026-09-29 10:58:24.825|DEBUG|ArtifactScraper|Parsing artifact substat: atk+19
2026-09-29 10:58:24.825|DEBUG|ArtifactScraper|Parsing artifact substat: energyrecharge+5.8%
2026-09-29 10:58:24.825|DEBUG|ArtifactScraper|Parsing artifact substat: hp+269
2026-09-29 10:58:24.825|DEBUG|ArtifactScraper|Parsing artifact substat: critrate+2.7%
2026-09-29 10:58:24.909|DEBUG|ArtifactScraper|Parsing artifact substat: elementalmastery+21
2026-09-29 10:58:24.909|DEBUG|ArtifactScraper|Parsing artifact substat: critrate+3.9%
2026-09-29 10:58:24.909|DEBUG|ArtifactScraper|Parsing artifact substat: def+23
2026-09-29 10:58:24.909|DEBUG|ArtifactScraper|Parsing artifact substat: atk+19
2026-09-29 10:58:25.103|DEBUG|ArtifactScraper|Parsing artifact substat: atk+16
2026-09-29 10:58:25.103|DEBUG|ArtifactScraper|Parsing artifact substat: hp+299
2026-09-29 10:58:25.103|DEBUG|ArtifactScraper|Parsing artifact substat: def+6.6%
2026-09-29 10:58:25.103|DEBUG|ArtifactScraper|Parsing artifact substat: energyrecharge+5.2%
2026-09-29 10:58:25.394|DEBUG|ArtifactScraper|Parsing artifact substat: critrate+2.7%
2026-09-29 10:58:25.394|DEBUG|ArtifactScraper|Parsing artifact substat: def+16
2026-09-29 10:58:25.394|DEBUG|ArtifactScraper|Parsing artifact substat: atk+18
2026-09-29 10:58:25.394|DEBUG|ArtifactScraper|Parsing artifact substat: hp+239
2026-09-29 10:58:25.394|DEBUG|ArtifactScraper|Parsing artifact substat: def+7.3%
2026-09-29 10:58:25.394|DEBUG|ArtifactScraper|Parsing artifact substat: def+16
2026-09-29 10:58:25.394|DEBUG|ArtifactScraper|Parsing artifact substat: hp+299
2026-09-29 10:58:25.394|DEBUG|ArtifactScraper|Parsing artifact substat: atk+19
2026-09-29 10:58:25.735|DEBUG|ArtifactScraper|Parsing artifact substat: def+19
2026-09-29 10:58:25.735|DEBUG|ArtifactScraper|Parsing artifact substat: elementalmastery+21
2026-09-29 10:58:25.735|DEBUG|ArtifactScraper|Parsing artifact substat: critdmg+6.2%
2026-09-29 10:58:25.735|DEBUG|ArtifactScraper|Parsing artifact substat: atk+14
2026-09-29 10:58:25.749|DEBUG|ArtifactScraper|Parsing artifact substat: elementalmastery+23
2026-09-29 10:58:25.749|DEBUG|ArtifactScraper|Parsing artifact substat: def+21
2026-09-29 10:58:25.749|DEBUG|ArtifactScraper|Parsing artifact substat: hp+209
2026-09-29 10:58:25.749|DEBUG|ArtifactScraper|Parsing artifact substat: critdmg+7.8%
2026-09-29 10:58:26.054|DEBUG|ArtifactScraper|Parsing artifact substat: energyrecharge+5.8%
2026-09-29 10:58:26.054|DEBUG|ArtifactScraper|Parsing artifact substat: def+5.1%
2026-09-29 10:58:26.054|DEBUG|ArtifactScraper|Parsing artifact substat: critdmg+6.2%
2026-09-29 10:58:26.054|DEBUG|ArtifactScraper|Parsing artifact substat: def+16
2026-09-29 10:58:26.074|DEBUG|ArtifactScraper|Parsing artifact substat: atk+16
2026-09-29 10:58:26.074|DEBUG|ArtifactScraper|Parsing artifact substat: atk+4.1%
2026-09-29 10:58:26.074|DEBUG|ArtifactScraper|Parsing artifact substat: def+21
2026-09-29 10:58:26.074|DEBUG|ArtifactScraper|Parsing artifact substat: energyrecharge+6.5%
2026-09-29 10:58:26.123|DEBUG|ArtifactScraper|Finished queuing page of artifacts. Scrolling...
2026-09-29 10:58:26.312|DEBUG|ArtifactScraper|Parsing artifact substat: atk+19
2026-09-29 10:58:26.312|DEBUG|ArtifactScraper|Parsing artifact substat: critrate+3.9%
2026-09-29 10:58:26.312|DEBUG|ArtifactScraper|Parsing artifact substat: energyrecharge+5.8%
2026-09-29 10:58:26.312|DEBUG|ArtifactScraper|Parsing artifact substat: def+19
2026-09-29 10:58:26.577|DEBUG|ArtifactScraper|Parsing artifact substat: energyrecharge+5.2%
2026-09-29 10:58:26.577|DEBUG|ArtifactScraper|Parsing artifact substat: hp+299
2026-09-29 10:58:26.577|DEBUG|ArtifactScraper|Parsing artifact substat: def+7.3%
2026-09-29 10:58:26.577|DEBUG|ArtifactScraper|Parsing artifact substat: hp+5.8%
2026-09-29 10:58:28.160|DEBUG|ArtifactScraper|Scanning artifact page 57
2026-09-29 10:58:28.160|DEBUG|ArtifactScraper|Located 32 possible item locations on page.
2026-09-29 10:58:28.695|DEBUG|ArtifactScraper|Parsing artifact substat: energyrecharge+6.5%
2026-09-29 10:58:28.695|DEBUG|ArtifactScraper|Parsing artifact substat: elementalmastery+23
2026-09-29 10:58:28.695|DEBUG|ArtifactScraper|Parsing artifact substat: hp+5.8%
2026-09-29 10:58:28.695|DEBUG|ArtifactScraper|Parsing artifact substat: def+19(unactivated)
2026-09-29 10:58:29.051|DEBUG|ArtifactScraper|Parsing artifact substat: def+23
2026-09-29 10:58:29.051|DEBUG|ArtifactScraper|Parsing artifact substat: elementalmastery+19
2026-09-29 10:58:29.051|DEBUG|ArtifactScraper|Parsing artifact substat: hp+239
2026-09-29 10:58:29.051|DEBUG|ArtifactScraper|Parsing artifact substat: atk+19(unactivated)
2026-09-29 10:58:29.087|DEBUG|ArtifactScraper|Parsing artifact substat: atk+5.3%
2026-09-29 10:58:29.087|DEBUG|ArtifactScraper|Parsing artifact substat: elementalmastery+23
2026-09-29 10:58:29.087|DEBUG|ArtifactScraper|Parsing artifact substat: hp+4.7%
2026-09-29 10:58:29.087|DEBUG|ArtifactScraper|Parsing artifact substat: atk+18(unactivated)
2026-09-29 10:58:29.393|DEBUG|ArtifactScraper|Parsing artifact substat: elementalmastery+21
2026-09-29 10:58:29.393|DEBUG|ArtifactScraper|Parsing artifact substat: atk+14
2026-09-29 10:58:29.393|DEBUG|ArtifactScraper|Parsing artifact substat: hp+299
2026-09-29 10:58:29.393|DEBUG|ArtifactScraper|Parsing artifact substat: def+21(unactivated)
2026-09-29 10:58:29.520|DEBUG|ArtifactScraper|Parsing artifact substat: def+7.3%
2026-09-29 10:58:29.520|DEBUG|ArtifactScraper|Parsing artifact substat: def+16
2026-09-29 10:58:29.520|DEBUG|ArtifactScraper|Parsing artifact substat: elementalmastery+21
2026-09-29 10:58:29.520|DEBUG|ArtifactScraper|Parsing artifact substat: hp+269(unactivated)
2026-09-29 10:58:29.520|DEBUG|ArtifactScraper|Parsing artifact substat: critdmg+7.8%
2026-09-29 10:58:29.520|DEBUG|ArtifactScraper|Parsing artifact substat: hp+299
2026-09-29 10:58:29.520|DEBUG|ArtifactScraper|Parsing artifact substat: atk+16
2026-09-29 10:58:29.520|DEBUG|ArtifactScraper|Parsing artifact substat: elementalmastery+21
2026-09-29 10:58:29.778|DEBUG|ArtifactScraper|Parsing artifact substat: atk+14
2026-09-29 10:58:29.778|DEBUG|ArtifactScraper|Parsing artifact substat: atk+5.3%
2026-09-29 10:58:29.778|DEBUG|ArtifactScraper|Parsing artifact substat: critdmg+7.8%
2026-09-29 10:58:29.778|DEBUG|ArtifactScraper|Parsing artifact substat: elementalmastery+23
2026-09-29 10:58:29.914|DEBUG|ArtifactScraper|Parsing artifact substat: critrate+3.1%
2026-09-29 10:58:29.914|DEBUG|ArtifactScraper|Parsing artifact substat: atk+5.8%
2026-09-29 10:58:29.914|DEBUG|ArtifactScraper|Parsing artifact substat: elementalmastery+19
2026-09-29 10:58:29.914|DEBUG|ArtifactScraper|Parsing artifact substat: def+5.1%(unactivated)
2026-09-29 10:58:30.183|DEBUG|ArtifactScraper|Parsing artifact substat: elementalmastery+23
2026-09-29 10:58:30.183|DEBUG|ArtifactScraper|Parsing artifact substat: energyrecharge+6.5%
2026-09-29 10:58:30.183|DEBUG|ArtifactScraper|Parsing artifact substat: hp+4.7%
2026-09-29 10:58:30.183|DEBUG|ArtifactScraper|Parsing artifact substat: def+21(unactivated)
2026-09-29 10:58:30.289|DEBUG|ArtifactScraper|Parsing artifact substat: atk+18
2026-09-29 10:58:30.289|DEBUG|ArtifactScraper|Parsing artifact substat: elementalmastery+19
2026-09-29 10:58:30.289|DEBUG|ArtifactScraper|Parsing artifact substat: def+21
2026-09-29 10:58:30.289|DEBUG|ArtifactScraper|Parsing artifact substat: def+5.8%(unactivated)
2026-09-29 10:58:30.410|DEBUG|ArtifactScraper|Parsing artifact substat: def+21
2026-09-29 10:58:30.410|DEBUG|ArtifactScraper|Parsing artifact substat: atk+5.8%
2026-09-29 10:58:30.410|DEBUG|ArtifactScraper|Parsing artifact substat: def+5.1%
2026-09-29 10:58:30.410|DEBUG|ArtifactScraper|Parsing artifact substat: hp+269(unactivated)
2026-09-29 10:58:30.537|DEBUG|ArtifactScraper|Parsing artifact substat: atk+19
2026-09-29 10:58:30.537|DEBUG|ArtifactScraper|Parsing artifact substat: def+21
2026-09-29 10:58:30.537|DEBUG|ArtifactScraper|Parsing artifact substat: critrate+3.1%
2026-09-29 10:58:30.537|DEBUG|ArtifactScraper|Parsing artifact substat: hp+269(unactivated)
2026-09-29 10:58:30.756|DEBUG|ArtifactScraper|Parsing artifact substat: hp+299
2026-09-29 10:58:30.756|DEBUG|ArtifactScraper|Parsing artifact substat: energyrecharge+4.5%
2026-09-29 10:58:30.756|DEBUG|ArtifactScraper|Parsing artifact substat: def+5.1%
2026-09-29 10:58:30.756|DEBUG|ArtifactScraper|Parsing artifact substat: hp+4.7%(unactivated)
2026-09-29 10:58:30.854|DEBUG|ArtifactScraper|Parsing artifact substat: def+16
2026-09-29 10:58:30.854|DEBUG|ArtifactScraper|Parsing artifact substat: atk+19
2026-09-29 10:58:30.854|DEBUG|ArtifactScraper|Parsing artifact substat: atk+4.1%
2026-09-29 10:58:30.854|DEBUG|ArtifactScraper|Parsing artifact substat: hp+5.3%(unactivated)
2026-09-29 10:58:31.096|DEBUG|ArtifactScraper|Parsing artifact substat: hp+299
2026-09-29 10:58:31.096|DEBUG|ArtifactScraper|Parsing artifact substat: atk+5.3%
2026-09-29 10:58:31.096|DEBUG|ArtifactScraper|Parsing artifact substat: def+7.3%
2026-09-29 10:58:31.096|DEBUG|ArtifactScraper|Parsing artifact substat: elementalmastery+19
2026-09-29 10:58:31.176|DEBUG|ArtifactScraper|Parsing artifact substat: elementalmastery+16
2026-09-29 10:58:31.176|DEBUG|ArtifactScraper|Parsing artifact substat: hp+269
2026-09-29 10:58:31.176|DEBUG|ArtifactScraper|Parsing artifact substat: def+7.3%
2026-09-29 10:58:31.176|DEBUG|ArtifactScraper|Parsing artifact substat: energyrecharge+6.5%
2026-09-29 10:58:31.460|DEBUG|ArtifactScraper|Parsing artifact substat: hp+299
2026-09-29 10:58:31.460|DEBUG|ArtifactScraper|Parsing artifact substat: energyrecharge+5.8%
2026-09-29 10:58:31.460|DEBUG|ArtifactScraper|Parsing artifact substat: critrate+3.1%
2026-09-29 10:58:31.460|DEBUG|ArtifactScraper|Parsing artifact substat: atk+5.3%(unactivated)
2026-09-29 10:58:31.527|DEBUG|ArtifactScraper|Parsing artifact substat: energyrecharge+5.2%
2026-09-29 10:58:31.527|DEBUG|ArtifactScraper|Parsing artifact substat: atk+4.7%
2026-09-29 10:58:31.527|DEBUG|ArtifactScraper|Parsing artifact substat: atk+14
2026-09-29 10:58:31.527|DEBUG|ArtifactScraper|Parsing artifact substat: def+19(unactivated)
2026-09-29 10:58:31.733|DEBUG|ArtifactScraper|Parsing artifact substat: elementalmastery+19
2026-09-29 10:58:31.733|DEBUG|ArtifactScraper|Parsing artifact substat: hp+5.8%
2026-09-29 10:58:31.733|DEBUG|ArtifactScraper|Parsing artifact substat: atk+5.3%
2026-09-29 10:58:31.733|DEBUG|ArtifactScraper|Parsing artifact substat: hp+269(unactivated)
2026-09-29 10:58:31.878|DEBUG|ArtifactScraper|Parsing artifact substat: critrate+2.7%
2026-09-29 10:58:31.878|DEBUG|ArtifactScraper|Parsing artifact substat: elementalmastery+21
2026-09-29 10:58:31.878|DEBUG|ArtifactScraper|Parsing artifact substat: hp+209
2026-09-29 10:58:31.878|DEBUG|ArtifactScraper|Parsing artifact substat: energyrecharge+5.8%
2026-09-29 10:58:32.077|DEBUG|ArtifactScraper|Parsing artifact substat: hp+4.1%
2026-09-29 10:58:32.077|DEBUG|ArtifactScraper|Parsing artifact substat: energyrecharge+5.8%
2026-09-29 10:58:32.077|DEBUG|ArtifactScraper|Parsing artifact substat: def+7.3%
2026-09-29 10:58:32.077|DEBUG|ArtifactScraper|Parsing artifact substat: elementalmastery+16
2026-09-29 10:58:32.206|DEBUG|ArtifactScraper|Parsing artifact substat: hp+299
2026-09-29 10:58:32.206|DEBUG|ArtifactScraper|Parsing artifact substat: atk+4.7%
2026-09-29 10:58:32.206|DEBUG|ArtifactScraper|Parsing artifact substat: atk+19
2026-09-29 10:58:32.206|DEBUG|ArtifactScraper|Parsing artifact substat: elementalmastery+21
2026-09-29 10:58:32.429|DEBUG|ArtifactScraper|Parsing artifact substat: atk+14
2026-09-29 10:58:32.429|DEBUG|ArtifactScraper|Parsing artifact substat: def+21
2026-09-29 10:58:32.429|DEBUG|ArtifactScraper|Parsing artifact substat: elementalmastery+16
2026-09-29 10:58:32.429|DEBUG|ArtifactScraper|Parsing artifact substat: critdmg+7.8%(unactivated)
2026-09-29 10:58:32.555|DEBUG|ArtifactScraper|Parsing artifact substat: def+5.1%
2026-09-29 10:58:32.555|DEBUG|ArtifactScraper|Parsing artifact substat: critdmg+5.4%
2026-09-29 10:58:32.555|DEBUG|ArtifactScraper|Parsing artifact substat: elementalmastery+23
2026-09-29 10:58:32.555|DEBUG|ArtifactScraper|Parsing artifact substat: atk+14(unactivated)
2026-09-29 10:58:32.767|DEBUG|ArtifactScraper|Parsing artifact substat: def+23
2026-09-29 10:58:32.767|DEBUG|ArtifactScraper|Parsing artifact substat: elementalmastery+23
2026-09-29 10:58:32.767|DEBUG|ArtifactScraper|Parsing artifact substat: def+5.8%
2026-09-29 10:58:32.767|DEBUG|ArtifactScraper|Parsing artifact substat: atk+14(unactivated)
2026-09-29 10:58:32.902|DEBUG|ArtifactScraper|Parsing artifact substat: elementalmastery+23
2026-09-29 10:58:32.902|DEBUG|ArtifactScraper|Parsing artifact substat: hp+209
2026-09-29 10:58:32.902|DEBUG|ArtifactScraper|Parsing artifact substat: critdmg+7.0%
2026-09-29 10:58:32.902|DEBUG|ArtifactScraper|Parsing artifact substat: def+21(unactivated)
2026-09-29 10:58:33.112|DEBUG|ArtifactScraper|Parsing artifact substat: atk+18
2026-09-29 10:58:33.112|DEBUG|ArtifactScraper|Parsing artifact substat: energyrecharge+6.5%
2026-09-29 10:58:33.112|DEBUG|ArtifactScraper|Parsing artifact substat: atk+4.1%
2026-09-29 10:58:33.112|DEBUG|ArtifactScraper|Parsing artifact substat: hp+269(unactivated)
2026-09-29 10:58:33.254|DEBUG|ArtifactScraper|Parsing artifact substat: hp+5.3%
2026-09-29 10:58:33.254|DEBUG|ArtifactScraper|Parsing artifact substat: hp+239
2026-09-29 10:58:33.254|DEBUG|ArtifactScraper|Parsing artifact substat: def+16
2026-09-29 10:58:33.254|DEBUG|ArtifactScraper|Parsing artifact substat: atk+16(unactivated)
2026-09-29 10:58:33.428|DEBUG|ArtifactScraper|Parsing artifact substat: critdmg+5.4%
2026-09-29 10:58:33.428|DEBUG|ArtifactScraper|Parsing artifact substat: elementalmastery+21
2026-09-29 10:58:33.428|DEBUG|ArtifactScraper|Parsing artifact substat: atk+19
2026-09-29 10:58:33.428|DEBUG|ArtifactScraper|Parsing artifact substat: energyrecharge+5.2%
2026-09-29 10:58:33.579|DEBUG|ArtifactScraper|Finished queuing page of artifacts. Scrolling...
2026-09-29 10:58:33.648|DEBUG|ArtifactScraper|Parsing artifact substat: def+7.3%
2026-09-29 10:58:33.648|DEBUG|ArtifactScraper|Parsing artifact substat: def+16
2026-09-29 10:58:33.648|DEBUG|ArtifactScraper|Parsing artifact substat: critdmg+5.4%
2026-09-29 10:58:33.648|DEBUG|ArtifactScraper|Parsing artifact substat: hp+269(unactivated)
2026-09-29 10:58:33.737|DEBUG|ArtifactScraper|Parsing artifact substat: atk+5.8%
2026-09-29 10:58:33.737|DEBUG|ArtifactScraper|Parsing artifact substat: atk+18
2026-09-29 10:58:33.737|DEBUG|ArtifactScraper|Parsing artifact substat: def+5.1%
2026-09-29 10:58:33.737|DEBUG|ArtifactScraper|Parsing artifact substat: energyrecharge+5.2%
2026-09-29 10:58:34.014|DEBUG|ArtifactScraper|Parsing artifact substat: def+5.8%
2026-09-29 10:58:34.014|DEBUG|ArtifactScraper|Parsing artifact substat: elementalmastery+21
2026-09-29 10:58:34.014|DEBUG|ArtifactScraper|Parsing artifact substat: def+19
2026-09-29 10:58:34.014|DEBUG|ArtifactScraper|Parsing artifact substat: critdmg+6.2%(unactivated)
2026-09-29 10:58:35.955|DEBUG|ArtifactScraper|Scanning artifact page 58
2026-09-29 10:58:35.955|DEBUG|ArtifactScraper|Located 32 possible item locations on page.
2026-09-29 10:58:36.409|DEBUG|ArtifactScraper|Parsing artifact substat: def+5.8%
2026-09-29 10:58:36.409|DEBUG|ArtifactScraper|Parsing artifact substat: energyrecharge+5.2%
2026-09-29 10:58:36.409|DEBUG|ArtifactScraper|Parsing artifact substat: hp+239
2026-09-29 10:58:36.409|DEBUG|ArtifactScraper|Parsing artifact substat: atk+18(unactivated)
2026-09-29 10:58:36.622|DEBUG|ArtifactScraper|Parsing artifact substat: atk+18
2026-09-29 10:58:36.622|DEBUG|ArtifactScraper|Parsing artifact substat: hp+239
2026-09-29 10:58:36.622|DEBUG|ArtifactScraper|Parsing artifact substat: elementalmastery+19
2026-09-29 10:58:36.622|DEBUG|ArtifactScraper|Parsing artifact substat: energyrecharge+4.5%
2026-09-29 10:58:36.825|DEBUG|ArtifactScraper|Parsing artifact substat: atk+18
2026-09-29 10:58:36.825|DEBUG|ArtifactScraper|Parsing artifact substat: energyrecharge+5.2%
2026-09-29 10:58:36.825|DEBUG|ArtifactScraper|Parsing artifact substat: elementalmastery+19
2026-09-29 10:58:36.825|DEBUG|ArtifactScraper|Parsing artifact substat: def+5.8%(unactivated)
2026-09-29 10:58:36.947|DEBUG|ArtifactScraper|Parsing artifact substat: hp+239
2026-09-29 10:58:36.947|DEBUG|ArtifactScraper|Parsing artifact substat: critdmg+7.0%
2026-09-29 10:58:36.947|DEBUG|ArtifactScraper|Parsing artifact substat: def+5.8%
2026-09-29 10:58:36.947|DEBUG|ArtifactScraper|Parsing artifact substat: hp+4.7%(unactivated)
2026-09-29 10:58:37.188|DEBUG|ArtifactScraper|Parsing artifact substat: atk+19
2026-09-29 10:58:37.188|DEBUG|ArtifactScraper|Parsing artifact substat: def+21
2026-09-29 10:58:37.188|DEBUG|ArtifactScraper|Parsing artifact substat: hp+299
2026-09-29 10:58:37.188|DEBUG|ArtifactScraper|Parsing artifact substat: atk+5.3%(unactivated)
2026-09-29 10:58:37.354|DEBUG|ArtifactScraper|Parsing artifact substat: hp+209
2026-09-29 10:58:37.354|DEBUG|ArtifactScraper|Parsing artifact substat: def+6.6%
2026-09-29 10:58:37.354|DEBUG|ArtifactScraper|Parsing artifact substat: critrate+3.5%
2026-09-29 10:58:37.354|DEBUG|ArtifactScraper|Parsing artifact substat: elementalmastery+19
2026-09-29 10:58:37.535|DEBUG|ArtifactScraper|Parsing artifact substat: atk+16
2026-09-29 10:58:37.535|DEBUG|ArtifactScraper|Parsing artifact substat: elementalmastery+16
2026-09-29 10:58:37.535|DEBUG|ArtifactScraper|Parsing artifact substat: hp+4.7%
2026-09-29 10:58:37.535|DEBUG|ArtifactScraper|Parsing artifact substat: def+5.8%(unactivated)
2026-09-29 10:58:37.756|DEBUG|ArtifactScraper|Parsing artifact substat: atk+19
2026-09-29 10:58:37.756|DEBUG|ArtifactScraper|Parsing artifact substat: atk+4.1%
2026-09-29 10:58:37.756|DEBUG|ArtifactScraper|Parsing artifact substat: critdmg+7.0%
2026-09-29 10:58:37.756|DEBUG|ArtifactScraper|Parsing artifact substat: critrate+3.9%(unactivated)
2026-09-29 10:58:37.854|DEBUG|ArtifactScraper|Parsing artifact substat: atk+14
2026-09-29 10:58:37.854|DEBUG|ArtifactScraper|Parsing artifact substat: hp+5.8%
2026-09-29 10:58:37.854|DEBUG|ArtifactScraper|Parsing artifact substat: elementalmastery+23
2026-09-29 10:58:37.854|DEBUG|ArtifactScraper|Parsing artifact substat: energyrecharge+5.2%
2026-09-29 10:58:38.182|DEBUG|ArtifactScraper|Parsing artifact substat: def+7.3%
2026-09-29 10:58:38.182|DEBUG|ArtifactScraper|Parsing artifact substat: atk+5.8%
2026-09-29 10:58:38.182|DEBUG|ArtifactScraper|Parsing artifact substat: energyrecharge+6.5%
2026-09-29 10:58:38.182|DEBUG|ArtifactScraper|Parsing artifact substat: critrate+3.5%(unactivated)
2026-09-29 10:58:38.182|DEBUG|ArtifactScraper|Parsing artifact substat: atk+5.3%
2026-09-29 10:58:38.182|DEBUG|ArtifactScraper|Parsing artifact substat: atk+18
2026-09-29 10:58:38.182|DEBUG|ArtifactScraper|Parsing artifact substat: def+6.6%
2026-09-29 10:58:38.182|DEBUG|ArtifactScraper|Parsing artifact substat: def+19(unactivated)
2026-09-29 10:58:38.524|DEBUG|ArtifactScraper|Parsing artifact substat: elementalmastery+16
2026-09-29 10:58:38.524|DEBUG|ArtifactScraper|Parsing artifact substat: def+5.1%
2026-09-29 10:58:38.524|DEBUG|ArtifactScraper|Parsing artifact substat: def+23
2026-09-29 10:58:38.524|DEBUG|ArtifactScraper|Parsing artifact substat: critdmg+7.0%(unactivated)
2026-09-29 10:58:38.625|DEBUG|ArtifactScraper|Parsing artifact substat: atk+16
2026-09-29 10:58:38.625|DEBUG|ArtifactScraper|Parsing artifact substat: critdmg+6.2%
2026-09-29 10:58:38.625|DEBUG|ArtifactScraper|Parsing artifact substat: energyrecharge+6.5%
2026-09-29 10:58:38.625|DEBUG|ArtifactScraper|Parsing artifact substat: def+21(unactivated)
2026-09-29 10:58:38.924|DEBUG|ArtifactScraper|Parsing artifact substat: def+16
2026-09-29 10:58:38.924|DEBUG|ArtifactScraper|Parsing artifact substat: elementalmastery+19
2026-09-29 10:58:38.924|DEBUG|ArtifactScraper|Parsing artifact substat: atk+14
2026-09-29 10:58:38.924|DEBUG|ArtifactScraper|Parsing artifact substat: def+7.3%(unactivated)
2026-09-29 10:58:38.963|DEBUG|ArtifactScraper|Parsing artifact substat: atk+18
2026-09-29 10:58:38.963|DEBUG|ArtifactScraper|Parsing artifact substat: def+19
2026-09-29 10:58:38.963|DEBUG|ArtifactScraper|Parsing artifact substat: energyrecharge+6.5%
2026-09-29 10:58:38.963|DEBUG|ArtifactScraper|Parsing artifact substat: def+5.1%(unactivated)
2026-09-29 10:58:39.167|DEBUG|ArtifactScraper|Parsing artifact substat: critrate+2.7%
2026-09-29 10:58:39.167|DEBUG|ArtifactScraper|Parsing artifact substat: elementalmastery+19
2026-09-29 10:58:39.167|DEBUG|ArtifactScraper|Parsing artifact substat: energyrecharge+5.2%
2026-09-29 10:58:39.167|DEBUG|ArtifactScraper|Parsing artifact substat: def+21(unactivated)
2026-09-29 10:58:39.320|DEBUG|ArtifactScraper|Parsing artifact substat: hp+4.7%
2026-09-29 10:58:39.320|DEBUG|ArtifactScraper|Parsing artifact substat: critdmg+7.0%
2026-09-29 10:58:39.320|DEBUG|ArtifactScraper|Parsing artifact substat: atk+5.3%
2026-09-29 10:58:39.320|DEBUG|ArtifactScraper|Parsing artifact substat: def+7.3%
2026-09-29 10:58:39.370|DEBUG|ArtifactScraper|Parsing artifact substat: hp+4.1%
2026-09-29 10:58:39.370|DEBUG|ArtifactScraper|Parsing artifact substat: critdmg+6.2%
2026-09-29 10:58:39.370|DEBUG|ArtifactScraper|Parsing artifact substat: def+5.8%
2026-09-29 10:58:39.370|DEBUG|ArtifactScraper|Parsing artifact substat: hp+269
2026-09-29 10:58:39.599|DEBUG|ArtifactScraper|Parsing artifact substat: energyrecharge+6.5%
2026-09-29 10:58:39.599|DEBUG|ArtifactScraper|Parsing artifact substat: critrate+3.9%
2026-09-29 10:58:39.599|DEBUG|ArtifactScraper|Parsing artifact substat: hp+209
2026-09-29 10:58:39.599|DEBUG|ArtifactScraper|Parsing artifact substat: hp+5.8%(unactivated)
2026-09-29 10:58:39.731|DEBUG|ArtifactScraper|Parsing artifact substat: elementalmastery+16
2026-09-29 10:58:39.731|DEBUG|ArtifactScraper|Parsing artifact substat: critrate+2.7%
2026-09-29 10:58:39.731|DEBUG|ArtifactScraper|Parsing artifact substat: def+6.6%
2026-09-29 10:58:39.731|DEBUG|ArtifactScraper|Parsing artifact substat: hp+4.1%(unactivated)
2026-09-29 10:58:40.007|DEBUG|ArtifactScraper|Parsing artifact substat: elementalmastery+19
2026-09-29 10:58:40.007|DEBUG|ArtifactScraper|Parsing artifact substat: atk+4.7%
2026-09-29 10:58:40.007|DEBUG|ArtifactScraper|Parsing artifact substat: def+5.1%
2026-09-29 10:58:40.007|DEBUG|ArtifactScraper|Parsing artifact substat: critrate+3.5%(unactivated)
2026-09-29 10:58:40.130|DEBUG|ArtifactScraper|Parsing artifact substat: def+6.6%
2026-09-29 10:58:40.130|DEBUG|ArtifactScraper|Parsing artifact substat: critdmg+5.4%
2026-09-29 10:58:40.130|DEBUG|ArtifactScraper|Parsing artifact substat: hp+4.7%
2026-09-29 10:58:40.130|DEBUG|ArtifactScraper|Parsing artifact substat: hp+299(unactivated)
2026-09-29 10:58:40.315|DEBUG|ArtifactScraper|Parsing artifact substat: hp+239
2026-09-29 10:58:40.315|DEBUG|ArtifactScraper|Parsing artifact substat: critrate+2.7%
2026-09-29 10:58:40.315|DEBUG|ArtifactScraper|Parsing artifact substat: hp+4.1%
2026-09-29 10:58:40.315|DEBUG|ArtifactScraper|Parsing artifact substat: def+21(unactivated)
2026-09-29 10:58:40.415|DEBUG|ArtifactScraper|Parsing artifact substat: hp+5.3%
2026-09-29 10:58:40.415|DEBUG|ArtifactScraper|Parsing artifact substat: critdmg+7.8%
2026-09-29 10:58:40.415|DEBUG|ArtifactScraper|Parsing artifact substat: def+7.3%
2026-09-29 10:58:40.415|DEBUG|ArtifactScraper|Parsing artifact substat: atk+5.8%(unactivated)
2026-09-29 10:58:40.707|DEBUG|ArtifactScraper|Parsing artifact substat: hp+239
2026-09-29 10:58:40.707|DEBUG|ArtifactScraper|Parsing artifact substat: critrate+3.9%
2026-09-29 10:58:40.707|DEBUG|ArtifactScraper|Parsing artifact substat: critdmg+5.4%
2026-09-29 10:58:40.707|DEBUG|ArtifactScraper|Parsing artifact substat: elementalmastery+19
2026-09-29 10:58:40.804|DEBUG|ArtifactScraper|Parsing artifact substat: elementalmastery+21
2026-09-29 10:58:40.804|DEBUG|ArtifactScraper|Parsing artifact substat: def+19
2026-09-29 10:58:40.804|DEBUG|ArtifactScraper|Parsing artifact substat: critdmg+7.8%
2026-09-29 10:58:40.804|DEBUG|ArtifactScraper|Parsing artifact substat: hp+4.1%(unactivated)
2026-09-29 10:58:41.092|DEBUG|ArtifactScraper|Parsing artifact substat: hp+209
2026-09-29 10:58:41.092|DEBUG|ArtifactScraper|Parsing artifact substat: elementalmastery+19
2026-09-29 10:58:41.092|DEBUG|ArtifactScraper|Parsing artifact substat: def+23
2026-09-29 10:58:41.092|DEBUG|ArtifactScraper|Parsing artifact substat: atk+5.3%(unactivated)
2026-09-29 10:58:41.114|DEBUG|ArtifactScraper|Parsing artifact substat: elementalmastery+16
2026-09-29 10:58:41.114|DEBUG|ArtifactScraper|Parsing artifact substat: atk+5.8%
2026-09-29 10:58:41.114|DEBUG|ArtifactScraper|Parsing artifact substat: hp+209
2026-09-29 10:58:41.114|DEBUG|ArtifactScraper|Parsing artifact substat: def+19(unactivated)
2026-09-29 10:58:41.465|DEBUG|ArtifactScraper|Parsing artifact substat: def+21
2026-09-29 10:58:41.465|DEBUG|ArtifactScraper|Parsing artifact substat: hp+5.8%
2026-09-29 10:58:41.465|DEBUG|ArtifactScraper|Parsing artifact substat: def+5.8%
2026-09-29 10:58:41.465|DEBUG|ArtifactScraper|Parsing artifact substat: hp+239(unactivated)
2026-09-29 10:58:41.491|DEBUG|ArtifactScraper|Finished queuing page of artifacts. Scrolling...
2026-09-29 10:58:41.509|DEBUG|ArtifactScraper|Parsing artifact substat: energyrecharge+6.5%
2026-09-29 10:58:41.509|DEBUG|ArtifactScraper|Parsing artifact substat: elementalmastery+21
2026-09-29 10:58:41.509|DEBUG|ArtifactScraper|Parsing artifact substat: hp+209
2026-09-29 10:58:41.509|DEBUG|ArtifactScraper|Parsing artifact substat: def+5.1%(unactivated)
2026-09-29 10:58:41.753|DEBUG|ArtifactScraper|Parsing artifact substat: critrate+3.9%
2026-09-29 10:58:41.753|DEBUG|ArtifactScraper|Parsing artifact substat: def+21
2026-09-29 10:58:41.753|DEBUG|ArtifactScraper|Parsing artifact substat: def+5.8%
2026-09-29 10:58:41.753|DEBUG|ArtifactScraper|Parsing artifact substat: hp+269(unactivated)
2026-09-29 10:58:41.848|DEBUG|ArtifactScraper|Parsing artifact substat: critdmg+6.2%
2026-09-29 10:58:41.848|DEBUG|ArtifactScraper|Parsing artifact substat: critrate+3.5%
2026-09-29 10:58:41.848|DEBUG|ArtifactScraper|Parsing artifact substat: atk+14
2026-09-29 10:58:41.848|DEBUG|ArtifactScraper|Parsing artifact substat: def+19
2026-09-29 10:58:43.860|DEBUG|ArtifactScraper|Scanning artifact page 59
2026-09-29 10:58:43.860|DEBUG|ArtifactScraper|Located 32 possible item locations on page.
2026-09-29 10:58:44.403|DEBUG|ArtifactScraper|Parsing artifact substat: atk+16
2026-09-29 10:58:44.403|DEBUG|ArtifactScraper|Parsing artifact substat: def+16
2026-09-29 10:58:44.403|DEBUG|ArtifactScraper|Parsing artifact substat: hp+299
2026-09-29 10:58:44.403|DEBUG|ArtifactScraper|Parsing artifact substat: hp+4.7%
2026-09-29 10:58:44.542|DEBUG|ArtifactScraper|Parsing artifact substat: def+16
2026-09-29 10:58:44.542|DEBUG|ArtifactScraper|Parsing artifact substat: hp+299
2026-09-29 10:58:44.542|DEBUG|ArtifactScraper|Parsing artifact substat: atk+19
2026-09-29 10:58:44.542|DEBUG|ArtifactScraper|Parsing artifact substat: critdmg+7.0%(unactivated)
2026-09-29 10:58:44.775|DEBUG|ArtifactScraper|Parsing artifact substat: atk+4.7%
2026-09-29 10:58:44.775|DEBUG|ArtifactScraper|Parsing artifact substat: def+19
2026-09-29 10:58:44.775|DEBUG|ArtifactScraper|Parsing artifact substat: hp+4.1%
2026-09-29 10:58:44.775|DEBUG|ArtifactScraper|Parsing artifact substat: def+6.6%(unactivated)
2026-09-29 10:58:44.928|DEBUG|ArtifactScraper|Parsing artifact substat: def+19
2026-09-29 10:58:44.928|DEBUG|ArtifactScraper|Parsing artifact substat: atk+19
2026-09-29 10:58:44.928|DEBUG|ArtifactScraper|Parsing artifact substat: hp+209
2026-09-29 10:58:44.928|DEBUG|ArtifactScraper|Parsing artifact substat: hp+5.8%(unactivated)
2026-09-29 10:58:45.048|DEBUG|ArtifactScraper|Parsing artifact substat: atk+14
2026-09-29 10:58:45.048|DEBUG|ArtifactScraper|Parsing artifact substat: hp+269
2026-09-29 10:58:45.049|DEBUG|ArtifactScraper|Parsing artifact substat: hp+4.7%
2026-09-29 10:58:45.049|DEBUG|ArtifactScraper|Parsing artifact substat: energyrecharge+5.8%
2026-09-29 10:58:45.316|DEBUG|ArtifactScraper|Parsing artifact substat: def+23
2026-09-29 10:58:45.316|DEBUG|ArtifactScraper|Parsing artifact substat: critdmg+5.4%
2026-09-29 10:58:45.316|DEBUG|ArtifactScraper|Parsing artifact substat: hp+4.1%
2026-09-29 10:58:45.316|DEBUG|ArtifactScraper|Parsing artifact substat: atk+16(unactivated)
2026-09-29 10:58:45.424|DEBUG|ArtifactScraper|Parsing artifact substat: atk+16
2026-09-29 10:58:45.424|DEBUG|ArtifactScraper|Parsing artifact substat: atk+4.7%
2026-09-29 10:58:45.424|DEBUG|ArtifactScraper|Parsing artifact substat: critrate+3.9%
2026-09-29 10:58:45.424|DEBUG|ArtifactScraper|Parsing artifact substat: hp+239(unactivated)
2026-09-29 10:58:45.737|DEBUG|ArtifactScraper|Parsing artifact substat: def+23
2026-09-29 10:58:45.737|DEBUG|ArtifactScraper|Parsing artifact substat: elementalmastery+19
2026-09-29 10:58:45.737|DEBUG|ArtifactScraper|Parsing artifact substat: hp+209
2026-09-29 10:58:45.737|DEBUG|ArtifactScraper|Parsing artifact substat: atk+16(unactivated)
2026-09-29 10:58:45.759|DEBUG|ArtifactScraper|Parsing artifact substat: energyrecharge+4.5%
2026-09-29 10:58:45.759|DEBUG|ArtifactScraper|Parsing artifact substat: critrate+3.1%
2026-09-29 10:58:45.759|DEBUG|ArtifactScraper|Parsing artifact substat: atk+4.7%
2026-09-29 10:58:45.759|DEBUG|ArtifactScraper|Parsing artifact substat: def+21(unactivated)
2026-09-29 10:58:46.066|DEBUG|ArtifactScraper|Parsing artifact substat: critdmg+5.4%
2026-09-29 10:58:46.066|DEBUG|ArtifactScraper|Parsing artifact substat: hp+269
2026-09-29 10:58:46.066|DEBUG|ArtifactScraper|Parsing artifact substat: def+23
2026-09-29 10:58:46.066|DEBUG|ArtifactScraper|Parsing artifact substat: elementalmastery+23
2026-09-29 10:58:46.127|DEBUG|ArtifactScraper|Parsing artifact substat: critdmg+7.8%
2026-09-29 10:58:46.127|DEBUG|ArtifactScraper|Parsing artifact substat: def+19
2026-09-29 10:58:46.127|DEBUG|ArtifactScraper|Parsing artifact substat: hp+4.7%
2026-09-29 10:58:46.127|DEBUG|ArtifactScraper|Parsing artifact substat: atk+4.1%
2026-09-29 10:58:46.412|DEBUG|ArtifactScraper|Parsing artifact substat: critdmg+7.8%
2026-09-29 10:58:46.412|DEBUG|ArtifactScraper|Parsing artifact substat: def+6.6%
2026-09-29 10:58:46.412|DEBUG|ArtifactScraper|Parsing artifact substat: def+19
2026-09-29 10:58:46.412|DEBUG|ArtifactScraper|Parsing artifact substat: atk+19
2026-09-29 10:58:46.476|DEBUG|ArtifactScraper|Parsing artifact substat: hp+4.7%
2026-09-29 10:58:46.476|DEBUG|ArtifactScraper|Parsing artifact substat: hp+299
2026-09-29 10:58:46.476|DEBUG|ArtifactScraper|Parsing artifact substat: atk+19
2026-09-29 10:58:46.476|DEBUG|ArtifactScraper|Parsing artifact substat: atk+4.7%(unactivated)
2026-09-29 10:58:46.817|DEBUG|ArtifactScraper|Parsing artifact substat: elementalmastery+16
2026-09-29 10:58:46.817|DEBUG|ArtifactScraper|Parsing artifact substat: atk+18
2026-09-29 10:58:46.817|DEBUG|ArtifactScraper|Parsing artifact substat: critrate+3.1%
2026-09-29 10:58:46.817|DEBUG|ArtifactScraper|Parsing artifact substat: def+23(unactivated)
2026-09-29 10:58:46.854|DEBUG|ArtifactScraper|Parsing artifact substat: elementalmastery+21
2026-09-29 10:58:46.854|DEBUG|ArtifactScraper|Parsing artifact substat: hp+299
2026-09-29 10:58:46.854|DEBUG|ArtifactScraper|Parsing artifact substat: critrate+3.9%
2026-09-29 10:58:46.854|DEBUG|ArtifactScraper|Parsing artifact substat: energyrecharge+6.5%
2026-09-29 10:58:47.233|DEBUG|ArtifactScraper|Parsing artifact substat: energyrecharge+5.8%
2026-09-29 10:58:47.233|DEBUG|ArtifactScraper|Parsing artifact substat: hp+269
2026-09-29 10:58:47.233|DEBUG|ArtifactScraper|Parsing artifact substat: def+19
2026-09-29 10:58:47.233|DEBUG|ArtifactScraper|Parsing artifact substat: atk+4.7%(unactivated)
2026-09-29 10:58:47.306|DEBUG|ArtifactScraper|Parsing artifact substat: def+7.3%
2026-09-29 10:58:47.306|DEBUG|ArtifactScraper|Parsing artifact substat: hp+269
2026-09-29 10:58:47.306|DEBUG|ArtifactScraper|Parsing artifact substat: def+16
2026-09-29 10:58:47.306|DEBUG|ArtifactScraper|Parsing artifact substat: critdmg+7.8%(unactivated)
2026-09-29 10:58:47.330|DEBUG|ArtifactScraper|Parsing artifact substat: def+19
2026-09-29 10:58:47.330|DEBUG|ArtifactScraper|Parsing artifact substat: def+5.8%
2026-09-29 10:58:47.330|DEBUG|ArtifactScraper|Parsing artifact substat: critdmg+5.4%
2026-09-29 10:58:47.330|DEBUG|ArtifactScraper|Parsing artifact substat: hp+5.8%(unactivated)
2026-09-29 10:58:47.636|DEBUG|ArtifactScraper|Parsing artifact substat: atk+19
2026-09-29 10:58:47.636|DEBUG|ArtifactScraper|Parsing artifact substat: hp+209
2026-09-29 10:58:47.636|DEBUG|ArtifactScraper|Parsing artifact substat: atk+4.7%
2026-09-29 10:58:47.636|DEBUG|ArtifactScraper|Parsing artifact substat: def+23(unactivated)
2026-09-29 10:58:47.763|DEBUG|ArtifactScraper|Parsing artifact substat: hp+4.1%
2026-09-29 10:58:47.763|DEBUG|ArtifactScraper|Parsing artifact substat: def+21
2026-09-29 10:58:47.763|DEBUG|ArtifactScraper|Parsing artifact substat: critrate+2.7%
2026-09-29 10:58:47.763|DEBUG|ArtifactScraper|Parsing artifact substat: atk+5.3%(unactivated)
2026-09-29 10:58:48.014|DEBUG|ArtifactScraper|Parsing artifact substat: def+7.3%
2026-09-29 10:58:48.014|DEBUG|ArtifactScraper|Parsing artifact substat: def+23
2026-09-29 10:58:48.014|DEBUG|ArtifactScraper|Parsing artifact substat: hp+299
2026-09-29 10:58:48.014|DEBUG|ArtifactScraper|Parsing artifact substat: hp+5.8%
2026-09-29 10:58:48.059|DEBUG|ArtifactScraper|Parsing artifact substat: def+7.3%
2026-09-29 10:58:48.059|DEBUG|ArtifactScraper|Parsing artifact substat: energyrecharge+4.5%
2026-09-29 10:58:48.059|DEBUG|ArtifactScraper|Parsing artifact substat: hp+269
2026-09-29 10:58:48.059|DEBUG|ArtifactScraper|Parsing artifact substat: atk+19
2026-09-29 10:58:48.184|DEBUG|ArtifactScraper|Parsing artifact substat: atk+16
2026-09-29 10:58:48.184|DEBUG|ArtifactScraper|Parsing artifact substat: hp+269
2026-09-29 10:58:48.184|DEBUG|ArtifactScraper|Parsing artifact substat: def+19
2026-09-29 10:58:48.184|DEBUG|ArtifactScraper|Parsing artifact substat: def+5.8%
2026-09-29 10:58:48.457|DEBUG|ArtifactScraper|Parsing artifact substat: hp+4.7%
2026-09-29 10:58:48.457|DEBUG|ArtifactScraper|Parsing artifact substat: elementalmastery+19
2026-09-29 10:58:48.457|DEBUG|ArtifactScraper|Parsing artifact substat: energyrecharge+6.5%
2026-09-29 10:58:48.457|DEBUG|ArtifactScraper|Parsing artifact substat: hp+299(unactivated)
2026-09-29 10:58:48.569|DEBUG|ArtifactScraper|Parsing artifact substat: hp+239
2026-09-29 10:58:48.569|DEBUG|ArtifactScraper|Parsing artifact substat: atk+18
2026-09-29 10:58:48.569|DEBUG|ArtifactScraper|Parsing artifact substat: atk+4.7%
2026-09-29 10:58:48.569|DEBUG|ArtifactScraper|Parsing artifact substat: def+6.6%(unactivated)
2026-09-29 10:58:48.718|DEBUG|ArtifactScraper|Parsing artifact substat: def+23
2026-09-29 10:58:48.718|DEBUG|ArtifactScraper|Parsing artifact substat: elementalmastery+16
2026-09-29 10:58:48.718|DEBUG|ArtifactScraper|Parsing artifact substat: critrate+3.5%
2026-09-29 10:58:48.718|DEBUG|ArtifactScraper|Parsing artifact substat: energyrecharge+4.5%
2026-09-29 10:58:48.819|DEBUG|ArtifactScraper|Parsing artifact substat: def+23
2026-09-29 10:58:48.819|DEBUG|ArtifactScraper|Parsing artifact substat: hp+299
2026-09-29 10:58:48.819|DEBUG|ArtifactScraper|Parsing artifact substat: hp+5.8%
2026-09-29 10:58:48.819|DEBUG|ArtifactScraper|Parsing artifact substat: atk+5.3%(unactivated)
2026-09-29 10:58:49.082|DEBUG|ArtifactScraper|Parsing artifact substat: critdmg+5.4%
2026-09-29 10:58:49.082|DEBUG|ArtifactScraper|Parsing artifact substat: critrate+3.9%
2026-09-29 10:58:49.082|DEBUG|ArtifactScraper|Parsing artifact substat: atk+19
2026-09-29 10:58:49.082|DEBUG|ArtifactScraper|Parsing artifact substat: atk+4.7%(unactivated)
2026-09-29 10:58:49.169|DEBUG|ArtifactScraper|Parsing artifact substat: energyrecharge+5.2%
2026-09-29 10:58:49.169|DEBUG|ArtifactScraper|Parsing artifact substat: atk+19
2026-09-29 10:58:49.169|DEBUG|ArtifactScraper|Parsing artifact substat: def+19
2026-09-29 10:58:49.169|DEBUG|ArtifactScraper|Parsing artifact substat: hp+209(unactivated)
2026-09-29 10:58:49.333|DEBUG|ArtifactScraper|Finished queuing page of artifacts. Scrolling...
2026-09-29 10:58:49.412|DEBUG|ArtifactScraper|Parsing artifact substat: def+5.1%
2026-09-29 10:58:49.412|DEBUG|ArtifactScraper|Parsing artifact substat: atk+18
2026-09-29 10:58:49.412|DEBUG|ArtifactScraper|Parsing artifact substat: def+21
2026-09-29 10:58:49.412|DEBUG|ArtifactScraper|Parsing artifact substat: hp+299(unactivated)
2026-09-29 10:58:49.517|DEBUG|ArtifactScraper|Parsing artifact substat: energyrecharge+5.8%
2026-09-29 10:58:49.517|DEBUG|ArtifactScraper|Parsing artifact substat: atk+16
2026-09-29 10:58:49.517|DEBUG|ArtifactScraper|Parsing artifact substat: hp+4.7%
2026-09-29 10:58:49.519|DEBUG|ArtifactScraper|Parsing artifact substat: atk+4.7%(unactivated)
2026-09-29 10:58:49.689|DEBUG|ArtifactScraper|Parsing artifact substat: elementalmastery+23
2026-09-29 10:58:49.690|DEBUG|ArtifactScraper|Parsing artifact substat: energyrecharge+5.8%
2026-09-29 10:58:49.690|DEBUG|ArtifactScraper|Parsing artifact substat: critdmg+7.8%
2026-09-29 10:58:49.690|DEBUG|ArtifactScraper|Parsing artifact substat: hp+4.7%(unactivated)
2026-09-29 10:58:51.330|DEBUG|ArtifactScraper|Scanning artifact page 60
2026-09-29 10:58:51.330|DEBUG|ArtifactScraper|Located 32 possible item locations on page.
2026-09-29 10:58:51.806|DEBUG|ArtifactScraper|Parsing artifact substat: elementalmastery+21
2026-09-29 10:58:51.806|DEBUG|ArtifactScraper|Parsing artifact substat: def+23
2026-09-29 10:58:51.806|DEBUG|ArtifactScraper|Parsing artifact substat: hp+299
2026-09-29 10:58:51.806|DEBUG|ArtifactScraper|Parsing artifact substat: critdmg+5.4%(unactivated)
2026-09-29 10:58:51.903|DEBUG|ArtifactScraper|Parsing artifact substat: def+21
2026-09-29 10:58:51.903|DEBUG|ArtifactScraper|Parsing artifact substat: critrate+3.9%
2026-09-29 10:58:51.903|DEBUG|ArtifactScraper|Parsing artifact substat: atk+14
2026-09-29 10:58:51.903|DEBUG|ArtifactScraper|Parsing artifact substat: hp+5.8%(unactivated)
2026-09-29 10:58:52.107|DEBUG|ArtifactScraper|Parsing artifact substat: critrate+3.5%
2026-09-29 10:58:52.107|DEBUG|ArtifactScraper|Parsing artifact substat: energyrecharge+5.8%
2026-09-29 10:58:52.107|DEBUG|ArtifactScraper|Parsing artifact substat: elementalmastery+21
2026-09-29 10:58:52.107|DEBUG|ArtifactScraper|Parsing artifact substat: def+7.3%(unactivated)
2026-09-29 10:58:52.390|DEBUG|ArtifactScraper|Parsing artifact substat: hp+4.7%
2026-09-29 10:58:52.390|DEBUG|ArtifactScraper|Parsing artifact substat: critdmg+7.8%
2026-09-29 10:58:52.390|DEBUG|ArtifactScraper|Parsing artifact substat: def+5.8%
2026-09-29 10:58:52.390|DEBUG|ArtifactScraper|Parsing artifact substat: hp+299(unactivated)
2026-09-29 10:58:52.449|DEBUG|ArtifactScraper|Parsing artifact substat: hp+299
2026-09-29 10:58:52.449|DEBUG|ArtifactScraper|Parsing artifact substat: elementalmastery+19
2026-09-29 10:58:52.449|DEBUG|ArtifactScraper|Parsing artifact substat: critdmg+7.8%
2026-09-29 10:58:52.449|DEBUG|ArtifactScraper|Parsing artifact substat: atk+18(unactivated)
2026-09-29 10:58:52.738|DEBUG|ArtifactScraper|Parsing artifact substat: critdmg+6.2%
2026-09-29 10:58:52.738|DEBUG|ArtifactScraper|Parsing artifact substat: hp+269
2026-09-29 10:58:52.738|DEBUG|ArtifactScraper|Parsing artifact substat: def+6.6%
2026-09-29 10:58:52.738|DEBUG|ArtifactScraper|Parsing artifact substat: critrate+2.7%(unactivated)
2026-09-29 10:58:52.738|DEBUG|ArtifactScraper|Parsing artifact substat: def+6.6%
2026-09-29 10:58:52.738|DEBUG|ArtifactScraper|Parsing artifact substat: def+23
2026-09-29 10:58:52.738|DEBUG|ArtifactScraper|Parsing artifact substat: critrate+3.9%
2026-09-29 10:58:52.738|DEBUG|ArtifactScraper|Parsing artifact substat: hp+269(unactivated)
2026-09-29 10:58:53.011|DEBUG|ArtifactScraper|Parsing artifact substat: energyrecharge+4.5%
2026-09-29 10:58:53.011|DEBUG|ArtifactScraper|Parsing artifact substat: def+7.3%
2026-09-29 10:58:53.011|DEBUG|ArtifactScraper|Parsing artifact substat: atk+5.3%
2026-09-29 10:58:53.011|DEBUG|ArtifactScraper|Parsing artifact substat: def+19(unactivated)
2026-09-29 10:58:53.338|DEBUG|ArtifactScraper|Parsing artifact substat: atk+14
2026-09-29 10:58:53.338|DEBUG|ArtifactScraper|Parsing artifact substat: def+21
2026-09-29 10:58:53.338|DEBUG|ArtifactScraper|Parsing artifact substat: elementalmastery+19
2026-09-29 10:58:53.338|DEBUG|ArtifactScraper|Parsing artifact substat: def+7.3%(unactivated)
2026-09-29 10:58:53.353|DEBUG|ArtifactScraper|Parsing artifact substat: def+21
2026-09-29 10:58:53.353|DEBUG|ArtifactScraper|Parsing artifact substat: elementalmastery+16
2026-09-29 10:58:53.353|DEBUG|ArtifactScraper|Parsing artifact substat: energyrecharge+6.5%
2026-09-29 10:58:53.353|DEBUG|ArtifactScraper|Parsing artifact substat: hp+5.8%(unactivated)
2026-09-29 10:58:53.609|DEBUG|ArtifactScraper|Parsing artifact substat: def+21
2026-09-29 10:58:53.609|DEBUG|ArtifactScraper|Parsing artifact substat: energyrecharge+4.5%
2026-09-29 10:58:53.609|DEBUG|ArtifactScraper|Parsing artifact substat: atk+19
2026-09-29 10:58:53.609|DEBUG|ArtifactScraper|Parsing artifact substat: def+5.8%(unactivated)
2026-09-29 10:58:53.701|DEBUG|ArtifactScraper|Parsing artifact substat: critdmg+7.0%
2026-09-29 10:58:53.701|DEBUG|ArtifactScraper|Parsing artifact substat: elementalmastery+19
2026-09-29 10:58:53.701|DEBUG|ArtifactScraper|Parsing artifact substat: atk+4.1%
2026-09-29 10:58:53.701|DEBUG|ArtifactScraper|Parsing artifact substat: def+23(unactivated)
2026-09-29 10:58:53.946|DEBUG|ArtifactScraper|Parsing artifact substat: def+16
2026-09-29 10:58:53.946|DEBUG|ArtifactScraper|Parsing artifact substat: critdmg+6.2%
2026-09-29 10:58:53.946|DEBUG|ArtifactScraper|Parsing artifact substat: hp+239
2026-09-29 10:58:53.946|DEBUG|ArtifactScraper|Parsing artifact substat: atk+5.8%(unactivated)
2026-09-29 10:58:53.967|DEBUG|ArtifactScraper|Parsing artifact substat: critdmg+6.2%
2026-09-29 10:58:53.967|DEBUG|ArtifactScraper|Parsing artifact substat: atk+4.1%
2026-09-29 10:58:53.967|DEBUG|ArtifactScraper|Parsing artifact substat: def+19
2026-09-29 10:58:53.967|DEBUG|ArtifactScraper|Parsing artifact substat: def+5.1%(unactivated)
2026-09-29 10:58:54.322|DEBUG|ArtifactScraper|Parsing artifact substat: critdmg+5.4%
2026-09-29 10:58:54.322|DEBUG|ArtifactScraper|Parsing artifact substat: critrate+3.9%
2026-09-29 10:58:54.322|DEBUG|ArtifactScraper|Parsing artifact substat: elementalmastery+21
2026-09-29 10:58:54.322|DEBUG|ArtifactScraper|Parsing artifact substat: hp+4.7%(unactivated)
2026-09-29 10:58:54.333|DEBUG|ArtifactScraper|Parsing artifact substat: elementalmastery+23
2026-09-29 10:58:54.333|DEBUG|ArtifactScraper|Parsing artifact substat: atk+4.1%
2026-09-29 10:58:54.333|DEBUG|ArtifactScraper|Parsing artifact substat: critrate+2.7%
2026-09-29 10:58:54.333|DEBUG|ArtifactScraper|Parsing artifact substat: critdmg+5.4%(unactivated)
2026-09-29 10:58:54.593|DEBUG|ArtifactScraper|Parsing artifact substat: energyrecharge+5.2%
2026-09-29 10:58:54.593|DEBUG|ArtifactScraper|Parsing artifact substat: elementalmastery+23
2026-09-29 10:58:54.593|DEBUG|ArtifactScraper|Parsing artifact substat: atk+5.3%
2026-09-29 10:58:54.593|DEBUG|ArtifactScraper|Parsing artifact substat: hp+269
2026-09-29 10:58:54.678|DEBUG|ArtifactScraper|Parsing artifact substat: hp+299
2026-09-29 10:58:54.678|DEBUG|ArtifactScraper|Parsing artifact substat: def+5.8%
2026-09-29 10:58:54.678|DEBUG|ArtifactScraper|Parsing artifact substat: energyrecharge+5.2%
2026-09-29 10:58:54.678|DEBUG|ArtifactScraper|Parsing artifact substat: critrate+3.5%
2026-09-29 10:58:54.959|DEBUG|ArtifactScraper|Parsing artifact substat: def+7.3%
2026-09-29 10:58:54.959|DEBUG|ArtifactScraper|Parsing artifact substat: hp+299
2026-09-29 10:58:54.959|DEBUG|ArtifactScraper|Parsing artifact substat: energyrecharge+4.5%
2026-09-29 10:58:54.959|DEBUG|ArtifactScraper|Parsing artifact substat: elementalmastery+21
2026-09-29 10:58:54.959|DEBUG|ArtifactScraper|Parsing artifact substat: elementalmastery+23
2026-09-29 10:58:54.959|DEBUG|ArtifactScraper|Parsing artifact substat: critdmg+5.4%
2026-09-29 10:58:54.959|DEBUG|ArtifactScraper|Parsing artifact substat: energyrecharge+6.5%
2026-09-29 10:58:54.959|DEBUG|ArtifactScraper|Parsing artifact substat: hp+5.8%
2026-09-29 10:58:55.258|DEBUG|ArtifactScraper|Parsing artifact substat: def+19
2026-09-29 10:58:55.258|DEBUG|ArtifactScraper|Parsing artifact substat: hp+4.1%
2026-09-29 10:58:55.258|DEBUG|ArtifactScraper|Parsing artifact substat: atk+4.1%
2026-09-29 10:58:55.258|DEBUG|ArtifactScraper|Parsing artifact substat: elementalmastery+21
2026-09-29 10:58:55.309|DEBUG|ArtifactScraper|Parsing artifact substat: hp+209
2026-09-29 10:58:55.309|DEBUG|ArtifactScraper|Parsing artifact substat: atk+5.3%
2026-09-29 10:58:55.309|DEBUG|ArtifactScraper|Parsing artifact substat: elementalmastery+21
2026-09-29 10:58:55.309|DEBUG|ArtifactScraper|Parsing artifact substat: def+6.6%(unactivated)
2026-09-29 10:58:55.570|DEBUG|ArtifactScraper|Parsing artifact substat: def+5.8%
2026-09-29 10:58:55.570|DEBUG|ArtifactScraper|Parsing artifact substat: atk+4.7%
2026-09-29 10:58:55.570|DEBUG|ArtifactScraper|Parsing artifact substat: def+23
2026-09-29 10:58:55.570|DEBUG|ArtifactScraper|Parsing artifact substat: hp+239(unactivated)
2026-09-29 10:58:55.599|DEBUG|ArtifactScraper|Parsing artifact substat: energyrecharge+5.8%
2026-09-29 10:58:55.599|DEBUG|ArtifactScraper|Parsing artifact substat: atk+14
2026-09-29 10:58:55.599|DEBUG|ArtifactScraper|Parsing artifact substat: hp+209
2026-09-29 10:58:55.599|DEBUG|ArtifactScraper|Parsing artifact substat: atk+5.3%
2026-09-29 10:58:55.927|DEBUG|ArtifactScraper|Parsing artifact substat: critdmg+7.0%
2026-09-29 10:58:55.927|DEBUG|ArtifactScraper|Parsing artifact substat: atk+14
2026-09-29 10:58:55.927|DEBUG|ArtifactScraper|Parsing artifact substat: hp+269
2026-09-29 10:58:55.927|DEBUG|ArtifactScraper|Parsing artifact substat: elementalmastery+23
2026-09-29 10:58:55.975|DEBUG|ArtifactScraper|Parsing artifact substat: atk+14
2026-09-29 10:58:55.975|DEBUG|ArtifactScraper|Parsing artifact substat: atk+5.8%
2026-09-29 10:58:55.975|DEBUG|ArtifactScraper|Parsing artifact substat: elementalmastery+16
2026-09-29 10:58:55.975|DEBUG|ArtifactScraper|Parsing artifact substat: hp+5.3%(unactivated)
2026-09-29 10:58:56.181|DEBUG|ArtifactScraper|Parsing artifact substat: hp+5.3%
2026-09-29 10:58:56.181|DEBUG|ArtifactScraper|Parsing artifact substat: def+19
2026-09-29 10:58:56.181|DEBUG|ArtifactScraper|Parsing artifact substat: hp+239
2026-09-29 10:58:56.181|DEBUG|ArtifactScraper|Parsing artifact substat: critdmg+6.2%(unactivated)
2026-09-29 10:58:56.346|DEBUG|ArtifactScraper|Parsing artifact substat: atk+14
2026-09-29 10:58:56.346|DEBUG|ArtifactScraper|Parsing artifact substat: critrate+3.9%
2026-09-29 10:58:56.346|DEBUG|ArtifactScraper|Parsing artifact substat: elementalmastery+23
2026-09-29 10:58:56.346|DEBUG|ArtifactScraper|Parsing artifact substat: hp+5.8%(unactivated)
2026-09-29 10:58:56.545|DEBUG|ArtifactScraper|Parsing artifact substat: atk+19
2026-09-29 10:58:56.545|DEBUG|ArtifactScraper|Parsing artifact substat: def+5.8%
2026-09-29 10:58:56.545|DEBUG|ArtifactScraper|Parsing artifact substat: energyrecharge+6.5%
2026-09-29 10:58:56.545|DEBUG|ArtifactScraper|Parsing artifact substat: atk+5.3%(unactivated)
2026-09-29 10:58:56.659|DEBUG|ArtifactScraper|Finished queuing page of artifacts. Scrolling...
2026-09-29 10:58:56.697|DEBUG|ArtifactScraper|Parsing artifact substat: hp+299
2026-09-29 10:58:56.697|DEBUG|ArtifactScraper|Parsing artifact substat: hp+5.3%
2026-09-29 10:58:56.697|DEBUG|ArtifactScraper|Parsing artifact substat: atk+18
2026-09-29 10:58:56.697|DEBUG|ArtifactScraper|Parsing artifact substat: def+5.8%(unactivated)
2026-09-29 10:58:56.820|DEBUG|ArtifactScraper|Parsing artifact substat: critrate+2.7%
2026-09-29 10:58:56.820|DEBUG|ArtifactScraper|Parsing artifact substat: energyrecharge+6.5%
2026-09-29 10:58:56.820|DEBUG|ArtifactScraper|Parsing artifact substat: atk+19
2026-09-29 10:58:56.820|DEBUG|ArtifactScraper|Parsing artifact substat: hp+5.3%(unactivated)
2026-09-29 10:58:57.025|DEBUG|ArtifactScraper|Parsing artifact substat: critdmg+6.2%
2026-09-29 10:58:57.025|DEBUG|ArtifactScraper|Parsing artifact substat: def+5.1%
2026-09-29 10:58:57.025|DEBUG|ArtifactScraper|Parsing artifact substat: hp+5.8%
2026-09-29 10:58:57.025|DEBUG|ArtifactScraper|Parsing artifact substat: atk+14(unactivated)
2026-09-29 10:58:57.258|DEBUG|ArtifactScraper|Scrolled back one
2026-09-29 10:58:58.660|DEBUG|ArtifactScraper|Scanning artifact page 61
2026-09-29 10:58:58.660|DEBUG|ArtifactScraper|Located 32 possible item locations on page.
2026-09-29 10:58:59.076|DEBUG|ArtifactScraper|Parsing artifact substat: atk+14
2026-09-29 10:58:59.076|DEBUG|ArtifactScraper|Parsing artifact substat: critrate+3.9%
2026-09-29 10:58:59.076|DEBUG|ArtifactScraper|Parsing artifact substat: elementalmastery+19
2026-09-29 10:58:59.076|DEBUG|ArtifactScraper|Parsing artifact substat: def+19
2026-09-29 10:58:59.375|DEBUG|ArtifactScraper|Parsing artifact substat: def+19
2026-09-29 10:58:59.375|DEBUG|ArtifactScraper|Parsing artifact substat: hp+239
2026-09-29 10:58:59.375|DEBUG|ArtifactScraper|Parsing artifact substat: elementalmastery+19
2026-09-29 10:58:59.375|DEBUG|ArtifactScraper|Parsing artifact substat: energyrecharge+4.5%
2026-09-29 10:58:59.500|DEBUG|ArtifactScraper|Parsing artifact substat: atk+4.7%
2026-09-29 10:58:59.500|DEBUG|ArtifactScraper|Parsing artifact substat: energyrecharge+4.5%
2026-09-29 10:58:59.500|DEBUG|ArtifactScraper|Parsing artifact substat: hp+209
2026-09-29 10:58:59.500|DEBUG|ArtifactScraper|Parsing artifact substat: critdmg+6.2%(unactivated)
2026-09-29 10:58:59.735|DEBUG|ArtifactScraper|Parsing artifact substat: energyrecharge+6.5%
2026-09-29 10:58:59.735|DEBUG|ArtifactScraper|Parsing artifact substat: hp+269
2026-09-29 10:58:59.735|DEBUG|ArtifactScraper|Parsing artifact substat: atk+18
2026-09-29 10:58:59.735|DEBUG|ArtifactScraper|Parsing artifact substat: hp+5.3%(unactivated)
2026-09-29 10:58:59.814|DEBUG|ArtifactScraper|Parsing artifact substat: energyrecharge+4.5%
2026-09-29 10:58:59.814|DEBUG|ArtifactScraper|Parsing artifact substat: hp+5.8%
2026-09-29 10:58:59.814|DEBUG|ArtifactScraper|Parsing artifact substat: critdmg+7.0%
2026-09-29 10:58:59.814|DEBUG|ArtifactScraper|Parsing artifact substat: def+19(unactivated)
2026-09-29 10:59:00.102|DEBUG|ArtifactScraper|Parsing artifact substat: atk+16
2026-09-29 10:59:00.102|DEBUG|ArtifactScraper|Parsing artifact substat: hp+5.3%
2026-09-29 10:59:00.102|DEBUG|ArtifactScraper|Parsing artifact substat: critrate+3.1%
2026-09-29 10:59:00.102|DEBUG|ArtifactScraper|Parsing artifact substat: hp+269(unactivated)
2026-09-29 10:59:00.120|DEBUG|ArtifactScraper|Parsing artifact substat: hp+4.1%
2026-09-29 10:59:00.120|DEBUG|ArtifactScraper|Parsing artifact substat: hp+269
2026-09-29 10:59:00.120|DEBUG|ArtifactScraper|Parsing artifact substat: critdmg+5.4%
2026-09-29 10:59:00.120|DEBUG|ArtifactScraper|Parsing artifact substat: def+21(unactivated)
2026-09-29 10:59:00.414|DEBUG|ArtifactScraper|Parsing artifact substat: critrate+2.7%
2026-09-29 10:59:00.414|DEBUG|ArtifactScraper|Parsing artifact substat: hp+4.1%
2026-09-29 10:59:00.414|DEBUG|ArtifactScraper|Parsing artifact substat: energyrecharge+6.5%
2026-09-29 10:59:00.414|DEBUG|ArtifactScraper|Parsing artifact substat: atk+18
2026-09-29 10:59:00.446|DEBUG|ArtifactScraper|Parsing artifact substat: critdmg+6.2%
2026-09-29 10:59:00.446|DEBUG|ArtifactScraper|Parsing artifact substat: critrate+3.9%
2026-09-29 10:59:00.446|DEBUG|ArtifactScraper|Parsing artifact substat: atk+18
2026-09-29 10:59:00.446|DEBUG|ArtifactScraper|Parsing artifact substat: hp+209(unactivated)
2026-09-29 10:59:00.688|DEBUG|ArtifactScraper|Parsing artifact substat: def+19
2026-09-29 10:59:00.688|DEBUG|ArtifactScraper|Parsing artifact substat: critrate+2.7%
2026-09-29 10:59:00.689|DEBUG|ArtifactScraper|Parsing artifact substat: hp+239
2026-09-29 10:59:00.689|DEBUG|ArtifactScraper|Parsing artifact substat: atk+18
2026-09-29 10:59:00.910|DEBUG|ArtifactScraper|Parsing artifact substat: uef+137
2026-09-29 10:59:00.910|DEBUG|ArtifactScraper|Failed to parse stat from: uef+137
2026-09-29 10:59:01.056|DEBUG|ArtifactScraper|Parsing artifact substat: uef+o.8570
2026-09-29 10:59:01.056|DEBUG|ArtifactScraper|Failed to parse stat from: uef+o.8570
2026-09-29 10:59:01.294|DEBUG|ArtifactScraper|Parsing artifact substat: hf+9./70
2026-09-29 10:59:01.294|DEBUG|ArtifactScraper|Failed to parse stat from: hf+9./70
2026-09-29 10:59:01.484|DEBUG|ArtifactScraper|Parsing artifact substat: lch11rate+o.l7o
2026-09-29 10:59:01.484|DEBUG|ArtifactScraper|Failed to parse stat from: lch11rate+o.l7o
2026-09-29 10:59:01.679|DEBUG|ArtifactScraper|Parsing artifact substat: elementalimastery+/17
2026-09-29 10:59:02.023|DEBUG|ArtifactScraper|Parsing artifact substat: atr+i11
2026-09-29 10:59:02.023|DEBUG|ArtifactScraper|Failed to parse stat from: atr+i11
2026-09-29 10:59:02.295|DEBUG|ArtifactScraper|Parsing artifact substat: energyreccharge+o.<7o
2026-09-29 10:59:02.545|DEBUG|ArtifactScraper|Parsing artifact substat: uef+o.8570
2026-09-29 10:59:02.545|DEBUG|ArtifactScraper|Failed to parse stat from: uef+o.8570
2026-09-29 10:59:02.659|DEBUG|ArtifactScraper|Parsing artifact substat: alr+4./70
2026-09-29 10:59:02.659|DEBUG|ArtifactScraper|Failed to parse stat from: alr+4./70
2026-09-29 10:59:02.823|DEBUG|ArtifactScraper|Parsing artifact substat: he+171
2026-09-29 10:59:02.932|DEBUG|ArtifactScraper|Parsing artifact substat: lhr11umb+o.u7o
2026-09-29 10:59:02.932|DEBUG|ArtifactScraper|Failed to parse stat from: lhr11umb+o.u7o
2026-09-29 10:59:02.932|DEBUG|ArtifactScraper|Parsing artifact substat: hp+3.3%
2026-09-29 10:59:03.055|DEBUG|ArtifactScraper|Parsing artifact substat: atk+2.8%
2026-09-29 10:59:03.195|DEBUG|ArtifactScraper|Parsing artifact substat: def+3.5%
2026-09-29 10:59:03.195|DEBUG|ArtifactScraper|Parsing artifact substat: def+10
2026-09-29 10:59:03.281|DEBUG|ArtifactScraper|Parsing artifact substat: def+11
2026-09-29 10:59:03.571|DEBUG|ArtifactScraper|Parsing artifact substat: elementalmastery+14
2026-09-29 10:59:03.571|DEBUG|ArtifactScraper|Parsing artifact substat: hp+115
2026-09-29 10:59:03.644|DEBUG|ArtifactScraper|Parsing artifact substat: atk+2.8%
2026-09-29 10:59:03.986|DEBUG|ArtifactScraper|Parsing artifact substat: energyrecharge+2.7%
2026-09-29 10:59:04.014|DEBUG|ArtifactScraper|Parsing artifact substat: hp+129
2026-09-29 10:59:04.014|DEBUG|ArtifactScraper|Parsing artifact substat: def+9
2026-09-29 10:59:04.195|DEBUG|ArtifactScraper|Finished queuing page of artifacts. Scrolling...
2026-09-29 10:59:04.254|DEBUG|ArtifactScraper|Parsing artifact substat: critrate+2.3%
2026-09-29 10:59:04.375|DEBUG|ArtifactScraper|Parsing artifact substat: hp+129
2026-09-29 10:59:04.587|DEBUG|ArtifactScraper|Parsing artifact substat: def+8
2026-09-29 10:59:06.297|DEBUG|ArtifactScraper|Scanning artifact page 62
2026-09-29 10:59:06.297|DEBUG|ArtifactScraper|Located 32 possible item locations on page.
2026-09-29 10:59:06.752|DEBUG|ArtifactScraper|Parsing artifact substat: def+3.9%
2026-09-29 10:59:06.922|DEBUG|ArtifactScraper|Parsing artifact substat: def+3.1%
2026-09-29 10:59:06.922|DEBUG|ArtifactScraper|Parsing artifact substat: atk+3.2%
2026-09-29 10:59:07.137|DEBUG|ArtifactScraper|Parsing artifact substat: def+3.9%
2026-09-29 10:59:07.325|DEBUG|ArtifactScraper|Parsing artifact substat: critdmg+3.3%
2026-09-29 10:59:07.509|DEBUG|ArtifactScraper|Parsing artifact substat: def+11
2026-09-29 10:59:07.509|DEBUG|ArtifactScraper|Parsing artifact substat: critrate+2.1%
2026-09-29 10:59:07.748|DEBUG|ArtifactScraper|Parsing artifact substat: elementalmastery+11
2026-09-29 10:59:07.748|DEBUG|ArtifactScraper|Parsing artifact substat: critrate+2.1%
2026-09-29 10:59:07.864|DEBUG|ArtifactScraper|Parsing artifact substat: critrate+2.1%
2026-09-29 10:59:08.147|DEBUG|ArtifactScraper|Parsing artifact substat: atk+2.8%
2026-09-29 10:59:08.147|DEBUG|ArtifactScraper|Parsing artifact substat: def+8
2026-09-29 10:59:08.189|DEBUG|ArtifactScraper|Parsing artifact substat: def+8
2026-09-29 10:59:08.189|DEBUG|ArtifactScraper|Parsing artifact substat: elementalmastery+13
2026-09-29 10:59:08.558|DEBUG|ArtifactScraper|Parsing artifact substat: hp+3.2%
2026-09-29 10:59:08.575|DEBUG|ArtifactScraper|Parsing artifact substat: def+4.4%
2026-09-29 10:59:08.861|INFO|ArtifactScraper|Stopping artifact scan based on scans queued (1967 of 1967)
2026-09-29 10:59:08.870|DEBUG|ArtifactScraper|Parsing artifact substat: hp+2.5%
2026-09-29 10:59:10.880|INFO|InventoryKamera|Done scanning artifacts
2026-09-29 10:59:10.880|INFO|InventoryKamera|Scanning characters...
2026-09-29 10:59:10.880|DEBUG|InventoryKamera|Thread 11 exit
2026-09-29 10:59:10.896|DEBUG|InventoryKamera|Thread 9 exit
2026-09-29 10:59:10.943|DEBUG|InventoryKamera|Thread 10 exit
2026-09-29 10:59:15.102|DEBUG|CharacterScraper|Scanned character name as Sandrone with element Cryo
2026-09-29 10:59:15.143|DEBUG|CharacterScraper|Scanned character level as Level 90 / 90
2026-09-29 10:59:15.143|DEBUG|CharacterScraper|Filtered scanned text to 90/90
2026-09-29 10:59:15.143|DEBUG|CharacterScraper|Parsed character level as 90
2026-09-29 10:59:15.143|INFO|CharacterScraper|Sandrone Level: 90
2026-09-29 10:59:15.143|INFO|CharacterScraper|Sandrone Ascended: False
2026-09-29 10:59:16.721|INFO|CharacterScraper|Sandrone Constellation: 0
2026-09-29 10:59:19.174|INFO|CharacterScraper|Sandrone Talents: {auto=10, skill=7, burst=8}
2026-09-29 10:59:19.434|INFO|CharacterScraper|Scanned Sandrone successfully
2026-09-29 10:59:20.946|DEBUG|CharacterScraper|Scanned character name as Odette with element Cryo
2026-09-29 10:59:20.968|DEBUG|CharacterScraper|Scanned character level as Level 90 / 90 *
2026-09-29 10:59:20.968|DEBUG|CharacterScraper|Filtered scanned text to 90/90
2026-09-29 10:59:20.972|DEBUG|CharacterScraper|Parsed character level as 90
2026-09-29 10:59:20.972|INFO|CharacterScraper|Odette Level: 90
2026-09-29 10:59:20.972|INFO|CharacterScraper|Odette Ascended: False
2026-09-29 10:59:22.521|INFO|CharacterScraper|Odette Constellation: 0
2026-09-29 10:59:24.911|INFO|CharacterScraper|Odette Talents: {auto=6, skill=9, burst=8}
2026-09-29 10:59:25.172|INFO|CharacterScraper|Scanned Odette successfully
2026-09-29 10:59:26.680|DEBUG|CharacterScraper|Scanned character name as KukiShinobu with element Electro
2026-09-29 10:59:26.705|DEBUG|CharacterScraper|Scanned character level as Level 90 / 90
2026-09-29 10:59:26.705|DEBUG|CharacterScraper|Filtered scanned text to 90/90
2026-09-29 10:59:26.708|DEBUG|CharacterScraper|Parsed character level as 90
2026-09-29 10:59:26.708|INFO|CharacterScraper|KukiShinobu Level: 90
2026-09-29 10:59:26.708|INFO|CharacterScraper|KukiShinobu Ascended: False
2026-09-29 10:59:30.666|INFO|CharacterScraper|KukiShinobu Constellation: 6
2026-09-29 10:59:33.099|INFO|CharacterScraper|KukiShinobu Talents: {auto=10, skill=13, burst=13}
2026-09-29 10:59:33.363|INFO|CharacterScraper|Scanned KukiShinobu successfully
2026-09-29 10:59:34.883|DEBUG|CharacterScraper|Scanned character name as Furina with element Hydro
2026-09-29 10:59:34.920|DEBUG|CharacterScraper|Scanned character level as Level 90 / 90 °
2026-09-29 10:59:34.920|DEBUG|CharacterScraper|Filtered scanned text to 90/90
2026-09-29 10:59:34.920|DEBUG|CharacterScraper|Parsed character level as 90
2026-09-29 10:59:34.920|INFO|CharacterScraper|Furina Level: 90
2026-09-29 10:59:34.920|INFO|CharacterScraper|Furina Ascended: False
2026-09-29 10:59:36.501|INFO|CharacterScraper|Furina Constellation: 0
2026-09-29 10:59:38.916|INFO|CharacterScraper|Furina Talents: {auto=10, skill=10, burst=10}
2026-09-29 10:59:39.175|INFO|CharacterScraper|Scanned Furina successfully
2026-09-29 10:59:40.716|DEBUG|CharacterScraper|Scanned character name as Alhaitham with element Dendro
2026-09-29 10:59:40.757|DEBUG|CharacterScraper|Scanned character level as Level 90 / 90
2026-09-29 10:59:40.757|DEBUG|CharacterScraper|Filtered scanned text to 90/90
2026-09-29 10:59:40.757|DEBUG|CharacterScraper|Parsed character level as 90
2026-09-29 10:59:40.757|INFO|CharacterScraper|Alhaitham Level: 90
2026-09-29 10:59:40.757|INFO|CharacterScraper|Alhaitham Ascended: False
2026-09-29 10:59:42.800|INFO|CharacterScraper|Alhaitham Constellation: 1
2026-09-29 10:59:45.288|INFO|CharacterScraper|Alhaitham Talents: {auto=10, skill=10, burst=10}
2026-09-29 10:59:45.547|INFO|CharacterScraper|Scanned Alhaitham successfully
2026-09-29 10:59:47.060|DEBUG|CharacterScraper|Scanned character name as Xingqiu with element Hydro
2026-09-29 10:59:47.105|DEBUG|CharacterScraper|Scanned character level as Level 90 / 90
2026-09-29 10:59:47.105|DEBUG|CharacterScraper|Filtered scanned text to 90/90
2026-09-29 10:59:47.105|DEBUG|CharacterScraper|Parsed character level as 90
2026-09-29 10:59:47.105|INFO|CharacterScraper|Xingqiu Level: 90
2026-09-29 10:59:47.105|INFO|CharacterScraper|Xingqiu Ascended: False
2026-09-29 10:59:50.893|INFO|CharacterScraper|Xingqiu Constellation: 6
2026-09-29 10:59:53.269|INFO|CharacterScraper|Xingqiu Talents: {auto=10, skill=13, burst=13}
2026-09-29 10:59:53.530|INFO|CharacterScraper|Scanned Xingqiu successfully
2026-09-29 10:59:55.038|DEBUG|CharacterScraper|Scanned character name as Sucrose with element Anemo
2026-09-29 10:59:55.091|DEBUG|CharacterScraper|Scanned character level as Level 90 / 90)
2026-09-29 10:59:55.091|DEBUG|CharacterScraper|Filtered scanned text to 90/90
2026-09-29 10:59:55.091|DEBUG|CharacterScraper|Parsed character level as 90
2026-09-29 10:59:55.091|INFO|CharacterScraper|Sucrose Level: 90
2026-09-29 10:59:55.091|INFO|CharacterScraper|Sucrose Ascended: False
2026-09-29 10:59:58.871|INFO|CharacterScraper|Sucrose Constellation: 6
2026-09-29 11:00:01.319|INFO|CharacterScraper|Sucrose Talents: {auto=8, skill=10, burst=11}
2026-09-29 11:00:01.578|INFO|CharacterScraper|Scanned Sucrose successfully
2026-09-29 11:00:03.088|DEBUG|GenshinProcesor|Most similar string found for fischli as fischl (85,7142857142857%)
2026-09-29 11:00:03.088|DEBUG|CharacterScraper|Scanned character name as Fischl with element Electro
2026-09-29 11:00:03.138|DEBUG|CharacterScraper|Scanned character level as Level 90 / 90
2026-09-29 11:00:03.138|DEBUG|CharacterScraper|Filtered scanned text to 90/90
2026-09-29 11:00:03.138|DEBUG|CharacterScraper|Parsed character level as 90
2026-09-29 11:00:03.138|INFO|CharacterScraper|Fischl Level: 90
2026-09-29 11:00:03.138|INFO|CharacterScraper|Fischl Ascended: False
2026-09-29 11:00:06.153|INFO|CharacterScraper|Fischl Constellation: 3
2026-09-29 11:00:08.537|INFO|CharacterScraper|Fischl Talents: {auto=8, skill=12, burst=8}
2026-09-29 11:00:08.795|INFO|CharacterScraper|Scanned Fischl successfully
2026-09-29 11:00:10.330|DEBUG|CharacterScraper|Scanned character name as Bennett with element Pyro
2026-09-29 11:00:10.377|DEBUG|CharacterScraper|Scanned character level as Level 90 / 90
2026-09-29 11:00:10.377|DEBUG|CharacterScraper|Filtered scanned text to 90/90
2026-09-29 11:00:10.382|DEBUG|CharacterScraper|Parsed character level as 90
2026-09-29 11:00:10.382|INFO|CharacterScraper|Bennett Level: 90
2026-09-29 11:00:10.382|INFO|CharacterScraper|Bennett Ascended: False
2026-09-29 11:00:14.363|INFO|CharacterScraper|Bennett Constellation: 6
2026-09-29 11:00:16.770|INFO|CharacterScraper|Bennett Talents: {auto=8, skill=12, burst=13}
2026-09-29 11:00:17.029|INFO|CharacterScraper|Scanned Bennett successfully
2026-09-29 11:00:18.537|DEBUG|CharacterScraper|Scanned character name as YumemizukiMizuki with element Anemo
2026-09-29 11:00:18.569|DEBUG|CharacterScraper|Scanned character level as Level 83 / 90 ,
2026-09-29 11:00:18.569|DEBUG|CharacterScraper|Filtered scanned text to 83/90
2026-09-29 11:00:18.569|DEBUG|CharacterScraper|Parsed character level as 83
2026-09-29 11:00:18.569|INFO|CharacterScraper|YumemizukiMizuki Level: 83
2026-09-29 11:00:18.569|INFO|CharacterScraper|YumemizukiMizuki Ascended: True
2026-09-29 11:00:21.012|INFO|CharacterScraper|YumemizukiMizuki Constellation: 2
2026-09-29 11:00:23.387|INFO|CharacterScraper|YumemizukiMizuki Talents: {auto=6, skill=8, burst=8}
2026-09-29 11:00:23.653|INFO|CharacterScraper|Scanned YumemizukiMizuki successfully
2026-09-29 11:00:25.174|DEBUG|CharacterScraper|Scanned character name as Zhongli with element Geo
2026-09-29 11:00:25.213|DEBUG|CharacterScraper|Scanned character level as Level 90 / 90
2026-09-29 11:00:25.213|DEBUG|CharacterScraper|Filtered scanned text to 90/90
2026-09-29 11:00:25.213|DEBUG|CharacterScraper|Parsed character level as 90
2026-09-29 11:00:25.213|INFO|CharacterScraper|Zhongli Level: 90
2026-09-29 11:00:25.213|INFO|CharacterScraper|Zhongli Ascended: False
2026-09-29 11:00:26.763|INFO|CharacterScraper|Zhongli Constellation: 0
2026-09-29 11:00:29.136|INFO|CharacterScraper|Zhongli Talents: {auto=8, skill=10, burst=10}
2026-09-29 11:00:29.392|INFO|CharacterScraper|Scanned Zhongli successfully
2026-09-29 11:00:30.895|DEBUG|CharacterScraper|Scanned character name as Xiao with element Anemo
2026-09-29 11:00:30.932|DEBUG|CharacterScraper|Scanned character level as Level 90 / 90)
2026-09-29 11:00:30.932|DEBUG|CharacterScraper|Filtered scanned text to 90/90
2026-09-29 11:00:30.932|DEBUG|CharacterScraper|Parsed character level as 90
2026-09-29 11:00:30.932|INFO|CharacterScraper|Xiao Level: 90
2026-09-29 11:00:30.932|INFO|CharacterScraper|Xiao Ascended: False
2026-09-29 11:00:32.947|INFO|CharacterScraper|Xiao Constellation: 1
2026-09-29 11:00:35.351|INFO|CharacterScraper|Xiao Talents: {auto=10, skill=9, burst=10}
2026-09-29 11:00:35.608|INFO|CharacterScraper|Scanned Xiao successfully
2026-09-29 11:00:37.130|DEBUG|GenshinProcesor|Most similar string found for skirke as skirk (83,3333333333333%)
2026-09-29 11:00:37.130|DEBUG|CharacterScraper|Could not parse character name/element (Atempt 1/75). Retrying...
2026-09-29 11:00:37.336|DEBUG|CharacterScraper|Could not parse character name/element (Atempt 2/75). Retrying...
2026-09-29 11:00:37.536|DEBUG|CharacterScraper|Could not parse character name/element (Atempt 3/75). Retrying...
2026-09-29 11:00:37.716|DEBUG|GenshinProcesor|Most similar string found for skirk_ as skirk (83,3333333333333%)
2026-09-29 11:00:37.716|DEBUG|CharacterScraper|Could not parse character name/element (Atempt 4/75). Retrying...
2026-09-29 11:00:37.900|DEBUG|CharacterScraper|Could not parse character name/element (Atempt 5/75). Retrying...
2026-09-29 11:00:38.097|DEBUG|CharacterScraper|Could not parse character name/element (Atempt 6/75). Retrying...
2026-09-29 11:00:38.277|DEBUG|CharacterScraper|Could not parse character name/element (Atempt 7/75). Retrying...
2026-09-29 11:00:38.459|DEBUG|CharacterScraper|Could not parse character name/element (Atempt 8/75). Retrying...
2026-09-29 11:00:38.644|DEBUG|CharacterScraper|Could not parse character name/element (Atempt 9/75). Retrying...
2026-09-29 11:00:38.825|DEBUG|CharacterScraper|Could not parse character name/element (Atempt 10/75). Retrying...
2026-09-29 11:00:39.020|DEBUG|CharacterScraper|Could not parse character name/element (Atempt 11/75). Retrying...
2026-09-29 11:00:39.206|DEBUG|CharacterScraper|Could not parse character name/element (Atempt 12/75). Retrying...
2026-09-29 11:00:39.391|DEBUG|CharacterScraper|Could not parse character name/element (Atempt 13/75). Retrying...
2026-09-29 11:00:39.576|DEBUG|CharacterScraper|Could not parse character name/element (Atempt 14/75). Retrying...
2026-09-29 11:00:39.772|DEBUG|CharacterScraper|Could not parse character name/element (Atempt 15/75). Retrying...
2026-09-29 11:00:39.957|DEBUG|CharacterScraper|Could not parse character name/element (Atempt 16/75). Retrying...
2026-09-29 11:00:40.137|DEBUG|CharacterScraper|Could not parse character name/element (Atempt 17/75). Retrying...
2026-09-29 11:00:40.322|DEBUG|CharacterScraper|Could not parse character name/element (Atempt 18/75). Retrying...
2026-09-29 11:00:40.505|DEBUG|CharacterScraper|Could not parse character name/element (Atempt 19/75). Retrying...
2026-09-29 11:00:40.690|DEBUG|CharacterScraper|Could not parse character name/element (Atempt 20/75). Retrying...
2026-09-29 11:00:40.872|DEBUG|CharacterScraper|Could not parse character name/element (Atempt 21/75). Retrying...
2026-09-29 11:00:41.075|DEBUG|CharacterScraper|Could not parse character name/element (Atempt 22/75). Retrying...
2026-09-29 11:00:41.268|DEBUG|CharacterScraper|Could not parse character name/element (Atempt 23/75). Retrying...
2026-09-29 11:00:41.451|DEBUG|CharacterScraper|Could not parse character name/element (Atempt 24/75). Retrying...
2026-09-29 11:00:41.637|DEBUG|CharacterScraper|Could not parse character name/element (Atempt 25/75). Retrying...
2026-09-29 11:00:41.819|DEBUG|CharacterScraper|Could not parse character name/element (Atempt 26/75). Retrying...
2026-09-29 11:00:42.012|DEBUG|CharacterScraper|Could not parse character name/element (Atempt 27/75). Retrying...
2026-09-29 11:00:42.200|DEBUG|CharacterScraper|Could not parse character name/element (Atempt 28/75). Retrying...
2026-09-29 11:00:42.376|DEBUG|CharacterScraper|Scanned character name as Skirk with element Cryo
2026-09-29 11:00:42.424|DEBUG|CharacterScraper|Scanned character level as Level 90 / 90
2026-09-29 11:00:42.424|DEBUG|CharacterScraper|Filtered scanned text to 90/90
2026-09-29 11:00:42.424|DEBUG|CharacterScraper|Parsed character level as 90
2026-09-29 11:00:42.424|INFO|CharacterScraper|Skirk Level: 90
2026-09-29 11:00:42.424|INFO|CharacterScraper|Skirk Ascended: False
2026-09-29 11:00:43.981|INFO|CharacterScraper|Skirk Constellation: 0
2026-09-29 11:00:46.330|INFO|CharacterScraper|Skirk Talents: {auto=10, skill=10, burst=10}
2026-09-29 11:00:46.593|INFO|CharacterScraper|Scanned Skirk successfully
2026-09-29 11:00:48.135|DEBUG|CharacterScraper|Could not parse character name/element (Atempt 1/75). Retrying...
2026-09-29 11:00:48.312|DEBUG|CharacterScraper|Could not parse character name/element (Atempt 2/75). Retrying...
2026-09-29 11:00:48.498|DEBUG|CharacterScraper|Scanned character name as Wriothesley with element Cryo
2026-09-29 11:00:48.534|DEBUG|CharacterScraper|Scanned character level as Level 90 / 20
2026-09-29 11:00:48.534|DEBUG|CharacterScraper|Filtered scanned text to 90/20
2026-09-29 11:00:48.534|DEBUG|CharacterScraper|Parsed character level as 90
2026-09-29 11:00:48.534|INFO|CharacterScraper|Wriothesley Level: 90
2026-09-29 11:00:48.534|INFO|CharacterScraper|Wriothesley Ascended: False
2026-09-29 11:00:50.064|INFO|CharacterScraper|Wriothesley Constellation: 0
2026-09-29 11:00:52.407|INFO|CharacterScraper|Wriothesley Talents: {auto=10, skill=10, burst=10}
2026-09-29 11:00:52.662|INFO|CharacterScraper|Scanned Wriothesley successfully
2026-09-29 11:00:54.170|DEBUG|CharacterScraper|Scanned character name as Traveler with element Cryo
2026-09-29 11:00:54.202|DEBUG|CharacterScraper|Scanned character level as Level 90 / 90
2026-09-29 11:00:54.202|DEBUG|CharacterScraper|Filtered scanned text to 90/90
2026-09-29 11:00:54.207|DEBUG|CharacterScraper|Parsed character level as 90
2026-09-29 11:00:54.207|INFO|CharacterScraper|TravelerCryo Level: 90
2026-09-29 11:00:54.207|INFO|CharacterScraper|TravelerCryo Ascended: False
2026-09-29 11:00:57.529|INFO|CharacterScraper|TravelerCryo Constellation: 4
2026-09-29 11:00:59.891|INFO|CharacterScraper|TravelerCryo Talents: {auto=7, skill=6, burst=11}
2026-09-29 11:01:00.153|INFO|CharacterScraper|Scanned TravelerCryo successfully
2026-09-29 11:01:01.685|DEBUG|CharacterScraper|Scanned character name as KamisatoAyaka with element Cryo
2026-09-29 11:01:01.718|DEBUG|CharacterScraper|Scanned character level as Level 90 / 90
2026-09-29 11:01:01.718|DEBUG|CharacterScraper|Filtered scanned text to 90/90
2026-09-29 11:01:01.722|DEBUG|CharacterScraper|Parsed character level as 90
2026-09-29 11:01:01.722|INFO|CharacterScraper|KamisatoAyaka Level: 90
2026-09-29 11:01:01.722|INFO|CharacterScraper|KamisatoAyaka Ascended: False
2026-09-29 11:01:03.746|INFO|CharacterScraper|KamisatoAyaka Constellation: 1
2026-09-29 11:01:06.176|INFO|CharacterScraper|KamisatoAyaka Talents: {auto=4, skill=5, burst=4}
2026-09-29 11:01:06.441|INFO|CharacterScraper|Scanned KamisatoAyaka successfully
2026-09-29 11:01:07.980|DEBUG|CharacterScraper|Scanned character name as RaidenShogun with element Electro
2026-09-29 11:01:08.019|DEBUG|CharacterScraper|Scanned character level as Level 90 / 90
2026-09-29 11:01:08.019|DEBUG|CharacterScraper|Filtered scanned text to 90/90
2026-09-29 11:01:08.019|DEBUG|CharacterScraper|Parsed character level as 90
2026-09-29 11:01:08.019|INFO|CharacterScraper|RaidenShogun Level: 90
2026-09-29 11:01:08.019|INFO|CharacterScraper|RaidenShogun Ascended: False
2026-09-29 11:01:09.580|INFO|CharacterScraper|RaidenShogun Constellation: 0
2026-09-29 11:01:12.002|INFO|CharacterScraper|RaidenShogun Talents: {auto=10, skill=10, burst=10}
2026-09-29 11:01:12.262|INFO|CharacterScraper|Scanned RaidenShogun successfully
2026-09-29 11:01:13.770|DEBUG|CharacterScraper|Scanned character name as Nefer with element Dendro
2026-09-29 11:01:13.800|DEBUG|CharacterScraper|Scanned character level as Level 90 / 90
2026-09-29 11:01:13.800|DEBUG|CharacterScraper|Filtered scanned text to 90/90
2026-09-29 11:01:13.800|DEBUG|CharacterScraper|Parsed character level as 90
2026-09-29 11:01:13.800|INFO|CharacterScraper|Nefer Level: 90
2026-09-29 11:01:13.800|INFO|CharacterScraper|Nefer Ascended: False
2026-09-29 11:01:15.398|INFO|CharacterScraper|Nefer Constellation: 0
2026-09-29 11:01:17.867|INFO|CharacterScraper|Nefer Talents: {auto=6, skill=10, burst=9}
2026-09-29 11:01:18.131|INFO|CharacterScraper|Scanned Nefer successfully
2026-09-29 11:01:19.640|DEBUG|CharacterScraper|Scanned character name as Lauma with element Dendro
2026-09-29 11:01:19.690|DEBUG|CharacterScraper|Scanned character level as Level 90 / 90
2026-09-29 11:01:19.690|DEBUG|CharacterScraper|Filtered scanned text to 90/90
2026-09-29 11:01:19.690|DEBUG|CharacterScraper|Parsed character level as 90
2026-09-29 11:01:19.690|INFO|CharacterScraper|Lauma Level: 90
2026-09-29 11:01:19.690|INFO|CharacterScraper|Lauma Ascended: False
2026-09-29 11:01:21.247|INFO|CharacterScraper|Lauma Constellation: 0
2026-09-29 11:01:23.640|INFO|CharacterScraper|Lauma Talents: {auto=10, skill=10, burst=10}
2026-09-29 11:01:23.893|INFO|CharacterScraper|Scanned Lauma successfully
2026-09-29 11:01:25.393|DEBUG|CharacterScraper|Scanned character name as Nahida with element Dendro
2026-09-29 11:01:25.431|DEBUG|CharacterScraper|Scanned character level as Level 90 / 90)
2026-09-29 11:01:25.431|DEBUG|CharacterScraper|Filtered scanned text to 90/90
2026-09-29 11:01:25.431|DEBUG|CharacterScraper|Parsed character level as 90
2026-09-29 11:01:25.431|INFO|CharacterScraper|Nahida Level: 90
2026-09-29 11:01:25.431|INFO|CharacterScraper|Nahida Ascended: False
2026-09-29 11:01:26.963|INFO|CharacterScraper|Nahida Constellation: 0
2026-09-29 11:01:29.317|INFO|CharacterScraper|Nahida Talents: {auto=10, skill=10, burst=10}
2026-09-29 11:01:29.580|INFO|CharacterScraper|Scanned Nahida successfully
2026-09-29 11:01:31.078|DEBUG|CharacterScraper|Scanned character name as Neuvillette with element Hydro
2026-09-29 11:01:31.116|DEBUG|CharacterScraper|Scanned character level as Level 90 / 90
2026-09-29 11:01:31.116|DEBUG|CharacterScraper|Filtered scanned text to 90/90
2026-09-29 11:01:31.116|DEBUG|CharacterScraper|Parsed character level as 90
2026-09-29 11:01:31.116|INFO|CharacterScraper|Neuvillette Level: 90
2026-09-29 11:01:31.116|INFO|CharacterScraper|Neuvillette Ascended: False
2026-09-29 11:01:32.685|INFO|CharacterScraper|Neuvillette Constellation: 0
2026-09-29 11:01:35.134|INFO|CharacterScraper|Neuvillette Talents: {auto=10, skill=10, burst=10}
2026-09-29 11:01:35.400|INFO|CharacterScraper|Scanned Neuvillette successfully
2026-09-29 11:01:36.898|DEBUG|CharacterScraper|Scanned character name as Yelan with element Hydro
2026-09-29 11:01:36.941|DEBUG|CharacterScraper|Scanned character level as Level 90 / 90
2026-09-29 11:01:36.941|DEBUG|CharacterScraper|Filtered scanned text to 90/90
2026-09-29 11:01:36.941|DEBUG|CharacterScraper|Parsed character level as 90
2026-09-29 11:01:36.941|INFO|CharacterScraper|Yelan Level: 90
2026-09-29 11:01:36.941|INFO|CharacterScraper|Yelan Ascended: False
2026-09-29 11:01:38.516|INFO|CharacterScraper|Yelan Constellation: 0
2026-09-29 11:01:40.890|INFO|CharacterScraper|Yelan Talents: {auto=6, skill=9, burst=10}
2026-09-29 11:01:41.144|INFO|CharacterScraper|Scanned Yelan successfully
2026-09-29 11:01:42.673|DEBUG|GenshinProcesor|Most similar string found for durin_ as durin (83,3333333333333%)
2026-09-29 11:01:42.673|DEBUG|CharacterScraper|Scanned character name as Durin with element Pyro
2026-09-29 11:01:42.706|DEBUG|CharacterScraper|Scanned character level as Level 90 / 90
2026-09-29 11:01:42.706|DEBUG|CharacterScraper|Filtered scanned text to 90/90
2026-09-29 11:01:42.706|DEBUG|CharacterScraper|Parsed character level as 90
2026-09-29 11:01:42.706|INFO|CharacterScraper|Durin Level: 90
2026-09-29 11:01:42.706|INFO|CharacterScraper|Durin Ascended: False
2026-09-29 11:01:44.285|INFO|CharacterScraper|Durin Constellation: 0
2026-09-29 11:01:46.749|INFO|CharacterScraper|Durin Talents: {auto=6, skill=8, burst=10}
2026-09-29 11:01:47.015|INFO|CharacterScraper|Scanned Durin successfully
2026-09-29 11:01:48.512|DEBUG|CharacterScraper|Could not parse character name/element (Atempt 1/75). Retrying...
2026-09-29 11:01:48.690|DEBUG|CharacterScraper|Scanned character name as Mavuika with element Pyro
2026-09-29 11:01:48.720|DEBUG|CharacterScraper|Scanned character level as Level 90 / 90
2026-09-29 11:01:48.720|DEBUG|CharacterScraper|Filtered scanned text to 90/90
2026-09-29 11:01:48.723|DEBUG|CharacterScraper|Parsed character level as 90
2026-09-29 11:01:48.723|INFO|CharacterScraper|Mavuika Level: 90
2026-09-29 11:01:48.723|INFO|CharacterScraper|Mavuika Ascended: False
2026-09-29 11:01:50.250|INFO|CharacterScraper|Mavuika Constellation: 0
2026-09-29 11:01:52.630|INFO|CharacterScraper|Mavuika Talents: {auto=10, skill=10, burst=10}
2026-09-29 11:01:52.891|INFO|CharacterScraper|Scanned Mavuika successfully
2026-09-29 11:01:54.385|DEBUG|CharacterScraper|Scanned character name as Dehya with element Pyro
2026-09-29 11:01:54.436|DEBUG|CharacterScraper|Scanned character level as Level 90 / 90
2026-09-29 11:01:54.436|DEBUG|CharacterScraper|Filtered scanned text to 90/90
2026-09-29 11:01:54.436|DEBUG|CharacterScraper|Parsed character level as 90
2026-09-29 11:01:54.436|INFO|CharacterScraper|Dehya Level: 90
2026-09-29 11:01:54.436|INFO|CharacterScraper|Dehya Ascended: False
2026-09-29 11:01:56.882|INFO|CharacterScraper|Dehya Constellation: 2
2026-09-29 11:01:59.253|INFO|CharacterScraper|Dehya Talents: {auto=6, skill=8, burst=8}
2026-09-29 11:01:59.508|INFO|CharacterScraper|Scanned Dehya successfully
2026-09-29 11:02:01.007|DEBUG|CharacterScraper|Scanned character name as Yoimiya with element Pyro
2026-09-29 11:02:01.034|DEBUG|CharacterScraper|Scanned character level as Level 90 / 90
2026-09-29 11:02:01.034|DEBUG|CharacterScraper|Filtered scanned text to 90/90
2026-09-29 11:02:01.034|DEBUG|CharacterScraper|Parsed character level as 90
2026-09-29 11:02:01.034|INFO|CharacterScraper|Yoimiya Level: 90
2026-09-29 11:02:01.034|INFO|CharacterScraper|Yoimiya Ascended: False
2026-09-29 11:02:03.000|INFO|CharacterScraper|Yoimiya Constellation: 1
2026-09-29 11:02:05.403|INFO|CharacterScraper|Yoimiya Talents: {auto=6, skill=9, burst=8}
2026-09-29 11:02:05.667|INFO|CharacterScraper|Scanned Yoimiya successfully
2026-09-29 11:02:07.187|DEBUG|CharacterScraper|Scanned character name as Noelle with element Geo
2026-09-29 11:02:07.225|DEBUG|CharacterScraper|Scanned character level as Level 90 / 90
2026-09-29 11:02:07.225|DEBUG|CharacterScraper|Filtered scanned text to 90/90
2026-09-29 11:02:07.225|DEBUG|CharacterScraper|Parsed character level as 90
2026-09-29 11:02:07.225|INFO|CharacterScraper|Noelle Level: 90
2026-09-29 11:02:07.225|INFO|CharacterScraper|Noelle Ascended: False
2026-09-29 11:02:11.194|INFO|CharacterScraper|Noelle Constellation: 5
2026-09-29 11:02:13.558|INFO|CharacterScraper|Noelle Talents: {auto=6, skill=10, burst=11}
2026-09-29 11:02:13.821|INFO|CharacterScraper|Scanned Noelle successfully
2026-09-29 11:02:15.346|DEBUG|CharacterScraper|Scanned character name as Kaeya with element Cryo
2026-09-29 11:02:15.386|DEBUG|CharacterScraper|Scanned character level as Level 90 / 90
2026-09-29 11:02:15.386|DEBUG|CharacterScraper|Filtered scanned text to 90/90
2026-09-29 11:02:15.386|DEBUG|CharacterScraper|Parsed character level as 90
2026-09-29 11:02:15.386|INFO|CharacterScraper|Kaeya Level: 90
2026-09-29 11:02:15.386|INFO|CharacterScraper|Kaeya Ascended: False
2026-09-29 11:02:18.823|INFO|CharacterScraper|Kaeya Constellation: 4
2026-09-29 11:02:21.196|INFO|CharacterScraper|Kaeya Talents: {auto=5, skill=9, burst=9}
2026-09-29 11:02:21.457|INFO|CharacterScraper|Scanned Kaeya successfully
2026-09-29 11:02:22.920|DEBUG|CharacterScraper|Scanned character name as Zibai with element Geo
2026-09-29 11:02:22.969|DEBUG|CharacterScraper|Scanned character level as Level 80 / 80
2026-09-29 11:02:22.969|DEBUG|CharacterScraper|Filtered scanned text to 80/80
2026-09-29 11:02:22.975|DEBUG|CharacterScraper|Parsed character level as 80
2026-09-29 11:02:22.975|INFO|CharacterScraper|Zibai Level: 80
2026-09-29 11:02:22.975|INFO|CharacterScraper|Zibai Ascended: False
2026-09-29 11:02:24.507|INFO|CharacterScraper|Zibai Constellation: 0
2026-09-29 11:02:26.918|INFO|CharacterScraper|Zibai Talents: {auto=6, skill=8, burst=6}
2026-09-29 11:02:27.179|INFO|CharacterScraper|Scanned Zibai successfully
2026-09-29 11:02:28.690|DEBUG|CharacterScraper|Scanned character name as Jean with element Anemo
2026-09-29 11:02:28.728|DEBUG|CharacterScraper|Scanned character level as Level 80 / 80
2026-09-29 11:02:28.728|DEBUG|CharacterScraper|Filtered scanned text to 80/80
2026-09-29 11:02:28.728|DEBUG|CharacterScraper|Parsed character level as 80
2026-09-29 11:02:28.728|INFO|CharacterScraper|Jean Level: 80
2026-09-29 11:02:28.728|INFO|CharacterScraper|Jean Ascended: False
2026-09-29 11:02:30.690|INFO|CharacterScraper|Jean Constellation: 1
2026-09-29 11:02:33.031|INFO|CharacterScraper|Jean Talents: {auto=7, skill=8, burst=8}
2026-09-29 11:02:33.292|INFO|CharacterScraper|Scanned Jean successfully
2026-09-29 11:02:34.812|DEBUG|CharacterScraper|Scanned character name as Cyno with element Electro
2026-09-29 11:02:34.855|DEBUG|CharacterScraper|Scanned character level as Level 80 / 80
2026-09-29 11:02:34.855|DEBUG|CharacterScraper|Filtered scanned text to 80/80
2026-09-29 11:02:34.855|DEBUG|CharacterScraper|Parsed character level as 80
2026-09-29 11:02:34.855|INFO|CharacterScraper|Cyno Level: 80
2026-09-29 11:02:34.855|INFO|CharacterScraper|Cyno Ascended: False
2026-09-29 11:02:36.442|INFO|CharacterScraper|Cyno Constellation: 0
2026-09-29 11:02:38.875|INFO|CharacterScraper|Cyno Talents: {auto=6, skill=6, burst=6}
2026-09-29 11:02:39.133|INFO|CharacterScraper|Scanned Cyno successfully
2026-09-29 11:02:40.660|DEBUG|CharacterScraper|Scanned character name as Columbina with element Hydro
2026-09-29 11:02:40.702|DEBUG|CharacterScraper|Scanned character level as - Level 80 / 80
2026-09-29 11:02:40.702|DEBUG|CharacterScraper|Filtered scanned text to 80/80
2026-09-29 11:02:40.706|DEBUG|CharacterScraper|Parsed character level as 80
2026-09-29 11:02:40.706|INFO|CharacterScraper|Columbina Level: 80
2026-09-29 11:02:40.706|INFO|CharacterScraper|Columbina Ascended: False
2026-09-29 11:02:42.276|INFO|CharacterScraper|Columbina Constellation: 0
2026-09-29 11:02:44.685|INFO|CharacterScraper|Columbina Talents: {auto=6, skill=6, burst=6}
2026-09-29 11:02:44.946|INFO|CharacterScraper|Scanned Columbina successfully
2026-09-29 11:02:46.472|DEBUG|CharacterScraper|Scanned character name as Mualani with element Hydro
2026-09-29 11:02:46.517|DEBUG|CharacterScraper|Scanned character level as Level 80 / 80
2026-09-29 11:02:46.517|DEBUG|CharacterScraper|Filtered scanned text to 80/80
2026-09-29 11:02:46.520|DEBUG|CharacterScraper|Parsed character level as 80
2026-09-29 11:02:46.520|INFO|CharacterScraper|Mualani Level: 80
2026-09-29 11:02:46.520|INFO|CharacterScraper|Mualani Ascended: False
2026-09-29 11:02:48.094|INFO|CharacterScraper|Mualani Constellation: 0
2026-09-29 11:02:50.450|INFO|CharacterScraper|Mualani Talents: {auto=1, skill=1, burst=1}
2026-09-29 11:02:50.711|INFO|CharacterScraper|Scanned Mualani successfully
2026-09-29 11:02:52.207|DEBUG|CharacterScraper|Scanned character name as Arlecchino with element Pyro
2026-09-29 11:02:52.245|DEBUG|CharacterScraper|Scanned character level as Level 80 / 80
2026-09-29 11:02:52.245|DEBUG|CharacterScraper|Filtered scanned text to 80/80
2026-09-29 11:02:52.245|DEBUG|CharacterScraper|Parsed character level as 80
2026-09-29 11:02:52.245|INFO|CharacterScraper|Arlecchino Level: 80
2026-09-29 11:02:52.245|INFO|CharacterScraper|Arlecchino Ascended: False
2026-09-29 11:02:53.794|INFO|CharacterScraper|Arlecchino Constellation: 0
2026-09-29 11:02:56.149|INFO|CharacterScraper|Arlecchino Talents: {auto=6, skill=6, burst=6}
2026-09-29 11:02:56.408|INFO|CharacterScraper|Scanned Arlecchino successfully
2026-09-29 11:02:57.896|DEBUG|CharacterScraper|Scanned character name as Kachina with element Geo
2026-09-29 11:02:57.929|DEBUG|CharacterScraper|Scanned character level as Level 80 / 80
2026-09-29 11:02:57.929|DEBUG|CharacterScraper|Filtered scanned text to 80/80
2026-09-29 11:02:57.929|DEBUG|CharacterScraper|Parsed character level as 80
2026-09-29 11:02:57.929|INFO|CharacterScraper|Kachina Level: 80
2026-09-29 11:02:57.929|INFO|CharacterScraper|Kachina Ascended: False
2026-09-29 11:03:01.690|INFO|CharacterScraper|Kachina Constellation: 6
2026-09-29 11:03:04.069|INFO|CharacterScraper|Kachina Talents: {auto=4, skill=9, burst=8}
2026-09-29 11:03:04.335|INFO|CharacterScraper|Scanned Kachina successfully
2026-09-29 11:03:05.860|DEBUG|CharacterScraper|Scanned character name as Ningguang with element Geo
2026-09-29 11:03:05.895|DEBUG|CharacterScraper|Scanned character level as Level 80 / 80
2026-09-29 11:03:05.895|DEBUG|CharacterScraper|Filtered scanned text to 80/80
2026-09-29 11:03:05.895|DEBUG|CharacterScraper|Parsed character level as 80
2026-09-29 11:03:05.895|INFO|CharacterScraper|Ningguang Level: 80
2026-09-29 11:03:05.895|INFO|CharacterScraper|Ningguang Ascended: False
2026-09-29 11:03:09.917|INFO|CharacterScraper|Ningguang Constellation: 5
2026-09-29 11:03:12.335|INFO|CharacterScraper|Ningguang Talents: {auto=2, skill=5, burst=5}
2026-09-29 11:03:12.590|INFO|CharacterScraper|Scanned Ningguang successfully
2026-09-29 11:03:14.112|DEBUG|CharacterScraper|Scanned character name as Ifa with element Anemo
2026-09-29 11:03:14.158|DEBUG|CharacterScraper|Scanned character level as Level 80 / 80
2026-09-29 11:03:14.158|DEBUG|CharacterScraper|Filtered scanned text to 80/80
2026-09-29 11:03:14.161|DEBUG|CharacterScraper|Parsed character level as 80
2026-09-29 11:03:14.161|INFO|CharacterScraper|Ifa Level: 80
2026-09-29 11:03:14.161|INFO|CharacterScraper|Ifa Ascended: False
2026-09-29 11:03:17.629|INFO|CharacterScraper|Ifa Constellation: 4
2026-09-29 11:03:20.029|INFO|CharacterScraper|Ifa Talents: {auto=1, skill=4, burst=1}
2026-09-29 11:03:20.283|INFO|CharacterScraper|Scanned Ifa successfully
2026-09-29 11:03:21.789|DEBUG|CharacterScraper|Scanned character name as Wanderer with element Anemo
2026-09-29 11:03:21.831|DEBUG|CharacterScraper|Scanned character level as Level 70 / 70
2026-09-29 11:03:21.831|DEBUG|CharacterScraper|Filtered scanned text to 70/70
2026-09-29 11:03:21.831|DEBUG|CharacterScraper|Parsed character level as 70
2026-09-29 11:03:21.831|INFO|CharacterScraper|Wanderer Level: 70
2026-09-29 11:03:21.831|INFO|CharacterScraper|Wanderer Ascended: False
2026-09-29 11:03:23.363|INFO|CharacterScraper|Wanderer Constellation: 0
2026-09-29 11:03:25.725|INFO|CharacterScraper|Wanderer Talents: {auto=3, skill=5, burst=4}
2026-09-29 11:03:25.989|INFO|CharacterScraper|Scanned Wanderer successfully
2026-09-29 11:03:27.500|DEBUG|CharacterScraper|Could not parse character name/element (Atempt 1/75). Retrying...
2026-09-29 11:03:27.669|DEBUG|CharacterScraper|Scanned character name as Qiqi with element Cryo
2026-09-29 11:03:27.697|DEBUG|CharacterScraper|Scanned character level as Level 70 / 70
2026-09-29 11:03:27.697|DEBUG|CharacterScraper|Filtered scanned text to 70/70
2026-09-29 11:03:27.697|DEBUG|CharacterScraper|Parsed character level as 70
2026-09-29 11:03:27.697|INFO|CharacterScraper|Qiqi Level: 70
2026-09-29 11:03:27.697|INFO|CharacterScraper|Qiqi Ascended: False
2026-09-29 11:03:29.696|INFO|CharacterScraper|Qiqi Constellation: 1
2026-09-29 11:03:32.068|INFO|CharacterScraper|Qiqi Talents: {auto=1, skill=1, burst=1}
2026-09-29 11:03:32.329|INFO|CharacterScraper|Scanned Qiqi successfully
2026-09-29 11:03:33.832|DEBUG|CharacterScraper|Scanned character name as Rosaria with element Cryo
2026-09-29 11:03:33.872|DEBUG|CharacterScraper|Scanned character level as sLevel 70 / 70
2026-09-29 11:03:33.872|DEBUG|CharacterScraper|Filtered scanned text to 70/70
2026-09-29 11:03:33.878|DEBUG|CharacterScraper|Parsed character level as 70
2026-09-29 11:03:33.878|INFO|CharacterScraper|Rosaria Level: 70
2026-09-29 11:03:33.878|INFO|CharacterScraper|Rosaria Ascended: False
2026-09-29 11:03:37.974|INFO|CharacterScraper|Rosaria Constellation: 6
2026-09-29 11:03:40.383|INFO|CharacterScraper|Rosaria Talents: {auto=1, skill=4, burst=4}
2026-09-29 11:03:40.641|INFO|CharacterScraper|Scanned Rosaria successfully
2026-09-29 11:03:42.142|DEBUG|CharacterScraper|Scanned character name as Diona with element Cryo
2026-09-29 11:03:42.181|DEBUG|CharacterScraper|Scanned character level as Level 70 / 70)
2026-09-29 11:03:42.181|DEBUG|CharacterScraper|Filtered scanned text to 70/70
2026-09-29 11:03:42.181|DEBUG|CharacterScraper|Parsed character level as 70
2026-09-29 11:03:42.181|INFO|CharacterScraper|Diona Level: 70
2026-09-29 11:03:42.181|INFO|CharacterScraper|Diona Ascended: False
2026-09-29 11:03:46.152|INFO|CharacterScraper|Diona Constellation: 6
2026-09-29 11:03:48.507|INFO|CharacterScraper|Diona Talents: {auto=1, skill=4, burst=4}
2026-09-29 11:03:48.765|INFO|CharacterScraper|Scanned Diona successfully
2026-09-29 11:03:50.265|DEBUG|CharacterScraper|Could not parse character name/element (Atempt 1/75). Retrying...
2026-09-29 11:03:50.446|DEBUG|CharacterScraper|Could not parse character name/element (Atempt 2/75). Retrying...
2026-09-29 11:03:50.624|DEBUG|CharacterScraper|Could not parse character name/element (Atempt 3/75). Retrying...
2026-09-29 11:03:50.794|DEBUG|CharacterScraper|Scanned character name as Chongyun with element Cryo
2026-09-29 11:03:50.833|DEBUG|CharacterScraper|Scanned character level as Level 70 / 70
2026-09-29 11:03:50.833|DEBUG|CharacterScraper|Filtered scanned text to 70/70
2026-09-29 11:03:50.833|DEBUG|CharacterScraper|Parsed character level as 70
2026-09-29 11:03:50.833|INFO|CharacterScraper|Chongyun Level: 70
2026-09-29 11:03:50.833|INFO|CharacterScraper|Chongyun Ascended: False
2026-09-29 11:03:54.577|INFO|CharacterScraper|Chongyun Constellation: 6
2026-09-29 11:03:56.946|INFO|CharacterScraper|Chongyun Talents: {auto=1, skill=4, burst=4}
2026-09-29 11:03:57.198|INFO|CharacterScraper|Scanned Chongyun successfully
2026-09-29 11:03:58.707|DEBUG|CharacterScraper|Scanned character name as Beidou with element Electro
2026-09-29 11:03:58.750|DEBUG|CharacterScraper|Scanned character level as Level 70:/ 70)
2026-09-29 11:03:58.750|DEBUG|CharacterScraper|Filtered scanned text to 70/70
2026-09-29 11:03:58.754|DEBUG|CharacterScraper|Parsed character level as 70
2026-09-29 11:03:58.754|INFO|CharacterScraper|Beidou Level: 70
2026-09-29 11:03:58.754|INFO|CharacterScraper|Beidou Ascended: False
2026-09-29 11:04:02.507|INFO|CharacterScraper|Beidou Constellation: 6
2026-09-29 11:04:04.888|INFO|CharacterScraper|Beidou Talents: {auto=1, skill=4, burst=4}
2026-09-29 11:04:05.147|INFO|CharacterScraper|Scanned Beidou successfully
2026-09-29 11:04:06.675|DEBUG|CharacterScraper|Scanned character name as Razor with element Electro
2026-09-29 11:04:06.716|DEBUG|CharacterScraper|Scanned character level as Level 70 / 70
2026-09-29 11:04:06.716|DEBUG|CharacterScraper|Filtered scanned text to 70/70
2026-09-29 11:04:06.716|DEBUG|CharacterScraper|Parsed character level as 70
2026-09-29 11:04:06.716|INFO|CharacterScraper|Razor Level: 70
2026-09-29 11:04:06.716|INFO|CharacterScraper|Razor Ascended: False
2026-09-29 11:04:09.257|INFO|CharacterScraper|Razor Constellation: 2
2026-09-29 11:04:11.652|INFO|CharacterScraper|Razor Talents: {auto=2, skill=2, burst=2}
2026-09-29 11:04:11.915|INFO|CharacterScraper|Scanned Razor successfully
2026-09-29 11:04:13.438|DEBUG|CharacterScraper|Scanned character name as Lisa with element Electro
2026-09-29 11:04:13.483|DEBUG|CharacterScraper|Scanned character level as " Level 70 / 7()
2026-09-29 11:04:13.483|DEBUG|CharacterScraper|Filtered scanned text to 70/7
2026-09-29 11:04:13.488|DEBUG|CharacterScraper|Parsed character level as 70
2026-09-29 11:04:13.488|INFO|CharacterScraper|Lisa Level: 70
2026-09-29 11:04:13.488|INFO|CharacterScraper|Lisa Ascended: False
2026-09-29 11:04:15.074|INFO|CharacterScraper|Lisa Constellation: 0
2026-09-29 11:04:17.436|INFO|CharacterScraper|Lisa Talents: {auto=2, skill=3, burst=3}
2026-09-29 11:04:17.701|INFO|CharacterScraper|Scanned Lisa successfully
2026-09-29 11:04:19.201|DEBUG|CharacterScraper|Scanned character name as Xiangling with element Pyro
2026-09-29 11:04:19.240|DEBUG|CharacterScraper|Scanned character level as Level 70 / 70
2026-09-29 11:04:19.240|DEBUG|CharacterScraper|Filtered scanned text to 70/70
2026-09-29 11:04:19.240|DEBUG|CharacterScraper|Parsed character level as 70
2026-09-29 11:04:19.240|INFO|CharacterScraper|Xiangling Level: 70
2026-09-29 11:04:19.240|INFO|CharacterScraper|Xiangling Ascended: False
2026-09-29 11:04:21.654|INFO|CharacterScraper|Xiangling Constellation: 2
2026-09-29 11:04:24.001|INFO|CharacterScraper|Xiangling Talents: {auto=2, skill=3, burst=4}
2026-09-29 11:04:24.265|INFO|CharacterScraper|Scanned Xiangling successfully
2026-09-29 11:04:25.783|DEBUG|CharacterScraper|Scanned character name as Varesa with element Electro
2026-09-29 11:04:25.823|DEBUG|CharacterScraper|Scanned character level as Level 60 / 60
2026-09-29 11:04:25.823|DEBUG|CharacterScraper|Filtered scanned text to 60/60
2026-09-29 11:04:25.823|DEBUG|CharacterScraper|Parsed character level as 60
2026-09-29 11:04:25.823|INFO|CharacterScraper|Varesa Level: 60
2026-09-29 11:04:25.823|INFO|CharacterScraper|Varesa Ascended: False
2026-09-29 11:04:27.354|INFO|CharacterScraper|Varesa Constellation: 0
2026-09-29 11:04:29.692|INFO|CharacterScraper|Varesa Talents: {auto=1, skill=1, burst=1}
2026-09-29 11:04:29.945|INFO|CharacterScraper|Scanned Varesa successfully
2026-09-29 11:04:31.477|DEBUG|CharacterScraper|Scanned character name as Tighnari with element Dendro
2026-09-29 11:04:31.508|DEBUG|CharacterScraper|Scanned character level as Level 60 / 60
2026-09-29 11:04:31.508|DEBUG|CharacterScraper|Filtered scanned text to 60/60
2026-09-29 11:04:31.508|DEBUG|CharacterScraper|Parsed character level as 60
2026-09-29 11:04:31.508|INFO|CharacterScraper|Tighnari Level: 60
2026-09-29 11:04:31.508|INFO|CharacterScraper|Tighnari Ascended: False
2026-09-29 11:04:33.506|INFO|CharacterScraper|Tighnari Constellation: 1
2026-09-29 11:04:35.955|INFO|CharacterScraper|Tighnari Talents: {auto=2, skill=1, burst=1}
2026-09-29 11:04:36.213|INFO|CharacterScraper|Scanned Tighnari successfully
2026-09-29 11:04:37.727|DEBUG|CharacterScraper|Scanned character name as Mona with element Hydro
2026-09-29 11:04:37.775|DEBUG|CharacterScraper|Scanned character level as Level 60 / 60)
2026-09-29 11:04:37.775|DEBUG|CharacterScraper|Filtered scanned text to 60/60
2026-09-29 11:04:37.775|DEBUG|CharacterScraper|Parsed character level as 60
2026-09-29 11:04:37.775|INFO|CharacterScraper|Mona Level: 60
2026-09-29 11:04:37.775|INFO|CharacterScraper|Mona Ascended: False
2026-09-29 11:04:40.287|INFO|CharacterScraper|Mona Constellation: 2
2026-09-29 11:04:42.708|INFO|CharacterScraper|Mona Talents: {auto=1, skill=1, burst=1}
2026-09-29 11:04:42.962|INFO|CharacterScraper|Scanned Mona successfully
2026-09-29 11:04:44.474|DEBUG|GenshinProcesor|Most similar string found for dilucj as diluc (83,3333333333333%)
2026-09-29 11:04:44.474|DEBUG|CharacterScraper|Scanned character name as Diluc with element Pyro
2026-09-29 11:04:44.518|DEBUG|CharacterScraper|Scanned character level as Level 60 / 60)
2026-09-29 11:04:44.518|DEBUG|CharacterScraper|Filtered scanned text to 60/60
2026-09-29 11:04:44.518|DEBUG|CharacterScraper|Parsed character level as 60
2026-09-29 11:04:44.518|INFO|CharacterScraper|Diluc Level: 60
2026-09-29 11:04:44.518|INFO|CharacterScraper|Diluc Ascended: False
2026-09-29 11:04:47.053|INFO|CharacterScraper|Diluc Constellation: 2
2026-09-29 11:04:49.397|INFO|CharacterScraper|Diluc Talents: {auto=1, skill=1, burst=1}
2026-09-29 11:04:49.656|INFO|CharacterScraper|Scanned Diluc successfully
2026-09-29 11:04:51.153|DEBUG|CharacterScraper|Scanned character name as Illuga with element Geo
2026-09-29 11:04:51.186|DEBUG|CharacterScraper|Scanned character level as Level 60 / 60)
2026-09-29 11:04:51.186|DEBUG|CharacterScraper|Filtered scanned text to 60/60
2026-09-29 11:04:51.186|DEBUG|CharacterScraper|Parsed character level as 60
2026-09-29 11:04:51.186|INFO|CharacterScraper|Illuga Level: 60
2026-09-29 11:04:51.186|INFO|CharacterScraper|Illuga Ascended: False
2026-09-29 11:04:52.718|INFO|CharacterScraper|Illuga Constellation: 0
2026-09-29 11:04:55.080|INFO|CharacterScraper|Illuga Talents: {auto=2, skill=2, burst=2}
2026-09-29 11:04:55.342|INFO|CharacterScraper|Scanned Illuga successfully
2026-09-29 11:04:56.859|DEBUG|CharacterScraper|Scanned character name as Jahoda with element Anemo
2026-09-29 11:04:56.887|DEBUG|CharacterScraper|Scanned character level as Level 60 / 60)
2026-09-29 11:04:56.887|DEBUG|CharacterScraper|Filtered scanned text to 60/60
2026-09-29 11:04:56.887|DEBUG|CharacterScraper|Parsed character level as 60
2026-09-29 11:04:56.887|INFO|CharacterScraper|Jahoda Level: 60
2026-09-29 11:04:56.887|INFO|CharacterScraper|Jahoda Ascended: False
2026-09-29 11:04:59.301|INFO|CharacterScraper|Jahoda Constellation: 2
2026-09-29 11:05:01.716|INFO|CharacterScraper|Jahoda Talents: {auto=1, skill=1, burst=1}
2026-09-29 11:05:01.977|INFO|CharacterScraper|Scanned Jahoda successfully
2026-09-29 11:05:03.522|DEBUG|CharacterScraper|Scanned character name as LanYan with element Anemo
2026-09-29 11:05:03.563|DEBUG|CharacterScraper|Scanned character level as - Level 60 / 60
2026-09-29 11:05:03.563|DEBUG|CharacterScraper|Filtered scanned text to 60/60
2026-09-29 11:05:03.567|DEBUG|CharacterScraper|Parsed character level as 60
2026-09-29 11:05:03.567|INFO|CharacterScraper|LanYan Level: 60
2026-09-29 11:05:03.567|INFO|CharacterScraper|LanYan Ascended: False
2026-09-29 11:05:06.104|INFO|CharacterScraper|LanYan Constellation: 2
2026-09-29 11:05:08.561|INFO|CharacterScraper|LanYan Talents: {auto=1, skill=1, burst=1}
2026-09-29 11:05:08.812|INFO|CharacterScraper|Scanned LanYan successfully
2026-09-29 11:05:10.315|DEBUG|GenshinProcesor|Most similar string found for lyneite as lynette (85,7142857142857%)
2026-09-29 11:05:10.315|DEBUG|CharacterScraper|Scanned character name as Lynette with element Anemo
2026-09-29 11:05:10.363|DEBUG|CharacterScraper|Scanned character level as - Level 60 / 60)
2026-09-29 11:05:10.363|DEBUG|CharacterScraper|Filtered scanned text to 60/60
2026-09-29 11:05:10.363|DEBUG|CharacterScraper|Parsed character level as 60
2026-09-29 11:05:10.363|INFO|CharacterScraper|Lynette Level: 60
2026-09-29 11:05:10.363|INFO|CharacterScraper|Lynette Ascended: False
2026-09-29 11:05:14.346|INFO|CharacterScraper|Lynette Constellation: 6
2026-09-29 11:05:16.778|INFO|CharacterScraper|Lynette Talents: {auto=2, skill=5, burst=5}
2026-09-29 11:05:17.042|INFO|CharacterScraper|Scanned Lynette successfully
2026-09-29 11:05:18.539|DEBUG|CharacterScraper|Scanned character name as Faruzan with element Anemo
2026-09-29 11:05:18.581|DEBUG|CharacterScraper|Scanned character level as Level 60 / &()
2026-09-29 11:05:18.581|DEBUG|CharacterScraper|Filtered scanned text to 60/
2026-09-29 11:05:18.581|DEBUG|CharacterScraper|Failed to parse character level and ascension from 60/ (text), retrying
2026-09-29 11:05:18.666|DEBUG|CharacterScraper|Scanned character level as Level 60 / 61)
2026-09-29 11:05:18.666|DEBUG|CharacterScraper|Filtered scanned text to 60/61
2026-09-29 11:05:18.666|DEBUG|CharacterScraper|Parsed character level as 60
2026-09-29 11:05:18.666|INFO|CharacterScraper|Faruzan Level: 60
2026-09-29 11:05:18.666|INFO|CharacterScraper|Faruzan Ascended: False
2026-09-29 11:05:22.456|INFO|CharacterScraper|Faruzan Constellation: 6
2026-09-29 11:05:24.833|INFO|CharacterScraper|Faruzan Talents: {auto=1, skill=4, burst=4}
2026-09-29 11:05:25.097|INFO|CharacterScraper|Scanned Faruzan successfully
2026-09-29 11:05:26.610|DEBUG|CharacterScraper|Scanned character name as Layla with element Cryo
2026-09-29 11:05:26.642|DEBUG|CharacterScraper|Scanned character level as Level 60 / 60)
2026-09-29 11:05:26.642|DEBUG|CharacterScraper|Filtered scanned text to 60/60
2026-09-29 11:05:26.646|DEBUG|CharacterScraper|Parsed character level as 60
2026-09-29 11:05:26.646|INFO|CharacterScraper|Layla Level: 60
2026-09-29 11:05:26.646|INFO|CharacterScraper|Layla Ascended: False
2026-09-29 11:05:30.449|INFO|CharacterScraper|Layla Constellation: 5
2026-09-29 11:05:32.835|INFO|CharacterScraper|Layla Talents: {auto=1, skill=4, burst=5}
2026-09-29 11:05:33.097|INFO|CharacterScraper|Scanned Layla successfully
2026-09-29 11:05:34.611|DEBUG|CharacterScraper|Scanned character name as Kaveh with element Dendro
2026-09-29 11:05:34.661|DEBUG|CharacterScraper|Scanned character level as Level 60 / 60)
2026-09-29 11:05:34.661|DEBUG|CharacterScraper|Filtered scanned text to 60/60
2026-09-29 11:05:34.661|DEBUG|CharacterScraper|Parsed character level as 60
2026-09-29 11:05:34.661|INFO|CharacterScraper|Kaveh Level: 60
2026-09-29 11:05:34.661|INFO|CharacterScraper|Kaveh Ascended: False
2026-09-29 11:05:37.697|INFO|CharacterScraper|Kaveh Constellation: 3
2026-09-29 11:05:40.106|INFO|CharacterScraper|Kaveh Talents: {auto=1, skill=1, burst=4}
2026-09-29 11:05:40.359|INFO|CharacterScraper|Scanned Kaveh successfully
2026-09-29 11:05:41.885|DEBUG|CharacterScraper|Could not parse character name/element (Atempt 1/75). Retrying...
2026-09-29 11:05:42.100|DEBUG|CharacterScraper|Could not parse character name/element (Atempt 2/75). Retrying...
2026-09-29 11:05:42.304|DEBUG|CharacterScraper|Could not parse character name/element (Atempt 3/75). Retrying...
2026-09-29 11:05:42.509|DEBUG|CharacterScraper|Could not parse character name/element (Atempt 4/75). Retrying...
2026-09-29 11:05:42.717|DEBUG|CharacterScraper|Could not parse character name/element (Atempt 5/75). Retrying...
2026-09-29 11:05:42.931|DEBUG|CharacterScraper|Could not parse character name/element (Atempt 6/75). Retrying...
2026-09-29 11:05:43.133|DEBUG|CharacterScraper|Scanned character name as Yaoyao with element Dendro
2026-09-29 11:05:43.176|DEBUG|CharacterScraper|Scanned character level as Level 60 / 60)
2026-09-29 11:05:43.176|DEBUG|CharacterScraper|Filtered scanned text to 60/60
2026-09-29 11:05:43.176|DEBUG|CharacterScraper|Parsed character level as 60
2026-09-29 11:05:43.176|INFO|CharacterScraper|Yaoyao Level: 60
2026-09-29 11:05:43.176|INFO|CharacterScraper|Yaoyao Ascended: False
2026-09-29 11:05:46.208|INFO|CharacterScraper|Yaoyao Constellation: 3
2026-09-29 11:05:48.601|INFO|CharacterScraper|Yaoyao Talents: {auto=1, skill=4, burst=1}
2026-09-29 11:05:48.855|INFO|CharacterScraper|Scanned Yaoyao successfully
2026-09-29 11:05:50.350|DEBUG|CharacterScraper|Scanned character name as Collei with element Dendro
2026-09-29 11:05:50.376|DEBUG|CharacterScraper|Scanned character level as Level 60 / 60
2026-09-29 11:05:50.376|DEBUG|CharacterScraper|Filtered scanned text to 60/60
2026-09-29 11:05:50.380|DEBUG|CharacterScraper|Parsed character level as 60
2026-09-29 11:05:50.380|INFO|CharacterScraper|Collei Level: 60
2026-09-29 11:05:50.380|INFO|CharacterScraper|Collei Ascended: False
2026-09-29 11:05:54.070|INFO|CharacterScraper|Collei Constellation: 6
2026-09-29 11:05:56.426|INFO|CharacterScraper|Collei Talents: {auto=1, skill=4, burst=4}
2026-09-29 11:05:56.683|INFO|CharacterScraper|Scanned Collei successfully
2026-09-29 11:05:58.172|DEBUG|CharacterScraper|Scanned character name as Aino with element Hydro
2026-09-29 11:05:58.210|DEBUG|CharacterScraper|Scanned character level as Level 60 / 60
2026-09-29 11:05:58.210|DEBUG|CharacterScraper|Filtered scanned text to 60/60
2026-09-29 11:05:58.210|DEBUG|CharacterScraper|Parsed character level as 60
2026-09-29 11:05:58.210|INFO|CharacterScraper|Aino Level: 60
2026-09-29 11:05:58.210|INFO|CharacterScraper|Aino Ascended: False
2026-09-29 11:06:01.948|INFO|CharacterScraper|Aino Constellation: 6
2026-09-29 11:06:04.345|INFO|CharacterScraper|Aino Talents: {auto=1, skill=4, burst=4}
2026-09-29 11:06:04.609|INFO|CharacterScraper|Scanned Aino successfully
2026-09-29 11:06:06.144|DEBUG|CharacterScraper|Scanned character name as Candace with element Hydro
2026-09-29 11:06:06.188|DEBUG|CharacterScraper|Scanned character level as Level 60 / 60
2026-09-29 11:06:06.188|DEBUG|CharacterScraper|Filtered scanned text to 60/60
2026-09-29 11:06:06.192|DEBUG|CharacterScraper|Parsed character level as 60
2026-09-29 11:06:06.192|INFO|CharacterScraper|Candace Level: 60
2026-09-29 11:06:06.192|INFO|CharacterScraper|Candace Ascended: False
2026-09-29 11:06:10.175|INFO|CharacterScraper|Candace Constellation: 6
2026-09-29 11:06:12.612|INFO|CharacterScraper|Candace Talents: {auto=1, skill=4, burst=4}
2026-09-29 11:06:12.871|INFO|CharacterScraper|Scanned Candace successfully
2026-09-29 11:06:14.383|DEBUG|CharacterScraper|Scanned character name as Barbara with element Hydro
2026-09-29 11:06:14.415|DEBUG|CharacterScraper|Scanned character level as Level 60 / 60
2026-09-29 11:06:14.415|DEBUG|CharacterScraper|Filtered scanned text to 60/60
2026-09-29 11:06:14.415|DEBUG|CharacterScraper|Parsed character level as 60
2026-09-29 11:06:14.415|INFO|CharacterScraper|Barbara Level: 60
2026-09-29 11:06:14.415|INFO|CharacterScraper|Barbara Ascended: False
2026-09-29 11:06:18.369|INFO|CharacterScraper|Barbara Constellation: 6
2026-09-29 11:06:20.759|INFO|CharacterScraper|Barbara Talents: {auto=2, skill=5, burst=5}
2026-09-29 11:06:21.011|INFO|CharacterScraper|Scanned Barbara successfully
2026-09-29 11:06:22.514|DEBUG|CharacterScraper|Scanned character name as Gaming with element Pyro
2026-09-29 11:06:22.558|DEBUG|CharacterScraper|Scanned character level as Level 60 / 60)
2026-09-29 11:06:22.558|DEBUG|CharacterScraper|Filtered scanned text to 60/60
2026-09-29 11:06:22.558|DEBUG|CharacterScraper|Parsed character level as 60
2026-09-29 11:06:22.558|INFO|CharacterScraper|Gaming Level: 60
2026-09-29 11:06:22.558|INFO|CharacterScraper|Gaming Ascended: False
2026-09-29 11:06:25.383|INFO|CharacterScraper|Gaming Constellation: 3
2026-09-29 11:06:27.743|INFO|CharacterScraper|Gaming Talents: {auto=1, skill=4, burst=1}
2026-09-29 11:06:27.999|INFO|CharacterScraper|Scanned Gaming successfully
2026-09-29 11:06:29.495|DEBUG|CharacterScraper|Scanned character name as Chevreuse with element Pyro
2026-09-29 11:06:29.537|DEBUG|CharacterScraper|Scanned character level as Level 60 / 60)
2026-09-29 11:06:29.537|DEBUG|CharacterScraper|Filtered scanned text to 60/60
2026-09-29 11:06:29.537|DEBUG|CharacterScraper|Parsed character level as 60
2026-09-29 11:06:29.537|INFO|CharacterScraper|Chevreuse Level: 60
2026-09-29 11:06:29.537|INFO|CharacterScraper|Chevreuse Ascended: False
2026-09-29 11:06:31.515|INFO|CharacterScraper|Chevreuse Constellation: 1
2026-09-29 11:06:33.908|INFO|CharacterScraper|Chevreuse Talents: {auto=1, skill=1, burst=1}
2026-09-29 11:06:34.167|INFO|CharacterScraper|Scanned Chevreuse successfully
2026-09-29 11:06:35.672|DEBUG|CharacterScraper|Scanned character name as Thoma with element Pyro
2026-09-29 11:06:35.711|DEBUG|CharacterScraper|Scanned character level as Level 60 / 60
2026-09-29 11:06:35.711|DEBUG|CharacterScraper|Filtered scanned text to 60/60
2026-09-29 11:06:35.711|DEBUG|CharacterScraper|Parsed character level as 60
2026-09-29 11:06:35.711|INFO|CharacterScraper|Thoma Level: 60
2026-09-29 11:06:35.711|INFO|CharacterScraper|Thoma Ascended: False
2026-09-29 11:06:37.301|INFO|CharacterScraper|Thoma Constellation: 0
2026-09-29 11:06:39.682|INFO|CharacterScraper|Thoma Talents: {auto=1, skill=1, burst=1}
2026-09-29 11:06:39.948|INFO|CharacterScraper|Scanned Thoma successfully
2026-09-29 11:06:41.454|DEBUG|CharacterScraper|Scanned character name as Yanfei with element Pyro
2026-09-29 11:06:41.496|DEBUG|CharacterScraper|Scanned character level as Level 60 / 60)
2026-09-29 11:06:41.496|DEBUG|CharacterScraper|Filtered scanned text to 60/60
2026-09-29 11:06:41.496|DEBUG|CharacterScraper|Parsed character level as 60
2026-09-29 11:06:41.496|INFO|CharacterScraper|Yanfei Level: 60
2026-09-29 11:06:41.496|INFO|CharacterScraper|Yanfei Ascended: False
2026-09-29 11:06:44.565|INFO|CharacterScraper|Yanfei Constellation: 3
2026-09-29 11:06:46.943|INFO|CharacterScraper|Yanfei Talents: {auto=4, skill=7, burst=4}
2026-09-29 11:06:47.204|INFO|CharacterScraper|Scanned Yanfei successfully
2026-09-29 11:06:48.702|DEBUG|CharacterScraper|Could not parse character name/element (Atempt 1/75). Retrying...
2026-09-29 11:06:48.879|DEBUG|CharacterScraper|Could not parse character name/element (Atempt 2/75). Retrying...
2026-09-29 11:06:49.048|DEBUG|CharacterScraper|Scanned character name as Xinyan with element Pyro
2026-09-29 11:06:49.085|DEBUG|CharacterScraper|Scanned character level as Level 60 / 60
2026-09-29 11:06:49.085|DEBUG|CharacterScraper|Filtered scanned text to 60/60
2026-09-29 11:06:49.085|DEBUG|CharacterScraper|Parsed character level as 60
2026-09-29 11:06:49.085|INFO|CharacterScraper|Xinyan Level: 60
2026-09-29 11:06:49.085|INFO|CharacterScraper|Xinyan Ascended: False
2026-09-29 11:06:52.808|INFO|CharacterScraper|Xinyan Constellation: 6
2026-09-29 11:06:55.146|INFO|CharacterScraper|Xinyan Talents: {auto=1, skill=4, burst=4}
2026-09-29 11:06:55.406|INFO|CharacterScraper|Scanned Xinyan successfully
2026-09-29 11:06:56.892|DEBUG|CharacterScraper|Scanned character name as Amber with element Pyro
2026-09-29 11:06:56.926|DEBUG|CharacterScraper|Scanned character level as Level 60 / 60)
2026-09-29 11:06:56.926|DEBUG|CharacterScraper|Filtered scanned text to 60/60
2026-09-29 11:06:56.926|DEBUG|CharacterScraper|Parsed character level as 60
2026-09-29 11:06:56.926|INFO|CharacterScraper|Amber Level: 60
2026-09-29 11:06:56.926|INFO|CharacterScraper|Amber Ascended: False
2026-09-29 11:06:59.806|INFO|CharacterScraper|Amber Constellation: 3
2026-09-29 11:07:02.171|INFO|CharacterScraper|Amber Talents: {auto=1, skill=1, burst=4}
2026-09-29 11:07:02.422|INFO|CharacterScraper|Scanned Amber successfully
2026-09-29 11:07:03.934|DEBUG|GenshinProcesor|Most similar string found for vesnai as vesna (83,3333333333333%)
2026-09-29 11:07:03.934|DEBUG|CharacterScraper|Scanned character name as Vesna with element Anemo
2026-09-29 11:07:03.981|DEBUG|CharacterScraper|Scanned character level as Level 50 / 50
2026-09-29 11:07:03.981|DEBUG|CharacterScraper|Filtered scanned text to 50/50
2026-09-29 11:07:03.981|DEBUG|CharacterScraper|Parsed character level as 50
2026-09-29 11:07:03.981|INFO|CharacterScraper|Vesna Level: 50
2026-09-29 11:07:03.981|INFO|CharacterScraper|Vesna Ascended: False
2026-09-29 11:07:05.559|INFO|CharacterScraper|Vesna Constellation: 0
2026-09-29 11:07:07.976|INFO|CharacterScraper|Vesna Talents: {auto=1, skill=1, burst=1}
2026-09-29 11:07:08.231|INFO|CharacterScraper|Scanned Vesna successfully
2026-09-29 11:07:09.749|DEBUG|CharacterScraper|Scanned character name as Keqing with element Electro
2026-09-29 11:07:09.783|DEBUG|CharacterScraper|Scanned character level as Level 50 / 50
2026-09-29 11:07:09.783|DEBUG|CharacterScraper|Filtered scanned text to 50/50
2026-09-29 11:07:09.787|DEBUG|CharacterScraper|Parsed character level as 50
2026-09-29 11:07:09.787|INFO|CharacterScraper|Keqing Level: 50
2026-09-29 11:07:09.787|INFO|CharacterScraper|Keqing Ascended: False
2026-09-29 11:07:11.358|INFO|CharacterScraper|Keqing Constellation: 0
2026-09-29 11:07:13.724|INFO|CharacterScraper|Keqing Talents: {auto=1, skill=1, burst=1}
2026-09-29 11:07:13.985|INFO|CharacterScraper|Scanned Keqing successfully
2026-09-29 11:07:15.541|DEBUG|CharacterScraper|Scanned character name as ShikanoinHeizou with element Anemo
2026-09-29 11:07:15.591|DEBUG|CharacterScraper|Scanned character level as Level 50 / 50
2026-09-29 11:07:15.591|DEBUG|CharacterScraper|Filtered scanned text to 50/50
2026-09-29 11:07:15.591|DEBUG|CharacterScraper|Parsed character level as 50
2026-09-29 11:07:15.591|INFO|CharacterScraper|ShikanoinHeizou Level: 50
2026-09-29 11:07:15.591|INFO|CharacterScraper|ShikanoinHeizou Ascended: False
2026-09-29 11:07:19.469|INFO|CharacterScraper|ShikanoinHeizou Constellation: 6
2026-09-29 11:07:21.827|INFO|CharacterScraper|ShikanoinHeizou Talents: {auto=1, skill=4, burst=4}
2026-09-29 11:07:22.086|INFO|CharacterScraper|Scanned ShikanoinHeizou successfully
2026-09-29 11:07:23.567|DEBUG|CharacterScraper|Scanned character name as Sayu with element Anemo
2026-09-29 11:07:23.604|DEBUG|CharacterScraper|Scanned character level as Level 50 / 50
2026-09-29 11:07:23.604|DEBUG|CharacterScraper|Filtered scanned text to 50/50
2026-09-29 11:07:23.604|DEBUG|CharacterScraper|Parsed character level as 50
2026-09-29 11:07:23.604|INFO|CharacterScraper|Sayu Level: 50
2026-09-29 11:07:23.604|INFO|CharacterScraper|Sayu Ascended: False
2026-09-29 11:07:26.466|INFO|CharacterScraper|Sayu Constellation: 3
2026-09-29 11:07:28.878|INFO|CharacterScraper|Sayu Talents: {auto=1, skill=1, burst=4}
2026-09-29 11:07:29.134|INFO|CharacterScraper|Scanned Sayu successfully
2026-09-29 11:07:30.623|DEBUG|CharacterScraper|Scanned character name as Charlotte with element Cryo
2026-09-29 11:07:30.651|DEBUG|CharacterScraper|Scanned character level as Level 50 / 50)
2026-09-29 11:07:30.651|DEBUG|CharacterScraper|Filtered scanned text to 50/50
2026-09-29 11:07:30.651|DEBUG|CharacterScraper|Parsed character level as 50
2026-09-29 11:07:30.651|INFO|CharacterScraper|Charlotte Level: 50
2026-09-29 11:07:30.651|INFO|CharacterScraper|Charlotte Ascended: False
2026-09-29 11:07:34.495|INFO|CharacterScraper|Charlotte Constellation: 5
2026-09-29 11:07:36.964|INFO|CharacterScraper|Charlotte Talents: {auto=1, skill=4, burst=4}
2026-09-29 11:07:37.216|INFO|CharacterScraper|Scanned Charlotte successfully
2026-09-29 11:07:38.740|DEBUG|CharacterScraper|Scanned character name as Freminet with element Cryo
2026-09-29 11:07:38.785|DEBUG|CharacterScraper|Scanned character level as Level 50 / 50
2026-09-29 11:07:38.785|DEBUG|CharacterScraper|Filtered scanned text to 50/50
2026-09-29 11:07:38.785|DEBUG|CharacterScraper|Parsed character level as 50
2026-09-29 11:07:38.785|INFO|CharacterScraper|Freminet Level: 50
2026-09-29 11:07:38.785|INFO|CharacterScraper|Freminet Ascended: False
2026-09-29 11:07:42.909|INFO|CharacterScraper|Freminet Constellation: 5
2026-09-29 11:07:45.285|INFO|CharacterScraper|Freminet Talents: {auto=4, skill=4, burst=1}
2026-09-29 11:07:45.546|INFO|CharacterScraper|Scanned Freminet successfully
2026-09-29 11:07:47.052|DEBUG|CharacterScraper|Scanned character name as Mika with element Cryo
2026-09-29 11:07:47.096|DEBUG|CharacterScraper|Scanned character level as Level 50 / 50
2026-09-29 11:07:47.096|DEBUG|CharacterScraper|Filtered scanned text to 50/50
2026-09-29 11:07:47.096|DEBUG|CharacterScraper|Parsed character level as 50
2026-09-29 11:07:47.096|INFO|CharacterScraper|Mika Level: 50
2026-09-29 11:07:47.096|INFO|CharacterScraper|Mika Ascended: False
2026-09-29 11:07:50.867|INFO|CharacterScraper|Mika Constellation: 6
2026-09-29 11:07:53.259|INFO|CharacterScraper|Mika Talents: {auto=1, skill=4, burst=4}
2026-09-29 11:07:53.517|INFO|CharacterScraper|Scanned Mika successfully
2026-09-29 11:07:55.015|DEBUG|CharacterScraper|Scanned character name as KujouSara with element Electro
2026-09-29 11:07:55.054|DEBUG|CharacterScraper|Scanned character level as Level 50 7 50
2026-09-29 11:07:55.054|DEBUG|CharacterScraper|Filtered scanned text to 50750
2026-09-29 11:07:55.054|DEBUG|CharacterScraper|Failed to parse character level and ascension from 50750 (text), retrying
2026-09-29 11:07:55.132|DEBUG|CharacterScraper|Scanned character level as Level 50 7 50
2026-09-29 11:07:55.132|DEBUG|CharacterScraper|Filtered scanned text to 50750
2026-09-29 11:07:55.132|DEBUG|CharacterScraper|Failed to parse character level and ascension from 50750 (text), retrying
2026-09-29 11:07:55.217|DEBUG|CharacterScraper|Scanned character level as Level 50 J 50
2026-09-29 11:07:55.217|DEBUG|CharacterScraper|Filtered scanned text to 5050
2026-09-29 11:07:55.217|DEBUG|CharacterScraper|Failed to parse character level and ascension from 5050 (text), retrying
2026-09-29 11:07:55.316|DEBUG|CharacterScraper|Scanned character level as Level 50 J 50
2026-09-29 11:07:55.316|DEBUG|CharacterScraper|Filtered scanned text to 5050
2026-09-29 11:07:55.316|DEBUG|CharacterScraper|Failed to parse character level and ascension from 5050 (text), retrying
2026-09-29 11:07:55.401|DEBUG|CharacterScraper|Scanned character level as Level 50 / 50
2026-09-29 11:07:55.401|DEBUG|CharacterScraper|Filtered scanned text to 50/50
2026-09-29 11:07:55.401|DEBUG|CharacterScraper|Parsed character level as 50
2026-09-29 11:07:55.401|INFO|CharacterScraper|KujouSara Level: 50
2026-09-29 11:07:55.401|INFO|CharacterScraper|KujouSara Ascended: False
2026-09-29 11:07:59.193|INFO|CharacterScraper|KujouSara Constellation: 6
2026-09-29 11:08:01.580|INFO|CharacterScraper|KujouSara Talents: {auto=1, skill=4, burst=4}
2026-09-29 11:08:01.832|INFO|CharacterScraper|Scanned KujouSara successfully
2026-09-29 11:08:03.351|DEBUG|CharacterScraper|Scanned character name as Kirara with element Dendro
2026-09-29 11:08:03.385|DEBUG|CharacterScraper|Scanned character level as Level 50 / 50
2026-09-29 11:08:03.385|DEBUG|CharacterScraper|Filtered scanned text to 50/50
2026-09-29 11:08:03.385|DEBUG|CharacterScraper|Parsed character level as 50
2026-09-29 11:08:03.385|INFO|CharacterScraper|Kirara Level: 50
2026-09-29 11:08:03.385|INFO|CharacterScraper|Kirara Ascended: False
2026-09-29 11:08:05.444|INFO|CharacterScraper|Kirara Constellation: 1
2026-09-29 11:08:07.829|INFO|CharacterScraper|Kirara Talents: {auto=1, skill=1, burst=1}
2026-09-29 11:08:08.088|INFO|CharacterScraper|Scanned Kirara successfully
2026-09-29 11:08:09.608|DEBUG|CharacterScraper|Scanned character name as YunJin with element Geo
2026-09-29 11:08:09.652|DEBUG|CharacterScraper|Scanned character level as - Level 40 / 4.0)
2026-09-29 11:08:09.652|DEBUG|CharacterScraper|Filtered scanned text to 40/40
2026-09-29 11:08:09.652|DEBUG|CharacterScraper|Parsed character level as 40
2026-09-29 11:08:09.652|INFO|CharacterScraper|YunJin Level: 40
2026-09-29 11:08:09.652|INFO|CharacterScraper|YunJin Ascended: False
2026-09-29 11:08:12.659|INFO|CharacterScraper|YunJin Constellation: 3
2026-09-29 11:08:15.065|INFO|CharacterScraper|YunJin Talents: {auto=1, skill=1, burst=4}
2026-09-29 11:08:15.326|INFO|CharacterScraper|Scanned YunJin successfully
2026-09-29 11:08:16.838|DEBUG|CharacterScraper|Scanned character name as Gorou with element Geo
2026-09-29 11:08:16.885|DEBUG|CharacterScraper|Scanned character level as Level 40 / 40)
2026-09-29 11:08:16.885|DEBUG|CharacterScraper|Filtered scanned text to 40/40
2026-09-29 11:08:16.885|DEBUG|CharacterScraper|Parsed character level as 40
2026-09-29 11:08:16.885|INFO|CharacterScraper|Gorou Level: 40
2026-09-29 11:08:16.885|INFO|CharacterScraper|Gorou Ascended: False
2026-09-29 11:08:20.219|INFO|CharacterScraper|Gorou Constellation: 4
2026-09-29 11:08:22.603|INFO|CharacterScraper|Gorou Talents: {auto=1, skill=4, burst=1}
2026-09-29 11:08:22.858|INFO|CharacterScraper|Scanned Gorou successfully
2026-09-29 11:08:24.371|DEBUG|CharacterScraper|Scanned character name as Alyosha with element Electro
2026-09-29 11:08:24.405|DEBUG|CharacterScraper|Scanned character level as Level 40 / 40
2026-09-29 11:08:24.405|DEBUG|CharacterScraper|Filtered scanned text to 40/40
2026-09-29 11:08:24.405|DEBUG|CharacterScraper|Parsed character level as 40
2026-09-29 11:08:24.405|INFO|CharacterScraper|Alyosha Level: 40
2026-09-29 11:08:24.405|INFO|CharacterScraper|Alyosha Ascended: False
2026-09-29 11:08:28.148|INFO|CharacterScraper|Alyosha Constellation: 5
2026-09-29 11:08:30.534|INFO|CharacterScraper|Alyosha Talents: {auto=1, skill=4, burst=4}
2026-09-29 11:08:30.792|INFO|CharacterScraper|Scanned Alyosha successfully
2026-09-29 11:08:32.310|DEBUG|CharacterScraper|Scanned character name as Iansan with element Electro
2026-09-29 11:08:32.350|DEBUG|CharacterScraper|Scanned character level as Level 40 / 40)
2026-09-29 11:08:32.350|DEBUG|CharacterScraper|Filtered scanned text to 40/40
2026-09-29 11:08:32.350|DEBUG|CharacterScraper|Parsed character level as 40
2026-09-29 11:08:32.350|INFO|CharacterScraper|Iansan Level: 40
2026-09-29 11:08:32.350|INFO|CharacterScraper|Iansan Ascended: False
2026-09-29 11:08:34.898|INFO|CharacterScraper|Iansan Constellation: 2
2026-09-29 11:08:37.299|INFO|CharacterScraper|Iansan Talents: {auto=1, skill=1, burst=1}
2026-09-29 11:08:37.559|INFO|CharacterScraper|Scanned Iansan successfully
2026-09-29 11:08:39.069|DEBUG|CharacterScraper|Scanned character name as Sethos with element Electro
2026-09-29 11:08:39.106|DEBUG|CharacterScraper|Scanned character level as Level 40 / 41)
2026-09-29 11:08:39.106|DEBUG|CharacterScraper|Filtered scanned text to 40/41
2026-09-29 11:08:39.106|DEBUG|CharacterScraper|Parsed character level as 40
2026-09-29 11:08:39.106|INFO|CharacterScraper|Sethos Level: 40
2026-09-29 11:08:39.112|INFO|CharacterScraper|Sethos Ascended: False
2026-09-29 11:08:40.682|INFO|CharacterScraper|Sethos Constellation: 0
2026-09-29 11:08:43.142|INFO|CharacterScraper|Sethos Talents: {auto=1, skill=1, burst=1}
2026-09-29 11:08:43.408|INFO|CharacterScraper|Scanned Sethos successfully
2026-09-29 11:08:44.939|DEBUG|CharacterScraper|Could not parse character name/element (Atempt 1/75). Retrying...
2026-09-29 11:08:45.148|DEBUG|CharacterScraper|Scanned character name as Dori with element Electro
2026-09-29 11:08:45.187|DEBUG|CharacterScraper|Scanned character level as Level 40 / 40)
2026-09-29 11:08:45.187|DEBUG|CharacterScraper|Filtered scanned text to 40/40
2026-09-29 11:08:45.192|DEBUG|CharacterScraper|Parsed character level as 40
2026-09-29 11:08:45.192|INFO|CharacterScraper|Dori Level: 40
2026-09-29 11:08:45.192|INFO|CharacterScraper|Dori Ascended: False
2026-09-29 11:08:49.092|INFO|CharacterScraper|Dori Constellation: 6
2026-09-29 11:08:51.523|INFO|CharacterScraper|Dori Talents: {auto=1, skill=4, burst=4}
2026-09-29 11:08:51.781|INFO|CharacterScraper|Scanned Dori successfully
2026-09-29 11:08:53.282|DEBUG|CharacterScraper|Scanned character name as Dahlia with element Hydro
2026-09-29 11:08:53.312|DEBUG|CharacterScraper|Scanned character level as Level 40 / 40)
2026-09-29 11:08:53.312|DEBUG|CharacterScraper|Filtered scanned text to 40/40
2026-09-29 11:08:53.315|DEBUG|CharacterScraper|Parsed character level as 40
2026-09-29 11:08:53.315|INFO|CharacterScraper|Dahlia Level: 40
2026-09-29 11:08:53.315|INFO|CharacterScraper|Dahlia Ascended: False
2026-09-29 11:08:55.274|INFO|CharacterScraper|Dahlia Constellation: 1
2026-09-29 11:08:57.631|INFO|CharacterScraper|Dahlia Talents: {auto=1, skill=1, burst=1}
2026-09-29 11:08:57.881|INFO|CharacterScraper|Scanned Dahlia successfully
2026-09-29 11:08:59.393|DEBUG|CharacterScraper|Scanned character name as Manekina with element Cryo
2026-09-29 11:08:59.393|INFO|CharacterScraper|Skipping Manekina: no standard constellation UI
2026-09-29 11:08:59.393|ERROR|CharacterScraper|Failed to scan character
Invalid level
Invalid talents
Character
Name: Manekina
Element: Cryo
Level: 0
Ascension Level: 0
Constellation: 0
AUTO : 0
SKILL : 0
BURST : 0

2026-09-29 11:09:00.896|DEBUG|CharacterScraper|Scanned character name as Manekin with element Cryo
2026-09-29 11:09:00.896|INFO|CharacterScraper|Skipping Manekin: no standard constellation UI
2026-09-29 11:09:00.896|ERROR|CharacterScraper|Failed to scan character
Invalid level
Invalid talents
Character
Name: Manekin
Element: Cryo
Level: 0
Ascension Level: 0
Constellation: 0
AUTO : 0
SKILL : 0
BURST : 0

2026-09-29 11:09:02.410|DEBUG|CharacterScraper|Scanned character name as Sandrone with element Cryo
2026-09-29 11:09:02.410|INFO|CharacterScraper|Repeat character Sandrone detected. Finishing character scan...
2026-09-29 11:09:02.410|INFO|CharacterScraper|Wrap-around detected with recent failures; allowing one retry pass for skipped characters.
2026-09-29 11:09:02.410|ERROR|CharacterScraper|Failed to scan character
Invalid level
Invalid talents
Character
Name: Sandrone
Element: Cryo
Level: 0
Ascension Level: 0
Constellation: 0
AUTO : 0
SKILL : 0
BURST : 0

2026-09-29 11:09:03.955|DEBUG|CharacterScraper|Scanned character name as Odette with element Cryo
2026-09-29 11:09:03.986|DEBUG|CharacterScraper|Scanned character level as Level 90 / 90
2026-09-29 11:09:03.986|DEBUG|CharacterScraper|Filtered scanned text to 90/90
2026-09-29 11:09:03.990|DEBUG|CharacterScraper|Parsed character level as 90
2026-09-29 11:09:03.990|INFO|CharacterScraper|Odette Level: 90
2026-09-29 11:09:03.990|INFO|CharacterScraper|Odette Ascended: False
2026-09-29 11:09:05.562|INFO|CharacterScraper|Odette Constellation: 0
2026-09-29 11:09:07.989|INFO|CharacterScraper|Odette Talents: {auto=6, skill=9, burst=8}
2026-09-29 11:09:08.241|INFO|CharacterScraper|Prevented Odette duplicate scan
2026-09-29 11:09:09.775|DEBUG|CharacterScraper|Scanned character name as KukiShinobu with element Electro
2026-09-29 11:09:09.821|DEBUG|CharacterScraper|Scanned character level as Level 90 / 90
2026-09-29 11:09:09.821|DEBUG|CharacterScraper|Filtered scanned text to 90/90
2026-09-29 11:09:09.821|DEBUG|CharacterScraper|Parsed character level as 90
2026-09-29 11:09:09.821|INFO|CharacterScraper|KukiShinobu Level: 90
2026-09-29 11:09:09.821|INFO|CharacterScraper|KukiShinobu Ascended: False
2026-09-29 11:09:13.790|INFO|CharacterScraper|KukiShinobu Constellation: 6
2026-09-29 11:09:16.215|INFO|CharacterScraper|KukiShinobu Talents: {auto=10, skill=13, burst=13}
2026-09-29 11:09:16.467|INFO|CharacterScraper|Prevented KukiShinobu duplicate scan
2026-09-29 11:09:17.996|DEBUG|CharacterScraper|Scanned character name as Furina with element Hydro
2026-09-29 11:09:18.031|DEBUG|CharacterScraper|Scanned character level as Level 90 / 90
2026-09-29 11:09:18.031|DEBUG|CharacterScraper|Filtered scanned text to 90/90
2026-09-29 11:09:18.036|DEBUG|CharacterScraper|Parsed character level as 90
2026-09-29 11:09:18.036|INFO|CharacterScraper|Furina Level: 90
2026-09-29 11:09:18.036|INFO|CharacterScraper|Furina Ascended: False
2026-09-29 11:09:19.556|INFO|CharacterScraper|Furina Constellation: 0
2026-09-29 11:09:21.934|INFO|CharacterScraper|Furina Talents: {auto=10, skill=10, burst=10}
2026-09-29 11:09:22.197|INFO|CharacterScraper|Prevented Furina duplicate scan
2026-09-29 11:09:23.702|DEBUG|CharacterScraper|Scanned character name as Alhaitham with element Dendro
2026-09-29 11:09:23.728|DEBUG|CharacterScraper|Scanned character level as Level 90 / 90)
2026-09-29 11:09:23.728|DEBUG|CharacterScraper|Filtered scanned text to 90/90
2026-09-29 11:09:23.728|DEBUG|CharacterScraper|Parsed character level as 90
2026-09-29 11:09:23.728|INFO|CharacterScraper|Alhaitham Level: 90
2026-09-29 11:09:23.728|INFO|CharacterScraper|Alhaitham Ascended: False
2026-09-29 11:09:25.691|INFO|CharacterScraper|Alhaitham Constellation: 1
2026-09-29 11:09:28.107|INFO|CharacterScraper|Alhaitham Talents: {auto=10, skill=10, burst=10}
2026-09-29 11:09:28.369|INFO|CharacterScraper|Prevented Alhaitham duplicate scan
2026-09-29 11:09:29.863|DEBUG|CharacterScraper|Scanned character name as Xingqiu with element Hydro
2026-09-29 11:09:29.895|DEBUG|CharacterScraper|Scanned character level as - Level 90 / 90
2026-09-29 11:09:29.895|DEBUG|CharacterScraper|Filtered scanned text to 90/90
2026-09-29 11:09:29.895|DEBUG|CharacterScraper|Parsed character level as 90
2026-09-29 11:09:29.895|INFO|CharacterScraper|Xingqiu Level: 90
2026-09-29 11:09:29.895|INFO|CharacterScraper|Xingqiu Ascended: False
2026-09-29 11:09:33.669|INFO|CharacterScraper|Xingqiu Constellation: 6
2026-09-29 11:09:36.111|INFO|CharacterScraper|Xingqiu Talents: {auto=10, skill=13, burst=13}
2026-09-29 11:09:36.374|INFO|CharacterScraper|Prevented Xingqiu duplicate scan
2026-09-29 11:09:37.898|DEBUG|CharacterScraper|Scanned character name as Sucrose with element Anemo
2026-09-29 11:09:37.947|DEBUG|CharacterScraper|Scanned character level as Level 90 / 90)
2026-09-29 11:09:37.947|DEBUG|CharacterScraper|Filtered scanned text to 90/90
2026-09-29 11:09:37.947|DEBUG|CharacterScraper|Parsed character level as 90
2026-09-29 11:09:37.947|INFO|CharacterScraper|Sucrose Level: 90
2026-09-29 11:09:37.947|INFO|CharacterScraper|Sucrose Ascended: False
2026-09-29 11:09:41.914|INFO|CharacterScraper|Sucrose Constellation: 6
2026-09-29 11:09:44.398|INFO|CharacterScraper|Sucrose Talents: {auto=8, skill=10, burst=11}
2026-09-29 11:09:44.658|INFO|CharacterScraper|Prevented Sucrose duplicate scan
2026-09-29 11:09:46.199|DEBUG|CharacterScraper|Scanned character name as Fischl with element Electro
2026-09-29 11:09:46.241|DEBUG|CharacterScraper|Scanned character level as Level 90 / 90
2026-09-29 11:09:46.241|DEBUG|CharacterScraper|Filtered scanned text to 90/90
2026-09-29 11:09:46.241|DEBUG|CharacterScraper|Parsed character level as 90
2026-09-29 11:09:46.241|INFO|CharacterScraper|Fischl Level: 90
2026-09-29 11:09:46.241|INFO|CharacterScraper|Fischl Ascended: False
2026-09-29 11:09:49.159|INFO|CharacterScraper|Fischl Constellation: 3
2026-09-29 11:09:51.528|INFO|CharacterScraper|Fischl Talents: {auto=8, skill=12, burst=8}
2026-09-29 11:09:51.782|INFO|CharacterScraper|Prevented Fischl duplicate scan
2026-09-29 11:09:53.282|DEBUG|CharacterScraper|Scanned character name as Bennett with element Pyro
2026-09-29 11:09:53.310|DEBUG|CharacterScraper|Scanned character level as Level 90 / 90
2026-09-29 11:09:53.310|DEBUG|CharacterScraper|Filtered scanned text to 90/90
2026-09-29 11:09:53.310|DEBUG|CharacterScraper|Parsed character level as 90
2026-09-29 11:09:53.310|INFO|CharacterScraper|Bennett Level: 90
2026-09-29 11:09:53.310|INFO|CharacterScraper|Bennett Ascended: False
2026-09-29 11:09:57.055|INFO|CharacterScraper|Bennett Constellation: 6
2026-09-29 11:09:59.434|INFO|CharacterScraper|Bennett Talents: {auto=8, skill=12, burst=13}
2026-09-29 11:09:59.687|INFO|CharacterScraper|Prevented Bennett duplicate scan
2026-09-29 11:10:01.205|DEBUG|CharacterScraper|Scanned character name as YumemizukiMizuki with element Anemo
2026-09-29 11:10:01.249|DEBUG|CharacterScraper|Scanned character level as Level 83 / 90 ,
2026-09-29 11:10:01.249|DEBUG|CharacterScraper|Filtered scanned text to 83/90
2026-09-29 11:10:01.254|DEBUG|CharacterScraper|Parsed character level as 83
2026-09-29 11:10:01.254|INFO|CharacterScraper|YumemizukiMizuki Level: 83
2026-09-29 11:10:01.254|INFO|CharacterScraper|YumemizukiMizuki Ascended: True
2026-09-29 11:10:03.739|INFO|CharacterScraper|YumemizukiMizuki Constellation: 2
2026-09-29 11:10:06.171|INFO|CharacterScraper|YumemizukiMizuki Talents: {auto=6, skill=8, burst=8}
2026-09-29 11:10:06.434|INFO|CharacterScraper|Prevented YumemizukiMizuki duplicate scan
2026-09-29 11:10:07.934|DEBUG|CharacterScraper|Scanned character name as Zhongli with element Geo
2026-09-29 11:10:07.979|DEBUG|CharacterScraper|Scanned character level as Level 90 / 90
2026-09-29 11:10:07.979|DEBUG|CharacterScraper|Filtered scanned text to 90/90
2026-09-29 11:10:07.979|DEBUG|CharacterScraper|Parsed character level as 90
2026-09-29 11:10:07.979|INFO|CharacterScraper|Zhongli Level: 90
2026-09-29 11:10:07.979|INFO|CharacterScraper|Zhongli Ascended: False
2026-09-29 11:10:09.557|INFO|CharacterScraper|Zhongli Constellation: 0
2026-09-29 11:10:11.936|INFO|CharacterScraper|Zhongli Talents: {auto=8, skill=10, burst=10}
2026-09-29 11:10:12.195|INFO|CharacterScraper|Prevented Zhongli duplicate scan
2026-09-29 11:10:13.726|DEBUG|CharacterScraper|Could not parse character name/element (Atempt 1/75). Retrying...
2026-09-29 11:10:13.913|DEBUG|CharacterScraper|Could not parse character name/element (Atempt 2/75). Retrying...
2026-09-29 11:10:14.111|DEBUG|CharacterScraper|Scanned character name as Xiao with element Anemo
2026-09-29 11:10:14.143|DEBUG|CharacterScraper|Scanned character level as Level 90 / 90
2026-09-29 11:10:14.143|DEBUG|CharacterScraper|Filtered scanned text to 90/90
2026-09-29 11:10:14.143|DEBUG|CharacterScraper|Parsed character level as 90
2026-09-29 11:10:14.143|INFO|CharacterScraper|Xiao Level: 90
2026-09-29 11:10:14.143|INFO|CharacterScraper|Xiao Ascended: False
2026-09-29 11:10:16.221|INFO|CharacterScraper|Xiao Constellation: 1
2026-09-29 11:10:18.634|INFO|CharacterScraper|Xiao Talents: {auto=10, skill=9, burst=10}
2026-09-29 11:10:18.885|INFO|CharacterScraper|Prevented Xiao duplicate scan
2026-09-29 11:10:20.374|DEBUG|CharacterScraper|Scanned character name as Skirk with element Cryo
2026-09-29 11:10:20.405|DEBUG|CharacterScraper|Scanned character level as Level 90 / 90)
2026-09-29 11:10:20.405|DEBUG|CharacterScraper|Filtered scanned text to 90/90
2026-09-29 11:10:20.405|DEBUG|CharacterScraper|Parsed character level as 90
2026-09-29 11:10:20.405|INFO|CharacterScraper|Skirk Level: 90
2026-09-29 11:10:20.405|INFO|CharacterScraper|Skirk Ascended: False
2026-09-29 11:10:21.953|INFO|CharacterScraper|Skirk Constellation: 0
2026-09-29 11:10:24.289|INFO|CharacterScraper|Skirk Talents: {auto=10, skill=10, burst=10}
2026-09-29 11:10:24.541|INFO|CharacterScraper|Prevented Skirk duplicate scan
2026-09-29 11:10:26.049|DEBUG|CharacterScraper|Scanned character name as Wriothesley with element Cryo
2026-09-29 11:10:26.092|DEBUG|CharacterScraper|Scanned character level as Level 90 / 90
2026-09-29 11:10:26.092|DEBUG|CharacterScraper|Filtered scanned text to 90/90
2026-09-29 11:10:26.092|DEBUG|CharacterScraper|Parsed character level as 90
2026-09-29 11:10:26.092|INFO|CharacterScraper|Wriothesley Level: 90
2026-09-29 11:10:26.092|INFO|CharacterScraper|Wriothesley Ascended: False
2026-09-29 11:10:27.639|INFO|CharacterScraper|Wriothesley Constellation: 0
2026-09-29 11:10:30.000|INFO|CharacterScraper|Wriothesley Talents: {auto=10, skill=10, burst=10}
2026-09-29 11:10:30.265|INFO|CharacterScraper|Prevented Wriothesley duplicate scan
2026-09-29 11:10:31.764|DEBUG|CharacterScraper|Scanned character name as Traveler with element Cryo
2026-09-29 11:10:31.793|DEBUG|CharacterScraper|Scanned character level as Level 90 / 90
2026-09-29 11:10:31.793|DEBUG|CharacterScraper|Filtered scanned text to 90/90
2026-09-29 11:10:31.793|DEBUG|CharacterScraper|Parsed character level as 90
2026-09-29 11:10:31.793|INFO|CharacterScraper|TravelerCryo Level: 90
2026-09-29 11:10:31.793|INFO|CharacterScraper|TravelerCryo Ascended: False
2026-09-29 11:10:35.252|INFO|CharacterScraper|TravelerCryo Constellation: 4
2026-09-29 11:10:37.639|INFO|CharacterScraper|TravelerCryo Talents: {auto=7, skill=6, burst=11}
2026-09-29 11:10:37.897|INFO|CharacterScraper|Prevented TravelerCryo duplicate scan
2026-09-29 11:10:39.445|DEBUG|CharacterScraper|Scanned character name as KamisatoAyaka with element Cryo
2026-09-29 11:10:39.495|DEBUG|CharacterScraper|Scanned character level as Level 90 / 90
2026-09-29 11:10:39.495|DEBUG|CharacterScraper|Filtered scanned text to 90/90
2026-09-29 11:10:39.495|DEBUG|CharacterScraper|Parsed character level as 90
2026-09-29 11:10:39.495|INFO|CharacterScraper|KamisatoAyaka Level: 90
2026-09-29 11:10:39.495|INFO|CharacterScraper|KamisatoAyaka Ascended: False
2026-09-29 11:10:41.568|INFO|CharacterScraper|KamisatoAyaka Constellation: 1
2026-09-29 11:10:43.979|INFO|CharacterScraper|KamisatoAyaka Talents: {auto=4, skill=5, burst=4}
2026-09-29 11:10:44.241|INFO|CharacterScraper|Prevented KamisatoAyaka duplicate scan
2026-09-29 11:10:45.788|DEBUG|CharacterScraper|Scanned character name as RaidenShogun with element Electro
2026-09-29 11:10:45.830|DEBUG|CharacterScraper|Scanned character level as Level 90 / 90
2026-09-29 11:10:45.830|DEBUG|CharacterScraper|Filtered scanned text to 90/90
2026-09-29 11:10:45.830|DEBUG|CharacterScraper|Parsed character level as 90
2026-09-29 11:10:45.830|INFO|CharacterScraper|RaidenShogun Level: 90
2026-09-29 11:10:45.830|INFO|CharacterScraper|RaidenShogun Ascended: False
2026-09-29 11:10:47.440|INFO|CharacterScraper|RaidenShogun Constellation: 0
2026-09-29 11:10:49.843|INFO|CharacterScraper|RaidenShogun Talents: {auto=10, skill=10, burst=10}
2026-09-29 11:10:50.106|INFO|CharacterScraper|Prevented RaidenShogun duplicate scan
2026-09-29 11:10:51.612|DEBUG|CharacterScraper|Scanned character name as Nefer with element Dendro
2026-09-29 11:10:51.641|DEBUG|CharacterScraper|Scanned character level as Level 90 / 90
2026-09-29 11:10:51.641|DEBUG|CharacterScraper|Filtered scanned text to 90/90
2026-09-29 11:10:51.644|DEBUG|CharacterScraper|Parsed character level as 90
2026-09-29 11:10:51.644|INFO|CharacterScraper|Nefer Level: 90
2026-09-29 11:10:51.644|INFO|CharacterScraper|Nefer Ascended: False
2026-09-29 11:10:53.168|INFO|CharacterScraper|Nefer Constellation: 0
2026-09-29 11:10:55.539|INFO|CharacterScraper|Nefer Talents: {auto=6, skill=10, burst=9}
2026-09-29 11:10:55.797|INFO|CharacterScraper|Prevented Nefer duplicate scan
2026-09-29 11:10:57.314|DEBUG|CharacterScraper|Scanned character name as Lauma with element Dendro
2026-09-29 11:10:57.355|DEBUG|CharacterScraper|Scanned character level as Level 90 / 90
2026-09-29 11:10:57.355|DEBUG|CharacterScraper|Filtered scanned text to 90/90
2026-09-29 11:10:57.355|DEBUG|CharacterScraper|Parsed character level as 90
2026-09-29 11:10:57.355|INFO|CharacterScraper|Lauma Level: 90
2026-09-29 11:10:57.355|INFO|CharacterScraper|Lauma Ascended: False
2026-09-29 11:10:58.887|INFO|CharacterScraper|Lauma Constellation: 0
2026-09-29 11:11:01.280|INFO|CharacterScraper|Lauma Talents: {auto=10, skill=10, burst=10}
2026-09-29 11:11:01.542|INFO|CharacterScraper|Prevented Lauma duplicate scan
2026-09-29 11:11:03.057|DEBUG|CharacterScraper|Could not parse character name/element (Atempt 1/75). Retrying...
2026-09-29 11:11:03.240|DEBUG|CharacterScraper|Scanned character name as Nahida with element Dendro
2026-09-29 11:11:03.274|DEBUG|CharacterScraper|Scanned character level as Level 90 / 90
2026-09-29 11:11:03.274|DEBUG|CharacterScraper|Filtered scanned text to 90/90
2026-09-29 11:11:03.274|DEBUG|CharacterScraper|Parsed character level as 90
2026-09-29 11:11:03.274|INFO|CharacterScraper|Nahida Level: 90
2026-09-29 11:11:03.274|INFO|CharacterScraper|Nahida Ascended: False
2026-09-29 11:11:04.838|INFO|CharacterScraper|Nahida Constellation: 0
2026-09-29 11:11:07.257|INFO|CharacterScraper|Nahida Talents: {auto=10, skill=10, burst=10}
2026-09-29 11:11:07.521|INFO|CharacterScraper|Prevented Nahida duplicate scan
2026-09-29 11:11:09.035|DEBUG|CharacterScraper|Scanned character name as Neuvillette with element Hydro
2026-09-29 11:11:09.079|DEBUG|CharacterScraper|Scanned character level as Level 90 / 90
2026-09-29 11:11:09.079|DEBUG|CharacterScraper|Filtered scanned text to 90/90
2026-09-29 11:11:09.083|DEBUG|CharacterScraper|Parsed character level as 90
2026-09-29 11:11:09.083|INFO|CharacterScraper|Neuvillette Level: 90
2026-09-29 11:11:09.083|INFO|CharacterScraper|Neuvillette Ascended: False
2026-09-29 11:11:10.640|INFO|CharacterScraper|Neuvillette Constellation: 0
2026-09-29 11:11:13.082|INFO|CharacterScraper|Neuvillette Talents: {auto=10, skill=10, burst=10}
2026-09-29 11:11:13.340|INFO|CharacterScraper|Prevented Neuvillette duplicate scan
2026-09-29 11:11:14.843|DEBUG|CharacterScraper|Scanned character name as Yelan with element Hydro
2026-09-29 11:11:14.884|DEBUG|CharacterScraper|Scanned character level as Level 90 / 90
2026-09-29 11:11:14.884|DEBUG|CharacterScraper|Filtered scanned text to 90/90
2026-09-29 11:11:14.884|DEBUG|CharacterScraper|Parsed character level as 90
2026-09-29 11:11:14.884|INFO|CharacterScraper|Yelan Level: 90
2026-09-29 11:11:14.884|INFO|CharacterScraper|Yelan Ascended: False
2026-09-29 11:11:16.458|INFO|CharacterScraper|Yelan Constellation: 0
2026-09-29 11:11:18.814|INFO|CharacterScraper|Yelan Talents: {auto=6, skill=9, burst=10}
2026-09-29 11:11:19.077|INFO|CharacterScraper|Prevented Yelan duplicate scan
2026-09-29 11:11:20.573|DEBUG|CharacterScraper|Scanned character name as Durin with element Pyro
2026-09-29 11:11:20.608|DEBUG|CharacterScraper|Scanned character level as Level 90 / 90
2026-09-29 11:11:20.608|DEBUG|CharacterScraper|Filtered scanned text to 90/90
2026-09-29 11:11:20.608|DEBUG|CharacterScraper|Parsed character level as 90
2026-09-29 11:11:20.608|INFO|CharacterScraper|Durin Level: 90
2026-09-29 11:11:20.608|INFO|CharacterScraper|Durin Ascended: False
2026-09-29 11:11:22.139|INFO|CharacterScraper|Durin Constellation: 0
2026-09-29 11:11:24.554|INFO|CharacterScraper|Durin Talents: {auto=6, skill=8, burst=10}
2026-09-29 11:11:24.820|INFO|CharacterScraper|Prevented Durin duplicate scan
2026-09-29 11:11:26.313|DEBUG|CharacterScraper|Scanned character name as Mavuika with element Pyro
2026-09-29 11:11:26.338|DEBUG|CharacterScraper|Scanned character level as Level 90 / 90
2026-09-29 11:11:26.338|DEBUG|CharacterScraper|Filtered scanned text to 90/90
2026-09-29 11:11:26.338|DEBUG|CharacterScraper|Parsed character level as 90
2026-09-29 11:11:26.338|INFO|CharacterScraper|Mavuika Level: 90
2026-09-29 11:11:26.338|INFO|CharacterScraper|Mavuika Ascended: False
2026-09-29 11:11:27.873|INFO|CharacterScraper|Mavuika Constellation: 0
2026-09-29 11:11:30.238|INFO|CharacterScraper|Mavuika Talents: {auto=10, skill=10, burst=10}
2026-09-29 11:11:30.503|INFO|CharacterScraper|Prevented Mavuika duplicate scan
2026-09-29 11:11:32.010|DEBUG|CharacterScraper|Scanned character name as Dehya with element Pyro
2026-09-29 11:11:32.046|DEBUG|CharacterScraper|Scanned character level as Level 90 / 90
2026-09-29 11:11:32.046|DEBUG|CharacterScraper|Filtered scanned text to 90/90
2026-09-29 11:11:32.050|DEBUG|CharacterScraper|Parsed character level as 90
2026-09-29 11:11:32.050|INFO|CharacterScraper|Dehya Level: 90
2026-09-29 11:11:32.050|INFO|CharacterScraper|Dehya Ascended: False
2026-09-29 11:11:34.589|INFO|CharacterScraper|Dehya Constellation: 2
2026-09-29 11:11:36.970|INFO|CharacterScraper|Dehya Talents: {auto=6, skill=8, burst=8}
2026-09-29 11:11:37.230|INFO|CharacterScraper|Prevented Dehya duplicate scan
2026-09-29 11:11:38.749|DEBUG|CharacterScraper|Scanned character name as Yoimiya with element Pyro
2026-09-29 11:11:38.799|DEBUG|CharacterScraper|Scanned character level as Level 90 / 90
2026-09-29 11:11:38.799|DEBUG|CharacterScraper|Filtered scanned text to 90/90
2026-09-29 11:11:38.799|DEBUG|CharacterScraper|Parsed character level as 90
2026-09-29 11:11:38.799|INFO|CharacterScraper|Yoimiya Level: 90
2026-09-29 11:11:38.799|INFO|CharacterScraper|Yoimiya Ascended: False
2026-09-29 11:11:40.839|INFO|CharacterScraper|Yoimiya Constellation: 1
2026-09-29 11:11:43.210|INFO|CharacterScraper|Yoimiya Talents: {auto=6, skill=9, burst=8}
2026-09-29 11:11:43.473|INFO|CharacterScraper|Prevented Yoimiya duplicate scan
2026-09-29 11:11:44.962|DEBUG|CharacterScraper|Scanned character name as Noelle with element Geo
2026-09-29 11:11:44.998|DEBUG|CharacterScraper|Scanned character level as Level 90 / 90
2026-09-29 11:11:44.998|DEBUG|CharacterScraper|Filtered scanned text to 90/90
2026-09-29 11:11:45.002|DEBUG|CharacterScraper|Parsed character level as 90
2026-09-29 11:11:45.002|INFO|CharacterScraper|Noelle Level: 90
2026-09-29 11:11:45.002|INFO|CharacterScraper|Noelle Ascended: False
2026-09-29 11:11:48.984|INFO|CharacterScraper|Noelle Constellation: 5
2026-09-29 11:11:51.320|INFO|CharacterScraper|Noelle Talents: {auto=6, skill=10, burst=11}
2026-09-29 11:11:51.576|INFO|CharacterScraper|Prevented Noelle duplicate scan
2026-09-29 11:11:53.071|DEBUG|CharacterScraper|Scanned character name as Kaeya with element Cryo
2026-09-29 11:11:53.101|DEBUG|CharacterScraper|Scanned character level as Level 90 / 90
2026-09-29 11:11:53.101|DEBUG|CharacterScraper|Filtered scanned text to 90/90
2026-09-29 11:11:53.101|DEBUG|CharacterScraper|Parsed character level as 90
2026-09-29 11:11:53.101|INFO|CharacterScraper|Kaeya Level: 90
2026-09-29 11:11:53.101|INFO|CharacterScraper|Kaeya Ascended: False
2026-09-29 11:11:56.412|INFO|CharacterScraper|Kaeya Constellation: 4
2026-09-29 11:11:58.799|INFO|CharacterScraper|Kaeya Talents: {auto=5, skill=9, burst=9}
2026-09-29 11:11:59.050|INFO|CharacterScraper|Prevented Kaeya duplicate scan
2026-09-29 11:12:00.546|DEBUG|CharacterScraper|Scanned character name as Zibai with element Geo
2026-09-29 11:12:00.581|DEBUG|CharacterScraper|Scanned character level as ‘Level 80 / 8()
2026-09-29 11:12:00.581|DEBUG|CharacterScraper|Filtered scanned text to 80/8
2026-09-29 11:12:00.581|DEBUG|CharacterScraper|Parsed character level as 80
2026-09-29 11:12:00.581|INFO|CharacterScraper|Zibai Level: 80
2026-09-29 11:12:00.581|INFO|CharacterScraper|Zibai Ascended: False
2026-09-29 11:12:02.113|INFO|CharacterScraper|Zibai Constellation: 0
2026-09-29 11:12:04.574|INFO|CharacterScraper|Zibai Talents: {auto=6, skill=8, burst=6}
2026-09-29 11:12:04.837|INFO|CharacterScraper|Prevented Zibai duplicate scan
2026-09-29 11:12:06.343|DEBUG|CharacterScraper|Scanned character name as Jean with element Anemo
2026-09-29 11:12:06.388|DEBUG|CharacterScraper|Scanned character level as Level 80 / 80
2026-09-29 11:12:06.388|DEBUG|CharacterScraper|Filtered scanned text to 80/80
2026-09-29 11:12:06.388|DEBUG|CharacterScraper|Parsed character level as 80
2026-09-29 11:12:06.388|INFO|CharacterScraper|Jean Level: 80
2026-09-29 11:12:06.388|INFO|CharacterScraper|Jean Ascended: False
2026-09-29 11:12:08.431|INFO|CharacterScraper|Jean Constellation: 1
2026-09-29 11:12:10.803|INFO|CharacterScraper|Jean Talents: {auto=7, skill=8, burst=8}
2026-09-29 11:12:11.060|INFO|CharacterScraper|Prevented Jean duplicate scan
2026-09-29 11:12:12.573|DEBUG|CharacterScraper|Could not parse character name/element (Atempt 1/75). Retrying...
2026-09-29 11:12:12.768|DEBUG|CharacterScraper|Could not parse character name/element (Atempt 2/75). Retrying...
2026-09-29 11:12:12.954|DEBUG|CharacterScraper|Could not parse character name/element (Atempt 3/75). Retrying...
2026-09-29 11:12:13.149|DEBUG|CharacterScraper|Could not parse character name/element (Atempt 4/75). Retrying...
2026-09-29 11:12:13.333|DEBUG|CharacterScraper|Scanned character name as Cyno with element Electro
2026-09-29 11:12:13.372|DEBUG|CharacterScraper|Scanned character level as Level 80./ 80
2026-09-29 11:12:13.372|DEBUG|CharacterScraper|Filtered scanned text to 80/80
2026-09-29 11:12:13.372|DEBUG|CharacterScraper|Parsed character level as 80
2026-09-29 11:12:13.372|INFO|CharacterScraper|Cyno Level: 80
2026-09-29 11:12:13.372|INFO|CharacterScraper|Cyno Ascended: False
2026-09-29 11:12:14.947|INFO|CharacterScraper|Cyno Constellation: 0
2026-09-29 11:12:17.366|INFO|CharacterScraper|Cyno Talents: {auto=6, skill=6, burst=6}
2026-09-29 11:12:17.623|INFO|CharacterScraper|Prevented Cyno duplicate scan
2026-09-29 11:12:19.146|DEBUG|CharacterScraper|Scanned character name as Columbina with element Hydro
2026-09-29 11:12:19.181|DEBUG|CharacterScraper|Scanned character level as Level 80 / 80
2026-09-29 11:12:19.181|DEBUG|CharacterScraper|Filtered scanned text to 80/80
2026-09-29 11:12:19.181|DEBUG|CharacterScraper|Parsed character level as 80
2026-09-29 11:12:19.181|INFO|CharacterScraper|Columbina Level: 80
2026-09-29 11:12:19.181|INFO|CharacterScraper|Columbina Ascended: False
2026-09-29 11:12:20.712|INFO|CharacterScraper|Columbina Constellation: 0
2026-09-29 11:12:23.093|INFO|CharacterScraper|Columbina Talents: {auto=6, skill=6, burst=6}
2026-09-29 11:12:23.345|INFO|CharacterScraper|Prevented Columbina duplicate scan
2026-09-29 11:12:24.837|DEBUG|CharacterScraper|Scanned character name as Mualani with element Hydro
2026-09-29 11:12:24.867|DEBUG|CharacterScraper|Scanned character level as Level 80 / 80
2026-09-29 11:12:24.867|DEBUG|CharacterScraper|Filtered scanned text to 80/80
2026-09-29 11:12:24.867|DEBUG|CharacterScraper|Parsed character level as 80
2026-09-29 11:12:24.867|INFO|CharacterScraper|Mualani Level: 80
2026-09-29 11:12:24.867|INFO|CharacterScraper|Mualani Ascended: False
2026-09-29 11:12:26.397|INFO|CharacterScraper|Mualani Constellation: 0
2026-09-29 11:12:28.775|INFO|CharacterScraper|Mualani Talents: {auto=1, skill=1, burst=1}
2026-09-29 11:12:29.034|INFO|CharacterScraper|Prevented Mualani duplicate scan
2026-09-29 11:12:30.563|DEBUG|CharacterScraper|Scanned character name as Arlecchino with element Pyro
2026-09-29 11:12:30.610|DEBUG|CharacterScraper|Scanned character level as Level 80 / 80
2026-09-29 11:12:30.610|DEBUG|CharacterScraper|Filtered scanned text to 80/80
2026-09-29 11:12:30.614|DEBUG|CharacterScraper|Parsed character level as 80
2026-09-29 11:12:30.614|INFO|CharacterScraper|Arlecchino Level: 80
2026-09-29 11:12:30.614|INFO|CharacterScraper|Arlecchino Ascended: False
2026-09-29 11:12:32.216|INFO|CharacterScraper|Arlecchino Constellation: 0
2026-09-29 11:12:34.628|INFO|CharacterScraper|Arlecchino Talents: {auto=6, skill=6, burst=6}
2026-09-29 11:12:34.889|INFO|CharacterScraper|Prevented Arlecchino duplicate scan
2026-09-29 11:12:36.436|DEBUG|CharacterScraper|Scanned character name as Kachina with element Geo
2026-09-29 11:12:36.481|DEBUG|CharacterScraper|Scanned character level as Level 80 / 80)
2026-09-29 11:12:36.481|DEBUG|CharacterScraper|Filtered scanned text to 80/80
2026-09-29 11:12:36.487|DEBUG|CharacterScraper|Parsed character level as 80
2026-09-29 11:12:36.487|INFO|CharacterScraper|Kachina Level: 80
2026-09-29 11:12:36.487|INFO|CharacterScraper|Kachina Ascended: False
2026-09-29 11:12:40.860|INFO|CharacterScraper|Kachina Constellation: 6
2026-09-29 11:12:43.285|INFO|CharacterScraper|Kachina Talents: {auto=4, skill=9, burst=8}
2026-09-29 11:12:43.551|INFO|CharacterScraper|Prevented Kachina duplicate scan
2026-09-29 11:12:45.120|DEBUG|CharacterScraper|Scanned character name as Ningguang with element Geo
2026-09-29 11:12:45.173|DEBUG|CharacterScraper|Scanned character level as Level 80 / 8()
2026-09-29 11:12:45.173|DEBUG|CharacterScraper|Filtered scanned text to 80/8
2026-09-29 11:12:45.179|DEBUG|CharacterScraper|Parsed character level as 80
2026-09-29 11:12:45.179|INFO|CharacterScraper|Ningguang Level: 80
2026-09-29 11:12:45.179|INFO|CharacterScraper|Ningguang Ascended: False
2026-09-29 11:12:49.455|INFO|CharacterScraper|Ningguang Constellation: 5
2026-09-29 11:12:51.867|INFO|CharacterScraper|Ningguang Talents: {auto=2, skill=5, burst=5}
2026-09-29 11:12:52.125|INFO|CharacterScraper|Prevented Ningguang duplicate scan
2026-09-29 11:12:53.658|DEBUG|CharacterScraper|Could not parse character name/element (Atempt 1/75). Retrying...
2026-09-29 11:12:53.841|DEBUG|CharacterScraper|Could not parse character name/element (Atempt 2/75). Retrying...
2026-09-29 11:12:54.019|DEBUG|CharacterScraper|Scanned character name as Ifa with element Anemo
2026-09-29 11:12:54.065|DEBUG|CharacterScraper|Scanned character level as Lével 80 /-80
2026-09-29 11:12:54.065|DEBUG|CharacterScraper|Filtered scanned text to 80/80
2026-09-29 11:12:54.065|DEBUG|CharacterScraper|Parsed character level as 80
2026-09-29 11:12:54.065|INFO|CharacterScraper|Ifa Level: 80
2026-09-29 11:12:54.065|INFO|CharacterScraper|Ifa Ascended: False
2026-09-29 11:12:57.764|INFO|CharacterScraper|Ifa Constellation: 4
2026-09-29 11:13:00.244|INFO|CharacterScraper|Ifa Talents: {auto=1, skill=4, burst=1}
2026-09-29 11:13:00.500|INFO|CharacterScraper|Prevented Ifa duplicate scan
2026-09-29 11:13:02.035|DEBUG|CharacterScraper|Scanned character name as Wanderer with element Anemo
2026-09-29 11:13:02.072|DEBUG|CharacterScraper|Scanned character level as Level 70 / 70
2026-09-29 11:13:02.072|DEBUG|CharacterScraper|Filtered scanned text to 70/70
2026-09-29 11:13:02.072|DEBUG|CharacterScraper|Parsed character level as 70
2026-09-29 11:13:02.072|INFO|CharacterScraper|Wanderer Level: 70
2026-09-29 11:13:02.072|INFO|CharacterScraper|Wanderer Ascended: False
2026-09-29 11:13:03.764|INFO|CharacterScraper|Wanderer Constellation: 0
2026-09-29 11:13:06.242|INFO|CharacterScraper|Wanderer Talents: {auto=3, skill=5, burst=4}
2026-09-29 11:13:06.507|INFO|CharacterScraper|Prevented Wanderer duplicate scan
2026-09-29 11:13:08.048|DEBUG|CharacterScraper|Could not parse character name/element (Atempt 1/75). Retrying...
2026-09-29 11:13:08.261|DEBUG|CharacterScraper|Could not parse character name/element (Atempt 2/75). Retrying...
2026-09-29 11:13:08.484|DEBUG|CharacterScraper|Could not parse character name/element (Atempt 3/75). Retrying...
2026-09-29 11:13:08.675|DEBUG|CharacterScraper|Could not parse character name/element (Atempt 4/75). Retrying...
2026-09-29 11:13:08.864|DEBUG|CharacterScraper|Could not parse character name/element (Atempt 5/75). Retrying...
2026-09-29 11:13:09.056|DEBUG|CharacterScraper|Could not parse character name/element (Atempt 6/75). Retrying...
2026-09-29 11:13:09.271|DEBUG|CharacterScraper|Could not parse character name/element (Atempt 7/75). Retrying...
2026-09-29 11:13:09.514|DEBUG|CharacterScraper|Scanned character name as Qiqi with element Cryo
2026-09-29 11:13:09.557|DEBUG|CharacterScraper|Scanned character level as Level 70 / 70)
2026-09-29 11:13:09.557|DEBUG|CharacterScraper|Filtered scanned text to 70/70
2026-09-29 11:13:09.557|DEBUG|CharacterScraper|Parsed character level as 70
2026-09-29 11:13:09.557|INFO|CharacterScraper|Qiqi Level: 70
2026-09-29 11:13:09.557|INFO|CharacterScraper|Qiqi Ascended: False
2026-09-29 11:13:11.742|INFO|CharacterScraper|Qiqi Constellation: 1
2026-09-29 11:13:14.253|INFO|CharacterScraper|Qiqi Talents: {auto=1, skill=1, burst=1}
2026-09-29 11:13:14.514|INFO|CharacterScraper|Prevented Qiqi duplicate scan
2026-09-29 11:13:16.062|DEBUG|CharacterScraper|Could not parse character name/element (Atempt 1/75). Retrying...
2026-09-29 11:13:16.263|DEBUG|CharacterScraper|Scanned character name as Rosaria with element Cryo
2026-09-29 11:13:16.312|DEBUG|CharacterScraper|Scanned character level as ‘Level 70 / 70
2026-09-29 11:13:16.312|DEBUG|CharacterScraper|Filtered scanned text to 70/70
2026-09-29 11:13:16.318|DEBUG|CharacterScraper|Parsed character level as 70
2026-09-29 11:13:16.318|INFO|CharacterScraper|Rosaria Level: 70
2026-09-29 11:13:16.318|INFO|CharacterScraper|Rosaria Ascended: False
2026-09-29 11:13:20.572|INFO|CharacterScraper|Rosaria Constellation: 6
2026-09-29 11:13:23.036|INFO|CharacterScraper|Rosaria Talents: {auto=1, skill=4, burst=4}
2026-09-29 11:13:23.297|INFO|CharacterScraper|Prevented Rosaria duplicate scan
2026-09-29 11:13:24.803|DEBUG|GenshinProcesor|Most similar string found for dionaj as diona (83,3333333333333%)
2026-09-29 11:13:24.803|DEBUG|CharacterScraper|Scanned character name as Diona with element Cryo
2026-09-29 11:13:24.847|DEBUG|CharacterScraper|Scanned character level as ' Level 70 / 70 .
2026-09-29 11:13:24.847|DEBUG|CharacterScraper|Filtered scanned text to 70/70
2026-09-29 11:13:24.847|DEBUG|CharacterScraper|Parsed character level as 70
2026-09-29 11:13:24.847|INFO|CharacterScraper|Diona Level: 70
2026-09-29 11:13:24.847|INFO|CharacterScraper|Diona Ascended: False
2026-09-29 11:13:29.016|INFO|CharacterScraper|Diona Constellation: 6
2026-09-29 11:13:31.380|INFO|CharacterScraper|Diona Talents: {auto=1, skill=4, burst=4}
2026-09-29 11:13:31.644|INFO|CharacterScraper|Prevented Diona duplicate scan
2026-09-29 11:13:33.154|DEBUG|CharacterScraper|Scanned character name as Chongyun with element Cryo
2026-09-29 11:13:33.205|DEBUG|CharacterScraper|Scanned character level as Level 70 / 70)
2026-09-29 11:13:33.205|DEBUG|CharacterScraper|Filtered scanned text to 70/70
2026-09-29 11:13:33.209|DEBUG|CharacterScraper|Parsed character level as 70
2026-09-29 11:13:33.209|INFO|CharacterScraper|Chongyun Level: 70
2026-09-29 11:13:33.209|INFO|CharacterScraper|Chongyun Ascended: False
2026-09-29 11:13:37.571|INFO|CharacterScraper|Chongyun Constellation: 6
2026-09-29 11:13:40.062|INFO|CharacterScraper|Chongyun Talents: {auto=1, skill=4, burst=4}
2026-09-29 11:13:40.322|INFO|CharacterScraper|Prevented Chongyun duplicate scan
2026-09-29 11:13:41.856|DEBUG|CharacterScraper|Scanned character name as Beidou with element Electro
2026-09-29 11:13:41.900|DEBUG|CharacterScraper|Scanned character level as Level 70 / 70
2026-09-29 11:13:41.900|DEBUG|CharacterScraper|Filtered scanned text to 70/70
2026-09-29 11:13:41.900|DEBUG|CharacterScraper|Parsed character level as 70
2026-09-29 11:13:41.900|INFO|CharacterScraper|Beidou Level: 70
2026-09-29 11:13:41.900|INFO|CharacterScraper|Beidou Ascended: False
2026-09-29 11:13:46.366|INFO|CharacterScraper|Beidou Constellation: 6
2026-09-29 11:13:48.798|INFO|CharacterScraper|Beidou Talents: {auto=1, skill=4, burst=4}
2026-09-29 11:13:49.053|INFO|CharacterScraper|Prevented Beidou duplicate scan
2026-09-29 11:13:50.601|DEBUG|CharacterScraper|Scanned character name as Razor with element Electro
2026-09-29 11:13:50.650|DEBUG|CharacterScraper|Scanned character level as Level 70 / 70
2026-09-29 11:13:50.650|DEBUG|CharacterScraper|Filtered scanned text to 70/70
2026-09-29 11:13:50.650|DEBUG|CharacterScraper|Parsed character level as 70
2026-09-29 11:13:50.650|INFO|CharacterScraper|Razor Level: 70
2026-09-29 11:13:50.650|INFO|CharacterScraper|Razor Ascended: False
2026-09-29 11:13:53.514|INFO|CharacterScraper|Razor Constellation: 2
2026-09-29 11:13:55.931|INFO|CharacterScraper|Razor Talents: {auto=2, skill=2, burst=2}
2026-09-29 11:13:56.186|INFO|CharacterScraper|Prevented Razor duplicate scan
2026-09-29 11:13:57.750|DEBUG|CharacterScraper|Scanned character name as Lisa with element Electro
2026-09-29 11:13:57.817|DEBUG|CharacterScraper|Scanned character level as Level 70 / 70
2026-09-29 11:13:57.817|DEBUG|CharacterScraper|Filtered scanned text to 70/70
2026-09-29 11:13:57.817|DEBUG|CharacterScraper|Parsed character level as 70
2026-09-29 11:13:57.817|INFO|CharacterScraper|Lisa Level: 70
2026-09-29 11:13:57.817|INFO|CharacterScraper|Lisa Ascended: False
2026-09-29 11:13:59.429|INFO|CharacterScraper|Lisa Constellation: 0
2026-09-29 11:14:01.864|INFO|CharacterScraper|Lisa Talents: {auto=2, skill=3, burst=3}
2026-09-29 11:14:02.116|INFO|CharacterScraper|Prevented Lisa duplicate scan
2026-09-29 11:14:03.640|DEBUG|CharacterScraper|Scanned character name as Xiangling with element Pyro
2026-09-29 11:14:03.687|DEBUG|CharacterScraper|Scanned character level as - Level 70 / 70
2026-09-29 11:14:03.687|DEBUG|CharacterScraper|Filtered scanned text to 70/70
2026-09-29 11:14:03.691|DEBUG|CharacterScraper|Parsed character level as 70
2026-09-29 11:14:03.691|INFO|CharacterScraper|Xiangling Level: 70
2026-09-29 11:14:03.691|INFO|CharacterScraper|Xiangling Ascended: False
2026-09-29 11:14:06.242|INFO|CharacterScraper|Xiangling Constellation: 2
2026-09-29 11:14:08.606|INFO|CharacterScraper|Xiangling Talents: {auto=2, skill=3, burst=4}
2026-09-29 11:14:08.867|INFO|CharacterScraper|Prevented Xiangling duplicate scan
2026-09-29 11:14:10.399|DEBUG|CharacterScraper|Scanned character name as Varesa with element Electro
2026-09-29 11:14:10.437|DEBUG|CharacterScraper|Scanned character level as Level 60 / 60)
2026-09-29 11:14:10.437|DEBUG|CharacterScraper|Filtered scanned text to 60/60
2026-09-29 11:14:10.442|DEBUG|CharacterScraper|Parsed character level as 60
2026-09-29 11:14:10.442|INFO|CharacterScraper|Varesa Level: 60
2026-09-29 11:14:10.442|INFO|CharacterScraper|Varesa Ascended: False
2026-09-29 11:14:12.027|INFO|CharacterScraper|Varesa Constellation: 0
2026-09-29 11:14:14.449|INFO|CharacterScraper|Varesa Talents: {auto=1, skill=1, burst=1}
2026-09-29 11:14:14.710|INFO|CharacterScraper|Prevented Varesa duplicate scan
2026-09-29 11:14:16.233|DEBUG|CharacterScraper|Scanned character name as Tighnari with element Dendro
2026-09-29 11:14:16.273|DEBUG|CharacterScraper|Scanned character level as Level 60 / 60)
2026-09-29 11:14:16.273|DEBUG|CharacterScraper|Filtered scanned text to 60/60
2026-09-29 11:14:16.273|DEBUG|CharacterScraper|Parsed character level as 60
2026-09-29 11:14:16.273|INFO|CharacterScraper|Tighnari Level: 60
2026-09-29 11:14:16.273|INFO|CharacterScraper|Tighnari Ascended: False
2026-09-29 11:14:18.361|INFO|CharacterScraper|Tighnari Constellation: 1
2026-09-29 11:14:20.741|INFO|CharacterScraper|Tighnari Talents: {auto=2, skill=1, burst=1}
2026-09-29 11:14:20.998|INFO|CharacterScraper|Prevented Tighnari duplicate scan
2026-09-29 11:14:22.506|DEBUG|CharacterScraper|Scanned character name as Mona with element Hydro
2026-09-29 11:14:22.552|DEBUG|CharacterScraper|Scanned character level as Level 60 / 60
2026-09-29 11:14:22.552|DEBUG|CharacterScraper|Filtered scanned text to 60/60
2026-09-29 11:14:22.552|DEBUG|CharacterScraper|Parsed character level as 60
2026-09-29 11:14:22.552|INFO|CharacterScraper|Mona Level: 60
2026-09-29 11:14:22.552|INFO|CharacterScraper|Mona Ascended: False
2026-09-29 11:14:25.057|INFO|CharacterScraper|Mona Constellation: 2
2026-09-29 11:14:27.449|INFO|CharacterScraper|Mona Talents: {auto=1, skill=1, burst=1}
2026-09-29 11:14:27.709|INFO|CharacterScraper|Prevented Mona duplicate scan
2026-09-29 11:14:29.198|DEBUG|CharacterScraper|Scanned character name as Diluc with element Pyro
2026-09-29 11:14:29.228|DEBUG|CharacterScraper|Scanned character level as Level 60 / 60)
2026-09-29 11:14:29.228|DEBUG|CharacterScraper|Filtered scanned text to 60/60
2026-09-29 11:14:29.228|DEBUG|CharacterScraper|Parsed character level as 60
2026-09-29 11:14:29.228|INFO|CharacterScraper|Diluc Level: 60
2026-09-29 11:14:29.228|INFO|CharacterScraper|Diluc Ascended: False
2026-09-29 11:14:31.691|INFO|CharacterScraper|Diluc Constellation: 2
2026-09-29 11:14:34.095|INFO|CharacterScraper|Diluc Talents: {auto=1, skill=1, burst=1}
2026-09-29 11:14:34.356|INFO|CharacterScraper|Prevented Diluc duplicate scan
2026-09-29 11:14:35.863|DEBUG|CharacterScraper|Scanned character name as Illuga with element Geo
2026-09-29 11:14:35.906|DEBUG|CharacterScraper|Scanned character level as - Level 60 / 60
2026-09-29 11:14:35.906|DEBUG|CharacterScraper|Filtered scanned text to 60/60
2026-09-29 11:14:35.913|DEBUG|CharacterScraper|Parsed character level as 60
2026-09-29 11:14:35.913|INFO|CharacterScraper|Illuga Level: 60
2026-09-29 11:14:35.913|INFO|CharacterScraper|Illuga Ascended: False
2026-09-29 11:14:37.509|INFO|CharacterScraper|Illuga Constellation: 0
2026-09-29 11:14:39.961|INFO|CharacterScraper|Illuga Talents: {auto=2, skill=2, burst=2}
2026-09-29 11:14:40.218|INFO|CharacterScraper|Prevented Illuga duplicate scan
2026-09-29 11:14:41.740|DEBUG|CharacterScraper|Scanned character name as Jahoda with element Anemo
2026-09-29 11:14:41.789|DEBUG|CharacterScraper|Scanned character level as Level 60 / 60
2026-09-29 11:14:41.789|DEBUG|CharacterScraper|Filtered scanned text to 60/60
2026-09-29 11:14:41.789|DEBUG|CharacterScraper|Parsed character level as 60
2026-09-29 11:14:41.789|INFO|CharacterScraper|Jahoda Level: 60
2026-09-29 11:14:41.789|INFO|CharacterScraper|Jahoda Ascended: False
2026-09-29 11:14:44.437|INFO|CharacterScraper|Jahoda Constellation: 2
2026-09-29 11:14:46.908|INFO|CharacterScraper|Jahoda Talents: {auto=1, skill=1, burst=1}
2026-09-29 11:14:47.171|INFO|CharacterScraper|Prevented Jahoda duplicate scan
2026-09-29 11:14:48.678|DEBUG|CharacterScraper|Scanned character name as LanYan with element Anemo
2026-09-29 11:14:48.706|DEBUG|CharacterScraper|Scanned character level as Level 60 / 60
2026-09-29 11:14:48.706|DEBUG|CharacterScraper|Filtered scanned text to 60/60
2026-09-29 11:14:48.706|DEBUG|CharacterScraper|Parsed character level as 60
2026-09-29 11:14:48.706|INFO|CharacterScraper|LanYan Level: 60
2026-09-29 11:14:48.706|INFO|CharacterScraper|LanYan Ascended: False
2026-09-29 11:14:51.103|INFO|CharacterScraper|LanYan Constellation: 2
2026-09-29 11:14:53.480|INFO|CharacterScraper|LanYan Talents: {auto=1, skill=1, burst=1}
2026-09-29 11:14:53.736|INFO|CharacterScraper|Prevented LanYan duplicate scan
2026-09-29 11:14:55.235|DEBUG|CharacterScraper|Scanned character name as Lynette with element Anemo
2026-09-29 11:14:55.274|DEBUG|CharacterScraper|Scanned character level as Level 60 / 60
2026-09-29 11:14:55.274|DEBUG|CharacterScraper|Filtered scanned text to 60/60
2026-09-29 11:14:55.274|DEBUG|CharacterScraper|Parsed character level as 60
2026-09-29 11:14:55.274|INFO|CharacterScraper|Lynette Level: 60
2026-09-29 11:14:55.274|INFO|CharacterScraper|Lynette Ascended: False
2026-09-29 11:14:59.063|INFO|CharacterScraper|Lynette Constellation: 6
2026-09-29 11:15:01.472|INFO|CharacterScraper|Lynette Talents: {auto=2, skill=5, burst=5}
2026-09-29 11:15:01.735|INFO|CharacterScraper|Prevented Lynette duplicate scan
2026-09-29 11:15:03.253|DEBUG|CharacterScraper|Scanned character name as Faruzan with element Anemo
2026-09-29 11:15:03.288|DEBUG|CharacterScraper|Scanned character level as Level 60 / 60
2026-09-29 11:15:03.288|DEBUG|CharacterScraper|Filtered scanned text to 60/60
2026-09-29 11:15:03.288|DEBUG|CharacterScraper|Parsed character level as 60
2026-09-29 11:15:03.288|INFO|CharacterScraper|Faruzan Level: 60
2026-09-29 11:15:03.288|INFO|CharacterScraper|Faruzan Ascended: False
2026-09-29 11:15:07.308|INFO|CharacterScraper|Faruzan Constellation: 6
2026-09-29 11:15:09.723|INFO|CharacterScraper|Faruzan Talents: {auto=1, skill=4, burst=4}
2026-09-29 11:15:09.977|INFO|CharacterScraper|Prevented Faruzan duplicate scan
2026-09-29 11:15:11.467|DEBUG|CharacterScraper|Scanned character name as Layla with element Cryo
2026-09-29 11:15:11.515|DEBUG|CharacterScraper|Scanned character level as ‘Level 60 / 60
2026-09-29 11:15:11.515|DEBUG|CharacterScraper|Filtered scanned text to 60/60
2026-09-29 11:15:11.520|DEBUG|CharacterScraper|Parsed character level as 60
2026-09-29 11:15:11.520|INFO|CharacterScraper|Layla Level: 60
2026-09-29 11:15:11.520|INFO|CharacterScraper|Layla Ascended: False
2026-09-29 11:15:15.519|INFO|CharacterScraper|Layla Constellation: 5
2026-09-29 11:15:17.962|INFO|CharacterScraper|Layla Talents: {auto=1, skill=4, burst=5}
2026-09-29 11:15:18.227|INFO|CharacterScraper|Prevented Layla duplicate scan
2026-09-29 11:15:19.741|DEBUG|GenshinProcesor|Most similar string found for kavehg as kaveh (83,3333333333333%)
2026-09-29 11:15:19.741|DEBUG|CharacterScraper|Scanned character name as Kaveh with element Dendro
2026-09-29 11:15:19.772|DEBUG|CharacterScraper|Scanned character level as ' Level 60 / 60
2026-09-29 11:15:19.772|DEBUG|CharacterScraper|Filtered scanned text to 60/60
2026-09-29 11:15:19.772|DEBUG|CharacterScraper|Parsed character level as 60
2026-09-29 11:15:19.772|INFO|CharacterScraper|Kaveh Level: 60
2026-09-29 11:15:19.772|INFO|CharacterScraper|Kaveh Ascended: False
2026-09-29 11:15:22.615|INFO|CharacterScraper|Kaveh Constellation: 3
2026-09-29 11:15:24.988|INFO|CharacterScraper|Kaveh Talents: {auto=1, skill=1, burst=4}
2026-09-29 11:15:25.252|INFO|CharacterScraper|Prevented Kaveh duplicate scan
2026-09-29 11:15:26.768|DEBUG|CharacterScraper|Scanned character name as Yaoyao with element Dendro
2026-09-29 11:15:26.804|DEBUG|CharacterScraper|Scanned character level as Level 60 / 60)
2026-09-29 11:15:26.804|DEBUG|CharacterScraper|Filtered scanned text to 60/60
2026-09-29 11:15:26.804|DEBUG|CharacterScraper|Parsed character level as 60
2026-09-29 11:15:26.804|INFO|CharacterScraper|Yaoyao Level: 60
2026-09-29 11:15:26.804|INFO|CharacterScraper|Yaoyao Ascended: False
2026-09-29 11:15:29.697|INFO|CharacterScraper|Yaoyao Constellation: 3
2026-09-29 11:15:32.054|INFO|CharacterScraper|Yaoyao Talents: {auto=1, skill=4, burst=1}
2026-09-29 11:15:32.320|INFO|CharacterScraper|Prevented Yaoyao duplicate scan
2026-09-29 11:15:33.840|DEBUG|CharacterScraper|Could not parse character name/element (Atempt 1/75). Retrying...
2026-09-29 11:15:34.019|DEBUG|CharacterScraper|Could not parse character name/element (Atempt 2/75). Retrying...
2026-09-29 11:15:34.213|DEBUG|CharacterScraper|Could not parse character name/element (Atempt 3/75). Retrying...
2026-09-29 11:15:34.408|DEBUG|CharacterScraper|Scanned character name as Collei with element Dendro
2026-09-29 11:15:34.453|DEBUG|CharacterScraper|Scanned character level as Level 60 / 60)
2026-09-29 11:15:34.453|DEBUG|CharacterScraper|Filtered scanned text to 60/60
2026-09-29 11:15:34.459|DEBUG|CharacterScraper|Parsed character level as 60
2026-09-29 11:15:34.459|INFO|CharacterScraper|Collei Level: 60
2026-09-29 11:15:34.459|INFO|CharacterScraper|Collei Ascended: False
2026-09-29 11:15:38.441|INFO|CharacterScraper|Collei Constellation: 6
2026-09-29 11:15:40.865|INFO|CharacterScraper|Collei Talents: {auto=1, skill=4, burst=4}
2026-09-29 11:15:41.120|INFO|CharacterScraper|Prevented Collei duplicate scan
2026-09-29 11:15:42.650|DEBUG|CharacterScraper|Scanned character name as Aino with element Hydro
2026-09-29 11:15:42.684|DEBUG|CharacterScraper|Scanned character level as Level 60 / 60)
2026-09-29 11:15:42.684|DEBUG|CharacterScraper|Filtered scanned text to 60/60
2026-09-29 11:15:42.684|DEBUG|CharacterScraper|Parsed character level as 60
2026-09-29 11:15:42.684|INFO|CharacterScraper|Aino Level: 60
2026-09-29 11:15:42.684|INFO|CharacterScraper|Aino Ascended: False
2026-09-29 11:15:46.650|INFO|CharacterScraper|Aino Constellation: 6
2026-09-29 11:15:49.048|INFO|CharacterScraper|Aino Talents: {auto=1, skill=4, burst=4}
2026-09-29 11:15:49.305|INFO|CharacterScraper|Prevented Aino duplicate scan
2026-09-29 11:15:50.811|DEBUG|CharacterScraper|Scanned character name as Candace with element Hydro
2026-09-29 11:15:50.856|DEBUG|CharacterScraper|Scanned character level as Level 60 / 60
2026-09-29 11:15:50.856|DEBUG|CharacterScraper|Filtered scanned text to 60/60
2026-09-29 11:15:50.856|DEBUG|CharacterScraper|Parsed character level as 60
2026-09-29 11:15:50.856|INFO|CharacterScraper|Candace Level: 60
2026-09-29 11:15:50.856|INFO|CharacterScraper|Candace Ascended: False
2026-09-29 11:15:54.612|INFO|CharacterScraper|Candace Constellation: 6
2026-09-29 11:15:57.014|INFO|CharacterScraper|Candace Talents: {auto=1, skill=4, burst=4}
2026-09-29 11:15:57.271|INFO|CharacterScraper|Prevented Candace duplicate scan
2026-09-29 11:15:58.788|DEBUG|CharacterScraper|Could not parse character name/element (Atempt 1/75). Retrying...
2026-09-29 11:15:58.977|DEBUG|CharacterScraper|Scanned character name as Barbara with element Hydro
2026-09-29 11:15:59.015|DEBUG|CharacterScraper|Scanned character level as Level 60 / 60
2026-09-29 11:15:59.015|DEBUG|CharacterScraper|Filtered scanned text to 60/60
2026-09-29 11:15:59.018|DEBUG|CharacterScraper|Parsed character level as 60
2026-09-29 11:15:59.018|INFO|CharacterScraper|Barbara Level: 60
2026-09-29 11:15:59.018|INFO|CharacterScraper|Barbara Ascended: False
2026-09-29 11:16:02.740|INFO|CharacterScraper|Barbara Constellation: 6
2026-09-29 11:16:05.146|INFO|CharacterScraper|Barbara Talents: {auto=2, skill=5, burst=5}
2026-09-29 11:16:05.406|INFO|CharacterScraper|Prevented Barbara duplicate scan
2026-09-29 11:16:06.912|DEBUG|CharacterScraper|Scanned character name as Gaming with element Pyro
2026-09-29 11:16:06.952|DEBUG|CharacterScraper|Scanned character level as Level 60 / 60)
2026-09-29 11:16:06.952|DEBUG|CharacterScraper|Filtered scanned text to 60/60
2026-09-29 11:16:06.956|DEBUG|CharacterScraper|Parsed character level as 60
2026-09-29 11:16:06.956|INFO|CharacterScraper|Gaming Level: 60
2026-09-29 11:16:06.956|INFO|CharacterScraper|Gaming Ascended: False
2026-09-29 11:16:09.971|INFO|CharacterScraper|Gaming Constellation: 3
2026-09-29 11:16:12.363|INFO|CharacterScraper|Gaming Talents: {auto=1, skill=4, burst=1}
2026-09-29 11:16:12.621|INFO|CharacterScraper|Prevented Gaming duplicate scan
2026-09-29 11:16:14.128|DEBUG|CharacterScraper|Scanned character name as Chevreuse with element Pyro
2026-09-29 11:16:14.163|DEBUG|CharacterScraper|Scanned character level as Level 60 /:60°
2026-09-29 11:16:14.163|DEBUG|CharacterScraper|Filtered scanned text to 60/60
2026-09-29 11:16:14.163|DEBUG|CharacterScraper|Parsed character level as 60
2026-09-29 11:16:14.163|INFO|CharacterScraper|Chevreuse Level: 60
2026-09-29 11:16:14.163|INFO|CharacterScraper|Chevreuse Ascended: False
2026-09-29 11:16:16.204|INFO|CharacterScraper|Chevreuse Constellation: 1
2026-09-29 11:16:18.635|INFO|CharacterScraper|Chevreuse Talents: {auto=1, skill=1, burst=1}
2026-09-29 11:16:18.897|INFO|CharacterScraper|Prevented Chevreuse duplicate scan
2026-09-29 11:16:20.389|DEBUG|CharacterScraper|Scanned character name as Thoma with element Pyro
2026-09-29 11:16:20.421|DEBUG|CharacterScraper|Scanned character level as Level 60 / 60
2026-09-29 11:16:20.421|DEBUG|CharacterScraper|Filtered scanned text to 60/60
2026-09-29 11:16:20.424|DEBUG|CharacterScraper|Parsed character level as 60
2026-09-29 11:16:20.424|INFO|CharacterScraper|Thoma Level: 60
2026-09-29 11:16:20.424|INFO|CharacterScraper|Thoma Ascended: False
2026-09-29 11:16:21.970|INFO|CharacterScraper|Thoma Constellation: 0
2026-09-29 11:16:24.330|INFO|CharacterScraper|Thoma Talents: {auto=1, skill=1, burst=1}
2026-09-29 11:16:24.592|INFO|CharacterScraper|Prevented Thoma duplicate scan
2026-09-29 11:16:26.089|DEBUG|CharacterScraper|Scanned character name as Yanfei with element Pyro
2026-09-29 11:16:26.128|DEBUG|CharacterScraper|Scanned character level as Level 60 / 60)
2026-09-29 11:16:26.128|DEBUG|CharacterScraper|Filtered scanned text to 60/60
2026-09-29 11:16:26.128|DEBUG|CharacterScraper|Parsed character level as 60
2026-09-29 11:16:26.128|INFO|CharacterScraper|Yanfei Level: 60
2026-09-29 11:16:26.128|INFO|CharacterScraper|Yanfei Ascended: False
2026-09-29 11:16:28.984|INFO|CharacterScraper|Yanfei Constellation: 3
2026-09-29 11:16:31.318|INFO|CharacterScraper|Yanfei Talents: {auto=4, skill=7, burst=4}
2026-09-29 11:16:31.570|INFO|CharacterScraper|Prevented Yanfei duplicate scan
2026-09-29 11:16:33.062|DEBUG|CharacterScraper|Scanned character name as Xinyan with element Pyro
2026-09-29 11:16:33.086|DEBUG|CharacterScraper|Scanned character level as Level 60 / 60
2026-09-29 11:16:33.086|DEBUG|CharacterScraper|Filtered scanned text to 60/60
2026-09-29 11:16:33.086|DEBUG|CharacterScraper|Parsed character level as 60
2026-09-29 11:16:33.086|INFO|CharacterScraper|Xinyan Level: 60
2026-09-29 11:16:33.086|INFO|CharacterScraper|Xinyan Ascended: False
2026-09-29 11:16:36.997|INFO|CharacterScraper|Xinyan Constellation: 6
2026-09-29 11:16:39.386|INFO|CharacterScraper|Xinyan Talents: {auto=1, skill=4, burst=4}
2026-09-29 11:16:39.637|INFO|CharacterScraper|Prevented Xinyan duplicate scan
2026-09-29 11:16:41.162|DEBUG|CharacterScraper|Scanned character name as Amber with element Pyro
2026-09-29 11:16:41.207|DEBUG|CharacterScraper|Scanned character level as Level 60 / 60
2026-09-29 11:16:41.207|DEBUG|CharacterScraper|Filtered scanned text to 60/60
2026-09-29 11:16:41.207|DEBUG|CharacterScraper|Parsed character level as 60
2026-09-29 11:16:41.207|INFO|CharacterScraper|Amber Level: 60
2026-09-29 11:16:41.207|INFO|CharacterScraper|Amber Ascended: False
2026-09-29 11:16:44.296|INFO|CharacterScraper|Amber Constellation: 3
2026-09-29 11:16:46.669|INFO|CharacterScraper|Amber Talents: {auto=1, skill=1, burst=4}
2026-09-29 11:16:46.929|INFO|CharacterScraper|Prevented Amber duplicate scan
2026-09-29 11:16:48.434|DEBUG|CharacterScraper|Scanned character name as Vesna with element Anemo
2026-09-29 11:16:48.469|DEBUG|CharacterScraper|Scanned character level as Level 50 / 50
2026-09-29 11:16:48.469|DEBUG|CharacterScraper|Filtered scanned text to 50/50
2026-09-29 11:16:48.473|DEBUG|CharacterScraper|Parsed character level as 50
2026-09-29 11:16:48.473|INFO|CharacterScraper|Vesna Level: 50
2026-09-29 11:16:48.473|INFO|CharacterScraper|Vesna Ascended: False
2026-09-29 11:16:50.027|INFO|CharacterScraper|Vesna Constellation: 0
2026-09-29 11:16:52.412|INFO|CharacterScraper|Vesna Talents: {auto=1, skill=1, burst=1}
2026-09-29 11:16:52.667|INFO|CharacterScraper|Prevented Vesna duplicate scan
2026-09-29 11:16:54.205|DEBUG|GenshinProcesor|Most similar string found for keqingj as keqing (85,7142857142857%)
2026-09-29 11:16:54.205|DEBUG|CharacterScraper|Scanned character name as Keqing with element Electro
2026-09-29 11:16:54.256|DEBUG|CharacterScraper|Scanned character level as Level 50 / 50
2026-09-29 11:16:54.256|DEBUG|CharacterScraper|Filtered scanned text to 50/50
2026-09-29 11:16:54.256|DEBUG|CharacterScraper|Parsed character level as 50
2026-09-29 11:16:54.256|INFO|CharacterScraper|Keqing Level: 50
2026-09-29 11:16:54.256|INFO|CharacterScraper|Keqing Ascended: False
2026-09-29 11:16:55.829|INFO|CharacterScraper|Keqing Constellation: 0
2026-09-29 11:16:58.234|INFO|CharacterScraper|Keqing Talents: {auto=1, skill=1, burst=1}
2026-09-29 11:16:58.490|INFO|CharacterScraper|Prevented Keqing duplicate scan
2026-09-29 11:17:00.048|DEBUG|GenshinProcesor|Most similar string found for shikanoinheizo1 as shikanoinheizou (93,3333333333333%)
2026-09-29 11:17:00.048|DEBUG|CharacterScraper|Scanned character name as ShikanoinHeizou with element Anemo
2026-09-29 11:17:00.088|DEBUG|CharacterScraper|Scanned character level as Level 50 / 50)
2026-09-29 11:17:00.088|DEBUG|CharacterScraper|Filtered scanned text to 50/50
2026-09-29 11:17:00.088|DEBUG|CharacterScraper|Parsed character level as 50
2026-09-29 11:17:00.088|INFO|CharacterScraper|ShikanoinHeizou Level: 50
2026-09-29 11:17:00.088|INFO|CharacterScraper|ShikanoinHeizou Ascended: False
2026-09-29 11:17:04.058|INFO|CharacterScraper|ShikanoinHeizou Constellation: 6
2026-09-29 11:17:06.501|INFO|CharacterScraper|ShikanoinHeizou Talents: {auto=1, skill=4, burst=4}
2026-09-29 11:17:06.755|INFO|CharacterScraper|Prevented ShikanoinHeizou duplicate scan
2026-09-29 11:17:08.266|DEBUG|CharacterScraper|Could not parse character name/element (Atempt 1/75). Retrying...
2026-09-29 11:17:08.468|DEBUG|CharacterScraper|Could not parse character name/element (Atempt 2/75). Retrying...
2026-09-29 11:17:08.665|DEBUG|CharacterScraper|Scanned character name as Sayu with element Anemo
2026-09-29 11:17:08.700|DEBUG|CharacterScraper|Scanned character level as Level 50 / 50
2026-09-29 11:17:08.700|DEBUG|CharacterScraper|Filtered scanned text to 50/50
2026-09-29 11:17:08.700|DEBUG|CharacterScraper|Parsed character level as 50
2026-09-29 11:17:08.700|INFO|CharacterScraper|Sayu Level: 50
2026-09-29 11:17:08.700|INFO|CharacterScraper|Sayu Ascended: False
2026-09-29 11:17:11.735|INFO|CharacterScraper|Sayu Constellation: 3
2026-09-29 11:17:14.147|INFO|CharacterScraper|Sayu Talents: {auto=1, skill=1, burst=4}
2026-09-29 11:17:14.399|INFO|CharacterScraper|Prevented Sayu duplicate scan
2026-09-29 11:17:15.913|DEBUG|CharacterScraper|Scanned character name as Charlotte with element Cryo
2026-09-29 11:17:15.966|DEBUG|CharacterScraper|Scanned character level as . Level 50 / 50
2026-09-29 11:17:15.966|DEBUG|CharacterScraper|Filtered scanned text to 50/50
2026-09-29 11:17:15.971|DEBUG|CharacterScraper|Parsed character level as 50
2026-09-29 11:17:15.971|INFO|CharacterScraper|Charlotte Level: 50
2026-09-29 11:17:15.971|INFO|CharacterScraper|Charlotte Ascended: False
2026-09-29 11:17:19.779|INFO|CharacterScraper|Charlotte Constellation: 5
2026-09-29 11:17:22.184|INFO|CharacterScraper|Charlotte Talents: {auto=1, skill=4, burst=4}
2026-09-29 11:17:22.442|INFO|CharacterScraper|Prevented Charlotte duplicate scan
2026-09-29 11:17:23.950|DEBUG|CharacterScraper|Scanned character name as Freminet with element Cryo
2026-09-29 11:17:23.986|DEBUG|CharacterScraper|Scanned character level as - Level 50 / 50)
2026-09-29 11:17:23.986|DEBUG|CharacterScraper|Filtered scanned text to 50/50
2026-09-29 11:17:23.986|DEBUG|CharacterScraper|Parsed character level as 50
2026-09-29 11:17:23.986|INFO|CharacterScraper|Freminet Level: 50
2026-09-29 11:17:23.986|INFO|CharacterScraper|Freminet Ascended: False
2026-09-29 11:17:27.708|INFO|CharacterScraper|Freminet Constellation: 5
2026-09-29 11:17:30.080|INFO|CharacterScraper|Freminet Talents: {auto=4, skill=4, burst=1}
2026-09-29 11:17:30.333|INFO|CharacterScraper|Prevented Freminet duplicate scan
2026-09-29 11:17:31.831|DEBUG|CharacterScraper|Could not parse character name/element (Atempt 1/75). Retrying...
2026-09-29 11:17:32.009|DEBUG|CharacterScraper|Scanned character name as Mika with element Cryo
2026-09-29 11:17:32.042|DEBUG|CharacterScraper|Scanned character level as Level 50 / 56
2026-09-29 11:17:32.042|DEBUG|CharacterScraper|Filtered scanned text to 50/56
2026-09-29 11:17:32.042|DEBUG|CharacterScraper|Parsed character level as 50
2026-09-29 11:17:32.042|INFO|CharacterScraper|Mika Level: 50
2026-09-29 11:17:32.042|INFO|CharacterScraper|Mika Ascended: True
2026-09-29 11:17:35.986|INFO|CharacterScraper|Mika Constellation: 6
2026-09-29 11:17:38.457|INFO|CharacterScraper|Mika Talents: {auto=1, skill=4, burst=4}
2026-09-29 11:17:38.718|INFO|CharacterScraper|Prevented Mika duplicate scan
2026-09-29 11:17:40.237|DEBUG|CharacterScraper|Scanned character name as KujouSara with element Electro
2026-09-29 11:17:40.277|DEBUG|CharacterScraper|Scanned character level as Level 50 / 50
2026-09-29 11:17:40.277|DEBUG|CharacterScraper|Filtered scanned text to 50/50
2026-09-29 11:17:40.277|DEBUG|CharacterScraper|Parsed character level as 50
2026-09-29 11:17:40.277|INFO|CharacterScraper|KujouSara Level: 50
2026-09-29 11:17:40.277|INFO|CharacterScraper|KujouSara Ascended: False
2026-09-29 11:17:44.231|INFO|CharacterScraper|KujouSara Constellation: 6
2026-09-29 11:17:46.629|INFO|CharacterScraper|KujouSara Talents: {auto=1, skill=4, burst=4}
2026-09-29 11:17:46.890|INFO|CharacterScraper|Prevented KujouSara duplicate scan
2026-09-29 11:17:48.390|DEBUG|CharacterScraper|Scanned character name as Kirara with element Dendro
2026-09-29 11:17:48.416|DEBUG|CharacterScraper|Scanned character level as Level 50 / 50)
2026-09-29 11:17:48.416|DEBUG|CharacterScraper|Filtered scanned text to 50/50
2026-09-29 11:17:48.416|DEBUG|CharacterScraper|Parsed character level as 50
2026-09-29 11:17:48.416|INFO|CharacterScraper|Kirara Level: 50
2026-09-29 11:17:48.416|INFO|CharacterScraper|Kirara Ascended: False
2026-09-29 11:17:50.378|INFO|CharacterScraper|Kirara Constellation: 1
2026-09-29 11:17:52.735|INFO|CharacterScraper|Kirara Talents: {auto=1, skill=1, burst=1}
2026-09-29 11:17:52.987|INFO|CharacterScraper|Prevented Kirara duplicate scan
2026-09-29 11:17:54.480|DEBUG|CharacterScraper|Scanned character name as YunJin with element Geo
2026-09-29 11:17:54.514|DEBUG|CharacterScraper|Scanned character level as Level 40 / 4()
2026-09-29 11:17:54.514|DEBUG|CharacterScraper|Filtered scanned text to 40/4
2026-09-29 11:17:54.518|DEBUG|CharacterScraper|Parsed character level as 40
2026-09-29 11:17:54.518|INFO|CharacterScraper|YunJin Level: 40
2026-09-29 11:17:54.518|INFO|CharacterScraper|YunJin Ascended: False
2026-09-29 11:17:57.378|INFO|CharacterScraper|YunJin Constellation: 3
2026-09-29 11:17:59.759|INFO|CharacterScraper|YunJin Talents: {auto=1, skill=1, burst=4}
2026-09-29 11:18:00.013|INFO|CharacterScraper|Prevented YunJin duplicate scan
2026-09-29 11:18:01.514|DEBUG|CharacterScraper|Scanned character name as Gorou with element Geo
2026-09-29 11:18:01.546|DEBUG|CharacterScraper|Scanned character level as Level 40 / 4()
2026-09-29 11:18:01.546|DEBUG|CharacterScraper|Filtered scanned text to 40/4
2026-09-29 11:18:01.550|DEBUG|CharacterScraper|Parsed character level as 40
2026-09-29 11:18:01.550|INFO|CharacterScraper|Gorou Level: 40
2026-09-29 11:18:01.550|INFO|CharacterScraper|Gorou Ascended: False
2026-09-29 11:18:04.973|INFO|CharacterScraper|Gorou Constellation: 4
2026-09-29 11:18:07.424|INFO|CharacterScraper|Gorou Talents: {auto=1, skill=4, burst=1}
2026-09-29 11:18:07.676|INFO|CharacterScraper|Prevented Gorou duplicate scan
2026-09-29 11:18:09.209|DEBUG|CharacterScraper|Scanned character name as Alyosha with element Electro
2026-09-29 11:18:09.252|DEBUG|CharacterScraper|Scanned character level as Level 40 7 40
2026-09-29 11:18:09.252|DEBUG|CharacterScraper|Filtered scanned text to 40740
2026-09-29 11:18:09.252|DEBUG|CharacterScraper|Failed to parse character level and ascension from 40740 (text), retrying
2026-09-29 11:18:09.355|DEBUG|CharacterScraper|Scanned character level as - Level 40 1 40
2026-09-29 11:18:09.355|DEBUG|CharacterScraper|Filtered scanned text to 40140
2026-09-29 11:18:09.355|DEBUG|CharacterScraper|Failed to parse character level and ascension from 40140 (text), retrying
2026-09-29 11:18:09.453|DEBUG|CharacterScraper|Scanned character level as - Level 40 / 40
2026-09-29 11:18:09.453|DEBUG|CharacterScraper|Filtered scanned text to 40/40
2026-09-29 11:18:09.458|DEBUG|CharacterScraper|Parsed character level as 40
2026-09-29 11:18:09.458|INFO|CharacterScraper|Alyosha Level: 40
2026-09-29 11:18:09.458|INFO|CharacterScraper|Alyosha Ascended: False
2026-09-29 11:18:13.434|INFO|CharacterScraper|Alyosha Constellation: 5
2026-09-29 11:18:15.840|INFO|CharacterScraper|Alyosha Talents: {auto=1, skill=4, burst=4}
2026-09-29 11:18:16.096|INFO|CharacterScraper|Prevented Alyosha duplicate scan
2026-09-29 11:18:17.617|DEBUG|GenshinProcesor|Most similar string found for iansanj as iansan (85,7142857142857%)
2026-09-29 11:18:17.617|DEBUG|CharacterScraper|Scanned character name as Iansan with element Electro
2026-09-29 11:18:17.660|DEBUG|CharacterScraper|Scanned character level as Level 40 / 40)
2026-09-29 11:18:17.660|DEBUG|CharacterScraper|Filtered scanned text to 40/40
2026-09-29 11:18:17.660|DEBUG|CharacterScraper|Parsed character level as 40
2026-09-29 11:18:17.660|INFO|CharacterScraper|Iansan Level: 40
2026-09-29 11:18:17.660|INFO|CharacterScraper|Iansan Ascended: False
2026-09-29 11:18:20.081|INFO|CharacterScraper|Iansan Constellation: 2
2026-09-29 11:18:22.472|INFO|CharacterScraper|Iansan Talents: {auto=1, skill=1, burst=1}
2026-09-29 11:18:22.732|INFO|CharacterScraper|Prevented Iansan duplicate scan
2026-09-29 11:18:24.229|DEBUG|CharacterScraper|Scanned character name as Sethos with element Electro
2026-09-29 11:18:24.270|DEBUG|CharacterScraper|Scanned character level as ‘Level 40 / 40)
2026-09-29 11:18:24.270|DEBUG|CharacterScraper|Filtered scanned text to 40/40
2026-09-29 11:18:24.270|DEBUG|CharacterScraper|Parsed character level as 40
2026-09-29 11:18:24.270|INFO|CharacterScraper|Sethos Level: 40
2026-09-29 11:18:24.270|INFO|CharacterScraper|Sethos Ascended: False
2026-09-29 11:18:25.799|INFO|CharacterScraper|Sethos Constellation: 0
2026-09-29 11:18:28.191|INFO|CharacterScraper|Sethos Talents: {auto=1, skill=1, burst=1}
2026-09-29 11:18:28.444|INFO|CharacterScraper|Prevented Sethos duplicate scan
2026-09-29 11:18:29.939|DEBUG|CharacterScraper|Scanned character name as Dori with element Electro
2026-09-29 11:18:29.967|DEBUG|CharacterScraper|Scanned character level as Level 40 / 40)
2026-09-29 11:18:29.967|DEBUG|CharacterScraper|Filtered scanned text to 40/40
2026-09-29 11:18:29.971|DEBUG|CharacterScraper|Parsed character level as 40
2026-09-29 11:18:29.971|INFO|CharacterScraper|Dori Level: 40
2026-09-29 11:18:29.971|INFO|CharacterScraper|Dori Ascended: False
2026-09-29 11:18:33.778|INFO|CharacterScraper|Dori Constellation: 6
2026-09-29 11:18:36.221|INFO|CharacterScraper|Dori Talents: {auto=1, skill=4, burst=4}
2026-09-29 11:18:36.483|INFO|CharacterScraper|Prevented Dori duplicate scan
2026-09-29 11:18:38.005|DEBUG|CharacterScraper|Scanned character name as Dahlia with element Hydro
2026-09-29 11:18:38.055|DEBUG|CharacterScraper|Scanned character level as Level 40 / 40
2026-09-29 11:18:38.055|DEBUG|CharacterScraper|Filtered scanned text to 40/40
2026-09-29 11:18:38.055|DEBUG|CharacterScraper|Parsed character level as 40
2026-09-29 11:18:38.055|INFO|CharacterScraper|Dahlia Level: 40
2026-09-29 11:18:38.055|INFO|CharacterScraper|Dahlia Ascended: False
2026-09-29 11:18:40.161|INFO|CharacterScraper|Dahlia Constellation: 1
2026-09-29 11:18:42.572|INFO|CharacterScraper|Dahlia Talents: {auto=1, skill=1, burst=1}
2026-09-29 11:18:42.834|INFO|CharacterScraper|Prevented Dahlia duplicate scan
2026-09-29 11:18:44.354|DEBUG|CharacterScraper|Scanned character name as Manekina with element Cryo
2026-09-29 11:18:44.354|INFO|CharacterScraper|Skipping Manekina: no standard constellation UI
2026-09-29 11:18:44.354|ERROR|CharacterScraper|Failed to scan character
Invalid level
Invalid talents
Character
Name: Manekina
Element: Cryo
Level: 0
Ascension Level: 0
Constellation: 0
AUTO : 0
SKILL : 0
BURST : 0

2026-09-29 11:18:45.867|DEBUG|CharacterScraper|Scanned character name as Manekin with element Cryo
2026-09-29 11:18:45.867|INFO|CharacterScraper|Skipping Manekin: no standard constellation UI
2026-09-29 11:18:45.867|ERROR|CharacterScraper|Failed to scan character
Invalid level
Invalid talents
Character
Name: Manekin
Element: Cryo
Level: 0
Ascension Level: 0
Constellation: 0
AUTO : 0
SKILL : 0
BURST : 0

2026-09-29 11:18:47.394|DEBUG|CharacterScraper|Scanned character name as Sandrone with element Cryo
2026-09-29 11:18:47.394|INFO|CharacterScraper|Repeat character Sandrone detected. Finishing character scan...
2026-09-29 11:18:49.416|INFO|InventoryKamera|Done scanning characters
2026-09-29 11:18:49.416|DEBUG|InventoryKamera|Assigned "flower" to "Odette"
2026-09-29 11:18:49.424|DEBUG|InventoryKamera|Assigned "plume" to "Odette"
2026-09-29 11:18:49.424|DEBUG|InventoryKamera|Assigned "goblet" to "Odette"
2026-09-29 11:18:49.424|DEBUG|InventoryKamera|Assigned "circlet" to "Odette"
2026-09-29 11:18:49.424|DEBUG|InventoryKamera|Assigned "circlet" to "Sandrone"
2026-09-29 11:18:49.424|DEBUG|InventoryKamera|Assigned "flower" to "Sandrone"
2026-09-29 11:18:49.424|DEBUG|InventoryKamera|Assigned "plume" to "Sandrone"
2026-09-29 11:18:49.424|DEBUG|InventoryKamera|Assigned "sands" to "Sandrone"
2026-09-29 11:18:49.424|DEBUG|InventoryKamera|Assigned "goblet" to "Sandrone"
2026-09-29 11:18:49.424|DEBUG|InventoryKamera|Assigned "goblet" to "Zhongli"
2026-09-29 11:18:49.424|DEBUG|InventoryKamera|Assigned "flower" to "Zhongli"
2026-09-29 11:18:49.424|DEBUG|InventoryKamera|Assigned "flower" to "Lauma"
2026-09-29 11:18:49.424|DEBUG|InventoryKamera|Assigned "plume" to "Lauma"
2026-09-29 11:18:49.424|DEBUG|InventoryKamera|Assigned "sands" to "Lauma"
2026-09-29 11:18:49.424|DEBUG|InventoryKamera|Assigned "circlet" to "Lauma"
2026-09-29 11:18:49.424|DEBUG|InventoryKamera|Assigned "flower" to "Nefer"
2026-09-29 11:18:49.424|DEBUG|InventoryKamera|Assigned "plume" to "Nefer"
2026-09-29 11:18:49.424|DEBUG|InventoryKamera|Assigned "sands" to "Zibai"
2026-09-29 11:18:49.424|DEBUG|InventoryKamera|Assigned "circlet" to "Durin"
2026-09-29 11:18:49.424|DEBUG|InventoryKamera|Assigned "flower" to "Skirk"
2026-09-29 11:18:49.424|DEBUG|InventoryKamera|Assigned "plume" to "Skirk"
2026-09-29 11:18:49.424|DEBUG|InventoryKamera|Assigned "plume" to "Zhongli"
2026-09-29 11:18:49.424|DEBUG|InventoryKamera|Assigned "flower" to "Mavuika"
2026-09-29 11:18:49.424|DEBUG|InventoryKamera|Assigned "plume" to "Columbina"
2026-09-29 11:18:49.424|DEBUG|InventoryKamera|Assigned "plume" to "Mavuika"
2026-09-29 11:18:49.424|DEBUG|InventoryKamera|Assigned "sands" to "Mavuika"
2026-09-29 11:18:49.424|DEBUG|InventoryKamera|Assigned "circlet" to "Mavuika"
2026-09-29 11:18:49.424|DEBUG|InventoryKamera|Assigned "sands" to "Odette"
2026-09-29 11:18:49.424|DEBUG|InventoryKamera|Assigned "circlet" to "Bennett"
2026-09-29 11:18:49.424|DEBUG|InventoryKamera|Assigned "flower" to "Fischl"
2026-09-29 11:18:49.424|DEBUG|InventoryKamera|Assigned "plume" to "Fischl"
2026-09-29 11:18:49.424|DEBUG|InventoryKamera|Assigned "plume" to "Furina"
2026-09-29 11:18:49.424|DEBUG|InventoryKamera|Assigned "sands" to "Fischl"
2026-09-29 11:18:49.424|DEBUG|InventoryKamera|Assigned "sands" to "Furina"
2026-09-29 11:18:49.424|DEBUG|InventoryKamera|Assigned "goblet" to "Fischl"
2026-09-29 11:18:49.424|DEBUG|InventoryKamera|Assigned "goblet" to "Furina"
2026-09-29 11:18:49.424|DEBUG|InventoryKamera|Assigned "circlet" to "Fischl"
2026-09-29 11:18:49.424|DEBUG|InventoryKamera|Assigned "circlet" to "Furina"
2026-09-29 11:18:49.424|DEBUG|InventoryKamera|Assigned "flower" to "Wriothesley"
2026-09-29 11:18:49.424|DEBUG|InventoryKamera|Assigned "flower" to "Neuvillette"
2026-09-29 11:18:49.424|DEBUG|InventoryKamera|Assigned "plume" to "Wriothesley"
2026-09-29 11:18:49.424|DEBUG|InventoryKamera|Assigned "plume" to "Neuvillette"
2026-09-29 11:18:49.424|DEBUG|InventoryKamera|Assigned "sands" to "Neuvillette"
2026-09-29 11:18:49.424|DEBUG|InventoryKamera|Assigned "circlet" to "Skirk"
2026-09-29 11:18:49.424|DEBUG|InventoryKamera|Assigned "flower" to "Furina"
2026-09-29 11:18:49.424|DEBUG|InventoryKamera|Assigned "plume" to "Noelle"
2026-09-29 11:18:49.424|DEBUG|InventoryKamera|Assigned "flower" to "KukiShinobu"
2026-09-29 11:18:49.424|DEBUG|InventoryKamera|Assigned "flower" to "Cyno"
2026-09-29 11:18:49.424|DEBUG|InventoryKamera|Assigned "flower" to "Alhaitham"
2026-09-29 11:18:49.424|DEBUG|InventoryKamera|Assigned "plume" to "KukiShinobu"
2026-09-29 11:18:49.424|DEBUG|InventoryKamera|Assigned "plume" to "Cyno"
2026-09-29 11:18:49.424|DEBUG|InventoryKamera|Assigned "plume" to "Alhaitham"
2026-09-29 11:18:49.424|DEBUG|InventoryKamera|Assigned "sands" to "Alhaitham"
2026-09-29 11:18:49.424|DEBUG|InventoryKamera|Assigned "sands" to "Cyno"
2026-09-29 11:18:49.424|DEBUG|InventoryKamera|Assigned "goblet" to "Alhaitham"
2026-09-29 11:18:49.424|DEBUG|InventoryKamera|Assigned "goblet" to "Wriothesley"
2026-09-29 11:18:49.424|DEBUG|InventoryKamera|Assigned "goblet" to "Cyno"
2026-09-29 11:18:49.424|DEBUG|InventoryKamera|Assigned "goblet" to "KukiShinobu"
2026-09-29 11:18:49.424|DEBUG|InventoryKamera|Assigned "circlet" to "Alhaitham"
2026-09-29 11:18:49.424|DEBUG|InventoryKamera|Assigned "circlet" to "Layla"
2026-09-29 11:18:49.424|DEBUG|InventoryKamera|Assigned "circlet" to "Zhongli"
2026-09-29 11:18:49.424|DEBUG|InventoryKamera|Assigned "flower" to "Nahida"
2026-09-29 11:18:49.424|DEBUG|InventoryKamera|Assigned "circlet" to "Barbara"
2026-09-29 11:18:49.424|DEBUG|InventoryKamera|Assigned "plume" to "Ningguang"
2026-09-29 11:18:49.424|DEBUG|InventoryKamera|Assigned "plume" to "Nahida"
2026-09-29 11:18:49.424|DEBUG|InventoryKamera|Assigned "goblet" to "Nahida"
2026-09-29 11:18:49.424|DEBUG|InventoryKamera|Assigned "circlet" to "Nahida"
2026-09-29 11:18:49.424|DEBUG|InventoryKamera|Assigned "flower" to "Xiao"
2026-09-29 11:18:49.424|DEBUG|InventoryKamera|Assigned "plume" to "Xiao"
2026-09-29 11:18:49.424|DEBUG|InventoryKamera|Assigned "sands" to "Xiao"
2026-09-29 11:18:49.424|DEBUG|InventoryKamera|Assigned "goblet" to "Xiao"
2026-09-29 11:18:49.424|DEBUG|InventoryKamera|Assigned "circlet" to "KukiShinobu"
2026-09-29 11:18:49.424|DEBUG|InventoryKamera|Assigned "circlet" to "Xiao"
2026-09-29 11:18:49.424|DEBUG|InventoryKamera|Assigned "flower" to "RaidenShogun"
2026-09-29 11:18:49.424|DEBUG|InventoryKamera|Assigned "flower" to "Yelan"
2026-09-29 11:18:49.424|DEBUG|InventoryKamera|Assigned "flower" to "Durin"
2026-09-29 11:18:49.424|DEBUG|InventoryKamera|Assigned "flower" to "Arlecchino"
2026-09-29 11:18:49.424|DEBUG|InventoryKamera|Assigned "plume" to "Xingqiu"
2026-09-29 11:18:49.424|DEBUG|InventoryKamera|Assigned "plume" to "Durin"
2026-09-29 11:18:49.424|DEBUG|InventoryKamera|Assigned "plume" to "RaidenShogun"
2026-09-29 11:18:49.424|DEBUG|InventoryKamera|Assigned "plume" to "Dehya"
2026-09-29 11:18:49.424|DEBUG|InventoryKamera|Assigned "plume" to "Yelan"
2026-09-29 11:18:49.424|DEBUG|InventoryKamera|Assigned "sands" to "Durin"
2026-09-29 11:18:49.424|DEBUG|InventoryKamera|Assigned "sands" to "Columbina"
2026-09-29 11:18:49.424|DEBUG|InventoryKamera|Assigned "sands" to "Yelan"
2026-09-29 11:18:49.424|DEBUG|InventoryKamera|Assigned "sands" to "Xingqiu"
2026-09-29 11:18:49.424|DEBUG|InventoryKamera|Assigned "sands" to "Dehya"
2026-09-29 11:18:49.424|DEBUG|InventoryKamera|Assigned "sands" to "RaidenShogun"
2026-09-29 11:18:49.424|DEBUG|InventoryKamera|Assigned "sands" to "KukiShinobu"
2026-09-29 11:18:49.424|DEBUG|InventoryKamera|Assigned "sands" to "Nahida"
2026-09-29 11:18:49.424|DEBUG|InventoryKamera|Assigned "goblet" to "Columbina"
2026-09-29 11:18:49.424|DEBUG|InventoryKamera|Assigned "goblet" to "Xingqiu"
2026-09-29 11:18:49.424|DEBUG|InventoryKamera|Assigned "goblet" to "Yoimiya"
2026-09-29 11:18:49.424|DEBUG|InventoryKamera|Assigned "goblet" to "RaidenShogun"
2026-09-29 11:18:49.424|DEBUG|InventoryKamera|Assigned "goblet" to "Dehya"
2026-09-29 11:18:49.424|DEBUG|InventoryKamera|Assigned "goblet" to "Durin"
2026-09-29 11:18:49.424|DEBUG|InventoryKamera|Assigned "circlet" to "Xingqiu"
2026-09-29 11:18:49.424|DEBUG|InventoryKamera|Assigned "circlet" to "Yelan"
2026-09-29 11:18:49.424|DEBUG|InventoryKamera|Assigned "circlet" to "Dehya"
2026-09-29 11:18:49.424|DEBUG|InventoryKamera|Assigned "circlet" to "Neuvillette"
2026-09-29 11:18:49.424|DEBUG|InventoryKamera|Assigned "circlet" to "Kaeya"
2026-09-29 11:18:49.424|DEBUG|InventoryKamera|Assigned "flower" to "Yoimiya"
2026-09-29 11:18:49.424|DEBUG|InventoryKamera|Assigned "flower" to "Ningguang"
2026-09-29 11:18:49.424|DEBUG|InventoryKamera|Assigned "flower" to "Dehya"
2026-09-29 11:18:49.424|DEBUG|InventoryKamera|Assigned "plume" to "Xiangling"
2026-09-29 11:18:49.424|DEBUG|InventoryKamera|Assigned "plume" to "Wanderer"
2026-09-29 11:18:49.424|DEBUG|InventoryKamera|Assigned "plume" to "Yoimiya"
2026-09-29 11:18:49.424|DEBUG|InventoryKamera|Assigned "sands" to "Wriothesley"
2026-09-29 11:18:49.424|DEBUG|InventoryKamera|Assigned "sands" to "Yoimiya"
2026-09-29 11:18:49.424|DEBUG|InventoryKamera|Assigned "sands" to "Zhongli"
2026-09-29 11:18:49.424|DEBUG|InventoryKamera|Assigned "sands" to "Sucrose"
2026-09-29 11:18:49.424|DEBUG|InventoryKamera|Assigned "sands" to "Lynette"
2026-09-29 11:18:49.424|DEBUG|InventoryKamera|Assigned "goblet" to "Tighnari"
2026-09-29 11:18:49.424|DEBUG|InventoryKamera|Assigned "goblet" to "Mavuika"
2026-09-29 11:18:49.424|DEBUG|InventoryKamera|Assigned "circlet" to "Nefer"
2026-09-29 11:18:49.424|DEBUG|InventoryKamera|Assigned "circlet" to "Jean"
2026-09-29 11:18:49.424|DEBUG|InventoryKamera|Assigned "circlet" to "Yoimiya"
2026-09-29 11:18:49.424|DEBUG|InventoryKamera|Assigned "flower" to "Bennett"
2026-09-29 11:18:49.424|DEBUG|InventoryKamera|Assigned "circlet" to "Chevreuse"
2026-09-29 11:18:49.424|DEBUG|InventoryKamera|Assigned "plume" to "Bennett"
2026-09-29 11:18:49.424|DEBUG|InventoryKamera|Assigned "sands" to "Bennett"
2026-09-29 11:18:49.424|DEBUG|InventoryKamera|Assigned "goblet" to "Bennett"
2026-09-29 11:18:49.424|DEBUG|InventoryKamera|Assigned "sands" to "Nefer"
2026-09-29 11:18:49.424|DEBUG|InventoryKamera|Assigned "sands" to "KamisatoAyaka"
2026-09-29 11:18:49.424|DEBUG|InventoryKamera|Assigned "goblet" to "Neuvillette"
2026-09-29 11:18:49.424|DEBUG|InventoryKamera|Assigned "goblet" to "Lauma"
2026-09-29 11:18:49.424|DEBUG|InventoryKamera|Assigned "circlet" to "Wriothesley"
2026-09-29 11:18:49.424|DEBUG|InventoryKamera|Assigned "flower" to "Sucrose"
2026-09-29 11:18:49.424|DEBUG|InventoryKamera|Assigned "plume" to "Sucrose"
2026-09-29 11:18:49.424|DEBUG|InventoryKamera|Assigned "goblet" to "Sucrose"
2026-09-29 11:18:49.424|DEBUG|InventoryKamera|Assigned "circlet" to "Sucrose"
2026-09-29 11:18:49.424|DEBUG|InventoryKamera|Assigned "sands" to "Skirk"
2026-09-29 11:18:49.424|DEBUG|InventoryKamera|Assigned "goblet" to "Skirk"
2026-09-29 11:18:49.424|DEBUG|InventoryKamera|Assigned "goblet" to "Arlecchino"
2026-09-29 11:18:49.424|DEBUG|InventoryKamera|Assigned "goblet" to "Yelan"
2026-09-29 11:18:49.424|DEBUG|InventoryKamera|Assigned "goblet" to "Nefer"
2026-09-29 11:18:49.424|DEBUG|InventoryKamera|Assigned "circlet" to "RaidenShogun"
2026-09-29 11:18:49.424|DEBUG|InventoryKamera|Assigned "goblet" to "Zibai"
2026-09-29 11:18:49.424|DEBUG|InventoryKamera|Assigned "flower" to "Xingqiu"
2026-09-29 11:18:49.424|DEBUG|InventoryKamera|Assigned "plume" to "Gaming"
2026-09-29 11:18:49.424|DEBUG|InventoryKamera|Assigned "flower" to "Columbina"
2026-09-29 11:18:49.424|DEBUG|InventoryKamera|Assigned "circlet" to "Columbina"
2026-09-29 11:18:49.424|DEBUG|InventoryKamera|Assigned "flower" to "Kaeya"
2026-09-29 11:18:49.424|DEBUG|InventoryKamera|Assigned "circlet" to "Arlecchino"
2026-09-29 11:18:49.424|DEBUG|InventoryKamera|Assigned "plume" to "YunJin"
2026-09-29 11:18:49.424|DEBUG|InventoryKamera|Assigned "goblet" to "YumemizukiMizuki"
2026-09-29 11:18:49.424|DEBUG|InventoryKamera|Assigned "flower" to "Zibai"
2026-09-29 11:18:49.424|DEBUG|InventoryKamera|Assigned "plume" to "Zibai"
2026-09-29 11:18:49.424|DEBUG|InventoryKamera|Assigned "flower" to "Kachina"
2026-09-29 11:18:49.424|DEBUG|InventoryKamera|Assigned "plume" to "Kachina"
2026-09-29 11:18:49.424|DEBUG|InventoryKamera|Assigned "sands" to "Kachina"
2026-09-29 11:18:49.424|DEBUG|InventoryKamera|Assigned "plume" to "Qiqi"
2026-09-29 11:18:49.424|DEBUG|InventoryKamera|Assigned "circlet" to "Sayu"
2026-09-29 11:18:49.424|DEBUG|InventoryKamera|Assigned "circlet" to "YunJin"
2026-09-29 11:18:49.424|DEBUG|InventoryKamera|Assigned "sands" to "Yanfei"
2026-09-29 11:18:49.424|DEBUG|InventoryKamera|Assigned "flower" to "Collei"
2026-09-29 11:18:49.424|DEBUG|InventoryKamera|Assigned "flower" to "Mualani"
2026-09-29 11:18:49.424|DEBUG|InventoryKamera|Assigned "plume" to "Mualani"
2026-09-29 11:18:49.424|DEBUG|InventoryKamera|Assigned "plume" to "Collei"
2026-09-29 11:18:49.424|DEBUG|InventoryKamera|Assigned "sands" to "Collei"
2026-09-29 11:18:49.424|DEBUG|InventoryKamera|Assigned "goblet" to "Collei"
2026-09-29 11:18:49.424|DEBUG|InventoryKamera|Assigned "flower" to "Kaveh"
2026-09-29 11:18:49.424|DEBUG|InventoryKamera|Assigned "flower" to "Yaoyao"
2026-09-29 11:18:49.424|DEBUG|InventoryKamera|Assigned "plume" to "Yaoyao"
2026-09-29 11:18:49.424|DEBUG|InventoryKamera|Assigned "plume" to "Kaveh"
2026-09-29 11:18:49.424|DEBUG|InventoryKamera|Assigned "sands" to "Kaveh"
2026-09-29 11:18:49.424|DEBUG|InventoryKamera|Assigned "goblet" to "ShikanoinHeizou"
2026-09-29 11:18:49.424|DEBUG|InventoryKamera|Assigned "circlet" to "Kaveh"
2026-09-29 11:18:49.424|DEBUG|InventoryKamera|Assigned "circlet" to "Kaveh"
2026-09-29 11:18:49.424|DEBUG|InventoryKamera|Assigned "goblet" to "Yaoyao"
2026-09-29 11:18:49.424|DEBUG|InventoryKamera|Assigned "flower" to "Mona"
2026-09-29 11:18:49.424|DEBUG|InventoryKamera|Assigned "flower" to "Lisa"
2026-09-29 11:18:49.424|DEBUG|InventoryKamera|Assigned "flower" to "KujouSara"
2026-09-29 11:18:49.424|DEBUG|InventoryKamera|Assigned "flower" to "Xiangling"
2026-09-29 11:18:49.424|DEBUG|InventoryKamera|Assigned "flower" to "Mika"
2026-09-29 11:18:49.424|DEBUG|InventoryKamera|Assigned "flower" to "Faruzan"
2026-09-29 11:18:49.424|DEBUG|InventoryKamera|Assigned "flower" to "Thoma"
2026-09-29 11:18:49.424|DEBUG|InventoryKamera|Assigned "flower" to "Diona"
2026-09-29 11:18:49.424|DEBUG|InventoryKamera|Assigned "flower" to "Beidou"
2026-09-29 11:18:49.424|DEBUG|InventoryKamera|Assigned "flower" to "Rosaria"
2026-09-29 11:18:49.424|DEBUG|InventoryKamera|Assigned "flower" to "Candace"
2026-09-29 11:18:49.424|DEBUG|InventoryKamera|Assigned "flower" to "Gorou"
2026-09-29 11:18:49.424|DEBUG|InventoryKamera|Assigned "plume" to "Faruzan"
2026-09-29 11:18:49.424|DEBUG|InventoryKamera|Assigned "plume" to "Dori"
2026-09-29 11:18:49.424|DEBUG|InventoryKamera|Assigned "plume" to "Lisa"
2026-09-29 11:18:49.424|DEBUG|InventoryKamera|Assigned "plume" to "KujouSara"
2026-09-29 11:18:49.424|DEBUG|InventoryKamera|Assigned "plume" to "Rosaria"
2026-09-29 11:18:49.424|DEBUG|InventoryKamera|Assigned "plume" to "Candace"
2026-09-29 11:18:49.424|DEBUG|InventoryKamera|Assigned "plume" to "Mona"
2026-09-29 11:18:49.424|DEBUG|InventoryKamera|Assigned "plume" to "Beidou"
2026-09-29 11:18:49.424|DEBUG|InventoryKamera|Assigned "plume" to "Thoma"
2026-09-29 11:18:49.424|DEBUG|InventoryKamera|Assigned "sands" to "Rosaria"
2026-09-29 11:18:49.424|DEBUG|InventoryKamera|Assigned "sands" to "Xiangling"
2026-09-29 11:18:49.424|DEBUG|InventoryKamera|Assigned "sands" to "Beidou"
2026-09-29 11:18:49.424|DEBUG|InventoryKamera|Assigned "sands" to "Chevreuse"
2026-09-29 11:18:49.424|DEBUG|InventoryKamera|Assigned "sands" to "Thoma"
2026-09-29 11:18:49.424|DEBUG|InventoryKamera|Assigned "sands" to "Lisa"
2026-09-29 11:18:49.424|DEBUG|InventoryKamera|Assigned "sands" to "KujouSara"
2026-09-29 11:18:49.424|DEBUG|InventoryKamera|Assigned "sands" to "Yaoyao"
2026-09-29 11:18:49.424|DEBUG|InventoryKamera|Assigned "sands" to "Barbara"
2026-09-29 11:18:49.424|DEBUG|InventoryKamera|Assigned "sands" to "Mona"
2026-09-29 11:18:49.424|DEBUG|InventoryKamera|Assigned "sands" to "YunJin"
2026-09-29 11:18:49.424|DEBUG|InventoryKamera|Assigned "goblet" to "KujouSara"
2026-09-29 11:18:49.424|DEBUG|InventoryKamera|Assigned "goblet" to "Rosaria"
2026-09-29 11:18:49.424|DEBUG|InventoryKamera|Assigned "goblet" to "Barbara"
2026-09-29 11:18:49.424|DEBUG|InventoryKamera|Assigned "goblet" to "Beidou"
2026-09-29 11:18:49.424|DEBUG|InventoryKamera|Assigned "goblet" to "Lisa"
2026-09-29 11:18:49.424|DEBUG|InventoryKamera|Assigned "goblet" to "Faruzan"
2026-09-29 11:18:49.424|DEBUG|InventoryKamera|Assigned "goblet" to "Candace"
2026-09-29 11:18:49.424|DEBUG|InventoryKamera|Assigned "goblet" to "Thoma"
2026-09-29 11:18:49.424|DEBUG|InventoryKamera|Assigned "goblet" to "Gorou"
2026-09-29 11:18:49.424|DEBUG|InventoryKamera|Assigned "goblet" to "Chevreuse"
2026-09-29 11:18:49.424|DEBUG|InventoryKamera|Assigned "goblet" to "Xiangling"
2026-09-29 11:18:49.424|DEBUG|InventoryKamera|Assigned "goblet" to "YunJin"
2026-09-29 11:18:49.424|DEBUG|InventoryKamera|Assigned "circlet" to "Xiangling"
2026-09-29 11:18:49.424|DEBUG|InventoryKamera|Assigned "circlet" to "Yaoyao"
2026-09-29 11:18:49.424|DEBUG|InventoryKamera|Assigned "circlet" to "Candace"
2026-09-29 11:18:49.424|DEBUG|InventoryKamera|Assigned "circlet" to "Diona"
2026-09-29 11:18:49.424|DEBUG|InventoryKamera|Assigned "circlet" to "Dori"
2026-09-29 11:18:49.424|DEBUG|InventoryKamera|Assigned "circlet" to "Faruzan"
2026-09-29 11:18:49.424|DEBUG|InventoryKamera|Assigned "circlet" to "Mika"
2026-09-29 11:18:49.424|DEBUG|InventoryKamera|Assigned "circlet" to "Mona"
2026-09-29 11:18:49.424|DEBUG|InventoryKamera|Assigned "flower" to "Wanderer"
2026-09-29 11:18:49.424|DEBUG|InventoryKamera|Assigned "flower" to "Jean"
2026-09-29 11:18:49.424|DEBUG|InventoryKamera|Assigned "flower" to "Lynette"
2026-09-29 11:18:49.424|DEBUG|InventoryKamera|Assigned "sands" to "Wanderer"
2026-09-29 11:18:49.424|DEBUG|InventoryKamera|Assigned "sands" to "Candace"
2026-09-29 11:18:49.424|DEBUG|InventoryKamera|Assigned "sands" to "Qiqi"
2026-09-29 11:18:49.424|DEBUG|InventoryKamera|Assigned "goblet" to "Mualani"
2026-09-29 11:18:49.424|DEBUG|InventoryKamera|Assigned "goblet" to "Diluc"
2026-09-29 11:18:49.424|DEBUG|InventoryKamera|Assigned "goblet" to "Ningguang"
2026-09-29 11:18:49.424|DEBUG|InventoryKamera|Assigned "goblet" to "Amber"
2026-09-29 11:18:49.424|DEBUG|InventoryKamera|Assigned "goblet" to "Mona"
2026-09-29 11:18:49.424|DEBUG|InventoryKamera|Assigned "circlet" to "Wanderer"
2026-09-29 11:18:49.424|DEBUG|InventoryKamera|Assigned "circlet" to "Qiqi"
2026-09-29 11:18:49.424|DEBUG|InventoryKamera|Assigned "flower" to "Barbara"
2026-09-29 11:18:49.424|DEBUG|InventoryKamera|Assigned "plume" to "Barbara"
2026-09-29 11:18:49.424|DEBUG|InventoryKamera|Assigned "circlet" to "Freminet"
2026-09-29 11:18:49.424|DEBUG|InventoryKamera|Assigned "circlet" to "Cyno"
2026-09-29 11:18:49.424|DEBUG|InventoryKamera|Assigned "circlet" to "Lisa"
2026-09-29 11:18:49.424|DEBUG|InventoryKamera|Assigned "circlet" to "Rosaria"
2026-09-29 11:18:49.424|DEBUG|InventoryKamera|Assigned "flower" to "Chongyun"
2026-09-29 11:18:49.424|DEBUG|InventoryKamera|Assigned "flower" to "Chevreuse"
2026-09-29 11:18:49.424|DEBUG|InventoryKamera|Assigned "flower" to "Dori"
2026-09-29 11:18:49.424|DEBUG|InventoryKamera|Assigned "plume" to "Chevreuse"
2026-09-29 11:18:49.424|DEBUG|InventoryKamera|Assigned "goblet" to "Dori"
2026-09-29 11:18:49.424|DEBUG|InventoryKamera|Assigned "circlet" to "Chongyun"
2026-09-29 11:18:49.424|DEBUG|InventoryKamera|Assigned "flower" to "Gaming"
2026-09-29 11:18:49.424|DEBUG|InventoryKamera|Assigned "sands" to "Gaming"
2026-09-29 11:18:49.424|DEBUG|InventoryKamera|Assigned "circlet" to "Gaming"
2026-09-29 11:18:49.424|DEBUG|InventoryKamera|Assigned "flower" to "ShikanoinHeizou"
2026-09-29 11:18:49.424|DEBUG|InventoryKamera|Assigned "flower" to "Tighnari"
2026-09-29 11:18:49.424|DEBUG|InventoryKamera|Assigned "flower" to "Layla"
2026-09-29 11:18:49.424|DEBUG|InventoryKamera|Assigned "flower" to "Yanfei"
2026-09-29 11:18:49.424|DEBUG|InventoryKamera|Assigned "flower" to "Amber"
2026-09-29 11:18:49.424|DEBUG|InventoryKamera|Assigned "flower" to "Sayu"
2026-09-29 11:18:49.424|DEBUG|InventoryKamera|Assigned "plume" to "Xinyan"
2026-09-29 11:18:49.424|DEBUG|InventoryKamera|Assigned "plume" to "Jean"
2026-09-29 11:18:49.424|DEBUG|InventoryKamera|Assigned "plume" to "Yanfei"
2026-09-29 11:18:49.424|DEBUG|InventoryKamera|Assigned "plume" to "Sayu"
2026-09-29 11:18:49.424|DEBUG|InventoryKamera|Assigned "plume" to "Amber"
2026-09-29 11:18:49.424|DEBUG|InventoryKamera|Assigned "plume" to "Tighnari"
2026-09-29 11:18:49.424|DEBUG|InventoryKamera|Assigned "sands" to "Tighnari"
2026-09-29 11:18:49.424|DEBUG|InventoryKamera|Assigned "sands" to "Keqing"
2026-09-29 11:18:49.424|DEBUG|InventoryKamera|Assigned "sands" to "ShikanoinHeizou"
2026-09-29 11:18:49.424|DEBUG|InventoryKamera|Assigned "sands" to "Mualani"
2026-09-29 11:18:49.424|DEBUG|InventoryKamera|Assigned "sands" to "Amber"
2026-09-29 11:18:49.424|DEBUG|InventoryKamera|Assigned "goblet" to "Keqing"
2026-09-29 11:18:49.424|DEBUG|InventoryKamera|Assigned "goblet" to "Gaming"
2026-09-29 11:18:49.424|DEBUG|InventoryKamera|Assigned "goblet" to "Kachina"
2026-09-29 11:18:49.424|DEBUG|InventoryKamera|Assigned "goblet" to "Mika"
2026-09-29 11:18:49.424|DEBUG|InventoryKamera|Assigned "goblet" to "Yanfei"
2026-09-29 11:18:49.424|DEBUG|InventoryKamera|Assigned "goblet" to "Diona"
2026-09-29 11:18:49.424|DEBUG|InventoryKamera|Assigned "circlet" to "Beidou"
2026-09-29 11:18:49.424|DEBUG|InventoryKamera|Assigned "circlet" to "Keqing"
2026-09-29 11:18:49.424|DEBUG|InventoryKamera|Assigned "circlet" to "Lynette"
2026-09-29 11:18:49.424|DEBUG|InventoryKamera|Assigned "circlet" to "Amber"
2026-09-29 11:18:49.424|DEBUG|InventoryKamera|Assigned "circlet" to "Mualani"
2026-09-29 11:18:49.424|DEBUG|InventoryKamera|Assigned "circlet" to "KujouSara"
2026-09-29 11:18:49.424|DEBUG|InventoryKamera|Assigned "circlet" to "Collei"
2026-09-29 11:18:49.424|DEBUG|InventoryKamera|Assigned "circlet" to "Yanfei"
2026-09-29 11:18:49.424|DEBUG|InventoryKamera|Assigned "circlet" to "Tighnari"
2026-09-29 11:18:49.424|DEBUG|InventoryKamera|Assigned "circlet" to "Zibai"
2026-09-29 11:18:49.424|DEBUG|InventoryKamera|Assigned "flower" to "YumemizukiMizuki"
2026-09-29 11:18:49.424|DEBUG|InventoryKamera|Assigned "plume" to "YumemizukiMizuki"
2026-09-29 11:18:49.424|DEBUG|InventoryKamera|Assigned "sands" to "YumemizukiMizuki"
2026-09-29 11:18:49.424|DEBUG|InventoryKamera|Assigned "circlet" to "YumemizukiMizuki"
2026-09-29 11:18:49.424|DEBUG|InventoryKamera|Assigned "flower" to "Diluc"
2026-09-29 11:18:49.424|DEBUG|InventoryKamera|Assigned "flower" to "Keqing"
2026-09-29 11:18:49.424|DEBUG|InventoryKamera|Assigned "flower" to "Qiqi"
2026-09-29 11:18:49.424|DEBUG|InventoryKamera|Assigned "flower" to "Freminet"
2026-09-29 11:18:49.424|DEBUG|InventoryKamera|Assigned "flower" to "Xinyan"
2026-09-29 11:18:49.424|DEBUG|InventoryKamera|Assigned "flower" to "Noelle"
2026-09-29 11:18:49.424|DEBUG|InventoryKamera|Assigned "plume" to "Keqing"
2026-09-29 11:18:49.424|DEBUG|InventoryKamera|Assigned "plume" to "Razor"
2026-09-29 11:18:49.424|DEBUG|InventoryKamera|Assigned "plume" to "Lynette"
2026-09-29 11:18:49.424|DEBUG|InventoryKamera|Assigned "plume" to "ShikanoinHeizou"
2026-09-29 11:18:49.424|DEBUG|InventoryKamera|Assigned "plume" to "Diluc"
2026-09-29 11:18:49.424|DEBUG|InventoryKamera|Assigned "plume" to "Arlecchino"
2026-09-29 11:18:49.424|DEBUG|InventoryKamera|Assigned "sands" to "Noelle"
2026-09-29 11:18:49.424|DEBUG|InventoryKamera|Assigned "sands" to "Xinyan"
2026-09-29 11:18:49.424|DEBUG|InventoryKamera|Assigned "sands" to "Faruzan"
2026-09-29 11:18:49.424|DEBUG|InventoryKamera|Assigned "sands" to "Diluc"
2026-09-29 11:18:49.424|DEBUG|InventoryKamera|Assigned "sands" to "Jean"
2026-09-29 11:18:49.424|DEBUG|InventoryKamera|Assigned "sands" to "Razor"
2026-09-29 11:18:49.424|DEBUG|InventoryKamera|Assigned "sands" to "Arlecchino"
2026-09-29 11:18:49.424|DEBUG|InventoryKamera|Assigned "sands" to "Freminet"
2026-09-29 11:18:49.424|DEBUG|InventoryKamera|Assigned "sands" to "Dori"
2026-09-29 11:18:49.424|DEBUG|InventoryKamera|Assigned "sands" to "Sayu"
2026-09-29 11:18:49.424|DEBUG|InventoryKamera|Assigned "sands" to "Chongyun"
2026-09-29 11:18:49.424|DEBUG|InventoryKamera|Assigned "goblet" to "Xinyan"
2026-09-29 11:18:49.424|DEBUG|InventoryKamera|Assigned "goblet" to "Lynette"
2026-09-29 11:18:49.424|DEBUG|InventoryKamera|Assigned "goblet" to "Razor"
2026-09-29 11:18:49.424|DEBUG|InventoryKamera|Assigned "goblet" to "Sayu"
2026-09-29 11:18:49.424|DEBUG|InventoryKamera|Assigned "goblet" to "Wanderer"
2026-09-29 11:18:49.424|DEBUG|InventoryKamera|Assigned "goblet" to "Qiqi"
2026-09-29 11:18:49.424|DEBUG|InventoryKamera|Assigned "goblet" to "Jean"
2026-09-29 11:18:49.424|DEBUG|InventoryKamera|Assigned "goblet" to "Noelle"
2026-09-29 11:18:49.424|DEBUG|InventoryKamera|Assigned "goblet" to "Layla"
2026-09-29 11:18:49.424|DEBUG|InventoryKamera|Assigned "circlet" to "Xinyan"
2026-09-29 11:18:49.424|DEBUG|InventoryKamera|Assigned "circlet" to "Gorou"
2026-09-29 11:18:49.424|DEBUG|InventoryKamera|Assigned "circlet" to "Diluc"
2026-09-29 11:18:49.424|DEBUG|InventoryKamera|Assigned "circlet" to "Ningguang"
2026-09-29 11:18:49.424|DEBUG|InventoryKamera|Assigned "circlet" to "ShikanoinHeizou"
2026-09-29 11:18:49.424|DEBUG|InventoryKamera|Assigned "circlet" to "Razor"
2026-09-29 11:18:49.424|DEBUG|InventoryKamera|Assigned "circlet" to "Noelle"
2026-09-29 11:18:49.424|DEBUG|InventoryKamera|Assigned "circlet" to "Thoma"
2026-09-29 11:18:49.424|DEBUG|InventoryKamera|Assigned "flower" to "KamisatoAyaka"
2026-09-29 11:18:49.424|DEBUG|InventoryKamera|Assigned "plume" to "Kaeya"
2026-09-29 11:18:49.424|DEBUG|InventoryKamera|Assigned "plume" to "KamisatoAyaka"
2026-09-29 11:18:49.424|DEBUG|InventoryKamera|Assigned "plume" to "Freminet"
2026-09-29 11:18:49.424|DEBUG|InventoryKamera|Assigned "plume" to "Mika"
2026-09-29 11:18:49.424|DEBUG|InventoryKamera|Assigned "plume" to "Layla"
2026-09-29 11:18:49.424|DEBUG|InventoryKamera|Assigned "plume" to "Diona"
2026-09-29 11:18:49.424|DEBUG|InventoryKamera|Assigned "plume" to "Chongyun"
2026-09-29 11:18:49.424|DEBUG|InventoryKamera|Assigned "sands" to "Layla"
2026-09-29 11:18:49.424|DEBUG|InventoryKamera|Assigned "sands" to "Mika"
2026-09-29 11:18:49.424|DEBUG|InventoryKamera|Assigned "sands" to "Diona"
2026-09-29 11:18:49.424|DEBUG|InventoryKamera|Assigned "sands" to "Kaeya"
2026-09-29 11:18:49.424|DEBUG|InventoryKamera|Assigned "goblet" to "Freminet"
2026-09-29 11:18:49.424|DEBUG|InventoryKamera|Assigned "goblet" to "Kaveh"
2026-09-29 11:18:49.424|DEBUG|InventoryKamera|Assigned "goblet" to "KamisatoAyaka"
2026-09-29 11:18:49.424|DEBUG|InventoryKamera|Assigned "goblet" to "Chongyun"
2026-09-29 11:18:49.424|DEBUG|InventoryKamera|Assigned "goblet" to "Kaeya"
2026-09-29 11:18:49.424|DEBUG|InventoryKamera|Assigned "circlet" to "KamisatoAyaka"
2026-09-29 11:18:49.424|DEBUG|InventoryKamera|Assigned "circlet" to "Kachina"
2026-09-29 11:18:49.424|DEBUG|InventoryKamera|Assigned "flower" to "YunJin"
2026-09-29 11:18:49.424|DEBUG|InventoryKamera|Assigned "plume" to "Gorou"
2026-09-29 11:18:49.424|DEBUG|InventoryKamera|Assigned "sands" to "Gorou"
2026-09-29 11:18:49.424|DEBUG|InventoryKamera|Assigned "TidalShadow" to "Sandrone"
2026-09-29 11:18:49.424|DEBUG|InventoryKamera|Assigned "FinaleOfTheDeep" to "Odette"
2026-09-29 11:18:49.424|DEBUG|InventoryKamera|Assigned "ToukabouShigure" to "KukiShinobu"
2026-09-29 11:18:49.424|DEBUG|InventoryKamera|Assigned "SacrificialSword" to "Furina"
2026-09-29 11:18:49.424|DEBUG|InventoryKamera|Assigned "IronSting" to "Alhaitham"
2026-09-29 11:18:49.424|DEBUG|InventoryKamera|Assigned "SacrificialSword" to "Xingqiu"
2026-09-29 11:18:49.424|DEBUG|InventoryKamera|Assigned "MappaMare" to "Sucrose"
2026-09-29 11:18:49.424|DEBUG|InventoryKamera|Assigned "AmosBow" to "Fischl"
2026-09-29 11:18:49.424|DEBUG|InventoryKamera|Assigned "FavoniusSword" to "Bennett"
2026-09-29 11:18:49.424|DEBUG|InventoryKamera|Assigned "EtherlightSpindlelute" to "YumemizukiMizuki"
2026-09-29 11:18:49.424|DEBUG|InventoryKamera|Assigned "FavoniusLance" to "Zhongli"
2026-09-29 11:18:49.424|DEBUG|InventoryKamera|Assigned "PrimordialJadeWingedSpear" to "Xiao"
2026-09-29 11:18:49.424|DEBUG|InventoryKamera|Assigned "SacrificialSword" to "Skirk"
2026-09-29 11:18:49.424|DEBUG|InventoryKamera|Assigned "CashflowSupervision" to "Wriothesley"
2026-09-29 11:18:49.424|INFO|InventoryKamera|Default weapon assigned to "TravelerCryo"
2026-09-29 11:18:49.424|DEBUG|InventoryKamera|Assigned "TheBlackSword" to "KamisatoAyaka"
2026-09-29 11:18:49.424|DEBUG|InventoryKamera|Assigned "PrimordialJadeWingedSpear" to "RaidenShogun"
2026-09-29 11:18:49.424|DEBUG|InventoryKamera|Assigned "ReliquaryOfTruth" to "Nefer"
2026-09-29 11:18:49.424|DEBUG|InventoryKamera|Assigned "BalladOfTheBoundlessBlue" to "Lauma"
2026-09-29 11:18:49.424|DEBUG|InventoryKamera|Assigned "SacrificialFragments" to "Nahida"
2026-09-29 11:18:49.424|DEBUG|InventoryKamera|Assigned "SacrificialJade" to "Neuvillette"
2026-09-29 11:18:49.424|DEBUG|InventoryKamera|Assigned "FavoniusWarbow" to "Yelan"
2026-09-29 11:18:49.424|DEBUG|InventoryKamera|Assigned "MoonweaversDawn" to "Durin"
2026-09-29 11:18:49.424|DEBUG|InventoryKamera|Assigned "SacrificialGreatsword" to "Mavuika"
2026-09-29 11:18:49.424|DEBUG|InventoryKamera|Assigned "UltimateOverlordsMegaMagicSword" to "Dehya"
2026-09-29 11:18:49.424|DEBUG|InventoryKamera|Assigned "Rust" to "Yoimiya"
2026-09-29 11:18:49.424|DEBUG|InventoryKamera|Assigned "FavoniusGreatsword" to "Noelle"
2026-09-29 11:18:49.424|DEBUG|InventoryKamera|Assigned "FavoniusSword" to "Kaeya"
2026-09-29 11:18:49.424|DEBUG|InventoryKamera|Assigned "SwordOfNarzissenkreuz" to "Zibai"
2026-09-29 11:18:49.424|DEBUG|InventoryKamera|Assigned "FavoniusSword" to "Jean"
2026-09-29 11:18:49.424|DEBUG|InventoryKamera|Assigned "MissiveWindspear" to "Cyno"
2026-09-29 11:18:49.424|DEBUG|InventoryKamera|Assigned "ApprenticesNotes" to "Columbina"
2026-09-29 11:18:49.424|DEBUG|InventoryKamera|Assigned "ApprenticesNotes" to "Mualani"
2026-09-29 11:18:49.424|DEBUG|InventoryKamera|Assigned "FavoniusLance" to "Arlecchino"
2026-09-29 11:18:49.424|DEBUG|InventoryKamera|Assigned "BeginnersProtector" to "Kachina"
2026-09-29 11:18:49.424|DEBUG|InventoryKamera|Assigned "SkywardAtlas" to "Ningguang"
2026-09-29 11:18:49.424|DEBUG|InventoryKamera|Assigned "ApprenticesNotes" to "Ifa"
2026-09-29 11:18:49.424|DEBUG|InventoryKamera|Assigned "TheWidsith" to "Wanderer"
2026-09-29 11:18:49.424|DEBUG|InventoryKamera|Assigned "DullBlade" to "Qiqi"
2026-09-29 11:18:49.424|DEBUG|InventoryKamera|Assigned "BeginnersProtector" to "Rosaria"
2026-09-29 11:18:49.424|DEBUG|InventoryKamera|Assigned "HuntersBow" to "Diona"
2026-09-29 11:18:49.424|DEBUG|InventoryKamera|Assigned "WasterGreatsword" to "Chongyun"
2026-09-29 11:18:49.424|DEBUG|InventoryKamera|Assigned "WasterGreatsword" to "Beidou"
2026-09-29 11:18:49.424|DEBUG|InventoryKamera|Assigned "WasterGreatsword" to "Razor"
2026-09-29 11:18:49.424|DEBUG|InventoryKamera|Assigned "OtherworldlyStory" to "Lisa"
2026-09-29 11:18:49.424|DEBUG|InventoryKamera|Assigned "BeginnersProtector" to "Xiangling"
2026-09-29 11:18:49.424|DEBUG|InventoryKamera|Assigned "ApprenticesNotes" to "Varesa"
2026-09-29 11:18:49.424|DEBUG|InventoryKamera|Assigned "HuntersBow" to "Tighnari"
2026-09-29 11:18:49.424|DEBUG|InventoryKamera|Assigned "ApprenticesNotes" to "Mona"
2026-09-29 11:18:49.424|DEBUG|InventoryKamera|Assigned "WasterGreatsword" to "Diluc"
2026-09-29 11:18:49.424|DEBUG|InventoryKamera|Assigned "BeginnersProtector" to "Illuga"
2026-09-29 11:18:49.424|DEBUG|InventoryKamera|Assigned "HuntersBow" to "Jahoda"
2026-09-29 11:18:49.424|DEBUG|InventoryKamera|Assigned "ApprenticesNotes" to "LanYan"
2026-09-29 11:18:49.424|DEBUG|InventoryKamera|Assigned "DullBlade" to "Lynette"
2026-09-29 11:18:49.424|DEBUG|InventoryKamera|Assigned "Messenger" to "Faruzan"
2026-09-29 11:18:49.424|DEBUG|InventoryKamera|Assigned "DullBlade" to "Layla"
2026-09-29 11:18:49.424|DEBUG|InventoryKamera|Assigned "WasterGreatsword" to "Kaveh"
2026-09-29 11:18:49.424|DEBUG|InventoryKamera|Assigned "BeginnersProtector" to "Yaoyao"
2026-09-29 11:18:49.424|DEBUG|InventoryKamera|Assigned "Messenger" to "Collei"
2026-09-29 11:18:49.424|DEBUG|InventoryKamera|Assigned "WasterGreatsword" to "Aino"
2026-09-29 11:18:49.424|DEBUG|InventoryKamera|Assigned "FavoniusLance" to "Candace"
2026-09-29 11:18:49.424|DEBUG|InventoryKamera|Assigned "ThrillingTalesOfDragonSlayers" to "Barbara"
2026-09-29 11:18:49.424|DEBUG|InventoryKamera|Assigned "TheBell" to "Gaming"
2026-09-29 11:18:49.424|DEBUG|InventoryKamera|Assigned "BeginnersProtector" to "Chevreuse"
2026-09-29 11:18:49.424|DEBUG|InventoryKamera|Assigned "BeginnersProtector" to "Thoma"
2026-09-29 11:18:49.424|DEBUG|InventoryKamera|Assigned "ApprenticesNotes" to "Yanfei"
2026-09-29 11:18:49.424|DEBUG|InventoryKamera|Assigned "WasterGreatsword" to "Xinyan"
2026-09-29 11:18:49.424|DEBUG|InventoryKamera|Assigned "FavoniusWarbow" to "Amber"
2026-09-29 11:18:49.424|DEBUG|InventoryKamera|Assigned "DullBlade" to "Vesna"
2026-09-29 11:18:49.424|DEBUG|InventoryKamera|Assigned "DullBlade" to "Keqing"
2026-09-29 11:18:49.424|DEBUG|InventoryKamera|Assigned "ApprenticesNotes" to "ShikanoinHeizou"
2026-09-29 11:18:49.424|DEBUG|InventoryKamera|Assigned "WasterGreatsword" to "Sayu"
2026-09-29 11:18:49.424|DEBUG|InventoryKamera|Assigned "ApprenticesNotes" to "Charlotte"
2026-09-29 11:18:49.424|DEBUG|InventoryKamera|Assigned "WasterGreatsword" to "Freminet"
2026-09-29 11:18:49.424|DEBUG|InventoryKamera|Assigned "BeginnersProtector" to "Mika"
2026-09-29 11:18:49.424|DEBUG|InventoryKamera|Assigned "HuntersBow" to "KujouSara"
2026-09-29 11:18:49.424|DEBUG|InventoryKamera|Assigned "PrototypeRancour" to "Kirara"
2026-09-29 11:18:49.424|DEBUG|InventoryKamera|Assigned "BeginnersProtector" to "YunJin"
2026-09-29 11:18:49.424|DEBUG|InventoryKamera|Assigned "HuntersBow" to "Gorou"
2026-09-29 11:18:49.424|DEBUG|InventoryKamera|Assigned "BeginnersProtector" to "Alyosha"
2026-09-29 11:18:49.424|DEBUG|InventoryKamera|Assigned "BeginnersProtector" to "Iansan"
2026-09-29 11:18:49.424|DEBUG|InventoryKamera|Assigned "HuntersBow" to "Sethos"
2026-09-29 11:18:49.424|DEBUG|InventoryKamera|Assigned "WasterGreatsword" to "Dori"
2026-09-29 11:18:49.424|DEBUG|InventoryKamera|Assigned "DullBlade" to "Dahlia"
2026-09-29 11:18:49.424|INFO|InventoryKamera|Scanning character development materials...
2026-09-29 11:18:52.495|DEBUG|MaterialScraper|Scanned mora input: System.Collections.Generic.List`1[System.String]
2026-09-29 11:18:52.495|DEBUG|MaterialScraper|Parsed mora input: 153
2026-09-29 11:18:53.794|DEBUG|MaterialScraper|Scanning material page 1
2026-09-29 11:18:53.794|DEBUG|MaterialScraper|Located 40 possible item locations on page.
2026-09-29 11:19:00.936|DEBUG|MaterialScraper|Scanned: F/ -> Regex:  -> Parsed: 0
2026-09-29 11:19:03.481|DEBUG|MaterialScraper|Scanned: E)) -> Regex:  -> Parsed: 0
2026-09-29 11:19:05.670|DEBUG|MaterialScraper|Finished page of materials. Scrolling...
2026-09-29 11:19:08.240|DEBUG|MaterialScraper|Scanning material page 2
2026-09-29 11:19:08.240|DEBUG|MaterialScraper|Located 40 possible item locations on page.
2026-09-29 11:19:09.234|DEBUG|MaterialScraper|Scanned: [3 -> Regex: 3 -> Parsed: 3
2026-09-29 11:19:09.240|DEBUG|MaterialScraper|Scanned: [1:1 -> Regex: 11 -> Parsed: 11
2026-09-29 11:19:09.240|DEBUG|MaterialScraper|Scanned: 4:1 -> Regex: 41 -> Parsed: 41
2026-09-29 11:19:11.145|DEBUG|MaterialScraper|Scanned: 2] -> Regex: 2 -> Parsed: 2
2026-09-29 11:19:11.944|DEBUG|MaterialScraper|Scanned: \:174 -> Regex: 174 -> Parsed: 174
2026-09-29 11:19:14.169|DEBUG|MaterialScraper|Scanned: E13] -> Regex: 13 -> Parsed: 13
2026-09-29 11:19:16.844|DEBUG|MaterialScraper|Scanned: 1] -> Regex: 1 -> Parsed: 1
2026-09-29 11:19:20.519|DEBUG|MaterialScraper|Finished page of materials. Scrolling...
2026-09-29 11:19:22.728|DEBUG|MaterialScraper|Scanning material page 3
2026-09-29 11:19:22.728|DEBUG|MaterialScraper|Located 40 possible item locations on page.
2026-09-29 11:19:25.006|DEBUG|MaterialScraper|Repeat material found. Scrolling until end
2026-09-29 11:19:27.339|DEBUG|MaterialScraper|Scanned: wR -> Regex:  -> Parsed: 0
2026-09-29 11:19:27.349|DEBUG|MaterialScraper|Scanned: 148 J -> Regex: 148 -> Parsed: 148
2026-09-29 11:19:27.364|DEBUG|MaterialScraper|Scanned: 1AR \ -> Regex: 1 -> Parsed: 1
2026-09-29 11:19:27.379|DEBUG|MaterialScraper|Scanned: 1A4R \ -> Regex: 14 -> Parsed: 14
2026-09-29 11:19:27.396|DEBUG|MaterialScraper|Scanned: 14R . -> Regex: 14 -> Parsed: 14
2026-09-29 11:19:27.396|DEBUG|MaterialScraper|White-text fallback scanned: S155: -> 155
2026-09-29 11:19:27.751|DEBUG|MaterialScraper|Scanned: 2h -> Regex: 2 -> Parsed: 2
2026-09-29 11:19:28.114|DEBUG|MaterialScraper|Scanned: aa -> Regex:  -> Parsed: 0
2026-09-29 11:19:28.462|DEBUG|MaterialScraper|Scanned: a -> Regex:  -> Parsed: 0
2026-09-29 11:19:28.462|DEBUG|MaterialScraper|Scanned: aQ -> Regex:  -> Parsed: 0
2026-09-29 11:19:28.462|DEBUG|MaterialScraper|Scanned: [] -> Regex:  -> Parsed: 0
2026-09-29 11:19:28.477|DEBUG|MaterialScraper|Scanned: Q -> Regex:  -> Parsed: 0
2026-09-29 11:19:28.487|DEBUG|MaterialScraper|Scanned: Q -> Regex:  -> Parsed: 0
2026-09-29 11:19:28.487|DEBUG|MaterialScraper|White-text fallback scanned: : -> 
2026-09-29 11:19:28.487|DEBUG|MaterialScraper|White-text fallback scanned:  -> 
2026-09-29 11:19:28.487|DEBUG|MaterialScraper|White-text fallback scanned:  -> 
2026-09-29 11:19:28.507|DEBUG|MaterialScraper|White-text fallback scanned:  -> 
2026-09-29 11:19:28.507|ERROR|UserInterface|Failed to parse quantity for SharpArrowhead
2026-09-29 11:19:28.862|DEBUG|MaterialScraper|Scanned: a0 -> Regex: 0 -> Parsed: 0
2026-09-29 11:19:28.862|ERROR|UserInterface|Failed to parse quantity for WeatheredArrowhead
2026-09-29 11:19:29.939|DEBUG|MaterialScraper|Scanned: F] -> Regex:  -> Parsed: 0
2026-09-29 11:19:33.121|DEBUG|MaterialScraper|Scanned: 6 i -> Regex: 6 -> Parsed: 6
2026-09-29 11:19:33.129|DEBUG|MaterialScraper|Scanned: [ -> Regex:  -> Parsed: 0
2026-09-29 11:19:33.129|DEBUG|MaterialScraper|Scanned: 6 py -> Regex: 6 -> Parsed: 6
2026-09-29 11:19:33.155|DEBUG|MaterialScraper|Scanned: 6 a -> Regex: 6 -> Parsed: 6
2026-09-29 11:19:33.171|DEBUG|MaterialScraper|Scanned: 6 pa -> Regex: 6 -> Parsed: 6
2026-09-29 11:19:33.931|DEBUG|MaterialScraper|Scanned: rz -> Regex:  -> Parsed: 0
2026-09-29 11:19:38.951|DEBUG|MaterialScraper|Scanned: [x] -> Regex:  -> Parsed: 0
2026-09-29 11:19:38.956|DEBUG|MaterialScraper|Scanned: [5] -> Regex: 5 -> Parsed: 5
2026-09-29 11:19:44.225|INFO|InventoryKamera|Done scanning character development materials
2026-09-29 11:19:44.225|INFO|InventoryKamera|Scanning materials...
2026-09-29 11:19:48.857|DEBUG|MaterialScraper|Scanning material page 1
2026-09-29 11:19:48.857|DEBUG|MaterialScraper|Located 40 possible item locations on page.
2026-09-29 11:19:49.055|DEBUG|MaterialScraper|Scanned: J -> Regex:  -> Parsed: 0
2026-09-29 11:19:54.341|DEBUG|MaterialScraper|Scanned: J -> Regex:  -> Parsed: 0
2026-09-29 11:19:56.915|DEBUG|MaterialScraper|Scanned: J -> Regex:  -> Parsed: 0
2026-09-29 11:19:57.647|DEBUG|MaterialScraper|Scanned: 1:1 -> Regex: 11 -> Parsed: 11
2026-09-29 11:19:58.378|DEBUG|MaterialScraper|Scanned: [x] -> Regex:  -> Parsed: 0
2026-09-29 11:19:58.378|DEBUG|MaterialScraper|Scanned: [X] -> Regex:  -> Parsed: 0
2026-09-29 11:20:00.873|DEBUG|MaterialScraper|Finished page of materials. Scrolling...
2026-09-29 11:20:03.112|DEBUG|MaterialScraper|Scanning material page 2
2026-09-29 11:20:03.112|DEBUG|MaterialScraper|Located 40 possible item locations on page.
2026-09-29 11:20:04.764|DEBUG|MaterialScraper|Scanned: E13 -> Regex: 13 -> Parsed: 13
2026-09-29 11:20:06.227|DEBUG|MaterialScraper|Scanned: Ex] -> Regex:  -> Parsed: 0
2026-09-29 11:20:09.569|DEBUG|MaterialScraper|Scanned: Ex] -> Regex:  -> Parsed: 0
2026-09-29 11:20:15.128|DEBUG|MaterialScraper|Finished page of materials. Scrolling...
2026-09-29 11:20:17.727|DEBUG|MaterialScraper|Scanning material page 3
2026-09-29 11:20:17.727|DEBUG|MaterialScraper|Located 40 possible item locations on page.
2026-09-29 11:20:17.946|DEBUG|MaterialScraper|Scanned: [1 -> Regex: 1 -> Parsed: 1
2026-09-29 11:20:24.491|DEBUG|MaterialScraper|Scanned: [X] -> Regex:  -> Parsed: 0
2026-09-29 11:20:24.491|DEBUG|MaterialScraper|Scanned: [2] -> Regex: 2 -> Parsed: 2
2026-09-29 11:20:24.874|DEBUG|MaterialScraper|Scanned: |: -> Regex:  -> Parsed: 0
2026-09-29 11:20:29.180|DEBUG|MaterialScraper|Finished page of materials. Scrolling...
2026-09-29 11:20:31.474|DEBUG|MaterialScraper|Scanning material page 4
2026-09-29 11:20:31.474|DEBUG|MaterialScraper|Located 40 possible item locations on page.
2026-09-29 11:20:35.546|DEBUG|MaterialScraper|Scanned: iz -> Regex:  -> Parsed: 0
2026-09-29 11:20:36.279|DEBUG|MaterialScraper|Scanned: p23 -> Regex: 23 -> Parsed: 23
2026-09-29 11:20:36.286|DEBUG|MaterialScraper|Scanned: pr -> Regex:  -> Parsed: 0
2026-09-29 11:20:39.945|DEBUG|MaterialScraper|Scanned: 174 DD -> Regex: 174 -> Parsed: 174
2026-09-29 11:20:39.967|DEBUG|MaterialScraper|Scanned: 174 I -> Regex: 1741 -> Parsed: 1741
2026-09-29 11:20:39.985|DEBUG|MaterialScraper|Scanned: 174 I} -> Regex: 1741 -> Parsed: 1741
2026-09-29 11:20:40.012|DEBUG|MaterialScraper|Scanned: 174 I -> Regex: 1741 -> Parsed: 1741
2026-09-29 11:20:40.037|DEBUG|MaterialScraper|Scanned: 174 I -> Regex: 1741 -> Parsed: 1741
2026-09-29 11:20:43.258|DEBUG|MaterialScraper|Finished page of materials. Scrolling...
2026-09-29 11:20:45.800|DEBUG|MaterialScraper|Scanning material page 5
2026-09-29 11:20:45.800|DEBUG|MaterialScraper|Located 40 possible item locations on page.
2026-09-29 11:20:49.972|DEBUG|MaterialScraper|Scanned: 1:1 -> Regex: 11 -> Parsed: 11
2026-09-29 11:20:51.021|DEBUG|MaterialScraper|Scanned: J pz4 -> Regex: 4 -> Parsed: 4
2026-09-29 11:20:53.399|DEBUG|MaterialScraper|Scanned: [21 -> Regex: 21 -> Parsed: 21
2026-09-29 11:20:53.399|DEBUG|MaterialScraper|Scanned: [2] -> Regex: 2 -> Parsed: 2
2026-09-29 11:20:57.128|DEBUG|MaterialScraper|Finished page of materials. Scrolling...
2026-09-29 11:20:59.306|DEBUG|MaterialScraper|Scanning material page 6
2026-09-29 11:20:59.306|DEBUG|MaterialScraper|Located 40 possible item locations on page.
2026-09-29 11:20:59.779|DEBUG|MaterialScraper|Scanned: [11] -> Regex: 11 -> Parsed: 11
2026-09-29 11:21:00.843|DEBUG|MaterialScraper|Scanned: [1d -> Regex: 1 -> Parsed: 1
2026-09-29 11:21:00.847|DEBUG|MaterialScraper|Scanned: [1] -> Regex: 1 -> Parsed: 1
2026-09-29 11:21:02.937|DEBUG|MaterialScraper|Scanned: 1:21 -> Regex: 121 -> Parsed: 121
2026-09-29 11:21:07.707|DEBUG|MaterialScraper|Scanned: 19] -> Regex: 19 -> Parsed: 19
2026-09-29 11:21:07.707|DEBUG|MaterialScraper|Scanned: 19] -> Regex: 19 -> Parsed: 19
2026-09-29 11:21:08.091|DEBUG|MaterialScraper|Scanned: E]] -> Regex:  -> Parsed: 0
2026-09-29 11:21:08.096|DEBUG|MaterialScraper|Scanned: kK] -> Regex:  -> Parsed: 0
2026-09-29 11:21:09.255|DEBUG|MaterialScraper|Scanned: E14 -> Regex: 14 -> Parsed: 14
2026-09-29 11:21:11.089|DEBUG|MaterialScraper|Finished page of materials. Scrolling...
2026-09-29 11:21:13.619|DEBUG|MaterialScraper|Scanning material page 7
2026-09-29 11:21:13.619|DEBUG|MaterialScraper|Located 32 possible item locations on page.
2026-09-29 11:21:16.967|DEBUG|MaterialScraper|Scanned: kx] -> Regex:  -> Parsed: 0
2026-09-29 11:21:22.616|DEBUG|MaterialScraper|Finished page of materials. Scrolling...
2026-09-29 11:21:25.014|DEBUG|MaterialScraper|Scanning material page 8
2026-09-29 11:21:25.014|DEBUG|MaterialScraper|Located 32 possible item locations on page.
2026-09-29 11:21:26.574|DEBUG|MaterialScraper|Repeat material found. Scrolling until end
2026-09-29 11:21:28.931|DEBUG|MaterialScraper|Scanned: k] -> Regex:  -> Parsed: 0
2026-09-29 11:21:28.931|DEBUG|MaterialScraper|Scanned: J -> Regex:  -> Parsed: 0
2026-09-29 11:21:28.940|DEBUG|MaterialScraper|Scanned: K] -> Regex:  -> Parsed: 0
2026-09-29 11:21:29.663|DEBUG|MaterialScraper|Scanned: F/ -> Regex:  -> Parsed: 0
2026-09-29 11:21:30.028|DEBUG|MaterialScraper|Scanned: J] -> Regex:  -> Parsed: 0
2026-09-29 11:21:30.028|DEBUG|MaterialScraper|Scanned: J -> Regex:  -> Parsed: 0
2026-09-29 11:21:30.726|DEBUG|MaterialScraper|Scanned: J] -> Regex:  -> Parsed: 0
2026-09-29 11:21:30.726|DEBUG|MaterialScraper|Scanned: J -> Regex:  -> Parsed: 0
2026-09-29 11:21:31.760|DEBUG|MaterialScraper|Last material scanned, RustyKoi.
2026-09-29 11:21:33.786|INFO|InventoryKamera|Done scanning materials
2026-09-29 11:21:33.810|INFO|MainForm|Data converted to GOOD
2026-09-29 11:21:33.863|INFO|MainForm|Exported data
2026-09-29 11:21:33.863|INFO|MainForm|Auto-copied JSON to C:\Users\nicob\Documents\GitHub\genshin-data\GenshinData
