2026-10-01 07:50:11.787|INFO|InventoryKamera|Kamera initialized
2026-10-01 07:50:12.564|INFO|GenshinProcesor|Scraper initialized
2026-10-01 07:50:12.597|INFO|MainForm|Inventory Kamera version 1.3.17
2026-10-01 07:50:12.722|INFO|DatabaseManager|Checking for newer game data...
2026-10-01 07:50:12.861|INFO|DatabaseManager|Checking for newer game data...
2026-10-01 07:50:13.206|INFO|MainForm|Game data is up to date (7.1)
2026-10-01 07:50:13.238|INFO|MainForm|Current game data is up to date with data for 7.1
2026-10-01 07:53:10.711|INFO|MainForm|Starting scan
2026-10-01 07:53:10.711|INFO|MainForm|Hotkey registered
2026-10-01 07:53:10.711|INFO|MainForm|Scan settings: 
	Game Version Data:			 7.1
	Weapons:				 True
	Artifacts:				 True
	Characters:				 True
	Dev Items:				 True
	Materials:				 True
	Min Weapon Rarity:		 1
	Min Weapon Level:		 1
	Equip Weapons:			 True
	Min Artifact Rarity:	 1
	Min Artifact Level:		 0
	Equip Artifacts:		 True
	Delay:					 0
2026-10-01 07:53:10.771|DEBUG|Navigation|Checking for GenshinImpact.exe
2026-10-01 07:53:10.787|DEBUG|Navigation|Found GenshinImpact.exe
2026-10-01 07:53:10.787|DEBUG|Navigation|Window location (1600x900): x=160, y=101
2026-10-01 07:53:10.866|INFO|InventoryKamera|Kamera initialized
2026-10-01 07:53:10.866|INFO|MainForm|Resolution: 1600x900
2026-10-01 07:53:33.529|INFO|InventoryKamera|Logging directory reset
2026-10-01 07:53:33.565|DEBUG|InventoryKamera|Added 3 workers
2026-10-01 07:53:33.588|DEBUG|InventoryKamera|Thread #3 priority: Normal
2026-10-01 07:53:33.588|DEBUG|InventoryKamera|Thread #5 priority: Normal
2026-10-01 07:53:33.588|DEBUG|InventoryKamera|Thread #11 priority: Normal
2026-10-01 07:53:34.601|DEBUG|GenshinProcesor|8 Engines restarted
2026-10-01 07:53:34.601|INFO|GenshinProcesor|Internally set traveler custom name to nickke
2026-10-01 07:53:34.620|INFO|GenshinProcesor|Internally set wanderer custom name to zefiro
2026-10-01 07:53:34.620|INFO|GenshinProcesor|Internally set manekin custom name to bruce
2026-10-01 07:53:34.620|INFO|GenshinProcesor|Internally set manekina custom name to saphire
2026-10-01 07:53:34.620|INFO|InventoryKamera|Scanning weapons...
2026-10-01 07:53:40.217|INFO|UserInterface|Parsed 273 weapons to scan
2026-10-01 07:53:40.217|INFO|WeaponScraper|Found 273 for weapon count.
2026-10-01 07:53:40.217|DEBUG|WeaponScraper|Sorting by quality to optimize scan time.
2026-10-01 07:53:40.242|DEBUG|WeaponScraper|Inventory is sorted by quality
2026-10-01 07:53:40.242|DEBUG|WeaponScraper|Scanning weapon page 0
2026-10-01 07:53:40.242|DEBUG|WeaponScraper|Located 40 possible item locations on page.
2026-10-01 07:53:48.043|DEBUG|WeaponScraper|Finished queuing page of weapons. Scrolling...
2026-10-01 07:53:50.718|DEBUG|WeaponScraper|Scanning weapon page 1
2026-10-01 07:53:50.718|DEBUG|WeaponScraper|Located 40 possible item locations on page.
2026-10-01 07:53:58.132|DEBUG|WeaponScraper|Finished queuing page of weapons. Scrolling...
2026-10-01 07:54:00.962|DEBUG|WeaponScraper|Scanning weapon page 2
2026-10-01 07:54:00.962|DEBUG|WeaponScraper|Located 40 possible item locations on page.
2026-10-01 07:54:08.584|DEBUG|WeaponScraper|Finished queuing page of weapons. Scrolling...
2026-10-01 07:54:11.206|DEBUG|WeaponScraper|Scanning weapon page 3
2026-10-01 07:54:11.206|DEBUG|WeaponScraper|Located 40 possible item locations on page.
2026-10-01 07:54:18.509|DEBUG|WeaponScraper|Finished queuing page of weapons. Scrolling...
2026-10-01 07:54:21.286|DEBUG|WeaponScraper|Scanning weapon page 4
2026-10-01 07:54:21.286|DEBUG|WeaponScraper|Located 40 possible item locations on page.
2026-10-01 07:54:28.849|DEBUG|WeaponScraper|Finished queuing page of weapons. Scrolling...
2026-10-01 07:54:32.001|DEBUG|WeaponScraper|Scanning weapon page 5
2026-10-01 07:54:32.001|DEBUG|WeaponScraper|Located 40 possible item locations on page.
2026-10-01 07:54:39.897|DEBUG|WeaponScraper|Finished queuing page of weapons. Scrolling...
2026-10-01 07:54:42.520|DEBUG|WeaponScraper|Scanning weapon page 6
2026-10-01 07:54:42.520|DEBUG|WeaponScraper|Located 40 possible item locations on page.
2026-10-01 07:54:48.756|INFO|WeaponScraper|Stopping weapon scan based on scans queued (273 of 273)
2026-10-01 07:54:50.780|INFO|InventoryKamera|Done scanning weapons
2026-10-01 07:54:50.780|INFO|InventoryKamera|Scanning artifacts...
2026-10-01 07:54:56.235|INFO|UserInterface|Parsed 1978 artifacts to scan
2026-10-01 07:54:56.235|INFO|ArtifactScraper|Found 1978 for artifact count.
2026-10-01 07:54:56.295|DEBUG|ArtifactScraper|Scanning artifact page 1
2026-10-01 07:54:56.295|DEBUG|ArtifactScraper|Located 32 possible item locations on page.
2026-10-01 07:54:56.881|DEBUG|ArtifactScraper|Parsing artifact substat: atk+35
2026-10-01 07:54:56.881|DEBUG|ArtifactScraper|Parsing artifact substat: atk+8.7%
2026-10-01 07:54:56.881|DEBUG|ArtifactScraper|Parsing artifact substat: critrate+8.9%
2026-10-01 07:54:56.881|DEBUG|ArtifactScraper|Parsing artifact substat: def+23
2026-10-01 07:54:57.072|DEBUG|ArtifactScraper|Parsing artifact substat: critdmg+28.8%
2026-10-01 07:54:57.072|DEBUG|ArtifactScraper|Parsing artifact substat: critrate+2.7%
2026-10-01 07:54:57.072|DEBUG|ArtifactScraper|Parsing artifact substat: atk+5.8%
2026-10-01 07:54:57.072|DEBUG|ArtifactScraper|Parsing artifact substat: def+46
2026-10-01 07:54:57.344|DEBUG|ArtifactScraper|Parsing artifact substat: energyrecharge+18.1%
2026-10-01 07:54:57.344|DEBUG|ArtifactScraper|Parsing artifact substat: def+16
2026-10-01 07:54:57.344|DEBUG|ArtifactScraper|Parsing artifact substat: def+14.6%
2026-10-01 07:54:57.344|DEBUG|ArtifactScraper|Parsing artifact substat: hp+657
2026-10-01 07:54:57.565|DEBUG|ArtifactScraper|Parsing artifact substat: hp+299
2026-10-01 07:54:57.565|DEBUG|ArtifactScraper|Parsing artifact substat: hp+4.7%
2026-10-01 07:54:57.566|DEBUG|ArtifactScraper|Parsing artifact substat: atk+45
2026-10-01 07:54:57.566|DEBUG|ArtifactScraper|Parsing artifact substat: def+19.0%
2026-10-01 07:54:57.704|DEBUG|ArtifactScraper|Parsing artifact substat: elementalmastery+19
2026-10-01 07:54:57.704|DEBUG|ArtifactScraper|Parsing artifact substat: critrate+10.9%
2026-10-01 07:54:57.704|DEBUG|ArtifactScraper|Parsing artifact substat: hp+5.3%
2026-10-01 07:54:57.704|DEBUG|ArtifactScraper|Parsing artifact substat: hp+777
2026-10-01 07:54:57.900|DEBUG|ArtifactScraper|Parsing artifact substat: atk+13.4%
2026-10-01 07:54:57.900|DEBUG|ArtifactScraper|Parsing artifact substat: def+49
2026-10-01 07:54:57.900|DEBUG|ArtifactScraper|Parsing artifact substat: critdmg+7.0%
2026-10-01 07:54:57.900|DEBUG|ArtifactScraper|Parsing artifact substat: energyrecharge+5.8%
2026-10-01 07:54:58.037|DEBUG|ArtifactScraper|Parsing artifact substat: critdmg+18.7%
2026-10-01 07:54:58.037|DEBUG|ArtifactScraper|Parsing artifact substat: hp+448
2026-10-01 07:54:58.037|DEBUG|ArtifactScraper|Parsing artifact substat: critrate+3.9%
2026-10-01 07:54:58.037|DEBUG|ArtifactScraper|Parsing artifact substat: atk+9.3%
2026-10-01 07:54:58.405|DEBUG|ArtifactScraper|Parsing artifact substat: def+10.9%
2026-10-01 07:54:58.405|DEBUG|ArtifactScraper|Parsing artifact substat: elementalmastery+23
2026-10-01 07:54:58.405|DEBUG|ArtifactScraper|Parsing artifact substat: hp+21.0%
2026-10-01 07:54:58.405|DEBUG|ArtifactScraper|Parsing artifact substat: def+39
2026-10-01 07:54:58.467|DEBUG|ArtifactScraper|Parsing artifact substat: atk+64
2026-10-01 07:54:58.467|DEBUG|ArtifactScraper|Parsing artifact substat: def+21
2026-10-01 07:54:58.467|DEBUG|ArtifactScraper|Parsing artifact substat: elementalmastery+44
2026-10-01 07:54:58.467|DEBUG|ArtifactScraper|Parsing artifact substat: hp+598
2026-10-01 07:54:58.772|DEBUG|ArtifactScraper|Parsing artifact substat: hp+777
2026-10-01 07:54:58.772|DEBUG|ArtifactScraper|Parsing artifact substat: critdmg+14.0%
2026-10-01 07:54:58.772|DEBUG|ArtifactScraper|Parsing artifact substat: atk+4.1%
2026-10-01 07:54:58.772|DEBUG|ArtifactScraper|Parsing artifact substat: def+13.1%
2026-10-01 07:54:58.911|DEBUG|ArtifactScraper|Parsing artifact substat: hp+11.7%
2026-10-01 07:54:58.911|DEBUG|ArtifactScraper|Parsing artifact substat: elementalmastery+35
2026-10-01 07:54:58.911|DEBUG|ArtifactScraper|Parsing artifact substat: def+13.1%
2026-10-01 07:54:58.911|DEBUG|ArtifactScraper|Parsing artifact substat: def+37
2026-10-01 07:54:59.257|DEBUG|ArtifactScraper|Parsing artifact substat: hp+9.9%
2026-10-01 07:54:59.257|DEBUG|ArtifactScraper|Parsing artifact substat: def+44
2026-10-01 07:54:59.257|DEBUG|ArtifactScraper|Parsing artifact substat: def+20.4%
2026-10-01 07:54:59.257|DEBUG|ArtifactScraper|Parsing artifact substat: elementalmastery+37
2026-10-01 07:54:59.271|DEBUG|ArtifactScraper|Parsing artifact substat: atk+5.3%
2026-10-01 07:54:59.271|DEBUG|ArtifactScraper|Parsing artifact substat: def+60
2026-10-01 07:54:59.271|DEBUG|ArtifactScraper|Parsing artifact substat: hp+14.0%
2026-10-01 07:54:59.271|DEBUG|ArtifactScraper|Parsing artifact substat: energyrecharge+5.2%
2026-10-01 07:54:59.398|DEBUG|ArtifactScraper|Parsing artifact substat: hp+4.1%
2026-10-01 07:54:59.398|DEBUG|ArtifactScraper|Parsing artifact substat: def+39
2026-10-01 07:54:59.398|DEBUG|ArtifactScraper|Parsing artifact substat: energyrecharge+16.8%
2026-10-01 07:54:59.398|DEBUG|ArtifactScraper|Parsing artifact substat: hp+508
2026-10-01 07:54:59.751|DEBUG|ArtifactScraper|Parsing artifact substat: def+37
2026-10-01 07:54:59.751|DEBUG|ArtifactScraper|Parsing artifact substat: hp+866
2026-10-01 07:54:59.751|DEBUG|ArtifactScraper|Parsing artifact substat: energyrecharge+5.2%
2026-10-01 07:54:59.751|DEBUG|ArtifactScraper|Parsing artifact substat: hp+9.9%
2026-10-01 07:54:59.767|DEBUG|ArtifactScraper|Parsing artifact substat: critrate+3.5%
2026-10-01 07:54:59.767|DEBUG|ArtifactScraper|Parsing artifact substat: atk+33
2026-10-01 07:54:59.767|DEBUG|ArtifactScraper|Parsing artifact substat: hp+8.7%
2026-10-01 07:54:59.767|DEBUG|ArtifactScraper|Parsing artifact substat: critdmg+20.2%
2026-10-01 07:55:00.139|DEBUG|ArtifactScraper|Parsing artifact substat: energyrecharge+10.4%
2026-10-01 07:55:00.139|DEBUG|ArtifactScraper|Parsing artifact substat: critdmg+10.9%
2026-10-01 07:55:00.139|DEBUG|ArtifactScraper|Parsing artifact substat: hp+926
2026-10-01 07:55:00.139|DEBUG|ArtifactScraper|Parsing artifact substat: elementalmastery+23
2026-10-01 07:55:00.193|DEBUG|ArtifactScraper|Parsing artifact substat: def+16
2026-10-01 07:55:00.193|DEBUG|ArtifactScraper|Parsing artifact substat: atk+15.7%
2026-10-01 07:55:00.193|DEBUG|ArtifactScraper|Parsing artifact substat: energyrecharge+13.0%
2026-10-01 07:55:00.193|DEBUG|ArtifactScraper|Parsing artifact substat: hp+9.9%
2026-10-01 07:55:00.504|DEBUG|ArtifactScraper|Parsing artifact substat: elementalmastery+37
2026-10-01 07:55:00.504|DEBUG|ArtifactScraper|Parsing artifact substat: atk+54
2026-10-01 07:55:00.504|DEBUG|ArtifactScraper|Parsing artifact substat: def+44
2026-10-01 07:55:00.504|DEBUG|ArtifactScraper|Parsing artifact substat: atk+11.7%
2026-10-01 07:55:00.665|DEBUG|ArtifactScraper|Parsing artifact substat: critrate+5.8%
2026-10-01 07:55:00.665|DEBUG|ArtifactScraper|Parsing artifact substat: atk+12.8%
2026-10-01 07:55:00.665|DEBUG|ArtifactScraper|Parsing artifact substat: atk+33
2026-10-01 07:55:00.665|DEBUG|ArtifactScraper|Parsing artifact substat: def+6.6%
2026-10-01 07:55:00.749|DEBUG|ArtifactScraper|Parsing artifact substat: elementalmastery+23
2026-10-01 07:55:00.749|DEBUG|ArtifactScraper|Parsing artifact substat: hp+19.8%
2026-10-01 07:55:00.749|DEBUG|ArtifactScraper|Parsing artifact substat: hp+598
2026-10-01 07:55:00.749|DEBUG|ArtifactScraper|Parsing artifact substat: atk+5.8%
2026-10-01 07:55:01.015|DEBUG|ArtifactScraper|Parsing artifact substat: hp+299
2026-10-01 07:55:01.015|DEBUG|ArtifactScraper|Parsing artifact substat: critrate+7.0%
2026-10-01 07:55:01.015|DEBUG|ArtifactScraper|Parsing artifact substat: atk+21.0%
2026-10-01 07:55:01.015|DEBUG|ArtifactScraper|Parsing artifact substat: def+23
2026-10-01 07:55:01.165|DEBUG|ArtifactScraper|Parsing artifact substat: energyrecharge+13.0%
2026-10-01 07:55:01.165|DEBUG|ArtifactScraper|Parsing artifact substat: atk+35
2026-10-01 07:55:01.165|DEBUG|ArtifactScraper|Parsing artifact substat: critdmg+14.0%
2026-10-01 07:55:01.165|DEBUG|ArtifactScraper|Parsing artifact substat: hp+9.9%
2026-10-01 07:55:01.550|DEBUG|ArtifactScraper|Parsing artifact substat: critdmg+7.8%
2026-10-01 07:55:01.550|DEBUG|ArtifactScraper|Parsing artifact substat: hp+16.9%
2026-10-01 07:55:01.550|DEBUG|ArtifactScraper|Parsing artifact substat: critrate+3.1%
2026-10-01 07:55:01.550|DEBUG|ArtifactScraper|Parsing artifact substat: atk+14.0%
2026-10-01 07:55:01.562|DEBUG|ArtifactScraper|Parsing artifact substat: elementalmastery+19
2026-10-01 07:55:01.562|DEBUG|ArtifactScraper|Parsing artifact substat: critrate+6.6%
2026-10-01 07:55:01.562|DEBUG|ArtifactScraper|Parsing artifact substat: atk+5.3%
2026-10-01 07:55:01.562|DEBUG|ArtifactScraper|Parsing artifact substat: def+27.0%
2026-10-01 07:55:01.658|DEBUG|ArtifactScraper|Parsing artifact substat: critrate+8.9%
2026-10-01 07:55:01.658|DEBUG|ArtifactScraper|Parsing artifact substat: def+5.8%
2026-10-01 07:55:01.658|DEBUG|ArtifactScraper|Parsing artifact substat: def+42
2026-10-01 07:55:01.658|DEBUG|ArtifactScraper|Parsing artifact substat: atk+35
2026-10-01 07:55:02.031|DEBUG|ArtifactScraper|Parsing artifact substat: energyrecharge+14.2%
2026-10-01 07:55:02.031|DEBUG|ArtifactScraper|Parsing artifact substat: atk+10.5%
2026-10-01 07:55:02.031|DEBUG|ArtifactScraper|Parsing artifact substat: atk+18
2026-10-01 07:55:02.031|DEBUG|ArtifactScraper|Parsing artifact substat: def+46
2026-10-01 07:55:02.038|DEBUG|ArtifactScraper|Parsing artifact substat: hp+747
2026-10-01 07:55:02.038|DEBUG|ArtifactScraper|Parsing artifact substat: def+13.9%
2026-10-01 07:55:02.038|DEBUG|ArtifactScraper|Parsing artifact substat: critdmg+7.8%
2026-10-01 07:55:02.038|DEBUG|ArtifactScraper|Parsing artifact substat: elementalmastery+40
2026-10-01 07:55:02.354|DEBUG|ArtifactScraper|Finished queuing page of artifacts. Scrolling...
2026-10-01 07:55:02.354|DEBUG|ArtifactScraper|Parsing artifact substat: critdmg+5.4%
2026-10-01 07:55:02.354|DEBUG|ArtifactScraper|Parsing artifact substat: atk+51
2026-10-01 07:55:02.354|DEBUG|ArtifactScraper|Parsing artifact substat: def+58
2026-10-01 07:55:02.354|DEBUG|ArtifactScraper|Parsing artifact substat: energyrecharge+10.4%
2026-10-01 07:55:02.504|DEBUG|ArtifactScraper|Parsing artifact substat: critdmg+27.2%
2026-10-01 07:55:02.504|DEBUG|ArtifactScraper|Parsing artifact substat: elementalmastery+23
2026-10-01 07:55:02.504|DEBUG|ArtifactScraper|Parsing artifact substat: critrate+7.4%
2026-10-01 07:55:02.504|DEBUG|ArtifactScraper|Parsing artifact substat: def+5.8%
2026-10-01 07:55:02.779|DEBUG|ArtifactScraper|Parsing artifact substat: atk+14
2026-10-01 07:55:02.779|DEBUG|ArtifactScraper|Parsing artifact substat: atk+5.3%
2026-10-01 07:55:02.779|DEBUG|ArtifactScraper|Parsing artifact substat: hp+687
2026-10-01 07:55:02.779|DEBUG|ArtifactScraper|Parsing artifact substat: critrate+8.6%
2026-10-01 07:55:02.854|DEBUG|ArtifactScraper|Parsing artifact substat: elementalmastery+21
2026-10-01 07:55:02.854|DEBUG|ArtifactScraper|Parsing artifact substat: atk+58
2026-10-01 07:55:02.854|DEBUG|ArtifactScraper|Parsing artifact substat: energyrecharge+11.7%
2026-10-01 07:55:02.854|DEBUG|ArtifactScraper|Parsing artifact substat: def+5.8%
2026-10-01 07:55:04.973|DEBUG|ArtifactScraper|Scanning artifact page 2
2026-10-01 07:55:04.973|DEBUG|ArtifactScraper|Located 32 possible item locations on page.
2026-10-01 07:55:05.441|DEBUG|ArtifactScraper|Parsing artifact substat: def+46
2026-10-01 07:55:05.441|DEBUG|ArtifactScraper|Parsing artifact substat: atk+5.3%
2026-10-01 07:55:05.441|DEBUG|ArtifactScraper|Parsing artifact substat: critdmg+28.8%
2026-10-01 07:55:05.441|DEBUG|ArtifactScraper|Parsing artifact substat: hp+299
2026-10-01 07:55:05.790|DEBUG|ArtifactScraper|Parsing artifact substat: critrate+2.7%
2026-10-01 07:55:05.790|DEBUG|ArtifactScraper|Parsing artifact substat: energyrecharge+6.5%
2026-10-01 07:55:05.790|DEBUG|ArtifactScraper|Parsing artifact substat: critdmg+20.2%
2026-10-01 07:55:05.790|DEBUG|ArtifactScraper|Parsing artifact substat: atk+16.9%
2026-10-01 07:55:05.805|DEBUG|ArtifactScraper|Parsing artifact substat: def+32
2026-10-01 07:55:05.805|DEBUG|ArtifactScraper|Parsing artifact substat: energyrecharge+17.5%
2026-10-01 07:55:05.805|DEBUG|ArtifactScraper|Parsing artifact substat: critrate+6.6%
2026-10-01 07:55:05.805|DEBUG|ArtifactScraper|Parsing artifact substat: atk+18
2026-10-01 07:55:06.118|DEBUG|ArtifactScraper|Parsing artifact substat: atk+4.1%
2026-10-01 07:55:06.118|DEBUG|ArtifactScraper|Parsing artifact substat: hp+10.5%
2026-10-01 07:55:06.118|DEBUG|ArtifactScraper|Parsing artifact substat: atk+54
2026-10-01 07:55:06.118|DEBUG|ArtifactScraper|Parsing artifact substat: elementalmastery+42
2026-10-01 07:55:06.188|DEBUG|ArtifactScraper|Parsing artifact substat: critdmg+12.4%
2026-10-01 07:55:06.188|DEBUG|ArtifactScraper|Parsing artifact substat: critrate+12.4%
2026-10-01 07:55:06.188|DEBUG|ArtifactScraper|Parsing artifact substat: def+11.7%
2026-10-01 07:55:06.188|DEBUG|ArtifactScraper|Parsing artifact substat: hp+269
2026-10-01 07:55:06.458|DEBUG|ArtifactScraper|Parsing artifact substat: energyrecharge+4.5%
2026-10-01 07:55:06.458|DEBUG|ArtifactScraper|Parsing artifact substat: def+28.4%
2026-10-01 07:55:06.458|DEBUG|ArtifactScraper|Parsing artifact substat: hp+239
2026-10-01 07:55:06.458|DEBUG|ArtifactScraper|Parsing artifact substat: atk+4.7%
2026-10-01 07:55:06.581|DEBUG|ArtifactScraper|Parsing artifact substat: critdmg+17.1%
2026-10-01 07:55:06.581|DEBUG|ArtifactScraper|Parsing artifact substat: def+19.0%
2026-10-01 07:55:06.581|DEBUG|ArtifactScraper|Parsing artifact substat: hp+209
2026-10-01 07:55:06.581|DEBUG|ArtifactScraper|Parsing artifact substat: hp+8.7%
2026-10-01 07:55:06.749|DEBUG|ArtifactScraper|Parsing artifact substat: def+21
2026-10-01 07:55:06.749|DEBUG|ArtifactScraper|Parsing artifact substat: atk+16.3%
2026-10-01 07:55:06.749|DEBUG|ArtifactScraper|Parsing artifact substat: atk+33
2026-10-01 07:55:06.749|DEBUG|ArtifactScraper|Parsing artifact substat: hp+10.5%
2026-10-01 07:55:06.971|DEBUG|ArtifactScraper|Parsing artifact substat: def+58
2026-10-01 07:55:06.971|DEBUG|ArtifactScraper|Parsing artifact substat: atk+9.9%
2026-10-01 07:55:06.971|DEBUG|ArtifactScraper|Parsing artifact substat: hp+747
2026-10-01 07:55:06.971|DEBUG|ArtifactScraper|Parsing artifact substat: elementalmastery+23
2026-10-01 07:55:07.110|DEBUG|ArtifactScraper|Parsing artifact substat: critrate+10.1%
2026-10-01 07:55:07.110|DEBUG|ArtifactScraper|Parsing artifact substat: def+42
2026-10-01 07:55:07.110|DEBUG|ArtifactScraper|Parsing artifact substat: energyrecharge+11.0%
2026-10-01 07:55:07.110|DEBUG|ArtifactScraper|Parsing artifact substat: hp+4.7%
2026-10-01 07:55:07.374|DEBUG|ArtifactScraper|Parsing artifact substat: atk+53
2026-10-01 07:55:07.374|DEBUG|ArtifactScraper|Parsing artifact substat: elementalmastery+40
2026-10-01 07:55:07.374|DEBUG|ArtifactScraper|Parsing artifact substat: def+11.7%
2026-10-01 07:55:07.374|DEBUG|ArtifactScraper|Parsing artifact substat: energyrecharge+5.2%
2026-10-01 07:55:07.475|DEBUG|ArtifactScraper|Parsing artifact substat: atk+13.4%
2026-10-01 07:55:07.475|DEBUG|ArtifactScraper|Parsing artifact substat: critdmg+7.8%
2026-10-01 07:55:07.475|DEBUG|ArtifactScraper|Parsing artifact substat: def+19
2026-10-01 07:55:07.793|DEBUG|ArtifactScraper|Parsing artifact substat: atk+19
2026-10-01 07:55:07.793|DEBUG|ArtifactScraper|Parsing artifact substat: elementalmastery+42
2026-10-01 07:55:07.793|DEBUG|ArtifactScraper|Parsing artifact substat: energyrecharge+17.5%
2026-10-01 07:55:07.793|DEBUG|ArtifactScraper|Parsing artifact substat: atk+10.5%
2026-10-01 07:55:07.869|DEBUG|ArtifactScraper|Parsing artifact substat: critrate+7.4%
2026-10-01 07:55:07.869|DEBUG|ArtifactScraper|Parsing artifact substat: atk+33
2026-10-01 07:55:07.869|DEBUG|ArtifactScraper|Parsing artifact substat: energyrecharge+10.4%
2026-10-01 07:55:07.869|DEBUG|ArtifactScraper|Parsing artifact substat: hp+9.9%
2026-10-01 07:55:08.175|DEBUG|ArtifactScraper|Parsing artifact substat: hp+9.3%
2026-10-01 07:55:08.175|DEBUG|ArtifactScraper|Parsing artifact substat: elementalmastery+42
2026-10-01 07:55:08.175|DEBUG|ArtifactScraper|Parsing artifact substat: def+17.5%
2026-10-01 07:55:08.175|DEBUG|ArtifactScraper|Parsing artifact substat: def+16
2026-10-01 07:55:08.306|DEBUG|ArtifactScraper|Parsing artifact substat: atk+14.0%
2026-10-01 07:55:08.306|DEBUG|ArtifactScraper|Parsing artifact substat: critdmg+14.0%
2026-10-01 07:55:08.306|DEBUG|ArtifactScraper|Parsing artifact substat: def+63
2026-10-01 07:55:08.306|DEBUG|ArtifactScraper|Parsing artifact substat: elementalmastery+19
2026-10-01 07:55:08.425|DEBUG|ArtifactScraper|Parsing artifact substat: energyrecharge+11.7%
2026-10-01 07:55:08.425|DEBUG|ArtifactScraper|Parsing artifact substat: def+39
2026-10-01 07:55:08.425|DEBUG|ArtifactScraper|Parsing artifact substat: hp+538
2026-10-01 07:55:08.426|DEBUG|ArtifactScraper|Parsing artifact substat: hp+9.9%
2026-10-01 07:55:08.696|DEBUG|ArtifactScraper|Parsing artifact substat: hp+986
2026-10-01 07:55:08.696|DEBUG|ArtifactScraper|Parsing artifact substat: def+10.9%
2026-10-01 07:55:08.696|DEBUG|ArtifactScraper|Parsing artifact substat: atk+16
2026-10-01 07:55:08.696|DEBUG|ArtifactScraper|Parsing artifact substat: energyrecharge+4.5%
2026-10-01 07:55:08.787|DEBUG|ArtifactScraper|Parsing artifact substat: atk+29
2026-10-01 07:55:08.787|DEBUG|ArtifactScraper|Parsing artifact substat: def+19
2026-10-01 07:55:08.787|DEBUG|ArtifactScraper|Parsing artifact substat: critrate+13.6%
2026-10-01 07:55:08.787|DEBUG|ArtifactScraper|Parsing artifact substat: hp+239
2026-10-01 07:55:09.104|DEBUG|ArtifactScraper|Parsing artifact substat: def+16
2026-10-01 07:55:09.104|DEBUG|ArtifactScraper|Parsing artifact substat: atk+29
2026-10-01 07:55:09.104|DEBUG|ArtifactScraper|Parsing artifact substat: elementalmastery+63
2026-10-01 07:55:09.104|DEBUG|ArtifactScraper|Parsing artifact substat: critdmg+14.0%
2026-10-01 07:55:09.189|DEBUG|ArtifactScraper|Parsing artifact substat: def+60
2026-10-01 07:55:09.189|DEBUG|ArtifactScraper|Parsing artifact substat: critdmg+23.3%
2026-10-01 07:55:09.189|DEBUG|ArtifactScraper|Parsing artifact substat: hp+209
2026-10-01 07:55:09.189|DEBUG|ArtifactScraper|Parsing artifact substat: energyrecharge+5.8%
2026-10-01 07:55:09.378|DEBUG|ArtifactScraper|Parsing artifact substat: critrate+7.0%
2026-10-01 07:55:09.379|DEBUG|ArtifactScraper|Parsing artifact substat: def+7.3%
2026-10-01 07:55:09.379|DEBUG|ArtifactScraper|Parsing artifact substat: critdmg+12.4%
2026-10-01 07:55:09.379|DEBUG|ArtifactScraper|Parsing artifact substat: hp+13.4%
2026-10-01 07:55:09.580|DEBUG|ArtifactScraper|Parsing artifact substat: critdmg+13.2%
2026-10-01 07:55:09.580|DEBUG|ArtifactScraper|Parsing artifact substat: def+11.7%
2026-10-01 07:55:09.580|DEBUG|ArtifactScraper|Parsing artifact substat: def+23
2026-10-01 07:55:09.580|DEBUG|ArtifactScraper|Parsing artifact substat: hp+14.6%
2026-10-01 07:55:09.774|DEBUG|ArtifactScraper|Parsing artifact substat: elementalmastery+37
2026-10-01 07:55:09.774|DEBUG|ArtifactScraper|Parsing artifact substat: def+42
2026-10-01 07:55:09.774|DEBUG|ArtifactScraper|Parsing artifact substat: def+17.5%
2026-10-01 07:55:09.774|DEBUG|ArtifactScraper|Parsing artifact substat: energyrecharge+5.2%
2026-10-01 07:55:09.962|DEBUG|ArtifactScraper|Parsing artifact substat: def+18.2%
2026-10-01 07:55:09.962|DEBUG|ArtifactScraper|Parsing artifact substat: hp+747
2026-10-01 07:55:09.962|DEBUG|ArtifactScraper|Parsing artifact substat: critdmg+7.8%
2026-10-01 07:55:09.962|DEBUG|ArtifactScraper|Parsing artifact substat: critrate+6.2%
2026-10-01 07:55:10.140|DEBUG|ArtifactScraper|Parsing artifact substat: def+60
2026-10-01 07:55:10.140|DEBUG|ArtifactScraper|Parsing artifact substat: hp+448
2026-10-01 07:55:10.140|DEBUG|ArtifactScraper|Parsing artifact substat: critdmg+12.4%
2026-10-01 07:55:10.140|DEBUG|ArtifactScraper|Parsing artifact substat: atk+11.1%
2026-10-01 07:55:10.273|DEBUG|ArtifactScraper|Parsing artifact substat: elementalmastery+40
2026-10-01 07:55:10.273|DEBUG|ArtifactScraper|Parsing artifact substat: hp+299
2026-10-01 07:55:10.273|DEBUG|ArtifactScraper|Parsing artifact substat: def+12.4%
2026-10-01 07:55:10.273|DEBUG|ArtifactScraper|Parsing artifact substat: critdmg+18.7%
2026-10-01 07:55:10.485|DEBUG|ArtifactScraper|Parsing artifact substat: atk+27
2026-10-01 07:55:10.485|DEBUG|ArtifactScraper|Parsing artifact substat: critdmg+21.0%
2026-10-01 07:55:10.485|DEBUG|ArtifactScraper|Parsing artifact substat: def+21
2026-10-01 07:55:10.485|DEBUG|ArtifactScraper|Parsing artifact substat: hp+11.1%
2026-10-01 07:55:10.614|DEBUG|ArtifactScraper|Parsing artifact substat: atk+33
2026-10-01 07:55:10.614|DEBUG|ArtifactScraper|Parsing artifact substat: def+21
2026-10-01 07:55:10.614|DEBUG|ArtifactScraper|Parsing artifact substat: critrate+14.0%
2026-10-01 07:55:10.614|DEBUG|ArtifactScraper|Parsing artifact substat: elementalmastery+42
2026-10-01 07:55:10.800|DEBUG|ArtifactScraper|Finished queuing page of artifacts. Scrolling...
2026-10-01 07:55:10.892|DEBUG|ArtifactScraper|Parsing artifact substat: elementalmastery+42
2026-10-01 07:55:10.892|DEBUG|ArtifactScraper|Parsing artifact substat: energyrecharge+11.7%
2026-10-01 07:55:10.892|DEBUG|ArtifactScraper|Parsing artifact substat: hp+747
2026-10-01 07:55:10.892|DEBUG|ArtifactScraper|Parsing artifact substat: def+16
2026-10-01 07:55:10.960|DEBUG|ArtifactScraper|Parsing artifact substat: elementalmastery+70
2026-10-01 07:55:10.960|DEBUG|ArtifactScraper|Parsing artifact substat: critrate+7.8%
2026-10-01 07:55:10.960|DEBUG|ArtifactScraper|Parsing artifact substat: def+6.6%
2026-10-01 07:55:10.960|DEBUG|ArtifactScraper|Parsing artifact substat: atk+11.1%
2026-10-01 07:55:11.237|DEBUG|ArtifactScraper|Parsing artifact substat: critdmg+14.0%
2026-10-01 07:55:11.237|DEBUG|ArtifactScraper|Parsing artifact substat: elementalmastery+16
2026-10-01 07:55:11.237|DEBUG|ArtifactScraper|Parsing artifact substat: def+23
2026-10-01 07:55:11.237|DEBUG|ArtifactScraper|Parsing artifact substat: def+24.1%
2026-10-01 07:55:13.111|DEBUG|ArtifactScraper|Scanning artifact page 3
2026-10-01 07:55:13.111|DEBUG|ArtifactScraper|Located 32 possible item locations on page.
2026-10-01 07:55:13.524|DEBUG|ArtifactScraper|Parsing artifact substat: atk+33
2026-10-01 07:55:13.524|DEBUG|ArtifactScraper|Parsing artifact substat: hp+8.7%
2026-10-01 07:55:13.524|DEBUG|ArtifactScraper|Parsing artifact substat: critdmg+6.2%
2026-10-01 07:55:13.524|DEBUG|ArtifactScraper|Parsing artifact substat: energyrecharge+17.5%
2026-10-01 07:55:13.892|DEBUG|ArtifactScraper|Parsing artifact substat: critdmg+7.0%
2026-10-01 07:55:13.892|DEBUG|ArtifactScraper|Parsing artifact substat: atk+54
2026-10-01 07:55:13.892|DEBUG|ArtifactScraper|Parsing artifact substat: energyrecharge+12.3%
2026-10-01 07:55:13.892|DEBUG|ArtifactScraper|Parsing artifact substat: def+12.4%
2026-10-01 07:55:13.959|DEBUG|ArtifactScraper|Parsing artifact substat: energyrecharge+6.5%
2026-10-01 07:55:13.959|DEBUG|ArtifactScraper|Parsing artifact substat: def+86
2026-10-01 07:55:13.959|DEBUG|ArtifactScraper|Parsing artifact substat: hp+299
2026-10-01 07:55:13.959|DEBUG|ArtifactScraper|Parsing artifact substat: critrate+7.4%
2026-10-01 07:55:14.222|DEBUG|ArtifactScraper|Parsing artifact substat: atk+33
2026-10-01 07:55:14.222|DEBUG|ArtifactScraper|Parsing artifact substat: energyrecharge+16.2%
2026-10-01 07:55:14.222|DEBUG|ArtifactScraper|Parsing artifact substat: elementalmastery+40
2026-10-01 07:55:14.222|DEBUG|ArtifactScraper|Parsing artifact substat: hp+568
2026-10-01 07:55:14.272|DEBUG|ArtifactScraper|Parsing artifact substat: def+53
2026-10-01 07:55:14.272|DEBUG|ArtifactScraper|Parsing artifact substat: atk+8.7%
2026-10-01 07:55:14.272|DEBUG|ArtifactScraper|Parsing artifact substat: hp+717
2026-10-01 07:55:14.272|DEBUG|ArtifactScraper|Parsing artifact substat: critdmg+7.0%
2026-10-01 07:55:14.639|DEBUG|ArtifactScraper|Parsing artifact substat: elementalmastery+42
2026-10-01 07:55:14.639|DEBUG|ArtifactScraper|Parsing artifact substat: def+37
2026-10-01 07:55:14.639|DEBUG|ArtifactScraper|Parsing artifact substat: def+7.3%
2026-10-01 07:55:14.639|DEBUG|ArtifactScraper|Parsing artifact substat: atk+13.4%
2026-10-01 07:55:14.705|DEBUG|ArtifactScraper|Parsing artifact substat: atk+53
2026-10-01 07:55:14.707|DEBUG|ArtifactScraper|Parsing artifact substat: critdmg+6.2%
2026-10-01 07:55:14.707|DEBUG|ArtifactScraper|Parsing artifact substat: hp+508
2026-10-01 07:55:14.707|DEBUG|ArtifactScraper|Parsing artifact substat: energyrecharge+11.7%
2026-10-01 07:55:14.902|DEBUG|ArtifactScraper|Parsing artifact substat: critrate+10.1%
2026-10-01 07:55:14.902|DEBUG|ArtifactScraper|Parsing artifact substat: def+32
2026-10-01 07:55:14.902|DEBUG|ArtifactScraper|Parsing artifact substat: critdmg+21.0%
2026-10-01 07:55:14.902|DEBUG|ArtifactScraper|Parsing artifact substat: def+6.6%
2026-10-01 07:55:15.052|DEBUG|ArtifactScraper|Parsing artifact substat: atk+33
2026-10-01 07:55:15.052|DEBUG|ArtifactScraper|Parsing artifact substat: atk+12.8%
2026-10-01 07:55:15.052|DEBUG|ArtifactScraper|Parsing artifact substat: elementalmastery+47
2026-10-01 07:55:15.052|DEBUG|ArtifactScraper|Parsing artifact substat: critdmg+15.5%
2026-10-01 07:55:15.283|DEBUG|ArtifactScraper|Parsing artifact substat: elementalmastery+47
2026-10-01 07:55:15.283|DEBUG|ArtifactScraper|Parsing artifact substat: atk+19.8%
2026-10-01 07:55:15.283|DEBUG|ArtifactScraper|Parsing artifact substat: def+12.4%
2026-10-01 07:55:15.283|DEBUG|ArtifactScraper|Parsing artifact substat: hp+4.1%
2026-10-01 07:55:15.362|DEBUG|ArtifactScraper|Parsing artifact substat: elementalmastery+44
2026-10-01 07:55:15.363|DEBUG|ArtifactScraper|Parsing artifact substat: def+19
2026-10-01 07:55:15.363|DEBUG|ArtifactScraper|Parsing artifact substat: critdmg+13.2%
2026-10-01 07:55:15.363|DEBUG|ArtifactScraper|Parsing artifact substat: hp+717
2026-10-01 07:55:15.656|DEBUG|ArtifactScraper|Parsing artifact substat: atk+72
2026-10-01 07:55:15.656|DEBUG|ArtifactScraper|Parsing artifact substat: critdmg+7.8%
2026-10-01 07:55:15.656|DEBUG|ArtifactScraper|Parsing artifact substat: def+18.2%
2026-10-01 07:55:15.656|DEBUG|ArtifactScraper|Parsing artifact substat: energyrecharge+5.8%
2026-10-01 07:55:15.746|DEBUG|ArtifactScraper|Parsing artifact substat: def+81
2026-10-01 07:55:15.746|DEBUG|ArtifactScraper|Parsing artifact substat: elementalmastery+19
2026-10-01 07:55:15.746|DEBUG|ArtifactScraper|Parsing artifact substat: critrate+3.5%
2026-10-01 07:55:15.746|DEBUG|ArtifactScraper|Parsing artifact substat: atk+10.5%
2026-10-01 07:55:15.971|DEBUG|ArtifactScraper|Parsing artifact substat: critdmg+7.8%
2026-10-01 07:55:15.971|DEBUG|ArtifactScraper|Parsing artifact substat: def+16.0%
2026-10-01 07:55:15.971|DEBUG|ArtifactScraper|Parsing artifact substat: elementalmastery+42
2026-10-01 07:55:15.971|DEBUG|ArtifactScraper|Parsing artifact substat: critrate+7.0%
2026-10-01 07:55:16.148|DEBUG|ArtifactScraper|Parsing artifact substat: elementalmastery+84
2026-10-01 07:55:16.148|DEBUG|ArtifactScraper|Parsing artifact substat: critdmg+14.0%
2026-10-01 07:55:16.148|DEBUG|ArtifactScraper|Parsing artifact substat: atk+4.1%
2026-10-01 07:55:16.148|DEBUG|ArtifactScraper|Parsing artifact substat: def+19
2026-10-01 07:55:16.241|DEBUG|ArtifactScraper|Parsing artifact substat: hp+9.3%
2026-10-01 07:55:16.241|DEBUG|ArtifactScraper|Parsing artifact substat: atk+31
2026-10-01 07:55:16.241|DEBUG|ArtifactScraper|Parsing artifact substat: hp+508
2026-10-01 07:55:16.241|DEBUG|ArtifactScraper|Parsing artifact substat: def+37
2026-10-01 07:55:16.515|DEBUG|ArtifactScraper|Parsing artifact substat: critrate+9.3%
2026-10-01 07:55:16.515|DEBUG|ArtifactScraper|Parsing artifact substat: critdmg+29.5%
2026-10-01 07:55:16.515|DEBUG|ArtifactScraper|Parsing artifact substat: atk+19
2026-10-01 07:55:16.635|DEBUG|ArtifactScraper|Parsing artifact substat: def+39
2026-10-01 07:55:16.635|DEBUG|ArtifactScraper|Parsing artifact substat: energyrecharge+9.7%
2026-10-01 07:55:16.635|DEBUG|ArtifactScraper|Parsing artifact substat: elementalmastery+23
2026-10-01 07:55:16.635|DEBUG|ArtifactScraper|Parsing artifact substat: critrate+8.6%
2026-10-01 07:55:16.858|DEBUG|ArtifactScraper|Parsing artifact substat: atk+18
2026-10-01 07:55:16.858|DEBUG|ArtifactScraper|Parsing artifact substat: hp+717
2026-10-01 07:55:16.858|DEBUG|ArtifactScraper|Parsing artifact substat: def+16
2026-10-01 07:55:16.858|DEBUG|ArtifactScraper|Parsing artifact substat: atk+14.0%
2026-10-01 07:55:17.041|DEBUG|ArtifactScraper|Parsing artifact substat: critdmg+7.8%
2026-10-01 07:55:17.041|DEBUG|ArtifactScraper|Parsing artifact substat: def+58
2026-10-01 07:55:17.041|DEBUG|ArtifactScraper|Parsing artifact substat: atk+14.6%
2026-10-01 07:55:17.041|DEBUG|ArtifactScraper|Parsing artifact substat: critrate+2.7%
2026-10-01 07:55:17.149|DEBUG|ArtifactScraper|Parsing artifact substat: atk+51
2026-10-01 07:55:17.149|DEBUG|ArtifactScraper|Parsing artifact substat: hp+4.7%
2026-10-01 07:55:17.149|DEBUG|ArtifactScraper|Parsing artifact substat: critdmg+16.3%
2026-10-01 07:55:17.149|DEBUG|ArtifactScraper|Parsing artifact substat: def+44
2026-10-01 07:55:17.415|DEBUG|ArtifactScraper|Parsing artifact substat: atk+14
2026-10-01 07:55:17.415|DEBUG|ArtifactScraper|Parsing artifact substat: def+16.0%
2026-10-01 07:55:17.415|DEBUG|ArtifactScraper|Parsing artifact substat: energyrecharge+11.0%
2026-10-01 07:55:17.415|DEBUG|ArtifactScraper|Parsing artifact substat: hp+10.5%
2026-10-01 07:55:17.522|DEBUG|ArtifactScraper|Parsing artifact substat: elementalmastery+21
2026-10-01 07:55:17.522|DEBUG|ArtifactScraper|Parsing artifact substat: hp+13.4%
2026-10-01 07:55:17.522|DEBUG|ArtifactScraper|Parsing artifact substat: critdmg+13.2%
2026-10-01 07:55:17.522|DEBUG|ArtifactScraper|Parsing artifact substat: atk+37
2026-10-01 07:55:17.810|DEBUG|ArtifactScraper|Parsing artifact substat: energyrecharge+10.4%
2026-10-01 07:55:17.810|DEBUG|ArtifactScraper|Parsing artifact substat: atk+33
2026-10-01 07:55:17.810|DEBUG|ArtifactScraper|Parsing artifact substat: elementalmastery+44
2026-10-01 07:55:17.810|DEBUG|ArtifactScraper|Parsing artifact substat: def+12.4%
2026-10-01 07:55:17.929|DEBUG|ArtifactScraper|Parsing artifact substat: critrate+18.3%
2026-10-01 07:55:17.929|DEBUG|ArtifactScraper|Parsing artifact substat: critdmg+5.4%
2026-10-01 07:55:17.929|DEBUG|ArtifactScraper|Parsing artifact substat: def+42
2026-10-01 07:55:18.068|DEBUG|ArtifactScraper|Parsing artifact substat: atk+10.5%
2026-10-01 07:55:18.068|DEBUG|ArtifactScraper|Parsing artifact substat: def+46
2026-10-01 07:55:18.068|DEBUG|ArtifactScraper|Parsing artifact substat: hp+239
2026-10-01 07:55:18.068|DEBUG|ArtifactScraper|Parsing artifact substat: energyrecharge+22.0%
2026-10-01 07:55:18.328|DEBUG|ArtifactScraper|Parsing artifact substat: energyrecharge+14.2%
2026-10-01 07:55:18.328|DEBUG|ArtifactScraper|Parsing artifact substat: def+32
2026-10-01 07:55:18.328|DEBUG|ArtifactScraper|Parsing artifact substat: hp+538
2026-10-01 07:55:18.328|DEBUG|ArtifactScraper|Parsing artifact substat: critdmg+14.0%
2026-10-01 07:55:18.468|DEBUG|ArtifactScraper|Parsing artifact substat: critrate+6.6%
2026-10-01 07:55:18.468|DEBUG|ArtifactScraper|Parsing artifact substat: energyrecharge+10.4%
2026-10-01 07:55:18.468|DEBUG|ArtifactScraper|Parsing artifact substat: elementalmastery+56
2026-10-01 07:55:18.468|DEBUG|ArtifactScraper|Parsing artifact substat: def+39
2026-10-01 07:55:18.742|DEBUG|ArtifactScraper|Parsing artifact substat: hp+8.2%
2026-10-01 07:55:18.742|DEBUG|ArtifactScraper|Parsing artifact substat: critrate+3.5%
2026-10-01 07:55:18.742|DEBUG|ArtifactScraper|Parsing artifact substat: energyrecharge+9.1%
2026-10-01 07:55:18.742|DEBUG|ArtifactScraper|Parsing artifact substat: critdmg+22.5%
2026-10-01 07:55:18.828|DEBUG|ArtifactScraper|Finished queuing page of artifacts. Scrolling...
2026-10-01 07:55:18.882|DEBUG|ArtifactScraper|Parsing artifact substat: def+53
2026-10-01 07:55:18.882|DEBUG|ArtifactScraper|Parsing artifact substat: critrate+5.8%
2026-10-01 07:55:18.882|DEBUG|ArtifactScraper|Parsing artifact substat: elementalmastery+37
2026-10-01 07:55:18.882|DEBUG|ArtifactScraper|Parsing artifact substat: critdmg+7.8%
2026-10-01 07:55:18.971|DEBUG|ArtifactScraper|Parsing artifact substat: hp+4.1%
2026-10-01 07:55:18.971|DEBUG|ArtifactScraper|Parsing artifact substat: critrate+7.4%
2026-10-01 07:55:18.971|DEBUG|ArtifactScraper|Parsing artifact substat: critdmg+21.8%
2026-10-01 07:55:18.971|DEBUG|ArtifactScraper|Parsing artifact substat: atk+13.4%
2026-10-01 07:55:19.211|DEBUG|ArtifactScraper|Parsing artifact substat: def+24.1%
2026-10-01 07:55:19.211|DEBUG|ArtifactScraper|Parsing artifact substat: critdmg+7.0%
2026-10-01 07:55:19.211|DEBUG|ArtifactScraper|Parsing artifact substat: critrate+7.4%
2026-10-01 07:55:19.211|DEBUG|ArtifactScraper|Parsing artifact substat: atk+16
2026-10-01 07:55:21.431|DEBUG|ArtifactScraper|Scanning artifact page 4
2026-10-01 07:55:21.431|DEBUG|ArtifactScraper|Located 32 possible item locations on page.
2026-10-01 07:55:21.888|DEBUG|ArtifactScraper|Parsing artifact substat: elementalmastery+19
2026-10-01 07:55:21.888|DEBUG|ArtifactScraper|Parsing artifact substat: critrate+10.5%
2026-10-01 07:55:21.888|DEBUG|ArtifactScraper|Parsing artifact substat: energyrecharge+5.2%
2026-10-01 07:55:21.888|DEBUG|ArtifactScraper|Parsing artifact substat: atk+53
2026-10-01 07:55:22.244|DEBUG|ArtifactScraper|Parsing artifact substat: critrate+9.7%
2026-10-01 07:55:22.244|DEBUG|ArtifactScraper|Parsing artifact substat: elementalmastery+40
2026-10-01 07:55:22.244|DEBUG|ArtifactScraper|Parsing artifact substat: def+19
2026-10-01 07:55:22.244|DEBUG|ArtifactScraper|Parsing artifact substat: critdmg+14.8%
2026-10-01 07:55:22.244|DEBUG|ArtifactScraper|Parsing artifact substat: elementalmastery+37
2026-10-01 07:55:22.244|DEBUG|ArtifactScraper|Parsing artifact substat: def+37
2026-10-01 07:55:22.244|DEBUG|ArtifactScraper|Parsing artifact substat: atk+31
2026-10-01 07:55:22.244|DEBUG|ArtifactScraper|Parsing artifact substat: hp+747
2026-10-01 07:55:22.527|DEBUG|ArtifactScraper|Parsing artifact substat: def+42
2026-10-01 07:55:22.527|DEBUG|ArtifactScraper|Parsing artifact substat: hp+508
2026-10-01 07:55:22.527|DEBUG|ArtifactScraper|Parsing artifact substat: atk+9.3%
2026-10-01 07:55:22.527|DEBUG|ArtifactScraper|Parsing artifact substat: elementalmastery+42
2026-10-01 07:55:22.630|DEBUG|ArtifactScraper|Parsing artifact substat: atk+5.8%
2026-10-01 07:55:22.630|DEBUG|ArtifactScraper|Parsing artifact substat: critdmg+7.8%
2026-10-01 07:55:22.630|DEBUG|ArtifactScraper|Parsing artifact substat: atk+53
2026-10-01 07:55:22.630|DEBUG|ArtifactScraper|Parsing artifact substat: def+19.7%
2026-10-01 07:55:22.933|DEBUG|ArtifactScraper|Parsing artifact substat: critrate+8.6%
2026-10-01 07:55:22.933|DEBUG|ArtifactScraper|Parsing artifact substat: energyrecharge+13.0%
2026-10-01 07:55:22.933|DEBUG|ArtifactScraper|Parsing artifact substat: def+12.4%
2026-10-01 07:55:22.933|DEBUG|ArtifactScraper|Parsing artifact substat: atk+4.7%
2026-10-01 07:55:23.038|DEBUG|ArtifactScraper|Parsing artifact substat: hp+986
2026-10-01 07:55:23.038|DEBUG|ArtifactScraper|Parsing artifact substat: critrate+6.6%
2026-10-01 07:55:23.038|DEBUG|ArtifactScraper|Parsing artifact substat: atk+9.9%
2026-10-01 07:55:23.038|DEBUG|ArtifactScraper|Parsing artifact substat: energyrecharge+6.5%
2026-10-01 07:55:23.343|DEBUG|ArtifactScraper|Parsing artifact substat: atk+37
2026-10-01 07:55:23.343|DEBUG|ArtifactScraper|Parsing artifact substat: hp+717
2026-10-01 07:55:23.343|DEBUG|ArtifactScraper|Parsing artifact substat: hp+8.7%
2026-10-01 07:55:23.343|DEBUG|ArtifactScraper|Parsing artifact substat: critdmg+12.4%
2026-10-01 07:55:23.455|DEBUG|ArtifactScraper|Parsing artifact substat: critrate+3.9%
2026-10-01 07:55:23.455|DEBUG|ArtifactScraper|Parsing artifact substat: atk+5.8%
2026-10-01 07:55:23.455|DEBUG|ArtifactScraper|Parsing artifact substat: atk+33
2026-10-01 07:55:23.455|DEBUG|ArtifactScraper|Parsing artifact substat: critdmg+31.9%
2026-10-01 07:55:23.734|DEBUG|ArtifactScraper|Parsing artifact substat: atk+35
2026-10-01 07:55:23.734|DEBUG|ArtifactScraper|Parsing artifact substat: elementalmastery+40
2026-10-01 07:55:23.734|DEBUG|ArtifactScraper|Parsing artifact substat: hp+209
2026-10-01 07:55:23.734|DEBUG|ArtifactScraper|Parsing artifact substat: critdmg+21.0%
2026-10-01 07:55:23.869|DEBUG|ArtifactScraper|Parsing artifact substat: def+16.8%
2026-10-01 07:55:23.869|DEBUG|ArtifactScraper|Parsing artifact substat: critrate+7.0%
2026-10-01 07:55:23.869|DEBUG|ArtifactScraper|Parsing artifact substat: critdmg+7.8%
2026-10-01 07:55:23.869|DEBUG|ArtifactScraper|Parsing artifact substat: hp+448
2026-10-01 07:55:24.035|DEBUG|ArtifactScraper|Parsing artifact substat: critrate+7.8%
2026-10-01 07:55:24.035|DEBUG|ArtifactScraper|Parsing artifact substat: def+32
2026-10-01 07:55:24.035|DEBUG|ArtifactScraper|Parsing artifact substat: elementalmastery+47
2026-10-01 07:55:24.035|DEBUG|ArtifactScraper|Parsing artifact substat: critdmg+14.8%
2026-10-01 07:55:24.272|DEBUG|ArtifactScraper|Parsing artifact substat: def+65
2026-10-01 07:55:24.272|DEBUG|ArtifactScraper|Parsing artifact substat: def+19.0%
2026-10-01 07:55:24.272|DEBUG|ArtifactScraper|Parsing artifact substat: atk+18
2026-10-01 07:55:24.272|DEBUG|ArtifactScraper|Parsing artifact substat: critrate+2.7%
2026-10-01 07:55:24.388|DEBUG|ArtifactScraper|Parsing artifact substat: hp+687
2026-10-01 07:55:24.388|DEBUG|ArtifactScraper|Parsing artifact substat: def+37
2026-10-01 07:55:24.388|DEBUG|ArtifactScraper|Parsing artifact substat: elementalmastery+21
2026-10-01 07:55:24.388|DEBUG|ArtifactScraper|Parsing artifact substat: atk+14.6%
2026-10-01 07:55:24.671|DEBUG|ArtifactScraper|Parsing artifact substat: hp+209
2026-10-01 07:55:24.671|DEBUG|ArtifactScraper|Parsing artifact substat: elementalmastery+16
2026-10-01 07:55:24.671|DEBUG|ArtifactScraper|Parsing artifact substat: hp+15.2%
2026-10-01 07:55:24.671|DEBUG|ArtifactScraper|Parsing artifact substat: atk+45
2026-10-01 07:55:24.838|DEBUG|ArtifactScraper|Parsing artifact substat: hp+508
2026-10-01 07:55:24.838|DEBUG|ArtifactScraper|Parsing artifact substat: critrate+7.0%
2026-10-01 07:55:24.838|DEBUG|ArtifactScraper|Parsing artifact substat: energyrecharge+16.8%
2026-10-01 07:55:24.838|DEBUG|ArtifactScraper|Parsing artifact substat: elementalmastery+19
2026-10-01 07:55:24.932|DEBUG|ArtifactScraper|Parsing artifact substat: atk+19
2026-10-01 07:55:24.932|DEBUG|ArtifactScraper|Parsing artifact substat: critrate+7.8%
2026-10-01 07:55:24.932|DEBUG|ArtifactScraper|Parsing artifact substat: hp+21.0%
2026-10-01 07:55:24.932|DEBUG|ArtifactScraper|Parsing artifact substat: def+5.8%
2026-10-01 07:55:25.245|DEBUG|ArtifactScraper|Parsing artifact substat: def+37
2026-10-01 07:55:25.245|DEBUG|ArtifactScraper|Parsing artifact substat: critdmg+14.0%
2026-10-01 07:55:25.245|DEBUG|ArtifactScraper|Parsing artifact substat: elementalmastery+42
2026-10-01 07:55:25.245|DEBUG|ArtifactScraper|Parsing artifact substat: atk+35
2026-10-01 07:55:25.339|DEBUG|ArtifactScraper|Parsing artifact substat: critdmg+11.7%
2026-10-01 07:55:25.339|DEBUG|ArtifactScraper|Parsing artifact substat: def+58
2026-10-01 07:55:25.339|DEBUG|ArtifactScraper|Parsing artifact substat: hp+4.1%
2026-10-01 07:55:25.339|DEBUG|ArtifactScraper|Parsing artifact substat: critrate+6.6%
2026-10-01 07:55:25.627|DEBUG|ArtifactScraper|Parsing artifact substat: def+60
2026-10-01 07:55:25.627|DEBUG|ArtifactScraper|Parsing artifact substat: atk+5.3%
2026-10-01 07:55:25.627|DEBUG|ArtifactScraper|Parsing artifact substat: def+23.3%
2026-10-01 07:55:25.627|DEBUG|ArtifactScraper|Parsing artifact substat: elementalmastery+21
2026-10-01 07:55:25.814|DEBUG|ArtifactScraper|Parsing artifact substat: critdmg+23.3%
2026-10-01 07:55:25.814|DEBUG|ArtifactScraper|Parsing artifact substat: energyrecharge+11.0%
2026-10-01 07:55:25.814|DEBUG|ArtifactScraper|Parsing artifact substat: hp+11.7%
2026-10-01 07:55:25.814|DEBUG|ArtifactScraper|Parsing artifact substat: elementalmastery+19
2026-10-01 07:55:25.933|DEBUG|ArtifactScraper|Parsing artifact substat: def+58
2026-10-01 07:55:25.933|DEBUG|ArtifactScraper|Parsing artifact substat: energyrecharge+14.9%
2026-10-01 07:55:25.933|DEBUG|ArtifactScraper|Parsing artifact substat: critdmg+6.2%
2026-10-01 07:55:25.933|DEBUG|ArtifactScraper|Parsing artifact substat: atk+9.9%
2026-10-01 07:55:26.238|DEBUG|ArtifactScraper|Parsing artifact substat: hp+478
2026-10-01 07:55:26.238|DEBUG|ArtifactScraper|Parsing artifact substat: def+19.0%
2026-10-01 07:55:26.238|DEBUG|ArtifactScraper|Parsing artifact substat: def+19
2026-10-01 07:55:26.238|DEBUG|ArtifactScraper|Parsing artifact substat: energyrecharge+16.2%
2026-10-01 07:55:26.329|DEBUG|ArtifactScraper|Parsing artifact substat: hp+9.9%
2026-10-01 07:55:26.329|DEBUG|ArtifactScraper|Parsing artifact substat: critrate+10.5%
2026-10-01 07:55:26.329|DEBUG|ArtifactScraper|Parsing artifact substat: energyrecharge+14.9%
2026-10-01 07:55:26.329|DEBUG|ArtifactScraper|Parsing artifact substat: def+21
2026-10-01 07:55:26.620|DEBUG|ArtifactScraper|Parsing artifact substat: def+35
2026-10-01 07:55:26.620|DEBUG|ArtifactScraper|Parsing artifact substat: elementalmastery+44
2026-10-01 07:55:26.620|DEBUG|ArtifactScraper|Parsing artifact substat: critdmg+17.9%
2026-10-01 07:55:26.620|DEBUG|ArtifactScraper|Parsing artifact substat: hp+209
2026-10-01 07:55:26.643|DEBUG|ArtifactScraper|Parsing artifact substat: hp+986
2026-10-01 07:55:26.643|DEBUG|ArtifactScraper|Parsing artifact substat: hp+4.1%
2026-10-01 07:55:26.643|DEBUG|ArtifactScraper|Parsing artifact substat: critdmg+5.4%
2026-10-01 07:55:26.643|DEBUG|ArtifactScraper|Parsing artifact substat: def+37
2026-10-01 07:55:27.055|DEBUG|ArtifactScraper|Parsing artifact substat: critrate+3.5%
2026-10-01 07:55:27.055|DEBUG|ArtifactScraper|Parsing artifact substat: critdmg+21.8%
2026-10-01 07:55:27.055|DEBUG|ArtifactScraper|Parsing artifact substat: atk+33
2026-10-01 07:55:27.055|DEBUG|ArtifactScraper|Parsing artifact substat: energyrecharge+16.8%
2026-10-01 07:55:27.069|DEBUG|ArtifactScraper|Parsing artifact substat: def+63
2026-10-01 07:55:27.069|DEBUG|ArtifactScraper|Parsing artifact substat: energyrecharge+11.0%
2026-10-01 07:55:27.069|DEBUG|ArtifactScraper|Parsing artifact substat: critdmg+15.5%
2026-10-01 07:55:27.069|DEBUG|ArtifactScraper|Parsing artifact substat: atk+14
2026-10-01 07:55:27.350|DEBUG|ArtifactScraper|Parsing artifact substat: hp+299
2026-10-01 07:55:27.350|DEBUG|ArtifactScraper|Parsing artifact substat: atk+19.2%
2026-10-01 07:55:27.350|DEBUG|ArtifactScraper|Parsing artifact substat: atk+29
2026-10-01 07:55:27.350|DEBUG|ArtifactScraper|Parsing artifact substat: elementalmastery+35
2026-10-01 07:55:27.406|DEBUG|ArtifactScraper|Finished queuing page of artifacts. Scrolling...
2026-10-01 07:55:27.515|DEBUG|ArtifactScraper|Parsing artifact substat: energyrecharge+4.5%
2026-10-01 07:55:27.515|DEBUG|ArtifactScraper|Parsing artifact substat: hp+657
2026-10-01 07:55:27.515|DEBUG|ArtifactScraper|Parsing artifact substat: critrate+6.6%
2026-10-01 07:55:27.515|DEBUG|ArtifactScraper|Parsing artifact substat: atk+35
2026-10-01 07:55:27.773|DEBUG|ArtifactScraper|Parsing artifact substat: hp+239
2026-10-01 07:55:27.773|DEBUG|ArtifactScraper|Parsing artifact substat: def+21
2026-10-01 07:55:27.773|DEBUG|ArtifactScraper|Parsing artifact substat: elementalmastery+70
2026-10-01 07:55:27.773|DEBUG|ArtifactScraper|Parsing artifact substat: atk+33
2026-10-01 07:55:27.792|DEBUG|ArtifactScraper|Parsing artifact substat: energyrecharge+10.4%
2026-10-01 07:55:27.792|DEBUG|ArtifactScraper|Parsing artifact substat: def+19.0%
2026-10-01 07:55:27.792|DEBUG|ArtifactScraper|Parsing artifact substat: critdmg+6.2%
2026-10-01 07:55:27.792|DEBUG|ArtifactScraper|Parsing artifact substat: def+44
2026-10-01 07:55:29.949|DEBUG|ArtifactScraper|Scanning artifact page 5
2026-10-01 07:55:29.949|DEBUG|ArtifactScraper|Located 32 possible item locations on page.
2026-10-01 07:55:30.432|DEBUG|ArtifactScraper|Parsing artifact substat: def+14.6%
2026-10-01 07:55:30.432|DEBUG|ArtifactScraper|Parsing artifact substat: def+42
2026-10-01 07:55:30.432|DEBUG|ArtifactScraper|Parsing artifact substat: hp+777
2026-10-01 07:55:30.432|DEBUG|ArtifactScraper|Parsing artifact substat: elementalmastery+19
2026-10-01 07:55:30.816|DEBUG|ArtifactScraper|Parsing artifact substat: def+35
2026-10-01 07:55:30.816|DEBUG|ArtifactScraper|Parsing artifact substat: energyrecharge+12.3%
2026-10-01 07:55:30.816|DEBUG|ArtifactScraper|Parsing artifact substat: hp+956
2026-10-01 07:55:30.816|DEBUG|ArtifactScraper|Parsing artifact substat: atk+5.3%
2026-10-01 07:55:30.870|DEBUG|ArtifactScraper|Parsing artifact substat: hp+10.5%
2026-10-01 07:55:30.870|DEBUG|ArtifactScraper|Parsing artifact substat: elementalmastery+40
2026-10-01 07:55:30.870|DEBUG|ArtifactScraper|Parsing artifact substat: def+44
2026-10-01 07:55:30.870|DEBUG|ArtifactScraper|Parsing artifact substat: energyrecharge+14.9%
2026-10-01 07:55:31.151|DEBUG|ArtifactScraper|Parsing artifact substat: critrate+6.2%
2026-10-01 07:55:31.151|DEBUG|ArtifactScraper|Parsing artifact substat: energyrecharge+11.0%
2026-10-01 07:55:31.151|DEBUG|ArtifactScraper|Parsing artifact substat: critdmg+11.7%
2026-10-01 07:55:31.151|DEBUG|ArtifactScraper|Parsing artifact substat: def+56
2026-10-01 07:55:31.257|DEBUG|ArtifactScraper|Parsing artifact substat: hp+478
2026-10-01 07:55:31.257|DEBUG|ArtifactScraper|Parsing artifact substat: hp+9.3%
2026-10-01 07:55:31.257|DEBUG|ArtifactScraper|Parsing artifact substat: energyrecharge+5.2%
2026-10-01 07:55:31.257|DEBUG|ArtifactScraper|Parsing artifact substat: elementalmastery+63
2026-10-01 07:55:31.562|DEBUG|ArtifactScraper|Parsing artifact substat: energyrecharge+11.0%
2026-10-01 07:55:31.562|DEBUG|ArtifactScraper|Parsing artifact substat: hp+14.0%
2026-10-01 07:55:31.562|DEBUG|ArtifactScraper|Parsing artifact substat: def+12.4%
2026-10-01 07:55:31.562|DEBUG|ArtifactScraper|Parsing artifact substat: atk+19
2026-10-01 07:55:31.578|DEBUG|ArtifactScraper|Parsing artifact substat: critrate+14.4%
2026-10-01 07:55:31.578|DEBUG|ArtifactScraper|Parsing artifact substat: elementalmastery+16
2026-10-01 07:55:31.578|DEBUG|ArtifactScraper|Parsing artifact substat: hp+538
2026-10-01 07:55:31.578|DEBUG|ArtifactScraper|Parsing artifact substat: def+42
2026-10-01 07:55:31.954|DEBUG|ArtifactScraper|Parsing artifact substat: hp+299
2026-10-01 07:55:31.954|DEBUG|ArtifactScraper|Parsing artifact substat: hp+11.1%
2026-10-01 07:55:31.954|DEBUG|ArtifactScraper|Parsing artifact substat: atk+13.4%
2026-10-01 07:55:31.954|DEBUG|ArtifactScraper|Parsing artifact substat: elementalmastery+68
2026-10-01 07:55:31.982|DEBUG|ArtifactScraper|Parsing artifact substat: hp+747
2026-10-01 07:55:31.982|DEBUG|ArtifactScraper|Parsing artifact substat: hp+5.3%
2026-10-01 07:55:31.982|DEBUG|ArtifactScraper|Parsing artifact substat: critrate+9.3%
2026-10-01 07:55:32.239|DEBUG|ArtifactScraper|Parsing artifact substat: hp+747
2026-10-01 07:55:32.239|DEBUG|ArtifactScraper|Parsing artifact substat: energyrecharge+6.5%
2026-10-01 07:55:32.239|DEBUG|ArtifactScraper|Parsing artifact substat: def+16
2026-10-01 07:55:32.407|DEBUG|ArtifactScraper|Parsing artifact substat: def+69
2026-10-01 07:55:32.407|DEBUG|ArtifactScraper|Parsing artifact substat: energyrecharge+12.3%
2026-10-01 07:55:32.407|DEBUG|ArtifactScraper|Parsing artifact substat: elementalmastery+58
2026-10-01 07:55:32.407|DEBUG|ArtifactScraper|Parsing artifact substat: critrate+3.1%
2026-10-01 07:55:32.672|DEBUG|ArtifactScraper|Parsing artifact substat: critrate+18.3%
2026-10-01 07:55:32.672|DEBUG|ArtifactScraper|Parsing artifact substat: hp+11.7%
2026-10-01 07:55:32.672|DEBUG|ArtifactScraper|Parsing artifact substat: atk+14
2026-10-01 07:55:32.672|DEBUG|ArtifactScraper|Parsing artifact substat: critdmg+7.0%
2026-10-01 07:55:32.858|DEBUG|ArtifactScraper|Parsing artifact substat: hp+8.2%
2026-10-01 07:55:32.858|DEBUG|ArtifactScraper|Parsing artifact substat: hp+239
2026-10-01 07:55:32.858|DEBUG|ArtifactScraper|Parsing artifact substat: atk+70
2026-10-01 07:55:32.858|DEBUG|ArtifactScraper|Parsing artifact substat: critrate+3.1%
2026-10-01 07:55:33.011|DEBUG|ArtifactScraper|Parsing artifact substat: def+39
2026-10-01 07:55:33.011|DEBUG|ArtifactScraper|Parsing artifact substat: critdmg+17.1%
2026-10-01 07:55:33.011|DEBUG|ArtifactScraper|Parsing artifact substat: hp+13.4%
2026-10-01 07:55:33.011|DEBUG|ArtifactScraper|Parsing artifact substat: hp+209
2026-10-01 07:55:33.160|DEBUG|ArtifactScraper|Parsing artifact substat: def+19.7%
2026-10-01 07:55:33.160|DEBUG|ArtifactScraper|Parsing artifact substat: energyrecharge+11.7%
2026-10-01 07:55:33.160|DEBUG|ArtifactScraper|Parsing artifact substat: def+19
2026-10-01 07:55:33.160|DEBUG|ArtifactScraper|Parsing artifact substat: hp+478
2026-10-01 07:55:33.306|DEBUG|ArtifactScraper|Parsing artifact substat: energyrecharge+10.4%
2026-10-01 07:55:33.306|DEBUG|ArtifactScraper|Parsing artifact substat: hp+807
2026-10-01 07:55:33.306|DEBUG|ArtifactScraper|Parsing artifact substat: critrate+3.9%
2026-10-01 07:55:33.306|DEBUG|ArtifactScraper|Parsing artifact substat: def+60
2026-10-01 07:55:33.588|DEBUG|ArtifactScraper|Parsing artifact substat: def+14.6%
2026-10-01 07:55:33.588|DEBUG|ArtifactScraper|Parsing artifact substat: atk+8.7%
2026-10-01 07:55:33.588|DEBUG|ArtifactScraper|Parsing artifact substat: atk+33
2026-10-01 07:55:33.588|DEBUG|ArtifactScraper|Parsing artifact substat: def+37
2026-10-01 07:55:33.710|DEBUG|ArtifactScraper|Parsing artifact substat: def+60
2026-10-01 07:55:33.710|DEBUG|ArtifactScraper|Parsing artifact substat: elementalmastery+44
2026-10-01 07:55:33.710|DEBUG|ArtifactScraper|Parsing artifact substat: critrate+6.2%
2026-10-01 07:55:33.710|DEBUG|ArtifactScraper|Parsing artifact substat: atk+4.7%
2026-10-01 07:55:33.968|DEBUG|ArtifactScraper|Parsing artifact substat: atk+8.7%
2026-10-01 07:55:33.968|DEBUG|ArtifactScraper|Parsing artifact substat: atk+31
2026-10-01 07:55:33.968|DEBUG|ArtifactScraper|Parsing artifact substat: hp+16.9%
2026-10-01 07:55:33.968|DEBUG|ArtifactScraper|Parsing artifact substat: hp+418
2026-10-01 07:55:34.157|DEBUG|ArtifactScraper|Parsing artifact substat: atk+18
2026-10-01 07:55:34.157|DEBUG|ArtifactScraper|Parsing artifact substat: critdmg+13.2%
2026-10-01 07:55:34.157|DEBUG|ArtifactScraper|Parsing artifact substat: def+5.1%
2026-10-01 07:55:34.157|DEBUG|ArtifactScraper|Parsing artifact substat: hp+22.2%
2026-10-01 07:55:34.297|DEBUG|ArtifactScraper|Parsing artifact substat: atk+9.9%
2026-10-01 07:55:34.297|DEBUG|ArtifactScraper|Parsing artifact substat: hp+5.8%
2026-10-01 07:55:34.297|DEBUG|ArtifactScraper|Parsing artifact substat: critrate+10.5%
2026-10-01 07:55:34.297|DEBUG|ArtifactScraper|Parsing artifact substat: elementalmastery+40
2026-10-01 07:55:34.582|DEBUG|ArtifactScraper|Parsing artifact substat: critrate+10.9%
2026-10-01 07:55:34.582|DEBUG|ArtifactScraper|Parsing artifact substat: critdmg+12.4%
2026-10-01 07:55:34.582|DEBUG|ArtifactScraper|Parsing artifact substat: hp+508
2026-10-01 07:55:34.582|DEBUG|ArtifactScraper|Parsing artifact substat: energyrecharge+5.8%
2026-10-01 07:55:34.638|DEBUG|ArtifactScraper|Parsing artifact substat: hp+478
2026-10-01 07:55:34.638|DEBUG|ArtifactScraper|Parsing artifact substat: hp+9.3%
2026-10-01 07:55:34.638|DEBUG|ArtifactScraper|Parsing artifact substat: critdmg+7.8%
2026-10-01 07:55:34.638|DEBUG|ArtifactScraper|Parsing artifact substat: def+58
2026-10-01 07:55:34.939|DEBUG|ArtifactScraper|Parsing artifact substat: critrate+3.5%
2026-10-01 07:55:34.939|DEBUG|ArtifactScraper|Parsing artifact substat: atk+31
2026-10-01 07:55:34.939|DEBUG|ArtifactScraper|Parsing artifact substat: atk+15.2%
2026-10-01 07:55:34.939|DEBUG|ArtifactScraper|Parsing artifact substat: hp+9.9%
2026-10-01 07:55:35.062|DEBUG|ArtifactScraper|Parsing artifact substat: def+20.4%
2026-10-01 07:55:35.062|DEBUG|ArtifactScraper|Parsing artifact substat: critdmg+7.0%
2026-10-01 07:55:35.062|DEBUG|ArtifactScraper|Parsing artifact substat: energyrecharge+9.1%
2026-10-01 07:55:35.062|DEBUG|ArtifactScraper|Parsing artifact substat: hp+9.3%
2026-10-01 07:55:35.270|DEBUG|ArtifactScraper|Parsing artifact substat: elementalmastery+44
2026-10-01 07:55:35.270|DEBUG|ArtifactScraper|Parsing artifact substat: critrate+3.9%
2026-10-01 07:55:35.270|DEBUG|ArtifactScraper|Parsing artifact substat: critdmg+13.2%
2026-10-01 07:55:35.270|DEBUG|ArtifactScraper|Parsing artifact substat: hp+747
2026-10-01 07:55:35.509|DEBUG|ArtifactScraper|Parsing artifact substat: energyrecharge+5.8%
2026-10-01 07:55:35.509|DEBUG|ArtifactScraper|Parsing artifact substat: def+16
2026-10-01 07:55:35.509|DEBUG|ArtifactScraper|Parsing artifact substat: critrate+10.5%
2026-10-01 07:55:35.509|DEBUG|ArtifactScraper|Parsing artifact substat: atk+47
2026-10-01 07:55:35.660|DEBUG|ArtifactScraper|Parsing artifact substat: def+12.4%
2026-10-01 07:55:35.660|DEBUG|ArtifactScraper|Parsing artifact substat: critrate+9.3%
2026-10-01 07:55:35.660|DEBUG|ArtifactScraper|Parsing artifact substat: critdmg+7.8%
2026-10-01 07:55:35.660|DEBUG|ArtifactScraper|Parsing artifact substat: atk+10.5%
2026-10-01 07:55:35.909|DEBUG|ArtifactScraper|Parsing artifact substat: hp+239
2026-10-01 07:55:35.909|DEBUG|ArtifactScraper|Parsing artifact substat: def+16
2026-10-01 07:55:35.909|DEBUG|ArtifactScraper|Parsing artifact substat: hp+11.7%
2026-10-01 07:55:35.909|DEBUG|ArtifactScraper|Parsing artifact substat: atk+86
2026-10-01 07:55:35.935|DEBUG|ArtifactScraper|Parsing artifact substat: def+35
2026-10-01 07:55:35.935|DEBUG|ArtifactScraper|Parsing artifact substat: atk+4.7%
2026-10-01 07:55:35.935|DEBUG|ArtifactScraper|Parsing artifact substat: hp+926
2026-10-01 07:55:35.935|DEBUG|ArtifactScraper|Parsing artifact substat: critdmg+14.0%
2026-10-01 07:55:35.958|DEBUG|ArtifactScraper|Finished queuing page of artifacts. Scrolling...
2026-10-01 07:55:36.289|DEBUG|ArtifactScraper|Parsing artifact substat: def+21
2026-10-01 07:55:36.289|DEBUG|ArtifactScraper|Parsing artifact substat: hp+9.9%
2026-10-01 07:55:36.289|DEBUG|ArtifactScraper|Parsing artifact substat: atk+31
2026-10-01 07:55:36.289|DEBUG|ArtifactScraper|Parsing artifact substat: energyrecharge+9.7%
2026-10-01 07:55:36.319|DEBUG|ArtifactScraper|Parsing artifact substat: energyrecharge+6.5%
2026-10-01 07:55:36.319|DEBUG|ArtifactScraper|Parsing artifact substat: atk+14.6%
2026-10-01 07:55:36.319|DEBUG|ArtifactScraper|Parsing artifact substat: def+63
2026-10-01 07:55:36.319|DEBUG|ArtifactScraper|Parsing artifact substat: critdmg+7.8%
2026-10-01 07:55:38.350|DEBUG|ArtifactScraper|Scanning artifact page 6
2026-10-01 07:55:38.350|DEBUG|ArtifactScraper|Located 32 possible item locations on page.
2026-10-01 07:55:38.835|DEBUG|ArtifactScraper|Parsing artifact substat: critrate+6.2%
2026-10-01 07:55:38.835|DEBUG|ArtifactScraper|Parsing artifact substat: critdmg+7.8%
2026-10-01 07:55:38.835|DEBUG|ArtifactScraper|Parsing artifact substat: energyrecharge+10.4%
2026-10-01 07:55:39.199|DEBUG|ArtifactScraper|Parsing artifact substat: he+1371
2026-10-01 07:55:39.199|DEBUG|ArtifactScraper|Parsing artifact substat: energyrecharge+4.1%
2026-10-01 07:55:39.199|DEBUG|ArtifactScraper|Parsing artifact substat: hp+7.9%
2026-10-01 07:55:39.283|DEBUG|ArtifactScraper|Parsing artifact substat: energyrecharge+6.67o
2026-10-01 07:55:39.283|DEBUG|ArtifactScraper|Parsing artifact substat: hp+382
2026-10-01 07:55:39.283|DEBUG|ArtifactScraper|Parsing artifact substat: def+17
2026-10-01 07:55:39.597|DEBUG|ArtifactScraper|Parsing artifact substat: lh11rate+4.47o
2026-10-01 07:55:39.597|DEBUG|ArtifactScraper|Failed to parse stat from: lh11rate+4.47o
2026-10-01 07:55:39.597|DEBUG|ArtifactScraper|Parsing artifact substat: atk+11
2026-10-01 07:55:39.597|DEBUG|ArtifactScraper|Parsing artifact substat: hp+7.9%
2026-10-01 07:55:39.639|DEBUG|ArtifactScraper|Parsing artifact substat: uef+i19
2026-10-01 07:55:39.639|DEBUG|ArtifactScraper|Failed to parse stat from: uef+i19
2026-10-01 07:55:39.639|DEBUG|ArtifactScraper|Parsing artifact substat: atk+37
2026-10-01 07:55:39.639|DEBUG|ArtifactScraper|Parsing artifact substat: elementalmastery+26
2026-10-01 07:55:39.966|DEBUG|ArtifactScraper|Parsing artifact substat: alrti14
2026-10-01 07:55:39.966|DEBUG|ArtifactScraper|Failed to parse stat from: alrti14
2026-10-01 07:55:39.966|DEBUG|ArtifactScraper|Parsing artifact substat: hp+191
2026-10-01 07:55:39.966|DEBUG|ArtifactScraper|Parsing artifact substat: hp+7.5%
2026-10-01 07:55:40.018|DEBUG|ArtifactScraper|Parsing artifact substat: uef+iu.o7o
2026-10-01 07:55:40.019|DEBUG|ArtifactScraper|Failed to parse stat from: uef+iu.o7o
2026-10-01 07:55:40.019|DEBUG|ArtifactScraper|Parsing artifact substat: critrate+5.9%
2026-10-01 07:55:40.019|DEBUG|ArtifactScraper|Parsing artifact substat: elementalmastery+15
2026-10-01 07:55:40.334|DEBUG|ArtifactScraper|Parsing artifact substat: def+30
2026-10-01 07:55:40.334|DEBUG|ArtifactScraper|Parsing artifact substat: atk+4.7%
2026-10-01 07:55:40.444|DEBUG|ArtifactScraper|Parsing artifact substat: chl1duimilb+to.u7o
2026-10-01 07:55:40.444|DEBUG|ArtifactScraper|Failed to parse stat from: chl1duimilb+to.u7o
2026-10-01 07:55:40.444|DEBUG|ArtifactScraper|Parsing artifact substat: energyrecharge+7.8%
2026-10-01 07:55:40.444|DEBUG|ArtifactScraper|Parsing artifact substat: hp+9.3%
2026-10-01 07:55:40.837|DEBUG|ArtifactScraper|Parsing artifact substat: lhr11umb+7.970
2026-10-01 07:55:40.837|DEBUG|ArtifactScraper|Failed to parse stat from: lhr11umb+7.970
2026-10-01 07:55:40.837|DEBUG|ArtifactScraper|Parsing artifact substat: atk+3.7%
2026-10-01 07:55:40.837|DEBUG|ArtifactScraper|Parsing artifact substat: energyrecharge+4.7%
2026-10-01 07:55:40.903|DEBUG|ArtifactScraper|Parsing artifact substat: energyrecharge+8.57o0
2026-10-01 07:55:40.903|DEBUG|ArtifactScraper|Parsing artifact substat: def+19
2026-10-01 07:55:40.903|DEBUG|ArtifactScraper|Parsing artifact substat: hp+382
2026-10-01 07:55:41.050|DEBUG|ArtifactScraper|Parsing artifact substat: elementalimastery+/17
2026-10-01 07:55:41.050|DEBUG|ArtifactScraper|Parsing artifact substat: hp+4.7%
2026-10-01 07:55:41.050|DEBUG|ArtifactScraper|Parsing artifact substat: atk+4.2%
2026-10-01 07:55:41.262|DEBUG|ArtifactScraper|Parsing artifact substat: lhr11rate+o.|7o
2026-10-01 07:55:41.262|DEBUG|ArtifactScraper|Failed to parse stat from: lhr11rate+o.|7o
2026-10-01 07:55:41.262|DEBUG|ArtifactScraper|Parsing artifact substat: energyrecharge+4.7%
2026-10-01 07:55:41.262|DEBUG|ArtifactScraper|Parsing artifact substat: def+17
2026-10-01 07:55:41.522|DEBUG|ArtifactScraper|Parsing artifact substat: chl1divoti1u.u7o
2026-10-01 07:55:41.522|DEBUG|ArtifactScraper|Failed to parse stat from: chl1divoti1u.u7o
2026-10-01 07:55:41.522|DEBUG|ArtifactScraper|Parsing artifact substat: atk+4.2%
2026-10-01 07:55:41.522|DEBUG|ArtifactScraper|Parsing artifact substat: def+11.1%
2026-10-01 07:55:41.764|DEBUG|ArtifactScraper|Parsing artifact substat: energyrecharge+4.17o
2026-10-01 07:55:41.764|DEBUG|ArtifactScraper|Parsing artifact substat: critrate+4.7%
2026-10-01 07:55:41.764|DEBUG|ArtifactScraper|Parsing artifact substat: critdmg+6.2%
2026-10-01 07:55:41.827|DEBUG|ArtifactScraper|Parsing artifact substat: uef+4.170
2026-10-01 07:55:41.827|DEBUG|ArtifactScraper|Failed to parse stat from: uef+4.170
2026-10-01 07:55:41.827|DEBUG|ArtifactScraper|Parsing artifact substat: energyrecharge+5.2%
2026-10-01 07:55:41.827|DEBUG|ArtifactScraper|Parsing artifact substat: def+13
2026-10-01 07:55:42.136|DEBUG|ArtifactScraper|Parsing artifact substat: uef+3u
2026-10-01 07:55:42.136|DEBUG|ArtifactScraper|Failed to parse stat from: uef+3u
2026-10-01 07:55:42.136|DEBUG|ArtifactScraper|Parsing artifact substat: atk+31
2026-10-01 07:55:42.136|DEBUG|ArtifactScraper|Parsing artifact substat: def+5.8%
2026-10-01 07:55:42.173|DEBUG|ArtifactScraper|Parsing artifact substat: elementalmastery+14
2026-10-01 07:55:42.173|DEBUG|ArtifactScraper|Parsing artifact substat: hp+129
2026-10-01 07:55:42.173|DEBUG|ArtifactScraper|Parsing artifact substat: atk+3.5%
2026-10-01 07:55:42.173|DEBUG|ArtifactScraper|Parsing artifact substat: hp+2.5%
2026-10-01 07:55:42.453|DEBUG|ArtifactScraper|Parsing artifact substat: critrate+2.1%
2026-10-01 07:55:42.453|DEBUG|ArtifactScraper|Parsing artifact substat: critdmg+4.2%
2026-10-01 07:55:42.453|DEBUG|ArtifactScraper|Parsing artifact substat: def+11
2026-10-01 07:55:42.453|DEBUG|ArtifactScraper|Parsing artifact substat: def+3.5%
2026-10-01 07:55:42.530|DEBUG|ArtifactScraper|Parsing artifact substat: elementalmastery+14
2026-10-01 07:55:42.530|DEBUG|ArtifactScraper|Parsing artifact substat: atk+7
2026-10-01 07:55:42.530|DEBUG|ArtifactScraper|Parsing artifact substat: def+8.3%
2026-10-01 07:55:42.530|DEBUG|ArtifactScraper|Parsing artifact substat: hp+115
2026-10-01 07:55:42.826|DEBUG|ArtifactScraper|Parsing artifact substat: elementalmastery+19
2026-10-01 07:55:42.826|DEBUG|ArtifactScraper|Parsing artifact substat: atk+16
2026-10-01 07:55:42.826|DEBUG|ArtifactScraper|Parsing artifact substat: energyrecharge+5.2%
2026-10-01 07:55:42.826|DEBUG|ArtifactScraper|Parsing artifact substat: def+42
2026-10-01 07:55:42.835|DEBUG|ArtifactScraper|Parsing artifact substat: critrate+6.2%
2026-10-01 07:55:42.835|DEBUG|ArtifactScraper|Parsing artifact substat: atk+5.8%
2026-10-01 07:55:42.835|DEBUG|ArtifactScraper|Parsing artifact substat: def+5.8%
2026-10-01 07:55:42.835|DEBUG|ArtifactScraper|Parsing artifact substat: critdmg+13.2%
2026-10-01 07:55:43.147|DEBUG|ArtifactScraper|Parsing artifact substat: atk+19
2026-10-01 07:55:43.147|DEBUG|ArtifactScraper|Parsing artifact substat: hp+4.7%
2026-10-01 07:55:43.147|DEBUG|ArtifactScraper|Parsing artifact substat: atk+8.7%
2026-10-01 07:55:43.147|DEBUG|ArtifactScraper|Parsing artifact substat: def+5.8%
2026-10-01 07:55:43.230|DEBUG|ArtifactScraper|Parsing artifact substat: uef+o.870
2026-10-01 07:55:43.230|DEBUG|ArtifactScraper|Failed to parse stat from: uef+o.870
2026-10-01 07:55:43.230|DEBUG|ArtifactScraper|Parsing artifact substat: critdmg+5.6%
2026-10-01 07:55:43.230|DEBUG|ArtifactScraper|Parsing artifact substat: hp+239
2026-10-01 07:55:43.610|DEBUG|ArtifactScraper|Parsing artifact substat: elementalmastery+14
2026-10-01 07:55:43.610|DEBUG|ArtifactScraper|Parsing artifact substat: hp+3.2%
2026-10-01 07:55:43.610|DEBUG|ArtifactScraper|Parsing artifact substat: def+3.5%
2026-10-01 07:55:43.787|DEBUG|ArtifactScraper|Parsing artifact substat: elementalmastery+14
2026-10-01 07:55:43.787|DEBUG|ArtifactScraper|Parsing artifact substat: energyrecharge+3.1%
2026-10-01 07:55:43.787|DEBUG|ArtifactScraper|Parsing artifact substat: def+9
2026-10-01 07:55:43.950|DEBUG|ArtifactScraper|Parsing artifact substat: def+21
2026-10-01 07:55:43.950|DEBUG|ArtifactScraper|Parsing artifact substat: hp+5.8%
2026-10-01 07:55:43.950|DEBUG|ArtifactScraper|Parsing artifact substat: energyrecharge+4.5%
2026-10-01 07:55:43.950|DEBUG|ArtifactScraper|Parsing artifact substat: atk+5.8%(unactivated)
2026-10-01 07:55:44.103|DEBUG|ArtifactScraper|Parsing artifact substat: energyrecharge+6.5%
2026-10-01 07:55:44.103|DEBUG|ArtifactScraper|Parsing artifact substat: atk+5.3%
2026-10-01 07:55:44.103|DEBUG|ArtifactScraper|Parsing artifact substat: def+19
2026-10-01 07:55:44.103|DEBUG|ArtifactScraper|Parsing artifact substat: elementalmastery+21
2026-10-01 07:55:44.273|DEBUG|ArtifactScraper|Parsing artifact substat: atk+5.3%
2026-10-01 07:55:44.273|DEBUG|ArtifactScraper|Parsing artifact substat: elementalmastery+16
2026-10-01 07:55:44.273|DEBUG|ArtifactScraper|Parsing artifact substat: atk+18
2026-10-01 07:55:44.273|DEBUG|ArtifactScraper|Parsing artifact substat: hp+4.7%(unactivated)
2026-10-01 07:55:44.339|DEBUG|ArtifactScraper|Finished queuing page of artifacts. Scrolling...
2026-10-01 07:55:44.395|DEBUG|ArtifactScraper|Parsing artifact substat: def+23
2026-10-01 07:55:44.395|DEBUG|ArtifactScraper|Parsing artifact substat: atk+14
2026-10-01 07:55:44.395|DEBUG|ArtifactScraper|Parsing artifact substat: def+5.8%
2026-10-01 07:55:44.395|DEBUG|ArtifactScraper|Parsing artifact substat: critdmg+7.0%(unactivated)
2026-10-01 07:55:44.550|DEBUG|ArtifactScraper|Parsing artifact substat: elementalmastery+23
2026-10-01 07:55:44.550|DEBUG|ArtifactScraper|Parsing artifact substat: def+19
2026-10-01 07:55:44.551|DEBUG|ArtifactScraper|Parsing artifact substat: energyrecharge+6.5%
2026-10-01 07:55:44.551|DEBUG|ArtifactScraper|Parsing artifact substat: atk+4.7%(unactivated)
2026-10-01 07:55:44.754|DEBUG|ArtifactScraper|Parsing artifact substat: hp+5.8%
2026-10-01 07:55:44.754|DEBUG|ArtifactScraper|Parsing artifact substat: atk+5.3%
2026-10-01 07:55:44.754|DEBUG|ArtifactScraper|Parsing artifact substat: hp+269
2026-10-01 07:55:44.754|DEBUG|ArtifactScraper|Parsing artifact substat: energyrecharge+5.8%
2026-10-01 07:55:46.874|DEBUG|ArtifactScraper|Scanning artifact page 7
2026-10-01 07:55:46.874|DEBUG|ArtifactScraper|Located 32 possible item locations on page.
2026-10-01 07:55:47.487|DEBUG|ArtifactScraper|Parsing artifact substat: hp+5.8%
2026-10-01 07:55:47.487|DEBUG|ArtifactScraper|Parsing artifact substat: energyrecharge+5.2%
2026-10-01 07:55:47.487|DEBUG|ArtifactScraper|Parsing artifact substat: def+6.6%
2026-10-01 07:55:47.487|DEBUG|ArtifactScraper|Parsing artifact substat: critrate+3.5%(unactivated)
2026-10-01 07:55:47.538|DEBUG|ArtifactScraper|Parsing artifact substat: energyrecharge+5.2%
2026-10-01 07:55:47.538|DEBUG|ArtifactScraper|Parsing artifact substat: hp+209
2026-10-01 07:55:47.538|DEBUG|ArtifactScraper|Parsing artifact substat: critrate+3.9%
2026-10-01 07:55:47.538|DEBUG|ArtifactScraper|Parsing artifact substat: def+5.8%(unactivated)
2026-10-01 07:55:47.882|DEBUG|ArtifactScraper|Parsing artifact substat: elementalmastery+16
2026-10-01 07:55:47.882|DEBUG|ArtifactScraper|Parsing artifact substat: def+21
2026-10-01 07:55:47.882|DEBUG|ArtifactScraper|Parsing artifact substat: atk+4.7%
2026-10-01 07:55:47.882|DEBUG|ArtifactScraper|Parsing artifact substat: hp+269(unactivated)
2026-10-01 07:55:47.895|DEBUG|ArtifactScraper|Parsing artifact substat: elementalmastery+16
2026-10-01 07:55:47.895|DEBUG|ArtifactScraper|Parsing artifact substat: def+23
2026-10-01 07:55:47.895|DEBUG|ArtifactScraper|Parsing artifact substat: energyrecharge+5.2%
2026-10-01 07:55:47.895|DEBUG|ArtifactScraper|Parsing artifact substat: hp+4.1%(unactivated)
2026-10-01 07:55:48.192|DEBUG|ArtifactScraper|Parsing artifact substat: atk+4.1%
2026-10-01 07:55:48.192|DEBUG|ArtifactScraper|Parsing artifact substat: hp+5.8%
2026-10-01 07:55:48.192|DEBUG|ArtifactScraper|Parsing artifact substat: def+5.8%
2026-10-01 07:55:48.192|DEBUG|ArtifactScraper|Parsing artifact substat: def+21(unactivated)
2026-10-01 07:55:48.306|DEBUG|ArtifactScraper|Parsing artifact substat: energyrecharge+6.5%
2026-10-01 07:55:48.306|DEBUG|ArtifactScraper|Parsing artifact substat: def+23
2026-10-01 07:55:48.306|DEBUG|ArtifactScraper|Parsing artifact substat: critdmg+6.2%
2026-10-01 07:55:48.306|DEBUG|ArtifactScraper|Parsing artifact substat: elementalmastery+23
2026-10-01 07:55:48.545|DEBUG|ArtifactScraper|Parsing artifact substat: def+16
2026-10-01 07:55:48.545|DEBUG|ArtifactScraper|Parsing artifact substat: hp+239
2026-10-01 07:55:48.545|DEBUG|ArtifactScraper|Parsing artifact substat: atk+14
2026-10-01 07:55:48.545|DEBUG|ArtifactScraper|Parsing artifact substat: hp+4.1%(unactivated)
2026-10-01 07:55:48.600|DEBUG|ArtifactScraper|Parsing artifact substat: energyrecharge+4.5%
2026-10-01 07:55:48.600|DEBUG|ArtifactScraper|Parsing artifact substat: atk+5.8%
2026-10-01 07:55:48.600|DEBUG|ArtifactScraper|Parsing artifact substat: def+5.8%
2026-10-01 07:55:48.600|DEBUG|ArtifactScraper|Parsing artifact substat: hp+209(unactivated)
2026-10-01 07:55:48.964|DEBUG|ArtifactScraper|Parsing artifact substat: elementalmastery+23
2026-10-01 07:55:48.964|DEBUG|ArtifactScraper|Parsing artifact substat: atk+4.7%
2026-10-01 07:55:48.964|DEBUG|ArtifactScraper|Parsing artifact substat: atk+14
2026-10-01 07:55:48.964|DEBUG|ArtifactScraper|Parsing artifact substat: critrate+3.1%(unactivated)
2026-10-01 07:55:49.005|DEBUG|ArtifactScraper|Parsing artifact substat: atk+5.8%
2026-10-01 07:55:49.005|DEBUG|ArtifactScraper|Parsing artifact substat: energyrecharge+6.5%
2026-10-01 07:55:49.005|DEBUG|ArtifactScraper|Parsing artifact substat: def+16
2026-10-01 07:55:49.005|DEBUG|ArtifactScraper|Parsing artifact substat: elementalmastery+21
2026-10-01 07:55:49.260|DEBUG|ArtifactScraper|Parsing artifact substat: atk+14
2026-10-01 07:55:49.260|DEBUG|ArtifactScraper|Parsing artifact substat: energyrecharge+4.5%
2026-10-01 07:55:49.260|DEBUG|ArtifactScraper|Parsing artifact substat: hp+239
2026-10-01 07:55:49.260|DEBUG|ArtifactScraper|Parsing artifact substat: def+5.1%
2026-10-01 07:55:49.397|DEBUG|ArtifactScraper|Parsing artifact substat: hp+239
2026-10-01 07:55:49.397|DEBUG|ArtifactScraper|Parsing artifact substat: elementalmastery+19
2026-10-01 07:55:49.397|DEBUG|ArtifactScraper|Parsing artifact substat: atk+14
2026-10-01 07:55:49.397|DEBUG|ArtifactScraper|Parsing artifact substat: critrate+2.7%(unactivated)
2026-10-01 07:55:49.726|DEBUG|ArtifactScraper|Parsing artifact substat: elementalmastery+19
2026-10-01 07:55:49.726|DEBUG|ArtifactScraper|Parsing artifact substat: atk+19
2026-10-01 07:55:49.726|DEBUG|ArtifactScraper|Parsing artifact substat: hp+299
2026-10-01 07:55:49.726|DEBUG|ArtifactScraper|Parsing artifact substat: critdmg+7.8%(unactivated)
2026-10-01 07:55:49.726|DEBUG|ArtifactScraper|Parsing artifact substat: energyrecharge+6.5%
2026-10-01 07:55:49.726|DEBUG|ArtifactScraper|Parsing artifact substat: critrate+3.5%
2026-10-01 07:55:49.726|DEBUG|ArtifactScraper|Parsing artifact substat: def+5.8%
2026-10-01 07:55:49.726|DEBUG|ArtifactScraper|Parsing artifact substat: atk+16(unactivated)
2026-10-01 07:55:50.118|DEBUG|ArtifactScraper|Parsing artifact substat: critdmg+7.8%
2026-10-01 07:55:50.118|DEBUG|ArtifactScraper|Parsing artifact substat: hp+209
2026-10-01 07:55:50.118|DEBUG|ArtifactScraper|Parsing artifact substat: atk+5.8%
2026-10-01 07:55:50.118|DEBUG|ArtifactScraper|Parsing artifact substat: energyrecharge+5.8%
2026-10-01 07:55:50.141|DEBUG|ArtifactScraper|Parsing artifact substat: def+21
2026-10-01 07:55:50.141|DEBUG|ArtifactScraper|Parsing artifact substat: critrate+3.9%
2026-10-01 07:55:50.141|DEBUG|ArtifactScraper|Parsing artifact substat: hp+269
2026-10-01 07:55:50.141|DEBUG|ArtifactScraper|Parsing artifact substat: atk+16
2026-10-01 07:55:50.473|DEBUG|ArtifactScraper|Parsing artifact substat: critrate+3.1%
2026-10-01 07:55:50.473|DEBUG|ArtifactScraper|Parsing artifact substat: atk+18
2026-10-01 07:55:50.473|DEBUG|ArtifactScraper|Parsing artifact substat: energyrecharge+6.5%
2026-10-01 07:55:50.473|DEBUG|ArtifactScraper|Parsing artifact substat: atk+4.1%(unactivated)
2026-10-01 07:55:50.570|DEBUG|ArtifactScraper|Parsing artifact substat: hp+299
2026-10-01 07:55:50.570|DEBUG|ArtifactScraper|Parsing artifact substat: def+6.6%
2026-10-01 07:55:50.570|DEBUG|ArtifactScraper|Parsing artifact substat: def+16
2026-10-01 07:55:50.570|DEBUG|ArtifactScraper|Parsing artifact substat: atk+5.8%(unactivated)
2026-10-01 07:55:50.874|DEBUG|ArtifactScraper|Parsing artifact substat: def+21
2026-10-01 07:55:50.874|DEBUG|ArtifactScraper|Parsing artifact substat: hp+5.3%
2026-10-01 07:55:50.874|DEBUG|ArtifactScraper|Parsing artifact substat: atk+4.1%
2026-10-01 07:55:50.874|DEBUG|ArtifactScraper|Parsing artifact substat: elementalmastery+23
2026-10-01 07:55:50.983|DEBUG|ArtifactScraper|Parsing artifact substat: atk+4.7%
2026-10-01 07:55:50.983|DEBUG|ArtifactScraper|Parsing artifact substat: energyrecharge+5.8%
2026-10-01 07:55:50.983|DEBUG|ArtifactScraper|Parsing artifact substat: atk+14
2026-10-01 07:55:50.983|DEBUG|ArtifactScraper|Parsing artifact substat: hp+239(unactivated)
2026-10-01 07:55:51.029|DEBUG|ArtifactScraper|Parsing artifact substat: hp+239
2026-10-01 07:55:51.029|DEBUG|ArtifactScraper|Parsing artifact substat: def+21
2026-10-01 07:55:51.029|DEBUG|ArtifactScraper|Parsing artifact substat: atk+19
2026-10-01 07:55:51.029|DEBUG|ArtifactScraper|Parsing artifact substat: def+5.8%(unactivated)
2026-10-01 07:55:51.350|DEBUG|ArtifactScraper|Parsing artifact substat: critrate+2.7%
2026-10-01 07:55:51.350|DEBUG|ArtifactScraper|Parsing artifact substat: def+5.8%
2026-10-01 07:55:51.350|DEBUG|ArtifactScraper|Parsing artifact substat: atk+4.1%
2026-10-01 07:55:51.350|DEBUG|ArtifactScraper|Parsing artifact substat: critdmg+5.4%(unactivated)
2026-10-01 07:55:51.415|DEBUG|ArtifactScraper|Parsing artifact substat: def+21
2026-10-01 07:55:51.415|DEBUG|ArtifactScraper|Parsing artifact substat: hp+4.1%
2026-10-01 07:55:51.415|DEBUG|ArtifactScraper|Parsing artifact substat: atk+4.7%
2026-10-01 07:55:51.415|DEBUG|ArtifactScraper|Parsing artifact substat: atk+14(unactivated)
2026-10-01 07:55:51.787|DEBUG|ArtifactScraper|Parsing artifact substat: elementalmastery+23
2026-10-01 07:55:51.787|DEBUG|ArtifactScraper|Parsing artifact substat: def+5.1%
2026-10-01 07:55:51.787|DEBUG|ArtifactScraper|Parsing artifact substat: energyrecharge+5.2%
2026-10-01 07:55:51.787|DEBUG|ArtifactScraper|Parsing artifact substat: atk+19(unactivated)
2026-10-01 07:55:51.878|DEBUG|ArtifactScraper|Parsing artifact substat: energyrecharge+6.5%
2026-10-01 07:55:51.878|DEBUG|ArtifactScraper|Parsing artifact substat: def+19
2026-10-01 07:55:51.878|DEBUG|ArtifactScraper|Parsing artifact substat: elementalmastery+19
2026-10-01 07:55:51.878|DEBUG|ArtifactScraper|Parsing artifact substat: critdmg+7.8%(unactivated)
2026-10-01 07:55:52.129|DEBUG|ArtifactScraper|Parsing artifact substat: hp+5.8%
2026-10-01 07:55:52.129|DEBUG|ArtifactScraper|Parsing artifact substat: critrate+3.1%
2026-10-01 07:55:52.129|DEBUG|ArtifactScraper|Parsing artifact substat: critdmg+7.8%
2026-10-01 07:55:52.129|DEBUG|ArtifactScraper|Parsing artifact substat: def+6.6%
2026-10-01 07:55:52.288|DEBUG|ArtifactScraper|Parsing artifact substat: elementalmastery+19
2026-10-01 07:55:52.288|DEBUG|ArtifactScraper|Parsing artifact substat: hp+299
2026-10-01 07:55:52.288|DEBUG|ArtifactScraper|Parsing artifact substat: def+23
2026-10-01 07:55:52.288|DEBUG|ArtifactScraper|Parsing artifact substat: energyrecharge+5.2%
2026-10-01 07:55:52.401|DEBUG|ArtifactScraper|Parsing artifact substat: energyrecharge+4.5%
2026-10-01 07:55:52.401|DEBUG|ArtifactScraper|Parsing artifact substat: hp+299
2026-10-01 07:55:52.401|DEBUG|ArtifactScraper|Parsing artifact substat: critdmg+5.4%
2026-10-01 07:55:52.401|DEBUG|ArtifactScraper|Parsing artifact substat: def+19(unactivated)
2026-10-01 07:55:52.590|DEBUG|ArtifactScraper|Parsing artifact substat: critrate+3.1%
2026-10-01 07:55:52.590|DEBUG|ArtifactScraper|Parsing artifact substat: hp+299
2026-10-01 07:55:52.590|DEBUG|ArtifactScraper|Parsing artifact substat: atk+5.8%
2026-10-01 07:55:52.590|DEBUG|ArtifactScraper|Parsing artifact substat: energyrecharge+4.5%
2026-10-01 07:55:52.638|DEBUG|ArtifactScraper|Finished queuing page of artifacts. Scrolling...
2026-10-01 07:55:52.786|DEBUG|ArtifactScraper|Parsing artifact substat: energyrecharge+4.5%
2026-10-01 07:55:52.786|DEBUG|ArtifactScraper|Parsing artifact substat: def+6.6%
2026-10-01 07:55:52.786|DEBUG|ArtifactScraper|Parsing artifact substat: critdmg+7.8%
2026-10-01 07:55:52.786|DEBUG|ArtifactScraper|Parsing artifact substat: elementalmastery+19
2026-10-01 07:55:52.902|DEBUG|ArtifactScraper|Parsing artifact substat: hp+299
2026-10-01 07:55:52.902|DEBUG|ArtifactScraper|Parsing artifact substat: energyrecharge+5.8%
2026-10-01 07:55:52.902|DEBUG|ArtifactScraper|Parsing artifact substat: def+21
2026-10-01 07:55:52.902|DEBUG|ArtifactScraper|Parsing artifact substat: critdmg+7.0%(unactivated)
2026-10-01 07:55:53.058|DEBUG|ArtifactScraper|Parsing artifact substat: hp+5.3%
2026-10-01 07:55:53.058|DEBUG|ArtifactScraper|Parsing artifact substat: energyrecharge+5.2%
2026-10-01 07:55:53.058|DEBUG|ArtifactScraper|Parsing artifact substat: def+19
2026-10-01 07:55:53.058|DEBUG|ArtifactScraper|Parsing artifact substat: def+6.6%(unactivated)
2026-10-01 07:55:55.196|DEBUG|ArtifactScraper|Scanning artifact page 8
2026-10-01 07:55:55.196|DEBUG|ArtifactScraper|Located 32 possible item locations on page.
2026-10-01 07:55:55.756|DEBUG|ArtifactScraper|Parsing artifact substat: critrate+3.1%
2026-10-01 07:55:55.756|DEBUG|ArtifactScraper|Parsing artifact substat: def+5.8%
2026-10-01 07:55:55.756|DEBUG|ArtifactScraper|Parsing artifact substat: energyrecharge+6.5%
2026-10-01 07:55:55.756|DEBUG|ArtifactScraper|Parsing artifact substat: def+23(unactivated)
2026-10-01 07:55:55.864|DEBUG|ArtifactScraper|Parsing artifact substat: hp+209
2026-10-01 07:55:55.864|DEBUG|ArtifactScraper|Parsing artifact substat: critrate+3.9%
2026-10-01 07:55:55.864|DEBUG|ArtifactScraper|Parsing artifact substat: atk+4.7%
2026-10-01 07:55:55.864|DEBUG|ArtifactScraper|Parsing artifact substat: energyrecharge+6.5%
2026-10-01 07:55:56.085|DEBUG|ArtifactScraper|Parsing artifact substat: def+5.8%
2026-10-01 07:55:56.085|DEBUG|ArtifactScraper|Parsing artifact substat: def+23
2026-10-01 07:55:56.085|DEBUG|ArtifactScraper|Parsing artifact substat: critrate+3.5%
2026-10-01 07:55:56.085|DEBUG|ArtifactScraper|Parsing artifact substat: hp+4.1%
2026-10-01 07:55:56.301|DEBUG|ArtifactScraper|Parsing artifact substat: atk+5.3%
2026-10-01 07:55:56.301|DEBUG|ArtifactScraper|Parsing artifact substat: def+21
2026-10-01 07:55:56.301|DEBUG|ArtifactScraper|Parsing artifact substat: elementalmastery+19
2026-10-01 07:55:56.301|DEBUG|ArtifactScraper|Parsing artifact substat: critdmg+7.8%
2026-10-01 07:55:56.442|DEBUG|ArtifactScraper|Parsing artifact substat: def+7.3%
2026-10-01 07:55:56.442|DEBUG|ArtifactScraper|Parsing artifact substat: def+21
2026-10-01 07:55:56.442|DEBUG|ArtifactScraper|Parsing artifact substat: critdmg+7.8%
2026-10-01 07:55:56.442|DEBUG|ArtifactScraper|Parsing artifact substat: hp+209(unactivated)
2026-10-01 07:55:56.727|DEBUG|ArtifactScraper|Parsing artifact substat: critrate+3.1%
2026-10-01 07:55:56.727|DEBUG|ArtifactScraper|Parsing artifact substat: hp+4.7%
2026-10-01 07:55:56.727|DEBUG|ArtifactScraper|Parsing artifact substat: def+6.6%
2026-10-01 07:55:56.727|DEBUG|ArtifactScraper|Parsing artifact substat: hp+299(unactivated)
2026-10-01 07:55:56.807|DEBUG|ArtifactScraper|Parsing artifact substat: critrate+3.9%
2026-10-01 07:55:56.807|DEBUG|ArtifactScraper|Parsing artifact substat: critdmg+5.4%
2026-10-01 07:55:56.807|DEBUG|ArtifactScraper|Parsing artifact substat: def+5.1%
2026-10-01 07:55:56.807|DEBUG|ArtifactScraper|Parsing artifact substat: hp+209(unactivated)
2026-10-01 07:55:57.162|DEBUG|ArtifactScraper|Parsing artifact substat: atk+16
2026-10-01 07:55:57.162|DEBUG|ArtifactScraper|Parsing artifact substat: def+16
2026-10-01 07:55:57.162|DEBUG|ArtifactScraper|Parsing artifact substat: hp+5.3%
2026-10-01 07:55:57.162|DEBUG|ArtifactScraper|Parsing artifact substat: hp+209(unactivated)
2026-10-01 07:55:57.191|DEBUG|ArtifactScraper|Parsing artifact substat: energyrecharge+5.8%
2026-10-01 07:55:57.192|DEBUG|ArtifactScraper|Parsing artifact substat: def+23
2026-10-01 07:55:57.192|DEBUG|ArtifactScraper|Parsing artifact substat: def+7.3%
2026-10-01 07:55:57.192|DEBUG|ArtifactScraper|Parsing artifact substat: atk+16(unactivated)
2026-10-01 07:55:57.540|DEBUG|ArtifactScraper|Parsing artifact substat: hp+239
2026-10-01 07:55:57.540|DEBUG|ArtifactScraper|Parsing artifact substat: hp+4.1%
2026-10-01 07:55:57.540|DEBUG|ArtifactScraper|Parsing artifact substat: energyrecharge+6.5%
2026-10-01 07:55:57.540|DEBUG|ArtifactScraper|Parsing artifact substat: atk+14(unactivated)
2026-10-01 07:55:57.652|DEBUG|ArtifactScraper|Parsing artifact substat: atk+18
2026-10-01 07:55:57.652|DEBUG|ArtifactScraper|Parsing artifact substat: hp+4.1%
2026-10-01 07:55:57.652|DEBUG|ArtifactScraper|Parsing artifact substat: hp+239
2026-10-01 07:55:57.652|DEBUG|ArtifactScraper|Parsing artifact substat: elementalmastery+21
2026-10-01 07:55:57.708|DEBUG|ArtifactScraper|Parsing artifact substat: elementalmastery+23
2026-10-01 07:55:57.708|DEBUG|ArtifactScraper|Parsing artifact substat: atk+5.3%
2026-10-01 07:55:57.708|DEBUG|ArtifactScraper|Parsing artifact substat: hp+269
2026-10-01 07:55:57.708|DEBUG|ArtifactScraper|Parsing artifact substat: def+19(unactivated)
2026-10-01 07:55:57.995|DEBUG|ArtifactScraper|Parsing artifact substat: atk+16
2026-10-01 07:55:57.995|DEBUG|ArtifactScraper|Parsing artifact substat: def+7.3%
2026-10-01 07:55:57.995|DEBUG|ArtifactScraper|Parsing artifact substat: elementalmastery+23
2026-10-01 07:55:57.995|DEBUG|ArtifactScraper|Parsing artifact substat: def+21(unactivated)
2026-10-01 07:55:58.115|DEBUG|ArtifactScraper|Parsing artifact substat: elementalmastery+19
2026-10-01 07:55:58.115|DEBUG|ArtifactScraper|Parsing artifact substat: atk+16
2026-10-01 07:55:58.115|DEBUG|ArtifactScraper|Parsing artifact substat: critdmg+6.2%
2026-10-01 07:55:58.115|DEBUG|ArtifactScraper|Parsing artifact substat: def+5.1%
2026-10-01 07:55:58.481|DEBUG|ArtifactScraper|Parsing artifact substat: atk+14
2026-10-01 07:55:58.481|DEBUG|ArtifactScraper|Parsing artifact substat: def+5.8%
2026-10-01 07:55:58.481|DEBUG|ArtifactScraper|Parsing artifact substat: elementalmastery+21
2026-10-01 07:55:58.481|DEBUG|ArtifactScraper|Parsing artifact substat: atk+4.7%(unactivated)
2026-10-01 07:55:58.488|DEBUG|ArtifactScraper|Parsing artifact substat: atk+5.3%
2026-10-01 07:55:58.488|DEBUG|ArtifactScraper|Parsing artifact substat: def+23
2026-10-01 07:55:58.488|DEBUG|ArtifactScraper|Parsing artifact substat: hp+5.8%
2026-10-01 07:55:58.488|DEBUG|ArtifactScraper|Parsing artifact substat: def+6.6%(unactivated)
2026-10-01 07:55:58.622|DEBUG|ArtifactScraper|Parsing artifact substat: def+19
2026-10-01 07:55:58.622|DEBUG|ArtifactScraper|Parsing artifact substat: hp+5.3%
2026-10-01 07:55:58.622|DEBUG|ArtifactScraper|Parsing artifact substat: elementalmastery+19
2026-10-01 07:55:58.622|DEBUG|ArtifactScraper|Parsing artifact substat: atk+18(unactivated)
2026-10-01 07:55:58.956|DEBUG|ArtifactScraper|Parsing artifact substat: energyrecharge+6.5%
2026-10-01 07:55:58.956|DEBUG|ArtifactScraper|Parsing artifact substat: def+16
2026-10-01 07:55:58.956|DEBUG|ArtifactScraper|Parsing artifact substat: hp+5.3%
2026-10-01 07:55:58.956|DEBUG|ArtifactScraper|Parsing artifact substat: atk+18(unactivated)
2026-10-01 07:55:58.995|DEBUG|ArtifactScraper|Parsing artifact substat: energyrecharge+5.8%
2026-10-01 07:55:58.995|DEBUG|ArtifactScraper|Parsing artifact substat: elementalmastery+16
2026-10-01 07:55:58.995|DEBUG|ArtifactScraper|Parsing artifact substat: hp+4.7%
2026-10-01 07:55:58.995|DEBUG|ArtifactScraper|Parsing artifact substat: critrate+3.1%(unactivated)
2026-10-01 07:55:59.327|DEBUG|ArtifactScraper|Parsing artifact substat: def+19
2026-10-01 07:55:59.327|DEBUG|ArtifactScraper|Parsing artifact substat: atk+4.1%
2026-10-01 07:55:59.327|DEBUG|ArtifactScraper|Parsing artifact substat: critdmg+7.8%
2026-10-01 07:55:59.327|DEBUG|ArtifactScraper|Parsing artifact substat: critrate+3.9%(unactivated)
2026-10-01 07:55:59.412|DEBUG|ArtifactScraper|Parsing artifact substat: elementalmastery+19
2026-10-01 07:55:59.412|DEBUG|ArtifactScraper|Parsing artifact substat: hp+4.7%
2026-10-01 07:55:59.412|DEBUG|ArtifactScraper|Parsing artifact substat: critdmg+7.8%
2026-10-01 07:55:59.412|DEBUG|ArtifactScraper|Parsing artifact substat: atk+5.3%(unactivated)
2026-10-01 07:55:59.767|DEBUG|ArtifactScraper|Parsing artifact substat: hp+299
2026-10-01 07:55:59.767|DEBUG|ArtifactScraper|Parsing artifact substat: def+5.8%
2026-10-01 07:55:59.767|DEBUG|ArtifactScraper|Parsing artifact substat: critrate+3.9%
2026-10-01 07:55:59.767|DEBUG|ArtifactScraper|Parsing artifact substat: atk+5.3%(unactivated)
2026-10-01 07:55:59.845|DEBUG|ArtifactScraper|Parsing artifact substat: elementalmastery+21
2026-10-01 07:55:59.845|DEBUG|ArtifactScraper|Parsing artifact substat: critdmg+7.0%
2026-10-01 07:55:59.845|DEBUG|ArtifactScraper|Parsing artifact substat: hp+5.8%
2026-10-01 07:55:59.845|DEBUG|ArtifactScraper|Parsing artifact substat: energyrecharge+5.8%
2026-10-01 07:55:59.909|DEBUG|ArtifactScraper|Parsing artifact substat: hp+209
2026-10-01 07:55:59.910|DEBUG|ArtifactScraper|Parsing artifact substat: def+7.3%
2026-10-01 07:55:59.910|DEBUG|ArtifactScraper|Parsing artifact substat: atk+19
2026-10-01 07:55:59.910|DEBUG|ArtifactScraper|Parsing artifact substat: elementalmastery+21
2026-10-01 07:56:00.275|DEBUG|ArtifactScraper|Parsing artifact substat: atk+19
2026-10-01 07:56:00.275|DEBUG|ArtifactScraper|Parsing artifact substat: def+16
2026-10-01 07:56:00.275|DEBUG|ArtifactScraper|Parsing artifact substat: hp+269
2026-10-01 07:56:00.275|DEBUG|ArtifactScraper|Parsing artifact substat: critrate+3.1%(unactivated)
2026-10-01 07:56:00.350|DEBUG|ArtifactScraper|Parsing artifact substat: hp+239
2026-10-01 07:56:00.350|DEBUG|ArtifactScraper|Parsing artifact substat: def+5.8%
2026-10-01 07:56:00.350|DEBUG|ArtifactScraper|Parsing artifact substat: atk+4.1%
2026-10-01 07:56:00.350|DEBUG|ArtifactScraper|Parsing artifact substat: def+21(unactivated)
2026-10-01 07:56:00.424|DEBUG|ArtifactScraper|Parsing artifact substat: hp+5.3%
2026-10-01 07:56:00.424|DEBUG|ArtifactScraper|Parsing artifact substat: hp+269
2026-10-01 07:56:00.424|DEBUG|ArtifactScraper|Parsing artifact substat: def+21
2026-10-01 07:56:00.424|DEBUG|ArtifactScraper|Parsing artifact substat: atk+18(unactivated)
2026-10-01 07:56:00.789|DEBUG|ArtifactScraper|Parsing artifact substat: energyrecharge+6.5%
2026-10-01 07:56:00.789|DEBUG|ArtifactScraper|Parsing artifact substat: critrate+3.1%
2026-10-01 07:56:00.789|DEBUG|ArtifactScraper|Parsing artifact substat: elementalmastery+21
2026-10-01 07:56:00.789|DEBUG|ArtifactScraper|Parsing artifact substat: atk+16(unactivated)
2026-10-01 07:56:00.814|DEBUG|ArtifactScraper|Parsing artifact substat: elementalmastery+23
2026-10-01 07:56:00.814|DEBUG|ArtifactScraper|Parsing artifact substat: atk+19
2026-10-01 07:56:00.814|DEBUG|ArtifactScraper|Parsing artifact substat: hp+5.3%
2026-10-01 07:56:00.814|DEBUG|ArtifactScraper|Parsing artifact substat: energyrecharge+6.5%
2026-10-01 07:56:00.903|DEBUG|ArtifactScraper|Finished queuing page of artifacts. Scrolling...
2026-10-01 07:56:01.130|DEBUG|ArtifactScraper|Parsing artifact substat: atk+14
2026-10-01 07:56:01.130|DEBUG|ArtifactScraper|Parsing artifact substat: hp+269
2026-10-01 07:56:01.130|DEBUG|ArtifactScraper|Parsing artifact substat: critrate+3.5%
2026-10-01 07:56:01.130|DEBUG|ArtifactScraper|Parsing artifact substat: energyrecharge+6.5%
2026-10-01 07:56:01.217|DEBUG|ArtifactScraper|Parsing artifact substat: atk+19
2026-10-01 07:56:01.217|DEBUG|ArtifactScraper|Parsing artifact substat: hp+269
2026-10-01 07:56:01.217|DEBUG|ArtifactScraper|Parsing artifact substat: hp+5.3%
2026-10-01 07:56:01.217|DEBUG|ArtifactScraper|Parsing artifact substat: elementalmastery+19
2026-10-01 07:56:01.479|DEBUG|ArtifactScraper|Parsing artifact substat: energyrecharge+4.5%
2026-10-01 07:56:01.479|DEBUG|ArtifactScraper|Parsing artifact substat: hp+239
2026-10-01 07:56:01.479|DEBUG|ArtifactScraper|Parsing artifact substat: critrate+3.1%
2026-10-01 07:56:01.479|DEBUG|ArtifactScraper|Parsing artifact substat: atk+14(unactivated)
2026-10-01 07:56:03.400|DEBUG|ArtifactScraper|Scanning artifact page 9
2026-10-01 07:56:03.400|DEBUG|ArtifactScraper|Located 32 possible item locations on page.
2026-10-01 07:56:03.923|DEBUG|ArtifactScraper|Parsing artifact substat: elementalmastery+23
2026-10-01 07:56:03.923|DEBUG|ArtifactScraper|Parsing artifact substat: atk+19
2026-10-01 07:56:03.925|DEBUG|ArtifactScraper|Parsing artifact substat: critrate+3.1%
2026-10-01 07:56:03.925|DEBUG|ArtifactScraper|Parsing artifact substat: critdmg+6.2%(unactivated)
2026-10-01 07:56:04.185|DEBUG|ArtifactScraper|Parsing artifact substat: atk+16
2026-10-01 07:56:04.185|DEBUG|ArtifactScraper|Parsing artifact substat: hp+299
2026-10-01 07:56:04.185|DEBUG|ArtifactScraper|Parsing artifact substat: energyrecharge+4.5%
2026-10-01 07:56:04.185|DEBUG|ArtifactScraper|Parsing artifact substat: def+21(unactivated)
2026-10-01 07:56:04.383|DEBUG|ArtifactScraper|Parsing artifact substat: elementalmastery+16
2026-10-01 07:56:04.383|DEBUG|ArtifactScraper|Parsing artifact substat: hp+269
2026-10-01 07:56:04.383|DEBUG|ArtifactScraper|Parsing artifact substat: atk+4.7%
2026-10-01 07:56:04.383|DEBUG|ArtifactScraper|Parsing artifact substat: atk+19
2026-10-01 07:56:04.515|DEBUG|ArtifactScraper|Parsing artifact substat: energyrecharge+5.2%
2026-10-01 07:56:04.515|DEBUG|ArtifactScraper|Parsing artifact substat: def+5.1%
2026-10-01 07:56:04.515|DEBUG|ArtifactScraper|Parsing artifact substat: def+21
2026-10-01 07:56:04.515|DEBUG|ArtifactScraper|Parsing artifact substat: elementalmastery+16
2026-10-01 07:56:04.848|DEBUG|ArtifactScraper|Parsing artifact substat: atk+5.8%
2026-10-01 07:56:04.848|DEBUG|ArtifactScraper|Parsing artifact substat: def+5.8%
2026-10-01 07:56:04.848|DEBUG|ArtifactScraper|Parsing artifact substat: def+21
2026-10-01 07:56:04.848|DEBUG|ArtifactScraper|Parsing artifact substat: hp+239(unactivated)
2026-10-01 07:56:04.903|DEBUG|ArtifactScraper|Parsing artifact substat: hp+239
2026-10-01 07:56:04.903|DEBUG|ArtifactScraper|Parsing artifact substat: def+21
2026-10-01 07:56:04.903|DEBUG|ArtifactScraper|Parsing artifact substat: energyrecharge+4.5%
2026-10-01 07:56:04.903|DEBUG|ArtifactScraper|Parsing artifact substat: atk+16(unactivated)
2026-10-01 07:56:05.172|DEBUG|ArtifactScraper|Parsing artifact substat: energyrecharge+5.2%
2026-10-01 07:56:05.172|DEBUG|ArtifactScraper|Parsing artifact substat: atk+16
2026-10-01 07:56:05.172|DEBUG|ArtifactScraper|Parsing artifact substat: def+23
2026-10-01 07:56:05.172|DEBUG|ArtifactScraper|Parsing artifact substat: critrate+2.7%(unactivated)
2026-10-01 07:56:05.288|DEBUG|ArtifactScraper|Parsing artifact substat: energyrecharge+5.8%
2026-10-01 07:56:05.288|DEBUG|ArtifactScraper|Parsing artifact substat: atk+18
2026-10-01 07:56:05.288|DEBUG|ArtifactScraper|Parsing artifact substat: elementalmastery+19
2026-10-01 07:56:05.288|DEBUG|ArtifactScraper|Parsing artifact substat: critrate+3.5%(unactivated)
2026-10-01 07:56:05.582|DEBUG|ArtifactScraper|Parsing artifact substat: hp+5.3%
2026-10-01 07:56:05.582|DEBUG|ArtifactScraper|Parsing artifact substat: atk+19
2026-10-01 07:56:05.582|DEBUG|ArtifactScraper|Parsing artifact substat: def+19
2026-10-01 07:56:05.582|DEBUG|ArtifactScraper|Parsing artifact substat: atk+4.1%(unactivated)
2026-10-01 07:56:05.605|DEBUG|ArtifactScraper|Parsing artifact substat: critrate+3.5%
2026-10-01 07:56:05.605|DEBUG|ArtifactScraper|Parsing artifact substat: def+7.3%
2026-10-01 07:56:05.605|DEBUG|ArtifactScraper|Parsing artifact substat: def+23
2026-10-01 07:56:05.605|DEBUG|ArtifactScraper|Parsing artifact substat: atk+4.7%(unactivated)
2026-10-01 07:56:05.741|DEBUG|ArtifactScraper|Parsing artifact substat: atk+5.3%
2026-10-01 07:56:05.741|DEBUG|ArtifactScraper|Parsing artifact substat: hp+4.7%
2026-10-01 07:56:05.741|DEBUG|ArtifactScraper|Parsing artifact substat: elementalmastery+23
2026-10-01 07:56:05.741|DEBUG|ArtifactScraper|Parsing artifact substat: critdmg+7.8%(unactivated)
2026-10-01 07:56:05.991|DEBUG|ArtifactScraper|Parsing artifact substat: atk+5.3%
2026-10-01 07:56:05.991|DEBUG|ArtifactScraper|Parsing artifact substat: def+16
2026-10-01 07:56:05.991|DEBUG|ArtifactScraper|Parsing artifact substat: hp+4.7%
2026-10-01 07:56:05.991|DEBUG|ArtifactScraper|Parsing artifact substat: critrate+3.9%
2026-10-01 07:56:05.991|DEBUG|ArtifactScraper|Parsing artifact substat: critrate+2.7%
2026-10-01 07:56:05.991|DEBUG|ArtifactScraper|Parsing artifact substat: critdmg+5.4%
2026-10-01 07:56:05.991|DEBUG|ArtifactScraper|Parsing artifact substat: def+5.1%
2026-10-01 07:56:05.991|DEBUG|ArtifactScraper|Parsing artifact substat: atk+4.7%(unactivated)
2026-10-01 07:56:06.390|DEBUG|ArtifactScraper|Parsing artifact substat: elementalmastery+21
2026-10-01 07:56:06.390|DEBUG|ArtifactScraper|Parsing artifact substat: hp+299
2026-10-01 07:56:06.390|DEBUG|ArtifactScraper|Parsing artifact substat: def+23
2026-10-01 07:56:06.390|DEBUG|ArtifactScraper|Parsing artifact substat: energyrecharge+5.8%
2026-10-01 07:56:06.419|DEBUG|ArtifactScraper|Parsing artifact substat: elementalmastery+23
2026-10-01 07:56:06.419|DEBUG|ArtifactScraper|Parsing artifact substat: critrate+3.5%
2026-10-01 07:56:06.419|DEBUG|ArtifactScraper|Parsing artifact substat: hp+5.8%
2026-10-01 07:56:06.419|DEBUG|ArtifactScraper|Parsing artifact substat: atk+14(unactivated)
2026-10-01 07:56:06.738|DEBUG|ArtifactScraper|Parsing artifact substat: elementalmastery+16
2026-10-01 07:56:06.738|DEBUG|ArtifactScraper|Parsing artifact substat: atk+18
2026-10-01 07:56:06.738|DEBUG|ArtifactScraper|Parsing artifact substat: energyrecharge+5.8%
2026-10-01 07:56:06.738|DEBUG|ArtifactScraper|Parsing artifact substat: critrate+3.9%
2026-10-01 07:56:06.808|DEBUG|ArtifactScraper|Parsing artifact substat: critrate+3.5%
2026-10-01 07:56:06.808|DEBUG|ArtifactScraper|Parsing artifact substat: def+21
2026-10-01 07:56:06.808|DEBUG|ArtifactScraper|Parsing artifact substat: atk+4.7%
2026-10-01 07:56:06.808|DEBUG|ArtifactScraper|Parsing artifact substat: elementalmastery+21
2026-10-01 07:56:06.830|DEBUG|ArtifactScraper|Parsing artifact substat: hp+4.1%
2026-10-01 07:56:06.830|DEBUG|ArtifactScraper|Parsing artifact substat: def+19
2026-10-01 07:56:06.830|DEBUG|ArtifactScraper|Parsing artifact substat: def+6.6%
2026-10-01 07:56:06.830|DEBUG|ArtifactScraper|Parsing artifact substat: elementalmastery+19
2026-10-01 07:56:07.159|DEBUG|ArtifactScraper|Parsing artifact substat: energyrecharge+5.2%
2026-10-01 07:56:07.159|DEBUG|ArtifactScraper|Parsing artifact substat: critrate+3.5%
2026-10-01 07:56:07.159|DEBUG|ArtifactScraper|Parsing artifact substat: hp+4.1%
2026-10-01 07:56:07.159|DEBUG|ArtifactScraper|Parsing artifact substat: hp+239(unactivated)
2026-10-01 07:56:07.207|DEBUG|ArtifactScraper|Parsing artifact substat: hp+5.3%
2026-10-01 07:56:07.207|DEBUG|ArtifactScraper|Parsing artifact substat: energyrecharge+4.5%
2026-10-01 07:56:07.207|DEBUG|ArtifactScraper|Parsing artifact substat: atk+14
2026-10-01 07:56:07.207|DEBUG|ArtifactScraper|Parsing artifact substat: def+21(unactivated)
2026-10-01 07:56:07.484|DEBUG|ArtifactScraper|Parsing artifact substat: def+7.3%
2026-10-01 07:56:07.484|DEBUG|ArtifactScraper|Parsing artifact substat: hp+209
2026-10-01 07:56:07.484|DEBUG|ArtifactScraper|Parsing artifact substat: critrate+2.7%
2026-10-01 07:56:07.484|DEBUG|ArtifactScraper|Parsing artifact substat: elementalmastery+19
2026-10-01 07:56:07.568|DEBUG|ArtifactScraper|Parsing artifact substat: critrate+3.1%
2026-10-01 07:56:07.568|DEBUG|ArtifactScraper|Parsing artifact substat: energyrecharge+5.8%
2026-10-01 07:56:07.568|DEBUG|ArtifactScraper|Parsing artifact substat: hp+4.7%
2026-10-01 07:56:07.568|DEBUG|ArtifactScraper|Parsing artifact substat: def+6.6%(unactivated)
2026-10-01 07:56:07.847|DEBUG|ArtifactScraper|Parsing artifact substat: hp+239
2026-10-01 07:56:07.847|DEBUG|ArtifactScraper|Parsing artifact substat: energyrecharge+5.8%
2026-10-01 07:56:07.847|DEBUG|ArtifactScraper|Parsing artifact substat: hp+5.3%
2026-10-01 07:56:07.847|DEBUG|ArtifactScraper|Parsing artifact substat: atk+5.3%
2026-10-01 07:56:07.856|DEBUG|ArtifactScraper|Parsing artifact substat: hp+239
2026-10-01 07:56:07.856|DEBUG|ArtifactScraper|Parsing artifact substat: elementalmastery+16
2026-10-01 07:56:07.856|DEBUG|ArtifactScraper|Parsing artifact substat: def+19
2026-10-01 07:56:07.856|DEBUG|ArtifactScraper|Parsing artifact substat: atk+14(unactivated)
2026-10-01 07:56:08.217|DEBUG|ArtifactScraper|Parsing artifact substat: critdmg+7.8%
2026-10-01 07:56:08.217|DEBUG|ArtifactScraper|Parsing artifact substat: atk+18
2026-10-01 07:56:08.217|DEBUG|ArtifactScraper|Parsing artifact substat: hp+209
2026-10-01 07:56:08.217|DEBUG|ArtifactScraper|Parsing artifact substat: elementalmastery+16
2026-10-01 07:56:08.237|DEBUG|ArtifactScraper|Parsing artifact substat: energyrecharge+5.2%
2026-10-01 07:56:08.237|DEBUG|ArtifactScraper|Parsing artifact substat: atk+18
2026-10-01 07:56:08.237|DEBUG|ArtifactScraper|Parsing artifact substat: elementalmastery+23
2026-10-01 07:56:08.237|DEBUG|ArtifactScraper|Parsing artifact substat: def+16
2026-10-01 07:56:08.478|DEBUG|ArtifactScraper|Parsing artifact substat: hp+4.1%
2026-10-01 07:56:08.478|DEBUG|ArtifactScraper|Parsing artifact substat: atk+18
2026-10-01 07:56:08.478|DEBUG|ArtifactScraper|Parsing artifact substat: def+21
2026-10-01 07:56:08.478|DEBUG|ArtifactScraper|Parsing artifact substat: critrate+3.9%(unactivated)
2026-10-01 07:56:08.582|DEBUG|ArtifactScraper|Parsing artifact substat: def+6.6%
2026-10-01 07:56:08.582|DEBUG|ArtifactScraper|Parsing artifact substat: atk+5.8%
2026-10-01 07:56:08.582|DEBUG|ArtifactScraper|Parsing artifact substat: critrate+2.7%
2026-10-01 07:56:08.582|DEBUG|ArtifactScraper|Parsing artifact substat: elementalmastery+23
2026-10-01 07:56:08.840|DEBUG|ArtifactScraper|Parsing artifact substat: atk+16
2026-10-01 07:56:08.840|DEBUG|ArtifactScraper|Parsing artifact substat: def+5.8%
2026-10-01 07:56:08.840|DEBUG|ArtifactScraper|Parsing artifact substat: def+19
2026-10-01 07:56:08.840|DEBUG|ArtifactScraper|Parsing artifact substat: atk+4.1%(unactivated)
2026-10-01 07:56:08.897|DEBUG|ArtifactScraper|Finished queuing page of artifacts. Scrolling...
2026-10-01 07:56:08.897|DEBUG|ArtifactScraper|Parsing artifact substat: elementalmastery+21
2026-10-01 07:56:08.897|DEBUG|ArtifactScraper|Parsing artifact substat: atk+16
2026-10-01 07:56:08.897|DEBUG|ArtifactScraper|Parsing artifact substat: def+21
2026-10-01 07:56:08.897|DEBUG|ArtifactScraper|Parsing artifact substat: critdmg+7.8%(unactivated)
2026-10-01 07:56:09.228|DEBUG|ArtifactScraper|Parsing artifact substat: hp+5.3%
2026-10-01 07:56:09.228|DEBUG|ArtifactScraper|Parsing artifact substat: elementalmastery+23
2026-10-01 07:56:09.228|DEBUG|ArtifactScraper|Parsing artifact substat: hp+269
2026-10-01 07:56:09.228|DEBUG|ArtifactScraper|Parsing artifact substat: critrate+3.1%
2026-10-01 07:56:09.258|DEBUG|ArtifactScraper|Parsing artifact substat: critdmg+5.4%
2026-10-01 07:56:09.258|DEBUG|ArtifactScraper|Parsing artifact substat: energyrecharge+4.5%
2026-10-01 07:56:09.258|DEBUG|ArtifactScraper|Parsing artifact substat: critrate+3.1%
2026-10-01 07:56:09.258|DEBUG|ArtifactScraper|Parsing artifact substat: def+5.1%(unactivated)
2026-10-01 07:56:11.061|DEBUG|ArtifactScraper|Scanning artifact page 10
2026-10-01 07:56:11.061|DEBUG|ArtifactScraper|Located 32 possible item locations on page.
2026-10-01 07:56:11.517|DEBUG|ArtifactScraper|Parsing artifact substat: def+23
2026-10-01 07:56:11.517|DEBUG|ArtifactScraper|Parsing artifact substat: hp+209
2026-10-01 07:56:11.517|DEBUG|ArtifactScraper|Parsing artifact substat: critdmg+7.8%
2026-10-01 07:56:11.517|DEBUG|ArtifactScraper|Parsing artifact substat: energyrecharge+5.2%
2026-10-01 07:56:11.852|DEBUG|ArtifactScraper|Parsing artifact substat: atk+5.8%
2026-10-01 07:56:11.852|DEBUG|ArtifactScraper|Parsing artifact substat: def+5.8%
2026-10-01 07:56:11.852|DEBUG|ArtifactScraper|Parsing artifact substat: critdmg+7.8%
2026-10-01 07:56:11.852|DEBUG|ArtifactScraper|Parsing artifact substat: hp+5.3%(unactivated)
2026-10-01 07:56:11.873|DEBUG|ArtifactScraper|Parsing artifact substat: critdmg+7.0%
2026-10-01 07:56:11.873|DEBUG|ArtifactScraper|Parsing artifact substat: def+19
2026-10-01 07:56:11.873|DEBUG|ArtifactScraper|Parsing artifact substat: def+6.6%
2026-10-01 07:56:11.873|DEBUG|ArtifactScraper|Parsing artifact substat: energyrecharge+5.8%
2026-10-01 07:56:12.188|DEBUG|ArtifactScraper|Parsing artifact substat: hp+299
2026-10-01 07:56:12.188|DEBUG|ArtifactScraper|Parsing artifact substat: critrate+2.7%
2026-10-01 07:56:12.188|DEBUG|ArtifactScraper|Parsing artifact substat: def+19
2026-10-01 07:56:12.188|DEBUG|ArtifactScraper|Parsing artifact substat: hp+5.3%(unactivated)
2026-10-01 07:56:12.219|DEBUG|ArtifactScraper|Parsing artifact substat: atk+5.8%
2026-10-01 07:56:12.219|DEBUG|ArtifactScraper|Parsing artifact substat: critdmg+6.2%
2026-10-01 07:56:12.219|DEBUG|ArtifactScraper|Parsing artifact substat: atk+19
2026-10-01 07:56:12.219|DEBUG|ArtifactScraper|Parsing artifact substat: elementalmastery+23
2026-10-01 07:56:12.509|DEBUG|ArtifactScraper|Parsing artifact substat: critrate+3.1%
2026-10-01 07:56:12.509|DEBUG|ArtifactScraper|Parsing artifact substat: hp+269
2026-10-01 07:56:12.509|DEBUG|ArtifactScraper|Parsing artifact substat: atk+4.1%
2026-10-01 07:56:12.509|DEBUG|ArtifactScraper|Parsing artifact substat: def+21(unactivated)
2026-10-01 07:56:12.632|DEBUG|ArtifactScraper|Parsing artifact substat: def+19
2026-10-01 07:56:12.632|DEBUG|ArtifactScraper|Parsing artifact substat: atk+4.7%
2026-10-01 07:56:12.632|DEBUG|ArtifactScraper|Parsing artifact substat: elementalmastery+21
2026-10-01 07:56:12.632|DEBUG|ArtifactScraper|Parsing artifact substat: hp+209(unactivated)
2026-10-01 07:56:12.822|DEBUG|ArtifactScraper|Parsing artifact substat: elementalmastery+19
2026-10-01 07:56:12.822|DEBUG|ArtifactScraper|Parsing artifact substat: atk+19
2026-10-01 07:56:12.822|DEBUG|ArtifactScraper|Parsing artifact substat: def+21
2026-10-01 07:56:12.822|DEBUG|ArtifactScraper|Parsing artifact substat: atk+5.3%(unactivated)
2026-10-01 07:56:13.029|DEBUG|ArtifactScraper|Parsing artifact substat: hp+299
2026-10-01 07:56:13.029|DEBUG|ArtifactScraper|Parsing artifact substat: elementalmastery+16
2026-10-01 07:56:13.029|DEBUG|ArtifactScraper|Parsing artifact substat: def+23
2026-10-01 07:56:13.029|DEBUG|ArtifactScraper|Parsing artifact substat: atk+4.1%(unactivated)
2026-10-01 07:56:13.173|DEBUG|ArtifactScraper|Parsing artifact substat: energyrecharge+5.8%
2026-10-01 07:56:13.173|DEBUG|ArtifactScraper|Parsing artifact substat: hp+209
2026-10-01 07:56:13.173|DEBUG|ArtifactScraper|Parsing artifact substat: atk+4.7%
2026-10-01 07:56:13.173|DEBUG|ArtifactScraper|Parsing artifact substat: def+6.6%(unactivated)
2026-10-01 07:56:13.437|DEBUG|ArtifactScraper|Parsing artifact substat: energyrecharge+4.5%
2026-10-01 07:56:13.437|DEBUG|ArtifactScraper|Parsing artifact substat: critrate+3.1%
2026-10-01 07:56:13.437|DEBUG|ArtifactScraper|Parsing artifact substat: atk+14
2026-10-01 07:56:13.437|DEBUG|ArtifactScraper|Parsing artifact substat: def+21(unactivated)
2026-10-01 07:56:13.485|DEBUG|ArtifactScraper|Parsing artifact substat: energyrecharge+6.5%
2026-10-01 07:56:13.485|DEBUG|ArtifactScraper|Parsing artifact substat: atk+18
2026-10-01 07:56:13.485|DEBUG|ArtifactScraper|Parsing artifact substat: hp+4.1%
2026-10-01 07:56:13.485|DEBUG|ArtifactScraper|Parsing artifact substat: elementalmastery+16
2026-10-01 07:56:13.860|DEBUG|ArtifactScraper|Parsing artifact substat: hp+269
2026-10-01 07:56:13.860|DEBUG|ArtifactScraper|Parsing artifact substat: atk+5.8%
2026-10-01 07:56:13.860|DEBUG|ArtifactScraper|Parsing artifact substat: def+7.3%
2026-10-01 07:56:13.860|DEBUG|ArtifactScraper|Parsing artifact substat: def+19(unactivated)
2026-10-01 07:56:13.872|DEBUG|ArtifactScraper|Parsing artifact substat: def+5.8%
2026-10-01 07:56:13.872|DEBUG|ArtifactScraper|Parsing artifact substat: def+21
2026-10-01 07:56:13.872|DEBUG|ArtifactScraper|Parsing artifact substat: atk+4.1%
2026-10-01 07:56:13.872|DEBUG|ArtifactScraper|Parsing artifact substat: elementalmastery+21
2026-10-01 07:56:14.221|DEBUG|ArtifactScraper|Parsing artifact substat: hp+239
2026-10-01 07:56:14.221|DEBUG|ArtifactScraper|Parsing artifact substat: hp+5.8%
2026-10-01 07:56:14.221|DEBUG|ArtifactScraper|Parsing artifact substat: def+19
2026-10-01 07:56:14.221|DEBUG|ArtifactScraper|Parsing artifact substat: energyrecharge+5.8%
2026-10-01 07:56:14.381|DEBUG|ArtifactScraper|Parsing artifact substat: def+5.1%
2026-10-01 07:56:14.381|DEBUG|ArtifactScraper|Parsing artifact substat: hp+209
2026-10-01 07:56:14.381|DEBUG|ArtifactScraper|Parsing artifact substat: critdmg+6.2%
2026-10-01 07:56:14.381|DEBUG|ArtifactScraper|Parsing artifact substat: atk+18
2026-10-01 07:56:14.466|DEBUG|ArtifactScraper|Parsing artifact substat: elementalmastery+19
2026-10-01 07:56:14.466|DEBUG|ArtifactScraper|Parsing artifact substat: energyrecharge+4.5%
2026-10-01 07:56:14.466|DEBUG|ArtifactScraper|Parsing artifact substat: def+23
2026-10-01 07:56:14.466|DEBUG|ArtifactScraper|Parsing artifact substat: critrate+3.1%(unactivated)
2026-10-01 07:56:14.716|DEBUG|ArtifactScraper|Parsing artifact substat: critdmg+7.8%
2026-10-01 07:56:14.716|DEBUG|ArtifactScraper|Parsing artifact substat: atk+19
2026-10-01 07:56:14.716|DEBUG|ArtifactScraper|Parsing artifact substat: atk+4.1%
2026-10-01 07:56:14.716|DEBUG|ArtifactScraper|Parsing artifact substat: hp+5.3%(unactivated)
2026-10-01 07:56:14.886|DEBUG|ArtifactScraper|Parsing artifact substat: def+5.8%
2026-10-01 07:56:14.886|DEBUG|ArtifactScraper|Parsing artifact substat: hp+4.7%
2026-10-01 07:56:14.886|DEBUG|ArtifactScraper|Parsing artifact substat: atk+18
2026-10-01 07:56:14.886|DEBUG|ArtifactScraper|Parsing artifact substat: hp+239(unactivated)
2026-10-01 07:56:14.979|DEBUG|ArtifactScraper|Parsing artifact substat: def+19
2026-10-01 07:56:14.979|DEBUG|ArtifactScraper|Parsing artifact substat: elementalmastery+21
2026-10-01 07:56:14.979|DEBUG|ArtifactScraper|Parsing artifact substat: hp+5.8%
2026-10-01 07:56:14.979|DEBUG|ArtifactScraper|Parsing artifact substat: critdmg+5.4%(unactivated)
2026-10-01 07:56:15.194|DEBUG|ArtifactScraper|Parsing artifact substat: atk+19
2026-10-01 07:56:15.194|DEBUG|ArtifactScraper|Parsing artifact substat: critdmg+5.4%
2026-10-01 07:56:15.194|DEBUG|ArtifactScraper|Parsing artifact substat: critrate+3.1%
2026-10-01 07:56:15.194|DEBUG|ArtifactScraper|Parsing artifact substat: elementalmastery+21
2026-10-01 07:56:15.378|DEBUG|ArtifactScraper|Parsing artifact substat: elementalmastery+23
2026-10-01 07:56:15.378|DEBUG|ArtifactScraper|Parsing artifact substat: def+16
2026-10-01 07:56:15.379|DEBUG|ArtifactScraper|Parsing artifact substat: hp+5.8%
2026-10-01 07:56:15.379|DEBUG|ArtifactScraper|Parsing artifact substat: def+6.6%
2026-10-01 07:56:15.475|DEBUG|ArtifactScraper|Parsing artifact substat: atk+18
2026-10-01 07:56:15.475|DEBUG|ArtifactScraper|Parsing artifact substat: def+21
2026-10-01 07:56:15.475|DEBUG|ArtifactScraper|Parsing artifact substat: def+7.3%
2026-10-01 07:56:15.475|DEBUG|ArtifactScraper|Parsing artifact substat: hp+5.3%(unactivated)
2026-10-01 07:56:15.700|DEBUG|ArtifactScraper|Parsing artifact substat: energyrecharge+5.2%
2026-10-01 07:56:15.700|DEBUG|ArtifactScraper|Parsing artifact substat: def+21
2026-10-01 07:56:15.700|DEBUG|ArtifactScraper|Parsing artifact substat: critdmg+7.0%
2026-10-01 07:56:15.700|DEBUG|ArtifactScraper|Parsing artifact substat: def+6.6%(unactivated)
2026-10-01 07:56:15.822|DEBUG|ArtifactScraper|Parsing artifact substat: hp+4.1%
2026-10-01 07:56:15.822|DEBUG|ArtifactScraper|Parsing artifact substat: critrate+2.7%
2026-10-01 07:56:15.822|DEBUG|ArtifactScraper|Parsing artifact substat: critdmg+6.2%
2026-10-01 07:56:15.822|DEBUG|ArtifactScraper|Parsing artifact substat: energyrecharge+4.5%
2026-10-01 07:56:16.169|DEBUG|ArtifactScraper|Parsing artifact substat: critdmg+6.2%
2026-10-01 07:56:16.169|DEBUG|ArtifactScraper|Parsing artifact substat: elementalmastery+21
2026-10-01 07:56:16.169|DEBUG|ArtifactScraper|Parsing artifact substat: def+23
2026-10-01 07:56:16.169|DEBUG|ArtifactScraper|Parsing artifact substat: critrate+2.7%(unactivated)
2026-10-01 07:56:16.184|DEBUG|ArtifactScraper|Parsing artifact substat: energyrecharge+4.5%
2026-10-01 07:56:16.184|DEBUG|ArtifactScraper|Parsing artifact substat: hp+4.1%
2026-10-01 07:56:16.184|DEBUG|ArtifactScraper|Parsing artifact substat: def+6.6%
2026-10-01 07:56:16.184|DEBUG|ArtifactScraper|Parsing artifact substat: def+19(unactivated)
2026-10-01 07:56:16.577|DEBUG|ArtifactScraper|Parsing artifact substat: energyrecharge+5.8%
2026-10-01 07:56:16.577|DEBUG|ArtifactScraper|Parsing artifact substat: hp+5.3%
2026-10-01 07:56:16.577|DEBUG|ArtifactScraper|Parsing artifact substat: def+6.6%
2026-10-01 07:56:16.577|DEBUG|ArtifactScraper|Parsing artifact substat: def+23(unactivated)
2026-10-01 07:56:16.587|DEBUG|ArtifactScraper|Parsing artifact substat: hp+269
2026-10-01 07:56:16.587|DEBUG|ArtifactScraper|Parsing artifact substat: def+6.6%
2026-10-01 07:56:16.587|DEBUG|ArtifactScraper|Parsing artifact substat: hp+5.8%
2026-10-01 07:56:16.587|DEBUG|ArtifactScraper|Parsing artifact substat: def+19(unactivated)
2026-10-01 07:56:16.629|DEBUG|ArtifactScraper|Finished queuing page of artifacts. Scrolling...
2026-10-01 07:56:16.942|DEBUG|ArtifactScraper|Parsing artifact substat: critdmg+7.0%
2026-10-01 07:56:16.942|DEBUG|ArtifactScraper|Parsing artifact substat: def+23
2026-10-01 07:56:16.942|DEBUG|ArtifactScraper|Parsing artifact substat: energyrecharge+5.2%
2026-10-01 07:56:16.942|DEBUG|ArtifactScraper|Parsing artifact substat: def+6.6%(unactivated)
2026-10-01 07:56:17.067|DEBUG|ArtifactScraper|Parsing artifact substat: def+5.1%
2026-10-01 07:56:17.067|DEBUG|ArtifactScraper|Parsing artifact substat: hp+5.8%
2026-10-01 07:56:17.067|DEBUG|ArtifactScraper|Parsing artifact substat: critrate+2.7%
2026-10-01 07:56:17.067|DEBUG|ArtifactScraper|Parsing artifact substat: hp+299(unactivated)
2026-10-01 07:56:17.067|DEBUG|ArtifactScraper|Parsing artifact substat: elementalmastery+19
2026-10-01 07:56:17.067|DEBUG|ArtifactScraper|Parsing artifact substat: hp+269
2026-10-01 07:56:17.067|DEBUG|ArtifactScraper|Parsing artifact substat: def+23
2026-10-01 07:56:17.067|DEBUG|ArtifactScraper|Parsing artifact substat: atk+19(unactivated)
2026-10-01 07:56:18.956|DEBUG|ArtifactScraper|Scanning artifact page 11
2026-10-01 07:56:18.956|DEBUG|ArtifactScraper|Located 32 possible item locations on page.
2026-10-01 07:56:19.439|DEBUG|ArtifactScraper|Parsing artifact substat: critdmg+7.0%
2026-10-01 07:56:19.439|DEBUG|ArtifactScraper|Parsing artifact substat: hp+209
2026-10-01 07:56:19.439|DEBUG|ArtifactScraper|Parsing artifact substat: def+21
2026-10-01 07:56:19.439|DEBUG|ArtifactScraper|Parsing artifact substat: atk+19(unactivated)
2026-10-01 07:56:19.697|DEBUG|ArtifactScraper|Parsing artifact substat: hp+5.8%
2026-10-01 07:56:19.697|DEBUG|ArtifactScraper|Parsing artifact substat: hp+239
2026-10-01 07:56:19.697|DEBUG|ArtifactScraper|Parsing artifact substat: elementalmastery+16
2026-10-01 07:56:19.697|DEBUG|ArtifactScraper|Parsing artifact substat: atk+16(unactivated)
2026-10-01 07:56:19.852|DEBUG|ArtifactScraper|Parsing artifact substat: hp+209
2026-10-01 07:56:19.852|DEBUG|ArtifactScraper|Parsing artifact substat: atk+14
2026-10-01 07:56:19.852|DEBUG|ArtifactScraper|Parsing artifact substat: critdmg+6.2%
2026-10-01 07:56:19.852|DEBUG|ArtifactScraper|Parsing artifact substat: def+23(unactivated)
2026-10-01 07:56:20.143|DEBUG|ArtifactScraper|Parsing artifact substat: elementalmastery+21
2026-10-01 07:56:20.143|DEBUG|ArtifactScraper|Parsing artifact substat: hp+209
2026-10-01 07:56:20.143|DEBUG|ArtifactScraper|Parsing artifact substat: hp+5.8%
2026-10-01 07:56:20.143|DEBUG|ArtifactScraper|Parsing artifact substat: atk+19
2026-10-01 07:56:20.368|DEBUG|ArtifactScraper|Parsing artifact substat: elementalmastery+23
2026-10-01 07:56:20.368|DEBUG|ArtifactScraper|Parsing artifact substat: def+7.3%
2026-10-01 07:56:20.368|DEBUG|ArtifactScraper|Parsing artifact substat: atk+4.7%
2026-10-01 07:56:20.368|DEBUG|ArtifactScraper|Parsing artifact substat: hp+209(unactivated)
2026-10-01 07:56:20.524|DEBUG|ArtifactScraper|Parsing artifact substat: hp+239
2026-10-01 07:56:20.524|DEBUG|ArtifactScraper|Parsing artifact substat: elementalmastery+21
2026-10-01 07:56:20.524|DEBUG|ArtifactScraper|Parsing artifact substat: critdmg+5.4%
2026-10-01 07:56:20.524|DEBUG|ArtifactScraper|Parsing artifact substat: hp+4.7%(unactivated)
2026-10-01 07:56:20.685|DEBUG|ArtifactScraper|Parsing artifact substat: def+21
2026-10-01 07:56:20.685|DEBUG|ArtifactScraper|Parsing artifact substat: atk+4.1%
2026-10-01 07:56:20.685|DEBUG|ArtifactScraper|Parsing artifact substat: energyrecharge+5.2%
2026-10-01 07:56:20.685|DEBUG|ArtifactScraper|Parsing artifact substat: hp+5.3%(unactivated)
2026-10-01 07:56:20.882|DEBUG|ArtifactScraper|Parsing artifact substat: def+16
2026-10-01 07:56:20.882|DEBUG|ArtifactScraper|Parsing artifact substat: atk+4.7%
2026-10-01 07:56:20.882|DEBUG|ArtifactScraper|Parsing artifact substat: hp+299
2026-10-01 07:56:20.882|DEBUG|ArtifactScraper|Parsing artifact substat: hp+4.7%(unactivated)
2026-10-01 07:56:21.075|DEBUG|ArtifactScraper|Parsing artifact substat: def+21
2026-10-01 07:56:21.075|DEBUG|ArtifactScraper|Parsing artifact substat: atk+16
2026-10-01 07:56:21.075|DEBUG|ArtifactScraper|Parsing artifact substat: atk+5.8%
2026-10-01 07:56:21.075|DEBUG|ArtifactScraper|Parsing artifact substat: critrate+2.7%(unactivated)
2026-10-01 07:56:21.268|DEBUG|ArtifactScraper|Parsing artifact substat: hp+269
2026-10-01 07:56:21.268|DEBUG|ArtifactScraper|Parsing artifact substat: elementalmastery+16
2026-10-01 07:56:21.268|DEBUG|ArtifactScraper|Parsing artifact substat: critrate+2.7%
2026-10-01 07:56:21.269|DEBUG|ArtifactScraper|Parsing artifact substat: critdmg+5.4%(unactivated)
2026-10-01 07:56:21.448|DEBUG|ArtifactScraper|Parsing artifact substat: atk+14
2026-10-01 07:56:21.448|DEBUG|ArtifactScraper|Parsing artifact substat: energyrecharge+5.2%
2026-10-01 07:56:21.448|DEBUG|ArtifactScraper|Parsing artifact substat: def+5.8%
2026-10-01 07:56:21.448|DEBUG|ArtifactScraper|Parsing artifact substat: elementalmastery+21
2026-10-01 07:56:21.613|DEBUG|ArtifactScraper|Parsing artifact substat: def+16
2026-10-01 07:56:21.613|DEBUG|ArtifactScraper|Parsing artifact substat: hp+209
2026-10-01 07:56:21.613|DEBUG|ArtifactScraper|Parsing artifact substat: elementalmastery+21
2026-10-01 07:56:21.613|DEBUG|ArtifactScraper|Parsing artifact substat: atk+5.8%
2026-10-01 07:56:21.829|DEBUG|ArtifactScraper|Parsing artifact substat: def+7.3%
2026-10-01 07:56:21.829|DEBUG|ArtifactScraper|Parsing artifact substat: critrate+3.1%
2026-10-01 07:56:21.829|DEBUG|ArtifactScraper|Parsing artifact substat: hp+4.1%
2026-10-01 07:56:21.829|DEBUG|ArtifactScraper|Parsing artifact substat: energyrecharge+5.8%
2026-10-01 07:56:22.007|DEBUG|ArtifactScraper|Parsing artifact substat: critrate+3.1%
2026-10-01 07:56:22.007|DEBUG|ArtifactScraper|Parsing artifact substat: def+21
2026-10-01 07:56:22.007|DEBUG|ArtifactScraper|Parsing artifact substat: critdmg+6.2%
2026-10-01 07:56:22.007|DEBUG|ArtifactScraper|Parsing artifact substat: atk+18(unactivated)
2026-10-01 07:56:22.244|DEBUG|ArtifactScraper|Parsing artifact substat: elementalmastery+19
2026-10-01 07:56:22.244|DEBUG|ArtifactScraper|Parsing artifact substat: hp+4.1%
2026-10-01 07:56:22.244|DEBUG|ArtifactScraper|Parsing artifact substat: def+21
2026-10-01 07:56:22.244|DEBUG|ArtifactScraper|Parsing artifact substat: energyrecharge+4.5%
2026-10-01 07:56:22.470|DEBUG|ArtifactScraper|Parsing artifact substat: atk+4.7%
2026-10-01 07:56:22.470|DEBUG|ArtifactScraper|Parsing artifact substat: hp+4.1%
2026-10-01 07:56:22.470|DEBUG|ArtifactScraper|Parsing artifact substat: elementalmastery+19
2026-10-01 07:56:22.470|DEBUG|ArtifactScraper|Parsing artifact substat: critrate+3.5%(unactivated)
2026-10-01 07:56:22.588|DEBUG|ArtifactScraper|Parsing artifact substat: atk+18
2026-10-01 07:56:22.588|DEBUG|ArtifactScraper|Parsing artifact substat: def+7.3%
2026-10-01 07:56:22.588|DEBUG|ArtifactScraper|Parsing artifact substat: atk+5.8%
2026-10-01 07:56:22.588|DEBUG|ArtifactScraper|Parsing artifact substat: energyrecharge+4.5%
2026-10-01 07:56:22.835|DEBUG|ArtifactScraper|Parsing artifact substat: def+21
2026-10-01 07:56:22.835|DEBUG|ArtifactScraper|Parsing artifact substat: atk+16
2026-10-01 07:56:22.835|DEBUG|ArtifactScraper|Parsing artifact substat: energyrecharge+6.5%
2026-10-01 07:56:22.835|DEBUG|ArtifactScraper|Parsing artifact substat: critrate+3.5%(unactivated)
2026-10-01 07:56:23.074|DEBUG|ArtifactScraper|Parsing artifact substat: elementalmastery+23
2026-10-01 07:56:23.074|DEBUG|ArtifactScraper|Parsing artifact substat: energyrecharge+4.5%
2026-10-01 07:56:23.074|DEBUG|ArtifactScraper|Parsing artifact substat: hp+5.3%
2026-10-01 07:56:23.074|DEBUG|ArtifactScraper|Parsing artifact substat: critrate+2.7%(unactivated)
2026-10-01 07:56:23.142|DEBUG|ArtifactScraper|Parsing artifact substat: energyrecharge+4.5%
2026-10-01 07:56:23.142|DEBUG|ArtifactScraper|Parsing artifact substat: atk+5.3%
2026-10-01 07:56:23.142|DEBUG|ArtifactScraper|Parsing artifact substat: hp+4.7%
2026-10-01 07:56:23.142|DEBUG|ArtifactScraper|Parsing artifact substat: critdmg+5.4%(unactivated)
2026-10-01 07:56:23.910|DEBUG|ArtifactScraper|Parsing artifact substat: atk+4.1%
2026-10-01 07:56:23.910|DEBUG|ArtifactScraper|Parsing artifact substat: def+23
2026-10-01 07:56:23.910|DEBUG|ArtifactScraper|Parsing artifact substat: energyrecharge+6.5%
2026-10-01 07:56:23.910|DEBUG|ArtifactScraper|Parsing artifact substat: hp+269(unactivated)
2026-10-01 07:56:23.933|DEBUG|ArtifactScraper|Parsing artifact substat: def+5.8%
2026-10-01 07:56:23.933|DEBUG|ArtifactScraper|Parsing artifact substat: hp+269
2026-10-01 07:56:23.933|DEBUG|ArtifactScraper|Parsing artifact substat: def+16
2026-10-01 07:56:23.933|DEBUG|ArtifactScraper|Parsing artifact substat: hp+4.7%(unactivated)
2026-10-01 07:56:23.957|DEBUG|ArtifactScraper|Parsing artifact substat: atk+4.7%
2026-10-01 07:56:23.957|DEBUG|ArtifactScraper|Parsing artifact substat: def+7.3%
2026-10-01 07:56:23.957|DEBUG|ArtifactScraper|Parsing artifact substat: def+23
2026-10-01 07:56:23.957|DEBUG|ArtifactScraper|Parsing artifact substat: critrate+3.5%(unactivated)
2026-10-01 07:56:24.468|DEBUG|ArtifactScraper|Parsing artifact substat: hp+239
2026-10-01 07:56:24.468|DEBUG|ArtifactScraper|Parsing artifact substat: def+21
2026-10-01 07:56:24.468|DEBUG|ArtifactScraper|Parsing artifact substat: critrate+2.7%
2026-10-01 07:56:24.468|DEBUG|ArtifactScraper|Parsing artifact substat: critdmg+5.4%
2026-10-01 07:56:24.490|DEBUG|ArtifactScraper|Parsing artifact substat: atk+18
2026-10-01 07:56:24.490|DEBUG|ArtifactScraper|Parsing artifact substat: atk+5.8%
2026-10-01 07:56:24.490|DEBUG|ArtifactScraper|Parsing artifact substat: def+7.3%
2026-10-01 07:56:24.490|DEBUG|ArtifactScraper|Parsing artifact substat: elementalmastery+16
2026-10-01 07:56:24.563|DEBUG|ArtifactScraper|Parsing artifact substat: critdmg+6.2%
2026-10-01 07:56:24.563|DEBUG|ArtifactScraper|Parsing artifact substat: elementalmastery+19
2026-10-01 07:56:24.563|DEBUG|ArtifactScraper|Parsing artifact substat: hp+269
2026-10-01 07:56:24.563|DEBUG|ArtifactScraper|Parsing artifact substat: critrate+3.1%(unactivated)
2026-10-01 07:56:24.795|DEBUG|ArtifactScraper|Finished queuing page of artifacts. Scrolling...
2026-10-01 07:56:24.940|DEBUG|ArtifactScraper|Parsing artifact substat: energyrecharge+6.5%
2026-10-01 07:56:24.941|DEBUG|ArtifactScraper|Parsing artifact substat: hp+5.3%
2026-10-01 07:56:24.941|DEBUG|ArtifactScraper|Parsing artifact substat: atk+19
2026-10-01 07:56:24.941|DEBUG|ArtifactScraper|Parsing artifact substat: def+16
2026-10-01 07:56:24.972|DEBUG|ArtifactScraper|Parsing artifact substat: hp+209
2026-10-01 07:56:24.972|DEBUG|ArtifactScraper|Parsing artifact substat: energyrecharge+5.2%
2026-10-01 07:56:24.972|DEBUG|ArtifactScraper|Parsing artifact substat: def+7.3%
2026-10-01 07:56:24.972|DEBUG|ArtifactScraper|Parsing artifact substat: hp+4.7%(unactivated)
2026-10-01 07:56:25.039|DEBUG|ArtifactScraper|Parsing artifact substat: critrate+3.5%
2026-10-01 07:56:25.039|DEBUG|ArtifactScraper|Parsing artifact substat: hp+209
2026-10-01 07:56:25.039|DEBUG|ArtifactScraper|Parsing artifact substat: hp+4.7%
2026-10-01 07:56:25.039|DEBUG|ArtifactScraper|Parsing artifact substat: elementalmastery+23
2026-10-01 07:56:25.426|DEBUG|ArtifactScraper|Parsing artifact substat: energyrecharge+6.5%
2026-10-01 07:56:25.426|DEBUG|ArtifactScraper|Parsing artifact substat: critrate+3.5%
2026-10-01 07:56:25.426|DEBUG|ArtifactScraper|Parsing artifact substat: def+23
2026-10-01 07:56:25.426|DEBUG|ArtifactScraper|Parsing artifact substat: elementalmastery+16
2026-10-01 07:56:25.450|DEBUG|ArtifactScraper|Parsing artifact substat: hp+239
2026-10-01 07:56:25.450|DEBUG|ArtifactScraper|Parsing artifact substat: def+21
2026-10-01 07:56:25.450|DEBUG|ArtifactScraper|Parsing artifact substat: critdmg+7.0%
2026-10-01 07:56:25.450|DEBUG|ArtifactScraper|Parsing artifact substat: def+5.1%(unactivated)
2026-10-01 07:56:25.469|DEBUG|ArtifactScraper|Parsing artifact substat: def+21
2026-10-01 07:56:25.469|DEBUG|ArtifactScraper|Parsing artifact substat: hp+269
2026-10-01 07:56:25.469|DEBUG|ArtifactScraper|Parsing artifact substat: hp+4.7%
2026-10-01 07:56:25.469|DEBUG|ArtifactScraper|Parsing artifact substat: def+5.1%(unactivated)
2026-10-01 07:56:27.267|DEBUG|ArtifactScraper|Scanning artifact page 12
2026-10-01 07:56:27.267|DEBUG|ArtifactScraper|Located 32 possible item locations on page.
2026-10-01 07:56:27.881|DEBUG|ArtifactScraper|Parsing artifact substat: hp+269
2026-10-01 07:56:27.881|DEBUG|ArtifactScraper|Parsing artifact substat: def+23
2026-10-01 07:56:27.881|DEBUG|ArtifactScraper|Parsing artifact substat: atk+4.1%
2026-10-01 07:56:27.881|DEBUG|ArtifactScraper|Parsing artifact substat: hp+4.1%(unactivated)
2026-10-01 07:56:27.922|DEBUG|ArtifactScraper|Parsing artifact substat: def+23
2026-10-01 07:56:27.922|DEBUG|ArtifactScraper|Parsing artifact substat: energyrecharge+5.2%
2026-10-01 07:56:27.922|DEBUG|ArtifactScraper|Parsing artifact substat: atk+18
2026-10-01 07:56:27.922|DEBUG|ArtifactScraper|Parsing artifact substat: hp+209(unactivated)
2026-10-01 07:56:28.203|DEBUG|ArtifactScraper|Parsing artifact substat: atk+16
2026-10-01 07:56:28.203|DEBUG|ArtifactScraper|Parsing artifact substat: critrate+2.7%
2026-10-01 07:56:28.203|DEBUG|ArtifactScraper|Parsing artifact substat: def+6.6%
2026-10-01 07:56:28.203|DEBUG|ArtifactScraper|Parsing artifact substat: hp+299(unactivated)
2026-10-01 07:56:28.312|DEBUG|ArtifactScraper|Parsing artifact substat: elementalmastery+16
2026-10-01 07:56:28.312|DEBUG|ArtifactScraper|Parsing artifact substat: atk+18
2026-10-01 07:56:28.312|DEBUG|ArtifactScraper|Parsing artifact substat: def+23
2026-10-01 07:56:28.312|DEBUG|ArtifactScraper|Parsing artifact substat: critdmg+7.0%(unactivated)
2026-10-01 07:56:28.601|DEBUG|ArtifactScraper|Parsing artifact substat: atk+18
2026-10-01 07:56:28.601|DEBUG|ArtifactScraper|Parsing artifact substat: def+16
2026-10-01 07:56:28.601|DEBUG|ArtifactScraper|Parsing artifact substat: hp+299
2026-10-01 07:56:28.601|DEBUG|ArtifactScraper|Parsing artifact substat: critdmg+7.0%(unactivated)
2026-10-01 07:56:28.750|DEBUG|ArtifactScraper|Parsing artifact substat: critdmg+7.8%
2026-10-01 07:56:28.750|DEBUG|ArtifactScraper|Parsing artifact substat: hp+4.1%
2026-10-01 07:56:28.750|DEBUG|ArtifactScraper|Parsing artifact substat: def+5.1%
2026-10-01 07:56:28.750|DEBUG|ArtifactScraper|Parsing artifact substat: critrate+3.5%
2026-10-01 07:56:28.916|DEBUG|ArtifactScraper|Parsing artifact substat: hp+5.3%
2026-10-01 07:56:28.916|DEBUG|ArtifactScraper|Parsing artifact substat: atk+4.7%
2026-10-01 07:56:28.916|DEBUG|ArtifactScraper|Parsing artifact substat: atk+18
2026-10-01 07:56:28.916|DEBUG|ArtifactScraper|Parsing artifact substat: hp+239(unactivated)
2026-10-01 07:56:29.023|DEBUG|ArtifactScraper|Parsing artifact substat: hp+299
2026-10-01 07:56:29.023|DEBUG|ArtifactScraper|Parsing artifact substat: atk+19
2026-10-01 07:56:29.023|DEBUG|ArtifactScraper|Parsing artifact substat: elementalmastery+16
2026-10-01 07:56:29.023|DEBUG|ArtifactScraper|Parsing artifact substat: def+23
2026-10-01 07:56:29.323|DEBUG|ArtifactScraper|Parsing artifact substat: hp+5.3%
2026-10-01 07:56:29.323|DEBUG|ArtifactScraper|Parsing artifact substat: atk+16
2026-10-01 07:56:29.323|DEBUG|ArtifactScraper|Parsing artifact substat: def+6.6%
2026-10-01 07:56:29.323|DEBUG|ArtifactScraper|Parsing artifact substat: energyrecharge+4.5%
2026-10-01 07:56:29.490|DEBUG|ArtifactScraper|Parsing artifact substat: critrate+3.5%
2026-10-01 07:56:29.490|DEBUG|ArtifactScraper|Parsing artifact substat: def+23
2026-10-01 07:56:29.490|DEBUG|ArtifactScraper|Parsing artifact substat: elementalmastery+16
2026-10-01 07:56:29.490|DEBUG|ArtifactScraper|Parsing artifact substat: def+5.8%(unactivated)
2026-10-01 07:56:29.711|DEBUG|ArtifactScraper|Parsing artifact substat: def+23
2026-10-01 07:56:29.711|DEBUG|ArtifactScraper|Parsing artifact substat: critrate+2.7%
2026-10-01 07:56:29.711|DEBUG|ArtifactScraper|Parsing artifact substat: hp+209
2026-10-01 07:56:29.711|DEBUG|ArtifactScraper|Parsing artifact substat: elementalmastery+19
2026-10-01 07:56:29.803|DEBUG|ArtifactScraper|Parsing artifact substat: energyrecharge+6.5%
2026-10-01 07:56:29.803|DEBUG|ArtifactScraper|Parsing artifact substat: def+19
2026-10-01 07:56:29.803|DEBUG|ArtifactScraper|Parsing artifact substat: elementalmastery+16
2026-10-01 07:56:29.803|DEBUG|ArtifactScraper|Parsing artifact substat: atk+5.3%(unactivated)
2026-10-01 07:56:30.155|DEBUG|ArtifactScraper|Parsing artifact substat: def+16
2026-10-01 07:56:30.155|DEBUG|ArtifactScraper|Parsing artifact substat: def+5.1%
2026-10-01 07:56:30.155|DEBUG|ArtifactScraper|Parsing artifact substat: energyrecharge+4.5%
2026-10-01 07:56:30.155|DEBUG|ArtifactScraper|Parsing artifact substat: elementalmastery+23
2026-10-01 07:56:30.189|DEBUG|ArtifactScraper|Parsing artifact substat: energyrecharge+5.8%
2026-10-01 07:56:30.189|DEBUG|ArtifactScraper|Parsing artifact substat: hp+5.3%
2026-10-01 07:56:30.189|DEBUG|ArtifactScraper|Parsing artifact substat: atk+14
2026-10-01 07:56:30.189|DEBUG|ArtifactScraper|Parsing artifact substat: hp+299(unactivated)
2026-10-01 07:56:30.489|DEBUG|ArtifactScraper|Parsing artifact substat: def+16
2026-10-01 07:56:30.489|DEBUG|ArtifactScraper|Parsing artifact substat: atk+19
2026-10-01 07:56:30.489|DEBUG|ArtifactScraper|Parsing artifact substat: critrate+3.5%
2026-10-01 07:56:30.489|DEBUG|ArtifactScraper|Parsing artifact substat: atk+5.8%(unactivated)
2026-10-01 07:56:30.578|DEBUG|ArtifactScraper|Parsing artifact substat: def+19
2026-10-01 07:56:30.578|DEBUG|ArtifactScraper|Parsing artifact substat: atk+16
2026-10-01 07:56:30.578|DEBUG|ArtifactScraper|Parsing artifact substat: critdmg+7.0%
2026-10-01 07:56:30.578|DEBUG|ArtifactScraper|Parsing artifact substat: elementalmastery+23
2026-10-01 07:56:30.855|DEBUG|ArtifactScraper|Parsing artifact substat: def+5.1%
2026-10-01 07:56:30.855|DEBUG|ArtifactScraper|Parsing artifact substat: def+23
2026-10-01 07:56:30.855|DEBUG|ArtifactScraper|Parsing artifact substat: atk+18
2026-10-01 07:56:30.855|DEBUG|ArtifactScraper|Parsing artifact substat: hp+4.7%
2026-10-01 07:56:30.919|DEBUG|ArtifactScraper|Parsing artifact substat: hp+5.3%
2026-10-01 07:56:30.919|DEBUG|ArtifactScraper|Parsing artifact substat: def+23
2026-10-01 07:56:30.919|DEBUG|ArtifactScraper|Parsing artifact substat: elementalmastery+16
2026-10-01 07:56:30.919|DEBUG|ArtifactScraper|Parsing artifact substat: energyrecharge+6.5%
2026-10-01 07:56:31.327|DEBUG|ArtifactScraper|Parsing artifact substat: critdmg+7.0%
2026-10-01 07:56:31.327|DEBUG|ArtifactScraper|Parsing artifact substat: energyrecharge+4.5%
2026-10-01 07:56:31.327|DEBUG|ArtifactScraper|Parsing artifact substat: atk+18
2026-10-01 07:56:31.327|DEBUG|ArtifactScraper|Parsing artifact substat: hp+4.7%
2026-10-01 07:56:31.374|DEBUG|ArtifactScraper|Parsing artifact substat: energyrecharge+5.8%
2026-10-01 07:56:31.374|DEBUG|ArtifactScraper|Parsing artifact substat: def+16
2026-10-01 07:56:31.374|DEBUG|ArtifactScraper|Parsing artifact substat: hp+5.3%
2026-10-01 07:56:31.374|DEBUG|ArtifactScraper|Parsing artifact substat: atk+5.8%(unactivated)
2026-10-01 07:56:31.404|DEBUG|ArtifactScraper|Parsing artifact substat: atk+16
2026-10-01 07:56:31.404|DEBUG|ArtifactScraper|Parsing artifact substat: critdmg+5.4%
2026-10-01 07:56:31.404|DEBUG|ArtifactScraper|Parsing artifact substat: def+6.6%
2026-10-01 07:56:31.404|DEBUG|ArtifactScraper|Parsing artifact substat: hp+5.8%(unactivated)
2026-10-01 07:56:31.793|DEBUG|ArtifactScraper|Parsing artifact substat: energyrecharge+4.5%
2026-10-01 07:56:31.793|DEBUG|ArtifactScraper|Parsing artifact substat: def+5.8%
2026-10-01 07:56:31.793|DEBUG|ArtifactScraper|Parsing artifact substat: atk+19
2026-10-01 07:56:31.793|DEBUG|ArtifactScraper|Parsing artifact substat: hp+4.7%(unactivated)
2026-10-01 07:56:31.818|DEBUG|ArtifactScraper|Parsing artifact substat: hp+4.7%
2026-10-01 07:56:31.818|DEBUG|ArtifactScraper|Parsing artifact substat: energyrecharge+5.8%
2026-10-01 07:56:31.818|DEBUG|ArtifactScraper|Parsing artifact substat: atk+16
2026-10-01 07:56:31.818|DEBUG|ArtifactScraper|Parsing artifact substat: def+21(unactivated)
2026-10-01 07:56:32.156|DEBUG|ArtifactScraper|Parsing artifact substat: energyrecharge+5.8%
2026-10-01 07:56:32.156|DEBUG|ArtifactScraper|Parsing artifact substat: def+19
2026-10-01 07:56:32.156|DEBUG|ArtifactScraper|Parsing artifact substat: def+6.6%
2026-10-01 07:56:32.156|DEBUG|ArtifactScraper|Parsing artifact substat: atk+18(unactivated)
2026-10-01 07:56:32.275|DEBUG|ArtifactScraper|Parsing artifact substat: def+6.6%
2026-10-01 07:56:32.275|DEBUG|ArtifactScraper|Parsing artifact substat: hp+209
2026-10-01 07:56:32.275|DEBUG|ArtifactScraper|Parsing artifact substat: energyrecharge+4.5%
2026-10-01 07:56:32.275|DEBUG|ArtifactScraper|Parsing artifact substat: def+16
2026-10-01 07:56:32.275|DEBUG|ArtifactScraper|Parsing artifact substat: elementalmastery+23
2026-10-01 07:56:32.275|DEBUG|ArtifactScraper|Parsing artifact substat: def+5.1%
2026-10-01 07:56:32.275|DEBUG|ArtifactScraper|Parsing artifact substat: hp+269
2026-10-01 07:56:32.275|DEBUG|ArtifactScraper|Parsing artifact substat: energyrecharge+5.2%
2026-10-01 07:56:32.564|DEBUG|ArtifactScraper|Parsing artifact substat: def+19
2026-10-01 07:56:32.564|DEBUG|ArtifactScraper|Parsing artifact substat: def+6.6%
2026-10-01 07:56:32.564|DEBUG|ArtifactScraper|Parsing artifact substat: hp+239
2026-10-01 07:56:32.564|DEBUG|ArtifactScraper|Parsing artifact substat: atk+4.7%
2026-10-01 07:56:32.703|DEBUG|ArtifactScraper|Parsing artifact substat: critrate+3.5%
2026-10-01 07:56:32.703|DEBUG|ArtifactScraper|Parsing artifact substat: hp+299
2026-10-01 07:56:32.703|DEBUG|ArtifactScraper|Parsing artifact substat: def+6.6%
2026-10-01 07:56:32.703|DEBUG|ArtifactScraper|Parsing artifact substat: energyrecharge+5.2%
2026-10-01 07:56:32.931|DEBUG|ArtifactScraper|Parsing artifact substat: hp+4.7%
2026-10-01 07:56:32.931|DEBUG|ArtifactScraper|Parsing artifact substat: energyrecharge+6.5%
2026-10-01 07:56:32.931|DEBUG|ArtifactScraper|Parsing artifact substat: def+21
2026-10-01 07:56:32.931|DEBUG|ArtifactScraper|Parsing artifact substat: hp+299
2026-10-01 07:56:33.005|DEBUG|ArtifactScraper|Finished queuing page of artifacts. Scrolling...
2026-10-01 07:56:33.145|DEBUG|ArtifactScraper|Parsing artifact substat: atk+5.3%
2026-10-01 07:56:33.145|DEBUG|ArtifactScraper|Parsing artifact substat: def+6.6%
2026-10-01 07:56:33.145|DEBUG|ArtifactScraper|Parsing artifact substat: critrate+3.9%
2026-10-01 07:56:33.145|DEBUG|ArtifactScraper|Parsing artifact substat: elementalmastery+23
2026-10-01 07:56:33.282|DEBUG|ArtifactScraper|Parsing artifact substat: elementalmastery+23
2026-10-01 07:56:33.282|DEBUG|ArtifactScraper|Parsing artifact substat: def+21
2026-10-01 07:56:33.282|DEBUG|ArtifactScraper|Parsing artifact substat: energyrecharge+5.8%
2026-10-01 07:56:33.282|DEBUG|ArtifactScraper|Parsing artifact substat: critdmg+7.8%(unactivated)
2026-10-01 07:56:33.506|DEBUG|ArtifactScraper|Parsing artifact substat: def+6.6%
2026-10-01 07:56:33.506|DEBUG|ArtifactScraper|Parsing artifact substat: atk+4.7%
2026-10-01 07:56:33.506|DEBUG|ArtifactScraper|Parsing artifact substat: hp+209
2026-10-01 07:56:33.506|DEBUG|ArtifactScraper|Parsing artifact substat: def+16(unactivated)
2026-10-01 07:56:33.614|DEBUG|ArtifactScraper|Scrolled back one
2026-10-01 07:56:35.269|DEBUG|ArtifactScraper|Scanning artifact page 13
2026-10-01 07:56:35.269|DEBUG|ArtifactScraper|Located 32 possible item locations on page.
2026-10-01 07:56:35.669|DEBUG|ArtifactScraper|Parsing artifact substat: def+16
2026-10-01 07:56:35.669|DEBUG|ArtifactScraper|Parsing artifact substat: atk+5.3%
2026-10-01 07:56:35.669|DEBUG|ArtifactScraper|Parsing artifact substat: elementalmastery+19
2026-10-01 07:56:35.669|DEBUG|ArtifactScraper|Parsing artifact substat: energyrecharge+5.8%
2026-10-01 07:56:35.851|DEBUG|ArtifactScraper|Parsing artifact substat: hp+269
2026-10-01 07:56:35.851|DEBUG|ArtifactScraper|Parsing artifact substat: atk+5.8%
2026-10-01 07:56:35.851|DEBUG|ArtifactScraper|Parsing artifact substat: hp+5.3%
2026-10-01 07:56:35.851|DEBUG|ArtifactScraper|Parsing artifact substat: energyrecharge+5.2%
2026-10-01 07:56:36.199|DEBUG|ArtifactScraper|Parsing artifact substat: def+23
2026-10-01 07:56:36.199|DEBUG|ArtifactScraper|Parsing artifact substat: atk+5.8%
2026-10-01 07:56:36.199|DEBUG|ArtifactScraper|Parsing artifact substat: critrate+3.1%
2026-10-01 07:56:36.199|DEBUG|ArtifactScraper|Parsing artifact substat: hp+5.8%(unactivated)
2026-10-01 07:56:36.199|DEBUG|ArtifactScraper|Parsing artifact substat: def+16
2026-10-01 07:56:36.199|DEBUG|ArtifactScraper|Parsing artifact substat: hp+239
2026-10-01 07:56:36.199|DEBUG|ArtifactScraper|Parsing artifact substat: def+5.1%
2026-10-01 07:56:36.199|DEBUG|ArtifactScraper|Parsing artifact substat: critdmg+7.0%(unactivated)
2026-10-01 07:56:36.552|DEBUG|ArtifactScraper|Parsing artifact substat: hp+239
2026-10-01 07:56:36.552|DEBUG|ArtifactScraper|Parsing artifact substat: def+19
2026-10-01 07:56:36.552|DEBUG|ArtifactScraper|Parsing artifact substat: elementalmastery+21
2026-10-01 07:56:36.552|DEBUG|ArtifactScraper|Parsing artifact substat: energyrecharge+5.8%
2026-10-01 07:56:36.552|DEBUG|ArtifactScraper|Parsing artifact substat: critdmg+7.8%
2026-10-01 07:56:36.552|DEBUG|ArtifactScraper|Parsing artifact substat: def+5.1%
2026-10-01 07:56:36.552|DEBUG|ArtifactScraper|Parsing artifact substat: def+21
2026-10-01 07:56:36.552|DEBUG|ArtifactScraper|Parsing artifact substat: hp+299(unactivated)
2026-10-01 07:56:36.829|DEBUG|ArtifactScraper|Parsing artifact substat: def+19
2026-10-01 07:56:36.829|DEBUG|ArtifactScraper|Parsing artifact substat: atk+4.1%
2026-10-01 07:56:36.829|DEBUG|ArtifactScraper|Parsing artifact substat: hp+5.3%
2026-10-01 07:56:36.829|DEBUG|ArtifactScraper|Parsing artifact substat: energyrecharge+4.5%
2026-10-01 07:56:36.953|DEBUG|ArtifactScraper|Parsing artifact substat: def+6.6%
2026-10-01 07:56:36.953|DEBUG|ArtifactScraper|Parsing artifact substat: atk+5.3%
2026-10-01 07:56:36.953|DEBUG|ArtifactScraper|Parsing artifact substat: critrate+3.1%
2026-10-01 07:56:36.953|DEBUG|ArtifactScraper|Parsing artifact substat: energyrecharge+6.5%
2026-10-01 07:56:37.178|DEBUG|ArtifactScraper|Parsing artifact substat: def+5.8%
2026-10-01 07:56:37.178|DEBUG|ArtifactScraper|Parsing artifact substat: hp+209
2026-10-01 07:56:37.178|DEBUG|ArtifactScraper|Parsing artifact substat: def+23
2026-10-01 07:56:37.178|DEBUG|ArtifactScraper|Parsing artifact substat: elementalmastery+16
2026-10-01 07:56:37.318|DEBUG|ArtifactScraper|Parsing artifact substat: hp+239
2026-10-01 07:56:37.318|DEBUG|ArtifactScraper|Parsing artifact substat: critrate+2.7%
2026-10-01 07:56:37.318|DEBUG|ArtifactScraper|Parsing artifact substat: elementalmastery+19
2026-10-01 07:56:37.318|DEBUG|ArtifactScraper|Parsing artifact substat: hp+4.7%
2026-10-01 07:56:37.435|DEBUG|ArtifactScraper|Parsing artifact substat: critrate+3.5%
2026-10-01 07:56:37.435|DEBUG|ArtifactScraper|Parsing artifact substat: def+5.1%
2026-10-01 07:56:37.435|DEBUG|ArtifactScraper|Parsing artifact substat: critdmg+5.4%
2026-10-01 07:56:37.435|DEBUG|ArtifactScraper|Parsing artifact substat: energyrecharge+4.5%
2026-10-01 07:56:37.654|DEBUG|ArtifactScraper|Parsing artifact substat: def+21
2026-10-01 07:56:37.654|DEBUG|ArtifactScraper|Parsing artifact substat: def+7.3%
2026-10-01 07:56:37.654|DEBUG|ArtifactScraper|Parsing artifact substat: atk+19
2026-10-01 07:56:37.654|DEBUG|ArtifactScraper|Parsing artifact substat: atk+5.8%(unactivated)
2026-10-01 07:56:37.761|DEBUG|ArtifactScraper|Parsing artifact substat: atk+19
2026-10-01 07:56:37.761|DEBUG|ArtifactScraper|Parsing artifact substat: hp+4.1%
2026-10-01 07:56:37.761|DEBUG|ArtifactScraper|Parsing artifact substat: hp+209
2026-10-01 07:56:37.761|DEBUG|ArtifactScraper|Parsing artifact substat: def+6.6%(unactivated)
2026-10-01 07:56:38.002|DEBUG|ArtifactScraper|Parsing artifact substat: elementalmastery+16
2026-10-01 07:56:38.002|DEBUG|ArtifactScraper|Parsing artifact substat: def+19
2026-10-01 07:56:38.002|DEBUG|ArtifactScraper|Parsing artifact substat: atk+14
2026-10-01 07:56:38.002|DEBUG|ArtifactScraper|Parsing artifact substat: hp+269(unactivated)
2026-10-01 07:56:38.135|DEBUG|ArtifactScraper|Parsing artifact substat: energyrecharge+4.5%
2026-10-01 07:56:38.135|DEBUG|ArtifactScraper|Parsing artifact substat: critdmg+7.8%
2026-10-01 07:56:38.135|DEBUG|ArtifactScraper|Parsing artifact substat: def+7.3%
2026-10-01 07:56:38.135|DEBUG|ArtifactScraper|Parsing artifact substat: def+23(unactivated)
2026-10-01 07:56:38.280|DEBUG|ArtifactScraper|Parsing artifact substat: atk+16
2026-10-01 07:56:38.280|DEBUG|ArtifactScraper|Parsing artifact substat: hp+4.7%
2026-10-01 07:56:38.280|DEBUG|ArtifactScraper|Parsing artifact substat: atk+4.7%
2026-10-01 07:56:38.280|DEBUG|ArtifactScraper|Parsing artifact substat: critrate+3.5%
2026-10-01 07:56:38.520|DEBUG|ArtifactScraper|Parsing artifact substat: hp+239
2026-10-01 07:56:38.520|DEBUG|ArtifactScraper|Parsing artifact substat: elementalmastery+16
2026-10-01 07:56:38.520|DEBUG|ArtifactScraper|Parsing artifact substat: critrate+3.1%
2026-10-01 07:56:38.520|DEBUG|ArtifactScraper|Parsing artifact substat: hp+4.7%(unactivated)
2026-10-01 07:56:38.632|DEBUG|ArtifactScraper|Parsing artifact substat: critdmg+5.4%
2026-10-01 07:56:38.632|DEBUG|ArtifactScraper|Parsing artifact substat: atk+5.3%
2026-10-01 07:56:38.632|DEBUG|ArtifactScraper|Parsing artifact substat: hp+4.1%
2026-10-01 07:56:38.632|DEBUG|ArtifactScraper|Parsing artifact substat: elementalmastery+16
2026-10-01 07:56:38.863|DEBUG|ArtifactScraper|Parsing artifact substat: atk+16
2026-10-01 07:56:38.863|DEBUG|ArtifactScraper|Parsing artifact substat: hp+209
2026-10-01 07:56:38.863|DEBUG|ArtifactScraper|Parsing artifact substat: def+16
2026-10-01 07:56:38.863|DEBUG|ArtifactScraper|Parsing artifact substat: hp+5.3%(unactivated)
2026-10-01 07:56:38.996|DEBUG|ArtifactScraper|Parsing artifact substat: def+16
2026-10-01 07:56:38.996|DEBUG|ArtifactScraper|Parsing artifact substat: hp+209
2026-10-01 07:56:38.996|DEBUG|ArtifactScraper|Parsing artifact substat: elementalmastery+21
2026-10-01 07:56:38.996|DEBUG|ArtifactScraper|Parsing artifact substat: def+5.8%(unactivated)
2026-10-01 07:56:39.188|DEBUG|ArtifactScraper|Parsing artifact substat: energyrecharge+4.5%
2026-10-01 07:56:39.188|DEBUG|ArtifactScraper|Parsing artifact substat: elementalmastery+23
2026-10-01 07:56:39.188|DEBUG|ArtifactScraper|Parsing artifact substat: atk+4.7%
2026-10-01 07:56:39.188|DEBUG|ArtifactScraper|Parsing artifact substat: atk+18
2026-10-01 07:56:39.312|DEBUG|ArtifactScraper|Parsing artifact substat: atk+18
2026-10-01 07:56:39.312|DEBUG|ArtifactScraper|Parsing artifact substat: hp+239
2026-10-01 07:56:39.312|DEBUG|ArtifactScraper|Parsing artifact substat: def+19
2026-10-01 07:56:39.312|DEBUG|ArtifactScraper|Parsing artifact substat: energyrecharge+5.8%
2026-10-01 07:56:39.542|DEBUG|ArtifactScraper|Parsing artifact substat: elementalmastery+16
2026-10-01 07:56:39.542|DEBUG|ArtifactScraper|Parsing artifact substat: hp+4.1%
2026-10-01 07:56:39.542|DEBUG|ArtifactScraper|Parsing artifact substat: hp+269
2026-10-01 07:56:39.542|DEBUG|ArtifactScraper|Parsing artifact substat: critrate+2.7%
2026-10-01 07:56:39.664|DEBUG|ArtifactScraper|Parsing artifact substat: elementalmastery+19
2026-10-01 07:56:39.664|DEBUG|ArtifactScraper|Parsing artifact substat: critrate+3.9%
2026-10-01 07:56:39.664|DEBUG|ArtifactScraper|Parsing artifact substat: def+7.3%
2026-10-01 07:56:39.664|DEBUG|ArtifactScraper|Parsing artifact substat: atk+19
2026-10-01 07:56:39.913|DEBUG|ArtifactScraper|Parsing artifact substat: atk+16
2026-10-01 07:56:39.913|DEBUG|ArtifactScraper|Parsing artifact substat: elementalmastery+23
2026-10-01 07:56:39.913|DEBUG|ArtifactScraper|Parsing artifact substat: atk+4.1%
2026-10-01 07:56:39.913|DEBUG|ArtifactScraper|Parsing artifact substat: energyrecharge+5.8%
2026-10-01 07:56:40.024|DEBUG|ArtifactScraper|Parsing artifact substat: elementalmastery+16
2026-10-01 07:56:40.024|DEBUG|ArtifactScraper|Parsing artifact substat: hp+299
2026-10-01 07:56:40.024|DEBUG|ArtifactScraper|Parsing artifact substat: atk+18
2026-10-01 07:56:40.024|DEBUG|ArtifactScraper|Parsing artifact substat: hp+5.8%(unactivated)
2026-10-01 07:56:40.294|DEBUG|ArtifactScraper|Parsing artifact substat: def+7.3%
2026-10-01 07:56:40.294|DEBUG|ArtifactScraper|Parsing artifact substat: atk+18
2026-10-01 07:56:40.294|DEBUG|ArtifactScraper|Parsing artifact substat: elementalmastery+16
2026-10-01 07:56:40.294|DEBUG|ArtifactScraper|Parsing artifact substat: critrate+3.9%(unactivated)
2026-10-01 07:56:40.401|DEBUG|ArtifactScraper|Parsing artifact substat: def+16
2026-10-01 07:56:40.401|DEBUG|ArtifactScraper|Parsing artifact substat: hp+5.3%
2026-10-01 07:56:40.401|DEBUG|ArtifactScraper|Parsing artifact substat: atk+4.7%
2026-10-01 07:56:40.401|DEBUG|ArtifactScraper|Parsing artifact substat: critdmg+7.0%(unactivated)
2026-10-01 07:56:40.575|DEBUG|ArtifactScraper|Parsing artifact substat: energyrecharge+4.5%
2026-10-01 07:56:40.575|DEBUG|ArtifactScraper|Parsing artifact substat: def+7.3%
2026-10-01 07:56:40.575|DEBUG|ArtifactScraper|Parsing artifact substat: def+16
2026-10-01 07:56:40.575|DEBUG|ArtifactScraper|Parsing artifact substat: atk+14(unactivated)
2026-10-01 07:56:40.708|DEBUG|ArtifactScraper|Finished queuing page of artifacts. Scrolling...
2026-10-01 07:56:40.795|DEBUG|ArtifactScraper|Parsing artifact substat: def+5.8%
2026-10-01 07:56:40.795|DEBUG|ArtifactScraper|Parsing artifact substat: elementalmastery+19
2026-10-01 07:56:40.795|DEBUG|ArtifactScraper|Parsing artifact substat: def+21
2026-10-01 07:56:40.795|DEBUG|ArtifactScraper|Parsing artifact substat: atk+14(unactivated)
2026-10-01 07:56:40.923|DEBUG|ArtifactScraper|Parsing artifact substat: hp+269
2026-10-01 07:56:40.923|DEBUG|ArtifactScraper|Parsing artifact substat: def+7.3%
2026-10-01 07:56:40.923|DEBUG|ArtifactScraper|Parsing artifact substat: atk+4.7%
2026-10-01 07:56:40.923|DEBUG|ArtifactScraper|Parsing artifact substat: energyrecharge+5.2%
2026-10-01 07:56:41.116|DEBUG|ArtifactScraper|Parsing artifact substat: critrate+3.5%
2026-10-01 07:56:41.116|DEBUG|ArtifactScraper|Parsing artifact substat: hp+4.1%
2026-10-01 07:56:41.116|DEBUG|ArtifactScraper|Parsing artifact substat: atk+4.1%
2026-10-01 07:56:41.116|DEBUG|ArtifactScraper|Parsing artifact substat: elementalmastery+23
2026-10-01 07:56:42.779|DEBUG|ArtifactScraper|Scanning artifact page 14
2026-10-01 07:56:42.779|DEBUG|ArtifactScraper|Located 32 possible item locations on page.
2026-10-01 07:56:43.168|DEBUG|ArtifactScraper|Parsing artifact substat: def+19
2026-10-01 07:56:43.168|DEBUG|ArtifactScraper|Parsing artifact substat: hp+4.7%
2026-10-01 07:56:43.168|DEBUG|ArtifactScraper|Parsing artifact substat: critrate+3.9%
2026-10-01 07:56:43.168|DEBUG|ArtifactScraper|Parsing artifact substat: hp+209
2026-10-01 07:56:43.465|DEBUG|ArtifactScraper|Parsing artifact substat: hp+239
2026-10-01 07:56:43.465|DEBUG|ArtifactScraper|Parsing artifact substat: critdmg+7.8%
2026-10-01 07:56:43.465|DEBUG|ArtifactScraper|Parsing artifact substat: atk+4.1%
2026-10-01 07:56:43.465|DEBUG|ArtifactScraper|Parsing artifact substat: hp+5.8%(unactivated)
2026-10-01 07:56:43.635|DEBUG|ArtifactScraper|Parsing artifact substat: critdmg+6.2%
2026-10-01 07:56:43.635|DEBUG|ArtifactScraper|Parsing artifact substat: critrate+3.1%
2026-10-01 07:56:43.635|DEBUG|ArtifactScraper|Parsing artifact substat: atk+14
2026-10-01 07:56:43.635|DEBUG|ArtifactScraper|Parsing artifact substat: hp+239(unactivated)
2026-10-01 07:56:43.826|DEBUG|ArtifactScraper|Parsing artifact substat: def+19
2026-10-01 07:56:43.826|DEBUG|ArtifactScraper|Parsing artifact substat: elementalmastery+19
2026-10-01 07:56:43.826|DEBUG|ArtifactScraper|Parsing artifact substat: energyrecharge+6.5%
2026-10-01 07:56:43.826|DEBUG|ArtifactScraper|Parsing artifact substat: critrate+3.5%(unactivated)
2026-10-01 07:56:44.036|DEBUG|ArtifactScraper|Parsing artifact substat: critrate+3.9%
2026-10-01 07:56:44.036|DEBUG|ArtifactScraper|Parsing artifact substat: energyrecharge+4.5%
2026-10-01 07:56:44.036|DEBUG|ArtifactScraper|Parsing artifact substat: atk+4.1%
2026-10-01 07:56:44.036|DEBUG|ArtifactScraper|Parsing artifact substat: atk+19(unactivated)
2026-10-01 07:56:44.069|DEBUG|ArtifactScraper|Parsing artifact substat: def+7.3%
2026-10-01 07:56:44.069|DEBUG|ArtifactScraper|Parsing artifact substat: hp+209
2026-10-01 07:56:44.069|DEBUG|ArtifactScraper|Parsing artifact substat: critdmg+7.0%
2026-10-01 07:56:44.069|DEBUG|ArtifactScraper|Parsing artifact substat: energyrecharge+5.2%
2026-10-01 07:56:44.434|DEBUG|ArtifactScraper|Parsing artifact substat: critrate+3.1%
2026-10-01 07:56:44.434|DEBUG|ArtifactScraper|Parsing artifact substat: def+5.8%
2026-10-01 07:56:44.434|DEBUG|ArtifactScraper|Parsing artifact substat: hp+5.3%
2026-10-01 07:56:44.434|DEBUG|ArtifactScraper|Parsing artifact substat: critdmg+7.0%(unactivated)
2026-10-01 07:56:44.446|DEBUG|ArtifactScraper|Parsing artifact substat: energyrecharge+5.2%
2026-10-01 07:56:44.446|DEBUG|ArtifactScraper|Parsing artifact substat: def+23
2026-10-01 07:56:44.446|DEBUG|ArtifactScraper|Parsing artifact substat: critrate+2.7%
2026-10-01 07:56:44.446|DEBUG|ArtifactScraper|Parsing artifact substat: def+5.1%
2026-10-01 07:56:44.742|DEBUG|ArtifactScraper|Parsing artifact substat: atk+14
2026-10-01 07:56:44.742|DEBUG|ArtifactScraper|Parsing artifact substat: elementalmastery+19
2026-10-01 07:56:44.742|DEBUG|ArtifactScraper|Parsing artifact substat: energyrecharge+4.5%
2026-10-01 07:56:44.742|DEBUG|ArtifactScraper|Parsing artifact substat: def+16
2026-10-01 07:56:44.835|DEBUG|ArtifactScraper|Parsing artifact substat: elementalmastery+21
2026-10-01 07:56:44.835|DEBUG|ArtifactScraper|Parsing artifact substat: hp+4.7%
2026-10-01 07:56:44.835|DEBUG|ArtifactScraper|Parsing artifact substat: energyrecharge+6.5%
2026-10-01 07:56:44.835|DEBUG|ArtifactScraper|Parsing artifact substat: critrate+3.9%(unactivated)
2026-10-01 07:56:45.091|DEBUG|ArtifactScraper|Parsing artifact substat: atk+5.8%
2026-10-01 07:56:45.091|DEBUG|ArtifactScraper|Parsing artifact substat: critrate+3.1%
2026-10-01 07:56:45.091|DEBUG|ArtifactScraper|Parsing artifact substat: hp+5.8%
2026-10-01 07:56:45.091|DEBUG|ArtifactScraper|Parsing artifact substat: def+19(unactivated)
2026-10-01 07:56:45.294|DEBUG|ArtifactScraper|Parsing artifact substat: atk+4.7%
2026-10-01 07:56:45.294|DEBUG|ArtifactScraper|Parsing artifact substat: elementalmastery+19
2026-10-01 07:56:45.294|DEBUG|ArtifactScraper|Parsing artifact substat: energyrecharge+5.2%
2026-10-01 07:56:45.294|DEBUG|ArtifactScraper|Parsing artifact substat: critrate+3.5%(unactivated)
2026-10-01 07:56:45.412|DEBUG|ArtifactScraper|Parsing artifact substat: atk+4.1%
2026-10-01 07:56:45.412|DEBUG|ArtifactScraper|Parsing artifact substat: def+23
2026-10-01 07:56:45.412|DEBUG|ArtifactScraper|Parsing artifact substat: atk+14
2026-10-01 07:56:45.412|DEBUG|ArtifactScraper|Parsing artifact substat: critrate+2.7%(unactivated)
2026-10-01 07:56:45.506|DEBUG|ArtifactScraper|Parsing artifact substat: def+6.6%
2026-10-01 07:56:45.506|DEBUG|ArtifactScraper|Parsing artifact substat: atk+4.7%
2026-10-01 07:56:45.506|DEBUG|ArtifactScraper|Parsing artifact substat: hp+5.3%
2026-10-01 07:56:45.506|DEBUG|ArtifactScraper|Parsing artifact substat: def+23(unactivated)
2026-10-01 07:56:45.675|DEBUG|ArtifactScraper|Parsing artifact substat: atk+18
2026-10-01 07:56:45.676|DEBUG|ArtifactScraper|Parsing artifact substat: critrate+3.5%
2026-10-01 07:56:45.676|DEBUG|ArtifactScraper|Parsing artifact substat: hp+5.3%
2026-10-01 07:56:45.676|DEBUG|ArtifactScraper|Parsing artifact substat: def+6.6%(unactivated)
2026-10-01 07:56:45.879|DEBUG|ArtifactScraper|Parsing artifact substat: energyrecharge+5.2%
2026-10-01 07:56:45.879|DEBUG|ArtifactScraper|Parsing artifact substat: atk+4.7%
2026-10-01 07:56:45.879|DEBUG|ArtifactScraper|Parsing artifact substat: atk+14
2026-10-01 07:56:45.879|DEBUG|ArtifactScraper|Parsing artifact substat: elementalmastery+16
2026-10-01 07:56:46.040|DEBUG|ArtifactScraper|Parsing artifact substat: hp+4.7%
2026-10-01 07:56:46.040|DEBUG|ArtifactScraper|Parsing artifact substat: def+7.3%
2026-10-01 07:56:46.040|DEBUG|ArtifactScraper|Parsing artifact substat: critrate+3.9%
2026-10-01 07:56:46.040|DEBUG|ArtifactScraper|Parsing artifact substat: energyrecharge+4.5%
2026-10-01 07:56:46.272|DEBUG|ArtifactScraper|Parsing artifact substat: def+5.8%
2026-10-01 07:56:46.272|DEBUG|ArtifactScraper|Parsing artifact substat: hp+4.7%
2026-10-01 07:56:46.272|DEBUG|ArtifactScraper|Parsing artifact substat: def+16
2026-10-01 07:56:46.272|DEBUG|ArtifactScraper|Parsing artifact substat: energyrecharge+4.5%
2026-10-01 07:56:46.444|DEBUG|ArtifactScraper|Parsing artifact substat: def+21
2026-10-01 07:56:46.444|DEBUG|ArtifactScraper|Parsing artifact substat: atk+14
2026-10-01 07:56:46.444|DEBUG|ArtifactScraper|Parsing artifact substat: atk+4.1%
2026-10-01 07:56:46.444|DEBUG|ArtifactScraper|Parsing artifact substat: elementalmastery+16
2026-10-01 07:56:46.651|DEBUG|ArtifactScraper|Parsing artifact substat: energyrecharge+5.8%
2026-10-01 07:56:46.651|DEBUG|ArtifactScraper|Parsing artifact substat: elementalmastery+16
2026-10-01 07:56:46.651|DEBUG|ArtifactScraper|Parsing artifact substat: critrate+3.9%
2026-10-01 07:56:46.651|DEBUG|ArtifactScraper|Parsing artifact substat: def+19(unactivated)
2026-10-01 07:56:46.822|DEBUG|ArtifactScraper|Parsing artifact substat: def+5.1%
2026-10-01 07:56:46.822|DEBUG|ArtifactScraper|Parsing artifact substat: atk+14
2026-10-01 07:56:46.822|DEBUG|ArtifactScraper|Parsing artifact substat: def+21
2026-10-01 07:56:46.822|DEBUG|ArtifactScraper|Parsing artifact substat: hp+4.7%(unactivated)
2026-10-01 07:56:46.941|DEBUG|ArtifactScraper|Parsing artifact substat: hp+4.1%
2026-10-01 07:56:46.941|DEBUG|ArtifactScraper|Parsing artifact substat: def+5.1%
2026-10-01 07:56:46.941|DEBUG|ArtifactScraper|Parsing artifact substat: def+21
2026-10-01 07:56:46.941|DEBUG|ArtifactScraper|Parsing artifact substat: critrate+3.5%(unactivated)
2026-10-01 07:56:47.211|DEBUG|ArtifactScraper|Parsing artifact substat: hp+4.1%
2026-10-01 07:56:47.211|DEBUG|ArtifactScraper|Parsing artifact substat: hp+269
2026-10-01 07:56:47.211|DEBUG|ArtifactScraper|Parsing artifact substat: atk+5.8%
2026-10-01 07:56:47.211|DEBUG|ArtifactScraper|Parsing artifact substat: def+21
2026-10-01 07:56:47.324|DEBUG|ArtifactScraper|Parsing artifact substat: atk+4.1%
2026-10-01 07:56:47.324|DEBUG|ArtifactScraper|Parsing artifact substat: def+23
2026-10-01 07:56:47.324|DEBUG|ArtifactScraper|Parsing artifact substat: def+6.6%
2026-10-01 07:56:47.324|DEBUG|ArtifactScraper|Parsing artifact substat: hp+299
2026-10-01 07:56:47.663|DEBUG|ArtifactScraper|Parsing artifact substat: elementalmastery+21
2026-10-01 07:56:47.663|DEBUG|ArtifactScraper|Parsing artifact substat: atk+4.7%
2026-10-01 07:56:47.663|DEBUG|ArtifactScraper|Parsing artifact substat: hp+4.7%
2026-10-01 07:56:47.663|DEBUG|ArtifactScraper|Parsing artifact substat: energyrecharge+4.5%
2026-10-01 07:56:47.700|DEBUG|ArtifactScraper|Parsing artifact substat: def+23
2026-10-01 07:56:47.700|DEBUG|ArtifactScraper|Parsing artifact substat: critrate+3.5%
2026-10-01 07:56:47.700|DEBUG|ArtifactScraper|Parsing artifact substat: energyrecharge+5.8%
2026-10-01 07:56:47.700|DEBUG|ArtifactScraper|Parsing artifact substat: hp+4.1%(unactivated)
2026-10-01 07:56:48.056|DEBUG|ArtifactScraper|Parsing artifact substat: def+16
2026-10-01 07:56:48.056|DEBUG|ArtifactScraper|Parsing artifact substat: energyrecharge+6.5%
2026-10-01 07:56:48.056|DEBUG|ArtifactScraper|Parsing artifact substat: def+7.3%
2026-10-01 07:56:48.056|DEBUG|ArtifactScraper|Parsing artifact substat: atk+4.7%(unactivated)
2026-10-01 07:56:48.148|DEBUG|ArtifactScraper|Parsing artifact substat: atk+4.1%
2026-10-01 07:56:48.148|DEBUG|ArtifactScraper|Parsing artifact substat: elementalmastery+16
2026-10-01 07:56:48.148|DEBUG|ArtifactScraper|Parsing artifact substat: critrate+3.1%
2026-10-01 07:56:48.148|DEBUG|ArtifactScraper|Parsing artifact substat: def+16(unactivated)
2026-10-01 07:56:48.333|DEBUG|ArtifactScraper|Finished queuing page of artifacts. Scrolling...
2026-10-01 07:56:48.496|DEBUG|ArtifactScraper|Parsing artifact substat: atk+4.7%
2026-10-01 07:56:48.496|DEBUG|ArtifactScraper|Parsing artifact substat: def+5.8%
2026-10-01 07:56:48.496|DEBUG|ArtifactScraper|Parsing artifact substat: elementalmastery+23
2026-10-01 07:56:48.496|DEBUG|ArtifactScraper|Parsing artifact substat: def+16(unactivated)
2026-10-01 07:56:48.628|DEBUG|ArtifactScraper|Parsing artifact substat: energyrecharge+4.5%
2026-10-01 07:56:48.628|DEBUG|ArtifactScraper|Parsing artifact substat: hp+239
2026-10-01 07:56:48.628|DEBUG|ArtifactScraper|Parsing artifact substat: elementalmastery+16
2026-10-01 07:56:48.628|DEBUG|ArtifactScraper|Parsing artifact substat: critdmg+7.8%(unactivated)
2026-10-01 07:56:48.664|DEBUG|ArtifactScraper|Parsing artifact substat: def+16
2026-10-01 07:56:48.664|DEBUG|ArtifactScraper|Parsing artifact substat: elementalmastery+21
2026-10-01 07:56:48.664|DEBUG|ArtifactScraper|Parsing artifact substat: hp+209
2026-10-01 07:56:48.664|DEBUG|ArtifactScraper|Parsing artifact substat: energyrecharge+4.5%
2026-10-01 07:56:48.896|DEBUG|ArtifactScraper|Parsing artifact substat: critdmg+7.0%
2026-10-01 07:56:48.896|DEBUG|ArtifactScraper|Parsing artifact substat: atk+4.1%
2026-10-01 07:56:48.896|DEBUG|ArtifactScraper|Parsing artifact substat: def+21
2026-10-01 07:56:48.896|DEBUG|ArtifactScraper|Parsing artifact substat: hp+269(unactivated)
2026-10-01 07:56:50.720|DEBUG|ArtifactScraper|Scanning artifact page 15
2026-10-01 07:56:50.720|DEBUG|ArtifactScraper|Located 32 possible item locations on page.
2026-10-01 07:56:51.308|DEBUG|ArtifactScraper|Parsing artifact substat: critdmg+7.0%
2026-10-01 07:56:51.308|DEBUG|ArtifactScraper|Parsing artifact substat: def+7.3%
2026-10-01 07:56:51.308|DEBUG|ArtifactScraper|Parsing artifact substat: hp+4.1%
2026-10-01 07:56:51.308|DEBUG|ArtifactScraper|Parsing artifact substat: energyrecharge+4.5%
2026-10-01 07:56:51.398|DEBUG|ArtifactScraper|Parsing artifact substat: critrate+3.1%
2026-10-01 07:56:51.398|DEBUG|ArtifactScraper|Parsing artifact substat: hp+5.3%
2026-10-01 07:56:51.398|DEBUG|ArtifactScraper|Parsing artifact substat: def+16
2026-10-01 07:56:51.398|DEBUG|ArtifactScraper|Parsing artifact substat: energyrecharge+6.5%
2026-10-01 07:56:51.604|DEBUG|ArtifactScraper|Parsing artifact substat: def+19
2026-10-01 07:56:51.604|DEBUG|ArtifactScraper|Parsing artifact substat: atk+4.7%
2026-10-01 07:56:51.604|DEBUG|ArtifactScraper|Parsing artifact substat: def+5.8%
2026-10-01 07:56:51.604|DEBUG|ArtifactScraper|Parsing artifact substat: energyrecharge+5.8%
2026-10-01 07:56:51.829|DEBUG|ArtifactScraper|Parsing artifact substat: def+16
2026-10-01 07:56:51.829|DEBUG|ArtifactScraper|Parsing artifact substat: critrate+3.9%
2026-10-01 07:56:51.829|DEBUG|ArtifactScraper|Parsing artifact substat: energyrecharge+5.8%
2026-10-01 07:56:51.829|DEBUG|ArtifactScraper|Parsing artifact substat: def+7.3%(unactivated)
2026-10-01 07:56:51.963|DEBUG|ArtifactScraper|Parsing artifact substat: hp+4.1%
2026-10-01 07:56:51.963|DEBUG|ArtifactScraper|Parsing artifact substat: atk+5.8%
2026-10-01 07:56:51.963|DEBUG|ArtifactScraper|Parsing artifact substat: hp+239
2026-10-01 07:56:51.963|DEBUG|ArtifactScraper|Parsing artifact substat: critrate+3.1%(unactivated)
2026-10-01 07:56:52.269|DEBUG|ArtifactScraper|Parsing artifact substat: hp+5.3%
2026-10-01 07:56:52.269|DEBUG|ArtifactScraper|Parsing artifact substat: elementalmastery+16
2026-10-01 07:56:52.269|DEBUG|ArtifactScraper|Parsing artifact substat: def+23
2026-10-01 07:56:52.269|DEBUG|ArtifactScraper|Parsing artifact substat: hp+299(unactivated)
2026-10-01 07:56:52.293|DEBUG|ArtifactScraper|Parsing artifact substat: hp+5.3%
2026-10-01 07:56:52.293|DEBUG|ArtifactScraper|Parsing artifact substat: def+6.6%
2026-10-01 07:56:52.293|DEBUG|ArtifactScraper|Parsing artifact substat: elementalmastery+19
2026-10-01 07:56:52.293|DEBUG|ArtifactScraper|Parsing artifact substat: def+21(unactivated)
2026-10-01 07:56:52.674|DEBUG|ArtifactScraper|Parsing artifact substat: energyrecharge+6.5%
2026-10-01 07:56:52.674|DEBUG|ArtifactScraper|Parsing artifact substat: hp+209
2026-10-01 07:56:52.674|DEBUG|ArtifactScraper|Parsing artifact substat: elementalmastery+19
2026-10-01 07:56:52.674|DEBUG|ArtifactScraper|Parsing artifact substat: critrate+2.7%
2026-10-01 07:56:52.702|DEBUG|ArtifactScraper|Parsing artifact substat: critrate+3.1%
2026-10-01 07:56:52.702|DEBUG|ArtifactScraper|Parsing artifact substat: critdmg+7.0%
2026-10-01 07:56:52.702|DEBUG|ArtifactScraper|Parsing artifact substat: hp+4.7%
2026-10-01 07:56:52.702|DEBUG|ArtifactScraper|Parsing artifact substat: def+23(unactivated)
2026-10-01 07:56:53.030|DEBUG|ArtifactScraper|Parsing artifact substat: critdmg+5.4%
2026-10-01 07:56:53.030|DEBUG|ArtifactScraper|Parsing artifact substat: atk+16
2026-10-01 07:56:53.030|DEBUG|ArtifactScraper|Parsing artifact substat: hp+4.1%
2026-10-01 07:56:53.030|DEBUG|ArtifactScraper|Parsing artifact substat: elementalmastery+16
2026-10-01 07:56:53.170|DEBUG|ArtifactScraper|Parsing artifact substat: def+6.6%
2026-10-01 07:56:53.170|DEBUG|ArtifactScraper|Parsing artifact substat: hp+5.3%
2026-10-01 07:56:53.170|DEBUG|ArtifactScraper|Parsing artifact substat: hp+299
2026-10-01 07:56:53.170|DEBUG|ArtifactScraper|Parsing artifact substat: energyrecharge+6.5%
2026-10-01 07:56:53.210|DEBUG|ArtifactScraper|Parsing artifact substat: hp+239
2026-10-01 07:56:53.210|DEBUG|ArtifactScraper|Parsing artifact substat: elementalmastery+16
2026-10-01 07:56:53.210|DEBUG|ArtifactScraper|Parsing artifact substat: critdmg+7.0%
2026-10-01 07:56:53.210|DEBUG|ArtifactScraper|Parsing artifact substat: critrate+3.1%(unactivated)
2026-10-01 07:56:53.491|DEBUG|ArtifactScraper|Parsing artifact substat: atk+18
2026-10-01 07:56:53.491|DEBUG|ArtifactScraper|Parsing artifact substat: hp+4.7%
2026-10-01 07:56:53.491|DEBUG|ArtifactScraper|Parsing artifact substat: elementalmastery+23
2026-10-01 07:56:53.491|DEBUG|ArtifactScraper|Parsing artifact substat: critrate+3.9%
2026-10-01 07:56:53.583|DEBUG|ArtifactScraper|Parsing artifact substat: def+16
2026-10-01 07:56:53.583|DEBUG|ArtifactScraper|Parsing artifact substat: atk+5.3%
2026-10-01 07:56:53.583|DEBUG|ArtifactScraper|Parsing artifact substat: def+5.8%
2026-10-01 07:56:53.583|DEBUG|ArtifactScraper|Parsing artifact substat: atk+18
2026-10-01 07:56:53.920|DEBUG|ArtifactScraper|Parsing artifact substat: critdmg+7.8%
2026-10-01 07:56:53.920|DEBUG|ArtifactScraper|Parsing artifact substat: atk+14
2026-10-01 07:56:53.920|DEBUG|ArtifactScraper|Parsing artifact substat: atk+5.3%
2026-10-01 07:56:53.920|DEBUG|ArtifactScraper|Parsing artifact substat: def+16(unactivated)
2026-10-01 07:56:53.926|DEBUG|ArtifactScraper|Parsing artifact substat: hp+4.1%
2026-10-01 07:56:53.926|DEBUG|ArtifactScraper|Parsing artifact substat: def+23
2026-10-01 07:56:53.926|DEBUG|ArtifactScraper|Parsing artifact substat: elementalmastery+16
2026-10-01 07:56:53.926|DEBUG|ArtifactScraper|Parsing artifact substat: hp+269(unactivated)
2026-10-01 07:56:54.313|DEBUG|ArtifactScraper|Parsing artifact substat: energyrecharge+5.2%
2026-10-01 07:56:54.313|DEBUG|ArtifactScraper|Parsing artifact substat: def+19
2026-10-01 07:56:54.313|DEBUG|ArtifactScraper|Parsing artifact substat: critdmg+7.0%
2026-10-01 07:56:54.313|DEBUG|ArtifactScraper|Parsing artifact substat: atk+4.7%(unactivated)
2026-10-01 07:56:54.384|DEBUG|ArtifactScraper|Parsing artifact substat: def+16
2026-10-01 07:56:54.384|DEBUG|ArtifactScraper|Parsing artifact substat: atk+4.1%
2026-10-01 07:56:54.384|DEBUG|ArtifactScraper|Parsing artifact substat: atk+18
2026-10-01 07:56:54.384|DEBUG|ArtifactScraper|Parsing artifact substat: critrate+2.7%(unactivated)
2026-10-01 07:56:54.676|DEBUG|ArtifactScraper|Parsing artifact substat: atk+18
2026-10-01 07:56:54.676|DEBUG|ArtifactScraper|Parsing artifact substat: hp+5.3%
2026-10-01 07:56:54.676|DEBUG|ArtifactScraper|Parsing artifact substat: atk+4.7%
2026-10-01 07:56:54.676|DEBUG|ArtifactScraper|Parsing artifact substat: def+23(unactivated)
2026-10-01 07:56:54.831|DEBUG|ArtifactScraper|Parsing artifact substat: energyrecharge+6.5%
2026-10-01 07:56:54.832|DEBUG|ArtifactScraper|Parsing artifact substat: hp+4.1%
2026-10-01 07:56:54.832|DEBUG|ArtifactScraper|Parsing artifact substat: def+6.6%
2026-10-01 07:56:54.832|DEBUG|ArtifactScraper|Parsing artifact substat: hp+269(unactivated)
2026-10-01 07:56:54.866|DEBUG|ArtifactScraper|Parsing artifact substat: atk+16
2026-10-01 07:56:54.866|DEBUG|ArtifactScraper|Parsing artifact substat: def+23
2026-10-01 07:56:54.866|DEBUG|ArtifactScraper|Parsing artifact substat: atk+5.8%
2026-10-01 07:56:54.866|DEBUG|ArtifactScraper|Parsing artifact substat: elementalmastery+23
2026-10-01 07:56:55.208|DEBUG|ArtifactScraper|Parsing artifact substat: atk+19
2026-10-01 07:56:55.208|DEBUG|ArtifactScraper|Parsing artifact substat: elementalmastery+16
2026-10-01 07:56:55.208|DEBUG|ArtifactScraper|Parsing artifact substat: atk+5.8%
2026-10-01 07:56:55.208|DEBUG|ArtifactScraper|Parsing artifact substat: def+6.6%(unactivated)
2026-10-01 07:56:55.368|DEBUG|ArtifactScraper|Parsing artifact substat: energyrecharge+5.2%
2026-10-01 07:56:55.368|DEBUG|ArtifactScraper|Parsing artifact substat: hp+4.7%
2026-10-01 07:56:55.368|DEBUG|ArtifactScraper|Parsing artifact substat: atk+4.7%
2026-10-01 07:56:55.368|DEBUG|ArtifactScraper|Parsing artifact substat: def+21(unactivated)
2026-10-01 07:56:55.368|DEBUG|ArtifactScraper|Parsing artifact substat: atk+14
2026-10-01 07:56:55.368|DEBUG|ArtifactScraper|Parsing artifact substat: hp+269
2026-10-01 07:56:55.368|DEBUG|ArtifactScraper|Parsing artifact substat: energyrecharge+6.5%
2026-10-01 07:56:55.368|DEBUG|ArtifactScraper|Parsing artifact substat: elementalmastery+21
2026-10-01 07:56:55.703|DEBUG|ArtifactScraper|Parsing artifact substat: elementalmastery+23
2026-10-01 07:56:55.703|DEBUG|ArtifactScraper|Parsing artifact substat: def+7.3%
2026-10-01 07:56:55.703|DEBUG|ArtifactScraper|Parsing artifact substat: critdmg+5.4%
2026-10-01 07:56:55.703|DEBUG|ArtifactScraper|Parsing artifact substat: hp+269(unactivated)
2026-10-01 07:56:55.822|DEBUG|ArtifactScraper|Parsing artifact substat: hp+299
2026-10-01 07:56:55.822|DEBUG|ArtifactScraper|Parsing artifact substat: atk+5.8%
2026-10-01 07:56:55.822|DEBUG|ArtifactScraper|Parsing artifact substat: def+5.8%
2026-10-01 07:56:55.822|DEBUG|ArtifactScraper|Parsing artifact substat: def+21(unactivated)
2026-10-01 07:56:56.153|DEBUG|ArtifactScraper|Parsing artifact substat: hp+5.8%
2026-10-01 07:56:56.153|DEBUG|ArtifactScraper|Parsing artifact substat: def+5.1%
2026-10-01 07:56:56.153|DEBUG|ArtifactScraper|Parsing artifact substat: hp+269
2026-10-01 07:56:56.153|DEBUG|ArtifactScraper|Parsing artifact substat: critrate+3.1%(unactivated)
2026-10-01 07:56:56.200|DEBUG|ArtifactScraper|Parsing artifact substat: def+16
2026-10-01 07:56:56.200|DEBUG|ArtifactScraper|Parsing artifact substat: hp+299
2026-10-01 07:56:56.200|DEBUG|ArtifactScraper|Parsing artifact substat: elementalmastery+23
2026-10-01 07:56:56.200|DEBUG|ArtifactScraper|Parsing artifact substat: atk+19(unactivated)
2026-10-01 07:56:56.293|DEBUG|ArtifactScraper|Parsing artifact substat: def+6.6%
2026-10-01 07:56:56.293|DEBUG|ArtifactScraper|Parsing artifact substat: atk+5.8%
2026-10-01 07:56:56.293|DEBUG|ArtifactScraper|Parsing artifact substat: def+19
2026-10-01 07:56:56.293|DEBUG|ArtifactScraper|Parsing artifact substat: hp+299(unactivated)
2026-10-01 07:56:56.357|DEBUG|ArtifactScraper|Finished queuing page of artifacts. Scrolling...
2026-10-01 07:56:56.604|DEBUG|ArtifactScraper|Parsing artifact substat: critrate+3.5%
2026-10-01 07:56:56.604|DEBUG|ArtifactScraper|Parsing artifact substat: def+16
2026-10-01 07:56:56.604|DEBUG|ArtifactScraper|Parsing artifact substat: hp+299
2026-10-01 07:56:56.604|DEBUG|ArtifactScraper|Parsing artifact substat: atk+16
2026-10-01 07:56:56.615|DEBUG|ArtifactScraper|Parsing artifact substat: atk+4.1%
2026-10-01 07:56:56.615|DEBUG|ArtifactScraper|Parsing artifact substat: hp+299
2026-10-01 07:56:56.615|DEBUG|ArtifactScraper|Parsing artifact substat: atk+18
2026-10-01 07:56:56.615|DEBUG|ArtifactScraper|Parsing artifact substat: def+19(unactivated)
2026-10-01 07:56:56.903|DEBUG|ArtifactScraper|Parsing artifact substat: def+5.8%
2026-10-01 07:56:56.903|DEBUG|ArtifactScraper|Parsing artifact substat: elementalmastery+16
2026-10-01 07:56:56.903|DEBUG|ArtifactScraper|Parsing artifact substat: atk+14
2026-10-01 07:56:56.903|DEBUG|ArtifactScraper|Parsing artifact substat: def+16
2026-10-01 07:56:58.788|DEBUG|ArtifactScraper|Scanning artifact page 16
2026-10-01 07:56:58.788|DEBUG|ArtifactScraper|Located 32 possible item locations on page.
2026-10-01 07:56:59.281|DEBUG|ArtifactScraper|Parsing artifact substat: critdmg+6.2%
2026-10-01 07:56:59.281|DEBUG|ArtifactScraper|Parsing artifact substat: atk+16
2026-10-01 07:56:59.281|DEBUG|ArtifactScraper|Parsing artifact substat: elementalmastery+19
2026-10-01 07:56:59.281|DEBUG|ArtifactScraper|Parsing artifact substat: hp+299(unactivated)
2026-10-01 07:56:59.588|DEBUG|ArtifactScraper|Parsing artifact substat: def+21
2026-10-01 07:56:59.588|DEBUG|ArtifactScraper|Parsing artifact substat: atk+5.3%
2026-10-01 07:56:59.588|DEBUG|ArtifactScraper|Parsing artifact substat: energyrecharge+5.8%
2026-10-01 07:56:59.588|DEBUG|ArtifactScraper|Parsing artifact substat: atk+14(unactivated)
2026-10-01 07:56:59.665|DEBUG|ArtifactScraper|Parsing artifact substat: def+21
2026-10-01 07:56:59.665|DEBUG|ArtifactScraper|Parsing artifact substat: atk+19
2026-10-01 07:56:59.665|DEBUG|ArtifactScraper|Parsing artifact substat: critdmg+7.8%
2026-10-01 07:56:59.665|DEBUG|ArtifactScraper|Parsing artifact substat: hp+269(unactivated)
2026-10-01 07:56:59.901|DEBUG|ArtifactScraper|Parsing artifact substat: hp+5.8%
2026-10-01 07:56:59.901|DEBUG|ArtifactScraper|Parsing artifact substat: energyrecharge+4.5%
2026-10-01 07:56:59.901|DEBUG|ArtifactScraper|Parsing artifact substat: critrate+3.9%
2026-10-01 07:56:59.901|DEBUG|ArtifactScraper|Parsing artifact substat: def+23(unactivated)
2026-10-01 07:57:00.042|DEBUG|ArtifactScraper|Parsing artifact substat: atk+5.3%
2026-10-01 07:57:00.042|DEBUG|ArtifactScraper|Parsing artifact substat: def+23
2026-10-01 07:57:00.042|DEBUG|ArtifactScraper|Parsing artifact substat: atk+18
2026-10-01 07:57:00.042|DEBUG|ArtifactScraper|Parsing artifact substat: hp+269(unactivated)
2026-10-01 07:57:00.301|DEBUG|ArtifactScraper|Parsing artifact substat: def+19
2026-10-01 07:57:00.301|DEBUG|ArtifactScraper|Parsing artifact substat: hp+5.8%
2026-10-01 07:57:00.301|DEBUG|ArtifactScraper|Parsing artifact substat: energyrecharge+5.8%
2026-10-01 07:57:00.301|DEBUG|ArtifactScraper|Parsing artifact substat: critdmg+5.4%(unactivated)
2026-10-01 07:57:00.469|DEBUG|ArtifactScraper|Parsing artifact substat: hp+239
2026-10-01 07:57:00.469|DEBUG|ArtifactScraper|Parsing artifact substat: def+19
2026-10-01 07:57:00.469|DEBUG|ArtifactScraper|Parsing artifact substat: def+5.8%
2026-10-01 07:57:00.469|DEBUG|ArtifactScraper|Parsing artifact substat: elementalmastery+21
2026-10-01 07:57:00.667|DEBUG|ArtifactScraper|Parsing artifact substat: critrate+3.9%
2026-10-01 07:57:00.667|DEBUG|ArtifactScraper|Parsing artifact substat: energyrecharge+5.2%
2026-10-01 07:57:00.667|DEBUG|ArtifactScraper|Parsing artifact substat: def+19
2026-10-01 07:57:00.667|DEBUG|ArtifactScraper|Parsing artifact substat: elementalmastery+16
2026-10-01 07:57:00.769|DEBUG|ArtifactScraper|Parsing artifact substat: critdmg+5.4%
2026-10-01 07:57:00.769|DEBUG|ArtifactScraper|Parsing artifact substat: def+21
2026-10-01 07:57:00.769|DEBUG|ArtifactScraper|Parsing artifact substat: critrate+2.7%
2026-10-01 07:57:00.769|DEBUG|ArtifactScraper|Parsing artifact substat: atk+5.3%
2026-10-01 07:57:00.928|DEBUG|ArtifactScraper|Parsing artifact substat: def+21
2026-10-01 07:57:00.928|DEBUG|ArtifactScraper|Parsing artifact substat: def+5.8%
2026-10-01 07:57:00.928|DEBUG|ArtifactScraper|Parsing artifact substat: atk+14
2026-10-01 07:57:00.928|DEBUG|ArtifactScraper|Parsing artifact substat: elementalmastery+23
2026-10-01 07:57:01.103|DEBUG|ArtifactScraper|Parsing artifact substat: atk+19
2026-10-01 07:57:01.103|DEBUG|ArtifactScraper|Parsing artifact substat: atk+5.8%
2026-10-01 07:57:01.103|DEBUG|ArtifactScraper|Parsing artifact substat: elementalmastery+19
2026-10-01 07:57:01.103|DEBUG|ArtifactScraper|Parsing artifact substat: def+5.1%(unactivated)
2026-10-01 07:57:01.336|DEBUG|ArtifactScraper|Parsing artifact substat: def+19
2026-10-01 07:57:01.336|DEBUG|ArtifactScraper|Parsing artifact substat: atk+18
2026-10-01 07:57:01.336|DEBUG|ArtifactScraper|Parsing artifact substat: critrate+3.1%
2026-10-01 07:57:01.336|DEBUG|ArtifactScraper|Parsing artifact substat: elementalmastery+21
2026-10-01 07:57:01.473|DEBUG|ArtifactScraper|Parsing artifact substat: atk+18
2026-10-01 07:57:01.473|DEBUG|ArtifactScraper|Parsing artifact substat: atk+5.3%
2026-10-01 07:57:01.473|DEBUG|ArtifactScraper|Parsing artifact substat: def+6.6%
2026-10-01 07:57:01.473|DEBUG|ArtifactScraper|Parsing artifact substat: critrate+3.5%(unactivated)
2026-10-01 07:57:01.792|DEBUG|ArtifactScraper|Parsing artifact substat: def+16
2026-10-01 07:57:01.792|DEBUG|ArtifactScraper|Parsing artifact substat: atk+19
2026-10-01 07:57:01.792|DEBUG|ArtifactScraper|Parsing artifact substat: critrate+3.1%
2026-10-01 07:57:01.792|DEBUG|ArtifactScraper|Parsing artifact substat: elementalmastery+23
2026-10-01 07:57:01.957|DEBUG|ArtifactScraper|Parsing artifact substat: critdmg+7.0%
2026-10-01 07:57:01.957|DEBUG|ArtifactScraper|Parsing artifact substat: energyrecharge+4.5%
2026-10-01 07:57:01.957|DEBUG|ArtifactScraper|Parsing artifact substat: atk+16
2026-10-01 07:57:01.957|DEBUG|ArtifactScraper|Parsing artifact substat: def+5.1%(unactivated)
2026-10-01 07:57:02.111|DEBUG|ArtifactScraper|Parsing artifact substat: elementalmastery+21
2026-10-01 07:57:02.111|DEBUG|ArtifactScraper|Parsing artifact substat: atk+18
2026-10-01 07:57:02.111|DEBUG|ArtifactScraper|Parsing artifact substat: atk+5.8%
2026-10-01 07:57:02.111|DEBUG|ArtifactScraper|Parsing artifact substat: def+6.6%(unactivated)
2026-10-01 07:57:02.281|DEBUG|ArtifactScraper|Parsing artifact substat: energyrecharge+5.2%
2026-10-01 07:57:02.281|DEBUG|ArtifactScraper|Parsing artifact substat: def+23
2026-10-01 07:57:02.281|DEBUG|ArtifactScraper|Parsing artifact substat: atk+14
2026-10-01 07:57:02.281|DEBUG|ArtifactScraper|Parsing artifact substat: elementalmastery+23
2026-10-01 07:57:02.395|DEBUG|ArtifactScraper|Parsing artifact substat: atk+16
2026-10-01 07:57:02.395|DEBUG|ArtifactScraper|Parsing artifact substat: energyrecharge+6.5%
2026-10-01 07:57:02.395|DEBUG|ArtifactScraper|Parsing artifact substat: def+16
2026-10-01 07:57:02.395|DEBUG|ArtifactScraper|Parsing artifact substat: atk+4.1%(unactivated)
2026-10-01 07:57:02.724|DEBUG|ArtifactScraper|Parsing artifact substat: elementalmastery+21
2026-10-01 07:57:02.724|DEBUG|ArtifactScraper|Parsing artifact substat: hp+239
2026-10-01 07:57:02.724|DEBUG|ArtifactScraper|Parsing artifact substat: critdmg+7.8%
2026-10-01 07:57:02.724|DEBUG|ArtifactScraper|Parsing artifact substat: atk+5.8%(unactivated)
2026-10-01 07:57:02.784|DEBUG|ArtifactScraper|Parsing artifact substat: def+19
2026-10-01 07:57:02.785|DEBUG|ArtifactScraper|Parsing artifact substat: def+6.6%
2026-10-01 07:57:02.785|DEBUG|ArtifactScraper|Parsing artifact substat: critdmg+7.8%
2026-10-01 07:57:02.785|DEBUG|ArtifactScraper|Parsing artifact substat: energyrecharge+5.2%
2026-10-01 07:57:03.056|DEBUG|ArtifactScraper|Parsing artifact substat: hp+269
2026-10-01 07:57:03.056|DEBUG|ArtifactScraper|Parsing artifact substat: atk+4.7%
2026-10-01 07:57:03.056|DEBUG|ArtifactScraper|Parsing artifact substat: critrate+3.9%
2026-10-01 07:57:03.056|DEBUG|ArtifactScraper|Parsing artifact substat: energyrecharge+6.5%
2026-10-01 07:57:03.155|DEBUG|ArtifactScraper|Parsing artifact substat: critrate+3.9%
2026-10-01 07:57:03.155|DEBUG|ArtifactScraper|Parsing artifact substat: hp+299
2026-10-01 07:57:03.155|DEBUG|ArtifactScraper|Parsing artifact substat: critdmg+6.2%
2026-10-01 07:57:03.155|DEBUG|ArtifactScraper|Parsing artifact substat: atk+4.7%(unactivated)
2026-10-01 07:57:03.454|DEBUG|ArtifactScraper|Parsing artifact substat: def+16
2026-10-01 07:57:03.454|DEBUG|ArtifactScraper|Parsing artifact substat: hp+209
2026-10-01 07:57:03.454|DEBUG|ArtifactScraper|Parsing artifact substat: atk+5.8%
2026-10-01 07:57:03.454|DEBUG|ArtifactScraper|Parsing artifact substat: hp+5.8%(unactivated)
2026-10-01 07:57:03.546|DEBUG|ArtifactScraper|Parsing artifact substat: critdmg+5.4%
2026-10-01 07:57:03.546|DEBUG|ArtifactScraper|Parsing artifact substat: elementalmastery+16
2026-10-01 07:57:03.546|DEBUG|ArtifactScraper|Parsing artifact substat: def+19
2026-10-01 07:57:03.546|DEBUG|ArtifactScraper|Parsing artifact substat: hp+5.8%(unactivated)
2026-10-01 07:57:03.646|DEBUG|ArtifactScraper|Parsing artifact substat: atk+5.3%
2026-10-01 07:57:03.646|DEBUG|ArtifactScraper|Parsing artifact substat: critdmg+7.8%
2026-10-01 07:57:03.646|DEBUG|ArtifactScraper|Parsing artifact substat: hp+269
2026-10-01 07:57:03.646|DEBUG|ArtifactScraper|Parsing artifact substat: energyrecharge+5.8%
2026-10-01 07:57:03.927|DEBUG|ArtifactScraper|Parsing artifact substat: hp+239
2026-10-01 07:57:03.927|DEBUG|ArtifactScraper|Parsing artifact substat: def+19
2026-10-01 07:57:03.927|DEBUG|ArtifactScraper|Parsing artifact substat: energyrecharge+5.8%
2026-10-01 07:57:03.927|DEBUG|ArtifactScraper|Parsing artifact substat: atk+4.1%(unactivated)
2026-10-01 07:57:04.008|DEBUG|ArtifactScraper|Parsing artifact substat: def+19
2026-10-01 07:57:04.008|DEBUG|ArtifactScraper|Parsing artifact substat: hp+5.3%
2026-10-01 07:57:04.008|DEBUG|ArtifactScraper|Parsing artifact substat: critdmg+6.2%
2026-10-01 07:57:04.008|DEBUG|ArtifactScraper|Parsing artifact substat: def+7.3%(unactivated)
2026-10-01 07:57:04.348|DEBUG|ArtifactScraper|Parsing artifact substat: def+16
2026-10-01 07:57:04.348|DEBUG|ArtifactScraper|Parsing artifact substat: critrate+3.5%
2026-10-01 07:57:04.348|DEBUG|ArtifactScraper|Parsing artifact substat: atk+5.8%
2026-10-01 07:57:04.348|DEBUG|ArtifactScraper|Parsing artifact substat: elementalmastery+19
2026-10-01 07:57:04.366|DEBUG|ArtifactScraper|Parsing artifact substat: elementalmastery+19
2026-10-01 07:57:04.366|DEBUG|ArtifactScraper|Parsing artifact substat: critdmg+6.2%
2026-10-01 07:57:04.366|DEBUG|ArtifactScraper|Parsing artifact substat: def+7.3%
2026-10-01 07:57:04.366|DEBUG|ArtifactScraper|Parsing artifact substat: atk+4.1%(unactivated)
2026-10-01 07:57:04.418|DEBUG|ArtifactScraper|Finished queuing page of artifacts. Scrolling...
2026-10-01 07:57:04.711|DEBUG|ArtifactScraper|Parsing artifact substat: hp+209
2026-10-01 07:57:04.711|DEBUG|ArtifactScraper|Parsing artifact substat: critrate+3.5%
2026-10-01 07:57:04.711|DEBUG|ArtifactScraper|Parsing artifact substat: hp+4.1%
2026-10-01 07:57:04.711|DEBUG|ArtifactScraper|Parsing artifact substat: def+16(unactivated)
2026-10-01 07:57:04.771|DEBUG|ArtifactScraper|Parsing artifact substat: elementalmastery+19
2026-10-01 07:57:04.771|DEBUG|ArtifactScraper|Parsing artifact substat: hp+4.1%
2026-10-01 07:57:04.771|DEBUG|ArtifactScraper|Parsing artifact substat: critrate+3.9%
2026-10-01 07:57:04.771|DEBUG|ArtifactScraper|Parsing artifact substat: atk+19
2026-10-01 07:57:04.822|DEBUG|ArtifactScraper|Parsing artifact substat: def+19
2026-10-01 07:57:04.822|DEBUG|ArtifactScraper|Parsing artifact substat: elementalmastery+19
2026-10-01 07:57:04.822|DEBUG|ArtifactScraper|Parsing artifact substat: critdmg+7.0%
2026-10-01 07:57:04.822|DEBUG|ArtifactScraper|Parsing artifact substat: atk+5.8%(unactivated)
2026-10-01 07:57:06.538|DEBUG|ArtifactScraper|Scanning artifact page 17
2026-10-01 07:57:06.538|DEBUG|ArtifactScraper|Located 32 possible item locations on page.
2026-10-01 07:57:07.070|DEBUG|ArtifactScraper|Parsing artifact substat: critrate+3.9%
2026-10-01 07:57:07.070|DEBUG|ArtifactScraper|Parsing artifact substat: energyrecharge+5.2%
2026-10-01 07:57:07.070|DEBUG|ArtifactScraper|Parsing artifact substat: atk+16
2026-10-01 07:57:07.070|DEBUG|ArtifactScraper|Parsing artifact substat: def+21
2026-10-01 07:57:07.173|DEBUG|ArtifactScraper|Parsing artifact substat: hp+269
2026-10-01 07:57:07.173|DEBUG|ArtifactScraper|Parsing artifact substat: elementalmastery+23
2026-10-01 07:57:07.173|DEBUG|ArtifactScraper|Parsing artifact substat: critdmg+7.0%
2026-10-01 07:57:07.173|DEBUG|ArtifactScraper|Parsing artifact substat: def+16(unactivated)
2026-10-01 07:57:07.407|DEBUG|ArtifactScraper|Parsing artifact substat: critdmg+7.0%
2026-10-01 07:57:07.407|DEBUG|ArtifactScraper|Parsing artifact substat: hp+5.8%
2026-10-01 07:57:07.407|DEBUG|ArtifactScraper|Parsing artifact substat: energyrecharge+4.5%
2026-10-01 07:57:07.407|DEBUG|ArtifactScraper|Parsing artifact substat: def+23(unactivated)
2026-10-01 07:57:07.507|DEBUG|ArtifactScraper|Parsing artifact substat: hp+4.1%
2026-10-01 07:57:07.507|DEBUG|ArtifactScraper|Parsing artifact substat: def+21
2026-10-01 07:57:07.507|DEBUG|ArtifactScraper|Parsing artifact substat: elementalmastery+16
2026-10-01 07:57:07.507|DEBUG|ArtifactScraper|Parsing artifact substat: energyrecharge+4.5%
2026-10-01 07:57:07.722|DEBUG|ArtifactScraper|Parsing artifact substat: def+16
2026-10-01 07:57:07.722|DEBUG|ArtifactScraper|Parsing artifact substat: def+5.1%
2026-10-01 07:57:07.722|DEBUG|ArtifactScraper|Parsing artifact substat: hp+299
2026-10-01 07:57:07.723|DEBUG|ArtifactScraper|Parsing artifact substat: hp+4.1%
2026-10-01 07:57:07.863|DEBUG|ArtifactScraper|Parsing artifact substat: elementalmastery+19
2026-10-01 07:57:07.863|DEBUG|ArtifactScraper|Parsing artifact substat: atk+18
2026-10-01 07:57:07.863|DEBUG|ArtifactScraper|Parsing artifact substat: hp+239
2026-10-01 07:57:07.863|DEBUG|ArtifactScraper|Parsing artifact substat: atk+5.8%(unactivated)
2026-10-01 07:57:08.060|DEBUG|ArtifactScraper|Parsing artifact substat: energyrecharge+5.8%
2026-10-01 07:57:08.060|DEBUG|ArtifactScraper|Parsing artifact substat: def+5.1%
2026-10-01 07:57:08.060|DEBUG|ArtifactScraper|Parsing artifact substat: hp+4.7%
2026-10-01 07:57:08.060|DEBUG|ArtifactScraper|Parsing artifact substat: def+16(unactivated)
2026-10-01 07:57:08.229|DEBUG|ArtifactScraper|Parsing artifact substat: atk+14
2026-10-01 07:57:08.229|DEBUG|ArtifactScraper|Parsing artifact substat: critdmg+7.0%
2026-10-01 07:57:08.229|DEBUG|ArtifactScraper|Parsing artifact substat: elementalmastery+23
2026-10-01 07:57:08.229|DEBUG|ArtifactScraper|Parsing artifact substat: def+19(unactivated)
2026-10-01 07:57:08.385|DEBUG|ArtifactScraper|Parsing artifact substat: atk+18
2026-10-01 07:57:08.385|DEBUG|ArtifactScraper|Parsing artifact substat: def+23
2026-10-01 07:57:08.385|DEBUG|ArtifactScraper|Parsing artifact substat: hp+239
2026-10-01 07:57:08.385|DEBUG|ArtifactScraper|Parsing artifact substat: elementalmastery+23
2026-10-01 07:57:08.592|DEBUG|ArtifactScraper|Parsing artifact substat: elementalmastery+19
2026-10-01 07:57:08.592|DEBUG|ArtifactScraper|Parsing artifact substat: atk+4.7%
2026-10-01 07:57:08.592|DEBUG|ArtifactScraper|Parsing artifact substat: def+21
2026-10-01 07:57:08.592|DEBUG|ArtifactScraper|Parsing artifact substat: def+7.3%(unactivated)
2026-10-01 07:57:08.733|DEBUG|ArtifactScraper|Parsing artifact substat: atk+5.3%
2026-10-01 07:57:08.733|DEBUG|ArtifactScraper|Parsing artifact substat: hp+209
2026-10-01 07:57:08.733|DEBUG|ArtifactScraper|Parsing artifact substat: critrate+3.1%
2026-10-01 07:57:08.733|DEBUG|ArtifactScraper|Parsing artifact substat: def+23(unactivated)
2026-10-01 07:57:08.940|DEBUG|ArtifactScraper|Parsing artifact substat: def+19
2026-10-01 07:57:08.940|DEBUG|ArtifactScraper|Parsing artifact substat: atk+19
2026-10-01 07:57:08.940|DEBUG|ArtifactScraper|Parsing artifact substat: critdmg+7.0%
2026-10-01 07:57:08.940|DEBUG|ArtifactScraper|Parsing artifact substat: hp+269(unactivated)
2026-10-01 07:57:09.093|DEBUG|ArtifactScraper|Parsing artifact substat: def+6.6%
2026-10-01 07:57:09.093|DEBUG|ArtifactScraper|Parsing artifact substat: def+19
2026-10-01 07:57:09.093|DEBUG|ArtifactScraper|Parsing artifact substat: elementalmastery+19
2026-10-01 07:57:09.093|DEBUG|ArtifactScraper|Parsing artifact substat: critdmg+6.2%
2026-10-01 07:57:09.306|DEBUG|ArtifactScraper|Parsing artifact substat: hp+4.7%
2026-10-01 07:57:09.306|DEBUG|ArtifactScraper|Parsing artifact substat: atk+5.8%
2026-10-01 07:57:09.306|DEBUG|ArtifactScraper|Parsing artifact substat: critrate+2.7%
2026-10-01 07:57:09.306|DEBUG|ArtifactScraper|Parsing artifact substat: atk+14
2026-10-01 07:57:09.403|DEBUG|ArtifactScraper|Parsing artifact substat: hp+5.8%
2026-10-01 07:57:09.403|DEBUG|ArtifactScraper|Parsing artifact substat: def+7.3%
2026-10-01 07:57:09.403|DEBUG|ArtifactScraper|Parsing artifact substat: atk+19
2026-10-01 07:57:09.403|DEBUG|ArtifactScraper|Parsing artifact substat: energyrecharge+6.5%
2026-10-01 07:57:09.711|DEBUG|ArtifactScraper|Parsing artifact substat: critrate+3.9%
2026-10-01 07:57:09.711|DEBUG|ArtifactScraper|Parsing artifact substat: elementalmastery+21
2026-10-01 07:57:09.711|DEBUG|ArtifactScraper|Parsing artifact substat: def+16
2026-10-01 07:57:09.711|DEBUG|ArtifactScraper|Parsing artifact substat: critdmg+6.2%(unactivated)
2026-10-01 07:57:09.787|DEBUG|ArtifactScraper|Parsing artifact substat: hp+209
2026-10-01 07:57:09.787|DEBUG|ArtifactScraper|Parsing artifact substat: def+16
2026-10-01 07:57:09.787|DEBUG|ArtifactScraper|Parsing artifact substat: atk+5.8%
2026-10-01 07:57:09.787|DEBUG|ArtifactScraper|Parsing artifact substat: hp+4.7%(unactivated)
2026-10-01 07:57:10.036|DEBUG|ArtifactScraper|Parsing artifact substat: energyrecharge+4.5%
2026-10-01 07:57:10.036|DEBUG|ArtifactScraper|Parsing artifact substat: hp+5.3%
2026-10-01 07:57:10.036|DEBUG|ArtifactScraper|Parsing artifact substat: critrate+3.9%
2026-10-01 07:57:10.036|DEBUG|ArtifactScraper|Parsing artifact substat: hp+209(unactivated)
2026-10-01 07:57:10.120|DEBUG|ArtifactScraper|Parsing artifact substat: critdmg+5.4%
2026-10-01 07:57:10.120|DEBUG|ArtifactScraper|Parsing artifact substat: hp+269
2026-10-01 07:57:10.120|DEBUG|ArtifactScraper|Parsing artifact substat: atk+4.1%
2026-10-01 07:57:10.120|DEBUG|ArtifactScraper|Parsing artifact substat: def+5.8%(unactivated)
2026-10-01 07:57:10.391|DEBUG|ArtifactScraper|Parsing artifact substat: atk+19
2026-10-01 07:57:10.391|DEBUG|ArtifactScraper|Parsing artifact substat: elementalmastery+19
2026-10-01 07:57:10.391|DEBUG|ArtifactScraper|Parsing artifact substat: def+6.6%
2026-10-01 07:57:10.391|DEBUG|ArtifactScraper|Parsing artifact substat: def+19
2026-10-01 07:57:10.418|DEBUG|ArtifactScraper|Parsing artifact substat: atk+19
2026-10-01 07:57:10.418|DEBUG|ArtifactScraper|Parsing artifact substat: hp+209
2026-10-01 07:57:10.418|DEBUG|ArtifactScraper|Parsing artifact substat: hp+4.1%
2026-10-01 07:57:10.418|DEBUG|ArtifactScraper|Parsing artifact substat: energyrecharge+4.5%
2026-10-01 07:57:10.741|DEBUG|ArtifactScraper|Parsing artifact substat: hp+4.7%
2026-10-01 07:57:10.741|DEBUG|ArtifactScraper|Parsing artifact substat: atk+18
2026-10-01 07:57:10.741|DEBUG|ArtifactScraper|Parsing artifact substat: atk+4.1%
2026-10-01 07:57:10.741|DEBUG|ArtifactScraper|Parsing artifact substat: elementalmastery+16
2026-10-01 07:57:10.816|DEBUG|ArtifactScraper|Parsing artifact substat: hp+239
2026-10-01 07:57:10.816|DEBUG|ArtifactScraper|Parsing artifact substat: critdmg+5.4%
2026-10-01 07:57:10.816|DEBUG|ArtifactScraper|Parsing artifact substat: elementalmastery+16
2026-10-01 07:57:10.816|DEBUG|ArtifactScraper|Parsing artifact substat: def+21(unactivated)
2026-10-01 07:57:11.057|DEBUG|ArtifactScraper|Parsing artifact substat: hp+269
2026-10-01 07:57:11.057|DEBUG|ArtifactScraper|Parsing artifact substat: def+5.8%
2026-10-01 07:57:11.057|DEBUG|ArtifactScraper|Parsing artifact substat: critdmg+7.8%
2026-10-01 07:57:11.057|DEBUG|ArtifactScraper|Parsing artifact substat: atk+5.8%(unactivated)
2026-10-01 07:57:11.148|DEBUG|ArtifactScraper|Parsing artifact substat: atk+19
2026-10-01 07:57:11.148|DEBUG|ArtifactScraper|Parsing artifact substat: def+21
2026-10-01 07:57:11.148|DEBUG|ArtifactScraper|Parsing artifact substat: def+6.6%
2026-10-01 07:57:11.148|DEBUG|ArtifactScraper|Parsing artifact substat: hp+5.3%(unactivated)
2026-10-01 07:57:11.469|DEBUG|ArtifactScraper|Parsing artifact substat: atk+16
2026-10-01 07:57:11.469|DEBUG|ArtifactScraper|Parsing artifact substat: hp+209
2026-10-01 07:57:11.469|DEBUG|ArtifactScraper|Parsing artifact substat: energyrecharge+6.5%
2026-10-01 07:57:11.469|DEBUG|ArtifactScraper|Parsing artifact substat: atk+5.8%
2026-10-01 07:57:11.477|DEBUG|ArtifactScraper|Parsing artifact substat: elementalmastery+16
2026-10-01 07:57:11.477|DEBUG|ArtifactScraper|Parsing artifact substat: def+16
2026-10-01 07:57:11.477|DEBUG|ArtifactScraper|Parsing artifact substat: atk+19
2026-10-01 07:57:11.477|DEBUG|ArtifactScraper|Parsing artifact substat: critrate+3.1%(unactivated)
2026-10-01 07:57:11.842|DEBUG|ArtifactScraper|Parsing artifact substat: atk+18
2026-10-01 07:57:11.842|DEBUG|ArtifactScraper|Parsing artifact substat: atk+4.7%
2026-10-01 07:57:11.842|DEBUG|ArtifactScraper|Parsing artifact substat: def+23
2026-10-01 07:57:11.842|DEBUG|ArtifactScraper|Parsing artifact substat: hp+5.3%(unactivated)
2026-10-01 07:57:11.935|DEBUG|ArtifactScraper|Parsing artifact substat: def+16
2026-10-01 07:57:11.935|DEBUG|ArtifactScraper|Parsing artifact substat: critrate+2.7%
2026-10-01 07:57:11.935|DEBUG|ArtifactScraper|Parsing artifact substat: atk+16
2026-10-01 07:57:11.935|DEBUG|ArtifactScraper|Parsing artifact substat: atk+5.3%(unactivated)
2026-10-01 07:57:12.041|DEBUG|ArtifactScraper|Finished queuing page of artifacts. Scrolling...
2026-10-01 07:57:12.156|DEBUG|ArtifactScraper|Parsing artifact substat: hp+209
2026-10-01 07:57:12.156|DEBUG|ArtifactScraper|Parsing artifact substat: hp+5.8%
2026-10-01 07:57:12.156|DEBUG|ArtifactScraper|Parsing artifact substat: def+5.8%
2026-10-01 07:57:12.156|DEBUG|ArtifactScraper|Parsing artifact substat: energyrecharge+5.8%
2026-10-01 07:57:12.253|DEBUG|ArtifactScraper|Parsing artifact substat: hp+4.1%
2026-10-01 07:57:12.253|DEBUG|ArtifactScraper|Parsing artifact substat: def+21
2026-10-01 07:57:12.253|DEBUG|ArtifactScraper|Parsing artifact substat: energyrecharge+6.5%
2026-10-01 07:57:12.253|DEBUG|ArtifactScraper|Parsing artifact substat: atk+19(unactivated)
2026-10-01 07:57:12.502|DEBUG|ArtifactScraper|Parsing artifact substat: hp+5.3%
2026-10-01 07:57:12.502|DEBUG|ArtifactScraper|Parsing artifact substat: def+7.3%
2026-10-01 07:57:12.502|DEBUG|ArtifactScraper|Parsing artifact substat: def+21
2026-10-01 07:57:12.502|DEBUG|ArtifactScraper|Parsing artifact substat: critdmg+6.2%(unactivated)
2026-10-01 07:57:14.138|DEBUG|ArtifactScraper|Scanning artifact page 18
2026-10-01 07:57:14.138|DEBUG|ArtifactScraper|Located 32 possible item locations on page.
2026-10-01 07:57:14.553|DEBUG|ArtifactScraper|Parsing artifact substat: critrate+2.7%
2026-10-01 07:57:14.553|DEBUG|ArtifactScraper|Parsing artifact substat: atk+14
2026-10-01 07:57:14.553|DEBUG|ArtifactScraper|Parsing artifact substat: elementalmastery+21
2026-10-01 07:57:14.553|DEBUG|ArtifactScraper|Parsing artifact substat: energyrecharge+4.5%
2026-10-01 07:57:14.878|DEBUG|ArtifactScraper|Parsing artifact substat: elementalmastery+23
2026-10-01 07:57:14.878|DEBUG|ArtifactScraper|Parsing artifact substat: energyrecharge+6.5%
2026-10-01 07:57:14.878|DEBUG|ArtifactScraper|Parsing artifact substat: critdmg+7.8%
2026-10-01 07:57:14.878|DEBUG|ArtifactScraper|Parsing artifact substat: atk+14
2026-10-01 07:57:14.897|DEBUG|ArtifactScraper|Parsing artifact substat: hp+4.1%
2026-10-01 07:57:14.897|DEBUG|ArtifactScraper|Parsing artifact substat: atk+19
2026-10-01 07:57:14.897|DEBUG|ArtifactScraper|Parsing artifact substat: hp+239
2026-10-01 07:57:14.897|DEBUG|ArtifactScraper|Parsing artifact substat: critrate+2.7%(unactivated)
2026-10-01 07:57:15.222|DEBUG|ArtifactScraper|Parsing artifact substat: elementalmastery+19
2026-10-01 07:57:15.222|DEBUG|ArtifactScraper|Parsing artifact substat: energyrecharge+6.5%
2026-10-01 07:57:15.222|DEBUG|ArtifactScraper|Parsing artifact substat: atk+4.7%
2026-10-01 07:57:15.222|DEBUG|ArtifactScraper|Parsing artifact substat: def+23(unactivated)
2026-10-01 07:57:15.593|DEBUG|ArtifactScraper|Parsing artifact substat: def+16
2026-10-01 07:57:15.593|DEBUG|ArtifactScraper|Parsing artifact substat: energyrecharge+5.2%
2026-10-01 07:57:15.593|DEBUG|ArtifactScraper|Parsing artifact substat: atk+5.8%
2026-10-01 07:57:15.593|DEBUG|ArtifactScraper|Parsing artifact substat: critdmg+6.2%
2026-10-01 07:57:15.644|DEBUG|ArtifactScraper|Parsing artifact substat: energyrecharge+6.5%
2026-10-01 07:57:15.644|DEBUG|ArtifactScraper|Parsing artifact substat: atk+18
2026-10-01 07:57:15.644|DEBUG|ArtifactScraper|Parsing artifact substat: elementalmastery+23
2026-10-01 07:57:15.644|DEBUG|ArtifactScraper|Parsing artifact substat: def+7.3%(unactivated)
2026-10-01 07:57:15.644|DEBUG|ArtifactScraper|Parsing artifact substat: def+23
2026-10-01 07:57:15.644|DEBUG|ArtifactScraper|Parsing artifact substat: def+7.3%
2026-10-01 07:57:15.644|DEBUG|ArtifactScraper|Parsing artifact substat: atk+14
2026-10-01 07:57:15.644|DEBUG|ArtifactScraper|Parsing artifact substat: atk+5.8%(unactivated)
2026-10-01 07:57:15.980|DEBUG|ArtifactScraper|Parsing artifact substat: def+5.1%
2026-10-01 07:57:15.980|DEBUG|ArtifactScraper|Parsing artifact substat: def+23
2026-10-01 07:57:15.980|DEBUG|ArtifactScraper|Parsing artifact substat: energyrecharge+6.5%
2026-10-01 07:57:15.980|DEBUG|ArtifactScraper|Parsing artifact substat: atk+16(unactivated)
2026-10-01 07:57:16.031|DEBUG|ArtifactScraper|Parsing artifact substat: def+5.8%
2026-10-01 07:57:16.031|DEBUG|ArtifactScraper|Parsing artifact substat: hp+5.3%
2026-10-01 07:57:16.031|DEBUG|ArtifactScraper|Parsing artifact substat: atk+18
2026-10-01 07:57:16.031|DEBUG|ArtifactScraper|Parsing artifact substat: critrate+3.5%(unactivated)
2026-10-01 07:57:16.293|DEBUG|ArtifactScraper|Parsing artifact substat: atk+19
2026-10-01 07:57:16.293|DEBUG|ArtifactScraper|Parsing artifact substat: elementalmastery+16
2026-10-01 07:57:16.293|DEBUG|ArtifactScraper|Parsing artifact substat: critdmg+7.8%
2026-10-01 07:57:16.293|DEBUG|ArtifactScraper|Parsing artifact substat: def+16(unactivated)
2026-10-01 07:57:16.361|DEBUG|ArtifactScraper|Parsing artifact substat: atk+19
2026-10-01 07:57:16.361|DEBUG|ArtifactScraper|Parsing artifact substat: def+19
2026-10-01 07:57:16.361|DEBUG|ArtifactScraper|Parsing artifact substat: critdmg+6.2%
2026-10-01 07:57:16.361|DEBUG|ArtifactScraper|Parsing artifact substat: energyrecharge+6.5%
2026-10-01 07:57:16.677|DEBUG|ArtifactScraper|Parsing artifact substat: hp+239
2026-10-01 07:57:16.677|DEBUG|ArtifactScraper|Parsing artifact substat: atk+5.8%
2026-10-01 07:57:16.677|DEBUG|ArtifactScraper|Parsing artifact substat: elementalmastery+19
2026-10-01 07:57:16.677|DEBUG|ArtifactScraper|Parsing artifact substat: energyrecharge+4.5%
2026-10-01 07:57:16.677|DEBUG|ArtifactScraper|Parsing artifact substat: hp+299
2026-10-01 07:57:16.677|DEBUG|ArtifactScraper|Parsing artifact substat: critdmg+6.2%
2026-10-01 07:57:16.677|DEBUG|ArtifactScraper|Parsing artifact substat: hp+5.8%
2026-10-01 07:57:16.677|DEBUG|ArtifactScraper|Parsing artifact substat: def+21(unactivated)
2026-10-01 07:57:17.001|DEBUG|ArtifactScraper|Parsing artifact substat: hp+5.3%
2026-10-01 07:57:17.001|DEBUG|ArtifactScraper|Parsing artifact substat: elementalmastery+23
2026-10-01 07:57:17.001|DEBUG|ArtifactScraper|Parsing artifact substat: critrate+3.1%
2026-10-01 07:57:17.001|DEBUG|ArtifactScraper|Parsing artifact substat: atk+5.3%(unactivated)
2026-10-01 07:57:17.039|DEBUG|ArtifactScraper|Parsing artifact substat: def+23
2026-10-01 07:57:17.039|DEBUG|ArtifactScraper|Parsing artifact substat: atk+5.8%
2026-10-01 07:57:17.039|DEBUG|ArtifactScraper|Parsing artifact substat: hp+239
2026-10-01 07:57:17.039|DEBUG|ArtifactScraper|Parsing artifact substat: hp+4.1%(unactivated)
2026-10-01 07:57:17.308|DEBUG|ArtifactScraper|Parsing artifact substat: hp+269
2026-10-01 07:57:17.308|DEBUG|ArtifactScraper|Parsing artifact substat: atk+4.1%
2026-10-01 07:57:17.308|DEBUG|ArtifactScraper|Parsing artifact substat: def+21
2026-10-01 07:57:17.308|DEBUG|ArtifactScraper|Parsing artifact substat: def+7.3%(unactivated)
2026-10-01 07:57:17.360|DEBUG|ArtifactScraper|Parsing artifact substat: hp+5.3%
2026-10-01 07:57:17.360|DEBUG|ArtifactScraper|Parsing artifact substat: def+23
2026-10-01 07:57:17.360|DEBUG|ArtifactScraper|Parsing artifact substat: hp+209
2026-10-01 07:57:17.360|DEBUG|ArtifactScraper|Parsing artifact substat: energyrecharge+5.2%
2026-10-01 07:57:17.676|DEBUG|ArtifactScraper|Parsing artifact substat: elementalmastery+16
2026-10-01 07:57:17.676|DEBUG|ArtifactScraper|Parsing artifact substat: hp+299
2026-10-01 07:57:17.676|DEBUG|ArtifactScraper|Parsing artifact substat: def+23
2026-10-01 07:57:17.676|DEBUG|ArtifactScraper|Parsing artifact substat: critrate+3.1%(unactivated)
2026-10-01 07:57:17.703|DEBUG|ArtifactScraper|Parsing artifact substat: hp+239
2026-10-01 07:57:17.703|DEBUG|ArtifactScraper|Parsing artifact substat: def+19
2026-10-01 07:57:17.703|DEBUG|ArtifactScraper|Parsing artifact substat: def+5.8%
2026-10-01 07:57:17.703|DEBUG|ArtifactScraper|Parsing artifact substat: energyrecharge+5.8%
2026-10-01 07:57:17.972|DEBUG|ArtifactScraper|Parsing artifact substat: hp+5.8%
2026-10-01 07:57:17.972|DEBUG|ArtifactScraper|Parsing artifact substat: energyrecharge+5.8%
2026-10-01 07:57:17.972|DEBUG|ArtifactScraper|Parsing artifact substat: elementalmastery+19
2026-10-01 07:57:17.972|DEBUG|ArtifactScraper|Parsing artifact substat: def+16
2026-10-01 07:57:18.045|DEBUG|ArtifactScraper|Parsing artifact substat: def+23
2026-10-01 07:57:18.045|DEBUG|ArtifactScraper|Parsing artifact substat: elementalmastery+23
2026-10-01 07:57:18.045|DEBUG|ArtifactScraper|Parsing artifact substat: def+7.3%
2026-10-01 07:57:18.045|DEBUG|ArtifactScraper|Parsing artifact substat: hp+239
2026-10-01 07:57:18.383|DEBUG|ArtifactScraper|Parsing artifact substat: atk+18
2026-10-01 07:57:18.383|DEBUG|ArtifactScraper|Parsing artifact substat: atk+5.3%
2026-10-01 07:57:18.383|DEBUG|ArtifactScraper|Parsing artifact substat: energyrecharge+5.2%
2026-10-01 07:57:18.383|DEBUG|ArtifactScraper|Parsing artifact substat: def+21(unactivated)
2026-10-01 07:57:18.467|DEBUG|ArtifactScraper|Parsing artifact substat: def+19
2026-10-01 07:57:18.467|DEBUG|ArtifactScraper|Parsing artifact substat: hp+4.1%
2026-10-01 07:57:18.467|DEBUG|ArtifactScraper|Parsing artifact substat: atk+14
2026-10-01 07:57:18.467|DEBUG|ArtifactScraper|Parsing artifact substat: elementalmastery+21
2026-10-01 07:57:18.651|DEBUG|ArtifactScraper|Parsing artifact substat: hp+239
2026-10-01 07:57:18.651|DEBUG|ArtifactScraper|Parsing artifact substat: atk+5.8%
2026-10-01 07:57:18.651|DEBUG|ArtifactScraper|Parsing artifact substat: hp+4.7%
2026-10-01 07:57:18.651|DEBUG|ArtifactScraper|Parsing artifact substat: atk+19(unactivated)
2026-10-01 07:57:18.821|DEBUG|ArtifactScraper|Parsing artifact substat: energyrecharge+5.2%
2026-10-01 07:57:18.821|DEBUG|ArtifactScraper|Parsing artifact substat: critrate+3.9%
2026-10-01 07:57:18.821|DEBUG|ArtifactScraper|Parsing artifact substat: atk+5.8%
2026-10-01 07:57:18.821|DEBUG|ArtifactScraper|Parsing artifact substat: hp+299(unactivated)
2026-10-01 07:57:19.088|DEBUG|ArtifactScraper|Parsing artifact substat: energyrecharge+5.8%
2026-10-01 07:57:19.088|DEBUG|ArtifactScraper|Parsing artifact substat: hp+299
2026-10-01 07:57:19.088|DEBUG|ArtifactScraper|Parsing artifact substat: def+23
2026-10-01 07:57:19.088|DEBUG|ArtifactScraper|Parsing artifact substat: atk+14(unactivated)
2026-10-01 07:57:19.335|DEBUG|ArtifactScraper|Parsing artifact substat: elementalmastery+21
2026-10-01 07:57:19.335|DEBUG|ArtifactScraper|Parsing artifact substat: critdmg+7.8%
2026-10-01 07:57:19.335|DEBUG|ArtifactScraper|Parsing artifact substat: def+21
2026-10-01 07:57:19.335|DEBUG|ArtifactScraper|Parsing artifact substat: atk+4.1%(unactivated)
2026-10-01 07:57:19.443|DEBUG|ArtifactScraper|Parsing artifact substat: def+19
2026-10-01 07:57:19.443|DEBUG|ArtifactScraper|Parsing artifact substat: hp+299
2026-10-01 07:57:19.443|DEBUG|ArtifactScraper|Parsing artifact substat: elementalmastery+19
2026-10-01 07:57:19.443|DEBUG|ArtifactScraper|Parsing artifact substat: def+5.8%
2026-10-01 07:57:19.552|DEBUG|ArtifactScraper|Parsing artifact substat: energyrecharge+5.2%
2026-10-01 07:57:19.552|DEBUG|ArtifactScraper|Parsing artifact substat: def+19
2026-10-01 07:57:19.552|DEBUG|ArtifactScraper|Parsing artifact substat: atk+16
2026-10-01 07:57:19.552|DEBUG|ArtifactScraper|Parsing artifact substat: atk+5.8%(unactivated)
2026-10-01 07:57:19.662|DEBUG|ArtifactScraper|Finished queuing page of artifacts. Scrolling...
2026-10-01 07:57:19.780|DEBUG|ArtifactScraper|Parsing artifact substat: critrate+3.5%
2026-10-01 07:57:19.780|DEBUG|ArtifactScraper|Parsing artifact substat: atk+5.3%
2026-10-01 07:57:19.780|DEBUG|ArtifactScraper|Parsing artifact substat: critdmg+7.8%
2026-10-01 07:57:19.780|DEBUG|ArtifactScraper|Parsing artifact substat: energyrecharge+6.5%
2026-10-01 07:57:19.880|DEBUG|ArtifactScraper|Parsing artifact substat: atk+18
2026-10-01 07:57:19.880|DEBUG|ArtifactScraper|Parsing artifact substat: hp+299
2026-10-01 07:57:19.880|DEBUG|ArtifactScraper|Parsing artifact substat: elementalmastery+23
2026-10-01 07:57:19.880|DEBUG|ArtifactScraper|Parsing artifact substat: def+5.1%(unactivated)
2026-10-01 07:57:20.187|DEBUG|ArtifactScraper|Parsing artifact substat: def+21
2026-10-01 07:57:20.187|DEBUG|ArtifactScraper|Parsing artifact substat: atk+5.8%
2026-10-01 07:57:20.187|DEBUG|ArtifactScraper|Parsing artifact substat: elementalmastery+16
2026-10-01 07:57:20.187|DEBUG|ArtifactScraper|Parsing artifact substat: atk+18(unactivated)
2026-10-01 07:57:22.443|DEBUG|ArtifactScraper|Scanning artifact page 19
2026-10-01 07:57:22.443|DEBUG|ArtifactScraper|Located 32 possible item locations on page.
2026-10-01 07:57:23.102|DEBUG|ArtifactScraper|Parsing artifact substat: def+7.3%
2026-10-01 07:57:23.102|DEBUG|ArtifactScraper|Parsing artifact substat: critdmg+7.8%
2026-10-01 07:57:23.102|DEBUG|ArtifactScraper|Parsing artifact substat: atk+4.1%
2026-10-01 07:57:23.102|DEBUG|ArtifactScraper|Parsing artifact substat: hp+269(unactivated)
2026-10-01 07:57:23.180|DEBUG|ArtifactScraper|Parsing artifact substat: energyrecharge+5.2%
2026-10-01 07:57:23.180|DEBUG|ArtifactScraper|Parsing artifact substat: atk+4.7%
2026-10-01 07:57:23.180|DEBUG|ArtifactScraper|Parsing artifact substat: hp+209
2026-10-01 07:57:23.180|DEBUG|ArtifactScraper|Parsing artifact substat: critdmg+7.8%
2026-10-01 07:57:23.463|DEBUG|ArtifactScraper|Parsing artifact substat: hp+239
2026-10-01 07:57:23.463|DEBUG|ArtifactScraper|Parsing artifact substat: energyrecharge+6.5%
2026-10-01 07:57:23.463|DEBUG|ArtifactScraper|Parsing artifact substat: hp+5.3%
2026-10-01 07:57:23.463|DEBUG|ArtifactScraper|Parsing artifact substat: critdmg+7.0%
2026-10-01 07:57:23.546|DEBUG|ArtifactScraper|Parsing artifact substat: elementalmastery+19
2026-10-01 07:57:23.546|DEBUG|ArtifactScraper|Parsing artifact substat: energyrecharge+6.5%
2026-10-01 07:57:23.546|DEBUG|ArtifactScraper|Parsing artifact substat: def+21
2026-10-01 07:57:23.546|DEBUG|ArtifactScraper|Parsing artifact substat: critdmg+7.8%(unactivated)
2026-10-01 07:57:23.838|DEBUG|ArtifactScraper|Parsing artifact substat: def+21
2026-10-01 07:57:23.838|DEBUG|ArtifactScraper|Parsing artifact substat: hp+5.8%
2026-10-01 07:57:23.838|DEBUG|ArtifactScraper|Parsing artifact substat: atk+18
2026-10-01 07:57:23.838|DEBUG|ArtifactScraper|Parsing artifact substat: hp+239(unactivated)
2026-10-01 07:57:23.991|DEBUG|ArtifactScraper|Parsing artifact substat: energyrecharge+6.5%
2026-10-01 07:57:23.991|DEBUG|ArtifactScraper|Parsing artifact substat: atk+16
2026-10-01 07:57:23.991|DEBUG|ArtifactScraper|Parsing artifact substat: hp+269
2026-10-01 07:57:23.991|DEBUG|ArtifactScraper|Parsing artifact substat: hp+5.8%(unactivated)
2026-10-01 07:57:24.180|DEBUG|ArtifactScraper|Parsing artifact substat: elementalmastery+16
2026-10-01 07:57:24.180|DEBUG|ArtifactScraper|Parsing artifact substat: atk+18
2026-10-01 07:57:24.180|DEBUG|ArtifactScraper|Parsing artifact substat: def+21
2026-10-01 07:57:24.180|DEBUG|ArtifactScraper|Parsing artifact substat: atk+5.8%(unactivated)
2026-10-01 07:57:24.267|DEBUG|ArtifactScraper|Parsing artifact substat: atk+5.8%
2026-10-01 07:57:24.267|DEBUG|ArtifactScraper|Parsing artifact substat: critrate+2.7%
2026-10-01 07:57:24.267|DEBUG|ArtifactScraper|Parsing artifact substat: atk+19
2026-10-01 07:57:24.267|DEBUG|ArtifactScraper|Parsing artifact substat: def+5.1%(unactivated)
2026-10-01 07:57:24.626|DEBUG|ArtifactScraper|Parsing artifact substat: critrate+3.5%
2026-10-01 07:57:24.626|DEBUG|ArtifactScraper|Parsing artifact substat: elementalmastery+21
2026-10-01 07:57:24.626|DEBUG|ArtifactScraper|Parsing artifact substat: energyrecharge+6.5%
2026-10-01 07:57:24.626|DEBUG|ArtifactScraper|Parsing artifact substat: atk+4.7%(unactivated)
2026-10-01 07:57:24.667|DEBUG|ArtifactScraper|Parsing artifact substat: def+6.6%
2026-10-01 07:57:24.667|DEBUG|ArtifactScraper|Parsing artifact substat: energyrecharge+6.5%
2026-10-01 07:57:24.667|DEBUG|ArtifactScraper|Parsing artifact substat: atk+5.8%
2026-10-01 07:57:24.667|DEBUG|ArtifactScraper|Parsing artifact substat: atk+18(unactivated)
2026-10-01 07:57:24.894|DEBUG|ArtifactScraper|Parsing artifact substat: def+7.3%
2026-10-01 07:57:24.894|DEBUG|ArtifactScraper|Parsing artifact substat: def+23
2026-10-01 07:57:24.894|DEBUG|ArtifactScraper|Parsing artifact substat: atk+18
2026-10-01 07:57:24.894|DEBUG|ArtifactScraper|Parsing artifact substat: energyrecharge+6.5%
2026-10-01 07:57:25.046|DEBUG|ArtifactScraper|Parsing artifact substat: hp+299
2026-10-01 07:57:25.046|DEBUG|ArtifactScraper|Parsing artifact substat: def+16
2026-10-01 07:57:25.046|DEBUG|ArtifactScraper|Parsing artifact substat: hp+5.8%
2026-10-01 07:57:25.046|DEBUG|ArtifactScraper|Parsing artifact substat: critdmg+5.4%(unactivated)
2026-10-01 07:57:25.381|DEBUG|ArtifactScraper|Parsing artifact substat: hp+209
2026-10-01 07:57:25.381|DEBUG|ArtifactScraper|Parsing artifact substat: energyrecharge+4.5%
2026-10-01 07:57:25.381|DEBUG|ArtifactScraper|Parsing artifact substat: critrate+3.1%
2026-10-01 07:57:25.381|DEBUG|ArtifactScraper|Parsing artifact substat: atk+4.7%(unactivated)
2026-10-01 07:57:25.381|DEBUG|ArtifactScraper|Parsing artifact substat: hp+269
2026-10-01 07:57:25.381|DEBUG|ArtifactScraper|Parsing artifact substat: def+21
2026-10-01 07:57:25.381|DEBUG|ArtifactScraper|Parsing artifact substat: hp+4.1%
2026-10-01 07:57:25.381|DEBUG|ArtifactScraper|Parsing artifact substat: energyrecharge+4.5%
2026-10-01 07:57:25.550|DEBUG|ArtifactScraper|Parsing artifact substat: energyrecharge+4.5%
2026-10-01 07:57:25.550|DEBUG|ArtifactScraper|Parsing artifact substat: def+6.6%
2026-10-01 07:57:25.551|DEBUG|ArtifactScraper|Parsing artifact substat: elementalmastery+23
2026-10-01 07:57:25.551|DEBUG|ArtifactScraper|Parsing artifact substat: critdmg+6.2%(unactivated)
2026-10-01 07:57:25.807|DEBUG|ArtifactScraper|Parsing artifact substat: critdmg+5.4%
2026-10-01 07:57:25.807|DEBUG|ArtifactScraper|Parsing artifact substat: atk+14
2026-10-01 07:57:25.807|DEBUG|ArtifactScraper|Parsing artifact substat: hp+269
2026-10-01 07:57:25.807|DEBUG|ArtifactScraper|Parsing artifact substat: critrate+3.1%
2026-10-01 07:57:26.033|DEBUG|ArtifactScraper|Parsing artifact substat: atk+18
2026-10-01 07:57:26.033|DEBUG|ArtifactScraper|Parsing artifact substat: energyrecharge+5.8%
2026-10-01 07:57:26.033|DEBUG|ArtifactScraper|Parsing artifact substat: def+23
2026-10-01 07:57:26.033|DEBUG|ArtifactScraper|Parsing artifact substat: critrate+3.1%(unactivated)
2026-10-01 07:57:26.132|DEBUG|ArtifactScraper|Parsing artifact substat: hp+239
2026-10-01 07:57:26.132|DEBUG|ArtifactScraper|Parsing artifact substat: energyrecharge+5.2%
2026-10-01 07:57:26.132|DEBUG|ArtifactScraper|Parsing artifact substat: elementalmastery+21
2026-10-01 07:57:26.132|DEBUG|ArtifactScraper|Parsing artifact substat: def+21
2026-10-01 07:57:26.282|DEBUG|ArtifactScraper|Parsing artifact substat: hp+5.8%
2026-10-01 07:57:26.282|DEBUG|ArtifactScraper|Parsing artifact substat: critdmg+7.8%
2026-10-01 07:57:26.282|DEBUG|ArtifactScraper|Parsing artifact substat: atk+5.8%
2026-10-01 07:57:26.282|DEBUG|ArtifactScraper|Parsing artifact substat: elementalmastery+19
2026-10-01 07:57:26.486|DEBUG|ArtifactScraper|Parsing artifact substat: hp+269
2026-10-01 07:57:26.486|DEBUG|ArtifactScraper|Parsing artifact substat: critdmg+7.0%
2026-10-01 07:57:26.486|DEBUG|ArtifactScraper|Parsing artifact substat: def+6.6%
2026-10-01 07:57:26.486|DEBUG|ArtifactScraper|Parsing artifact substat: energyrecharge+5.8%
2026-10-01 07:57:26.538|DEBUG|ArtifactScraper|Parsing artifact substat: hp+299
2026-10-01 07:57:26.538|DEBUG|ArtifactScraper|Parsing artifact substat: hp+4.1%
2026-10-01 07:57:26.538|DEBUG|ArtifactScraper|Parsing artifact substat: def+16
2026-10-01 07:57:26.538|DEBUG|ArtifactScraper|Parsing artifact substat: elementalmastery+23
2026-10-01 07:57:26.857|DEBUG|ArtifactScraper|Parsing artifact substat: atk+14
2026-10-01 07:57:26.857|DEBUG|ArtifactScraper|Parsing artifact substat: def+6.6%
2026-10-01 07:57:26.857|DEBUG|ArtifactScraper|Parsing artifact substat: def+23
2026-10-01 07:57:26.857|DEBUG|ArtifactScraper|Parsing artifact substat: critdmg+7.0%
2026-10-01 07:57:26.938|DEBUG|ArtifactScraper|Parsing artifact substat: def+16
2026-10-01 07:57:26.938|DEBUG|ArtifactScraper|Parsing artifact substat: hp+4.1%
2026-10-01 07:57:26.938|DEBUG|ArtifactScraper|Parsing artifact substat: atk+14
2026-10-01 07:57:26.938|DEBUG|ArtifactScraper|Parsing artifact substat: critdmg+7.0%(unactivated)
2026-10-01 07:57:27.244|DEBUG|ArtifactScraper|Parsing artifact substat: critdmg+7.0%
2026-10-01 07:57:27.244|DEBUG|ArtifactScraper|Parsing artifact substat: atk+19
2026-10-01 07:57:27.244|DEBUG|ArtifactScraper|Parsing artifact substat: elementalmastery+21
2026-10-01 07:57:27.244|DEBUG|ArtifactScraper|Parsing artifact substat: hp+209(unactivated)
2026-10-01 07:57:27.263|DEBUG|ArtifactScraper|Parsing artifact substat: atk+14
2026-10-01 07:57:27.263|DEBUG|ArtifactScraper|Parsing artifact substat: critrate+3.9%
2026-10-01 07:57:27.263|DEBUG|ArtifactScraper|Parsing artifact substat: atk+4.1%
2026-10-01 07:57:27.263|DEBUG|ArtifactScraper|Parsing artifact substat: hp+239(unactivated)
2026-10-01 07:57:27.606|DEBUG|ArtifactScraper|Parsing artifact substat: hp+269
2026-10-01 07:57:27.606|DEBUG|ArtifactScraper|Parsing artifact substat: def+19
2026-10-01 07:57:27.606|DEBUG|ArtifactScraper|Parsing artifact substat: critrate+3.9%
2026-10-01 07:57:27.606|DEBUG|ArtifactScraper|Parsing artifact substat: atk+19(unactivated)
2026-10-01 07:57:27.626|DEBUG|ArtifactScraper|Parsing artifact substat: atk+18
2026-10-01 07:57:27.626|DEBUG|ArtifactScraper|Parsing artifact substat: def+6.6%
2026-10-01 07:57:27.626|DEBUG|ArtifactScraper|Parsing artifact substat: def+19
2026-10-01 07:57:27.626|DEBUG|ArtifactScraper|Parsing artifact substat: energyrecharge+4.5%
2026-10-01 07:57:27.929|DEBUG|ArtifactScraper|Parsing artifact substat: critrate+3.9%
2026-10-01 07:57:27.929|DEBUG|ArtifactScraper|Parsing artifact substat: energyrecharge+5.8%
2026-10-01 07:57:27.929|DEBUG|ArtifactScraper|Parsing artifact substat: hp+4.7%
2026-10-01 07:57:27.929|DEBUG|ArtifactScraper|Parsing artifact substat: def+16
2026-10-01 07:57:27.993|DEBUG|ArtifactScraper|Parsing artifact substat: atk+14
2026-10-01 07:57:27.993|DEBUG|ArtifactScraper|Parsing artifact substat: hp+269
2026-10-01 07:57:27.993|DEBUG|ArtifactScraper|Parsing artifact substat: hp+5.3%
2026-10-01 07:57:27.993|DEBUG|ArtifactScraper|Parsing artifact substat: def+19(unactivated)
2026-10-01 07:57:28.186|DEBUG|ArtifactScraper|Finished queuing page of artifacts. Scrolling...
2026-10-01 07:57:28.313|DEBUG|ArtifactScraper|Parsing artifact substat: critdmg+5.4%
2026-10-01 07:57:28.313|DEBUG|ArtifactScraper|Parsing artifact substat: hp+299
2026-10-01 07:57:28.313|DEBUG|ArtifactScraper|Parsing artifact substat: elementalmastery+19
2026-10-01 07:57:28.313|DEBUG|ArtifactScraper|Parsing artifact substat: def+7.3%(unactivated)
2026-10-01 07:57:28.404|DEBUG|ArtifactScraper|Parsing artifact substat: atk+14
2026-10-01 07:57:28.404|DEBUG|ArtifactScraper|Parsing artifact substat: def+5.1%
2026-10-01 07:57:28.404|DEBUG|ArtifactScraper|Parsing artifact substat: critrate+3.5%
2026-10-01 07:57:28.404|DEBUG|ArtifactScraper|Parsing artifact substat: energyrecharge+6.5%
2026-10-01 07:57:28.557|DEBUG|ArtifactScraper|Parsing artifact substat: hp+239
2026-10-01 07:57:28.557|DEBUG|ArtifactScraper|Parsing artifact substat: elementalmastery+16
2026-10-01 07:57:28.557|DEBUG|ArtifactScraper|Parsing artifact substat: hp+4.7%
2026-10-01 07:57:28.557|DEBUG|ArtifactScraper|Parsing artifact substat: energyrecharge+6.5%
2026-10-01 07:57:30.615|DEBUG|ArtifactScraper|Scanning artifact page 20
2026-10-01 07:57:30.615|DEBUG|ArtifactScraper|Located 32 possible item locations on page.
2026-10-01 07:57:31.088|DEBUG|ArtifactScraper|Parsing artifact substat: atk+5.8%
2026-10-01 07:57:31.088|DEBUG|ArtifactScraper|Parsing artifact substat: atk+19
2026-10-01 07:57:31.088|DEBUG|ArtifactScraper|Parsing artifact substat: energyrecharge+5.8%
2026-10-01 07:57:31.088|DEBUG|ArtifactScraper|Parsing artifact substat: critdmg+7.0%(unactivated)
2026-10-01 07:57:31.278|DEBUG|ArtifactScraper|Parsing artifact substat: critrate+3.5%
2026-10-01 07:57:31.278|DEBUG|ArtifactScraper|Parsing artifact substat: critdmg+5.4%
2026-10-01 07:57:31.278|DEBUG|ArtifactScraper|Parsing artifact substat: atk+5.8%
2026-10-01 07:57:31.278|DEBUG|ArtifactScraper|Parsing artifact substat: hp+269(unactivated)
2026-10-01 07:57:31.493|DEBUG|ArtifactScraper|Parsing artifact substat: critrate+3.9%
2026-10-01 07:57:31.493|DEBUG|ArtifactScraper|Parsing artifact substat: energyrecharge+5.8%
2026-10-01 07:57:31.493|DEBUG|ArtifactScraper|Parsing artifact substat: critdmg+5.4%
2026-10-01 07:57:31.493|DEBUG|ArtifactScraper|Parsing artifact substat: hp+269(unactivated)
2026-10-01 07:57:31.678|DEBUG|ArtifactScraper|Parsing artifact substat: critdmg+5.4%
2026-10-01 07:57:31.678|DEBUG|ArtifactScraper|Parsing artifact substat: atk+16
2026-10-01 07:57:31.678|DEBUG|ArtifactScraper|Parsing artifact substat: atk+4.7%
2026-10-01 07:57:31.678|DEBUG|ArtifactScraper|Parsing artifact substat: hp+5.8%(unactivated)
2026-10-01 07:57:31.962|DEBUG|ArtifactScraper|Parsing artifact substat: critdmg+6.2%
2026-10-01 07:57:31.962|DEBUG|ArtifactScraper|Parsing artifact substat: critrate+3.9%
2026-10-01 07:57:31.962|DEBUG|ArtifactScraper|Parsing artifact substat: elementalmastery+23
2026-10-01 07:57:31.962|DEBUG|ArtifactScraper|Parsing artifact substat: def+5.8%(unactivated)
2026-10-01 07:57:32.065|DEBUG|ArtifactScraper|Parsing artifact substat: energyrecharge+5.2%
2026-10-01 07:57:32.066|DEBUG|ArtifactScraper|Parsing artifact substat: critrate+3.5%
2026-10-01 07:57:32.066|DEBUG|ArtifactScraper|Parsing artifact substat: elementalmastery+16
2026-10-01 07:57:32.066|DEBUG|ArtifactScraper|Parsing artifact substat: atk+19
2026-10-01 07:57:32.401|DEBUG|ArtifactScraper|Parsing artifact substat: energyrecharge+5.2%
2026-10-01 07:57:32.401|DEBUG|ArtifactScraper|Parsing artifact substat: def+5.8%
2026-10-01 07:57:32.401|DEBUG|ArtifactScraper|Parsing artifact substat: elementalmastery+23
2026-10-01 07:57:32.401|DEBUG|ArtifactScraper|Parsing artifact substat: critrate+3.5%(unactivated)
2026-10-01 07:57:32.487|DEBUG|ArtifactScraper|Parsing artifact substat: def+7.3%
2026-10-01 07:57:32.487|DEBUG|ArtifactScraper|Parsing artifact substat: atk+19
2026-10-01 07:57:32.487|DEBUG|ArtifactScraper|Parsing artifact substat: hp+5.8%
2026-10-01 07:57:32.487|DEBUG|ArtifactScraper|Parsing artifact substat: energyrecharge+6.5%
2026-10-01 07:57:32.652|DEBUG|ArtifactScraper|Parsing artifact substat: critdmg+7.8%
2026-10-01 07:57:32.652|DEBUG|ArtifactScraper|Parsing artifact substat: def+21
2026-10-01 07:57:32.652|DEBUG|ArtifactScraper|Parsing artifact substat: atk+19
2026-10-01 07:57:32.652|DEBUG|ArtifactScraper|Parsing artifact substat: energyrecharge+6.5%
2026-10-01 07:57:32.796|DEBUG|ArtifactScraper|Parsing artifact substat: atk+18
2026-10-01 07:57:32.796|DEBUG|ArtifactScraper|Parsing artifact substat: def+23
2026-10-01 07:57:32.796|DEBUG|ArtifactScraper|Parsing artifact substat: hp+4.1%
2026-10-01 07:57:32.796|DEBUG|ArtifactScraper|Parsing artifact substat: critdmg+7.8%(unactivated)
2026-10-01 07:57:33.062|DEBUG|ArtifactScraper|Parsing artifact substat: def+21
2026-10-01 07:57:33.062|DEBUG|ArtifactScraper|Parsing artifact substat: hp+5.3%
2026-10-01 07:57:33.062|DEBUG|ArtifactScraper|Parsing artifact substat: critdmg+7.8%
2026-10-01 07:57:33.062|DEBUG|ArtifactScraper|Parsing artifact substat: def+5.8%(unactivated)
2026-10-01 07:57:33.171|DEBUG|ArtifactScraper|Parsing artifact substat: atk+5.8%
2026-10-01 07:57:33.171|DEBUG|ArtifactScraper|Parsing artifact substat: energyrecharge+4.5%
2026-10-01 07:57:33.171|DEBUG|ArtifactScraper|Parsing artifact substat: hp+209
2026-10-01 07:57:33.171|DEBUG|ArtifactScraper|Parsing artifact substat: elementalmastery+19
2026-10-01 07:57:33.471|DEBUG|ArtifactScraper|Parsing artifact substat: hp+209
2026-10-01 07:57:33.471|DEBUG|ArtifactScraper|Parsing artifact substat: critdmg+6.2%
2026-10-01 07:57:33.471|DEBUG|ArtifactScraper|Parsing artifact substat: hp+5.8%
2026-10-01 07:57:33.471|DEBUG|ArtifactScraper|Parsing artifact substat: energyrecharge+6.5%
2026-10-01 07:57:33.489|DEBUG|ArtifactScraper|Parsing artifact substat: elementalmastery+23
2026-10-01 07:57:33.489|DEBUG|ArtifactScraper|Parsing artifact substat: hp+5.3%
2026-10-01 07:57:33.489|DEBUG|ArtifactScraper|Parsing artifact substat: def+21
2026-10-01 07:57:33.489|DEBUG|ArtifactScraper|Parsing artifact substat: hp+299(unactivated)
2026-10-01 07:57:33.818|DEBUG|ArtifactScraper|Parsing artifact substat: def+16
2026-10-01 07:57:33.818|DEBUG|ArtifactScraper|Parsing artifact substat: atk+5.8%
2026-10-01 07:57:33.818|DEBUG|ArtifactScraper|Parsing artifact substat: hp+239
2026-10-01 07:57:33.818|DEBUG|ArtifactScraper|Parsing artifact substat: energyrecharge+6.5%
2026-10-01 07:57:33.864|DEBUG|ArtifactScraper|Parsing artifact substat: hp+4.1%
2026-10-01 07:57:33.864|DEBUG|ArtifactScraper|Parsing artifact substat: critrate+3.5%
2026-10-01 07:57:33.864|DEBUG|ArtifactScraper|Parsing artifact substat: atk+14
2026-10-01 07:57:33.864|DEBUG|ArtifactScraper|Parsing artifact substat: def+21(unactivated)
2026-10-01 07:57:34.186|DEBUG|ArtifactScraper|Parsing artifact substat: atk+5.8%
2026-10-01 07:57:34.186|DEBUG|ArtifactScraper|Parsing artifact substat: elementalmastery+23
2026-10-01 07:57:34.186|DEBUG|ArtifactScraper|Parsing artifact substat: def+19
2026-10-01 07:57:34.186|DEBUG|ArtifactScraper|Parsing artifact substat: energyrecharge+4.5%
2026-10-01 07:57:34.234|DEBUG|ArtifactScraper|Parsing artifact substat: atk+5.3%
2026-10-01 07:57:34.234|DEBUG|ArtifactScraper|Parsing artifact substat: critrate+3.1%
2026-10-01 07:57:34.234|DEBUG|ArtifactScraper|Parsing artifact substat: hp+299
2026-10-01 07:57:34.234|DEBUG|ArtifactScraper|Parsing artifact substat: energyrecharge+5.8%
2026-10-01 07:57:34.524|DEBUG|ArtifactScraper|Parsing artifact substat: hp+269
2026-10-01 07:57:34.524|DEBUG|ArtifactScraper|Parsing artifact substat: atk+14
2026-10-01 07:57:34.524|DEBUG|ArtifactScraper|Parsing artifact substat: def+7.3%
2026-10-01 07:57:34.524|DEBUG|ArtifactScraper|Parsing artifact substat: elementalmastery+21
2026-10-01 07:57:34.590|DEBUG|ArtifactScraper|Parsing artifact substat: hp+299
2026-10-01 07:57:34.590|DEBUG|ArtifactScraper|Parsing artifact substat: hp+4.1%
2026-10-01 07:57:34.590|DEBUG|ArtifactScraper|Parsing artifact substat: elementalmastery+23
2026-10-01 07:57:34.590|DEBUG|ArtifactScraper|Parsing artifact substat: atk+18(unactivated)
2026-10-01 07:57:34.873|DEBUG|ArtifactScraper|Parsing artifact substat: atk+4.1%
2026-10-01 07:57:34.873|DEBUG|ArtifactScraper|Parsing artifact substat: def+23
2026-10-01 07:57:34.873|DEBUG|ArtifactScraper|Parsing artifact substat: atk+19
2026-10-01 07:57:34.873|DEBUG|ArtifactScraper|Parsing artifact substat: critrate+2.7%(unactivated)
2026-10-01 07:57:34.894|DEBUG|ArtifactScraper|Parsing artifact substat: hp+4.7%
2026-10-01 07:57:34.894|DEBUG|ArtifactScraper|Parsing artifact substat: atk+5.8%
2026-10-01 07:57:34.894|DEBUG|ArtifactScraper|Parsing artifact substat: energyrecharge+5.2%
2026-10-01 07:57:34.894|DEBUG|ArtifactScraper|Parsing artifact substat: elementalmastery+19
2026-10-01 07:57:35.191|DEBUG|ArtifactScraper|Parsing artifact substat: hp+299
2026-10-01 07:57:35.191|DEBUG|ArtifactScraper|Parsing artifact substat: def+23
2026-10-01 07:57:35.191|DEBUG|ArtifactScraper|Parsing artifact substat: atk+18
2026-10-01 07:57:35.191|DEBUG|ArtifactScraper|Parsing artifact substat: atk+4.7%(unactivated)
2026-10-01 07:57:35.229|DEBUG|ArtifactScraper|Parsing artifact substat: hp+239
2026-10-01 07:57:35.229|DEBUG|ArtifactScraper|Parsing artifact substat: critdmg+5.4%
2026-10-01 07:57:35.229|DEBUG|ArtifactScraper|Parsing artifact substat: atk+16
2026-10-01 07:57:35.229|DEBUG|ArtifactScraper|Parsing artifact substat: elementalmastery+21
2026-10-01 07:57:35.581|DEBUG|ArtifactScraper|Parsing artifact substat: hp+4.1%
2026-10-01 07:57:35.581|DEBUG|ArtifactScraper|Parsing artifact substat: elementalmastery+21
2026-10-01 07:57:35.581|DEBUG|ArtifactScraper|Parsing artifact substat: critrate+3.5%
2026-10-01 07:57:35.581|DEBUG|ArtifactScraper|Parsing artifact substat: def+23(unactivated)
2026-10-01 07:57:35.583|DEBUG|ArtifactScraper|Parsing artifact substat: hp+209
2026-10-01 07:57:35.583|DEBUG|ArtifactScraper|Parsing artifact substat: atk+5.8%
2026-10-01 07:57:35.583|DEBUG|ArtifactScraper|Parsing artifact substat: def+5.1%
2026-10-01 07:57:35.583|DEBUG|ArtifactScraper|Parsing artifact substat: elementalmastery+16
2026-10-01 07:57:35.857|DEBUG|ArtifactScraper|Parsing artifact substat: critdmg+6.2%
2026-10-01 07:57:35.857|DEBUG|ArtifactScraper|Parsing artifact substat: atk+4.7%
2026-10-01 07:57:35.857|DEBUG|ArtifactScraper|Parsing artifact substat: hp+5.3%
2026-10-01 07:57:35.857|DEBUG|ArtifactScraper|Parsing artifact substat: def+19(unactivated)
2026-10-01 07:57:35.943|DEBUG|ArtifactScraper|Parsing artifact substat: def+23
2026-10-01 07:57:35.943|DEBUG|ArtifactScraper|Parsing artifact substat: atk+14
2026-10-01 07:57:35.943|DEBUG|ArtifactScraper|Parsing artifact substat: critrate+3.1%
2026-10-01 07:57:35.943|DEBUG|ArtifactScraper|Parsing artifact substat: def+7.3%
2026-10-01 07:57:36.217|DEBUG|ArtifactScraper|Parsing artifact substat: atk+19
2026-10-01 07:57:36.217|DEBUG|ArtifactScraper|Parsing artifact substat: elementalmastery+19
2026-10-01 07:57:36.217|DEBUG|ArtifactScraper|Parsing artifact substat: hp+239
2026-10-01 07:57:36.217|DEBUG|ArtifactScraper|Parsing artifact substat: atk+4.7%
2026-10-01 07:57:36.261|DEBUG|ArtifactScraper|Finished queuing page of artifacts. Scrolling...
2026-10-01 07:57:36.363|DEBUG|ArtifactScraper|Parsing artifact substat: elementalmastery+19
2026-10-01 07:57:36.363|DEBUG|ArtifactScraper|Parsing artifact substat: energyrecharge+6.5%
2026-10-01 07:57:36.363|DEBUG|ArtifactScraper|Parsing artifact substat: atk+14
2026-10-01 07:57:36.363|DEBUG|ArtifactScraper|Parsing artifact substat: def+19(unactivated)
2026-10-01 07:57:36.509|DEBUG|ArtifactScraper|Parsing artifact substat: atk+18
2026-10-01 07:57:36.509|DEBUG|ArtifactScraper|Parsing artifact substat: atk+5.3%
2026-10-01 07:57:36.509|DEBUG|ArtifactScraper|Parsing artifact substat: hp+4.7%
2026-10-01 07:57:36.509|DEBUG|ArtifactScraper|Parsing artifact substat: def+16(unactivated)
2026-10-01 07:57:36.596|DEBUG|ArtifactScraper|Parsing artifact substat: def+16
2026-10-01 07:57:36.596|DEBUG|ArtifactScraper|Parsing artifact substat: atk+16
2026-10-01 07:57:36.596|DEBUG|ArtifactScraper|Parsing artifact substat: critrate+3.9%
2026-10-01 07:57:36.598|DEBUG|ArtifactScraper|Parsing artifact substat: energyrecharge+6.5%
2026-10-01 07:57:38.343|DEBUG|ArtifactScraper|Scanning artifact page 21
2026-10-01 07:57:38.343|DEBUG|ArtifactScraper|Located 32 possible item locations on page.
2026-10-01 07:57:38.728|DEBUG|ArtifactScraper|Parsing artifact substat: energyrecharge+4.5%
2026-10-01 07:57:38.728|DEBUG|ArtifactScraper|Parsing artifact substat: hp+4.1%
2026-10-01 07:57:38.728|DEBUG|ArtifactScraper|Parsing artifact substat: def+19
2026-10-01 07:57:38.728|DEBUG|ArtifactScraper|Parsing artifact substat: elementalmastery+21
2026-10-01 07:57:38.977|DEBUG|ArtifactScraper|Parsing artifact substat: hp+5.8%
2026-10-01 07:57:38.977|DEBUG|ArtifactScraper|Parsing artifact substat: atk+5.8%
2026-10-01 07:57:38.977|DEBUG|ArtifactScraper|Parsing artifact substat: atk+14
2026-10-01 07:57:38.977|DEBUG|ArtifactScraper|Parsing artifact substat: elementalmastery+23
2026-10-01 07:57:39.215|DEBUG|ArtifactScraper|Parsing artifact substat: atk+5.3%
2026-10-01 07:57:39.215|DEBUG|ArtifactScraper|Parsing artifact substat: critrate+3.1%
2026-10-01 07:57:39.215|DEBUG|ArtifactScraper|Parsing artifact substat: energyrecharge+5.2%
2026-10-01 07:57:39.215|DEBUG|ArtifactScraper|Parsing artifact substat: critdmg+5.4%(unactivated)
2026-10-01 07:57:39.298|DEBUG|ArtifactScraper|Parsing artifact substat: def+5.1%
2026-10-01 07:57:39.298|DEBUG|ArtifactScraper|Parsing artifact substat: atk+5.3%
2026-10-01 07:57:39.298|DEBUG|ArtifactScraper|Parsing artifact substat: critrate+3.9%
2026-10-01 07:57:39.298|DEBUG|ArtifactScraper|Parsing artifact substat: hp+4.1%(unactivated)
2026-10-01 07:57:39.490|DEBUG|ArtifactScraper|Parsing artifact substat: atk+19
2026-10-01 07:57:39.490|DEBUG|ArtifactScraper|Parsing artifact substat: energyrecharge+5.8%
2026-10-01 07:57:39.490|DEBUG|ArtifactScraper|Parsing artifact substat: def+5.1%
2026-10-01 07:57:39.490|DEBUG|ArtifactScraper|Parsing artifact substat: hp+5.8%
2026-10-01 07:57:39.798|DEBUG|ArtifactScraper|Parsing artifact substat: hp+5.8%
2026-10-01 07:57:39.798|DEBUG|ArtifactScraper|Parsing artifact substat: def+5.1%
2026-10-01 07:57:39.798|DEBUG|ArtifactScraper|Parsing artifact substat: def+16
2026-10-01 07:57:39.798|DEBUG|ArtifactScraper|Parsing artifact substat: atk+14
2026-10-01 07:57:39.876|DEBUG|ArtifactScraper|Parsing artifact substat: atk+19
2026-10-01 07:57:39.876|DEBUG|ArtifactScraper|Parsing artifact substat: energyrecharge+5.2%
2026-10-01 07:57:39.876|DEBUG|ArtifactScraper|Parsing artifact substat: elementalmastery+16
2026-10-01 07:57:39.876|DEBUG|ArtifactScraper|Parsing artifact substat: hp+5.8%(unactivated)
2026-10-01 07:57:40.132|DEBUG|ArtifactScraper|Parsing artifact substat: atk+18
2026-10-01 07:57:40.132|DEBUG|ArtifactScraper|Parsing artifact substat: hp+4.1%
2026-10-01 07:57:40.132|DEBUG|ArtifactScraper|Parsing artifact substat: def+16
2026-10-01 07:57:40.132|DEBUG|ArtifactScraper|Parsing artifact substat: atk+5.8%(unactivated)
2026-10-01 07:57:40.238|DEBUG|ArtifactScraper|Parsing artifact substat: def+16
2026-10-01 07:57:40.238|DEBUG|ArtifactScraper|Parsing artifact substat: hp+4.1%
2026-10-01 07:57:40.238|DEBUG|ArtifactScraper|Parsing artifact substat: atk+18
2026-10-01 07:57:40.238|DEBUG|ArtifactScraper|Parsing artifact substat: critrate+3.5%(unactivated)
2026-10-01 07:57:40.438|DEBUG|ArtifactScraper|Parsing artifact substat: atk+19
2026-10-01 07:57:40.438|DEBUG|ArtifactScraper|Parsing artifact substat: critdmg+7.0%
2026-10-01 07:57:40.438|DEBUG|ArtifactScraper|Parsing artifact substat: def+5.8%
2026-10-01 07:57:40.438|DEBUG|ArtifactScraper|Parsing artifact substat: hp+4.7%(unactivated)
2026-10-01 07:57:40.613|DEBUG|ArtifactScraper|Parsing artifact substat: def+23
2026-10-01 07:57:40.613|DEBUG|ArtifactScraper|Parsing artifact substat: energyrecharge+4.5%
2026-10-01 07:57:40.613|DEBUG|ArtifactScraper|Parsing artifact substat: atk+18
2026-10-01 07:57:40.613|DEBUG|ArtifactScraper|Parsing artifact substat: atk+5.3%(unactivated)
2026-10-01 07:57:40.738|DEBUG|ArtifactScraper|Parsing artifact substat: def+19
2026-10-01 07:57:40.738|DEBUG|ArtifactScraper|Parsing artifact substat: energyrecharge+4.5%
2026-10-01 07:57:40.738|DEBUG|ArtifactScraper|Parsing artifact substat: atk+4.1%
2026-10-01 07:57:40.738|DEBUG|ArtifactScraper|Parsing artifact substat: atk+16(unactivated)
2026-10-01 07:57:40.967|DEBUG|ArtifactScraper|Parsing artifact substat: atk+4.1%
2026-10-01 07:57:40.967|DEBUG|ArtifactScraper|Parsing artifact substat: def+19
2026-10-01 07:57:40.967|DEBUG|ArtifactScraper|Parsing artifact substat: elementalmastery+21
2026-10-01 07:57:40.967|DEBUG|ArtifactScraper|Parsing artifact substat: def+7.3%(unactivated)
2026-10-01 07:57:41.109|DEBUG|ArtifactScraper|Parsing artifact substat: energyrecharge+5.8%
2026-10-01 07:57:41.109|DEBUG|ArtifactScraper|Parsing artifact substat: critrate+2.7%
2026-10-01 07:57:41.109|DEBUG|ArtifactScraper|Parsing artifact substat: hp+5.3%
2026-10-01 07:57:41.109|DEBUG|ArtifactScraper|Parsing artifact substat: critdmg+7.8%(unactivated)
2026-10-01 07:57:41.295|DEBUG|ArtifactScraper|Parsing artifact substat: hp+4.1%
2026-10-01 07:57:41.295|DEBUG|ArtifactScraper|Parsing artifact substat: def+19
2026-10-01 07:57:41.295|DEBUG|ArtifactScraper|Parsing artifact substat: hp+269
2026-10-01 07:57:41.295|DEBUG|ArtifactScraper|Parsing artifact substat: elementalmastery+21
2026-10-01 07:57:41.462|DEBUG|ArtifactScraper|Parsing artifact substat: def+5.8%
2026-10-01 07:57:41.462|DEBUG|ArtifactScraper|Parsing artifact substat: def+21
2026-10-01 07:57:41.462|DEBUG|ArtifactScraper|Parsing artifact substat: hp+5.8%
2026-10-01 07:57:41.462|DEBUG|ArtifactScraper|Parsing artifact substat: atk+5.8%(unactivated)
2026-10-01 07:57:41.583|DEBUG|ArtifactScraper|Parsing artifact substat: def+5.1%
2026-10-01 07:57:41.583|DEBUG|ArtifactScraper|Parsing artifact substat: energyrecharge+4.5%
2026-10-01 07:57:41.583|DEBUG|ArtifactScraper|Parsing artifact substat: def+19
2026-10-01 07:57:41.583|DEBUG|ArtifactScraper|Parsing artifact substat: hp+5.3%(unactivated)
2026-10-01 07:57:41.825|DEBUG|ArtifactScraper|Parsing artifact substat: critrate+2.7%
2026-10-01 07:57:41.825|DEBUG|ArtifactScraper|Parsing artifact substat: def+16
2026-10-01 07:57:41.825|DEBUG|ArtifactScraper|Parsing artifact substat: energyrecharge+6.5%
2026-10-01 07:57:41.825|DEBUG|ArtifactScraper|Parsing artifact substat: def+5.8%(unactivated)
2026-10-01 07:57:41.934|DEBUG|ArtifactScraper|Parsing artifact substat: energyrecharge+5.8%
2026-10-01 07:57:41.934|DEBUG|ArtifactScraper|Parsing artifact substat: atk+18
2026-10-01 07:57:41.934|DEBUG|ArtifactScraper|Parsing artifact substat: def+23
2026-10-01 07:57:41.934|DEBUG|ArtifactScraper|Parsing artifact substat: critdmg+7.8%(unactivated)
2026-10-01 07:57:42.161|DEBUG|ArtifactScraper|Parsing artifact substat: energyrecharge+5.8%
2026-10-01 07:57:42.161|DEBUG|ArtifactScraper|Parsing artifact substat: critrate+3.5%
2026-10-01 07:57:42.161|DEBUG|ArtifactScraper|Parsing artifact substat: def+23
2026-10-01 07:57:42.161|DEBUG|ArtifactScraper|Parsing artifact substat: atk+5.8%
2026-10-01 07:57:42.253|DEBUG|ArtifactScraper|Parsing artifact substat: atk+16
2026-10-01 07:57:42.253|DEBUG|ArtifactScraper|Parsing artifact substat: def+5.1%
2026-10-01 07:57:42.253|DEBUG|ArtifactScraper|Parsing artifact substat: def+19
2026-10-01 07:57:42.253|DEBUG|ArtifactScraper|Parsing artifact substat: energyrecharge+5.2%
2026-10-01 07:57:42.500|DEBUG|ArtifactScraper|Parsing artifact substat: atk+16
2026-10-01 07:57:42.500|DEBUG|ArtifactScraper|Parsing artifact substat: hp+269
2026-10-01 07:57:42.500|DEBUG|ArtifactScraper|Parsing artifact substat: elementalmastery+19
2026-10-01 07:57:42.500|DEBUG|ArtifactScraper|Parsing artifact substat: def+21(unactivated)
2026-10-01 07:57:42.661|DEBUG|ArtifactScraper|Parsing artifact substat: hp+269
2026-10-01 07:57:42.661|DEBUG|ArtifactScraper|Parsing artifact substat: def+7.3%
2026-10-01 07:57:42.661|DEBUG|ArtifactScraper|Parsing artifact substat: atk+5.8%
2026-10-01 07:57:42.661|DEBUG|ArtifactScraper|Parsing artifact substat: energyrecharge+4.5%
2026-10-01 07:57:42.848|DEBUG|ArtifactScraper|Parsing artifact substat: atk+5.8%
2026-10-01 07:57:42.848|DEBUG|ArtifactScraper|Parsing artifact substat: def+19
2026-10-01 07:57:42.848|DEBUG|ArtifactScraper|Parsing artifact substat: hp+5.3%
2026-10-01 07:57:42.848|DEBUG|ArtifactScraper|Parsing artifact substat: def+7.3%(unactivated)
2026-10-01 07:57:43.006|DEBUG|ArtifactScraper|Parsing artifact substat: atk+16
2026-10-01 07:57:43.006|DEBUG|ArtifactScraper|Parsing artifact substat: def+16
2026-10-01 07:57:43.006|DEBUG|ArtifactScraper|Parsing artifact substat: energyrecharge+5.2%
2026-10-01 07:57:43.006|DEBUG|ArtifactScraper|Parsing artifact substat: hp+239(unactivated)
2026-10-01 07:57:43.203|DEBUG|ArtifactScraper|Parsing artifact substat: energyrecharge+6.5%
2026-10-01 07:57:43.203|DEBUG|ArtifactScraper|Parsing artifact substat: atk+16
2026-10-01 07:57:43.203|DEBUG|ArtifactScraper|Parsing artifact substat: hp+269
2026-10-01 07:57:43.203|DEBUG|ArtifactScraper|Parsing artifact substat: hp+5.8%(unactivated)
2026-10-01 07:57:43.335|DEBUG|ArtifactScraper|Parsing artifact substat: def+16
2026-10-01 07:57:43.335|DEBUG|ArtifactScraper|Parsing artifact substat: elementalmastery+21
2026-10-01 07:57:43.335|DEBUG|ArtifactScraper|Parsing artifact substat: hp+5.3%
2026-10-01 07:57:43.335|DEBUG|ArtifactScraper|Parsing artifact substat: hp+239(unactivated)
2026-10-01 07:57:43.531|DEBUG|ArtifactScraper|Parsing artifact substat: atk+16
2026-10-01 07:57:43.531|DEBUG|ArtifactScraper|Parsing artifact substat: hp+209
2026-10-01 07:57:43.531|DEBUG|ArtifactScraper|Parsing artifact substat: def+5.1%
2026-10-01 07:57:43.531|DEBUG|ArtifactScraper|Parsing artifact substat: energyrecharge+6.5%
2026-10-01 07:57:43.660|DEBUG|ArtifactScraper|Parsing artifact substat: def+19
2026-10-01 07:57:43.660|DEBUG|ArtifactScraper|Parsing artifact substat: atk+4.7%
2026-10-01 07:57:43.660|DEBUG|ArtifactScraper|Parsing artifact substat: atk+18
2026-10-01 07:57:43.660|DEBUG|ArtifactScraper|Parsing artifact substat: hp+209(unactivated)
2026-10-01 07:57:43.860|DEBUG|ArtifactScraper|Finished queuing page of artifacts. Scrolling...
2026-10-01 07:57:43.866|DEBUG|ArtifactScraper|Parsing artifact substat: hp+4.7%
2026-10-01 07:57:43.866|DEBUG|ArtifactScraper|Parsing artifact substat: def+23
2026-10-01 07:57:43.866|DEBUG|ArtifactScraper|Parsing artifact substat: critdmg+7.0%
2026-10-01 07:57:43.866|DEBUG|ArtifactScraper|Parsing artifact substat: def+5.8%(unactivated)
2026-10-01 07:57:44.001|DEBUG|ArtifactScraper|Parsing artifact substat: def+6.6%
2026-10-01 07:57:44.001|DEBUG|ArtifactScraper|Parsing artifact substat: def+16
2026-10-01 07:57:44.001|DEBUG|ArtifactScraper|Parsing artifact substat: elementalmastery+16
2026-10-01 07:57:44.001|DEBUG|ArtifactScraper|Parsing artifact substat: critrate+2.7%(unactivated)
2026-10-01 07:57:44.173|DEBUG|ArtifactScraper|Parsing artifact substat: hp+269
2026-10-01 07:57:44.173|DEBUG|ArtifactScraper|Parsing artifact substat: energyrecharge+4.5%
2026-10-01 07:57:44.173|DEBUG|ArtifactScraper|Parsing artifact substat: def+16
2026-10-01 07:57:44.173|DEBUG|ArtifactScraper|Parsing artifact substat: hp+4.1%
2026-10-01 07:57:45.902|DEBUG|ArtifactScraper|Scanning artifact page 22
2026-10-01 07:57:45.902|DEBUG|ArtifactScraper|Located 32 possible item locations on page.
2026-10-01 07:57:46.266|DEBUG|ArtifactScraper|Parsing artifact substat: def+5.8%
2026-10-01 07:57:46.266|DEBUG|ArtifactScraper|Parsing artifact substat: def+16
2026-10-01 07:57:46.266|DEBUG|ArtifactScraper|Parsing artifact substat: hp+4.1%
2026-10-01 07:57:46.266|DEBUG|ArtifactScraper|Parsing artifact substat: energyrecharge+4.5%
2026-10-01 07:57:46.580|DEBUG|ArtifactScraper|Parsing artifact substat: critrate+3.9%
2026-10-01 07:57:46.580|DEBUG|ArtifactScraper|Parsing artifact substat: def+23
2026-10-01 07:57:46.580|DEBUG|ArtifactScraper|Parsing artifact substat: elementalmastery+16
2026-10-01 07:57:46.580|DEBUG|ArtifactScraper|Parsing artifact substat: atk+5.3%(unactivated)
2026-10-01 07:57:46.676|DEBUG|ArtifactScraper|Parsing artifact substat: critrate+2.7%
2026-10-01 07:57:46.676|DEBUG|ArtifactScraper|Parsing artifact substat: energyrecharge+5.2%
2026-10-01 07:57:46.676|DEBUG|ArtifactScraper|Parsing artifact substat: atk+18
2026-10-01 07:57:46.676|DEBUG|ArtifactScraper|Parsing artifact substat: hp+239(unactivated)
2026-10-01 07:57:47.013|DEBUG|ArtifactScraper|Parsing artifact substat: energyrecharge+4.5%
2026-10-01 07:57:47.013|DEBUG|ArtifactScraper|Parsing artifact substat: def+21
2026-10-01 07:57:47.013|DEBUG|ArtifactScraper|Parsing artifact substat: elementalmastery+16
2026-10-01 07:57:47.013|DEBUG|ArtifactScraper|Parsing artifact substat: hp+4.1%(unactivated)
2026-10-01 07:57:47.067|DEBUG|ArtifactScraper|Parsing artifact substat: atk+14
2026-10-01 07:57:47.067|DEBUG|ArtifactScraper|Parsing artifact substat: def+5.8%
2026-10-01 07:57:47.067|DEBUG|ArtifactScraper|Parsing artifact substat: energyrecharge+5.2%
2026-10-01 07:57:47.067|DEBUG|ArtifactScraper|Parsing artifact substat: def+19(unactivated)
2026-10-01 07:57:47.338|DEBUG|ArtifactScraper|Parsing artifact substat: elementalmastery+21
2026-10-01 07:57:47.338|DEBUG|ArtifactScraper|Parsing artifact substat: atk+14
2026-10-01 07:57:47.338|DEBUG|ArtifactScraper|Parsing artifact substat: critrate+3.1%
2026-10-01 07:57:47.338|DEBUG|ArtifactScraper|Parsing artifact substat: def+7.3%(unactivated)
2026-10-01 07:57:47.375|DEBUG|ArtifactScraper|Parsing artifact substat: def+23
2026-10-01 07:57:47.375|DEBUG|ArtifactScraper|Parsing artifact substat: hp+239
2026-10-01 07:57:47.375|DEBUG|ArtifactScraper|Parsing artifact substat: atk+16
2026-10-01 07:57:47.375|DEBUG|ArtifactScraper|Parsing artifact substat: critdmg+5.4%(unactivated)
2026-10-01 07:57:47.743|DEBUG|ArtifactScraper|Parsing artifact substat: critdmg+7.0%
2026-10-01 07:57:47.743|DEBUG|ArtifactScraper|Parsing artifact substat: elementalmastery+23
2026-10-01 07:57:47.743|DEBUG|ArtifactScraper|Parsing artifact substat: hp+239
2026-10-01 07:57:47.743|DEBUG|ArtifactScraper|Parsing artifact substat: def+6.6%(unactivated)
2026-10-01 07:57:47.766|DEBUG|ArtifactScraper|Parsing artifact substat: elementalmastery+23
2026-10-01 07:57:47.766|DEBUG|ArtifactScraper|Parsing artifact substat: critdmg+7.8%
2026-10-01 07:57:47.766|DEBUG|ArtifactScraper|Parsing artifact substat: def+5.1%
2026-10-01 07:57:47.766|DEBUG|ArtifactScraper|Parsing artifact substat: atk+14(unactivated)
2026-10-01 07:57:47.944|DEBUG|ArtifactScraper|Parsing artifact substat: hp+239
2026-10-01 07:57:47.944|DEBUG|ArtifactScraper|Parsing artifact substat: critrate+3.9%
2026-10-01 07:57:47.944|DEBUG|ArtifactScraper|Parsing artifact substat: critdmg+7.8%
2026-10-01 07:57:47.944|DEBUG|ArtifactScraper|Parsing artifact substat: atk+18(unactivated)
2026-10-01 07:57:48.173|DEBUG|ArtifactScraper|Parsing artifact substat: def+5.1%
2026-10-01 07:57:48.173|DEBUG|ArtifactScraper|Parsing artifact substat: elementalmastery+16
2026-10-01 07:57:48.173|DEBUG|ArtifactScraper|Parsing artifact substat: atk+5.8%
2026-10-01 07:57:48.173|DEBUG|ArtifactScraper|Parsing artifact substat: atk+18(unactivated)
2026-10-01 07:57:48.315|DEBUG|ArtifactScraper|Parsing artifact substat: def+5.8%
2026-10-01 07:57:48.316|DEBUG|ArtifactScraper|Parsing artifact substat: atk+14
2026-10-01 07:57:48.316|DEBUG|ArtifactScraper|Parsing artifact substat: critdmg+7.0%
2026-10-01 07:57:48.316|DEBUG|ArtifactScraper|Parsing artifact substat: hp+4.1%(unactivated)
2026-10-01 07:57:48.482|DEBUG|ArtifactScraper|Parsing artifact substat: hp+269
2026-10-01 07:57:48.482|DEBUG|ArtifactScraper|Parsing artifact substat: atk+5.8%
2026-10-01 07:57:48.482|DEBUG|ArtifactScraper|Parsing artifact substat: elementalmastery+23
2026-10-01 07:57:48.482|DEBUG|ArtifactScraper|Parsing artifact substat: critdmg+5.4%(unactivated)
2026-10-01 07:57:48.683|DEBUG|ArtifactScraper|Parsing artifact substat: energyrecharge+6.5%
2026-10-01 07:57:48.683|DEBUG|ArtifactScraper|Parsing artifact substat: def+6.6%
2026-10-01 07:57:48.683|DEBUG|ArtifactScraper|Parsing artifact substat: hp+4.1%
2026-10-01 07:57:48.683|DEBUG|ArtifactScraper|Parsing artifact substat: def+21(unactivated)
2026-10-01 07:57:48.793|DEBUG|ArtifactScraper|Parsing artifact substat: critrate+3.1%
2026-10-01 07:57:48.793|DEBUG|ArtifactScraper|Parsing artifact substat: critdmg+7.0%
2026-10-01 07:57:48.793|DEBUG|ArtifactScraper|Parsing artifact substat: hp+209
2026-10-01 07:57:48.793|DEBUG|ArtifactScraper|Parsing artifact substat: def+21(unactivated)
2026-10-01 07:57:49.011|DEBUG|ArtifactScraper|Parsing artifact substat: def+5.1%
2026-10-01 07:57:49.011|DEBUG|ArtifactScraper|Parsing artifact substat: def+16
2026-10-01 07:57:49.011|DEBUG|ArtifactScraper|Parsing artifact substat: hp+209
2026-10-01 07:57:49.011|DEBUG|ArtifactScraper|Parsing artifact substat: critdmg+5.4%
2026-10-01 07:57:49.135|DEBUG|ArtifactScraper|Parsing artifact substat: energyrecharge+5.8%
2026-10-01 07:57:49.135|DEBUG|ArtifactScraper|Parsing artifact substat: def+21
2026-10-01 07:57:49.135|DEBUG|ArtifactScraper|Parsing artifact substat: critrate+3.9%
2026-10-01 07:57:49.135|DEBUG|ArtifactScraper|Parsing artifact substat: atk+18(unactivated)
2026-10-01 07:57:49.425|DEBUG|ArtifactScraper|Parsing artifact substat: energyrecharge+6.5%
2026-10-01 07:57:49.425|DEBUG|ArtifactScraper|Parsing artifact substat: atk+14
2026-10-01 07:57:49.425|DEBUG|ArtifactScraper|Parsing artifact substat: def+6.6%
2026-10-01 07:57:49.425|DEBUG|ArtifactScraper|Parsing artifact substat: hp+239(unactivated)
2026-10-01 07:57:49.536|DEBUG|ArtifactScraper|Parsing artifact substat: elementalmastery+23
2026-10-01 07:57:49.536|DEBUG|ArtifactScraper|Parsing artifact substat: energyrecharge+6.5%
2026-10-01 07:57:49.536|DEBUG|ArtifactScraper|Parsing artifact substat: def+16
2026-10-01 07:57:49.536|DEBUG|ArtifactScraper|Parsing artifact substat: critrate+3.5%(unactivated)
2026-10-01 07:57:49.868|DEBUG|ArtifactScraper|Parsing artifact substat: energyrecharge+6.5%
2026-10-01 07:57:49.868|DEBUG|ArtifactScraper|Parsing artifact substat: atk+19
2026-10-01 07:57:49.868|DEBUG|ArtifactScraper|Parsing artifact substat: hp+5.3%
2026-10-01 07:57:49.868|DEBUG|ArtifactScraper|Parsing artifact substat: atk+4.1%
2026-10-01 07:57:49.920|DEBUG|ArtifactScraper|Parsing artifact substat: critdmg+7.0%
2026-10-01 07:57:49.920|DEBUG|ArtifactScraper|Parsing artifact substat: def+21
2026-10-01 07:57:49.920|DEBUG|ArtifactScraper|Parsing artifact substat: atk+19
2026-10-01 07:57:49.920|DEBUG|ArtifactScraper|Parsing artifact substat: hp+4.1%(unactivated)
2026-10-01 07:57:50.361|DEBUG|ArtifactScraper|Parsing artifact substat: energyrecharge+4.5%
2026-10-01 07:57:50.361|DEBUG|ArtifactScraper|Parsing artifact substat: hp+209
2026-10-01 07:57:50.361|DEBUG|ArtifactScraper|Parsing artifact substat: critrate+3.1%
2026-10-01 07:57:50.361|DEBUG|ArtifactScraper|Parsing artifact substat: atk+5.8%(unactivated)
2026-10-01 07:57:50.507|DEBUG|ArtifactScraper|Parsing artifact substat: elementalmastery+21
2026-10-01 07:57:50.507|DEBUG|ArtifactScraper|Parsing artifact substat: energyrecharge+6.5%
2026-10-01 07:57:50.507|DEBUG|ArtifactScraper|Parsing artifact substat: critrate+3.9%
2026-10-01 07:57:50.507|DEBUG|ArtifactScraper|Parsing artifact substat: def+5.8%(unactivated)
2026-10-01 07:57:50.709|DEBUG|ArtifactScraper|Parsing artifact substat: elementalmastery+19
2026-10-01 07:57:50.709|DEBUG|ArtifactScraper|Parsing artifact substat: critrate+3.1%
2026-10-01 07:57:50.709|DEBUG|ArtifactScraper|Parsing artifact substat: def+7.3%
2026-10-01 07:57:50.709|DEBUG|ArtifactScraper|Parsing artifact substat: atk+4.1%
2026-10-01 07:57:50.977|DEBUG|ArtifactScraper|Parsing artifact substat: critdmg+6.2%
2026-10-01 07:57:50.977|DEBUG|ArtifactScraper|Parsing artifact substat: atk+5.8%
2026-10-01 07:57:50.977|DEBUG|ArtifactScraper|Parsing artifact substat: critrate+3.1%
2026-10-01 07:57:50.977|DEBUG|ArtifactScraper|Parsing artifact substat: def+19(unactivated)
2026-10-01 07:57:51.082|DEBUG|ArtifactScraper|Parsing artifact substat: atk+5.8%
2026-10-01 07:57:51.082|DEBUG|ArtifactScraper|Parsing artifact substat: critdmg+7.8%
2026-10-01 07:57:51.082|DEBUG|ArtifactScraper|Parsing artifact substat: energyrecharge+5.8%
2026-10-01 07:57:51.082|DEBUG|ArtifactScraper|Parsing artifact substat: atk+16(unactivated)
2026-10-01 07:57:51.223|DEBUG|ArtifactScraper|Parsing artifact substat: critdmg+5.4%
2026-10-01 07:57:51.223|DEBUG|ArtifactScraper|Parsing artifact substat: def+23
2026-10-01 07:57:51.223|DEBUG|ArtifactScraper|Parsing artifact substat: atk+4.1%
2026-10-01 07:57:51.223|DEBUG|ArtifactScraper|Parsing artifact substat: atk+16(unactivated)
2026-10-01 07:57:51.493|DEBUG|ArtifactScraper|Parsing artifact substat: atk+18
2026-10-01 07:57:51.493|DEBUG|ArtifactScraper|Parsing artifact substat: def+5.1%
2026-10-01 07:57:51.493|DEBUG|ArtifactScraper|Parsing artifact substat: atk+4.1%
2026-10-01 07:57:51.493|DEBUG|ArtifactScraper|Parsing artifact substat: critrate+2.7%(unactivated)
2026-10-01 07:57:51.579|DEBUG|ArtifactScraper|Finished queuing page of artifacts. Scrolling...
2026-10-01 07:57:51.647|DEBUG|ArtifactScraper|Parsing artifact substat: def+16
2026-10-01 07:57:51.647|DEBUG|ArtifactScraper|Parsing artifact substat: energyrecharge+5.2%
2026-10-01 07:57:51.647|DEBUG|ArtifactScraper|Parsing artifact substat: elementalmastery+19
2026-10-01 07:57:51.647|DEBUG|ArtifactScraper|Parsing artifact substat: atk+4.7%(unactivated)
2026-10-01 07:57:51.748|DEBUG|ArtifactScraper|Parsing artifact substat: atk+5.8%
2026-10-01 07:57:51.748|DEBUG|ArtifactScraper|Parsing artifact substat: atk+19
2026-10-01 07:57:51.748|DEBUG|ArtifactScraper|Parsing artifact substat: critrate+2.7%
2026-10-01 07:57:51.748|DEBUG|ArtifactScraper|Parsing artifact substat: def+6.6%(unactivated)
2026-10-01 07:57:51.943|DEBUG|ArtifactScraper|Parsing artifact substat: atk+4.7%
2026-10-01 07:57:51.943|DEBUG|ArtifactScraper|Parsing artifact substat: def+19
2026-10-01 07:57:51.943|DEBUG|ArtifactScraper|Parsing artifact substat: def+7.3%
2026-10-01 07:57:51.943|DEBUG|ArtifactScraper|Parsing artifact substat: energyrecharge+6.5%
2026-10-01 07:57:52.076|DEBUG|ArtifactScraper|Parsing artifact substat: def+21
2026-10-01 07:57:52.076|DEBUG|ArtifactScraper|Parsing artifact substat: def+5.8%
2026-10-01 07:57:52.076|DEBUG|ArtifactScraper|Parsing artifact substat: critrate+3.9%
2026-10-01 07:57:52.076|DEBUG|ArtifactScraper|Parsing artifact substat: energyrecharge+4.5%
2026-10-01 07:57:54.004|DEBUG|ArtifactScraper|Scanning artifact page 23
2026-10-01 07:57:54.004|DEBUG|ArtifactScraper|Located 32 possible item locations on page.
2026-10-01 07:57:54.441|DEBUG|ArtifactScraper|Parsing artifact substat: critrate+2.7%
2026-10-01 07:57:54.441|DEBUG|ArtifactScraper|Parsing artifact substat: hp+5.8%
2026-10-01 07:57:54.441|DEBUG|ArtifactScraper|Parsing artifact substat: def+19
2026-10-01 07:57:54.441|DEBUG|ArtifactScraper|Parsing artifact substat: atk+14
2026-10-01 07:57:54.675|DEBUG|ArtifactScraper|Parsing artifact substat: atk+16
2026-10-01 07:57:54.675|DEBUG|ArtifactScraper|Parsing artifact substat: def+5.1%
2026-10-01 07:57:54.675|DEBUG|ArtifactScraper|Parsing artifact substat: hp+5.3%
2026-10-01 07:57:54.675|DEBUG|ArtifactScraper|Parsing artifact substat: elementalmastery+23
2026-10-01 07:57:54.871|DEBUG|ArtifactScraper|Parsing artifact substat: critrate+3.5%
2026-10-01 07:57:54.871|DEBUG|ArtifactScraper|Parsing artifact substat: def+6.6%
2026-10-01 07:57:54.871|DEBUG|ArtifactScraper|Parsing artifact substat: atk+18
2026-10-01 07:57:54.871|DEBUG|ArtifactScraper|Parsing artifact substat: hp+4.7%
2026-10-01 07:57:55.079|DEBUG|ArtifactScraper|Parsing artifact substat: energyrecharge+6.5%
2026-10-01 07:57:55.079|DEBUG|ArtifactScraper|Parsing artifact substat: def+23
2026-10-01 07:57:55.079|DEBUG|ArtifactScraper|Parsing artifact substat: hp+4.1%
2026-10-01 07:57:55.079|DEBUG|ArtifactScraper|Parsing artifact substat: atk+18(unactivated)
2026-10-01 07:57:55.284|DEBUG|ArtifactScraper|Parsing artifact substat: hp+4.1%
2026-10-01 07:57:55.284|DEBUG|ArtifactScraper|Parsing artifact substat: energyrecharge+4.5%
2026-10-01 07:57:55.285|DEBUG|ArtifactScraper|Parsing artifact substat: elementalmastery+23
2026-10-01 07:57:55.285|DEBUG|ArtifactScraper|Parsing artifact substat: def+21(unactivated)
2026-10-01 07:57:55.484|DEBUG|ArtifactScraper|Parsing artifact substat: def+23
2026-10-01 07:57:55.484|DEBUG|ArtifactScraper|Parsing artifact substat: atk+4.7%
2026-10-01 07:57:55.484|DEBUG|ArtifactScraper|Parsing artifact substat: elementalmastery+21
2026-10-01 07:57:55.484|DEBUG|ArtifactScraper|Parsing artifact substat: atk+18(unactivated)
2026-10-01 07:57:55.605|DEBUG|ArtifactScraper|Parsing artifact substat: critrate+3.1%
2026-10-01 07:57:55.605|DEBUG|ArtifactScraper|Parsing artifact substat: def+23
2026-10-01 07:57:55.605|DEBUG|ArtifactScraper|Parsing artifact substat: def+5.8%
2026-10-01 07:57:55.605|DEBUG|ArtifactScraper|Parsing artifact substat: hp+5.3%(unactivated)
2026-10-01 07:57:55.890|DEBUG|ArtifactScraper|Parsing artifact substat: atk+18
2026-10-01 07:57:55.890|DEBUG|ArtifactScraper|Parsing artifact substat: def+19
2026-10-01 07:57:55.890|DEBUG|ArtifactScraper|Parsing artifact substat: elementalmastery+23
2026-10-01 07:57:55.890|DEBUG|ArtifactScraper|Parsing artifact substat: energyrecharge+6.5%
2026-10-01 07:57:55.929|DEBUG|ArtifactScraper|Parsing artifact substat: atk+19
2026-10-01 07:57:55.929|DEBUG|ArtifactScraper|Parsing artifact substat: def+16
2026-10-01 07:57:55.929|DEBUG|ArtifactScraper|Parsing artifact substat: def+6.6%
2026-10-01 07:57:55.929|DEBUG|ArtifactScraper|Parsing artifact substat: atk+4.7%(unactivated)
2026-10-01 07:57:56.285|DEBUG|ArtifactScraper|Parsing artifact substat: hp+4.1%
2026-10-01 07:57:56.285|DEBUG|ArtifactScraper|Parsing artifact substat: atk+14
2026-10-01 07:57:56.285|DEBUG|ArtifactScraper|Parsing artifact substat: elementalmastery+21
2026-10-01 07:57:56.285|DEBUG|ArtifactScraper|Parsing artifact substat: critrate+2.7%(unactivated)
2026-10-01 07:57:56.342|DEBUG|ArtifactScraper|Parsing artifact substat: energyrecharge+4.5%
2026-10-01 07:57:56.342|DEBUG|ArtifactScraper|Parsing artifact substat: def+21
2026-10-01 07:57:56.342|DEBUG|ArtifactScraper|Parsing artifact substat: atk+18
2026-10-01 07:57:56.342|DEBUG|ArtifactScraper|Parsing artifact substat: hp+5.3%(unactivated)
2026-10-01 07:57:56.568|DEBUG|ArtifactScraper|Parsing artifact substat: elementalmastery+16
2026-10-01 07:57:56.568|DEBUG|ArtifactScraper|Parsing artifact substat: atk+14
2026-10-01 07:57:56.568|DEBUG|ArtifactScraper|Parsing artifact substat: def+5.1%
2026-10-01 07:57:56.568|DEBUG|ArtifactScraper|Parsing artifact substat: def+16(unactivated)
2026-10-01 07:57:56.712|DEBUG|ArtifactScraper|Parsing artifact substat: def+5.8%
2026-10-01 07:57:56.712|DEBUG|ArtifactScraper|Parsing artifact substat: elementalmastery+19
2026-10-01 07:57:56.712|DEBUG|ArtifactScraper|Parsing artifact substat: atk+14
2026-10-01 07:57:56.712|DEBUG|ArtifactScraper|Parsing artifact substat: critdmg+5.4%(unactivated)
2026-10-01 07:57:56.928|DEBUG|ArtifactScraper|Parsing artifact substat: atk+19
2026-10-01 07:57:56.928|DEBUG|ArtifactScraper|Parsing artifact substat: hp+4.1%
2026-10-01 07:57:56.928|DEBUG|ArtifactScraper|Parsing artifact substat: atk+4.1%
2026-10-01 07:57:56.928|DEBUG|ArtifactScraper|Parsing artifact substat: elementalmastery+23
2026-10-01 07:57:57.103|DEBUG|ArtifactScraper|Parsing artifact substat: hp+4.1%
2026-10-01 07:57:57.103|DEBUG|ArtifactScraper|Parsing artifact substat: atk+4.7%
2026-10-01 07:57:57.103|DEBUG|ArtifactScraper|Parsing artifact substat: atk+16
2026-10-01 07:57:57.103|DEBUG|ArtifactScraper|Parsing artifact substat: elementalmastery+19
2026-10-01 07:57:57.296|DEBUG|ArtifactScraper|Parsing artifact substat: def+23
2026-10-01 07:57:57.296|DEBUG|ArtifactScraper|Parsing artifact substat: elementalmastery+16
2026-10-01 07:57:57.296|DEBUG|ArtifactScraper|Parsing artifact substat: hp+5.8%
2026-10-01 07:57:57.296|DEBUG|ArtifactScraper|Parsing artifact substat: critrate+3.9%(unactivated)
2026-10-01 07:57:57.540|DEBUG|ArtifactScraper|Parsing artifact substat: def+7.3%
2026-10-01 07:57:57.540|DEBUG|ArtifactScraper|Parsing artifact substat: elementalmastery+21
2026-10-01 07:57:57.540|DEBUG|ArtifactScraper|Parsing artifact substat: atk+19
2026-10-01 07:57:57.540|DEBUG|ArtifactScraper|Parsing artifact substat: critdmg+5.4%(unactivated)
2026-10-01 07:57:57.623|DEBUG|ArtifactScraper|Parsing artifact substat: hp+209
2026-10-01 07:57:57.623|DEBUG|ArtifactScraper|Parsing artifact substat: atk+5.8%
2026-10-01 07:57:57.623|DEBUG|ArtifactScraper|Parsing artifact substat: energyrecharge+5.2%
2026-10-01 07:57:57.623|DEBUG|ArtifactScraper|Parsing artifact substat: critrate+3.5%(unactivated)
2026-10-01 07:57:57.950|DEBUG|ArtifactScraper|Parsing artifact substat: def+5.8%
2026-10-01 07:57:57.950|DEBUG|ArtifactScraper|Parsing artifact substat: atk+5.8%
2026-10-01 07:57:57.950|DEBUG|ArtifactScraper|Parsing artifact substat: critrate+3.9%
2026-10-01 07:57:57.950|DEBUG|ArtifactScraper|Parsing artifact substat: hp+299(unactivated)
2026-10-01 07:57:57.957|DEBUG|ArtifactScraper|Parsing artifact substat: def+5.8%
2026-10-01 07:57:57.957|DEBUG|ArtifactScraper|Parsing artifact substat: critrate+3.1%
2026-10-01 07:57:57.957|DEBUG|ArtifactScraper|Parsing artifact substat: hp+299
2026-10-01 07:57:57.957|DEBUG|ArtifactScraper|Parsing artifact substat: atk+5.8%(unactivated)
2026-10-01 07:57:58.294|DEBUG|ArtifactScraper|Parsing artifact substat: atk+4.1%
2026-10-01 07:57:58.294|DEBUG|ArtifactScraper|Parsing artifact substat: hp+4.7%
2026-10-01 07:57:58.294|DEBUG|ArtifactScraper|Parsing artifact substat: energyrecharge+4.5%
2026-10-01 07:57:58.294|DEBUG|ArtifactScraper|Parsing artifact substat: def+7.3%(unactivated)
2026-10-01 07:57:58.395|DEBUG|ArtifactScraper|Parsing artifact substat: energyrecharge+5.8%
2026-10-01 07:57:58.395|DEBUG|ArtifactScraper|Parsing artifact substat: def+21
2026-10-01 07:57:58.395|DEBUG|ArtifactScraper|Parsing artifact substat: critrate+3.9%
2026-10-01 07:57:58.395|DEBUG|ArtifactScraper|Parsing artifact substat: def+7.3%(unactivated)
2026-10-01 07:57:58.716|DEBUG|ArtifactScraper|Parsing artifact substat: def+16
2026-10-01 07:57:58.716|DEBUG|ArtifactScraper|Parsing artifact substat: energyrecharge+4.5%
2026-10-01 07:57:58.716|DEBUG|ArtifactScraper|Parsing artifact substat: hp+5.8%
2026-10-01 07:57:58.716|DEBUG|ArtifactScraper|Parsing artifact substat: critrate+2.7%(unactivated)
2026-10-01 07:57:58.759|DEBUG|ArtifactScraper|Parsing artifact substat: critdmg+7.8%
2026-10-01 07:57:58.759|DEBUG|ArtifactScraper|Parsing artifact substat: hp+239
2026-10-01 07:57:58.759|DEBUG|ArtifactScraper|Parsing artifact substat: atk+4.1%
2026-10-01 07:57:58.759|DEBUG|ArtifactScraper|Parsing artifact substat: def+19(unactivated)
2026-10-01 07:57:58.869|DEBUG|ArtifactScraper|Parsing artifact substat: def+5.8%
2026-10-01 07:57:58.869|DEBUG|ArtifactScraper|Parsing artifact substat: critdmg+7.8%
2026-10-01 07:57:58.869|DEBUG|ArtifactScraper|Parsing artifact substat: atk+4.7%
2026-10-01 07:57:58.869|DEBUG|ArtifactScraper|Parsing artifact substat: critrate+3.1%(unactivated)
2026-10-01 07:57:59.162|DEBUG|ArtifactScraper|Parsing artifact substat: atk+5.3%
2026-10-01 07:57:59.162|DEBUG|ArtifactScraper|Parsing artifact substat: energyrecharge+5.8%
2026-10-01 07:57:59.162|DEBUG|ArtifactScraper|Parsing artifact substat: def+19
2026-10-01 07:57:59.162|DEBUG|ArtifactScraper|Parsing artifact substat: hp+269(unactivated)
2026-10-01 07:57:59.221|DEBUG|ArtifactScraper|Parsing artifact substat: critrate+3.5%
2026-10-01 07:57:59.221|DEBUG|ArtifactScraper|Parsing artifact substat: hp+209
2026-10-01 07:57:59.221|DEBUG|ArtifactScraper|Parsing artifact substat: energyrecharge+4.5%
2026-10-01 07:57:59.221|DEBUG|ArtifactScraper|Parsing artifact substat: def+6.6%(unactivated)
2026-10-01 07:57:59.556|DEBUG|ArtifactScraper|Parsing artifact substat: hp+4.1%
2026-10-01 07:57:59.556|DEBUG|ArtifactScraper|Parsing artifact substat: def+23
2026-10-01 07:57:59.556|DEBUG|ArtifactScraper|Parsing artifact substat: energyrecharge+4.5%
2026-10-01 07:57:59.556|DEBUG|ArtifactScraper|Parsing artifact substat: atk+5.8%(unactivated)
2026-10-01 07:57:59.615|DEBUG|ArtifactScraper|Parsing artifact substat: energyrecharge+5.8%
2026-10-01 07:57:59.615|DEBUG|ArtifactScraper|Parsing artifact substat: elementalmastery+23
2026-10-01 07:57:59.615|DEBUG|ArtifactScraper|Parsing artifact substat: hp+5.3%
2026-10-01 07:57:59.615|DEBUG|ArtifactScraper|Parsing artifact substat: critdmg+5.4%(unactivated)
2026-10-01 07:57:59.739|DEBUG|ArtifactScraper|Finished queuing page of artifacts. Scrolling...
2026-10-01 07:57:59.970|DEBUG|ArtifactScraper|Parsing artifact substat: atk+5.8%
2026-10-01 07:57:59.970|DEBUG|ArtifactScraper|Parsing artifact substat: def+23
2026-10-01 07:57:59.970|DEBUG|ArtifactScraper|Parsing artifact substat: elementalmastery+23
2026-10-01 07:57:59.970|DEBUG|ArtifactScraper|Parsing artifact substat: energyrecharge+6.5%
2026-10-01 07:58:00.049|DEBUG|ArtifactScraper|Parsing artifact substat: hp+239
2026-10-01 07:58:00.049|DEBUG|ArtifactScraper|Parsing artifact substat: def+6.6%
2026-10-01 07:58:00.049|DEBUG|ArtifactScraper|Parsing artifact substat: energyrecharge+5.8%
2026-10-01 07:58:00.049|DEBUG|ArtifactScraper|Parsing artifact substat: critdmg+7.8%(unactivated)
2026-10-01 07:58:00.262|DEBUG|ArtifactScraper|Parsing artifact substat: atk+5.8%
2026-10-01 07:58:00.262|DEBUG|ArtifactScraper|Parsing artifact substat: critdmg+6.2%
2026-10-01 07:58:00.262|DEBUG|ArtifactScraper|Parsing artifact substat: def+19
2026-10-01 07:58:00.262|DEBUG|ArtifactScraper|Parsing artifact substat: energyrecharge+4.5%
2026-10-01 07:58:02.189|DEBUG|ArtifactScraper|Scanning artifact page 24
2026-10-01 07:58:02.189|DEBUG|ArtifactScraper|Located 32 possible item locations on page.
2026-10-01 07:58:02.573|DEBUG|ArtifactScraper|Parsing artifact substat: hp+299
2026-10-01 07:58:02.573|DEBUG|ArtifactScraper|Parsing artifact substat: def+16
2026-10-01 07:58:02.573|DEBUG|ArtifactScraper|Parsing artifact substat: critrate+2.7%
2026-10-01 07:58:02.573|DEBUG|ArtifactScraper|Parsing artifact substat: hp+5.3%
2026-10-01 07:58:02.907|DEBUG|ArtifactScraper|Parsing artifact substat: def+19
2026-10-01 07:58:02.907|DEBUG|ArtifactScraper|Parsing artifact substat: hp+239
2026-10-01 07:58:02.907|DEBUG|ArtifactScraper|Parsing artifact substat: def+5.1%
2026-10-01 07:58:02.907|DEBUG|ArtifactScraper|Parsing artifact substat: atk+4.7%(unactivated)
2026-10-01 07:58:03.016|DEBUG|ArtifactScraper|Parsing artifact substat: atk+4.7%
2026-10-01 07:58:03.016|DEBUG|ArtifactScraper|Parsing artifact substat: def+23
2026-10-01 07:58:03.016|DEBUG|ArtifactScraper|Parsing artifact substat: elementalmastery+21
2026-10-01 07:58:03.016|DEBUG|ArtifactScraper|Parsing artifact substat: hp+4.7%(unactivated)
2026-10-01 07:58:03.237|DEBUG|ArtifactScraper|Parsing artifact substat: def+23
2026-10-01 07:58:03.237|DEBUG|ArtifactScraper|Parsing artifact substat: elementalmastery+19
2026-10-01 07:58:03.237|DEBUG|ArtifactScraper|Parsing artifact substat: hp+5.3%
2026-10-01 07:58:03.237|DEBUG|ArtifactScraper|Parsing artifact substat: atk+4.7%(unactivated)
2026-10-01 07:58:03.404|DEBUG|ArtifactScraper|Parsing artifact substat: elementalmastery+21
2026-10-01 07:58:03.404|DEBUG|ArtifactScraper|Parsing artifact substat: def+7.3%
2026-10-01 07:58:03.404|DEBUG|ArtifactScraper|Parsing artifact substat: atk+4.1%
2026-10-01 07:58:03.404|DEBUG|ArtifactScraper|Parsing artifact substat: def+19(unactivated)
2026-10-01 07:58:03.612|DEBUG|ArtifactScraper|Parsing artifact substat: def+5.1%
2026-10-01 07:58:03.613|DEBUG|ArtifactScraper|Parsing artifact substat: atk+5.3%
2026-10-01 07:58:03.613|DEBUG|ArtifactScraper|Parsing artifact substat: hp+269
2026-10-01 07:58:03.613|DEBUG|ArtifactScraper|Parsing artifact substat: elementalmastery+23
2026-10-01 07:58:03.807|DEBUG|ArtifactScraper|Parsing artifact substat: elementalmastery+16
2026-10-01 07:58:03.807|DEBUG|ArtifactScraper|Parsing artifact substat: def+23
2026-10-01 07:58:03.807|DEBUG|ArtifactScraper|Parsing artifact substat: hp+209
2026-10-01 07:58:03.807|DEBUG|ArtifactScraper|Parsing artifact substat: energyrecharge+5.2%
2026-10-01 07:58:04.013|DEBUG|ArtifactScraper|Parsing artifact substat: energyrecharge+5.2%
2026-10-01 07:58:04.013|DEBUG|ArtifactScraper|Parsing artifact substat: def+7.3%
2026-10-01 07:58:04.013|DEBUG|ArtifactScraper|Parsing artifact substat: hp+209
2026-10-01 07:58:04.013|DEBUG|ArtifactScraper|Parsing artifact substat: elementalmastery+23
2026-10-01 07:58:04.211|DEBUG|ArtifactScraper|Parsing artifact substat: elementalmastery+16
2026-10-01 07:58:04.211|DEBUG|ArtifactScraper|Parsing artifact substat: hp+269
2026-10-01 07:58:04.211|DEBUG|ArtifactScraper|Parsing artifact substat: atk+4.7%
2026-10-01 07:58:04.211|DEBUG|ArtifactScraper|Parsing artifact substat: def+5.8%(unactivated)
2026-10-01 07:58:04.377|DEBUG|ArtifactScraper|Parsing artifact substat: elementalmastery+19
2026-10-01 07:58:04.377|DEBUG|ArtifactScraper|Parsing artifact substat: def+23
2026-10-01 07:58:04.377|DEBUG|ArtifactScraper|Parsing artifact substat: energyrecharge+5.8%
2026-10-01 07:58:04.377|DEBUG|ArtifactScraper|Parsing artifact substat: hp+239(unactivated)
2026-10-01 07:58:04.640|DEBUG|ArtifactScraper|Parsing artifact substat: elementalmastery+23
2026-10-01 07:58:04.640|DEBUG|ArtifactScraper|Parsing artifact substat: def+16
2026-10-01 07:58:04.640|DEBUG|ArtifactScraper|Parsing artifact substat: hp+209
2026-10-01 07:58:04.640|DEBUG|ArtifactScraper|Parsing artifact substat: energyrecharge+5.2%
2026-10-01 07:58:04.667|DEBUG|ArtifactScraper|Parsing artifact substat: def+16
2026-10-01 07:58:04.667|DEBUG|ArtifactScraper|Parsing artifact substat: atk+4.1%
2026-10-01 07:58:04.667|DEBUG|ArtifactScraper|Parsing artifact substat: def+7.3%
2026-10-01 07:58:04.667|DEBUG|ArtifactScraper|Parsing artifact substat: elementalmastery+19
2026-10-01 07:58:04.982|DEBUG|ArtifactScraper|Parsing artifact substat: def+21
2026-10-01 07:58:04.982|DEBUG|ArtifactScraper|Parsing artifact substat: hp+5.8%
2026-10-01 07:58:04.982|DEBUG|ArtifactScraper|Parsing artifact substat: def+5.1%
2026-10-01 07:58:04.982|DEBUG|ArtifactScraper|Parsing artifact substat: hp+209(unactivated)
2026-10-01 07:58:04.982|DEBUG|ArtifactScraper|Parsing artifact substat: def+5.1%
2026-10-01 07:58:04.982|DEBUG|ArtifactScraper|Parsing artifact substat: hp+299
2026-10-01 07:58:04.982|DEBUG|ArtifactScraper|Parsing artifact substat: def+23
2026-10-01 07:58:04.982|DEBUG|ArtifactScraper|Parsing artifact substat: atk+4.1%(unactivated)
2026-10-01 07:58:05.248|DEBUG|ArtifactScraper|Parsing artifact substat: hp+4.1%
2026-10-01 07:58:05.248|DEBUG|ArtifactScraper|Parsing artifact substat: def+5.1%
2026-10-01 07:58:05.248|DEBUG|ArtifactScraper|Parsing artifact substat: critdmg+5.4%
2026-10-01 07:58:05.248|DEBUG|ArtifactScraper|Parsing artifact substat: def+23
2026-10-01 07:58:05.355|DEBUG|ArtifactScraper|Parsing artifact substat: atk+16
2026-10-01 07:58:05.355|DEBUG|ArtifactScraper|Parsing artifact substat: elementalmastery+21
2026-10-01 07:58:05.355|DEBUG|ArtifactScraper|Parsing artifact substat: critdmg+7.8%
2026-10-01 07:58:05.355|DEBUG|ArtifactScraper|Parsing artifact substat: critrate+3.1%(unactivated)
2026-10-01 07:58:05.588|DEBUG|ArtifactScraper|Parsing artifact substat: atk+4.7%
2026-10-01 07:58:05.588|DEBUG|ArtifactScraper|Parsing artifact substat: hp+209
2026-10-01 07:58:05.588|DEBUG|ArtifactScraper|Parsing artifact substat: critrate+2.7%
2026-10-01 07:58:05.588|DEBUG|ArtifactScraper|Parsing artifact substat: energyrecharge+6.5%
2026-10-01 07:58:05.723|DEBUG|ArtifactScraper|Parsing artifact substat: hp+4.1%
2026-10-01 07:58:05.723|DEBUG|ArtifactScraper|Parsing artifact substat: def+5.1%
2026-10-01 07:58:05.723|DEBUG|ArtifactScraper|Parsing artifact substat: energyrecharge+5.2%
2026-10-01 07:58:05.723|DEBUG|ArtifactScraper|Parsing artifact substat: critrate+3.5%(unactivated)
2026-10-01 07:58:05.848|DEBUG|ArtifactScraper|Parsing artifact substat: def+16
2026-10-01 07:58:05.848|DEBUG|ArtifactScraper|Parsing artifact substat: hp+209
2026-10-01 07:58:05.848|DEBUG|ArtifactScraper|Parsing artifact substat: hp+4.7%
2026-10-01 07:58:05.848|DEBUG|ArtifactScraper|Parsing artifact substat: energyrecharge+5.8%
2026-10-01 07:58:06.040|DEBUG|ArtifactScraper|Parsing artifact substat: hp+269
2026-10-01 07:58:06.040|DEBUG|ArtifactScraper|Parsing artifact substat: energyrecharge+6.5%
2026-10-01 07:58:06.040|DEBUG|ArtifactScraper|Parsing artifact substat: def+19
2026-10-01 07:58:06.040|DEBUG|ArtifactScraper|Parsing artifact substat: def+6.6%
2026-10-01 07:58:06.171|DEBUG|ArtifactScraper|Parsing artifact substat: energyrecharge+6.5%
2026-10-01 07:58:06.171|DEBUG|ArtifactScraper|Parsing artifact substat: atk+14
2026-10-01 07:58:06.171|DEBUG|ArtifactScraper|Parsing artifact substat: def+23
2026-10-01 07:58:06.171|DEBUG|ArtifactScraper|Parsing artifact substat: elementalmastery+21
2026-10-01 07:58:06.313|DEBUG|ArtifactScraper|Parsing artifact substat: hp+209
2026-10-01 07:58:06.313|DEBUG|ArtifactScraper|Parsing artifact substat: def+19
2026-10-01 07:58:06.313|DEBUG|ArtifactScraper|Parsing artifact substat: hp+5.3%
2026-10-01 07:58:06.313|DEBUG|ArtifactScraper|Parsing artifact substat: atk+14
2026-10-01 07:58:06.623|DEBUG|ArtifactScraper|Parsing artifact substat: def+6.6%
2026-10-01 07:58:06.623|DEBUG|ArtifactScraper|Parsing artifact substat: def+21
2026-10-01 07:58:06.623|DEBUG|ArtifactScraper|Parsing artifact substat: elementalmastery+23
2026-10-01 07:58:06.623|DEBUG|ArtifactScraper|Parsing artifact substat: atk+16(unactivated)
2026-10-01 07:58:06.688|DEBUG|ArtifactScraper|Parsing artifact substat: atk+14
2026-10-01 07:58:06.688|DEBUG|ArtifactScraper|Parsing artifact substat: def+16
2026-10-01 07:58:06.688|DEBUG|ArtifactScraper|Parsing artifact substat: atk+4.1%
2026-10-01 07:58:06.688|DEBUG|ArtifactScraper|Parsing artifact substat: hp+299(unactivated)
2026-10-01 07:58:06.922|DEBUG|ArtifactScraper|Parsing artifact substat: atk+14
2026-10-01 07:58:06.922|DEBUG|ArtifactScraper|Parsing artifact substat: def+16
2026-10-01 07:58:06.922|DEBUG|ArtifactScraper|Parsing artifact substat: critdmg+7.0%
2026-10-01 07:58:06.922|DEBUG|ArtifactScraper|Parsing artifact substat: def+5.1%(unactivated)
2026-10-01 07:58:07.236|DEBUG|ArtifactScraper|Parsing artifact substat: def+6.6%
2026-10-01 07:58:07.236|DEBUG|ArtifactScraper|Parsing artifact substat: energyrecharge+5.8%
2026-10-01 07:58:07.236|DEBUG|ArtifactScraper|Parsing artifact substat: def+19
2026-10-01 07:58:07.236|DEBUG|ArtifactScraper|Parsing artifact substat: hp+269(unactivated)
2026-10-01 07:58:07.277|DEBUG|ArtifactScraper|Parsing artifact substat: energyrecharge+6.5%
2026-10-01 07:58:07.277|DEBUG|ArtifactScraper|Parsing artifact substat: def+19
2026-10-01 07:58:07.277|DEBUG|ArtifactScraper|Parsing artifact substat: critdmg+5.4%
2026-10-01 07:58:07.277|DEBUG|ArtifactScraper|Parsing artifact substat: elementalmastery+16
2026-10-01 07:58:07.558|DEBUG|ArtifactScraper|Parsing artifact substat: elementalmastery+23
2026-10-01 07:58:07.558|DEBUG|ArtifactScraper|Parsing artifact substat: critrate+3.9%
2026-10-01 07:58:07.558|DEBUG|ArtifactScraper|Parsing artifact substat: def+16
2026-10-01 07:58:07.558|DEBUG|ArtifactScraper|Parsing artifact substat: atk+19(unactivated)
2026-10-01 07:58:07.576|DEBUG|ArtifactScraper|Parsing artifact substat: def+23
2026-10-01 07:58:07.576|DEBUG|ArtifactScraper|Parsing artifact substat: energyrecharge+6.5%
2026-10-01 07:58:07.576|DEBUG|ArtifactScraper|Parsing artifact substat: hp+239
2026-10-01 07:58:07.576|DEBUG|ArtifactScraper|Parsing artifact substat: elementalmastery+21
2026-10-01 07:58:07.787|DEBUG|ArtifactScraper|Finished queuing page of artifacts. Scrolling...
2026-10-01 07:58:07.863|DEBUG|ArtifactScraper|Parsing artifact substat: atk+4.1%
2026-10-01 07:58:07.863|DEBUG|ArtifactScraper|Parsing artifact substat: atk+14
2026-10-01 07:58:07.863|DEBUG|ArtifactScraper|Parsing artifact substat: hp+269
2026-10-01 07:58:07.863|DEBUG|ArtifactScraper|Parsing artifact substat: energyrecharge+4.5%
2026-10-01 07:58:07.915|DEBUG|ArtifactScraper|Parsing artifact substat: def+21
2026-10-01 07:58:07.915|DEBUG|ArtifactScraper|Parsing artifact substat: hp+209
2026-10-01 07:58:07.915|DEBUG|ArtifactScraper|Parsing artifact substat: atk+19
2026-10-01 07:58:07.915|DEBUG|ArtifactScraper|Parsing artifact substat: critdmg+5.4%(unactivated)
2026-10-01 07:58:08.126|DEBUG|ArtifactScraper|Parsing artifact substat: atk+16
2026-10-01 07:58:08.126|DEBUG|ArtifactScraper|Parsing artifact substat: hp+209
2026-10-01 07:58:08.126|DEBUG|ArtifactScraper|Parsing artifact substat: elementalmastery+19
2026-10-01 07:58:08.126|DEBUG|ArtifactScraper|Parsing artifact substat: atk+4.7%(unactivated)
2026-10-01 07:58:08.384|DEBUG|ArtifactScraper|Scrolled back one
2026-10-01 07:58:09.888|DEBUG|ArtifactScraper|Scanning artifact page 25
2026-10-01 07:58:09.888|DEBUG|ArtifactScraper|Located 32 possible item locations on page.
2026-10-01 07:58:10.478|DEBUG|ArtifactScraper|Parsing artifact substat: hp+4.7%
2026-10-01 07:58:10.478|DEBUG|ArtifactScraper|Parsing artifact substat: def+19
2026-10-01 07:58:10.478|DEBUG|ArtifactScraper|Parsing artifact substat: critdmg+6.2%
2026-10-01 07:58:10.478|DEBUG|ArtifactScraper|Parsing artifact substat: atk+14(unactivated)
2026-10-01 07:58:10.478|DEBUG|ArtifactScraper|Parsing artifact substat: atk+14
2026-10-01 07:58:10.478|DEBUG|ArtifactScraper|Parsing artifact substat: elementalmastery+16
2026-10-01 07:58:10.478|DEBUG|ArtifactScraper|Parsing artifact substat: def+23
2026-10-01 07:58:10.478|DEBUG|ArtifactScraper|Parsing artifact substat: atk+4.1%(unactivated)
2026-10-01 07:58:10.802|DEBUG|ArtifactScraper|Parsing artifact substat: energyrecharge+4.5%
2026-10-01 07:58:10.802|DEBUG|ArtifactScraper|Parsing artifact substat: atk+18
2026-10-01 07:58:10.802|DEBUG|ArtifactScraper|Parsing artifact substat: def+21
2026-10-01 07:58:10.802|DEBUG|ArtifactScraper|Parsing artifact substat: hp+5.3%(unactivated)
2026-10-01 07:58:10.824|DEBUG|ArtifactScraper|Parsing artifact substat: elementalmastery+19
2026-10-01 07:58:10.824|DEBUG|ArtifactScraper|Parsing artifact substat: hp+239
2026-10-01 07:58:10.824|DEBUG|ArtifactScraper|Parsing artifact substat: critdmg+6.2%
2026-10-01 07:58:10.824|DEBUG|ArtifactScraper|Parsing artifact substat: atk+16(unactivated)
2026-10-01 07:58:11.083|DEBUG|ArtifactScraper|Parsing artifact substat: critrate+2.7%
2026-10-01 07:58:11.083|DEBUG|ArtifactScraper|Parsing artifact substat: atk+19
2026-10-01 07:58:11.083|DEBUG|ArtifactScraper|Parsing artifact substat: def+23
2026-10-01 07:58:11.083|DEBUG|ArtifactScraper|Parsing artifact substat: def+5.1%(unactivated)
2026-10-01 07:58:11.143|DEBUG|ArtifactScraper|Parsing artifact substat: hp+209
2026-10-01 07:58:11.143|DEBUG|ArtifactScraper|Parsing artifact substat: def+16
2026-10-01 07:58:11.143|DEBUG|ArtifactScraper|Parsing artifact substat: atk+4.7%
2026-10-01 07:58:11.143|DEBUG|ArtifactScraper|Parsing artifact substat: atk+16(unactivated)
2026-10-01 07:58:11.363|DEBUG|ArtifactScraper|Parsing artifact substat: hp+209
2026-10-01 07:58:11.363|DEBUG|ArtifactScraper|Parsing artifact substat: critrate+2.7%
2026-10-01 07:58:11.363|DEBUG|ArtifactScraper|Parsing artifact substat: def+7.3%
2026-10-01 07:58:11.363|DEBUG|ArtifactScraper|Parsing artifact substat: energyrecharge+6.5%
2026-10-01 07:58:11.677|DEBUG|ArtifactScraper|Parsing artifact substat: atk+19
2026-10-01 07:58:11.677|DEBUG|ArtifactScraper|Parsing artifact substat: def+6.6%
2026-10-01 07:58:11.677|DEBUG|ArtifactScraper|Parsing artifact substat: atk+5.3%
2026-10-01 07:58:11.677|DEBUG|ArtifactScraper|Parsing artifact substat: def+19(unactivated)
2026-10-01 07:58:11.741|DEBUG|ArtifactScraper|Parsing artifact substat: elementalmastery+16
2026-10-01 07:58:11.741|DEBUG|ArtifactScraper|Parsing artifact substat: atk+18
2026-10-01 07:58:11.741|DEBUG|ArtifactScraper|Parsing artifact substat: energyrecharge+6.5%
2026-10-01 07:58:11.741|DEBUG|ArtifactScraper|Parsing artifact substat: def+23(unactivated)
2026-10-01 07:58:12.001|DEBUG|ArtifactScraper|Parsing artifact substat: hp+5.3%
2026-10-01 07:58:12.001|DEBUG|ArtifactScraper|Parsing artifact substat: def+16
2026-10-01 07:58:12.001|DEBUG|ArtifactScraper|Parsing artifact substat: critrate+3.9%
2026-10-01 07:58:12.001|DEBUG|ArtifactScraper|Parsing artifact substat: elementalmastery+21
2026-10-01 07:58:12.043|DEBUG|ArtifactScraper|Parsing artifact substat: atk+14
2026-10-01 07:58:12.043|DEBUG|ArtifactScraper|Parsing artifact substat: def+5.8%
2026-10-01 07:58:12.043|DEBUG|ArtifactScraper|Parsing artifact substat: def+23
2026-10-01 07:58:12.043|DEBUG|ArtifactScraper|Parsing artifact substat: hp+269(unactivated)
2026-10-01 07:58:12.224|DEBUG|ArtifactScraper|Parsing artifact substat: def+23
2026-10-01 07:58:12.224|DEBUG|ArtifactScraper|Parsing artifact substat: atk+19
2026-10-01 07:58:12.224|DEBUG|ArtifactScraper|Parsing artifact substat: hp+4.1%
2026-10-01 07:58:12.224|DEBUG|ArtifactScraper|Parsing artifact substat: def+5.8%
2026-10-01 07:58:12.516|DEBUG|ArtifactScraper|Parsing artifact substat: hp+4.7%
2026-10-01 07:58:12.516|DEBUG|ArtifactScraper|Parsing artifact substat: critdmg+7.0%
2026-10-01 07:58:12.516|DEBUG|ArtifactScraper|Parsing artifact substat: hp+299
2026-10-01 07:58:12.516|DEBUG|ArtifactScraper|Parsing artifact substat: atk+18
2026-10-01 07:58:12.575|DEBUG|ArtifactScraper|Parsing artifact substat: hp+269
2026-10-01 07:58:12.575|DEBUG|ArtifactScraper|Parsing artifact substat: atk+4.7%
2026-10-01 07:58:12.575|DEBUG|ArtifactScraper|Parsing artifact substat: energyrecharge+6.5%
2026-10-01 07:58:12.575|DEBUG|ArtifactScraper|Parsing artifact substat: def+6.6%
2026-10-01 07:58:12.857|DEBUG|ArtifactScraper|Parsing artifact substat: atk+4.1%
2026-10-01 07:58:12.857|DEBUG|ArtifactScraper|Parsing artifact substat: energyrecharge+6.5%
2026-10-01 07:58:12.857|DEBUG|ArtifactScraper|Parsing artifact substat: hp+269
2026-10-01 07:58:12.857|DEBUG|ArtifactScraper|Parsing artifact substat: hp+5.3%
2026-10-01 07:58:12.943|DEBUG|ArtifactScraper|Parsing artifact substat: energyrecharge+5.8%
2026-10-01 07:58:12.943|DEBUG|ArtifactScraper|Parsing artifact substat: elementalmastery+16
2026-10-01 07:58:12.943|DEBUG|ArtifactScraper|Parsing artifact substat: hp+5.3%
2026-10-01 07:58:12.943|DEBUG|ArtifactScraper|Parsing artifact substat: atk+4.7%
2026-10-01 07:58:13.188|DEBUG|ArtifactScraper|Parsing artifact substat: def+16
2026-10-01 07:58:13.188|DEBUG|ArtifactScraper|Parsing artifact substat: hp+4.1%
2026-10-01 07:58:13.188|DEBUG|ArtifactScraper|Parsing artifact substat: energyrecharge+5.8%
2026-10-01 07:58:13.188|DEBUG|ArtifactScraper|Parsing artifact substat: atk+18(unactivated)
2026-10-01 07:58:13.274|DEBUG|ArtifactScraper|Parsing artifact substat: atk+5.3%
2026-10-01 07:58:13.274|DEBUG|ArtifactScraper|Parsing artifact substat: def+21
2026-10-01 07:58:13.274|DEBUG|ArtifactScraper|Parsing artifact substat: atk+14
2026-10-01 07:58:13.274|DEBUG|ArtifactScraper|Parsing artifact substat: hp+299(unactivated)
2026-10-01 07:58:13.478|DEBUG|ArtifactScraper|Parsing artifact substat: def+5.8%
2026-10-01 07:58:13.478|DEBUG|ArtifactScraper|Parsing artifact substat: critrate+3.5%
2026-10-01 07:58:13.478|DEBUG|ArtifactScraper|Parsing artifact substat: def+23
2026-10-01 07:58:13.478|DEBUG|ArtifactScraper|Parsing artifact substat: critdmg+7.8%(unactivated)
2026-10-01 07:58:13.609|DEBUG|ArtifactScraper|Parsing artifact substat: hp+5.3%
2026-10-01 07:58:13.609|DEBUG|ArtifactScraper|Parsing artifact substat: critdmg+7.8%
2026-10-01 07:58:13.609|DEBUG|ArtifactScraper|Parsing artifact substat: hp+299
2026-10-01 07:58:13.609|DEBUG|ArtifactScraper|Parsing artifact substat: energyrecharge+6.5%
2026-10-01 07:58:13.845|DEBUG|ArtifactScraper|Parsing artifact substat: energyrecharge+5.2%
2026-10-01 07:58:13.845|DEBUG|ArtifactScraper|Parsing artifact substat: critdmg+7.0%
2026-10-01 07:58:13.845|DEBUG|ArtifactScraper|Parsing artifact substat: def+16
2026-10-01 07:58:13.845|DEBUG|ArtifactScraper|Parsing artifact substat: critrate+2.7%(unactivated)
2026-10-01 07:58:13.933|DEBUG|ArtifactScraper|Parsing artifact substat: def+23
2026-10-01 07:58:13.933|DEBUG|ArtifactScraper|Parsing artifact substat: hp+269
2026-10-01 07:58:13.933|DEBUG|ArtifactScraper|Parsing artifact substat: atk+18
2026-10-01 07:58:13.933|DEBUG|ArtifactScraper|Parsing artifact substat: atk+4.7%(unactivated)
2026-10-01 07:58:14.183|DEBUG|ArtifactScraper|Parsing artifact substat: def+16
2026-10-01 07:58:14.183|DEBUG|ArtifactScraper|Parsing artifact substat: energyrecharge+5.8%
2026-10-01 07:58:14.183|DEBUG|ArtifactScraper|Parsing artifact substat: atk+4.1%
2026-10-01 07:58:14.183|DEBUG|ArtifactScraper|Parsing artifact substat: atk+19(unactivated)
2026-10-01 07:58:14.381|DEBUG|ArtifactScraper|Parsing artifact substat: def+6.6%
2026-10-01 07:58:14.381|DEBUG|ArtifactScraper|Parsing artifact substat: elementalmastery+21
2026-10-01 07:58:14.381|DEBUG|ArtifactScraper|Parsing artifact substat: hp+5.8%
2026-10-01 07:58:14.381|DEBUG|ArtifactScraper|Parsing artifact substat: critrate+3.5%(unactivated)
2026-10-01 07:58:14.523|DEBUG|ArtifactScraper|Parsing artifact substat: atk+4.7%
2026-10-01 07:58:14.523|DEBUG|ArtifactScraper|Parsing artifact substat: critrate+3.1%
2026-10-01 07:58:14.523|DEBUG|ArtifactScraper|Parsing artifact substat: def+16
2026-10-01 07:58:14.523|DEBUG|ArtifactScraper|Parsing artifact substat: hp+4.7%(unactivated)
2026-10-01 07:58:14.732|DEBUG|ArtifactScraper|Parsing artifact substat: hp+269
2026-10-01 07:58:14.732|DEBUG|ArtifactScraper|Parsing artifact substat: atk+16
2026-10-01 07:58:14.732|DEBUG|ArtifactScraper|Parsing artifact substat: energyrecharge+5.8%
2026-10-01 07:58:14.732|DEBUG|ArtifactScraper|Parsing artifact substat: atk+4.1%(unactivated)
2026-10-01 07:58:14.868|DEBUG|ArtifactScraper|Parsing artifact substat: hp+299
2026-10-01 07:58:14.868|DEBUG|ArtifactScraper|Parsing artifact substat: critdmg+5.4%
2026-10-01 07:58:14.868|DEBUG|ArtifactScraper|Parsing artifact substat: atk+16
2026-10-01 07:58:14.868|DEBUG|ArtifactScraper|Parsing artifact substat: atk+4.1%(unactivated)
2026-10-01 07:58:15.054|DEBUG|ArtifactScraper|Parsing artifact substat: def+21
2026-10-01 07:58:15.054|DEBUG|ArtifactScraper|Parsing artifact substat: energyrecharge+4.5%
2026-10-01 07:58:15.054|DEBUG|ArtifactScraper|Parsing artifact substat: hp+4.7%
2026-10-01 07:58:15.054|DEBUG|ArtifactScraper|Parsing artifact substat: atk+16(unactivated)
2026-10-01 07:58:15.199|DEBUG|ArtifactScraper|Parsing artifact substat: def+23
2026-10-01 07:58:15.199|DEBUG|ArtifactScraper|Parsing artifact substat: critrate+3.5%
2026-10-01 07:58:15.199|DEBUG|ArtifactScraper|Parsing artifact substat: atk+19
2026-10-01 07:58:15.199|DEBUG|ArtifactScraper|Parsing artifact substat: hp+4.7%(unactivated)
2026-10-01 07:58:15.434|DEBUG|ArtifactScraper|Parsing artifact substat: energyrecharge+6.5%
2026-10-01 07:58:15.434|DEBUG|ArtifactScraper|Parsing artifact substat: elementalmastery+16
2026-10-01 07:58:15.434|DEBUG|ArtifactScraper|Parsing artifact substat: atk+16
2026-10-01 07:58:15.434|DEBUG|ArtifactScraper|Parsing artifact substat: critdmg+5.4%(unactivated)
2026-10-01 07:58:15.459|DEBUG|ArtifactScraper|Finished queuing page of artifacts. Scrolling...
2026-10-01 07:58:15.570|DEBUG|ArtifactScraper|Parsing artifact substat: energyrecharge+5.2%
2026-10-01 07:58:15.570|DEBUG|ArtifactScraper|Parsing artifact substat: critrate+2.7%
2026-10-01 07:58:15.570|DEBUG|ArtifactScraper|Parsing artifact substat: hp+299
2026-10-01 07:58:15.570|DEBUG|ArtifactScraper|Parsing artifact substat: hp+5.8%(unactivated)
2026-10-01 07:58:15.740|DEBUG|ArtifactScraper|Parsing artifact substat: atk+5.3%
2026-10-01 07:58:15.740|DEBUG|ArtifactScraper|Parsing artifact substat: atk+18
2026-10-01 07:58:15.740|DEBUG|ArtifactScraper|Parsing artifact substat: def+21
2026-10-01 07:58:15.740|DEBUG|ArtifactScraper|Parsing artifact substat: critrate+3.9%(unactivated)
2026-10-01 07:58:17.531|DEBUG|ArtifactScraper|Scanning artifact page 26
2026-10-01 07:58:17.531|DEBUG|ArtifactScraper|Located 32 possible item locations on page.
2026-10-01 07:58:17.894|DEBUG|ArtifactScraper|Parsing artifact substat: def+5.1%
2026-10-01 07:58:17.894|DEBUG|ArtifactScraper|Parsing artifact substat: atk+16
2026-10-01 07:58:17.894|DEBUG|ArtifactScraper|Parsing artifact substat: elementalmastery+23
2026-10-01 07:58:17.894|DEBUG|ArtifactScraper|Parsing artifact substat: def+16
2026-10-01 07:58:18.069|DEBUG|ArtifactScraper|Parsing artifact substat: def+23
2026-10-01 07:58:18.069|DEBUG|ArtifactScraper|Parsing artifact substat: hp+239
2026-10-01 07:58:18.069|DEBUG|ArtifactScraper|Parsing artifact substat: atk+18
2026-10-01 07:58:18.069|DEBUG|ArtifactScraper|Parsing artifact substat: elementalmastery+16
2026-10-01 07:58:18.331|DEBUG|ArtifactScraper|Parsing artifact substat: def+23
2026-10-01 07:58:18.331|DEBUG|ArtifactScraper|Parsing artifact substat: critdmg+7.0%
2026-10-01 07:58:18.331|DEBUG|ArtifactScraper|Parsing artifact substat: atk+16
2026-10-01 07:58:18.331|DEBUG|ArtifactScraper|Parsing artifact substat: atk+4.1%
2026-10-01 07:58:18.443|DEBUG|ArtifactScraper|Parsing artifact substat: hp+209
2026-10-01 07:58:18.443|DEBUG|ArtifactScraper|Parsing artifact substat: atk+16
2026-10-01 07:58:18.443|DEBUG|ArtifactScraper|Parsing artifact substat: def+5.1%
2026-10-01 07:58:18.443|DEBUG|ArtifactScraper|Parsing artifact substat: critrate+3.5%
2026-10-01 07:58:18.601|DEBUG|ArtifactScraper|Parsing artifact substat: atk+16
2026-10-01 07:58:18.601|DEBUG|ArtifactScraper|Parsing artifact substat: atk+4.1%
2026-10-01 07:58:18.601|DEBUG|ArtifactScraper|Parsing artifact substat: def+16
2026-10-01 07:58:18.601|DEBUG|ArtifactScraper|Parsing artifact substat: def+5.8%
2026-10-01 07:58:18.878|DEBUG|ArtifactScraper|Parsing artifact substat: def+16
2026-10-01 07:58:18.878|DEBUG|ArtifactScraper|Parsing artifact substat: hp+209
2026-10-01 07:58:18.878|DEBUG|ArtifactScraper|Parsing artifact substat: atk+18
2026-10-01 07:58:18.878|DEBUG|ArtifactScraper|Parsing artifact substat: hp+4.1%
2026-10-01 07:58:18.943|DEBUG|ArtifactScraper|Parsing artifact substat: def+16
2026-10-01 07:58:18.943|DEBUG|ArtifactScraper|Parsing artifact substat: energyrecharge+4.5%
2026-10-01 07:58:18.943|DEBUG|ArtifactScraper|Parsing artifact substat: atk+19
2026-10-01 07:58:18.943|DEBUG|ArtifactScraper|Parsing artifact substat: hp+209
2026-10-01 07:58:19.187|DEBUG|ArtifactScraper|Parsing artifact substat: atk+4.1%
2026-10-01 07:58:19.187|DEBUG|ArtifactScraper|Parsing artifact substat: def+23
2026-10-01 07:58:19.187|DEBUG|ArtifactScraper|Parsing artifact substat: elementalmastery+19
2026-10-01 07:58:19.187|DEBUG|ArtifactScraper|Parsing artifact substat: atk+16(unactivated)
2026-10-01 07:58:19.507|DEBUG|ArtifactScraper|Parsing artifact substat: def+19
2026-10-01 07:58:19.507|DEBUG|ArtifactScraper|Parsing artifact substat: hp+209
2026-10-01 07:58:19.507|DEBUG|ArtifactScraper|Parsing artifact substat: hp+4.1%
2026-10-01 07:58:19.507|DEBUG|ArtifactScraper|Parsing artifact substat: def+6.6%(unactivated)
2026-10-01 07:58:19.543|DEBUG|ArtifactScraper|Parsing artifact substat: def+23
2026-10-01 07:58:19.543|DEBUG|ArtifactScraper|Parsing artifact substat: elementalmastery+16
2026-10-01 07:58:19.543|DEBUG|ArtifactScraper|Parsing artifact substat: hp+299
2026-10-01 07:58:19.543|DEBUG|ArtifactScraper|Parsing artifact substat: energyrecharge+6.5%
2026-10-01 07:58:19.863|DEBUG|ArtifactScraper|Parsing artifact substat: hp+209
2026-10-01 07:58:19.863|DEBUG|ArtifactScraper|Parsing artifact substat: atk+5.3%
2026-10-01 07:58:19.863|DEBUG|ArtifactScraper|Parsing artifact substat: hp+4.1%
2026-10-01 07:58:19.863|DEBUG|ArtifactScraper|Parsing artifact substat: elementalmastery+21
2026-10-01 07:58:19.911|DEBUG|ArtifactScraper|Parsing artifact substat: hp+4.1%
2026-10-01 07:58:19.911|DEBUG|ArtifactScraper|Parsing artifact substat: hp+269
2026-10-01 07:58:19.911|DEBUG|ArtifactScraper|Parsing artifact substat: elementalmastery+16
2026-10-01 07:58:19.911|DEBUG|ArtifactScraper|Parsing artifact substat: critdmg+5.4%(unactivated)
2026-10-01 07:58:20.165|DEBUG|ArtifactScraper|Parsing artifact substat: hp+269
2026-10-01 07:58:20.165|DEBUG|ArtifactScraper|Parsing artifact substat: atk+18
2026-10-01 07:58:20.165|DEBUG|ArtifactScraper|Parsing artifact substat: atk+4.1%
2026-10-01 07:58:20.165|DEBUG|ArtifactScraper|Parsing artifact substat: def+19(unactivated)
2026-10-01 07:58:20.244|DEBUG|ArtifactScraper|Parsing artifact substat: hp+239
2026-10-01 07:58:20.244|DEBUG|ArtifactScraper|Parsing artifact substat: def+5.8%
2026-10-01 07:58:20.244|DEBUG|ArtifactScraper|Parsing artifact substat: critrate+3.9%
2026-10-01 07:58:20.244|DEBUG|ArtifactScraper|Parsing artifact substat: atk+18(unactivated)
2026-10-01 07:58:20.608|DEBUG|ArtifactScraper|Parsing artifact substat: critdmg+6.2%
2026-10-01 07:58:20.608|DEBUG|ArtifactScraper|Parsing artifact substat: energyrecharge+4.5%
2026-10-01 07:58:20.608|DEBUG|ArtifactScraper|Parsing artifact substat: atk+19
2026-10-01 07:58:20.608|DEBUG|ArtifactScraper|Parsing artifact substat: elementalmastery+16
2026-10-01 07:58:20.617|DEBUG|ArtifactScraper|Parsing artifact substat: hp+269
2026-10-01 07:58:20.617|DEBUG|ArtifactScraper|Parsing artifact substat: def+6.6%
2026-10-01 07:58:20.617|DEBUG|ArtifactScraper|Parsing artifact substat: def+21
2026-10-01 07:58:20.617|DEBUG|ArtifactScraper|Parsing artifact substat: atk+19
2026-10-01 07:58:20.847|DEBUG|ArtifactScraper|Parsing artifact substat: def+19
2026-10-01 07:58:20.848|DEBUG|ArtifactScraper|Parsing artifact substat: energyrecharge+4.5%
2026-10-01 07:58:20.848|DEBUG|ArtifactScraper|Parsing artifact substat: atk+18
2026-10-01 07:58:20.848|DEBUG|ArtifactScraper|Parsing artifact substat: atk+5.3%(unactivated)
2026-10-01 07:58:21.029|DEBUG|ArtifactScraper|Parsing artifact substat: energyrecharge+5.2%
2026-10-01 07:58:21.029|DEBUG|ArtifactScraper|Parsing artifact substat: hp+239
2026-10-01 07:58:21.029|DEBUG|ArtifactScraper|Parsing artifact substat: critrate+3.9%
2026-10-01 07:58:21.029|DEBUG|ArtifactScraper|Parsing artifact substat: def+19(unactivated)
2026-10-01 07:58:21.227|DEBUG|ArtifactScraper|Parsing artifact substat: hp+4.7%
2026-10-01 07:58:21.227|DEBUG|ArtifactScraper|Parsing artifact substat: atk+16
2026-10-01 07:58:21.227|DEBUG|ArtifactScraper|Parsing artifact substat: critdmg+5.4%
2026-10-01 07:58:21.227|DEBUG|ArtifactScraper|Parsing artifact substat: critrate+3.9%(unactivated)
2026-10-01 07:58:21.451|DEBUG|ArtifactScraper|Parsing artifact substat: def+16
2026-10-01 07:58:21.451|DEBUG|ArtifactScraper|Parsing artifact substat: energyrecharge+5.8%
2026-10-01 07:58:21.451|DEBUG|ArtifactScraper|Parsing artifact substat: atk+4.7%
2026-10-01 07:58:21.451|DEBUG|ArtifactScraper|Parsing artifact substat: critrate+2.7%(unactivated)
2026-10-01 07:58:21.571|DEBUG|ArtifactScraper|Parsing artifact substat: critrate+3.1%
2026-10-01 07:58:21.571|DEBUG|ArtifactScraper|Parsing artifact substat: critdmg+5.4%
2026-10-01 07:58:21.571|DEBUG|ArtifactScraper|Parsing artifact substat: elementalmastery+16
2026-10-01 07:58:21.571|DEBUG|ArtifactScraper|Parsing artifact substat: atk+16(unactivated)
2026-10-01 07:58:21.837|DEBUG|ArtifactScraper|Parsing artifact substat: hp+269
2026-10-01 07:58:21.837|DEBUG|ArtifactScraper|Parsing artifact substat: atk+14
2026-10-01 07:58:21.837|DEBUG|ArtifactScraper|Parsing artifact substat: energyrecharge+5.8%
2026-10-01 07:58:21.837|DEBUG|ArtifactScraper|Parsing artifact substat: def+5.1%
2026-10-01 07:58:21.853|DEBUG|ArtifactScraper|Parsing artifact substat: atk+16
2026-10-01 07:58:21.853|DEBUG|ArtifactScraper|Parsing artifact substat: def+21
2026-10-01 07:58:21.853|DEBUG|ArtifactScraper|Parsing artifact substat: hp+269
2026-10-01 07:58:21.853|DEBUG|ArtifactScraper|Parsing artifact substat: hp+4.7%
2026-10-01 07:58:22.203|DEBUG|ArtifactScraper|Parsing artifact substat: hp+239
2026-10-01 07:58:22.203|DEBUG|ArtifactScraper|Parsing artifact substat: critrate+2.7%
2026-10-01 07:58:22.203|DEBUG|ArtifactScraper|Parsing artifact substat: atk+5.8%
2026-10-01 07:58:22.203|DEBUG|ArtifactScraper|Parsing artifact substat: atk+16
2026-10-01 07:58:22.221|DEBUG|ArtifactScraper|Parsing artifact substat: def+23
2026-10-01 07:58:22.221|DEBUG|ArtifactScraper|Parsing artifact substat: hp+209
2026-10-01 07:58:22.221|DEBUG|ArtifactScraper|Parsing artifact substat: atk+18
2026-10-01 07:58:22.221|DEBUG|ArtifactScraper|Parsing artifact substat: elementalmastery+23
2026-10-01 07:58:22.535|DEBUG|ArtifactScraper|Parsing artifact substat: elementalmastery+19
2026-10-01 07:58:22.535|DEBUG|ArtifactScraper|Parsing artifact substat: atk+5.8%
2026-10-01 07:58:22.535|DEBUG|ArtifactScraper|Parsing artifact substat: hp+299
2026-10-01 07:58:22.535|DEBUG|ArtifactScraper|Parsing artifact substat: critrate+2.7%(unactivated)
2026-10-01 07:58:22.623|DEBUG|ArtifactScraper|Parsing artifact substat: hp+4.1%
2026-10-01 07:58:22.623|DEBUG|ArtifactScraper|Parsing artifact substat: energyrecharge+4.5%
2026-10-01 07:58:22.623|DEBUG|ArtifactScraper|Parsing artifact substat: def+19
2026-10-01 07:58:22.623|DEBUG|ArtifactScraper|Parsing artifact substat: elementalmastery+19
2026-10-01 07:58:22.878|DEBUG|ArtifactScraper|Parsing artifact substat: atk+5.3%
2026-10-01 07:58:22.878|DEBUG|ArtifactScraper|Parsing artifact substat: hp+299
2026-10-01 07:58:22.878|DEBUG|ArtifactScraper|Parsing artifact substat: def+16
2026-10-01 07:58:22.878|DEBUG|ArtifactScraper|Parsing artifact substat: critdmg+6.2%(unactivated)
2026-10-01 07:58:23.025|DEBUG|ArtifactScraper|Parsing artifact substat: atk+18
2026-10-01 07:58:23.025|DEBUG|ArtifactScraper|Parsing artifact substat: def+7.3%
2026-10-01 07:58:23.025|DEBUG|ArtifactScraper|Parsing artifact substat: def+16
2026-10-01 07:58:23.025|DEBUG|ArtifactScraper|Parsing artifact substat: energyrecharge+4.5%
2026-10-01 07:58:23.164|DEBUG|ArtifactScraper|Finished queuing page of artifacts. Scrolling...
2026-10-01 07:58:23.220|DEBUG|ArtifactScraper|Parsing artifact substat: critdmg+5.4%
2026-10-01 07:58:23.220|DEBUG|ArtifactScraper|Parsing artifact substat: def+5.8%
2026-10-01 07:58:23.220|DEBUG|ArtifactScraper|Parsing artifact substat: energyrecharge+6.5%
2026-10-01 07:58:23.220|DEBUG|ArtifactScraper|Parsing artifact substat: def+23(unactivated)
2026-10-01 07:58:23.422|DEBUG|ArtifactScraper|Parsing artifact substat: elementalmastery+21
2026-10-01 07:58:23.422|DEBUG|ArtifactScraper|Parsing artifact substat: critrate+3.5%
2026-10-01 07:58:23.422|DEBUG|ArtifactScraper|Parsing artifact substat: def+23
2026-10-01 07:58:23.422|DEBUG|ArtifactScraper|Parsing artifact substat: hp+209(unactivated)
2026-10-01 07:58:23.518|DEBUG|ArtifactScraper|Parsing artifact substat: hp+209
2026-10-01 07:58:23.519|DEBUG|ArtifactScraper|Parsing artifact substat: def+16
2026-10-01 07:58:23.519|DEBUG|ArtifactScraper|Parsing artifact substat: critdmg+5.4%
2026-10-01 07:58:23.519|DEBUG|ArtifactScraper|Parsing artifact substat: hp+4.1%(unactivated)
2026-10-01 07:58:25.572|DEBUG|ArtifactScraper|Scanning artifact page 27
2026-10-01 07:58:25.572|DEBUG|ArtifactScraper|Located 32 possible item locations on page.
2026-10-01 07:58:26.170|DEBUG|ArtifactScraper|Parsing artifact substat: energyrecharge+4.5%
2026-10-01 07:58:26.170|DEBUG|ArtifactScraper|Parsing artifact substat: elementalmastery+19
2026-10-01 07:58:26.170|DEBUG|ArtifactScraper|Parsing artifact substat: critdmg+7.8%
2026-10-01 07:58:26.170|DEBUG|ArtifactScraper|Parsing artifact substat: def+21(unactivated)
2026-10-01 07:58:26.247|DEBUG|ArtifactScraper|Parsing artifact substat: def+19
2026-10-01 07:58:26.247|DEBUG|ArtifactScraper|Parsing artifact substat: atk+5.8%
2026-10-01 07:58:26.247|DEBUG|ArtifactScraper|Parsing artifact substat: hp+209
2026-10-01 07:58:26.247|DEBUG|ArtifactScraper|Parsing artifact substat: atk+16(unactivated)
2026-10-01 07:58:26.536|DEBUG|ArtifactScraper|Parsing artifact substat: def+16
2026-10-01 07:58:26.536|DEBUG|ArtifactScraper|Parsing artifact substat: elementalmastery+21
2026-10-01 07:58:26.536|DEBUG|ArtifactScraper|Parsing artifact substat: def+6.6%
2026-10-01 07:58:26.536|DEBUG|ArtifactScraper|Parsing artifact substat: atk+18(unactivated)
2026-10-01 07:58:26.711|DEBUG|ArtifactScraper|Parsing artifact substat: atk+16
2026-10-01 07:58:26.711|DEBUG|ArtifactScraper|Parsing artifact substat: def+16
2026-10-01 07:58:26.711|DEBUG|ArtifactScraper|Parsing artifact substat: def+7.3%
2026-10-01 07:58:26.711|DEBUG|ArtifactScraper|Parsing artifact substat: critrate+3.5%(unactivated)
2026-10-01 07:58:26.864|DEBUG|ArtifactScraper|Parsing artifact substat: hp+209
2026-10-01 07:58:26.864|DEBUG|ArtifactScraper|Parsing artifact substat: atk+18
2026-10-01 07:58:26.864|DEBUG|ArtifactScraper|Parsing artifact substat: elementalmastery+23
2026-10-01 07:58:26.864|DEBUG|ArtifactScraper|Parsing artifact substat: def+16(unactivated)
2026-10-01 07:58:27.164|DEBUG|ArtifactScraper|Parsing artifact substat: elementalmastery+21
2026-10-01 07:58:27.164|DEBUG|ArtifactScraper|Parsing artifact substat: def+16
2026-10-01 07:58:27.164|DEBUG|ArtifactScraper|Parsing artifact substat: critrate+3.5%
2026-10-01 07:58:27.164|DEBUG|ArtifactScraper|Parsing artifact substat: def+5.8%(unactivated)
2026-10-01 07:58:27.221|DEBUG|ArtifactScraper|Parsing artifact substat: atk+14
2026-10-01 07:58:27.221|DEBUG|ArtifactScraper|Parsing artifact substat: elementalmastery+21
2026-10-01 07:58:27.221|DEBUG|ArtifactScraper|Parsing artifact substat: hp+209
2026-10-01 07:58:27.221|DEBUG|ArtifactScraper|Parsing artifact substat: hp+5.3%(unactivated)
2026-10-01 07:58:27.657|DEBUG|ArtifactScraper|Parsing artifact substat: hp+239
2026-10-01 07:58:27.657|DEBUG|ArtifactScraper|Parsing artifact substat: atk+19
2026-10-01 07:58:27.657|DEBUG|ArtifactScraper|Parsing artifact substat: hp+4.1%
2026-10-01 07:58:27.657|DEBUG|ArtifactScraper|Parsing artifact substat: critrate+3.9%(unactivated)
2026-10-01 07:58:27.689|DEBUG|ArtifactScraper|Parsing artifact substat: atk+5.3%
2026-10-01 07:58:27.689|DEBUG|ArtifactScraper|Parsing artifact substat: def+7.3%
2026-10-01 07:58:27.689|DEBUG|ArtifactScraper|Parsing artifact substat: elementalmastery+19
2026-10-01 07:58:27.689|DEBUG|ArtifactScraper|Parsing artifact substat: hp+209(unactivated)
2026-10-01 07:58:28.029|DEBUG|ArtifactScraper|Parsing artifact substat: critrate+2.7%
2026-10-01 07:58:28.029|DEBUG|ArtifactScraper|Parsing artifact substat: hp+4.7%
2026-10-01 07:58:28.029|DEBUG|ArtifactScraper|Parsing artifact substat: def+21
2026-10-01 07:58:28.029|DEBUG|ArtifactScraper|Parsing artifact substat: critdmg+6.2%
2026-10-01 07:58:28.247|DEBUG|ArtifactScraper|Parsing artifact substat: atk+14
2026-10-01 07:58:28.247|DEBUG|ArtifactScraper|Parsing artifact substat: critdmg+7.0%
2026-10-01 07:58:28.247|DEBUG|ArtifactScraper|Parsing artifact substat: def+19
2026-10-01 07:58:28.247|DEBUG|ArtifactScraper|Parsing artifact substat: atk+4.1%
2026-10-01 07:58:28.264|DEBUG|ArtifactScraper|Parsing artifact substat: critrate+3.1%
2026-10-01 07:58:28.264|DEBUG|ArtifactScraper|Parsing artifact substat: atk+4.1%
2026-10-01 07:58:28.264|DEBUG|ArtifactScraper|Parsing artifact substat: def+19
2026-10-01 07:58:28.264|DEBUG|ArtifactScraper|Parsing artifact substat: def+6.6%
2026-10-01 07:58:28.668|DEBUG|ArtifactScraper|Parsing artifact substat: energyrecharge+4.5%
2026-10-01 07:58:28.668|DEBUG|ArtifactScraper|Parsing artifact substat: def+16
2026-10-01 07:58:28.668|DEBUG|ArtifactScraper|Parsing artifact substat: atk+4.7%
2026-10-01 07:58:28.668|DEBUG|ArtifactScraper|Parsing artifact substat: critdmg+6.2%(unactivated)
2026-10-01 07:58:28.830|DEBUG|ArtifactScraper|Parsing artifact substat: def+21
2026-10-01 07:58:28.830|DEBUG|ArtifactScraper|Parsing artifact substat: critrate+2.7%
2026-10-01 07:58:28.830|DEBUG|ArtifactScraper|Parsing artifact substat: atk+14
2026-10-01 07:58:28.830|DEBUG|ArtifactScraper|Parsing artifact substat: atk+5.3%(unactivated)
2026-10-01 07:58:28.835|DEBUG|ArtifactScraper|Parsing artifact substat: critrate+2.7%
2026-10-01 07:58:28.835|DEBUG|ArtifactScraper|Parsing artifact substat: atk+4.1%
2026-10-01 07:58:28.835|DEBUG|ArtifactScraper|Parsing artifact substat: def+6.6%
2026-10-01 07:58:28.835|DEBUG|ArtifactScraper|Parsing artifact substat: elementalmastery+21
2026-10-01 07:58:29.102|DEBUG|ArtifactScraper|Parsing artifact substat: def+23
2026-10-01 07:58:29.102|DEBUG|ArtifactScraper|Parsing artifact substat: atk+18
2026-10-01 07:58:29.102|DEBUG|ArtifactScraper|Parsing artifact substat: atk+5.3%
2026-10-01 07:58:29.102|DEBUG|ArtifactScraper|Parsing artifact substat: critrate+3.5%(unactivated)
2026-10-01 07:58:29.241|DEBUG|ArtifactScraper|Parsing artifact substat: critrate+3.1%
2026-10-01 07:58:29.241|DEBUG|ArtifactScraper|Parsing artifact substat: def+6.6%
2026-10-01 07:58:29.241|DEBUG|ArtifactScraper|Parsing artifact substat: atk+4.7%
2026-10-01 07:58:29.241|DEBUG|ArtifactScraper|Parsing artifact substat: hp+5.3%(unactivated)
2026-10-01 07:58:29.547|DEBUG|ArtifactScraper|Parsing artifact substat: def+5.8%
2026-10-01 07:58:29.547|DEBUG|ArtifactScraper|Parsing artifact substat: critrate+3.9%
2026-10-01 07:58:29.547|DEBUG|ArtifactScraper|Parsing artifact substat: elementalmastery+21
2026-10-01 07:58:29.547|DEBUG|ArtifactScraper|Parsing artifact substat: hp+5.3%
2026-10-01 07:58:29.581|DEBUG|ArtifactScraper|Parsing artifact substat: atk+4.1%
2026-10-01 07:58:29.581|DEBUG|ArtifactScraper|Parsing artifact substat: def+6.6%
2026-10-01 07:58:29.581|DEBUG|ArtifactScraper|Parsing artifact substat: elementalmastery+23
2026-10-01 07:58:29.581|DEBUG|ArtifactScraper|Parsing artifact substat: def+19
2026-10-01 07:58:29.692|DEBUG|ArtifactScraper|Parsing artifact substat: def+5.8%
2026-10-01 07:58:29.692|DEBUG|ArtifactScraper|Parsing artifact substat: elementalmastery+16
2026-10-01 07:58:29.692|DEBUG|ArtifactScraper|Parsing artifact substat: hp+4.7%
2026-10-01 07:58:29.692|DEBUG|ArtifactScraper|Parsing artifact substat: atk+5.8%
2026-10-01 07:58:29.960|DEBUG|ArtifactScraper|Parsing artifact substat: energyrecharge+6.5%
2026-10-01 07:58:29.960|DEBUG|ArtifactScraper|Parsing artifact substat: atk+4.7%
2026-10-01 07:58:29.960|DEBUG|ArtifactScraper|Parsing artifact substat: def+16
2026-10-01 07:58:29.960|DEBUG|ArtifactScraper|Parsing artifact substat: elementalmastery+23
2026-10-01 07:58:30.115|DEBUG|ArtifactScraper|Parsing artifact substat: hp+5.3%
2026-10-01 07:58:30.115|DEBUG|ArtifactScraper|Parsing artifact substat: atk+4.7%
2026-10-01 07:58:30.115|DEBUG|ArtifactScraper|Parsing artifact substat: def+21
2026-10-01 07:58:30.115|DEBUG|ArtifactScraper|Parsing artifact substat: energyrecharge+6.5%
2026-10-01 07:58:30.269|DEBUG|ArtifactScraper|Parsing artifact substat: def+19
2026-10-01 07:58:30.269|DEBUG|ArtifactScraper|Parsing artifact substat: elementalmastery+16
2026-10-01 07:58:30.269|DEBUG|ArtifactScraper|Parsing artifact substat: hp+5.3%
2026-10-01 07:58:30.269|DEBUG|ArtifactScraper|Parsing artifact substat: atk+4.7%
2026-10-01 07:58:30.398|DEBUG|ArtifactScraper|Parsing artifact substat: critdmg+6.2%
2026-10-01 07:58:30.398|DEBUG|ArtifactScraper|Parsing artifact substat: def+6.6%
2026-10-01 07:58:30.398|DEBUG|ArtifactScraper|Parsing artifact substat: hp+4.1%
2026-10-01 07:58:30.398|DEBUG|ArtifactScraper|Parsing artifact substat: def+16(unactivated)
2026-10-01 07:58:30.663|DEBUG|ArtifactScraper|Parsing artifact substat: energyrecharge+5.8%
2026-10-01 07:58:30.663|DEBUG|ArtifactScraper|Parsing artifact substat: def+7.3%
2026-10-01 07:58:30.663|DEBUG|ArtifactScraper|Parsing artifact substat: atk+5.3%
2026-10-01 07:58:30.663|DEBUG|ArtifactScraper|Parsing artifact substat: elementalmastery+19
2026-10-01 07:58:30.789|DEBUG|ArtifactScraper|Parsing artifact substat: energyrecharge+6.5%
2026-10-01 07:58:30.789|DEBUG|ArtifactScraper|Parsing artifact substat: atk+16
2026-10-01 07:58:30.789|DEBUG|ArtifactScraper|Parsing artifact substat: critrate+2.7%
2026-10-01 07:58:30.789|DEBUG|ArtifactScraper|Parsing artifact substat: elementalmastery+16
2026-10-01 07:58:31.039|DEBUG|ArtifactScraper|Parsing artifact substat: critrate+3.9%
2026-10-01 07:58:31.039|DEBUG|ArtifactScraper|Parsing artifact substat: atk+16
2026-10-01 07:58:31.039|DEBUG|ArtifactScraper|Parsing artifact substat: hp+4.7%
2026-10-01 07:58:31.039|DEBUG|ArtifactScraper|Parsing artifact substat: def+21(unactivated)
2026-10-01 07:58:31.199|DEBUG|ArtifactScraper|Parsing artifact substat: atk+18
2026-10-01 07:58:31.199|DEBUG|ArtifactScraper|Parsing artifact substat: def+5.8%
2026-10-01 07:58:31.199|DEBUG|ArtifactScraper|Parsing artifact substat: atk+4.1%
2026-10-01 07:58:31.199|DEBUG|ArtifactScraper|Parsing artifact substat: energyrecharge+4.5%
2026-10-01 07:58:31.395|DEBUG|ArtifactScraper|Parsing artifact substat: elementalmastery+16
2026-10-01 07:58:31.395|DEBUG|ArtifactScraper|Parsing artifact substat: critdmg+5.4%
2026-10-01 07:58:31.395|DEBUG|ArtifactScraper|Parsing artifact substat: atk+5.3%
2026-10-01 07:58:31.395|DEBUG|ArtifactScraper|Parsing artifact substat: hp+299(unactivated)
2026-10-01 07:58:31.460|DEBUG|ArtifactScraper|Finished queuing page of artifacts. Scrolling...
2026-10-01 07:58:31.500|DEBUG|ArtifactScraper|Parsing artifact substat: energyrecharge+4.5%
2026-10-01 07:58:31.500|DEBUG|ArtifactScraper|Parsing artifact substat: elementalmastery+19
2026-10-01 07:58:31.500|DEBUG|ArtifactScraper|Parsing artifact substat: atk+4.7%
2026-10-01 07:58:31.500|DEBUG|ArtifactScraper|Parsing artifact substat: hp+299(unactivated)
2026-10-01 07:58:31.797|DEBUG|ArtifactScraper|Parsing artifact substat: hp+209
2026-10-01 07:58:31.797|DEBUG|ArtifactScraper|Parsing artifact substat: hp+4.7%
2026-10-01 07:58:31.797|DEBUG|ArtifactScraper|Parsing artifact substat: atk+4.1%
2026-10-01 07:58:31.797|DEBUG|ArtifactScraper|Parsing artifact substat: critrate+2.7%(unactivated)
2026-10-01 07:58:31.857|DEBUG|ArtifactScraper|Parsing artifact substat: critrate+3.9%
2026-10-01 07:58:31.857|DEBUG|ArtifactScraper|Parsing artifact substat: def+21
2026-10-01 07:58:31.857|DEBUG|ArtifactScraper|Parsing artifact substat: hp+4.7%
2026-10-01 07:58:31.857|DEBUG|ArtifactScraper|Parsing artifact substat: atk+4.7%(unactivated)
2026-10-01 07:58:33.881|DEBUG|ArtifactScraper|Scanning artifact page 28
2026-10-01 07:58:33.881|DEBUG|ArtifactScraper|Located 32 possible item locations on page.
2026-10-01 07:58:34.509|DEBUG|ArtifactScraper|Parsing artifact substat: hp+209
2026-10-01 07:58:34.509|DEBUG|ArtifactScraper|Parsing artifact substat: def+16
2026-10-01 07:58:34.509|DEBUG|ArtifactScraper|Parsing artifact substat: atk+4.1%
2026-10-01 07:58:34.509|DEBUG|ArtifactScraper|Parsing artifact substat: critrate+3.5%(unactivated)
2026-10-01 07:58:34.509|DEBUG|ArtifactScraper|Parsing artifact substat: atk+5.3%
2026-10-01 07:58:34.509|DEBUG|ArtifactScraper|Parsing artifact substat: energyrecharge+4.5%
2026-10-01 07:58:34.509|DEBUG|ArtifactScraper|Parsing artifact substat: hp+239
2026-10-01 07:58:34.509|DEBUG|ArtifactScraper|Parsing artifact substat: critrate+3.9%(unactivated)
2026-10-01 07:58:34.888|DEBUG|ArtifactScraper|Parsing artifact substat: hp+209
2026-10-01 07:58:34.888|DEBUG|ArtifactScraper|Parsing artifact substat: critdmg+5.4%
2026-10-01 07:58:34.888|DEBUG|ArtifactScraper|Parsing artifact substat: elementalmastery+23
2026-10-01 07:58:34.888|DEBUG|ArtifactScraper|Parsing artifact substat: atk+4.7%(unactivated)
2026-10-01 07:58:34.925|DEBUG|ArtifactScraper|Parsing artifact substat: hp+209
2026-10-01 07:58:34.926|DEBUG|ArtifactScraper|Parsing artifact substat: def+5.1%
2026-10-01 07:58:34.926|DEBUG|ArtifactScraper|Parsing artifact substat: atk+4.1%
2026-10-01 07:58:34.926|DEBUG|ArtifactScraper|Parsing artifact substat: critdmg+5.4%(unactivated)
2026-10-01 07:58:35.197|DEBUG|ArtifactScraper|Parsing artifact substat: critdmg+7.8%
2026-10-01 07:58:35.197|DEBUG|ArtifactScraper|Parsing artifact substat: def+23
2026-10-01 07:58:35.197|DEBUG|ArtifactScraper|Parsing artifact substat: elementalmastery+23
2026-10-01 07:58:35.197|DEBUG|ArtifactScraper|Parsing artifact substat: hp+5.3%
2026-10-01 07:58:35.261|DEBUG|ArtifactScraper|Parsing artifact substat: energyrecharge+4.5%
2026-10-01 07:58:35.261|DEBUG|ArtifactScraper|Parsing artifact substat: def+21
2026-10-01 07:58:35.261|DEBUG|ArtifactScraper|Parsing artifact substat: elementalmastery+16
2026-10-01 07:58:35.261|DEBUG|ArtifactScraper|Parsing artifact substat: hp+299
2026-10-01 07:58:35.545|DEBUG|ArtifactScraper|Parsing artifact substat: hp+209
2026-10-01 07:58:35.545|DEBUG|ArtifactScraper|Parsing artifact substat: hp+4.7%
2026-10-01 07:58:35.545|DEBUG|ArtifactScraper|Parsing artifact substat: def+19
2026-10-01 07:58:35.545|DEBUG|ArtifactScraper|Parsing artifact substat: atk+5.8%
2026-10-01 07:58:35.561|DEBUG|ArtifactScraper|Parsing artifact substat: critdmg+7.8%
2026-10-01 07:58:35.561|DEBUG|ArtifactScraper|Parsing artifact substat: hp+5.8%
2026-10-01 07:58:35.561|DEBUG|ArtifactScraper|Parsing artifact substat: elementalmastery+23
2026-10-01 07:58:35.561|DEBUG|ArtifactScraper|Parsing artifact substat: def+6.6%
2026-10-01 07:58:35.865|DEBUG|ArtifactScraper|Parsing artifact substat: def+5.1%
2026-10-01 07:58:35.865|DEBUG|ArtifactScraper|Parsing artifact substat: hp+4.1%
2026-10-01 07:58:35.865|DEBUG|ArtifactScraper|Parsing artifact substat: critdmg+7.8%
2026-10-01 07:58:35.865|DEBUG|ArtifactScraper|Parsing artifact substat: hp+269
2026-10-01 07:58:35.897|DEBUG|ArtifactScraper|Parsing artifact substat: hp+209
2026-10-01 07:58:35.897|DEBUG|ArtifactScraper|Parsing artifact substat: def+16
2026-10-01 07:58:35.897|DEBUG|ArtifactScraper|Parsing artifact substat: atk+4.1%
2026-10-01 07:58:35.897|DEBUG|ArtifactScraper|Parsing artifact substat: energyrecharge+5.2%
2026-10-01 07:58:36.181|DEBUG|ArtifactScraper|Parsing artifact substat: elementalmastery+19
2026-10-01 07:58:36.181|DEBUG|ArtifactScraper|Parsing artifact substat: hp+4.1%
2026-10-01 07:58:36.181|DEBUG|ArtifactScraper|Parsing artifact substat: def+23
2026-10-01 07:58:36.181|DEBUG|ArtifactScraper|Parsing artifact substat: critrate+3.1%
2026-10-01 07:58:36.235|DEBUG|ArtifactScraper|Parsing artifact substat: hp+299
2026-10-01 07:58:36.235|DEBUG|ArtifactScraper|Parsing artifact substat: def+21
2026-10-01 07:58:36.235|DEBUG|ArtifactScraper|Parsing artifact substat: hp+4.1%
2026-10-01 07:58:36.235|DEBUG|ArtifactScraper|Parsing artifact substat: critrate+3.5%
2026-10-01 07:58:36.549|DEBUG|ArtifactScraper|Parsing artifact substat: elementalmastery+19
2026-10-01 07:58:36.549|DEBUG|ArtifactScraper|Parsing artifact substat: hp+5.3%
2026-10-01 07:58:36.549|DEBUG|ArtifactScraper|Parsing artifact substat: def+6.6%
2026-10-01 07:58:36.549|DEBUG|ArtifactScraper|Parsing artifact substat: atk+4.7%(unactivated)
2026-10-01 07:58:36.668|DEBUG|ArtifactScraper|Parsing artifact substat: elementalmastery+23
2026-10-01 07:58:36.668|DEBUG|ArtifactScraper|Parsing artifact substat: atk+5.3%
2026-10-01 07:58:36.668|DEBUG|ArtifactScraper|Parsing artifact substat: hp+4.1%
2026-10-01 07:58:36.668|DEBUG|ArtifactScraper|Parsing artifact substat: def+16(unactivated)
2026-10-01 07:58:36.796|DEBUG|ArtifactScraper|Parsing artifact substat: hp+269
2026-10-01 07:58:36.796|DEBUG|ArtifactScraper|Parsing artifact substat: hp+5.3%
2026-10-01 07:58:36.796|DEBUG|ArtifactScraper|Parsing artifact substat: def+21
2026-10-01 07:58:36.796|DEBUG|ArtifactScraper|Parsing artifact substat: elementalmastery+23
2026-10-01 07:58:37.054|DEBUG|ArtifactScraper|Parsing artifact substat: hp+5.3%
2026-10-01 07:58:37.054|DEBUG|ArtifactScraper|Parsing artifact substat: critrate+3.1%
2026-10-01 07:58:37.054|DEBUG|ArtifactScraper|Parsing artifact substat: elementalmastery+16
2026-10-01 07:58:37.054|DEBUG|ArtifactScraper|Parsing artifact substat: def+21(unactivated)
2026-10-01 07:58:37.152|DEBUG|ArtifactScraper|Parsing artifact substat: def+23
2026-10-01 07:58:37.152|DEBUG|ArtifactScraper|Parsing artifact substat: hp+4.1%
2026-10-01 07:58:37.152|DEBUG|ArtifactScraper|Parsing artifact substat: elementalmastery+23
2026-10-01 07:58:37.152|DEBUG|ArtifactScraper|Parsing artifact substat: hp+299(unactivated)
2026-10-01 07:58:37.418|DEBUG|ArtifactScraper|Parsing artifact substat: def+23
2026-10-01 07:58:37.418|DEBUG|ArtifactScraper|Parsing artifact substat: energyrecharge+5.8%
2026-10-01 07:58:37.418|DEBUG|ArtifactScraper|Parsing artifact substat: critrate+3.9%
2026-10-01 07:58:37.418|DEBUG|ArtifactScraper|Parsing artifact substat: elementalmastery+23
2026-10-01 07:58:37.540|DEBUG|ArtifactScraper|Parsing artifact substat: def+19
2026-10-01 07:58:37.540|DEBUG|ArtifactScraper|Parsing artifact substat: hp+4.1%
2026-10-01 07:58:37.540|DEBUG|ArtifactScraper|Parsing artifact substat: energyrecharge+4.5%
2026-10-01 07:58:37.540|DEBUG|ArtifactScraper|Parsing artifact substat: atk+5.8%(unactivated)
2026-10-01 07:58:37.733|DEBUG|ArtifactScraper|Parsing artifact substat: def+16
2026-10-01 07:58:37.733|DEBUG|ArtifactScraper|Parsing artifact substat: elementalmastery+16
2026-10-01 07:58:37.733|DEBUG|ArtifactScraper|Parsing artifact substat: hp+239
2026-10-01 07:58:37.733|DEBUG|ArtifactScraper|Parsing artifact substat: critdmg+5.4%(unactivated)
2026-10-01 07:58:37.929|DEBUG|ArtifactScraper|Parsing artifact substat: def+23
2026-10-01 07:58:37.929|DEBUG|ArtifactScraper|Parsing artifact substat: critrate+3.9%
2026-10-01 07:58:37.929|DEBUG|ArtifactScraper|Parsing artifact substat: def+7.3%
2026-10-01 07:58:37.929|DEBUG|ArtifactScraper|Parsing artifact substat: elementalmastery+23
2026-10-01 07:58:38.048|DEBUG|ArtifactScraper|Parsing artifact substat: def+6.6%
2026-10-01 07:58:38.048|DEBUG|ArtifactScraper|Parsing artifact substat: def+16
2026-10-01 07:58:38.048|DEBUG|ArtifactScraper|Parsing artifact substat: critrate+2.7%
2026-10-01 07:58:38.048|DEBUG|ArtifactScraper|Parsing artifact substat: hp+269(unactivated)
2026-10-01 07:58:38.329|DEBUG|ArtifactScraper|Parsing artifact substat: elementalmastery+21
2026-10-01 07:58:38.329|DEBUG|ArtifactScraper|Parsing artifact substat: hp+4.1%
2026-10-01 07:58:38.329|DEBUG|ArtifactScraper|Parsing artifact substat: energyrecharge+5.8%
2026-10-01 07:58:38.329|DEBUG|ArtifactScraper|Parsing artifact substat: critrate+2.7%(unactivated)
2026-10-01 07:58:38.369|DEBUG|ArtifactScraper|Parsing artifact substat: hp+4.7%
2026-10-01 07:58:38.369|DEBUG|ArtifactScraper|Parsing artifact substat: critdmg+6.2%
2026-10-01 07:58:38.369|DEBUG|ArtifactScraper|Parsing artifact substat: def+23
2026-10-01 07:58:38.369|DEBUG|ArtifactScraper|Parsing artifact substat: hp+209(unactivated)
2026-10-01 07:58:38.674|DEBUG|ArtifactScraper|Parsing artifact substat: def+21
2026-10-01 07:58:38.674|DEBUG|ArtifactScraper|Parsing artifact substat: hp+239
2026-10-01 07:58:38.675|DEBUG|ArtifactScraper|Parsing artifact substat: atk+5.3%
2026-10-01 07:58:38.675|DEBUG|ArtifactScraper|Parsing artifact substat: elementalmastery+16
2026-10-01 07:58:38.705|DEBUG|ArtifactScraper|Parsing artifact substat: hp+209
2026-10-01 07:58:38.705|DEBUG|ArtifactScraper|Parsing artifact substat: energyrecharge+5.2%
2026-10-01 07:58:38.705|DEBUG|ArtifactScraper|Parsing artifact substat: atk+4.7%
2026-10-01 07:58:38.705|DEBUG|ArtifactScraper|Parsing artifact substat: def+16(unactivated)
2026-10-01 07:58:38.994|DEBUG|ArtifactScraper|Parsing artifact substat: def+16
2026-10-01 07:58:38.994|DEBUG|ArtifactScraper|Parsing artifact substat: atk+4.1%
2026-10-01 07:58:38.994|DEBUG|ArtifactScraper|Parsing artifact substat: def+5.1%
2026-10-01 07:58:38.994|DEBUG|ArtifactScraper|Parsing artifact substat: hp+299(unactivated)
2026-10-01 07:58:39.038|DEBUG|ArtifactScraper|Parsing artifact substat: hp+299
2026-10-01 07:58:39.038|DEBUG|ArtifactScraper|Parsing artifact substat: def+6.6%
2026-10-01 07:58:39.038|DEBUG|ArtifactScraper|Parsing artifact substat: hp+5.3%
2026-10-01 07:58:39.038|DEBUG|ArtifactScraper|Parsing artifact substat: elementalmastery+16
2026-10-01 07:58:39.338|DEBUG|ArtifactScraper|Parsing artifact substat: hp+209
2026-10-01 07:58:39.338|DEBUG|ArtifactScraper|Parsing artifact substat: elementalmastery+16
2026-10-01 07:58:39.338|DEBUG|ArtifactScraper|Parsing artifact substat: critrate+2.7%
2026-10-01 07:58:39.338|DEBUG|ArtifactScraper|Parsing artifact substat: energyrecharge+6.5%
2026-10-01 07:58:39.387|DEBUG|ArtifactScraper|Finished queuing page of artifacts. Scrolling...
2026-10-01 07:58:39.429|DEBUG|ArtifactScraper|Parsing artifact substat: def+23
2026-10-01 07:58:39.429|DEBUG|ArtifactScraper|Parsing artifact substat: hp+239
2026-10-01 07:58:39.429|DEBUG|ArtifactScraper|Parsing artifact substat: energyrecharge+5.2%
2026-10-01 07:58:39.429|DEBUG|ArtifactScraper|Parsing artifact substat: def+7.3%(unactivated)
2026-10-01 07:58:39.638|DEBUG|ArtifactScraper|Parsing artifact substat: hp+299
2026-10-01 07:58:39.638|DEBUG|ArtifactScraper|Parsing artifact substat: hp+4.1%
2026-10-01 07:58:39.638|DEBUG|ArtifactScraper|Parsing artifact substat: critdmg+6.2%
2026-10-01 07:58:39.638|DEBUG|ArtifactScraper|Parsing artifact substat: energyrecharge+4.5%
2026-10-01 07:58:39.720|DEBUG|ArtifactScraper|Parsing artifact substat: critdmg+6.2%
2026-10-01 07:58:39.720|DEBUG|ArtifactScraper|Parsing artifact substat: hp+4.7%
2026-10-01 07:58:39.720|DEBUG|ArtifactScraper|Parsing artifact substat: def+21
2026-10-01 07:58:39.720|DEBUG|ArtifactScraper|Parsing artifact substat: def+7.3%(unactivated)
2026-10-01 07:58:41.503|DEBUG|ArtifactScraper|Scanning artifact page 29
2026-10-01 07:58:41.503|DEBUG|ArtifactScraper|Located 32 possible item locations on page.
2026-10-01 07:58:42.008|DEBUG|ArtifactScraper|Parsing artifact substat: critdmg+7.8%
2026-10-01 07:58:42.008|DEBUG|ArtifactScraper|Parsing artifact substat: hp+209
2026-10-01 07:58:42.008|DEBUG|ArtifactScraper|Parsing artifact substat: energyrecharge+6.5%
2026-10-01 07:58:42.008|DEBUG|ArtifactScraper|Parsing artifact substat: elementalmastery+21
2026-10-01 07:58:42.109|DEBUG|ArtifactScraper|Parsing artifact substat: def+16
2026-10-01 07:58:42.109|DEBUG|ArtifactScraper|Parsing artifact substat: def+5.1%
2026-10-01 07:58:42.109|DEBUG|ArtifactScraper|Parsing artifact substat: hp+239
2026-10-01 07:58:42.109|DEBUG|ArtifactScraper|Parsing artifact substat: elementalmastery+21
2026-10-01 07:58:42.348|DEBUG|ArtifactScraper|Parsing artifact substat: hp+5.8%
2026-10-01 07:58:42.348|DEBUG|ArtifactScraper|Parsing artifact substat: elementalmastery+23
2026-10-01 07:58:42.348|DEBUG|ArtifactScraper|Parsing artifact substat: atk+5.8%
2026-10-01 07:58:42.348|DEBUG|ArtifactScraper|Parsing artifact substat: def+5.1%(unactivated)
2026-10-01 07:58:42.459|DEBUG|ArtifactScraper|Parsing artifact substat: elementalmastery+21
2026-10-01 07:58:42.459|DEBUG|ArtifactScraper|Parsing artifact substat: atk+5.3%
2026-10-01 07:58:42.459|DEBUG|ArtifactScraper|Parsing artifact substat: hp+5.3%
2026-10-01 07:58:42.459|DEBUG|ArtifactScraper|Parsing artifact substat: energyrecharge+6.5%
2026-10-01 07:58:42.697|DEBUG|ArtifactScraper|Parsing artifact substat: hp+299
2026-10-01 07:58:42.697|DEBUG|ArtifactScraper|Parsing artifact substat: energyrecharge+5.2%
2026-10-01 07:58:42.697|DEBUG|ArtifactScraper|Parsing artifact substat: def+19
2026-10-01 07:58:42.697|DEBUG|ArtifactScraper|Parsing artifact substat: atk+5.3%(unactivated)
2026-10-01 07:58:42.812|DEBUG|ArtifactScraper|Parsing artifact substat: def+6.6%
2026-10-01 07:58:42.812|DEBUG|ArtifactScraper|Parsing artifact substat: def+21
2026-10-01 07:58:42.812|DEBUG|ArtifactScraper|Parsing artifact substat: energyrecharge+6.5%
2026-10-01 07:58:42.812|DEBUG|ArtifactScraper|Parsing artifact substat: atk+4.7%(unactivated)
2026-10-01 07:58:43.071|DEBUG|ArtifactScraper|Parsing artifact substat: hp+269
2026-10-01 07:58:43.071|DEBUG|ArtifactScraper|Parsing artifact substat: def+5.1%
2026-10-01 07:58:43.071|DEBUG|ArtifactScraper|Parsing artifact substat: critdmg+7.0%
2026-10-01 07:58:43.071|DEBUG|ArtifactScraper|Parsing artifact substat: hp+5.3%(unactivated)
2026-10-01 07:58:43.164|DEBUG|ArtifactScraper|Parsing artifact substat: hp+269
2026-10-01 07:58:43.164|DEBUG|ArtifactScraper|Parsing artifact substat: elementalmastery+16
2026-10-01 07:58:43.164|DEBUG|ArtifactScraper|Parsing artifact substat: critrate+3.5%
2026-10-01 07:58:43.164|DEBUG|ArtifactScraper|Parsing artifact substat: critdmg+7.0%
2026-10-01 07:58:43.422|DEBUG|ArtifactScraper|Parsing artifact substat: def+7.3%
2026-10-01 07:58:43.422|DEBUG|ArtifactScraper|Parsing artifact substat: def+16
2026-10-01 07:58:43.422|DEBUG|ArtifactScraper|Parsing artifact substat: critrate+2.7%
2026-10-01 07:58:43.422|DEBUG|ArtifactScraper|Parsing artifact substat: energyrecharge+6.5%
2026-10-01 07:58:43.545|DEBUG|ArtifactScraper|Parsing artifact substat: def+16
2026-10-01 07:58:43.545|DEBUG|ArtifactScraper|Parsing artifact substat: hp+5.3%
2026-10-01 07:58:43.545|DEBUG|ArtifactScraper|Parsing artifact substat: energyrecharge+6.5%
2026-10-01 07:58:43.545|DEBUG|ArtifactScraper|Parsing artifact substat: hp+239
2026-10-01 07:58:43.741|DEBUG|ArtifactScraper|Parsing artifact substat: elementalmastery+23
2026-10-01 07:58:43.741|DEBUG|ArtifactScraper|Parsing artifact substat: critrate+3.9%
2026-10-01 07:58:43.741|DEBUG|ArtifactScraper|Parsing artifact substat: critdmg+5.4%
2026-10-01 07:58:43.741|DEBUG|ArtifactScraper|Parsing artifact substat: atk+16(unactivated)
2026-10-01 07:58:43.901|DEBUG|ArtifactScraper|Parsing artifact substat: critdmg+7.0%
2026-10-01 07:58:43.901|DEBUG|ArtifactScraper|Parsing artifact substat: hp+4.1%
2026-10-01 07:58:43.901|DEBUG|ArtifactScraper|Parsing artifact substat: def+23
2026-10-01 07:58:43.901|DEBUG|ArtifactScraper|Parsing artifact substat: elementalmastery+16
2026-10-01 07:58:44.037|DEBUG|ArtifactScraper|Parsing artifact substat: hp+269
2026-10-01 07:58:44.037|DEBUG|ArtifactScraper|Parsing artifact substat: critrate+3.9%
2026-10-01 07:58:44.037|DEBUG|ArtifactScraper|Parsing artifact substat: def+23
2026-10-01 07:58:44.037|DEBUG|ArtifactScraper|Parsing artifact substat: energyrecharge+5.8%
2026-10-01 07:58:44.283|DEBUG|ArtifactScraper|Parsing artifact substat: critdmg+7.0%
2026-10-01 07:58:44.283|DEBUG|ArtifactScraper|Parsing artifact substat: critrate+3.9%
2026-10-01 07:58:44.283|DEBUG|ArtifactScraper|Parsing artifact substat: hp+4.7%
2026-10-01 07:58:44.283|DEBUG|ArtifactScraper|Parsing artifact substat: elementalmastery+21
2026-10-01 07:58:44.364|DEBUG|ArtifactScraper|Parsing artifact substat: atk+5.8%
2026-10-01 07:58:44.364|DEBUG|ArtifactScraper|Parsing artifact substat: hp+239
2026-10-01 07:58:44.364|DEBUG|ArtifactScraper|Parsing artifact substat: def+7.3%
2026-10-01 07:58:44.364|DEBUG|ArtifactScraper|Parsing artifact substat: critrate+2.7%(unactivated)
2026-10-01 07:58:44.661|DEBUG|ArtifactScraper|Parsing artifact substat: hp+5.3%
2026-10-01 07:58:44.661|DEBUG|ArtifactScraper|Parsing artifact substat: def+5.8%
2026-10-01 07:58:44.661|DEBUG|ArtifactScraper|Parsing artifact substat: critrate+3.1%
2026-10-01 07:58:44.661|DEBUG|ArtifactScraper|Parsing artifact substat: critdmg+6.2%(unactivated)
2026-10-01 07:58:44.741|DEBUG|ArtifactScraper|Parsing artifact substat: hp+209
2026-10-01 07:58:44.741|DEBUG|ArtifactScraper|Parsing artifact substat: critdmg+7.0%
2026-10-01 07:58:44.741|DEBUG|ArtifactScraper|Parsing artifact substat: critrate+3.1%
2026-10-01 07:58:44.741|DEBUG|ArtifactScraper|Parsing artifact substat: def+23(unactivated)
2026-10-01 07:58:44.948|DEBUG|ArtifactScraper|Parsing artifact substat: critdmg+5.4%
2026-10-01 07:58:44.948|DEBUG|ArtifactScraper|Parsing artifact substat: hp+299
2026-10-01 07:58:44.948|DEBUG|ArtifactScraper|Parsing artifact substat: atk+18
2026-10-01 07:58:44.948|DEBUG|ArtifactScraper|Parsing artifact substat: hp+5.8%(unactivated)
2026-10-01 07:58:45.129|DEBUG|ArtifactScraper|Parsing artifact substat: atk+4.1%
2026-10-01 07:58:45.129|DEBUG|ArtifactScraper|Parsing artifact substat: energyrecharge+6.5%
2026-10-01 07:58:45.129|DEBUG|ArtifactScraper|Parsing artifact substat: def+19
2026-10-01 07:58:45.129|DEBUG|ArtifactScraper|Parsing artifact substat: critrate+2.7%(unactivated)
2026-10-01 07:58:45.299|DEBUG|ArtifactScraper|Parsing artifact substat: energyrecharge+5.2%
2026-10-01 07:58:45.299|DEBUG|ArtifactScraper|Parsing artifact substat: def+7.3%
2026-10-01 07:58:45.299|DEBUG|ArtifactScraper|Parsing artifact substat: hp+299
2026-10-01 07:58:45.299|DEBUG|ArtifactScraper|Parsing artifact substat: critdmg+7.8%(unactivated)
2026-10-01 07:58:45.484|DEBUG|ArtifactScraper|Parsing artifact substat: critdmg+7.0%
2026-10-01 07:58:45.484|DEBUG|ArtifactScraper|Parsing artifact substat: atk+16
2026-10-01 07:58:45.484|DEBUG|ArtifactScraper|Parsing artifact substat: def+16
2026-10-01 07:58:45.484|DEBUG|ArtifactScraper|Parsing artifact substat: hp+239
2026-10-01 07:58:45.589|DEBUG|ArtifactScraper|Parsing artifact substat: energyrecharge+6.5%
2026-10-01 07:58:45.589|DEBUG|ArtifactScraper|Parsing artifact substat: def+23
2026-10-01 07:58:45.589|DEBUG|ArtifactScraper|Parsing artifact substat: critdmg+5.4%
2026-10-01 07:58:45.589|DEBUG|ArtifactScraper|Parsing artifact substat: atk+5.8%
2026-10-01 07:58:45.830|DEBUG|ArtifactScraper|Parsing artifact substat: def+21
2026-10-01 07:58:45.830|DEBUG|ArtifactScraper|Parsing artifact substat: critdmg+7.8%
2026-10-01 07:58:45.830|DEBUG|ArtifactScraper|Parsing artifact substat: atk+16
2026-10-01 07:58:45.830|DEBUG|ArtifactScraper|Parsing artifact substat: hp+269
2026-10-01 07:58:45.944|DEBUG|ArtifactScraper|Parsing artifact substat: energyrecharge+5.2%
2026-10-01 07:58:45.944|DEBUG|ArtifactScraper|Parsing artifact substat: def+6.6%
2026-10-01 07:58:45.944|DEBUG|ArtifactScraper|Parsing artifact substat: atk+14
2026-10-01 07:58:45.944|DEBUG|ArtifactScraper|Parsing artifact substat: hp+299
2026-10-01 07:58:46.162|DEBUG|ArtifactScraper|Parsing artifact substat: def+5.8%
2026-10-01 07:58:46.162|DEBUG|ArtifactScraper|Parsing artifact substat: atk+4.1%
2026-10-01 07:58:46.162|DEBUG|ArtifactScraper|Parsing artifact substat: atk+19
2026-10-01 07:58:46.162|DEBUG|ArtifactScraper|Parsing artifact substat: elementalmastery+16
2026-10-01 07:58:46.305|DEBUG|ArtifactScraper|Parsing artifact substat: atk+19
2026-10-01 07:58:46.305|DEBUG|ArtifactScraper|Parsing artifact substat: hp+209
2026-10-01 07:58:46.305|DEBUG|ArtifactScraper|Parsing artifact substat: def+5.8%
2026-10-01 07:58:46.305|DEBUG|ArtifactScraper|Parsing artifact substat: energyrecharge+5.2%
2026-10-01 07:58:46.442|DEBUG|ArtifactScraper|Parsing artifact substat: def+23
2026-10-01 07:58:46.442|DEBUG|ArtifactScraper|Parsing artifact substat: def+5.8%
2026-10-01 07:58:46.442|DEBUG|ArtifactScraper|Parsing artifact substat: hp+299
2026-10-01 07:58:46.442|DEBUG|ArtifactScraper|Parsing artifact substat: energyrecharge+4.5%
2026-10-01 07:58:46.633|DEBUG|ArtifactScraper|Parsing artifact substat: hp+5.3%
2026-10-01 07:58:46.633|DEBUG|ArtifactScraper|Parsing artifact substat: atk+4.1%
2026-10-01 07:58:46.633|DEBUG|ArtifactScraper|Parsing artifact substat: hp+209
2026-10-01 07:58:46.633|DEBUG|ArtifactScraper|Parsing artifact substat: atk+19
2026-10-01 07:58:46.810|DEBUG|ArtifactScraper|Parsing artifact substat: def+16
2026-10-01 07:58:46.810|DEBUG|ArtifactScraper|Parsing artifact substat: hp+209
2026-10-01 07:58:46.810|DEBUG|ArtifactScraper|Parsing artifact substat: hp+4.7%
2026-10-01 07:58:46.810|DEBUG|ArtifactScraper|Parsing artifact substat: atk+19(unactivated)
2026-10-01 07:58:47.037|DEBUG|ArtifactScraper|Finished queuing page of artifacts. Scrolling...
2026-10-01 07:58:47.037|DEBUG|ArtifactScraper|Parsing artifact substat: def+19
2026-10-01 07:58:47.037|DEBUG|ArtifactScraper|Parsing artifact substat: hp+4.7%
2026-10-01 07:58:47.037|DEBUG|ArtifactScraper|Parsing artifact substat: atk+5.8%
2026-10-01 07:58:47.037|DEBUG|ArtifactScraper|Parsing artifact substat: energyrecharge+5.8%
2026-10-01 07:58:47.217|DEBUG|ArtifactScraper|Parsing artifact substat: hp+299
2026-10-01 07:58:47.217|DEBUG|ArtifactScraper|Parsing artifact substat: energyrecharge+6.5%
2026-10-01 07:58:47.217|DEBUG|ArtifactScraper|Parsing artifact substat: atk+16
2026-10-01 07:58:47.217|DEBUG|ArtifactScraper|Parsing artifact substat: def+16(unactivated)
2026-10-01 07:58:47.346|DEBUG|ArtifactScraper|Parsing artifact substat: def+21
2026-10-01 07:58:47.346|DEBUG|ArtifactScraper|Parsing artifact substat: def+5.1%
2026-10-01 07:58:47.346|DEBUG|ArtifactScraper|Parsing artifact substat: atk+5.8%
2026-10-01 07:58:47.346|DEBUG|ArtifactScraper|Parsing artifact substat: energyrecharge+5.2%
2026-10-01 07:58:49.138|DEBUG|ArtifactScraper|Scanning artifact page 30
2026-10-01 07:58:49.138|DEBUG|ArtifactScraper|Located 32 possible item locations on page.
2026-10-01 07:58:49.580|DEBUG|ArtifactScraper|Parsing artifact substat: def+19
2026-10-01 07:58:49.580|DEBUG|ArtifactScraper|Parsing artifact substat: hp+239
2026-10-01 07:58:49.580|DEBUG|ArtifactScraper|Parsing artifact substat: hp+5.8%
2026-10-01 07:58:49.580|DEBUG|ArtifactScraper|Parsing artifact substat: elementalmastery+23
2026-10-01 07:58:49.691|DEBUG|ArtifactScraper|Parsing artifact substat: atk+19
2026-10-01 07:58:49.691|DEBUG|ArtifactScraper|Parsing artifact substat: def+16
2026-10-01 07:58:49.691|DEBUG|ArtifactScraper|Parsing artifact substat: hp+5.3%
2026-10-01 07:58:49.691|DEBUG|ArtifactScraper|Parsing artifact substat: def+5.1%
2026-10-01 07:58:49.893|DEBUG|ArtifactScraper|Parsing artifact substat: hp+5.3%
2026-10-01 07:58:49.893|DEBUG|ArtifactScraper|Parsing artifact substat: atk+4.7%
2026-10-01 07:58:49.893|DEBUG|ArtifactScraper|Parsing artifact substat: critdmg+5.4%
2026-10-01 07:58:49.893|DEBUG|ArtifactScraper|Parsing artifact substat: atk+16
2026-10-01 07:58:50.192|DEBUG|ArtifactScraper|Parsing artifact substat: atk+19
2026-10-01 07:58:50.192|DEBUG|ArtifactScraper|Parsing artifact substat: def+21
2026-10-01 07:58:50.192|DEBUG|ArtifactScraper|Parsing artifact substat: hp+269
2026-10-01 07:58:50.192|DEBUG|ArtifactScraper|Parsing artifact substat: critdmg+6.2%(unactivated)
2026-10-01 07:58:50.365|DEBUG|ArtifactScraper|Parsing artifact substat: atk+4.1%
2026-10-01 07:58:50.365|DEBUG|ArtifactScraper|Parsing artifact substat: def+16
2026-10-01 07:58:50.365|DEBUG|ArtifactScraper|Parsing artifact substat: hp+4.1%
2026-10-01 07:58:50.365|DEBUG|ArtifactScraper|Parsing artifact substat: critdmg+7.8%(unactivated)
2026-10-01 07:58:50.562|DEBUG|ArtifactScraper|Parsing artifact substat: critdmg+6.2%
2026-10-01 07:58:50.562|DEBUG|ArtifactScraper|Parsing artifact substat: hp+4.7%
2026-10-01 07:58:50.562|DEBUG|ArtifactScraper|Parsing artifact substat: elementalmastery+19
2026-10-01 07:58:50.562|DEBUG|ArtifactScraper|Parsing artifact substat: atk+19(unactivated)
2026-10-01 07:58:50.735|DEBUG|ArtifactScraper|Parsing artifact substat: atk+16
2026-10-01 07:58:50.735|DEBUG|ArtifactScraper|Parsing artifact substat: hp+269
2026-10-01 07:58:50.735|DEBUG|ArtifactScraper|Parsing artifact substat: def+16
2026-10-01 07:58:50.735|DEBUG|ArtifactScraper|Parsing artifact substat: critdmg+5.4%(unactivated)
2026-10-01 07:58:51.093|DEBUG|ArtifactScraper|Parsing artifact substat: atk+18
2026-10-01 07:58:51.093|DEBUG|ArtifactScraper|Parsing artifact substat: critdmg+6.2%
2026-10-01 07:58:51.093|DEBUG|ArtifactScraper|Parsing artifact substat: energyrecharge+6.5%
2026-10-01 07:58:51.093|DEBUG|ArtifactScraper|Parsing artifact substat: critrate+3.9%(unactivated)
2026-10-01 07:58:51.186|DEBUG|ArtifactScraper|Parsing artifact substat: critrate+3.1%
2026-10-01 07:58:51.186|DEBUG|ArtifactScraper|Parsing artifact substat: def+5.8%
2026-10-01 07:58:51.186|DEBUG|ArtifactScraper|Parsing artifact substat: hp+239
2026-10-01 07:58:51.186|DEBUG|ArtifactScraper|Parsing artifact substat: energyrecharge+6.5%
2026-10-01 07:58:51.420|DEBUG|ArtifactScraper|Parsing artifact substat: critrate+3.1%
2026-10-01 07:58:51.420|DEBUG|ArtifactScraper|Parsing artifact substat: def+5.8%
2026-10-01 07:58:51.420|DEBUG|ArtifactScraper|Parsing artifact substat: hp+239
2026-10-01 07:58:51.420|DEBUG|ArtifactScraper|Parsing artifact substat: energyrecharge+6.5%
2026-10-01 07:58:51.520|DEBUG|ArtifactScraper|Parsing artifact substat: hp+4.7%
2026-10-01 07:58:51.520|DEBUG|ArtifactScraper|Parsing artifact substat: energyrecharge+5.2%
2026-10-01 07:58:51.520|DEBUG|ArtifactScraper|Parsing artifact substat: atk+14
2026-10-01 07:58:51.520|DEBUG|ArtifactScraper|Parsing artifact substat: def+23(unactivated)
2026-10-01 07:58:51.834|DEBUG|ArtifactScraper|Parsing artifact substat: atk+16
2026-10-01 07:58:51.834|DEBUG|ArtifactScraper|Parsing artifact substat: def+5.8%
2026-10-01 07:58:51.834|DEBUG|ArtifactScraper|Parsing artifact substat: elementalmastery+16
2026-10-01 07:58:51.834|DEBUG|ArtifactScraper|Parsing artifact substat: atk+4.7%(unactivated)
2026-10-01 07:58:51.871|DEBUG|ArtifactScraper|Parsing artifact substat: critdmg+5.4%
2026-10-01 07:58:51.871|DEBUG|ArtifactScraper|Parsing artifact substat: def+23
2026-10-01 07:58:51.871|DEBUG|ArtifactScraper|Parsing artifact substat: hp+209
2026-10-01 07:58:51.871|DEBUG|ArtifactScraper|Parsing artifact substat: critrate+3.5%(unactivated)
2026-10-01 07:58:52.250|DEBUG|ArtifactScraper|Parsing artifact substat: hp+209
2026-10-01 07:58:52.250|DEBUG|ArtifactScraper|Parsing artifact substat: energyrecharge+4.5%
2026-10-01 07:58:52.250|DEBUG|ArtifactScraper|Parsing artifact substat: elementalmastery+16
2026-10-01 07:58:52.250|DEBUG|ArtifactScraper|Parsing artifact substat: def+16(unactivated)
2026-10-01 07:58:52.262|DEBUG|ArtifactScraper|Parsing artifact substat: atk+16
2026-10-01 07:58:52.262|DEBUG|ArtifactScraper|Parsing artifact substat: hp+209
2026-10-01 07:58:52.262|DEBUG|ArtifactScraper|Parsing artifact substat: def+19
2026-10-01 07:58:52.262|DEBUG|ArtifactScraper|Parsing artifact substat: atk+4.1%(unactivated)
2026-10-01 07:58:52.603|DEBUG|ArtifactScraper|Parsing artifact substat: hp+4.7%
2026-10-01 07:58:52.603|DEBUG|ArtifactScraper|Parsing artifact substat: atk+16
2026-10-01 07:58:52.603|DEBUG|ArtifactScraper|Parsing artifact substat: critrate+2.7%
2026-10-01 07:58:52.603|DEBUG|ArtifactScraper|Parsing artifact substat: energyrecharge+5.8%
2026-10-01 07:58:52.792|DEBUG|ArtifactScraper|Parsing artifact substat: atk+5.3%
2026-10-01 07:58:52.792|DEBUG|ArtifactScraper|Parsing artifact substat: energyrecharge+5.8%
2026-10-01 07:58:52.792|DEBUG|ArtifactScraper|Parsing artifact substat: def+6.6%
2026-10-01 07:58:52.792|DEBUG|ArtifactScraper|Parsing artifact substat: critrate+2.7%(unactivated)
2026-10-01 07:58:53.016|DEBUG|ArtifactScraper|Parsing artifact substat: hp+209
2026-10-01 07:58:53.016|DEBUG|ArtifactScraper|Parsing artifact substat: critdmg+7.0%
2026-10-01 07:58:53.016|DEBUG|ArtifactScraper|Parsing artifact substat: hp+5.8%
2026-10-01 07:58:53.016|DEBUG|ArtifactScraper|Parsing artifact substat: atk+16
2026-10-01 07:58:53.109|DEBUG|ArtifactScraper|Parsing artifact substat: energyrecharge+4.5%
2026-10-01 07:58:53.109|DEBUG|ArtifactScraper|Parsing artifact substat: def+6.6%
2026-10-01 07:58:53.109|DEBUG|ArtifactScraper|Parsing artifact substat: hp+209
2026-10-01 07:58:53.109|DEBUG|ArtifactScraper|Parsing artifact substat: atk+18
2026-10-01 07:58:53.343|DEBUG|ArtifactScraper|Parsing artifact substat: energyrecharge+4.5%
2026-10-01 07:58:53.343|DEBUG|ArtifactScraper|Parsing artifact substat: hp+5.8%
2026-10-01 07:58:53.343|DEBUG|ArtifactScraper|Parsing artifact substat: critrate+3.9%
2026-10-01 07:58:53.343|DEBUG|ArtifactScraper|Parsing artifact substat: atk+4.1%(unactivated)
2026-10-01 07:58:53.535|DEBUG|ArtifactScraper|Parsing artifact substat: def+16
2026-10-01 07:58:53.535|DEBUG|ArtifactScraper|Parsing artifact substat: elementalmastery+19
2026-10-01 07:58:53.535|DEBUG|ArtifactScraper|Parsing artifact substat: atk+16
2026-10-01 07:58:53.535|DEBUG|ArtifactScraper|Parsing artifact substat: energyrecharge+5.8%
2026-10-01 07:58:53.623|DEBUG|ArtifactScraper|Parsing artifact substat: def+23
2026-10-01 07:58:53.623|DEBUG|ArtifactScraper|Parsing artifact substat: hp+5.8%
2026-10-01 07:58:53.623|DEBUG|ArtifactScraper|Parsing artifact substat: critdmg+5.4%
2026-10-01 07:58:53.623|DEBUG|ArtifactScraper|Parsing artifact substat: energyrecharge+5.8%
2026-10-01 07:58:53.839|DEBUG|ArtifactScraper|Parsing artifact substat: def+6.6%
2026-10-01 07:58:53.839|DEBUG|ArtifactScraper|Parsing artifact substat: atk+19
2026-10-01 07:58:53.839|DEBUG|ArtifactScraper|Parsing artifact substat: def+16
2026-10-01 07:58:53.839|DEBUG|ArtifactScraper|Parsing artifact substat: elementalmastery+23
2026-10-01 07:58:54.024|DEBUG|ArtifactScraper|Parsing artifact substat: hp+5.8%
2026-10-01 07:58:54.024|DEBUG|ArtifactScraper|Parsing artifact substat: hp+299
2026-10-01 07:58:54.024|DEBUG|ArtifactScraper|Parsing artifact substat: critrate+2.7%
2026-10-01 07:58:54.024|DEBUG|ArtifactScraper|Parsing artifact substat: def+6.6%(unactivated)
2026-10-01 07:58:54.378|DEBUG|ArtifactScraper|Parsing artifact substat: energyrecharge+6.5%
2026-10-01 07:58:54.379|DEBUG|ArtifactScraper|Parsing artifact substat: hp+4.1%
2026-10-01 07:58:54.379|DEBUG|ArtifactScraper|Parsing artifact substat: hp+269
2026-10-01 07:58:54.379|DEBUG|ArtifactScraper|Parsing artifact substat: def+21(unactivated)
2026-10-01 07:58:54.423|DEBUG|ArtifactScraper|Parsing artifact substat: def+21
2026-10-01 07:58:54.423|DEBUG|ArtifactScraper|Parsing artifact substat: atk+14
2026-10-01 07:58:54.423|DEBUG|ArtifactScraper|Parsing artifact substat: elementalmastery+21
2026-10-01 07:58:54.423|DEBUG|ArtifactScraper|Parsing artifact substat: critdmg+7.0%(unactivated)
2026-10-01 07:58:54.553|DEBUG|ArtifactScraper|Parsing artifact substat: hp+5.3%
2026-10-01 07:58:54.553|DEBUG|ArtifactScraper|Parsing artifact substat: energyrecharge+4.5%
2026-10-01 07:58:54.553|DEBUG|ArtifactScraper|Parsing artifact substat: def+16
2026-10-01 07:58:54.553|DEBUG|ArtifactScraper|Parsing artifact substat: hp+239(unactivated)
2026-10-01 07:58:54.879|DEBUG|ArtifactScraper|Parsing artifact substat: atk+5.8%
2026-10-01 07:58:54.879|DEBUG|ArtifactScraper|Parsing artifact substat: hp+4.1%
2026-10-01 07:58:54.879|DEBUG|ArtifactScraper|Parsing artifact substat: atk+14
2026-10-01 07:58:54.879|DEBUG|ArtifactScraper|Parsing artifact substat: critdmg+7.8%(unactivated)
2026-10-01 07:58:54.906|DEBUG|ArtifactScraper|Parsing artifact substat: atk+16
2026-10-01 07:58:54.906|DEBUG|ArtifactScraper|Parsing artifact substat: def+16
2026-10-01 07:58:54.906|DEBUG|ArtifactScraper|Parsing artifact substat: energyrecharge+5.8%
2026-10-01 07:58:54.906|DEBUG|ArtifactScraper|Parsing artifact substat: critrate+2.7%(unactivated)
2026-10-01 07:58:55.019|DEBUG|ArtifactScraper|Finished queuing page of artifacts. Scrolling...
2026-10-01 07:58:55.244|DEBUG|ArtifactScraper|Parsing artifact substat: hp+239
2026-10-01 07:58:55.244|DEBUG|ArtifactScraper|Parsing artifact substat: def+7.3%
2026-10-01 07:58:55.244|DEBUG|ArtifactScraper|Parsing artifact substat: elementalmastery+16
2026-10-01 07:58:55.244|DEBUG|ArtifactScraper|Parsing artifact substat: def+21(unactivated)
2026-10-01 07:58:55.285|DEBUG|ArtifactScraper|Parsing artifact substat: hp+209
2026-10-01 07:58:55.285|DEBUG|ArtifactScraper|Parsing artifact substat: atk+19
2026-10-01 07:58:55.285|DEBUG|ArtifactScraper|Parsing artifact substat: critrate+3.5%
2026-10-01 07:58:55.285|DEBUG|ArtifactScraper|Parsing artifact substat: hp+4.7%(unactivated)
2026-10-01 07:58:55.515|DEBUG|ArtifactScraper|Parsing artifact substat: def+16
2026-10-01 07:58:55.515|DEBUG|ArtifactScraper|Parsing artifact substat: hp+269
2026-10-01 07:58:55.515|DEBUG|ArtifactScraper|Parsing artifact substat: critdmg+7.8%
2026-10-01 07:58:55.515|DEBUG|ArtifactScraper|Parsing artifact substat: atk+5.3%
2026-10-01 07:58:57.412|DEBUG|ArtifactScraper|Scanning artifact page 31
2026-10-01 07:58:57.412|DEBUG|ArtifactScraper|Located 32 possible item locations on page.
2026-10-01 07:58:57.873|DEBUG|ArtifactScraper|Parsing artifact substat: hp+209
2026-10-01 07:58:57.873|DEBUG|ArtifactScraper|Parsing artifact substat: critdmg+7.0%
2026-10-01 07:58:57.873|DEBUG|ArtifactScraper|Parsing artifact substat: elementalmastery+19
2026-10-01 07:58:57.873|DEBUG|ArtifactScraper|Parsing artifact substat: hp+4.7%
2026-10-01 07:58:58.180|DEBUG|ArtifactScraper|Parsing artifact substat: def+6.6%
2026-10-01 07:58:58.180|DEBUG|ArtifactScraper|Parsing artifact substat: atk+18
2026-10-01 07:58:58.180|DEBUG|ArtifactScraper|Parsing artifact substat: critdmg+5.4%
2026-10-01 07:58:58.180|DEBUG|ArtifactScraper|Parsing artifact substat: hp+239
2026-10-01 07:58:58.231|DEBUG|ArtifactScraper|Parsing artifact substat: def+23
2026-10-01 07:58:58.231|DEBUG|ArtifactScraper|Parsing artifact substat: energyrecharge+6.5%
2026-10-01 07:58:58.231|DEBUG|ArtifactScraper|Parsing artifact substat: atk+19
2026-10-01 07:58:58.231|DEBUG|ArtifactScraper|Parsing artifact substat: def+6.6%
2026-10-01 07:58:58.555|DEBUG|ArtifactScraper|Parsing artifact substat: energyrecharge+4.5%
2026-10-01 07:58:58.555|DEBUG|ArtifactScraper|Parsing artifact substat: critrate+3.1%
2026-10-01 07:58:58.555|DEBUG|ArtifactScraper|Parsing artifact substat: hp+209
2026-10-01 07:58:58.555|DEBUG|ArtifactScraper|Parsing artifact substat: def+19(unactivated)
2026-10-01 07:58:58.694|DEBUG|ArtifactScraper|Parsing artifact substat: elementalmastery+19
2026-10-01 07:58:58.694|DEBUG|ArtifactScraper|Parsing artifact substat: energyrecharge+5.2%
2026-10-01 07:58:58.694|DEBUG|ArtifactScraper|Parsing artifact substat: hp+239
2026-10-01 07:58:58.694|DEBUG|ArtifactScraper|Parsing artifact substat: atk+5.8%(unactivated)
2026-10-01 07:58:58.837|DEBUG|ArtifactScraper|Parsing artifact substat: elementalmastery+21
2026-10-01 07:58:58.837|DEBUG|ArtifactScraper|Parsing artifact substat: critdmg+7.8%
2026-10-01 07:58:58.837|DEBUG|ArtifactScraper|Parsing artifact substat: def+16
2026-10-01 07:58:58.837|DEBUG|ArtifactScraper|Parsing artifact substat: energyrecharge+5.8%
2026-10-01 07:58:59.085|DEBUG|ArtifactScraper|Parsing artifact substat: def+23
2026-10-01 07:58:59.085|DEBUG|ArtifactScraper|Parsing artifact substat: atk+19
2026-10-01 07:58:59.085|DEBUG|ArtifactScraper|Parsing artifact substat: hp+269
2026-10-01 07:58:59.085|DEBUG|ArtifactScraper|Parsing artifact substat: critrate+3.9%(unactivated)
2026-10-01 07:58:59.248|DEBUG|ArtifactScraper|Parsing artifact substat: hp+5.8%
2026-10-01 07:58:59.248|DEBUG|ArtifactScraper|Parsing artifact substat: energyrecharge+5.2%
2026-10-01 07:58:59.248|DEBUG|ArtifactScraper|Parsing artifact substat: atk+4.1%
2026-10-01 07:58:59.248|DEBUG|ArtifactScraper|Parsing artifact substat: critdmg+7.8%(unactivated)
2026-10-01 07:58:59.509|DEBUG|ArtifactScraper|Parsing artifact substat: energyrecharge+4.5%
2026-10-01 07:58:59.509|DEBUG|ArtifactScraper|Parsing artifact substat: def+23
2026-10-01 07:58:59.509|DEBUG|ArtifactScraper|Parsing artifact substat: hp+299
2026-10-01 07:58:59.509|DEBUG|ArtifactScraper|Parsing artifact substat: def+5.8%(unactivated)
2026-10-01 07:58:59.660|DEBUG|ArtifactScraper|Parsing artifact substat: hp+269
2026-10-01 07:58:59.660|DEBUG|ArtifactScraper|Parsing artifact substat: def+21
2026-10-01 07:58:59.660|DEBUG|ArtifactScraper|Parsing artifact substat: def+5.8%
2026-10-01 07:58:59.660|DEBUG|ArtifactScraper|Parsing artifact substat: atk+18(unactivated)
2026-10-01 07:58:59.841|DEBUG|ArtifactScraper|Parsing artifact substat: hp+5.3%
2026-10-01 07:58:59.841|DEBUG|ArtifactScraper|Parsing artifact substat: hp+269
2026-10-01 07:58:59.841|DEBUG|ArtifactScraper|Parsing artifact substat: elementalmastery+19
2026-10-01 07:58:59.841|DEBUG|ArtifactScraper|Parsing artifact substat: critrate+2.7%(unactivated)
2026-10-01 07:58:59.939|DEBUG|ArtifactScraper|Parsing artifact substat: atk+4.1%
2026-10-01 07:58:59.939|DEBUG|ArtifactScraper|Parsing artifact substat: energyrecharge+5.8%
2026-10-01 07:58:59.939|DEBUG|ArtifactScraper|Parsing artifact substat: def+21
2026-10-01 07:58:59.939|DEBUG|ArtifactScraper|Parsing artifact substat: hp+5.3%(unactivated)
2026-10-01 07:59:00.268|DEBUG|ArtifactScraper|Parsing artifact substat: critrate+3.5%
2026-10-01 07:59:00.268|DEBUG|ArtifactScraper|Parsing artifact substat: hp+299
2026-10-01 07:59:00.268|DEBUG|ArtifactScraper|Parsing artifact substat: energyrecharge+6.5%
2026-10-01 07:59:00.268|DEBUG|ArtifactScraper|Parsing artifact substat: atk+16(unactivated)
2026-10-01 07:59:00.312|DEBUG|ArtifactScraper|Parsing artifact substat: atk+19
2026-10-01 07:59:00.312|DEBUG|ArtifactScraper|Parsing artifact substat: hp+269
2026-10-01 07:59:00.312|DEBUG|ArtifactScraper|Parsing artifact substat: hp+5.8%
2026-10-01 07:59:00.312|DEBUG|ArtifactScraper|Parsing artifact substat: def+19(unactivated)
2026-10-01 07:59:00.637|DEBUG|ArtifactScraper|Parsing artifact substat: atk+16
2026-10-01 07:59:00.637|DEBUG|ArtifactScraper|Parsing artifact substat: elementalmastery+16
2026-10-01 07:59:00.637|DEBUG|ArtifactScraper|Parsing artifact substat: energyrecharge+4.5%
2026-10-01 07:59:00.637|DEBUG|ArtifactScraper|Parsing artifact substat: def+21(unactivated)
2026-10-01 07:59:00.664|DEBUG|ArtifactScraper|Parsing artifact substat: hp+239
2026-10-01 07:59:00.664|DEBUG|ArtifactScraper|Parsing artifact substat: def+23
2026-10-01 07:59:00.664|DEBUG|ArtifactScraper|Parsing artifact substat: atk+16
2026-10-01 07:59:00.664|DEBUG|ArtifactScraper|Parsing artifact substat: elementalmastery+16
2026-10-01 07:59:00.967|DEBUG|ArtifactScraper|Parsing artifact substat: hp+239
2026-10-01 07:59:00.967|DEBUG|ArtifactScraper|Parsing artifact substat: atk+4.1%
2026-10-01 07:59:00.967|DEBUG|ArtifactScraper|Parsing artifact substat: def+19
2026-10-01 07:59:00.967|DEBUG|ArtifactScraper|Parsing artifact substat: atk+19(unactivated)
2026-10-01 07:59:01.080|DEBUG|ArtifactScraper|Parsing artifact substat: energyrecharge+6.5%
2026-10-01 07:59:01.080|DEBUG|ArtifactScraper|Parsing artifact substat: elementalmastery+19
2026-10-01 07:59:01.080|DEBUG|ArtifactScraper|Parsing artifact substat: atk+19
2026-10-01 07:59:01.080|DEBUG|ArtifactScraper|Parsing artifact substat: critdmg+7.8%(unactivated)
2026-10-01 07:59:01.374|DEBUG|ArtifactScraper|Parsing artifact substat: atk+5.8%
2026-10-01 07:59:01.374|DEBUG|ArtifactScraper|Parsing artifact substat: energyrecharge+6.5%
2026-10-01 07:59:01.374|DEBUG|ArtifactScraper|Parsing artifact substat: atk+18
2026-10-01 07:59:01.374|DEBUG|ArtifactScraper|Parsing artifact substat: def+5.8%(unactivated)
2026-10-01 07:59:01.393|DEBUG|ArtifactScraper|Parsing artifact substat: atk+16
2026-10-01 07:59:01.393|DEBUG|ArtifactScraper|Parsing artifact substat: elementalmastery+19
2026-10-01 07:59:01.393|DEBUG|ArtifactScraper|Parsing artifact substat: hp+5.8%
2026-10-01 07:59:01.393|DEBUG|ArtifactScraper|Parsing artifact substat: hp+269(unactivated)
2026-10-01 07:59:01.816|DEBUG|ArtifactScraper|Parsing artifact substat: energyrecharge+4.5%
2026-10-01 07:59:01.816|DEBUG|ArtifactScraper|Parsing artifact substat: atk+16
2026-10-01 07:59:01.816|DEBUG|ArtifactScraper|Parsing artifact substat: elementalmastery+23
2026-10-01 07:59:01.816|DEBUG|ArtifactScraper|Parsing artifact substat: def+21(unactivated)
2026-10-01 07:59:01.816|DEBUG|ArtifactScraper|Parsing artifact substat: def+23
2026-10-01 07:59:01.816|DEBUG|ArtifactScraper|Parsing artifact substat: energyrecharge+6.5%
2026-10-01 07:59:01.816|DEBUG|ArtifactScraper|Parsing artifact substat: elementalmastery+21
2026-10-01 07:59:01.816|DEBUG|ArtifactScraper|Parsing artifact substat: hp+209(unactivated)
2026-10-01 07:59:02.124|DEBUG|ArtifactScraper|Parsing artifact substat: atk+5.8%
2026-10-01 07:59:02.124|DEBUG|ArtifactScraper|Parsing artifact substat: critdmg+7.8%
2026-10-01 07:59:02.124|DEBUG|ArtifactScraper|Parsing artifact substat: energyrecharge+5.2%
2026-10-01 07:59:02.124|DEBUG|ArtifactScraper|Parsing artifact substat: elementalmastery+19
2026-10-01 07:59:02.274|DEBUG|ArtifactScraper|Parsing artifact substat: atk+4.1%
2026-10-01 07:59:02.274|DEBUG|ArtifactScraper|Parsing artifact substat: def+16
2026-10-01 07:59:02.274|DEBUG|ArtifactScraper|Parsing artifact substat: atk+14
2026-10-01 07:59:02.274|DEBUG|ArtifactScraper|Parsing artifact substat: energyrecharge+5.2%
2026-10-01 07:59:02.296|DEBUG|ArtifactScraper|Parsing artifact substat: energyrecharge+6.5%
2026-10-01 07:59:02.296|DEBUG|ArtifactScraper|Parsing artifact substat: hp+269
2026-10-01 07:59:02.296|DEBUG|ArtifactScraper|Parsing artifact substat: def+19
2026-10-01 07:59:02.296|DEBUG|ArtifactScraper|Parsing artifact substat: atk+4.1%(unactivated)
2026-10-01 07:59:02.540|DEBUG|ArtifactScraper|Parsing artifact substat: critdmg+7.8%
2026-10-01 07:59:02.540|DEBUG|ArtifactScraper|Parsing artifact substat: atk+4.7%
2026-10-01 07:59:02.540|DEBUG|ArtifactScraper|Parsing artifact substat: atk+19
2026-10-01 07:59:02.540|DEBUG|ArtifactScraper|Parsing artifact substat: energyrecharge+5.8%
2026-10-01 07:59:02.704|DEBUG|ArtifactScraper|Parsing artifact substat: energyrecharge+6.5%
2026-10-01 07:59:02.704|DEBUG|ArtifactScraper|Parsing artifact substat: def+16
2026-10-01 07:59:02.704|DEBUG|ArtifactScraper|Parsing artifact substat: critrate+3.5%
2026-10-01 07:59:02.704|DEBUG|ArtifactScraper|Parsing artifact substat: elementalmastery+16
2026-10-01 07:59:02.991|DEBUG|ArtifactScraper|Parsing artifact substat: energyrecharge+6.5%
2026-10-01 07:59:02.991|DEBUG|ArtifactScraper|Parsing artifact substat: atk+4.7%
2026-10-01 07:59:02.991|DEBUG|ArtifactScraper|Parsing artifact substat: def+23
2026-10-01 07:59:02.991|DEBUG|ArtifactScraper|Parsing artifact substat: atk+19(unactivated)
2026-10-01 07:59:03.029|DEBUG|ArtifactScraper|Parsing artifact substat: elementalmastery+16
2026-10-01 07:59:03.029|DEBUG|ArtifactScraper|Parsing artifact substat: critrate+3.5%
2026-10-01 07:59:03.029|DEBUG|ArtifactScraper|Parsing artifact substat: hp+5.3%
2026-10-01 07:59:03.029|DEBUG|ArtifactScraper|Parsing artifact substat: critdmg+7.0%(unactivated)
2026-10-01 07:59:03.140|DEBUG|ArtifactScraper|Finished queuing page of artifacts. Scrolling...
2026-10-01 07:59:03.407|DEBUG|ArtifactScraper|Parsing artifact substat: hp+5.3%
2026-10-01 07:59:03.407|DEBUG|ArtifactScraper|Parsing artifact substat: critdmg+5.4%
2026-10-01 07:59:03.407|DEBUG|ArtifactScraper|Parsing artifact substat: atk+19
2026-10-01 07:59:03.407|DEBUG|ArtifactScraper|Parsing artifact substat: energyrecharge+4.5%
2026-10-01 07:59:03.407|DEBUG|ArtifactScraper|Parsing artifact substat: def+21
2026-10-01 07:59:03.407|DEBUG|ArtifactScraper|Parsing artifact substat: atk+19
2026-10-01 07:59:03.407|DEBUG|ArtifactScraper|Parsing artifact substat: hp+4.7%
2026-10-01 07:59:03.407|DEBUG|ArtifactScraper|Parsing artifact substat: energyrecharge+5.2%
2026-10-01 07:59:03.669|DEBUG|ArtifactScraper|Parsing artifact substat: def+5.8%
2026-10-01 07:59:03.669|DEBUG|ArtifactScraper|Parsing artifact substat: energyrecharge+5.8%
2026-10-01 07:59:03.669|DEBUG|ArtifactScraper|Parsing artifact substat: def+23
2026-10-01 07:59:03.669|DEBUG|ArtifactScraper|Parsing artifact substat: elementalmastery+21
2026-10-01 07:59:05.408|DEBUG|ArtifactScraper|Scanning artifact page 32
2026-10-01 07:59:05.408|DEBUG|ArtifactScraper|Located 32 possible item locations on page.
2026-10-01 07:59:06.018|DEBUG|ArtifactScraper|Parsing artifact substat: critdmg+7.8%
2026-10-01 07:59:06.018|DEBUG|ArtifactScraper|Parsing artifact substat: elementalmastery+21
2026-10-01 07:59:06.018|DEBUG|ArtifactScraper|Parsing artifact substat: hp+5.3%
2026-10-01 07:59:06.018|DEBUG|ArtifactScraper|Parsing artifact substat: def+7.3%(unactivated)
2026-10-01 07:59:06.048|DEBUG|ArtifactScraper|Parsing artifact substat: energyrecharge+4.5%
2026-10-01 07:59:06.048|DEBUG|ArtifactScraper|Parsing artifact substat: def+5.8%
2026-10-01 07:59:06.048|DEBUG|ArtifactScraper|Parsing artifact substat: def+19
2026-10-01 07:59:06.048|DEBUG|ArtifactScraper|Parsing artifact substat: critrate+3.5%(unactivated)
2026-10-01 07:59:06.324|DEBUG|ArtifactScraper|Parsing artifact substat: hp+4.7%
2026-10-01 07:59:06.324|DEBUG|ArtifactScraper|Parsing artifact substat: critdmg+6.2%
2026-10-01 07:59:06.324|DEBUG|ArtifactScraper|Parsing artifact substat: def+21
2026-10-01 07:59:06.324|DEBUG|ArtifactScraper|Parsing artifact substat: hp+269
2026-10-01 07:59:06.356|DEBUG|ArtifactScraper|Parsing artifact substat: critrate+3.5%
2026-10-01 07:59:06.356|DEBUG|ArtifactScraper|Parsing artifact substat: def+16
2026-10-01 07:59:06.356|DEBUG|ArtifactScraper|Parsing artifact substat: hp+209
2026-10-01 07:59:06.356|DEBUG|ArtifactScraper|Parsing artifact substat: atk+4.1%(unactivated)
2026-10-01 07:59:06.655|DEBUG|ArtifactScraper|Parsing artifact substat: hp+269
2026-10-01 07:59:06.655|DEBUG|ArtifactScraper|Parsing artifact substat: def+16
2026-10-01 07:59:06.655|DEBUG|ArtifactScraper|Parsing artifact substat: hp+4.7%
2026-10-01 07:59:06.655|DEBUG|ArtifactScraper|Parsing artifact substat: critrate+3.9%(unactivated)
2026-10-01 07:59:06.688|DEBUG|ArtifactScraper|Parsing artifact substat: hp+299
2026-10-01 07:59:06.688|DEBUG|ArtifactScraper|Parsing artifact substat: def+19
2026-10-01 07:59:06.688|DEBUG|ArtifactScraper|Parsing artifact substat: hp+5.8%
2026-10-01 07:59:06.688|DEBUG|ArtifactScraper|Parsing artifact substat: elementalmastery+21
2026-10-01 07:59:06.960|DEBUG|ArtifactScraper|Parsing artifact substat: elementalmastery+19
2026-10-01 07:59:06.960|DEBUG|ArtifactScraper|Parsing artifact substat: critdmg+7.0%
2026-10-01 07:59:06.960|DEBUG|ArtifactScraper|Parsing artifact substat: def+21
2026-10-01 07:59:06.960|DEBUG|ArtifactScraper|Parsing artifact substat: atk+4.1%(unactivated)
2026-10-01 07:59:07.063|DEBUG|ArtifactScraper|Parsing artifact substat: hp+4.1%
2026-10-01 07:59:07.063|DEBUG|ArtifactScraper|Parsing artifact substat: critrate+3.1%
2026-10-01 07:59:07.063|DEBUG|ArtifactScraper|Parsing artifact substat: def+19
2026-10-01 07:59:07.063|DEBUG|ArtifactScraper|Parsing artifact substat: critdmg+7.0%(unactivated)
2026-10-01 07:59:07.283|DEBUG|ArtifactScraper|Parsing artifact substat: critrate+2.7%
2026-10-01 07:59:07.283|DEBUG|ArtifactScraper|Parsing artifact substat: hp+209
2026-10-01 07:59:07.283|DEBUG|ArtifactScraper|Parsing artifact substat: def+23
2026-10-01 07:59:07.283|DEBUG|ArtifactScraper|Parsing artifact substat: critdmg+7.8%(unactivated)
2026-10-01 07:59:07.460|DEBUG|ArtifactScraper|Parsing artifact substat: critdmg+7.8%
2026-10-01 07:59:07.460|DEBUG|ArtifactScraper|Parsing artifact substat: critrate+3.9%
2026-10-01 07:59:07.460|DEBUG|ArtifactScraper|Parsing artifact substat: energyrecharge+5.2%
2026-10-01 07:59:07.460|DEBUG|ArtifactScraper|Parsing artifact substat: def+21(unactivated)
2026-10-01 07:59:07.535|DEBUG|ArtifactScraper|Parsing artifact substat: atk+14
2026-10-01 07:59:07.535|DEBUG|ArtifactScraper|Parsing artifact substat: hp+209
2026-10-01 07:59:07.535|DEBUG|ArtifactScraper|Parsing artifact substat: atk+5.8%
2026-10-01 07:59:07.535|DEBUG|ArtifactScraper|Parsing artifact substat: def+23
2026-10-01 07:59:07.784|DEBUG|ArtifactScraper|Parsing artifact substat: energyrecharge+4.5%
2026-10-01 07:59:07.784|DEBUG|ArtifactScraper|Parsing artifact substat: def+6.6%
2026-10-01 07:59:07.784|DEBUG|ArtifactScraper|Parsing artifact substat: atk+16
2026-10-01 07:59:07.784|DEBUG|ArtifactScraper|Parsing artifact substat: def+23
2026-10-01 07:59:07.858|DEBUG|ArtifactScraper|Parsing artifact substat: atk+5.3%
2026-10-01 07:59:07.858|DEBUG|ArtifactScraper|Parsing artifact substat: def+7.3%
2026-10-01 07:59:07.858|DEBUG|ArtifactScraper|Parsing artifact substat: def+23
2026-10-01 07:59:07.858|DEBUG|ArtifactScraper|Parsing artifact substat: elementalmastery+19
2026-10-01 07:59:08.119|DEBUG|ArtifactScraper|Parsing artifact substat: def+16
2026-10-01 07:59:08.119|DEBUG|ArtifactScraper|Parsing artifact substat: hp+269
2026-10-01 07:59:08.119|DEBUG|ArtifactScraper|Parsing artifact substat: energyrecharge+5.8%
2026-10-01 07:59:08.119|DEBUG|ArtifactScraper|Parsing artifact substat: critrate+3.1%(unactivated)
2026-10-01 07:59:08.394|DEBUG|ArtifactScraper|Parsing artifact substat: def+6.6%
2026-10-01 07:59:08.394|DEBUG|ArtifactScraper|Parsing artifact substat: hp+269
2026-10-01 07:59:08.394|DEBUG|ArtifactScraper|Parsing artifact substat: elementalmastery+23
2026-10-01 07:59:08.394|DEBUG|ArtifactScraper|Parsing artifact substat: def+21(unactivated)
2026-10-01 07:59:08.454|DEBUG|ArtifactScraper|Parsing artifact substat: def+7.3%
2026-10-01 07:59:08.454|DEBUG|ArtifactScraper|Parsing artifact substat: hp+209
2026-10-01 07:59:08.454|DEBUG|ArtifactScraper|Parsing artifact substat: critdmg+5.4%
2026-10-01 07:59:08.454|DEBUG|ArtifactScraper|Parsing artifact substat: atk+14(unactivated)
2026-10-01 07:59:08.710|DEBUG|ArtifactScraper|Parsing artifact substat: hp+269
2026-10-01 07:59:08.710|DEBUG|ArtifactScraper|Parsing artifact substat: def+5.8%
2026-10-01 07:59:08.710|DEBUG|ArtifactScraper|Parsing artifact substat: atk+16
2026-10-01 07:59:08.710|DEBUG|ArtifactScraper|Parsing artifact substat: atk+4.1%(unactivated)
2026-10-01 07:59:08.813|DEBUG|ArtifactScraper|Parsing artifact substat: critdmg+7.8%
2026-10-01 07:59:08.813|DEBUG|ArtifactScraper|Parsing artifact substat: energyrecharge+4.5%
2026-10-01 07:59:08.813|DEBUG|ArtifactScraper|Parsing artifact substat: atk+18
2026-10-01 07:59:08.813|DEBUG|ArtifactScraper|Parsing artifact substat: elementalmastery+21
2026-10-01 07:59:08.989|DEBUG|ArtifactScraper|Parsing artifact substat: hp+239
2026-10-01 07:59:08.989|DEBUG|ArtifactScraper|Parsing artifact substat: hp+5.8%
2026-10-01 07:59:08.989|DEBUG|ArtifactScraper|Parsing artifact substat: critrate+2.7%
2026-10-01 07:59:08.989|DEBUG|ArtifactScraper|Parsing artifact substat: elementalmastery+16
2026-10-01 07:59:09.201|DEBUG|ArtifactScraper|Parsing artifact substat: atk+18
2026-10-01 07:59:09.201|DEBUG|ArtifactScraper|Parsing artifact substat: hp+5.8%
2026-10-01 07:59:09.201|DEBUG|ArtifactScraper|Parsing artifact substat: hp+239
2026-10-01 07:59:09.201|DEBUG|ArtifactScraper|Parsing artifact substat: elementalmastery+16
2026-10-01 07:59:09.375|DEBUG|ArtifactScraper|Parsing artifact substat: elementalmastery+23
2026-10-01 07:59:09.375|DEBUG|ArtifactScraper|Parsing artifact substat: atk+19
2026-10-01 07:59:09.375|DEBUG|ArtifactScraper|Parsing artifact substat: hp+299
2026-10-01 07:59:09.375|DEBUG|ArtifactScraper|Parsing artifact substat: def+23(unactivated)
2026-10-01 07:59:09.615|DEBUG|ArtifactScraper|Parsing artifact substat: def+16
2026-10-01 07:59:09.615|DEBUG|ArtifactScraper|Parsing artifact substat: atk+16
2026-10-01 07:59:09.615|DEBUG|ArtifactScraper|Parsing artifact substat: hp+299
2026-10-01 07:59:09.615|DEBUG|ArtifactScraper|Parsing artifact substat: critrate+2.7%(unactivated)
2026-10-01 07:59:09.657|DEBUG|ArtifactScraper|Parsing artifact substat: atk+19
2026-10-01 07:59:09.657|DEBUG|ArtifactScraper|Parsing artifact substat: def+21
2026-10-01 07:59:09.657|DEBUG|ArtifactScraper|Parsing artifact substat: elementalmastery+19
2026-10-01 07:59:09.657|DEBUG|ArtifactScraper|Parsing artifact substat: hp+4.7%(unactivated)
2026-10-01 07:59:10.005|DEBUG|ArtifactScraper|Parsing artifact substat: critrate+2.7%
2026-10-01 07:59:10.005|DEBUG|ArtifactScraper|Parsing artifact substat: def+21
2026-10-01 07:59:10.005|DEBUG|ArtifactScraper|Parsing artifact substat: hp+4.1%
2026-10-01 07:59:10.005|DEBUG|ArtifactScraper|Parsing artifact substat: critdmg+7.8%(unactivated)
2026-10-01 07:59:10.029|DEBUG|ArtifactScraper|Parsing artifact substat: critdmg+7.8%
2026-10-01 07:59:10.029|DEBUG|ArtifactScraper|Parsing artifact substat: atk+19
2026-10-01 07:59:10.029|DEBUG|ArtifactScraper|Parsing artifact substat: hp+4.1%
2026-10-01 07:59:10.029|DEBUG|ArtifactScraper|Parsing artifact substat: energyrecharge+5.8%
2026-10-01 07:59:10.311|DEBUG|ArtifactScraper|Parsing artifact substat: critdmg+7.0%
2026-10-01 07:59:10.311|DEBUG|ArtifactScraper|Parsing artifact substat: def+5.1%
2026-10-01 07:59:10.311|DEBUG|ArtifactScraper|Parsing artifact substat: atk+19
2026-10-01 07:59:10.311|DEBUG|ArtifactScraper|Parsing artifact substat: hp+209(unactivated)
2026-10-01 07:59:10.412|DEBUG|ArtifactScraper|Parsing artifact substat: atk+16
2026-10-01 07:59:10.412|DEBUG|ArtifactScraper|Parsing artifact substat: critdmg+5.4%
2026-10-01 07:59:10.412|DEBUG|ArtifactScraper|Parsing artifact substat: elementalmastery+19
2026-10-01 07:59:10.412|DEBUG|ArtifactScraper|Parsing artifact substat: def+6.6%(unactivated)
2026-10-01 07:59:10.675|DEBUG|ArtifactScraper|Parsing artifact substat: hp+209
2026-10-01 07:59:10.675|DEBUG|ArtifactScraper|Parsing artifact substat: hp+4.7%
2026-10-01 07:59:10.675|DEBUG|ArtifactScraper|Parsing artifact substat: elementalmastery+16
2026-10-01 07:59:10.675|DEBUG|ArtifactScraper|Parsing artifact substat: atk+19(unactivated)
2026-10-01 07:59:10.830|DEBUG|ArtifactScraper|Parsing artifact substat: atk+16
2026-10-01 07:59:10.830|DEBUG|ArtifactScraper|Parsing artifact substat: critrate+3.1%
2026-10-01 07:59:10.830|DEBUG|ArtifactScraper|Parsing artifact substat: def+7.3%
2026-10-01 07:59:10.830|DEBUG|ArtifactScraper|Parsing artifact substat: def+21(unactivated)
2026-10-01 07:59:10.913|DEBUG|ArtifactScraper|Finished queuing page of artifacts. Scrolling...
2026-10-01 07:59:11.044|DEBUG|ArtifactScraper|Parsing artifact substat: hp+299
2026-10-01 07:59:11.044|DEBUG|ArtifactScraper|Parsing artifact substat: atk+19
2026-10-01 07:59:11.044|DEBUG|ArtifactScraper|Parsing artifact substat: critdmg+6.2%
2026-10-01 07:59:11.044|DEBUG|ArtifactScraper|Parsing artifact substat: def+7.3%(unactivated)
2026-10-01 07:59:11.089|DEBUG|ArtifactScraper|Parsing artifact substat: atk+4.7%
2026-10-01 07:59:11.089|DEBUG|ArtifactScraper|Parsing artifact substat: hp+4.7%
2026-10-01 07:59:11.089|DEBUG|ArtifactScraper|Parsing artifact substat: atk+16
2026-10-01 07:59:11.089|DEBUG|ArtifactScraper|Parsing artifact substat: def+7.3%
2026-10-01 07:59:11.277|DEBUG|ArtifactScraper|Parsing artifact substat: hp+209
2026-10-01 07:59:11.277|DEBUG|ArtifactScraper|Parsing artifact substat: elementalmastery+23
2026-10-01 07:59:11.277|DEBUG|ArtifactScraper|Parsing artifact substat: critrate+3.1%
2026-10-01 07:59:11.277|DEBUG|ArtifactScraper|Parsing artifact substat: atk+5.3%(unactivated)
2026-10-01 07:59:13.008|DEBUG|ArtifactScraper|Scanning artifact page 33
2026-10-01 07:59:13.008|DEBUG|ArtifactScraper|Located 32 possible item locations on page.
2026-10-01 07:59:13.413|DEBUG|ArtifactScraper|Parsing artifact substat: energyrecharge+4.5%
2026-10-01 07:59:13.413|DEBUG|ArtifactScraper|Parsing artifact substat: hp+4.7%
2026-10-01 07:59:13.413|DEBUG|ArtifactScraper|Parsing artifact substat: elementalmastery+23
2026-10-01 07:59:13.413|DEBUG|ArtifactScraper|Parsing artifact substat: atk+14(unactivated)
2026-10-01 07:59:13.711|DEBUG|ArtifactScraper|Parsing artifact substat: atk+14
2026-10-01 07:59:13.711|DEBUG|ArtifactScraper|Parsing artifact substat: energyrecharge+6.5%
2026-10-01 07:59:13.711|DEBUG|ArtifactScraper|Parsing artifact substat: def+23
2026-10-01 07:59:13.711|DEBUG|ArtifactScraper|Parsing artifact substat: hp+4.1%(unactivated)
2026-10-01 07:59:13.762|DEBUG|ArtifactScraper|Parsing artifact substat: elementalmastery+16
2026-10-01 07:59:13.762|DEBUG|ArtifactScraper|Parsing artifact substat: atk+14
2026-10-01 07:59:13.762|DEBUG|ArtifactScraper|Parsing artifact substat: hp+299
2026-10-01 07:59:13.762|DEBUG|ArtifactScraper|Parsing artifact substat: atk+5.8%
2026-10-01 07:59:13.968|DEBUG|ArtifactScraper|Parsing artifact substat: def+16
2026-10-01 07:59:13.968|DEBUG|ArtifactScraper|Parsing artifact substat: atk+14
2026-10-01 07:59:13.968|DEBUG|ArtifactScraper|Parsing artifact substat: hp+209
2026-10-01 07:59:13.968|DEBUG|ArtifactScraper|Parsing artifact substat: hp+5.8%
2026-10-01 07:59:14.298|DEBUG|ArtifactScraper|Parsing artifact substat: atk+5.3%
2026-10-01 07:59:14.298|DEBUG|ArtifactScraper|Parsing artifact substat: hp+4.1%
2026-10-01 07:59:14.298|DEBUG|ArtifactScraper|Parsing artifact substat: critrate+3.5%
2026-10-01 07:59:14.298|DEBUG|ArtifactScraper|Parsing artifact substat: elementalmastery+23
2026-10-01 07:59:14.319|DEBUG|ArtifactScraper|Parsing artifact substat: critdmg+7.8%
2026-10-01 07:59:14.319|DEBUG|ArtifactScraper|Parsing artifact substat: hp+269
2026-10-01 07:59:14.319|DEBUG|ArtifactScraper|Parsing artifact substat: hp+4.7%
2026-10-01 07:59:14.319|DEBUG|ArtifactScraper|Parsing artifact substat: elementalmastery+16
2026-10-01 07:59:14.642|DEBUG|ArtifactScraper|Parsing artifact substat: hp+269
2026-10-01 07:59:14.642|DEBUG|ArtifactScraper|Parsing artifact substat: hp+5.8%
2026-10-01 07:59:14.642|DEBUG|ArtifactScraper|Parsing artifact substat: def+16
2026-10-01 07:59:14.642|DEBUG|ArtifactScraper|Parsing artifact substat: atk+14(unactivated)
2026-10-01 07:59:14.667|DEBUG|ArtifactScraper|Parsing artifact substat: def+5.8%
2026-10-01 07:59:14.667|DEBUG|ArtifactScraper|Parsing artifact substat: critrate+3.9%
2026-10-01 07:59:14.667|DEBUG|ArtifactScraper|Parsing artifact substat: atk+16
2026-10-01 07:59:14.667|DEBUG|ArtifactScraper|Parsing artifact substat: elementalmastery+16
2026-10-01 07:59:14.960|DEBUG|ArtifactScraper|Parsing artifact substat: atk+16
2026-10-01 07:59:14.960|DEBUG|ArtifactScraper|Parsing artifact substat: atk+4.7%
2026-10-01 07:59:14.960|DEBUG|ArtifactScraper|Parsing artifact substat: def+5.1%
2026-10-01 07:59:14.960|DEBUG|ArtifactScraper|Parsing artifact substat: hp+269(unactivated)
2026-10-01 07:59:15.035|DEBUG|ArtifactScraper|Parsing artifact substat: critdmg+7.8%
2026-10-01 07:59:15.035|DEBUG|ArtifactScraper|Parsing artifact substat: def+5.8%
2026-10-01 07:59:15.035|DEBUG|ArtifactScraper|Parsing artifact substat: hp+239
2026-10-01 07:59:15.035|DEBUG|ArtifactScraper|Parsing artifact substat: atk+19(unactivated)
2026-10-01 07:59:15.291|DEBUG|ArtifactScraper|Parsing artifact substat: elementalmastery+16
2026-10-01 07:59:15.291|DEBUG|ArtifactScraper|Parsing artifact substat: atk+4.7%
2026-10-01 07:59:15.291|DEBUG|ArtifactScraper|Parsing artifact substat: critdmg+6.2%
2026-10-01 07:59:15.291|DEBUG|ArtifactScraper|Parsing artifact substat: energyrecharge+5.8%
2026-10-01 07:59:15.381|DEBUG|ArtifactScraper|Parsing artifact substat: hp+5.8%
2026-10-01 07:59:15.381|DEBUG|ArtifactScraper|Parsing artifact substat: elementalmastery+19
2026-10-01 07:59:15.381|DEBUG|ArtifactScraper|Parsing artifact substat: def+5.1%
2026-10-01 07:59:15.381|DEBUG|ArtifactScraper|Parsing artifact substat: def+21(unactivated)
2026-10-01 07:59:15.561|DEBUG|ArtifactScraper|Parsing artifact substat: def+6.6%
2026-10-01 07:59:15.561|DEBUG|ArtifactScraper|Parsing artifact substat: atk+14
2026-10-01 07:59:15.561|DEBUG|ArtifactScraper|Parsing artifact substat: hp+4.1%
2026-10-01 07:59:15.561|DEBUG|ArtifactScraper|Parsing artifact substat: def+21(unactivated)
2026-10-01 07:59:15.701|DEBUG|ArtifactScraper|Parsing artifact substat: hp+5.3%
2026-10-01 07:59:15.701|DEBUG|ArtifactScraper|Parsing artifact substat: atk+4.1%
2026-10-01 07:59:15.701|DEBUG|ArtifactScraper|Parsing artifact substat: def+7.3%
2026-10-01 07:59:15.701|DEBUG|ArtifactScraper|Parsing artifact substat: elementalmastery+23
2026-10-01 07:59:15.904|DEBUG|ArtifactScraper|Parsing artifact substat: def+19
2026-10-01 07:59:15.904|DEBUG|ArtifactScraper|Parsing artifact substat: hp+239
2026-10-01 07:59:15.904|DEBUG|ArtifactScraper|Parsing artifact substat: energyrecharge+5.2%
2026-10-01 07:59:15.904|DEBUG|ArtifactScraper|Parsing artifact substat: atk+14(unactivated)
2026-10-01 07:59:16.039|DEBUG|ArtifactScraper|Parsing artifact substat: hp+4.1%
2026-10-01 07:59:16.039|DEBUG|ArtifactScraper|Parsing artifact substat: critrate+3.1%
2026-10-01 07:59:16.039|DEBUG|ArtifactScraper|Parsing artifact substat: def+16
2026-10-01 07:59:16.039|DEBUG|ArtifactScraper|Parsing artifact substat: elementalmastery+16
2026-10-01 07:59:16.243|DEBUG|ArtifactScraper|Parsing artifact substat: def+5.8%
2026-10-01 07:59:16.243|DEBUG|ArtifactScraper|Parsing artifact substat: def+19
2026-10-01 07:59:16.243|DEBUG|ArtifactScraper|Parsing artifact substat: energyrecharge+6.5%
2026-10-01 07:59:16.243|DEBUG|ArtifactScraper|Parsing artifact substat: hp+299(unactivated)
2026-10-01 07:59:16.432|DEBUG|ArtifactScraper|Parsing artifact substat: def+16
2026-10-01 07:59:16.432|DEBUG|ArtifactScraper|Parsing artifact substat: hp+5.3%
2026-10-01 07:59:16.432|DEBUG|ArtifactScraper|Parsing artifact substat: critdmg+5.4%
2026-10-01 07:59:16.432|DEBUG|ArtifactScraper|Parsing artifact substat: atk+19(unactivated)
2026-10-01 07:59:16.559|DEBUG|ArtifactScraper|Parsing artifact substat: atk+18
2026-10-01 07:59:16.559|DEBUG|ArtifactScraper|Parsing artifact substat: atk+4.7%
2026-10-01 07:59:16.559|DEBUG|ArtifactScraper|Parsing artifact substat: hp+4.1%
2026-10-01 07:59:16.559|DEBUG|ArtifactScraper|Parsing artifact substat: critdmg+5.4%
2026-10-01 07:59:16.793|DEBUG|ArtifactScraper|Parsing artifact substat: atk+5.3%
2026-10-01 07:59:16.793|DEBUG|ArtifactScraper|Parsing artifact substat: def+23
2026-10-01 07:59:16.793|DEBUG|ArtifactScraper|Parsing artifact substat: critdmg+6.2%
2026-10-01 07:59:16.793|DEBUG|ArtifactScraper|Parsing artifact substat: atk+19(unactivated)
2026-10-01 07:59:16.936|DEBUG|ArtifactScraper|Parsing artifact substat: energyrecharge+5.8%
2026-10-01 07:59:16.936|DEBUG|ArtifactScraper|Parsing artifact substat: elementalmastery+21
2026-10-01 07:59:16.936|DEBUG|ArtifactScraper|Parsing artifact substat: def+23
2026-10-01 07:59:16.936|DEBUG|ArtifactScraper|Parsing artifact substat: atk+5.3%(unactivated)
2026-10-01 07:59:17.150|DEBUG|ArtifactScraper|Parsing artifact substat: hp+299
2026-10-01 07:59:17.150|DEBUG|ArtifactScraper|Parsing artifact substat: elementalmastery+21
2026-10-01 07:59:17.150|DEBUG|ArtifactScraper|Parsing artifact substat: def+6.6%
2026-10-01 07:59:17.150|DEBUG|ArtifactScraper|Parsing artifact substat: def+19(unactivated)
2026-10-01 07:59:17.301|DEBUG|ArtifactScraper|Parsing artifact substat: elementalmastery+19
2026-10-01 07:59:17.301|DEBUG|ArtifactScraper|Parsing artifact substat: hp+299
2026-10-01 07:59:17.301|DEBUG|ArtifactScraper|Parsing artifact substat: def+5.1%
2026-10-01 07:59:17.301|DEBUG|ArtifactScraper|Parsing artifact substat: atk+19
2026-10-01 07:59:17.452|DEBUG|ArtifactScraper|Parsing artifact substat: atk+18
2026-10-01 07:59:17.452|DEBUG|ArtifactScraper|Parsing artifact substat: elementalmastery+21
2026-10-01 07:59:17.452|DEBUG|ArtifactScraper|Parsing artifact substat: def+16
2026-10-01 07:59:17.452|DEBUG|ArtifactScraper|Parsing artifact substat: hp+269(unactivated)
2026-10-01 07:59:17.634|DEBUG|ArtifactScraper|Parsing artifact substat: critrate+3.1%
2026-10-01 07:59:17.634|DEBUG|ArtifactScraper|Parsing artifact substat: atk+18
2026-10-01 07:59:17.634|DEBUG|ArtifactScraper|Parsing artifact substat: hp+4.7%
2026-10-01 07:59:17.634|DEBUG|ArtifactScraper|Parsing artifact substat: critdmg+6.2%
2026-10-01 07:59:17.949|DEBUG|ArtifactScraper|Parsing artifact substat: elementalmastery+19
2026-10-01 07:59:17.949|DEBUG|ArtifactScraper|Parsing artifact substat: critrate+3.5%
2026-10-01 07:59:17.949|DEBUG|ArtifactScraper|Parsing artifact substat: energyrecharge+5.2%
2026-10-01 07:59:17.949|DEBUG|ArtifactScraper|Parsing artifact substat: atk+5.3%
2026-10-01 07:59:17.997|DEBUG|ArtifactScraper|Parsing artifact substat: def+7.3%
2026-10-01 07:59:17.997|DEBUG|ArtifactScraper|Parsing artifact substat: critrate+2.7%
2026-10-01 07:59:17.997|DEBUG|ArtifactScraper|Parsing artifact substat: energyrecharge+4.5%
2026-10-01 07:59:17.997|DEBUG|ArtifactScraper|Parsing artifact substat: elementalmastery+23
2026-10-01 07:59:18.323|DEBUG|ArtifactScraper|Parsing artifact substat: energyrecharge+5.8%
2026-10-01 07:59:18.323|DEBUG|ArtifactScraper|Parsing artifact substat: elementalmastery+19
2026-10-01 07:59:18.323|DEBUG|ArtifactScraper|Parsing artifact substat: atk+5.8%
2026-10-01 07:59:18.323|DEBUG|ArtifactScraper|Parsing artifact substat: atk+14
2026-10-01 07:59:18.355|DEBUG|ArtifactScraper|Parsing artifact substat: critdmg+5.4%
2026-10-01 07:59:18.355|DEBUG|ArtifactScraper|Parsing artifact substat: elementalmastery+23
2026-10-01 07:59:18.355|DEBUG|ArtifactScraper|Parsing artifact substat: def+21
2026-10-01 07:59:18.355|DEBUG|ArtifactScraper|Parsing artifact substat: atk+4.1%
2026-10-01 07:59:18.536|DEBUG|ArtifactScraper|Finished queuing page of artifacts. Scrolling...
2026-10-01 07:59:18.604|DEBUG|ArtifactScraper|Parsing artifact substat: critrate+3.1%
2026-10-01 07:59:18.604|DEBUG|ArtifactScraper|Parsing artifact substat: def+5.1%
2026-10-01 07:59:18.604|DEBUG|ArtifactScraper|Parsing artifact substat: critdmg+7.8%
2026-10-01 07:59:18.604|DEBUG|ArtifactScraper|Parsing artifact substat: def+23
2026-10-01 07:59:18.709|DEBUG|ArtifactScraper|Parsing artifact substat: elementalmastery+16
2026-10-01 07:59:18.709|DEBUG|ArtifactScraper|Parsing artifact substat: def+21
2026-10-01 07:59:18.709|DEBUG|ArtifactScraper|Parsing artifact substat: critdmg+7.8%
2026-10-01 07:59:18.709|DEBUG|ArtifactScraper|Parsing artifact substat: atk+14
2026-10-01 07:59:18.940|DEBUG|ArtifactScraper|Parsing artifact substat: critdmg+7.8%
2026-10-01 07:59:18.940|DEBUG|ArtifactScraper|Parsing artifact substat: def+21
2026-10-01 07:59:18.940|DEBUG|ArtifactScraper|Parsing artifact substat: elementalmastery+23
2026-10-01 07:59:18.940|DEBUG|ArtifactScraper|Parsing artifact substat: hp+4.7%
2026-10-01 07:59:21.016|DEBUG|ArtifactScraper|Scanning artifact page 34
2026-10-01 07:59:21.016|DEBUG|ArtifactScraper|Located 32 possible item locations on page.
2026-10-01 07:59:21.502|DEBUG|ArtifactScraper|Parsing artifact substat: critdmg+7.0%
2026-10-01 07:59:21.502|DEBUG|ArtifactScraper|Parsing artifact substat: energyrecharge+6.5%
2026-10-01 07:59:21.502|DEBUG|ArtifactScraper|Parsing artifact substat: def+6.6%
2026-10-01 07:59:21.502|DEBUG|ArtifactScraper|Parsing artifact substat: atk+4.7%
2026-10-01 07:59:21.842|DEBUG|ArtifactScraper|Parsing artifact substat: def+23
2026-10-01 07:59:21.842|DEBUG|ArtifactScraper|Parsing artifact substat: atk+18
2026-10-01 07:59:21.842|DEBUG|ArtifactScraper|Parsing artifact substat: atk+4.7%
2026-10-01 07:59:21.842|DEBUG|ArtifactScraper|Parsing artifact substat: elementalmastery+21
2026-10-01 07:59:21.882|DEBUG|ArtifactScraper|Parsing artifact substat: critrate+3.9%
2026-10-01 07:59:21.882|DEBUG|ArtifactScraper|Parsing artifact substat: hp+4.1%
2026-10-01 07:59:21.882|DEBUG|ArtifactScraper|Parsing artifact substat: atk+19
2026-10-01 07:59:21.882|DEBUG|ArtifactScraper|Parsing artifact substat: elementalmastery+23
2026-10-01 07:59:22.166|DEBUG|ArtifactScraper|Parsing artifact substat: atk+14
2026-10-01 07:59:22.166|DEBUG|ArtifactScraper|Parsing artifact substat: elementalmastery+16
2026-10-01 07:59:22.166|DEBUG|ArtifactScraper|Parsing artifact substat: atk+5.8%
2026-10-01 07:59:22.166|DEBUG|ArtifactScraper|Parsing artifact substat: def+16
2026-10-01 07:59:22.232|DEBUG|ArtifactScraper|Parsing artifact substat: critdmg+6.2%
2026-10-01 07:59:22.232|DEBUG|ArtifactScraper|Parsing artifact substat: def+16
2026-10-01 07:59:22.232|DEBUG|ArtifactScraper|Parsing artifact substat: atk+5.8%
2026-10-01 07:59:22.232|DEBUG|ArtifactScraper|Parsing artifact substat: critrate+3.9%
2026-10-01 07:59:22.518|DEBUG|ArtifactScraper|Parsing artifact substat: atk+14
2026-10-01 07:59:22.518|DEBUG|ArtifactScraper|Parsing artifact substat: hp+5.3%
2026-10-01 07:59:22.518|DEBUG|ArtifactScraper|Parsing artifact substat: atk+5.8%
2026-10-01 07:59:22.518|DEBUG|ArtifactScraper|Parsing artifact substat: elementalmastery+16
2026-10-01 07:59:22.625|DEBUG|ArtifactScraper|Parsing artifact substat: def+23
2026-10-01 07:59:22.625|DEBUG|ArtifactScraper|Parsing artifact substat: atk+5.8%
2026-10-01 07:59:22.625|DEBUG|ArtifactScraper|Parsing artifact substat: hp+4.1%
2026-10-01 07:59:22.625|DEBUG|ArtifactScraper|Parsing artifact substat: elementalmastery+16
2026-10-01 07:59:22.871|DEBUG|ArtifactScraper|Parsing artifact substat: energyrecharge+5.2%
2026-10-01 07:59:22.871|DEBUG|ArtifactScraper|Parsing artifact substat: critdmg+5.4%
2026-10-01 07:59:22.871|DEBUG|ArtifactScraper|Parsing artifact substat: atk+16
2026-10-01 07:59:22.871|DEBUG|ArtifactScraper|Parsing artifact substat: critrate+2.7%(unactivated)
2026-10-01 07:59:23.035|DEBUG|ArtifactScraper|Parsing artifact substat: hp+4.1%
2026-10-01 07:59:23.035|DEBUG|ArtifactScraper|Parsing artifact substat: energyrecharge+6.5%
2026-10-01 07:59:23.035|DEBUG|ArtifactScraper|Parsing artifact substat: def+7.3%
2026-10-01 07:59:23.035|DEBUG|ArtifactScraper|Parsing artifact substat: elementalmastery+16
2026-10-01 07:59:23.168|DEBUG|ArtifactScraper|Parsing artifact substat: def+16
2026-10-01 07:59:23.168|DEBUG|ArtifactScraper|Parsing artifact substat: hp+5.8%
2026-10-01 07:59:23.168|DEBUG|ArtifactScraper|Parsing artifact substat: atk+16
2026-10-01 07:59:23.168|DEBUG|ArtifactScraper|Parsing artifact substat: elementalmastery+21
2026-10-01 07:59:23.450|DEBUG|ArtifactScraper|Parsing artifact substat: critdmg+7.0%
2026-10-01 07:59:23.450|DEBUG|ArtifactScraper|Parsing artifact substat: def+19
2026-10-01 07:59:23.450|DEBUG|ArtifactScraper|Parsing artifact substat: atk+4.1%
2026-10-01 07:59:23.450|DEBUG|ArtifactScraper|Parsing artifact substat: hp+5.8%(unactivated)
2026-10-01 07:59:23.537|DEBUG|ArtifactScraper|Parsing artifact substat: atk+18
2026-10-01 07:59:23.537|DEBUG|ArtifactScraper|Parsing artifact substat: elementalmastery+19
2026-10-01 07:59:23.537|DEBUG|ArtifactScraper|Parsing artifact substat: atk+4.7%
2026-10-01 07:59:23.537|DEBUG|ArtifactScraper|Parsing artifact substat: def+5.1%(unactivated)
2026-10-01 07:59:23.889|DEBUG|ArtifactScraper|Parsing artifact substat: atk+5.3%
2026-10-01 07:59:23.889|DEBUG|ArtifactScraper|Parsing artifact substat: def+6.6%
2026-10-01 07:59:23.889|DEBUG|ArtifactScraper|Parsing artifact substat: energyrecharge+4.5%
2026-10-01 07:59:23.889|DEBUG|ArtifactScraper|Parsing artifact substat: critrate+3.5%(unactivated)
2026-10-01 07:59:23.898|DEBUG|ArtifactScraper|Parsing artifact substat: elementalmastery+19
2026-10-01 07:59:23.898|DEBUG|ArtifactScraper|Parsing artifact substat: energyrecharge+5.8%
2026-10-01 07:59:23.898|DEBUG|ArtifactScraper|Parsing artifact substat: def+6.6%
2026-10-01 07:59:23.898|DEBUG|ArtifactScraper|Parsing artifact substat: critrate+2.7%(unactivated)
2026-10-01 07:59:24.221|DEBUG|ArtifactScraper|Parsing artifact substat: energyrecharge+6.5%
2026-10-01 07:59:24.223|DEBUG|ArtifactScraper|Parsing artifact substat: atk+4.7%
2026-10-01 07:59:24.223|DEBUG|ArtifactScraper|Parsing artifact substat: def+5.1%
2026-10-01 07:59:24.223|DEBUG|ArtifactScraper|Parsing artifact substat: critrate+3.9%(unactivated)
2026-10-01 07:59:24.286|DEBUG|ArtifactScraper|Parsing artifact substat: hp+4.1%
2026-10-01 07:59:24.286|DEBUG|ArtifactScraper|Parsing artifact substat: def+23
2026-10-01 07:59:24.286|DEBUG|ArtifactScraper|Parsing artifact substat: critrate+2.7%
2026-10-01 07:59:24.286|DEBUG|ArtifactScraper|Parsing artifact substat: elementalmastery+16
2026-10-01 07:59:24.609|DEBUG|ArtifactScraper|Parsing artifact substat: def+7.3%
2026-10-01 07:59:24.609|DEBUG|ArtifactScraper|Parsing artifact substat: critdmg+7.0%
2026-10-01 07:59:24.609|DEBUG|ArtifactScraper|Parsing artifact substat: energyrecharge+5.8%
2026-10-01 07:59:24.609|DEBUG|ArtifactScraper|Parsing artifact substat: critrate+3.9%(unactivated)
2026-10-01 07:59:24.639|DEBUG|ArtifactScraper|Parsing artifact substat: energyrecharge+5.2%
2026-10-01 07:59:24.639|DEBUG|ArtifactScraper|Parsing artifact substat: atk+4.7%
2026-10-01 07:59:24.639|DEBUG|ArtifactScraper|Parsing artifact substat: atk+18
2026-10-01 07:59:24.639|DEBUG|ArtifactScraper|Parsing artifact substat: critdmg+6.2%(unactivated)
2026-10-01 07:59:24.989|DEBUG|ArtifactScraper|Parsing artifact substat: hp+4.1%
2026-10-01 07:59:24.989|DEBUG|ArtifactScraper|Parsing artifact substat: elementalmastery+23
2026-10-01 07:59:24.989|DEBUG|ArtifactScraper|Parsing artifact substat: atk+14
2026-10-01 07:59:24.989|DEBUG|ArtifactScraper|Parsing artifact substat: critrate+3.5%(unactivated)
2026-10-01 07:59:25.067|DEBUG|ArtifactScraper|Parsing artifact substat: energyrecharge+5.8%
2026-10-01 07:59:25.067|DEBUG|ArtifactScraper|Parsing artifact substat: elementalmastery+19
2026-10-01 07:59:25.067|DEBUG|ArtifactScraper|Parsing artifact substat: atk+4.7%
2026-10-01 07:59:25.067|DEBUG|ArtifactScraper|Parsing artifact substat: atk+19(unactivated)
2026-10-01 07:59:25.348|DEBUG|ArtifactScraper|Parsing artifact substat: critdmg+7.0%
2026-10-01 07:59:25.348|DEBUG|ArtifactScraper|Parsing artifact substat: elementalmastery+19
2026-10-01 07:59:25.348|DEBUG|ArtifactScraper|Parsing artifact substat: def+5.1%
2026-10-01 07:59:25.348|DEBUG|ArtifactScraper|Parsing artifact substat: atk+16(unactivated)
2026-10-01 07:59:25.439|DEBUG|ArtifactScraper|Parsing artifact substat: atk+19
2026-10-01 07:59:25.439|DEBUG|ArtifactScraper|Parsing artifact substat: elementalmastery+21
2026-10-01 07:59:25.439|DEBUG|ArtifactScraper|Parsing artifact substat: critdmg+7.8%
2026-10-01 07:59:25.439|DEBUG|ArtifactScraper|Parsing artifact substat: energyrecharge+4.5%
2026-10-01 07:59:25.770|DEBUG|ArtifactScraper|Parsing artifact substat: critdmg+7.0%
2026-10-01 07:59:25.770|DEBUG|ArtifactScraper|Parsing artifact substat: elementalmastery+16
2026-10-01 07:59:25.770|DEBUG|ArtifactScraper|Parsing artifact substat: def+16
2026-10-01 07:59:25.770|DEBUG|ArtifactScraper|Parsing artifact substat: hp+4.7%(unactivated)
2026-10-01 07:59:25.799|DEBUG|ArtifactScraper|Parsing artifact substat: critdmg+6.2%
2026-10-01 07:59:25.799|DEBUG|ArtifactScraper|Parsing artifact substat: energyrecharge+5.2%
2026-10-01 07:59:25.799|DEBUG|ArtifactScraper|Parsing artifact substat: def+7.3%
2026-10-01 07:59:25.799|DEBUG|ArtifactScraper|Parsing artifact substat: critrate+3.5%(unactivated)
2026-10-01 07:59:26.118|DEBUG|ArtifactScraper|Parsing artifact substat: hp+5.8%
2026-10-01 07:59:26.118|DEBUG|ArtifactScraper|Parsing artifact substat: critrate+3.5%
2026-10-01 07:59:26.118|DEBUG|ArtifactScraper|Parsing artifact substat: critdmg+6.2%
2026-10-01 07:59:26.118|DEBUG|ArtifactScraper|Parsing artifact substat: atk+4.7%(unactivated)
2026-10-01 07:59:26.175|DEBUG|ArtifactScraper|Parsing artifact substat: def+5.1%
2026-10-01 07:59:26.175|DEBUG|ArtifactScraper|Parsing artifact substat: def+21
2026-10-01 07:59:26.175|DEBUG|ArtifactScraper|Parsing artifact substat: critrate+2.7%
2026-10-01 07:59:26.175|DEBUG|ArtifactScraper|Parsing artifact substat: critdmg+5.4%(unactivated)
2026-10-01 07:59:26.508|DEBUG|ArtifactScraper|Parsing artifact substat: energyrecharge+5.8%
2026-10-01 07:59:26.508|DEBUG|ArtifactScraper|Parsing artifact substat: atk+14
2026-10-01 07:59:26.508|DEBUG|ArtifactScraper|Parsing artifact substat: elementalmastery+21
2026-10-01 07:59:26.508|DEBUG|ArtifactScraper|Parsing artifact substat: critdmg+7.0%(unactivated)
2026-10-01 07:59:26.549|DEBUG|ArtifactScraper|Parsing artifact substat: def+16
2026-10-01 07:59:26.549|DEBUG|ArtifactScraper|Parsing artifact substat: critrate+3.9%
2026-10-01 07:59:26.549|DEBUG|ArtifactScraper|Parsing artifact substat: elementalmastery+16
2026-10-01 07:59:26.549|DEBUG|ArtifactScraper|Parsing artifact substat: hp+4.1%(unactivated)
2026-10-01 07:59:26.800|DEBUG|ArtifactScraper|Finished queuing page of artifacts. Scrolling...
2026-10-01 07:59:26.913|DEBUG|ArtifactScraper|Parsing artifact substat: hp+4.1%
2026-10-01 07:59:26.913|DEBUG|ArtifactScraper|Parsing artifact substat: critrate+3.1%
2026-10-01 07:59:26.913|DEBUG|ArtifactScraper|Parsing artifact substat: critdmg+6.2%
2026-10-01 07:59:26.913|DEBUG|ArtifactScraper|Parsing artifact substat: atk+19(unactivated)
2026-10-01 07:59:26.978|DEBUG|ArtifactScraper|Parsing artifact substat: def+23
2026-10-01 07:59:26.978|DEBUG|ArtifactScraper|Parsing artifact substat: atk+5.3%
2026-10-01 07:59:26.978|DEBUG|ArtifactScraper|Parsing artifact substat: hp+4.7%
2026-10-01 07:59:26.978|DEBUG|ArtifactScraper|Parsing artifact substat: critrate+3.5%(unactivated)
2026-10-01 07:59:27.046|DEBUG|ArtifactScraper|Parsing artifact substat: def+16
2026-10-01 07:59:27.046|DEBUG|ArtifactScraper|Parsing artifact substat: elementalmastery+16
2026-10-01 07:59:27.046|DEBUG|ArtifactScraper|Parsing artifact substat: critdmg+7.0%
2026-10-01 07:59:27.046|DEBUG|ArtifactScraper|Parsing artifact substat: critrate+3.5%(unactivated)
2026-10-01 07:59:27.286|DEBUG|ArtifactScraper|Parsing artifact substat: def+21
2026-10-01 07:59:27.286|DEBUG|ArtifactScraper|Parsing artifact substat: atk+5.8%
2026-10-01 07:59:27.286|DEBUG|ArtifactScraper|Parsing artifact substat: energyrecharge+6.5%
2026-10-01 07:59:27.286|DEBUG|ArtifactScraper|Parsing artifact substat: elementalmastery+19
2026-10-01 07:59:29.211|DEBUG|ArtifactScraper|Scanning artifact page 35
2026-10-01 07:59:29.211|DEBUG|ArtifactScraper|Located 32 possible item locations on page.
2026-10-01 07:59:29.645|DEBUG|ArtifactScraper|Parsing artifact substat: elementalmastery+21
2026-10-01 07:59:29.645|DEBUG|ArtifactScraper|Parsing artifact substat: critdmg+7.8%
2026-10-01 07:59:29.645|DEBUG|ArtifactScraper|Parsing artifact substat: atk+16
2026-10-01 07:59:29.645|DEBUG|ArtifactScraper|Parsing artifact substat: energyrecharge+6.5%
2026-10-01 07:59:30.028|DEBUG|ArtifactScraper|Parsing artifact substat: elementalmastery+23
2026-10-01 07:59:30.028|DEBUG|ArtifactScraper|Parsing artifact substat: atk+5.3%
2026-10-01 07:59:30.028|DEBUG|ArtifactScraper|Parsing artifact substat: hp+4.7%
2026-10-01 07:59:30.028|DEBUG|ArtifactScraper|Parsing artifact substat: def+21(unactivated)
2026-10-01 07:59:30.049|DEBUG|ArtifactScraper|Parsing artifact substat: elementalmastery+19
2026-10-01 07:59:30.049|DEBUG|ArtifactScraper|Parsing artifact substat: energyrecharge+5.2%
2026-10-01 07:59:30.049|DEBUG|ArtifactScraper|Parsing artifact substat: atk+19
2026-10-01 07:59:30.049|DEBUG|ArtifactScraper|Parsing artifact substat: critdmg+6.2%(unactivated)
2026-10-01 07:59:30.387|DEBUG|ArtifactScraper|Parsing artifact substat: atk+18
2026-10-01 07:59:30.387|DEBUG|ArtifactScraper|Parsing artifact substat: elementalmastery+19
2026-10-01 07:59:30.387|DEBUG|ArtifactScraper|Parsing artifact substat: critrate+2.7%
2026-10-01 07:59:30.387|DEBUG|ArtifactScraper|Parsing artifact substat: energyrecharge+5.2%
2026-10-01 07:59:30.457|DEBUG|ArtifactScraper|Parsing artifact substat: critrate+3.1%
2026-10-01 07:59:30.457|DEBUG|ArtifactScraper|Parsing artifact substat: atk+5.3%
2026-10-01 07:59:30.457|DEBUG|ArtifactScraper|Parsing artifact substat: energyrecharge+5.2%
2026-10-01 07:59:30.457|DEBUG|ArtifactScraper|Parsing artifact substat: def+21(unactivated)
2026-10-01 07:59:30.731|DEBUG|ArtifactScraper|Parsing artifact substat: def+16
2026-10-01 07:59:30.731|DEBUG|ArtifactScraper|Parsing artifact substat: critdmg+6.2%
2026-10-01 07:59:30.731|DEBUG|ArtifactScraper|Parsing artifact substat: hp+5.8%
2026-10-01 07:59:30.731|DEBUG|ArtifactScraper|Parsing artifact substat: critrate+3.9%(unactivated)
2026-10-01 07:59:30.783|DEBUG|ArtifactScraper|Parsing artifact substat: atk+5.3%
2026-10-01 07:59:30.783|DEBUG|ArtifactScraper|Parsing artifact substat: critrate+3.1%
2026-10-01 07:59:30.783|DEBUG|ArtifactScraper|Parsing artifact substat: hp+5.8%
2026-10-01 07:59:30.783|DEBUG|ArtifactScraper|Parsing artifact substat: atk+18(unactivated)
2026-10-01 07:59:31.121|DEBUG|ArtifactScraper|Parsing artifact substat: critrate+3.5%
2026-10-01 07:59:31.121|DEBUG|ArtifactScraper|Parsing artifact substat: critdmg+7.0%
2026-10-01 07:59:31.121|DEBUG|ArtifactScraper|Parsing artifact substat: atk+16
2026-10-01 07:59:31.121|DEBUG|ArtifactScraper|Parsing artifact substat: elementalmastery+21
2026-10-01 07:59:31.147|DEBUG|ArtifactScraper|Parsing artifact substat: critrate+3.1%
2026-10-01 07:59:31.147|DEBUG|ArtifactScraper|Parsing artifact substat: atk+16
2026-10-01 07:59:31.147|DEBUG|ArtifactScraper|Parsing artifact substat: critdmg+7.0%
2026-10-01 07:59:31.147|DEBUG|ArtifactScraper|Parsing artifact substat: def+19(unactivated)
2026-10-01 07:59:31.453|DEBUG|ArtifactScraper|Parsing artifact substat: atk+14
2026-10-01 07:59:31.453|DEBUG|ArtifactScraper|Parsing artifact substat: energyrecharge+6.5%
2026-10-01 07:59:31.453|DEBUG|ArtifactScraper|Parsing artifact substat: critrate+3.1%
2026-10-01 07:59:31.453|DEBUG|ArtifactScraper|Parsing artifact substat: elementalmastery+21
2026-10-01 07:59:31.494|DEBUG|ArtifactScraper|Parsing artifact substat: energyrecharge+5.8%
2026-10-01 07:59:31.494|DEBUG|ArtifactScraper|Parsing artifact substat: hp+4.1%
2026-10-01 07:59:31.494|DEBUG|ArtifactScraper|Parsing artifact substat: atk+5.8%
2026-10-01 07:59:31.494|DEBUG|ArtifactScraper|Parsing artifact substat: atk+18
2026-10-01 07:59:31.808|DEBUG|ArtifactScraper|Parsing artifact substat: elementalmastery+19
2026-10-01 07:59:31.808|DEBUG|ArtifactScraper|Parsing artifact substat: def+5.8%
2026-10-01 07:59:31.808|DEBUG|ArtifactScraper|Parsing artifact substat: atk+16
2026-10-01 07:59:31.808|DEBUG|ArtifactScraper|Parsing artifact substat: def+23
2026-10-01 07:59:31.856|DEBUG|ArtifactScraper|Parsing artifact substat: def+5.1%
2026-10-01 07:59:31.856|DEBUG|ArtifactScraper|Parsing artifact substat: energyrecharge+5.2%
2026-10-01 07:59:31.856|DEBUG|ArtifactScraper|Parsing artifact substat: critdmg+7.8%
2026-10-01 07:59:31.856|DEBUG|ArtifactScraper|Parsing artifact substat: atk+18
2026-10-01 07:59:32.174|DEBUG|ArtifactScraper|Parsing artifact substat: energyrecharge+4.5%
2026-10-01 07:59:32.174|DEBUG|ArtifactScraper|Parsing artifact substat: hp+4.7%
2026-10-01 07:59:32.174|DEBUG|ArtifactScraper|Parsing artifact substat: atk+19
2026-10-01 07:59:32.174|DEBUG|ArtifactScraper|Parsing artifact substat: elementalmastery+21
2026-10-01 07:59:32.187|DEBUG|ArtifactScraper|Parsing artifact substat: def+5.8%
2026-10-01 07:59:32.187|DEBUG|ArtifactScraper|Parsing artifact substat: atk+4.1%
2026-10-01 07:59:32.187|DEBUG|ArtifactScraper|Parsing artifact substat: def+21
2026-10-01 07:59:32.187|DEBUG|ArtifactScraper|Parsing artifact substat: hp+5.8%
2026-10-01 07:59:32.477|DEBUG|ArtifactScraper|Parsing artifact substat: def+7.3%
2026-10-01 07:59:32.477|DEBUG|ArtifactScraper|Parsing artifact substat: atk+14
2026-10-01 07:59:32.477|DEBUG|ArtifactScraper|Parsing artifact substat: def+21
2026-10-01 07:59:32.477|DEBUG|ArtifactScraper|Parsing artifact substat: hp+5.8%
2026-10-01 07:59:32.584|DEBUG|ArtifactScraper|Parsing artifact substat: atk+16
2026-10-01 07:59:32.584|DEBUG|ArtifactScraper|Parsing artifact substat: def+16
2026-10-01 07:59:32.584|DEBUG|ArtifactScraper|Parsing artifact substat: energyrecharge+6.5%
2026-10-01 07:59:32.584|DEBUG|ArtifactScraper|Parsing artifact substat: critdmg+5.4%
2026-10-01 07:59:32.821|DEBUG|ArtifactScraper|Parsing artifact substat: hp+4.7%
2026-10-01 07:59:32.821|DEBUG|ArtifactScraper|Parsing artifact substat: def+5.8%
2026-10-01 07:59:32.821|DEBUG|ArtifactScraper|Parsing artifact substat: atk+5.3%
2026-10-01 07:59:32.821|DEBUG|ArtifactScraper|Parsing artifact substat: atk+16
2026-10-01 07:59:32.894|DEBUG|ArtifactScraper|Parsing artifact substat: def+23
2026-10-01 07:59:32.894|DEBUG|ArtifactScraper|Parsing artifact substat: atk+4.1%
2026-10-01 07:59:32.894|DEBUG|ArtifactScraper|Parsing artifact substat: atk+19
2026-10-01 07:59:32.894|DEBUG|ArtifactScraper|Parsing artifact substat: energyrecharge+6.5%
2026-10-01 07:59:33.234|DEBUG|ArtifactScraper|Parsing artifact substat: atk+18
2026-10-01 07:59:33.234|DEBUG|ArtifactScraper|Parsing artifact substat: energyrecharge+6.5%
2026-10-01 07:59:33.234|DEBUG|ArtifactScraper|Parsing artifact substat: hp+4.1%
2026-10-01 07:59:33.234|DEBUG|ArtifactScraper|Parsing artifact substat: elementalmastery+16
2026-10-01 07:59:33.248|DEBUG|ArtifactScraper|Parsing artifact substat: energyrecharge+6.5%
2026-10-01 07:59:33.248|DEBUG|ArtifactScraper|Parsing artifact substat: atk+14
2026-10-01 07:59:33.248|DEBUG|ArtifactScraper|Parsing artifact substat: def+7.3%
2026-10-01 07:59:33.248|DEBUG|ArtifactScraper|Parsing artifact substat: atk+4.1%
2026-10-01 07:59:33.577|DEBUG|ArtifactScraper|Parsing artifact substat: atk+19
2026-10-01 07:59:33.577|DEBUG|ArtifactScraper|Parsing artifact substat: critrate+3.9%
2026-10-01 07:59:33.577|DEBUG|ArtifactScraper|Parsing artifact substat: def+21
2026-10-01 07:59:33.577|DEBUG|ArtifactScraper|Parsing artifact substat: energyrecharge+5.2%
2026-10-01 07:59:33.657|DEBUG|ArtifactScraper|Parsing artifact substat: critrate+3.9%
2026-10-01 07:59:33.657|DEBUG|ArtifactScraper|Parsing artifact substat: hp+5.8%
2026-10-01 07:59:33.657|DEBUG|ArtifactScraper|Parsing artifact substat: def+5.1%
2026-10-01 07:59:33.657|DEBUG|ArtifactScraper|Parsing artifact substat: def+19(unactivated)
2026-10-01 07:59:33.952|DEBUG|ArtifactScraper|Parsing artifact substat: def+21
2026-10-01 07:59:33.952|DEBUG|ArtifactScraper|Parsing artifact substat: energyrecharge+4.5%
2026-10-01 07:59:33.952|DEBUG|ArtifactScraper|Parsing artifact substat: critdmg+7.0%
2026-10-01 07:59:33.952|DEBUG|ArtifactScraper|Parsing artifact substat: hp+5.8%(unactivated)
2026-10-01 07:59:34.005|DEBUG|ArtifactScraper|Parsing artifact substat: atk+4.1%
2026-10-01 07:59:34.005|DEBUG|ArtifactScraper|Parsing artifact substat: def+19
2026-10-01 07:59:34.005|DEBUG|ArtifactScraper|Parsing artifact substat: energyrecharge+6.5%
2026-10-01 07:59:34.005|DEBUG|ArtifactScraper|Parsing artifact substat: def+5.1%(unactivated)
2026-10-01 07:59:34.323|DEBUG|ArtifactScraper|Parsing artifact substat: def+5.1%
2026-10-01 07:59:34.323|DEBUG|ArtifactScraper|Parsing artifact substat: critrate+3.5%
2026-10-01 07:59:34.323|DEBUG|ArtifactScraper|Parsing artifact substat: def+23
2026-10-01 07:59:34.323|DEBUG|ArtifactScraper|Parsing artifact substat: atk+16(unactivated)
2026-10-01 07:59:34.381|DEBUG|ArtifactScraper|Parsing artifact substat: hp+5.8%
2026-10-01 07:59:34.381|DEBUG|ArtifactScraper|Parsing artifact substat: energyrecharge+5.8%
2026-10-01 07:59:34.381|DEBUG|ArtifactScraper|Parsing artifact substat: critrate+3.5%
2026-10-01 07:59:34.381|DEBUG|ArtifactScraper|Parsing artifact substat: def+7.3%(unactivated)
2026-10-01 07:59:34.736|DEBUG|ArtifactScraper|Parsing artifact substat: def+23
2026-10-01 07:59:34.736|DEBUG|ArtifactScraper|Parsing artifact substat: atk+19
2026-10-01 07:59:34.736|DEBUG|ArtifactScraper|Parsing artifact substat: energyrecharge+4.5%
2026-10-01 07:59:34.736|DEBUG|ArtifactScraper|Parsing artifact substat: elementalmastery+16
2026-10-01 07:59:34.776|DEBUG|ArtifactScraper|Parsing artifact substat: def+6.6%
2026-10-01 07:59:34.776|DEBUG|ArtifactScraper|Parsing artifact substat: atk+19
2026-10-01 07:59:34.776|DEBUG|ArtifactScraper|Parsing artifact substat: atk+5.3%
2026-10-01 07:59:34.776|DEBUG|ArtifactScraper|Parsing artifact substat: def+23(unactivated)
2026-10-01 07:59:34.886|DEBUG|ArtifactScraper|Finished queuing page of artifacts. Scrolling...
2026-10-01 07:59:35.066|DEBUG|ArtifactScraper|Parsing artifact substat: atk+18
2026-10-01 07:59:35.067|DEBUG|ArtifactScraper|Parsing artifact substat: energyrecharge+6.5%
2026-10-01 07:59:35.067|DEBUG|ArtifactScraper|Parsing artifact substat: hp+5.8%
2026-10-01 07:59:35.067|DEBUG|ArtifactScraper|Parsing artifact substat: critrate+3.1%(unactivated)
2026-10-01 07:59:35.109|DEBUG|ArtifactScraper|Parsing artifact substat: atk+19
2026-10-01 07:59:35.109|DEBUG|ArtifactScraper|Parsing artifact substat: def+7.3%
2026-10-01 07:59:35.109|DEBUG|ArtifactScraper|Parsing artifact substat: def+21
2026-10-01 07:59:35.109|DEBUG|ArtifactScraper|Parsing artifact substat: critdmg+7.0%(unactivated)
2026-10-01 07:59:35.364|DEBUG|ArtifactScraper|Parsing artifact substat: atk+16
2026-10-01 07:59:35.364|DEBUG|ArtifactScraper|Parsing artifact substat: hp+4.7%
2026-10-01 07:59:35.364|DEBUG|ArtifactScraper|Parsing artifact substat: energyrecharge+5.8%
2026-10-01 07:59:35.364|DEBUG|ArtifactScraper|Parsing artifact substat: def+21(unactivated)
2026-10-01 07:59:36.961|DEBUG|ArtifactScraper|Scanning artifact page 36
2026-10-01 07:59:36.961|DEBUG|ArtifactScraper|Located 32 possible item locations on page.
2026-10-01 07:59:37.415|DEBUG|ArtifactScraper|Parsing artifact substat: def+16
2026-10-01 07:59:37.415|DEBUG|ArtifactScraper|Parsing artifact substat: critdmg+6.2%
2026-10-01 07:59:37.415|DEBUG|ArtifactScraper|Parsing artifact substat: def+6.6%
2026-10-01 07:59:37.415|DEBUG|ArtifactScraper|Parsing artifact substat: hp+4.7%(unactivated)
2026-10-01 07:59:37.696|DEBUG|ArtifactScraper|Parsing artifact substat: def+5.1%
2026-10-01 07:59:37.696|DEBUG|ArtifactScraper|Parsing artifact substat: atk+5.8%
2026-10-01 07:59:37.696|DEBUG|ArtifactScraper|Parsing artifact substat: def+21
2026-10-01 07:59:37.696|DEBUG|ArtifactScraper|Parsing artifact substat: atk+18(unactivated)
2026-10-01 07:59:37.779|DEBUG|ArtifactScraper|Parsing artifact substat: def+5.8%
2026-10-01 07:59:37.779|DEBUG|ArtifactScraper|Parsing artifact substat: atk+19
2026-10-01 07:59:37.779|DEBUG|ArtifactScraper|Parsing artifact substat: elementalmastery+23
2026-10-01 07:59:37.779|DEBUG|ArtifactScraper|Parsing artifact substat: def+19(unactivated)
2026-10-01 07:59:38.053|DEBUG|ArtifactScraper|Parsing artifact substat: critrate+2.7%
2026-10-01 07:59:38.053|DEBUG|ArtifactScraper|Parsing artifact substat: energyrecharge+5.2%
2026-10-01 07:59:38.053|DEBUG|ArtifactScraper|Parsing artifact substat: hp+5.8%
2026-10-01 07:59:38.053|DEBUG|ArtifactScraper|Parsing artifact substat: def+5.8%(unactivated)
2026-10-01 07:59:38.097|DEBUG|ArtifactScraper|Parsing artifact substat: def+16
2026-10-01 07:59:38.097|DEBUG|ArtifactScraper|Parsing artifact substat: elementalmastery+21
2026-10-01 07:59:38.097|DEBUG|ArtifactScraper|Parsing artifact substat: energyrecharge+5.8%
2026-10-01 07:59:38.097|DEBUG|ArtifactScraper|Parsing artifact substat: hp+5.8%(unactivated)
2026-10-01 07:59:38.409|DEBUG|ArtifactScraper|Parsing artifact substat: energyrecharge+5.2%
2026-10-01 07:59:38.409|DEBUG|ArtifactScraper|Parsing artifact substat: def+19
2026-10-01 07:59:38.409|DEBUG|ArtifactScraper|Parsing artifact substat: critdmg+6.2%
2026-10-01 07:59:38.409|DEBUG|ArtifactScraper|Parsing artifact substat: def+7.3%(unactivated)
2026-10-01 07:59:38.427|DEBUG|ArtifactScraper|Parsing artifact substat: atk+4.1%
2026-10-01 07:59:38.427|DEBUG|ArtifactScraper|Parsing artifact substat: def+7.3%
2026-10-01 07:59:38.427|DEBUG|ArtifactScraper|Parsing artifact substat: def+23
2026-10-01 07:59:38.427|DEBUG|ArtifactScraper|Parsing artifact substat: critrate+3.9%
2026-10-01 07:59:38.677|DEBUG|ArtifactScraper|Parsing artifact substat: def+5.1%
2026-10-01 07:59:38.677|DEBUG|ArtifactScraper|Parsing artifact substat: critrate+3.5%
2026-10-01 07:59:38.677|DEBUG|ArtifactScraper|Parsing artifact substat: hp+5.3%
2026-10-01 07:59:38.677|DEBUG|ArtifactScraper|Parsing artifact substat: elementalmastery+21
2026-10-01 07:59:38.779|DEBUG|ArtifactScraper|Parsing artifact substat: def+16
2026-10-01 07:59:38.779|DEBUG|ArtifactScraper|Parsing artifact substat: atk+4.7%
2026-10-01 07:59:38.779|DEBUG|ArtifactScraper|Parsing artifact substat: critrate+3.5%
2026-10-01 07:59:38.779|DEBUG|ArtifactScraper|Parsing artifact substat: critdmg+7.0%
2026-10-01 07:59:39.045|DEBUG|ArtifactScraper|Parsing artifact substat: atk+5.3%
2026-10-01 07:59:39.045|DEBUG|ArtifactScraper|Parsing artifact substat: def+5.1%
2026-10-01 07:59:39.045|DEBUG|ArtifactScraper|Parsing artifact substat: critdmg+6.2%
2026-10-01 07:59:39.045|DEBUG|ArtifactScraper|Parsing artifact substat: elementalmastery+23
2026-10-01 07:59:39.135|DEBUG|ArtifactScraper|Parsing artifact substat: hp+4.7%
2026-10-01 07:59:39.135|DEBUG|ArtifactScraper|Parsing artifact substat: hp+269
2026-10-01 07:59:39.135|DEBUG|ArtifactScraper|Parsing artifact substat: atk+5.8%
2026-10-01 07:59:39.135|DEBUG|ArtifactScraper|Parsing artifact substat: elementalmastery+19
2026-10-01 07:59:39.307|DEBUG|ArtifactScraper|Parsing artifact substat: hp+269
2026-10-01 07:59:39.307|DEBUG|ArtifactScraper|Parsing artifact substat: atk+4.1%
2026-10-01 07:59:39.307|DEBUG|ArtifactScraper|Parsing artifact substat: elementalmastery+16
2026-10-01 07:59:39.307|DEBUG|ArtifactScraper|Parsing artifact substat: def+19
2026-10-01 07:59:39.491|DEBUG|ArtifactScraper|Parsing artifact substat: hp+4.7%
2026-10-01 07:59:39.491|DEBUG|ArtifactScraper|Parsing artifact substat: elementalmastery+23
2026-10-01 07:59:39.491|DEBUG|ArtifactScraper|Parsing artifact substat: atk+4.1%
2026-10-01 07:59:39.491|DEBUG|ArtifactScraper|Parsing artifact substat: energyrecharge+4.5%
2026-10-01 07:59:39.663|DEBUG|ArtifactScraper|Parsing artifact substat: hp+239
2026-10-01 07:59:39.663|DEBUG|ArtifactScraper|Parsing artifact substat: critdmg+7.8%
2026-10-01 07:59:39.663|DEBUG|ArtifactScraper|Parsing artifact substat: elementalmastery+19
2026-10-01 07:59:39.663|DEBUG|ArtifactScraper|Parsing artifact substat: energyrecharge+5.2%
2026-10-01 07:59:39.839|DEBUG|ArtifactScraper|Parsing artifact substat: hp+239
2026-10-01 07:59:39.839|DEBUG|ArtifactScraper|Parsing artifact substat: elementalmastery+21
2026-10-01 07:59:39.839|DEBUG|ArtifactScraper|Parsing artifact substat: atk+4.7%
2026-10-01 07:59:39.839|DEBUG|ArtifactScraper|Parsing artifact substat: energyrecharge+6.5%
2026-10-01 07:59:40.020|DEBUG|ArtifactScraper|Parsing artifact substat: hp+209
2026-10-01 07:59:40.020|DEBUG|ArtifactScraper|Parsing artifact substat: atk+4.7%
2026-10-01 07:59:40.020|DEBUG|ArtifactScraper|Parsing artifact substat: elementalmastery+23
2026-10-01 07:59:40.020|DEBUG|ArtifactScraper|Parsing artifact substat: critrate+3.5%
2026-10-01 07:59:40.164|DEBUG|ArtifactScraper|Parsing artifact substat: hp+299
2026-10-01 07:59:40.164|DEBUG|ArtifactScraper|Parsing artifact substat: critrate+3.1%
2026-10-01 07:59:40.164|DEBUG|ArtifactScraper|Parsing artifact substat: def+5.8%
2026-10-01 07:59:40.164|DEBUG|ArtifactScraper|Parsing artifact substat: atk+5.8%
2026-10-01 07:59:40.385|DEBUG|ArtifactScraper|Parsing artifact substat: critdmg+5.4%
2026-10-01 07:59:40.385|DEBUG|ArtifactScraper|Parsing artifact substat: atk+4.1%
2026-10-01 07:59:40.385|DEBUG|ArtifactScraper|Parsing artifact substat: hp+209
2026-10-01 07:59:40.385|DEBUG|ArtifactScraper|Parsing artifact substat: def+6.6%
2026-10-01 07:59:40.548|DEBUG|ArtifactScraper|Parsing artifact substat: hp+209
2026-10-01 07:59:40.548|DEBUG|ArtifactScraper|Parsing artifact substat: elementalmastery+19
2026-10-01 07:59:40.548|DEBUG|ArtifactScraper|Parsing artifact substat: critrate+3.5%
2026-10-01 07:59:40.548|DEBUG|ArtifactScraper|Parsing artifact substat: def+19
2026-10-01 07:59:40.730|DEBUG|ArtifactScraper|Parsing artifact substat: critdmg+6.2%
2026-10-01 07:59:40.730|DEBUG|ArtifactScraper|Parsing artifact substat: energyrecharge+4.5%
2026-10-01 07:59:40.730|DEBUG|ArtifactScraper|Parsing artifact substat: elementalmastery+23
2026-10-01 07:59:40.730|DEBUG|ArtifactScraper|Parsing artifact substat: atk+4.7%
2026-10-01 07:59:40.857|DEBUG|ArtifactScraper|Parsing artifact substat: critrate+3.9%
2026-10-01 07:59:40.857|DEBUG|ArtifactScraper|Parsing artifact substat: def+23
2026-10-01 07:59:40.857|DEBUG|ArtifactScraper|Parsing artifact substat: def+6.6%
2026-10-01 07:59:40.857|DEBUG|ArtifactScraper|Parsing artifact substat: atk+4.7%
2026-10-01 07:59:41.076|DEBUG|ArtifactScraper|Parsing artifact substat: critdmg+5.4%
2026-10-01 07:59:41.076|DEBUG|ArtifactScraper|Parsing artifact substat: def+5.8%
2026-10-01 07:59:41.076|DEBUG|ArtifactScraper|Parsing artifact substat: critrate+2.7%
2026-10-01 07:59:41.076|DEBUG|ArtifactScraper|Parsing artifact substat: hp+4.7%
2026-10-01 07:59:41.236|DEBUG|ArtifactScraper|Parsing artifact substat: hp+239
2026-10-01 07:59:41.236|DEBUG|ArtifactScraper|Parsing artifact substat: critrate+3.9%
2026-10-01 07:59:41.236|DEBUG|ArtifactScraper|Parsing artifact substat: atk+5.3%
2026-10-01 07:59:41.236|DEBUG|ArtifactScraper|Parsing artifact substat: critdmg+5.4%
2026-10-01 07:59:41.426|DEBUG|ArtifactScraper|Parsing artifact substat: elementalmastery+21
2026-10-01 07:59:41.426|DEBUG|ArtifactScraper|Parsing artifact substat: energyrecharge+5.2%
2026-10-01 07:59:41.426|DEBUG|ArtifactScraper|Parsing artifact substat: critrate+3.9%
2026-10-01 07:59:41.426|DEBUG|ArtifactScraper|Parsing artifact substat: atk+5.8%
2026-10-01 07:59:41.703|DEBUG|ArtifactScraper|Parsing artifact substat: atk+5.3%
2026-10-01 07:59:41.703|DEBUG|ArtifactScraper|Parsing artifact substat: def+16
2026-10-01 07:59:41.703|DEBUG|ArtifactScraper|Parsing artifact substat: elementalmastery+23
2026-10-01 07:59:41.703|DEBUG|ArtifactScraper|Parsing artifact substat: hp+5.3%
2026-10-01 07:59:41.856|DEBUG|ArtifactScraper|Parsing artifact substat: atk+4.7%
2026-10-01 07:59:41.856|DEBUG|ArtifactScraper|Parsing artifact substat: critdmg+6.2%
2026-10-01 07:59:41.856|DEBUG|ArtifactScraper|Parsing artifact substat: elementalmastery+23
2026-10-01 07:59:41.856|DEBUG|ArtifactScraper|Parsing artifact substat: def+21(unactivated)
2026-10-01 07:59:42.078|DEBUG|ArtifactScraper|Parsing artifact substat: elementalmastery+23
2026-10-01 07:59:42.078|DEBUG|ArtifactScraper|Parsing artifact substat: atk+5.8%
2026-10-01 07:59:42.078|DEBUG|ArtifactScraper|Parsing artifact substat: critdmg+6.2%
2026-10-01 07:59:42.078|DEBUG|ArtifactScraper|Parsing artifact substat: def+6.6%(unactivated)
2026-10-01 07:59:42.227|DEBUG|ArtifactScraper|Parsing artifact substat: elementalmastery+19
2026-10-01 07:59:42.227|DEBUG|ArtifactScraper|Parsing artifact substat: hp+5.8%
2026-10-01 07:59:42.227|DEBUG|ArtifactScraper|Parsing artifact substat: def+21
2026-10-01 07:59:42.227|DEBUG|ArtifactScraper|Parsing artifact substat: hp+299(unactivated)
2026-10-01 07:59:42.340|DEBUG|ArtifactScraper|Parsing artifact substat: critrate+3.9%
2026-10-01 07:59:42.340|DEBUG|ArtifactScraper|Parsing artifact substat: atk+5.3%
2026-10-01 07:59:42.340|DEBUG|ArtifactScraper|Parsing artifact substat: def+5.8%
2026-10-01 07:59:42.340|DEBUG|ArtifactScraper|Parsing artifact substat: hp+269(unactivated)
2026-10-01 07:59:42.549|DEBUG|ArtifactScraper|Finished queuing page of artifacts. Scrolling...
2026-10-01 07:59:42.632|DEBUG|ArtifactScraper|Parsing artifact substat: elementalmastery+21
2026-10-01 07:59:42.632|DEBUG|ArtifactScraper|Parsing artifact substat: energyrecharge+5.8%
2026-10-01 07:59:42.632|DEBUG|ArtifactScraper|Parsing artifact substat: atk+5.3%
2026-10-01 07:59:42.632|DEBUG|ArtifactScraper|Parsing artifact substat: critrate+3.1%(unactivated)
2026-10-01 07:59:42.700|DEBUG|ArtifactScraper|Parsing artifact substat: hp+239
2026-10-01 07:59:42.700|DEBUG|ArtifactScraper|Parsing artifact substat: elementalmastery+21
2026-10-01 07:59:42.700|DEBUG|ArtifactScraper|Parsing artifact substat: critdmg+7.8%
2026-10-01 07:59:42.700|DEBUG|ArtifactScraper|Parsing artifact substat: atk+4.7%(unactivated)
2026-10-01 07:59:42.934|DEBUG|ArtifactScraper|Parsing artifact substat: critdmg+7.8%
2026-10-01 07:59:42.934|DEBUG|ArtifactScraper|Parsing artifact substat: hp+4.1%
2026-10-01 07:59:42.934|DEBUG|ArtifactScraper|Parsing artifact substat: elementalmastery+19
2026-10-01 07:59:42.934|DEBUG|ArtifactScraper|Parsing artifact substat: def+5.8%(unactivated)
2026-10-01 07:59:43.158|DEBUG|ArtifactScraper|Scrolled back one
2026-10-01 07:59:44.655|DEBUG|ArtifactScraper|Scanning artifact page 37
2026-10-01 07:59:44.655|DEBUG|ArtifactScraper|Located 32 possible item locations on page.
2026-10-01 07:59:45.049|DEBUG|ArtifactScraper|Parsing artifact substat: elementalmastery+16
2026-10-01 07:59:45.049|DEBUG|ArtifactScraper|Parsing artifact substat: hp+269
2026-10-01 07:59:45.049|DEBUG|ArtifactScraper|Parsing artifact substat: atk+5.3%
2026-10-01 07:59:45.049|DEBUG|ArtifactScraper|Parsing artifact substat: energyrecharge+5.8%
2026-10-01 07:59:45.254|DEBUG|ArtifactScraper|Parsing artifact substat: energyrecharge+5.2%
2026-10-01 07:59:45.254|DEBUG|ArtifactScraper|Parsing artifact substat: hp+269
2026-10-01 07:59:45.254|DEBUG|ArtifactScraper|Parsing artifact substat: critdmg+7.8%
2026-10-01 07:59:45.254|DEBUG|ArtifactScraper|Parsing artifact substat: atk+5.3%(unactivated)
2026-10-01 07:59:45.630|DEBUG|ArtifactScraper|Parsing artifact substat: critdmg+6.2%
2026-10-01 07:59:45.630|DEBUG|ArtifactScraper|Parsing artifact substat: def+16
2026-10-01 07:59:45.630|DEBUG|ArtifactScraper|Parsing artifact substat: hp+4.7%
2026-10-01 07:59:45.630|DEBUG|ArtifactScraper|Parsing artifact substat: critrate+3.1%(unactivated)
2026-10-01 07:59:45.670|DEBUG|ArtifactScraper|Parsing artifact substat: energyrecharge+4.5%
2026-10-01 07:59:45.670|DEBUG|ArtifactScraper|Parsing artifact substat: critdmg+7.8%
2026-10-01 07:59:45.670|DEBUG|ArtifactScraper|Parsing artifact substat: elementalmastery+16
2026-10-01 07:59:45.670|DEBUG|ArtifactScraper|Parsing artifact substat: def+23(unactivated)
2026-10-01 07:59:45.972|DEBUG|ArtifactScraper|Parsing artifact substat: def+23
2026-10-01 07:59:45.972|DEBUG|ArtifactScraper|Parsing artifact substat: elementalmastery+19
2026-10-01 07:59:45.972|DEBUG|ArtifactScraper|Parsing artifact substat: atk+4.1%
2026-10-01 07:59:45.972|DEBUG|ArtifactScraper|Parsing artifact substat: energyrecharge+5.2%
2026-10-01 07:59:46.008|DEBUG|ArtifactScraper|Parsing artifact substat: critrate+3.1%
2026-10-01 07:59:46.008|DEBUG|ArtifactScraper|Parsing artifact substat: hp+5.3%
2026-10-01 07:59:46.008|DEBUG|ArtifactScraper|Parsing artifact substat: def+23
2026-10-01 07:59:46.008|DEBUG|ArtifactScraper|Parsing artifact substat: elementalmastery+21
2026-10-01 07:59:46.395|DEBUG|ArtifactScraper|Parsing artifact substat: hp+239
2026-10-01 07:59:46.395|DEBUG|ArtifactScraper|Parsing artifact substat: critdmg+7.8%
2026-10-01 07:59:46.395|DEBUG|ArtifactScraper|Parsing artifact substat: critrate+3.1%
2026-10-01 07:59:46.395|DEBUG|ArtifactScraper|Parsing artifact substat: def+7.3%(unactivated)
2026-10-01 07:59:46.438|DEBUG|ArtifactScraper|Parsing artifact substat: def+5.8%
2026-10-01 07:59:46.438|DEBUG|ArtifactScraper|Parsing artifact substat: critrate+3.1%
2026-10-01 07:59:46.438|DEBUG|ArtifactScraper|Parsing artifact substat: energyrecharge+6.5%
2026-10-01 07:59:46.438|DEBUG|ArtifactScraper|Parsing artifact substat: atk+5.8%(unactivated)
2026-10-01 07:59:46.707|DEBUG|ArtifactScraper|Parsing artifact substat: critrate+2.7%
2026-10-01 07:59:46.707|DEBUG|ArtifactScraper|Parsing artifact substat: hp+299
2026-10-01 07:59:46.707|DEBUG|ArtifactScraper|Parsing artifact substat: critdmg+7.8%
2026-10-01 07:59:46.707|DEBUG|ArtifactScraper|Parsing artifact substat: elementalmastery+19
2026-10-01 07:59:46.808|DEBUG|ArtifactScraper|Parsing artifact substat: hp+299
2026-10-01 07:59:46.808|DEBUG|ArtifactScraper|Parsing artifact substat: def+6.6%
2026-10-01 07:59:46.808|DEBUG|ArtifactScraper|Parsing artifact substat: critrate+3.1%
2026-10-01 07:59:46.808|DEBUG|ArtifactScraper|Parsing artifact substat: atk+4.1%(unactivated)
2026-10-01 07:59:47.108|DEBUG|ArtifactScraper|Parsing artifact substat: hp+299
2026-10-01 07:59:47.108|DEBUG|ArtifactScraper|Parsing artifact substat: critrate+3.1%
2026-10-01 07:59:47.108|DEBUG|ArtifactScraper|Parsing artifact substat: def+16
2026-10-01 07:59:47.108|DEBUG|ArtifactScraper|Parsing artifact substat: elementalmastery+16
2026-10-01 07:59:47.165|DEBUG|ArtifactScraper|Parsing artifact substat: energyrecharge+4.5%
2026-10-01 07:59:47.165|DEBUG|ArtifactScraper|Parsing artifact substat: elementalmastery+19
2026-10-01 07:59:47.165|DEBUG|ArtifactScraper|Parsing artifact substat: atk+4.1%
2026-10-01 07:59:47.165|DEBUG|ArtifactScraper|Parsing artifact substat: hp+4.1%(unactivated)
2026-10-01 07:59:47.460|DEBUG|ArtifactScraper|Parsing artifact substat: critdmg+7.8%
2026-10-01 07:59:47.460|DEBUG|ArtifactScraper|Parsing artifact substat: hp+4.7%
2026-10-01 07:59:47.460|DEBUG|ArtifactScraper|Parsing artifact substat: def+21
2026-10-01 07:59:47.460|DEBUG|ArtifactScraper|Parsing artifact substat: atk+4.7%(unactivated)
2026-10-01 07:59:47.506|DEBUG|ArtifactScraper|Parsing artifact substat: hp+5.8%
2026-10-01 07:59:47.506|DEBUG|ArtifactScraper|Parsing artifact substat: atk+4.7%
2026-10-01 07:59:47.506|DEBUG|ArtifactScraper|Parsing artifact substat: critdmg+7.8%
2026-10-01 07:59:47.506|DEBUG|ArtifactScraper|Parsing artifact substat: critrate+3.1%(unactivated)
2026-10-01 07:59:47.793|DEBUG|ArtifactScraper|Parsing artifact substat: critdmg+7.0%
2026-10-01 07:59:47.793|DEBUG|ArtifactScraper|Parsing artifact substat: def+5.8%
2026-10-01 07:59:47.793|DEBUG|ArtifactScraper|Parsing artifact substat: atk+4.7%
2026-10-01 07:59:47.793|DEBUG|ArtifactScraper|Parsing artifact substat: hp+299(unactivated)
2026-10-01 07:59:47.847|DEBUG|ArtifactScraper|Parsing artifact substat: def+7.3%
2026-10-01 07:59:47.847|DEBUG|ArtifactScraper|Parsing artifact substat: critrate+3.5%
2026-10-01 07:59:47.847|DEBUG|ArtifactScraper|Parsing artifact substat: def+16
2026-10-01 07:59:47.848|DEBUG|ArtifactScraper|Parsing artifact substat: critdmg+7.0%(unactivated)
2026-10-01 07:59:48.139|DEBUG|ArtifactScraper|Parsing artifact substat: def+21
2026-10-01 07:59:48.139|DEBUG|ArtifactScraper|Parsing artifact substat: def+5.8%
2026-10-01 07:59:48.139|DEBUG|ArtifactScraper|Parsing artifact substat: elementalmastery+19
2026-10-01 07:59:48.139|DEBUG|ArtifactScraper|Parsing artifact substat: atk+5.3%(unactivated)
2026-10-01 07:59:48.166|DEBUG|ArtifactScraper|Parsing artifact substat: elementalmastery+19
2026-10-01 07:59:48.166|DEBUG|ArtifactScraper|Parsing artifact substat: def+21
2026-10-01 07:59:48.166|DEBUG|ArtifactScraper|Parsing artifact substat: critrate+3.5%
2026-10-01 07:59:48.166|DEBUG|ArtifactScraper|Parsing artifact substat: hp+269(unactivated)
2026-10-01 07:59:48.445|DEBUG|ArtifactScraper|Parsing artifact substat: critrate+3.5%
2026-10-01 07:59:48.445|DEBUG|ArtifactScraper|Parsing artifact substat: hp+269
2026-10-01 07:59:48.445|DEBUG|ArtifactScraper|Parsing artifact substat: def+19
2026-10-01 07:59:48.445|DEBUG|ArtifactScraper|Parsing artifact substat: hp+4.1%
2026-10-01 07:59:48.477|DEBUG|ArtifactScraper|Parsing artifact substat: def+7.3%
2026-10-01 07:59:48.477|DEBUG|ArtifactScraper|Parsing artifact substat: atk+4.1%
2026-10-01 07:59:48.477|DEBUG|ArtifactScraper|Parsing artifact substat: hp+299
2026-10-01 07:59:48.477|DEBUG|ArtifactScraper|Parsing artifact substat: hp+4.1%
2026-10-01 07:59:48.731|DEBUG|ArtifactScraper|Parsing artifact substat: energyrecharge+6.5%
2026-10-01 07:59:48.731|DEBUG|ArtifactScraper|Parsing artifact substat: def+21
2026-10-01 07:59:48.731|DEBUG|ArtifactScraper|Parsing artifact substat: hp+269
2026-10-01 07:59:48.731|DEBUG|ArtifactScraper|Parsing artifact substat: elementalmastery+19
2026-10-01 07:59:49.034|DEBUG|ArtifactScraper|Parsing artifact substat: atk+5.3%
2026-10-01 07:59:49.034|DEBUG|ArtifactScraper|Parsing artifact substat: def+5.8%
2026-10-01 07:59:49.034|DEBUG|ArtifactScraper|Parsing artifact substat: def+16
2026-10-01 07:59:49.034|DEBUG|ArtifactScraper|Parsing artifact substat: hp+5.8%
2026-10-01 07:59:49.076|DEBUG|ArtifactScraper|Parsing artifact substat: def+16
2026-10-01 07:59:49.076|DEBUG|ArtifactScraper|Parsing artifact substat: critrate+3.5%
2026-10-01 07:59:49.076|DEBUG|ArtifactScraper|Parsing artifact substat: hp+299
2026-10-01 07:59:49.076|DEBUG|ArtifactScraper|Parsing artifact substat: energyrecharge+5.2%
2026-10-01 07:59:49.374|DEBUG|ArtifactScraper|Parsing artifact substat: elementalmastery+19
2026-10-01 07:59:49.374|DEBUG|ArtifactScraper|Parsing artifact substat: hp+269
2026-10-01 07:59:49.374|DEBUG|ArtifactScraper|Parsing artifact substat: def+19
2026-10-01 07:59:49.374|DEBUG|ArtifactScraper|Parsing artifact substat: energyrecharge+5.2%
2026-10-01 07:59:49.381|DEBUG|ArtifactScraper|Parsing artifact substat: def+23
2026-10-01 07:59:49.381|DEBUG|ArtifactScraper|Parsing artifact substat: def+5.8%
2026-10-01 07:59:49.381|DEBUG|ArtifactScraper|Parsing artifact substat: hp+5.8%
2026-10-01 07:59:49.381|DEBUG|ArtifactScraper|Parsing artifact substat: elementalmastery+21
2026-10-01 07:59:49.677|DEBUG|ArtifactScraper|Parsing artifact substat: def+16
2026-10-01 07:59:49.677|DEBUG|ArtifactScraper|Parsing artifact substat: def+6.6%
2026-10-01 07:59:49.677|DEBUG|ArtifactScraper|Parsing artifact substat: hp+269
2026-10-01 07:59:49.677|DEBUG|ArtifactScraper|Parsing artifact substat: critdmg+6.2%
2026-10-01 07:59:49.734|DEBUG|ArtifactScraper|Parsing artifact substat: def+19
2026-10-01 07:59:49.734|DEBUG|ArtifactScraper|Parsing artifact substat: hp+239
2026-10-01 07:59:49.734|DEBUG|ArtifactScraper|Parsing artifact substat: energyrecharge+5.8%
2026-10-01 07:59:49.734|DEBUG|ArtifactScraper|Parsing artifact substat: hp+5.8%
2026-10-01 07:59:50.036|DEBUG|ArtifactScraper|Parsing artifact substat: hp+299
2026-10-01 07:59:50.036|DEBUG|ArtifactScraper|Parsing artifact substat: hp+5.3%
2026-10-01 07:59:50.036|DEBUG|ArtifactScraper|Parsing artifact substat: def+23
2026-10-01 07:59:50.036|DEBUG|ArtifactScraper|Parsing artifact substat: energyrecharge+5.8%
2026-10-01 07:59:50.064|DEBUG|ArtifactScraper|Parsing artifact substat: hp+239
2026-10-01 07:59:50.064|DEBUG|ArtifactScraper|Parsing artifact substat: hp+5.3%
2026-10-01 07:59:50.064|DEBUG|ArtifactScraper|Parsing artifact substat: def+21
2026-10-01 07:59:50.064|DEBUG|ArtifactScraper|Parsing artifact substat: critrate+3.9%
2026-10-01 07:59:50.253|DEBUG|ArtifactScraper|Finished queuing page of artifacts. Scrolling...
2026-10-01 07:59:50.386|DEBUG|ArtifactScraper|Parsing artifact substat: hp+269
2026-10-01 07:59:50.386|DEBUG|ArtifactScraper|Parsing artifact substat: elementalmastery+21
2026-10-01 07:59:50.386|DEBUG|ArtifactScraper|Parsing artifact substat: hp+4.1%
2026-10-01 07:59:50.386|DEBUG|ArtifactScraper|Parsing artifact substat: def+19
2026-10-01 07:59:50.449|DEBUG|ArtifactScraper|Parsing artifact substat: critrate+3.1%
2026-10-01 07:59:50.449|DEBUG|ArtifactScraper|Parsing artifact substat: def+21
2026-10-01 07:59:50.449|DEBUG|ArtifactScraper|Parsing artifact substat: energyrecharge+4.5%
2026-10-01 07:59:50.449|DEBUG|ArtifactScraper|Parsing artifact substat: def+6.6%
2026-10-01 07:59:50.665|DEBUG|ArtifactScraper|Parsing artifact substat: hp+269
2026-10-01 07:59:50.665|DEBUG|ArtifactScraper|Parsing artifact substat: atk+4.7%
2026-10-01 07:59:50.665|DEBUG|ArtifactScraper|Parsing artifact substat: hp+4.1%
2026-10-01 07:59:50.665|DEBUG|ArtifactScraper|Parsing artifact substat: def+21
2026-10-01 07:59:52.663|DEBUG|ArtifactScraper|Scanning artifact page 38
2026-10-01 07:59:52.663|DEBUG|ArtifactScraper|Located 32 possible item locations on page.
2026-10-01 07:59:53.280|DEBUG|ArtifactScraper|Parsing artifact substat: hp+209
2026-10-01 07:59:53.280|DEBUG|ArtifactScraper|Parsing artifact substat: def+7.3%
2026-10-01 07:59:53.280|DEBUG|ArtifactScraper|Parsing artifact substat: hp+4.1%
2026-10-01 07:59:53.280|DEBUG|ArtifactScraper|Parsing artifact substat: def+21
2026-10-01 07:59:53.369|DEBUG|ArtifactScraper|Parsing artifact substat: def+23
2026-10-01 07:59:53.369|DEBUG|ArtifactScraper|Parsing artifact substat: critdmg+7.0%
2026-10-01 07:59:53.369|DEBUG|ArtifactScraper|Parsing artifact substat: def+5.8%
2026-10-01 07:59:53.369|DEBUG|ArtifactScraper|Parsing artifact substat: energyrecharge+4.5%
2026-10-01 07:59:53.682|DEBUG|ArtifactScraper|Parsing artifact substat: def+5.1%
2026-10-01 07:59:53.682|DEBUG|ArtifactScraper|Parsing artifact substat: hp+4.1%
2026-10-01 07:59:53.682|DEBUG|ArtifactScraper|Parsing artifact substat: critdmg+5.4%
2026-10-01 07:59:53.682|DEBUG|ArtifactScraper|Parsing artifact substat: def+23(unactivated)
2026-10-01 07:59:53.799|DEBUG|ArtifactScraper|Parsing artifact substat: critrate+3.9%
2026-10-01 07:59:53.799|DEBUG|ArtifactScraper|Parsing artifact substat: energyrecharge+4.5%
2026-10-01 07:59:53.799|DEBUG|ArtifactScraper|Parsing artifact substat: hp+5.8%
2026-10-01 07:59:53.799|DEBUG|ArtifactScraper|Parsing artifact substat: def+21(unactivated)
2026-10-01 07:59:53.944|DEBUG|ArtifactScraper|Parsing artifact substat: def+5.8%
2026-10-01 07:59:53.944|DEBUG|ArtifactScraper|Parsing artifact substat: atk+5.8%
2026-10-01 07:59:53.944|DEBUG|ArtifactScraper|Parsing artifact substat: hp+4.1%
2026-10-01 07:59:53.944|DEBUG|ArtifactScraper|Parsing artifact substat: def+23(unactivated)
2026-10-01 07:59:54.154|DEBUG|ArtifactScraper|Parsing artifact substat: hp+4.1%
2026-10-01 07:59:54.154|DEBUG|ArtifactScraper|Parsing artifact substat: elementalmastery+21
2026-10-01 07:59:54.154|DEBUG|ArtifactScraper|Parsing artifact substat: energyrecharge+5.2%
2026-10-01 07:59:54.154|DEBUG|ArtifactScraper|Parsing artifact substat: def+21(unactivated)
2026-10-01 07:59:54.240|DEBUG|ArtifactScraper|Parsing artifact substat: energyrecharge+6.5%
2026-10-01 07:59:54.240|DEBUG|ArtifactScraper|Parsing artifact substat: hp+239
2026-10-01 07:59:54.240|DEBUG|ArtifactScraper|Parsing artifact substat: def+21
2026-10-01 07:59:54.240|DEBUG|ArtifactScraper|Parsing artifact substat: elementalmastery+19
2026-10-01 07:59:54.592|DEBUG|ArtifactScraper|Parsing artifact substat: critdmg+6.2%
2026-10-01 07:59:54.592|DEBUG|ArtifactScraper|Parsing artifact substat: elementalmastery+16
2026-10-01 07:59:54.592|DEBUG|ArtifactScraper|Parsing artifact substat: def+16
2026-10-01 07:59:54.592|DEBUG|ArtifactScraper|Parsing artifact substat: atk+14
2026-10-01 07:59:54.656|DEBUG|ArtifactScraper|Parsing artifact substat: critrate+3.1%
2026-10-01 07:59:54.656|DEBUG|ArtifactScraper|Parsing artifact substat: def+16
2026-10-01 07:59:54.656|DEBUG|ArtifactScraper|Parsing artifact substat: elementalmastery+23
2026-10-01 07:59:54.656|DEBUG|ArtifactScraper|Parsing artifact substat: atk+14
2026-10-01 07:59:54.948|DEBUG|ArtifactScraper|Parsing artifact substat: hp+5.8%
2026-10-01 07:59:54.948|DEBUG|ArtifactScraper|Parsing artifact substat: elementalmastery+19
2026-10-01 07:59:54.948|DEBUG|ArtifactScraper|Parsing artifact substat: hp+209
2026-10-01 07:59:54.948|DEBUG|ArtifactScraper|Parsing artifact substat: atk+16
2026-10-01 07:59:55.066|DEBUG|ArtifactScraper|Parsing artifact substat: hp+4.7%
2026-10-01 07:59:55.067|DEBUG|ArtifactScraper|Parsing artifact substat: critrate+3.9%
2026-10-01 07:59:55.067|DEBUG|ArtifactScraper|Parsing artifact substat: def+5.8%
2026-10-01 07:59:55.067|DEBUG|ArtifactScraper|Parsing artifact substat: hp+299
2026-10-01 07:59:55.500|DEBUG|ArtifactScraper|Parsing artifact substat: hp+4.1%
2026-10-01 07:59:55.500|DEBUG|ArtifactScraper|Parsing artifact substat: def+16
2026-10-01 07:59:55.500|DEBUG|ArtifactScraper|Parsing artifact substat: energyrecharge+6.5%
2026-10-01 07:59:55.500|DEBUG|ArtifactScraper|Parsing artifact substat: def+7.3%
2026-10-01 07:59:55.505|DEBUG|ArtifactScraper|Parsing artifact substat: hp+299
2026-10-01 07:59:55.505|DEBUG|ArtifactScraper|Parsing artifact substat: atk+5.3%
2026-10-01 07:59:55.505|DEBUG|ArtifactScraper|Parsing artifact substat: critrate+3.5%
2026-10-01 07:59:55.505|DEBUG|ArtifactScraper|Parsing artifact substat: energyrecharge+5.2%
2026-10-01 07:59:55.617|DEBUG|ArtifactScraper|Parsing artifact substat: def+19
2026-10-01 07:59:55.617|DEBUG|ArtifactScraper|Parsing artifact substat: energyrecharge+5.2%
2026-10-01 07:59:55.617|DEBUG|ArtifactScraper|Parsing artifact substat: elementalmastery+21
2026-10-01 07:59:55.617|DEBUG|ArtifactScraper|Parsing artifact substat: hp+209
2026-10-01 07:59:55.989|DEBUG|ArtifactScraper|Parsing artifact substat: def+23
2026-10-01 07:59:55.989|DEBUG|ArtifactScraper|Parsing artifact substat: atk+5.3%
2026-10-01 07:59:55.989|DEBUG|ArtifactScraper|Parsing artifact substat: atk+19
2026-10-01 07:59:55.989|DEBUG|ArtifactScraper|Parsing artifact substat: critdmg+7.0%
2026-10-01 07:59:56.024|DEBUG|ArtifactScraper|Parsing artifact substat: hp+209
2026-10-01 07:59:56.024|DEBUG|ArtifactScraper|Parsing artifact substat: energyrecharge+5.2%
2026-10-01 07:59:56.024|DEBUG|ArtifactScraper|Parsing artifact substat: critdmg+7.0%
2026-10-01 07:59:56.024|DEBUG|ArtifactScraper|Parsing artifact substat: def+19
2026-10-01 07:59:56.423|DEBUG|ArtifactScraper|Parsing artifact substat: atk+19
2026-10-01 07:59:56.423|DEBUG|ArtifactScraper|Parsing artifact substat: def+23
2026-10-01 07:59:56.423|DEBUG|ArtifactScraper|Parsing artifact substat: critdmg+7.0%
2026-10-01 07:59:56.423|DEBUG|ArtifactScraper|Parsing artifact substat: energyrecharge+5.2%
2026-10-01 07:59:56.538|DEBUG|ArtifactScraper|Parsing artifact substat: critrate+3.5%
2026-10-01 07:59:56.538|DEBUG|ArtifactScraper|Parsing artifact substat: elementalmastery+23
2026-10-01 07:59:56.538|DEBUG|ArtifactScraper|Parsing artifact substat: atk+14
2026-10-01 07:59:56.538|DEBUG|ArtifactScraper|Parsing artifact substat: critdmg+7.8%
2026-10-01 07:59:56.618|DEBUG|ArtifactScraper|Parsing artifact substat: critrate+2.7%
2026-10-01 07:59:56.618|DEBUG|ArtifactScraper|Parsing artifact substat: elementalmastery+23
2026-10-01 07:59:56.618|DEBUG|ArtifactScraper|Parsing artifact substat: hp+4.7%
2026-10-01 07:59:56.618|DEBUG|ArtifactScraper|Parsing artifact substat: atk+19(unactivated)
2026-10-01 07:59:56.955|DEBUG|ArtifactScraper|Parsing artifact substat: def+19
2026-10-01 07:59:56.955|DEBUG|ArtifactScraper|Parsing artifact substat: critdmg+7.0%
2026-10-01 07:59:56.955|DEBUG|ArtifactScraper|Parsing artifact substat: atk+14
2026-10-01 07:59:56.955|DEBUG|ArtifactScraper|Parsing artifact substat: energyrecharge+5.2%
2026-10-01 07:59:57.061|DEBUG|ArtifactScraper|Parsing artifact substat: hp+5.3%
2026-10-01 07:59:57.061|DEBUG|ArtifactScraper|Parsing artifact substat: hp+299
2026-10-01 07:59:57.061|DEBUG|ArtifactScraper|Parsing artifact substat: def+23
2026-10-01 07:59:57.061|DEBUG|ArtifactScraper|Parsing artifact substat: energyrecharge+5.8%
2026-10-01 07:59:57.181|DEBUG|ArtifactScraper|Parsing artifact substat: atk+19
2026-10-01 07:59:57.181|DEBUG|ArtifactScraper|Parsing artifact substat: energyrecharge+6.5%
2026-10-01 07:59:57.181|DEBUG|ArtifactScraper|Parsing artifact substat: critrate+3.5%
2026-10-01 07:59:57.181|DEBUG|ArtifactScraper|Parsing artifact substat: def+5.1%(unactivated)
2026-10-01 07:59:57.517|DEBUG|ArtifactScraper|Parsing artifact substat: atk+14
2026-10-01 07:59:57.517|DEBUG|ArtifactScraper|Parsing artifact substat: atk+4.7%
2026-10-01 07:59:57.517|DEBUG|ArtifactScraper|Parsing artifact substat: energyrecharge+6.5%
2026-10-01 07:59:57.517|DEBUG|ArtifactScraper|Parsing artifact substat: critdmg+7.8%(unactivated)
2026-10-01 07:59:57.606|DEBUG|ArtifactScraper|Parsing artifact substat: hp+5.8%
2026-10-01 07:59:57.606|DEBUG|ArtifactScraper|Parsing artifact substat: atk+18
2026-10-01 07:59:57.606|DEBUG|ArtifactScraper|Parsing artifact substat: critrate+2.7%
2026-10-01 07:59:57.606|DEBUG|ArtifactScraper|Parsing artifact substat: critdmg+6.2%(unactivated)
2026-10-01 07:59:57.712|DEBUG|ArtifactScraper|Parsing artifact substat: atk+19
2026-10-01 07:59:57.712|DEBUG|ArtifactScraper|Parsing artifact substat: energyrecharge+5.8%
2026-10-01 07:59:57.712|DEBUG|ArtifactScraper|Parsing artifact substat: critrate+3.9%
2026-10-01 07:59:57.712|DEBUG|ArtifactScraper|Parsing artifact substat: hp+4.7%(unactivated)
2026-10-01 07:59:58.055|DEBUG|ArtifactScraper|Parsing artifact substat: elementalmastery+23
2026-10-01 07:59:58.055|DEBUG|ArtifactScraper|Parsing artifact substat: def+21
2026-10-01 07:59:58.055|DEBUG|ArtifactScraper|Parsing artifact substat: critdmg+7.8%
2026-10-01 07:59:58.055|DEBUG|ArtifactScraper|Parsing artifact substat: hp+209(unactivated)
2026-10-01 07:59:58.100|DEBUG|ArtifactScraper|Parsing artifact substat: atk+18
2026-10-01 07:59:58.100|DEBUG|ArtifactScraper|Parsing artifact substat: atk+4.1%
2026-10-01 07:59:58.100|DEBUG|ArtifactScraper|Parsing artifact substat: hp+269
2026-10-01 07:59:58.100|DEBUG|ArtifactScraper|Parsing artifact substat: critrate+3.1%(unactivated)
2026-10-01 07:59:58.196|DEBUG|ArtifactScraper|Parsing artifact substat: energyrecharge+5.2%
2026-10-01 07:59:58.196|DEBUG|ArtifactScraper|Parsing artifact substat: hp+209
2026-10-01 07:59:58.196|DEBUG|ArtifactScraper|Parsing artifact substat: def+21
2026-10-01 07:59:58.196|DEBUG|ArtifactScraper|Parsing artifact substat: critrate+3.9%(unactivated)
2026-10-01 07:59:58.520|DEBUG|ArtifactScraper|Parsing artifact substat: energyrecharge+4.5%
2026-10-01 07:59:58.520|DEBUG|ArtifactScraper|Parsing artifact substat: hp+209
2026-10-01 07:59:58.520|DEBUG|ArtifactScraper|Parsing artifact substat: def+23
2026-10-01 07:59:58.520|DEBUG|ArtifactScraper|Parsing artifact substat: atk+14
2026-10-01 07:59:58.520|DEBUG|ArtifactScraper|Parsing artifact substat: elementalmastery+19
2026-10-01 07:59:58.520|DEBUG|ArtifactScraper|Parsing artifact substat: critrate+2.7%
2026-10-01 07:59:58.520|DEBUG|ArtifactScraper|Parsing artifact substat: hp+299(unactivated)
2026-10-01 07:59:58.520|DEBUG|ArtifactScraper|Parsing artifact substat: elementalmastery+21
2026-10-01 07:59:58.520|DEBUG|ArtifactScraper|Finished queuing page of artifacts. Scrolling...
2026-10-01 07:59:58.852|DEBUG|ArtifactScraper|Parsing artifact substat: hp+4.7%
2026-10-01 07:59:58.852|DEBUG|ArtifactScraper|Parsing artifact substat: hp+239
2026-10-01 07:59:58.852|DEBUG|ArtifactScraper|Parsing artifact substat: atk+16
2026-10-01 07:59:58.852|DEBUG|ArtifactScraper|Parsing artifact substat: critrate+3.5%(unactivated)
2026-10-01 07:59:58.933|DEBUG|ArtifactScraper|Parsing artifact substat: critrate+3.5%
2026-10-01 07:59:58.933|DEBUG|ArtifactScraper|Parsing artifact substat: critdmg+7.8%
2026-10-01 07:59:58.933|DEBUG|ArtifactScraper|Parsing artifact substat: hp+5.3%
2026-10-01 07:59:58.933|DEBUG|ArtifactScraper|Parsing artifact substat: hp+209(unactivated)
2026-10-01 08:00:00.932|DEBUG|ArtifactScraper|Scanning artifact page 39
2026-10-01 08:00:00.932|DEBUG|ArtifactScraper|Located 32 possible item locations on page.
2026-10-01 08:00:01.523|DEBUG|ArtifactScraper|Parsing artifact substat: def+19
2026-10-01 08:00:01.523|DEBUG|ArtifactScraper|Parsing artifact substat: critdmg+6.2%
2026-10-01 08:00:01.523|DEBUG|ArtifactScraper|Parsing artifact substat: critrate+3.1%
2026-10-01 08:00:01.523|DEBUG|ArtifactScraper|Parsing artifact substat: atk+19(unactivated)
2026-10-01 08:00:01.596|DEBUG|ArtifactScraper|Parsing artifact substat: elementalmastery+19
2026-10-01 08:00:01.596|DEBUG|ArtifactScraper|Parsing artifact substat: hp+209
2026-10-01 08:00:01.596|DEBUG|ArtifactScraper|Parsing artifact substat: hp+4.7%
2026-10-01 08:00:01.596|DEBUG|ArtifactScraper|Parsing artifact substat: atk+18(unactivated)
2026-10-01 08:00:01.941|DEBUG|ArtifactScraper|Parsing artifact substat: critrate+3.9%
2026-10-01 08:00:01.941|DEBUG|ArtifactScraper|Parsing artifact substat: elementalmastery+16
2026-10-01 08:00:01.941|DEBUG|ArtifactScraper|Parsing artifact substat: atk+4.1%
2026-10-01 08:00:01.941|DEBUG|ArtifactScraper|Parsing artifact substat: critdmg+6.2%(unactivated)
2026-10-01 08:00:01.946|DEBUG|ArtifactScraper|Parsing artifact substat: atk+19
2026-10-01 08:00:01.946|DEBUG|ArtifactScraper|Parsing artifact substat: hp+269
2026-10-01 08:00:01.946|DEBUG|ArtifactScraper|Parsing artifact substat: def+19
2026-10-01 08:00:01.946|DEBUG|ArtifactScraper|Parsing artifact substat: atk+4.1%
2026-10-01 08:00:02.169|DEBUG|ArtifactScraper|Parsing artifact substat: atk+4.1%
2026-10-01 08:00:02.169|DEBUG|ArtifactScraper|Parsing artifact substat: critrate+3.1%
2026-10-01 08:00:02.169|DEBUG|ArtifactScraper|Parsing artifact substat: atk+19
2026-10-01 08:00:02.169|DEBUG|ArtifactScraper|Parsing artifact substat: hp+4.7%
2026-10-01 08:00:02.334|DEBUG|ArtifactScraper|Parsing artifact substat: elementalmastery+16
2026-10-01 08:00:02.334|DEBUG|ArtifactScraper|Parsing artifact substat: atk+18
2026-10-01 08:00:02.334|DEBUG|ArtifactScraper|Parsing artifact substat: hp+209
2026-10-01 08:00:02.334|DEBUG|ArtifactScraper|Parsing artifact substat: hp+4.1%
2026-10-01 08:00:02.583|DEBUG|ArtifactScraper|Parsing artifact substat: atk+14
2026-10-01 08:00:02.583|DEBUG|ArtifactScraper|Parsing artifact substat: def+19
2026-10-01 08:00:02.583|DEBUG|ArtifactScraper|Parsing artifact substat: elementalmastery+16
2026-10-01 08:00:02.583|DEBUG|ArtifactScraper|Parsing artifact substat: atk+5.3%
2026-10-01 08:00:02.618|DEBUG|ArtifactScraper|Parsing artifact substat: def+7.3%
2026-10-01 08:00:02.618|DEBUG|ArtifactScraper|Parsing artifact substat: hp+209
2026-10-01 08:00:02.618|DEBUG|ArtifactScraper|Parsing artifact substat: atk+16
2026-10-01 08:00:02.618|DEBUG|ArtifactScraper|Parsing artifact substat: def+16
2026-10-01 08:00:02.981|DEBUG|ArtifactScraper|Parsing artifact substat: energyrecharge+4.5%
2026-10-01 08:00:02.981|DEBUG|ArtifactScraper|Parsing artifact substat: hp+299
2026-10-01 08:00:02.981|DEBUG|ArtifactScraper|Parsing artifact substat: def+7.3%
2026-10-01 08:00:02.981|DEBUG|ArtifactScraper|Parsing artifact substat: def+23
2026-10-01 08:00:03.028|DEBUG|ArtifactScraper|Parsing artifact substat: energyrecharge+5.2%
2026-10-01 08:00:03.028|DEBUG|ArtifactScraper|Parsing artifact substat: elementalmastery+21
2026-10-01 08:00:03.028|DEBUG|ArtifactScraper|Parsing artifact substat: def+23
2026-10-01 08:00:03.028|DEBUG|ArtifactScraper|Parsing artifact substat: critdmg+5.4%
2026-10-01 08:00:03.267|DEBUG|ArtifactScraper|Parsing artifact substat: atk+18
2026-10-01 08:00:03.267|DEBUG|ArtifactScraper|Parsing artifact substat: def+16
2026-10-01 08:00:03.267|DEBUG|ArtifactScraper|Parsing artifact substat: critdmg+7.8%
2026-10-01 08:00:03.267|DEBUG|ArtifactScraper|Parsing artifact substat: atk+5.8%
2026-10-01 08:00:03.366|DEBUG|ArtifactScraper|Parsing artifact substat: atk+19
2026-10-01 08:00:03.366|DEBUG|ArtifactScraper|Parsing artifact substat: critrate+3.5%
2026-10-01 08:00:03.366|DEBUG|ArtifactScraper|Parsing artifact substat: def+19
2026-10-01 08:00:03.366|DEBUG|ArtifactScraper|Parsing artifact substat: hp+299
2026-10-01 08:00:03.653|DEBUG|ArtifactScraper|Parsing artifact substat: hp+239
2026-10-01 08:00:03.653|DEBUG|ArtifactScraper|Parsing artifact substat: critrate+2.7%
2026-10-01 08:00:03.653|DEBUG|ArtifactScraper|Parsing artifact substat: atk+4.1%
2026-10-01 08:00:03.653|DEBUG|ArtifactScraper|Parsing artifact substat: hp+4.7%
2026-10-01 08:00:03.755|DEBUG|ArtifactScraper|Parsing artifact substat: atk+14
2026-10-01 08:00:03.755|DEBUG|ArtifactScraper|Parsing artifact substat: def+5.8%
2026-10-01 08:00:03.755|DEBUG|ArtifactScraper|Parsing artifact substat: def+21
2026-10-01 08:00:03.755|DEBUG|ArtifactScraper|Parsing artifact substat: critdmg+5.4%
2026-10-01 08:00:03.971|DEBUG|ArtifactScraper|Parsing artifact substat: atk+18
2026-10-01 08:00:03.973|DEBUG|ArtifactScraper|Parsing artifact substat: hp+269
2026-10-01 08:00:03.973|DEBUG|ArtifactScraper|Parsing artifact substat: energyrecharge+5.2%
2026-10-01 08:00:03.973|DEBUG|ArtifactScraper|Parsing artifact substat: elementalmastery+21
2026-10-01 08:00:04.137|DEBUG|ArtifactScraper|Parsing artifact substat: critrate+2.7%
2026-10-01 08:00:04.137|DEBUG|ArtifactScraper|Parsing artifact substat: def+5.1%
2026-10-01 08:00:04.137|DEBUG|ArtifactScraper|Parsing artifact substat: atk+18
2026-10-01 08:00:04.137|DEBUG|ArtifactScraper|Parsing artifact substat: def+23
2026-10-01 08:00:04.270|DEBUG|ArtifactScraper|Parsing artifact substat: hp+269
2026-10-01 08:00:04.270|DEBUG|ArtifactScraper|Parsing artifact substat: def+21
2026-10-01 08:00:04.270|DEBUG|ArtifactScraper|Parsing artifact substat: atk+16
2026-10-01 08:00:04.270|DEBUG|ArtifactScraper|Parsing artifact substat: def+5.1%
2026-10-01 08:00:04.523|DEBUG|ArtifactScraper|Parsing artifact substat: def+21
2026-10-01 08:00:04.523|DEBUG|ArtifactScraper|Parsing artifact substat: critdmg+7.8%
2026-10-01 08:00:04.523|DEBUG|ArtifactScraper|Parsing artifact substat: atk+14
2026-10-01 08:00:04.523|DEBUG|ArtifactScraper|Parsing artifact substat: energyrecharge+5.8%
2026-10-01 08:00:04.693|DEBUG|ArtifactScraper|Parsing artifact substat: hp+5.8%
2026-10-01 08:00:04.693|DEBUG|ArtifactScraper|Parsing artifact substat: critdmg+7.8%
2026-10-01 08:00:04.693|DEBUG|ArtifactScraper|Parsing artifact substat: elementalmastery+19
2026-10-01 08:00:04.693|DEBUG|ArtifactScraper|Parsing artifact substat: hp+209(unactivated)
2026-10-01 08:00:04.849|DEBUG|ArtifactScraper|Parsing artifact substat: atk+16
2026-10-01 08:00:04.849|DEBUG|ArtifactScraper|Parsing artifact substat: hp+299
2026-10-01 08:00:04.849|DEBUG|ArtifactScraper|Parsing artifact substat: critdmg+7.0%
2026-10-01 08:00:04.849|DEBUG|ArtifactScraper|Parsing artifact substat: elementalmastery+21
2026-10-01 08:00:05.171|DEBUG|ArtifactScraper|Parsing artifact substat: energyrecharge+5.2%
2026-10-01 08:00:05.171|DEBUG|ArtifactScraper|Parsing artifact substat: atk+4.1%
2026-10-01 08:00:05.171|DEBUG|ArtifactScraper|Parsing artifact substat: atk+18
2026-10-01 08:00:05.171|DEBUG|ArtifactScraper|Parsing artifact substat: def+5.8%(unactivated)
2026-10-01 08:00:05.177|DEBUG|ArtifactScraper|Parsing artifact substat: def+5.8%
2026-10-01 08:00:05.177|DEBUG|ArtifactScraper|Parsing artifact substat: hp+239
2026-10-01 08:00:05.177|DEBUG|ArtifactScraper|Parsing artifact substat: atk+4.7%
2026-10-01 08:00:05.177|DEBUG|ArtifactScraper|Parsing artifact substat: atk+19(unactivated)
2026-10-01 08:00:05.493|DEBUG|ArtifactScraper|Parsing artifact substat: hp+239
2026-10-01 08:00:05.493|DEBUG|ArtifactScraper|Parsing artifact substat: critdmg+7.8%
2026-10-01 08:00:05.493|DEBUG|ArtifactScraper|Parsing artifact substat: elementalmastery+21
2026-10-01 08:00:05.493|DEBUG|ArtifactScraper|Parsing artifact substat: energyrecharge+5.8%
2026-10-01 08:00:05.525|DEBUG|ArtifactScraper|Parsing artifact substat: def+21
2026-10-01 08:00:05.525|DEBUG|ArtifactScraper|Parsing artifact substat: critrate+3.1%
2026-10-01 08:00:05.525|DEBUG|ArtifactScraper|Parsing artifact substat: hp+4.1%
2026-10-01 08:00:05.525|DEBUG|ArtifactScraper|Parsing artifact substat: atk+18(unactivated)
2026-10-01 08:00:05.819|DEBUG|ArtifactScraper|Parsing artifact substat: def+5.1%
2026-10-01 08:00:05.819|DEBUG|ArtifactScraper|Parsing artifact substat: elementalmastery+21
2026-10-01 08:00:05.819|DEBUG|ArtifactScraper|Parsing artifact substat: hp+299
2026-10-01 08:00:05.819|DEBUG|ArtifactScraper|Parsing artifact substat: def+19(unactivated)
2026-10-01 08:00:05.856|DEBUG|ArtifactScraper|Parsing artifact substat: atk+18
2026-10-01 08:00:05.856|DEBUG|ArtifactScraper|Parsing artifact substat: atk+4.7%
2026-10-01 08:00:05.856|DEBUG|ArtifactScraper|Parsing artifact substat: hp+269
2026-10-01 08:00:05.856|DEBUG|ArtifactScraper|Parsing artifact substat: critdmg+5.4%(unactivated)
2026-10-01 08:00:06.170|DEBUG|ArtifactScraper|Parsing artifact substat: atk+4.1%
2026-10-01 08:00:06.170|DEBUG|ArtifactScraper|Parsing artifact substat: hp+5.8%
2026-10-01 08:00:06.170|DEBUG|ArtifactScraper|Parsing artifact substat: critdmg+7.0%
2026-10-01 08:00:06.170|DEBUG|ArtifactScraper|Parsing artifact substat: hp+239(unactivated)
2026-10-01 08:00:06.218|DEBUG|ArtifactScraper|Parsing artifact substat: critdmg+6.2%
2026-10-01 08:00:06.218|DEBUG|ArtifactScraper|Parsing artifact substat: hp+209
2026-10-01 08:00:06.218|DEBUG|ArtifactScraper|Parsing artifact substat: elementalmastery+16
2026-10-01 08:00:06.218|DEBUG|ArtifactScraper|Parsing artifact substat: atk+16(unactivated)
2026-10-01 08:00:06.476|DEBUG|ArtifactScraper|Parsing artifact substat: critdmg+7.0%
2026-10-01 08:00:06.476|DEBUG|ArtifactScraper|Parsing artifact substat: atk+14
2026-10-01 08:00:06.476|DEBUG|ArtifactScraper|Parsing artifact substat: def+16
2026-10-01 08:00:06.476|DEBUG|ArtifactScraper|Parsing artifact substat: hp+209(unactivated)
2026-10-01 08:00:06.513|DEBUG|ArtifactScraper|Finished queuing page of artifacts. Scrolling...
2026-10-01 08:00:06.522|DEBUG|ArtifactScraper|Parsing artifact substat: def+19
2026-10-01 08:00:06.522|DEBUG|ArtifactScraper|Parsing artifact substat: hp+269
2026-10-01 08:00:06.522|DEBUG|ArtifactScraper|Parsing artifact substat: atk+19
2026-10-01 08:00:06.522|DEBUG|ArtifactScraper|Parsing artifact substat: def+5.8%(unactivated)
2026-10-01 08:00:06.815|DEBUG|ArtifactScraper|Parsing artifact substat: def+21
2026-10-01 08:00:06.816|DEBUG|ArtifactScraper|Parsing artifact substat: atk+18
2026-10-01 08:00:06.816|DEBUG|ArtifactScraper|Parsing artifact substat: hp+239
2026-10-01 08:00:06.816|DEBUG|ArtifactScraper|Parsing artifact substat: atk+5.8%(unactivated)
2026-10-01 08:00:06.838|DEBUG|ArtifactScraper|Parsing artifact substat: hp+269
2026-10-01 08:00:06.838|DEBUG|ArtifactScraper|Parsing artifact substat: elementalmastery+19
2026-10-01 08:00:06.838|DEBUG|ArtifactScraper|Parsing artifact substat: def+5.8%
2026-10-01 08:00:06.838|DEBUG|ArtifactScraper|Parsing artifact substat: def+19(unactivated)
2026-10-01 08:00:08.574|DEBUG|ArtifactScraper|Scanning artifact page 40
2026-10-01 08:00:08.574|DEBUG|ArtifactScraper|Located 32 possible item locations on page.
2026-10-01 08:00:09.117|DEBUG|ArtifactScraper|Parsing artifact substat: hp+239
2026-10-01 08:00:09.117|DEBUG|ArtifactScraper|Parsing artifact substat: elementalmastery+19
2026-10-01 08:00:09.117|DEBUG|ArtifactScraper|Parsing artifact substat: atk+19
2026-10-01 08:00:09.117|DEBUG|ArtifactScraper|Parsing artifact substat: def+6.6%
2026-10-01 08:00:09.229|DEBUG|ArtifactScraper|Parsing artifact substat: atk+14
2026-10-01 08:00:09.229|DEBUG|ArtifactScraper|Parsing artifact substat: hp+209
2026-10-01 08:00:09.229|DEBUG|ArtifactScraper|Parsing artifact substat: critdmg+6.2%
2026-10-01 08:00:09.229|DEBUG|ArtifactScraper|Parsing artifact substat: elementalmastery+23
2026-10-01 08:00:09.439|DEBUG|ArtifactScraper|Parsing artifact substat: critrate+2.7%
2026-10-01 08:00:09.439|DEBUG|ArtifactScraper|Parsing artifact substat: atk+14
2026-10-01 08:00:09.439|DEBUG|ArtifactScraper|Parsing artifact substat: atk+4.1%
2026-10-01 08:00:09.439|DEBUG|ArtifactScraper|Parsing artifact substat: def+19
2026-10-01 08:00:09.544|DEBUG|ArtifactScraper|Parsing artifact substat: hp+5.8%
2026-10-01 08:00:09.544|DEBUG|ArtifactScraper|Parsing artifact substat: hp+299
2026-10-01 08:00:09.544|DEBUG|ArtifactScraper|Parsing artifact substat: critdmg+6.2%
2026-10-01 08:00:09.544|DEBUG|ArtifactScraper|Parsing artifact substat: atk+19
2026-10-01 08:00:09.791|DEBUG|ArtifactScraper|Parsing artifact substat: elementalmastery+16
2026-10-01 08:00:09.791|DEBUG|ArtifactScraper|Parsing artifact substat: energyrecharge+5.2%
2026-10-01 08:00:09.791|DEBUG|ArtifactScraper|Parsing artifact substat: hp+269
2026-10-01 08:00:09.791|DEBUG|ArtifactScraper|Parsing artifact substat: hp+4.7%
2026-10-01 08:00:09.924|DEBUG|ArtifactScraper|Parsing artifact substat: energyrecharge+5.2%
2026-10-01 08:00:09.924|DEBUG|ArtifactScraper|Parsing artifact substat: atk+19
2026-10-01 08:00:09.925|DEBUG|ArtifactScraper|Parsing artifact substat: critrate+3.1%
2026-10-01 08:00:09.925|DEBUG|ArtifactScraper|Parsing artifact substat: hp+4.1%
2026-10-01 08:00:10.064|DEBUG|ArtifactScraper|Parsing artifact substat: elementalmastery+21
2026-10-01 08:00:10.064|DEBUG|ArtifactScraper|Parsing artifact substat: def+19
2026-10-01 08:00:10.064|DEBUG|ArtifactScraper|Parsing artifact substat: atk+4.7%
2026-10-01 08:00:10.064|DEBUG|ArtifactScraper|Parsing artifact substat: def+5.8%
2026-10-01 08:00:10.329|DEBUG|ArtifactScraper|Parsing artifact substat: elementalmastery+23
2026-10-01 08:00:10.329|DEBUG|ArtifactScraper|Parsing artifact substat: energyrecharge+5.8%
2026-10-01 08:00:10.329|DEBUG|ArtifactScraper|Parsing artifact substat: def+6.6%
2026-10-01 08:00:10.329|DEBUG|ArtifactScraper|Parsing artifact substat: hp+299
2026-10-01 08:00:10.446|DEBUG|ArtifactScraper|Parsing artifact substat: atk+18
2026-10-01 08:00:10.446|DEBUG|ArtifactScraper|Parsing artifact substat: critrate+3.5%
2026-10-01 08:00:10.446|DEBUG|ArtifactScraper|Parsing artifact substat: elementalmastery+21
2026-10-01 08:00:10.446|DEBUG|ArtifactScraper|Parsing artifact substat: energyrecharge+5.8%
2026-10-01 08:00:10.699|DEBUG|ArtifactScraper|Parsing artifact substat: def+6.6%
2026-10-01 08:00:10.699|DEBUG|ArtifactScraper|Parsing artifact substat: critrate+3.9%
2026-10-01 08:00:10.699|DEBUG|ArtifactScraper|Parsing artifact substat: critdmg+5.4%
2026-10-01 08:00:10.699|DEBUG|ArtifactScraper|Parsing artifact substat: def+21
2026-10-01 08:00:10.845|DEBUG|ArtifactScraper|Parsing artifact substat: hp+269
2026-10-01 08:00:10.845|DEBUG|ArtifactScraper|Parsing artifact substat: def+23
2026-10-01 08:00:10.845|DEBUG|ArtifactScraper|Parsing artifact substat: energyrecharge+5.8%
2026-10-01 08:00:10.845|DEBUG|ArtifactScraper|Parsing artifact substat: elementalmastery+16
2026-10-01 08:00:10.941|DEBUG|ArtifactScraper|Parsing artifact substat: atk+16
2026-10-01 08:00:10.941|DEBUG|ArtifactScraper|Parsing artifact substat: hp+5.8%
2026-10-01 08:00:10.941|DEBUG|ArtifactScraper|Parsing artifact substat: def+6.6%
2026-10-01 08:00:10.941|DEBUG|ArtifactScraper|Parsing artifact substat: atk+4.7%
2026-10-01 08:00:11.225|DEBUG|ArtifactScraper|Parsing artifact substat: energyrecharge+4.5%
2026-10-01 08:00:11.225|DEBUG|ArtifactScraper|Parsing artifact substat: critdmg+5.4%
2026-10-01 08:00:11.225|DEBUG|ArtifactScraper|Parsing artifact substat: critrate+3.9%
2026-10-01 08:00:11.225|DEBUG|ArtifactScraper|Parsing artifact substat: atk+16
2026-10-01 08:00:11.339|DEBUG|ArtifactScraper|Parsing artifact substat: energyrecharge+4.5%
2026-10-01 08:00:11.339|DEBUG|ArtifactScraper|Parsing artifact substat: critdmg+7.0%
2026-10-01 08:00:11.339|DEBUG|ArtifactScraper|Parsing artifact substat: atk+4.1%
2026-10-01 08:00:11.339|DEBUG|ArtifactScraper|Parsing artifact substat: elementalmastery+19
2026-10-01 08:00:11.605|DEBUG|ArtifactScraper|Parsing artifact substat: def+23
2026-10-01 08:00:11.605|DEBUG|ArtifactScraper|Parsing artifact substat: hp+239
2026-10-01 08:00:11.605|DEBUG|ArtifactScraper|Parsing artifact substat: critrate+3.1%
2026-10-01 08:00:11.605|DEBUG|ArtifactScraper|Parsing artifact substat: energyrecharge+4.5%
2026-10-01 08:00:11.754|DEBUG|ArtifactScraper|Parsing artifact substat: critdmg+6.2%
2026-10-01 08:00:11.754|DEBUG|ArtifactScraper|Parsing artifact substat: def+23
2026-10-01 08:00:11.754|DEBUG|ArtifactScraper|Parsing artifact substat: hp+269
2026-10-01 08:00:11.754|DEBUG|ArtifactScraper|Parsing artifact substat: elementalmastery+19
2026-10-01 08:00:11.885|DEBUG|ArtifactScraper|Parsing artifact substat: atk+16
2026-10-01 08:00:11.885|DEBUG|ArtifactScraper|Parsing artifact substat: critrate+3.1%
2026-10-01 08:00:11.885|DEBUG|ArtifactScraper|Parsing artifact substat: critdmg+5.4%
2026-10-01 08:00:11.885|DEBUG|ArtifactScraper|Parsing artifact substat: hp+269
2026-10-01 08:00:11.981|DEBUG|ArtifactScraper|Parsing artifact substat: critrate+3.9%
2026-10-01 08:00:11.981|DEBUG|ArtifactScraper|Parsing artifact substat: hp+4.1%
2026-10-01 08:00:11.981|DEBUG|ArtifactScraper|Parsing artifact substat: atk+16
2026-10-01 08:00:11.981|DEBUG|ArtifactScraper|Parsing artifact substat: atk+4.1%
2026-10-01 08:00:12.244|DEBUG|ArtifactScraper|Parsing artifact substat: atk+18
2026-10-01 08:00:12.244|DEBUG|ArtifactScraper|Parsing artifact substat: critrate+3.9%
2026-10-01 08:00:12.244|DEBUG|ArtifactScraper|Parsing artifact substat: energyrecharge+6.5%
2026-10-01 08:00:12.244|DEBUG|ArtifactScraper|Parsing artifact substat: hp+299
2026-10-01 08:00:12.338|DEBUG|ArtifactScraper|Parsing artifact substat: elementalmastery+19
2026-10-01 08:00:12.338|DEBUG|ArtifactScraper|Parsing artifact substat: def+6.6%
2026-10-01 08:00:12.338|DEBUG|ArtifactScraper|Parsing artifact substat: def+23
2026-10-01 08:00:12.338|DEBUG|ArtifactScraper|Parsing artifact substat: hp+269
2026-10-01 08:00:12.629|DEBUG|ArtifactScraper|Parsing artifact substat: hp+239
2026-10-01 08:00:12.629|DEBUG|ArtifactScraper|Parsing artifact substat: atk+5.8%
2026-10-01 08:00:12.629|DEBUG|ArtifactScraper|Parsing artifact substat: atk+14
2026-10-01 08:00:12.629|DEBUG|ArtifactScraper|Parsing artifact substat: energyrecharge+5.2%
2026-10-01 08:00:12.710|DEBUG|ArtifactScraper|Parsing artifact substat: hp+5.3%
2026-10-01 08:00:12.710|DEBUG|ArtifactScraper|Parsing artifact substat: hp+269
2026-10-01 08:00:12.710|DEBUG|ArtifactScraper|Parsing artifact substat: def+21
2026-10-01 08:00:12.710|DEBUG|ArtifactScraper|Parsing artifact substat: energyrecharge+5.2%
2026-10-01 08:00:12.921|DEBUG|ArtifactScraper|Parsing artifact substat: atk+14
2026-10-01 08:00:12.921|DEBUG|ArtifactScraper|Parsing artifact substat: atk+4.1%
2026-10-01 08:00:12.921|DEBUG|ArtifactScraper|Parsing artifact substat: def+21
2026-10-01 08:00:12.921|DEBUG|ArtifactScraper|Parsing artifact substat: hp+299(unactivated)
2026-10-01 08:00:13.087|DEBUG|ArtifactScraper|Parsing artifact substat: def+23
2026-10-01 08:00:13.087|DEBUG|ArtifactScraper|Parsing artifact substat: critdmg+7.0%
2026-10-01 08:00:13.087|DEBUG|ArtifactScraper|Parsing artifact substat: atk+14
2026-10-01 08:00:13.087|DEBUG|ArtifactScraper|Parsing artifact substat: hp+269(unactivated)
2026-10-01 08:00:13.271|DEBUG|ArtifactScraper|Parsing artifact substat: atk+18
2026-10-01 08:00:13.271|DEBUG|ArtifactScraper|Parsing artifact substat: energyrecharge+4.5%
2026-10-01 08:00:13.271|DEBUG|ArtifactScraper|Parsing artifact substat: def+23
2026-10-01 08:00:13.271|DEBUG|ArtifactScraper|Parsing artifact substat: critrate+3.5%(unactivated)
2026-10-01 08:00:13.472|DEBUG|ArtifactScraper|Parsing artifact substat: elementalmastery+16
2026-10-01 08:00:13.472|DEBUG|ArtifactScraper|Parsing artifact substat: def+5.8%
2026-10-01 08:00:13.472|DEBUG|ArtifactScraper|Parsing artifact substat: critdmg+6.2%
2026-10-01 08:00:13.472|DEBUG|ArtifactScraper|Parsing artifact substat: atk+16(unactivated)
2026-10-01 08:00:13.662|DEBUG|ArtifactScraper|Parsing artifact substat: energyrecharge+5.8%
2026-10-01 08:00:13.662|DEBUG|ArtifactScraper|Parsing artifact substat: def+19
2026-10-01 08:00:13.662|DEBUG|ArtifactScraper|Parsing artifact substat: atk+19
2026-10-01 08:00:13.662|DEBUG|ArtifactScraper|Parsing artifact substat: elementalmastery+23
2026-10-01 08:00:13.840|DEBUG|ArtifactScraper|Parsing artifact substat: def+5.8%
2026-10-01 08:00:13.840|DEBUG|ArtifactScraper|Parsing artifact substat: elementalmastery+23
2026-10-01 08:00:13.840|DEBUG|ArtifactScraper|Parsing artifact substat: atk+19
2026-10-01 08:00:13.840|DEBUG|ArtifactScraper|Parsing artifact substat: atk+5.8%(unactivated)
2026-10-01 08:00:14.058|DEBUG|ArtifactScraper|Parsing artifact substat: energyrecharge+4.5%
2026-10-01 08:00:14.058|DEBUG|ArtifactScraper|Parsing artifact substat: hp+239
2026-10-01 08:00:14.058|DEBUG|ArtifactScraper|Parsing artifact substat: hp+4.1%
2026-10-01 08:00:14.058|DEBUG|ArtifactScraper|Parsing artifact substat: elementalmastery+19
2026-10-01 08:00:14.121|DEBUG|ArtifactScraper|Parsing artifact substat: critrate+3.1%
2026-10-01 08:00:14.121|DEBUG|ArtifactScraper|Parsing artifact substat: hp+209
2026-10-01 08:00:14.121|DEBUG|ArtifactScraper|Parsing artifact substat: atk+5.3%
2026-10-01 08:00:14.121|DEBUG|ArtifactScraper|Parsing artifact substat: def+5.1%(unactivated)
2026-10-01 08:00:14.145|DEBUG|ArtifactScraper|Finished queuing page of artifacts. Scrolling...
2026-10-01 08:00:14.429|DEBUG|ArtifactScraper|Parsing artifact substat: atk+18
2026-10-01 08:00:14.429|DEBUG|ArtifactScraper|Parsing artifact substat: critdmg+7.0%
2026-10-01 08:00:14.429|DEBUG|ArtifactScraper|Parsing artifact substat: hp+209
2026-10-01 08:00:14.429|DEBUG|ArtifactScraper|Parsing artifact substat: critrate+3.5%(unactivated)
2026-10-01 08:00:14.496|DEBUG|ArtifactScraper|Parsing artifact substat: elementalmastery+19
2026-10-01 08:00:14.496|DEBUG|ArtifactScraper|Parsing artifact substat: energyrecharge+4.5%
2026-10-01 08:00:14.496|DEBUG|ArtifactScraper|Parsing artifact substat: def+5.1%
2026-10-01 08:00:14.496|DEBUG|ArtifactScraper|Parsing artifact substat: critdmg+7.8%(unactivated)
2026-10-01 08:00:16.421|DEBUG|ArtifactScraper|Scanning artifact page 41
2026-10-01 08:00:16.421|DEBUG|ArtifactScraper|Located 32 possible item locations on page.
2026-10-01 08:00:16.938|DEBUG|ArtifactScraper|Parsing artifact substat: elementalmastery+21
2026-10-01 08:00:16.938|DEBUG|ArtifactScraper|Parsing artifact substat: hp+269
2026-10-01 08:00:16.938|DEBUG|ArtifactScraper|Parsing artifact substat: energyrecharge+5.2%
2026-10-01 08:00:16.938|DEBUG|ArtifactScraper|Parsing artifact substat: atk+18(unactivated)
2026-10-01 08:00:17.109|DEBUG|ArtifactScraper|Parsing artifact substat: atk+4.1%
2026-10-01 08:00:17.109|DEBUG|ArtifactScraper|Parsing artifact substat: def+7.3%
2026-10-01 08:00:17.109|DEBUG|ArtifactScraper|Parsing artifact substat: atk+18
2026-10-01 08:00:17.109|DEBUG|ArtifactScraper|Parsing artifact substat: energyrecharge+5.8%
2026-10-01 08:00:17.326|DEBUG|ArtifactScraper|Parsing artifact substat: atk+4.7%
2026-10-01 08:00:17.326|DEBUG|ArtifactScraper|Parsing artifact substat: atk+14
2026-10-01 08:00:17.326|DEBUG|ArtifactScraper|Parsing artifact substat: def+5.8%
2026-10-01 08:00:17.326|DEBUG|ArtifactScraper|Parsing artifact substat: hp+209(unactivated)
2026-10-01 08:00:17.520|DEBUG|ArtifactScraper|Parsing artifact substat: critrate+3.5%
2026-10-01 08:00:17.520|DEBUG|ArtifactScraper|Parsing artifact substat: hp+239
2026-10-01 08:00:17.520|DEBUG|ArtifactScraper|Parsing artifact substat: atk+4.7%
2026-10-01 08:00:17.520|DEBUG|ArtifactScraper|Parsing artifact substat: def+23(unactivated)
2026-10-01 08:00:17.659|DEBUG|ArtifactScraper|Parsing artifact substat: def+21
2026-10-01 08:00:17.659|DEBUG|ArtifactScraper|Parsing artifact substat: atk+5.3%
2026-10-01 08:00:17.659|DEBUG|ArtifactScraper|Parsing artifact substat: atk+16
2026-10-01 08:00:17.659|DEBUG|ArtifactScraper|Parsing artifact substat: energyrecharge+5.2%
2026-10-01 08:00:17.965|DEBUG|ArtifactScraper|Parsing artifact substat: elementalmastery+19
2026-10-01 08:00:17.965|DEBUG|ArtifactScraper|Parsing artifact substat: atk+5.3%
2026-10-01 08:00:17.965|DEBUG|ArtifactScraper|Parsing artifact substat: energyrecharge+6.5%
2026-10-01 08:00:17.965|DEBUG|ArtifactScraper|Parsing artifact substat: hp+209(unactivated)
2026-10-01 08:00:17.987|DEBUG|ArtifactScraper|Parsing artifact substat: def+16
2026-10-01 08:00:17.987|DEBUG|ArtifactScraper|Parsing artifact substat: hp+4.1%
2026-10-01 08:00:17.987|DEBUG|ArtifactScraper|Parsing artifact substat: energyrecharge+6.5%
2026-10-01 08:00:17.987|DEBUG|ArtifactScraper|Parsing artifact substat: hp+299(unactivated)
2026-10-01 08:00:18.363|DEBUG|ArtifactScraper|Parsing artifact substat: atk+16
2026-10-01 08:00:18.363|DEBUG|ArtifactScraper|Parsing artifact substat: energyrecharge+5.8%
2026-10-01 08:00:18.363|DEBUG|ArtifactScraper|Parsing artifact substat: def+5.1%
2026-10-01 08:00:18.363|DEBUG|ArtifactScraper|Parsing artifact substat: atk+5.8%
2026-10-01 08:00:18.363|DEBUG|ArtifactScraper|Parsing artifact substat: energyrecharge+4.5%
2026-10-01 08:00:18.363|DEBUG|ArtifactScraper|Parsing artifact substat: atk+19
2026-10-01 08:00:18.363|DEBUG|ArtifactScraper|Parsing artifact substat: def+19
2026-10-01 08:00:18.363|DEBUG|ArtifactScraper|Parsing artifact substat: critrate+3.1%(unactivated)
2026-10-01 08:00:18.703|DEBUG|ArtifactScraper|Parsing artifact substat: atk+18
2026-10-01 08:00:18.703|DEBUG|ArtifactScraper|Parsing artifact substat: hp+5.3%
2026-10-01 08:00:18.703|DEBUG|ArtifactScraper|Parsing artifact substat: energyrecharge+6.5%
2026-10-01 08:00:18.703|DEBUG|ArtifactScraper|Parsing artifact substat: def+23(unactivated)
2026-10-01 08:00:18.800|DEBUG|ArtifactScraper|Parsing artifact substat: atk+16
2026-10-01 08:00:18.800|DEBUG|ArtifactScraper|Parsing artifact substat: def+21
2026-10-01 08:00:18.800|DEBUG|ArtifactScraper|Parsing artifact substat: atk+5.3%
2026-10-01 08:00:18.800|DEBUG|ArtifactScraper|Parsing artifact substat: energyrecharge+4.5%
2026-10-01 08:00:18.832|DEBUG|ArtifactScraper|Parsing artifact substat: hp+5.3%
2026-10-01 08:00:18.832|DEBUG|ArtifactScraper|Parsing artifact substat: hp+239
2026-10-01 08:00:18.832|DEBUG|ArtifactScraper|Parsing artifact substat: critrate+3.9%
2026-10-01 08:00:18.832|DEBUG|ArtifactScraper|Parsing artifact substat: energyrecharge+6.5%
2026-10-01 08:00:19.105|DEBUG|ArtifactScraper|Parsing artifact substat: hp+299
2026-10-01 08:00:19.105|DEBUG|ArtifactScraper|Parsing artifact substat: def+5.1%
2026-10-01 08:00:19.105|DEBUG|ArtifactScraper|Parsing artifact substat: atk+4.7%
2026-10-01 08:00:19.105|DEBUG|ArtifactScraper|Parsing artifact substat: def+21(unactivated)
2026-10-01 08:00:19.206|DEBUG|ArtifactScraper|Parsing artifact substat: hp+5.8%
2026-10-01 08:00:19.206|DEBUG|ArtifactScraper|Parsing artifact substat: elementalmastery+16
2026-10-01 08:00:19.206|DEBUG|ArtifactScraper|Parsing artifact substat: def+16
2026-10-01 08:00:19.206|DEBUG|ArtifactScraper|Parsing artifact substat: atk+5.3%(unactivated)
2026-10-01 08:00:19.489|DEBUG|ArtifactScraper|Parsing artifact substat: atk+16
2026-10-01 08:00:19.489|DEBUG|ArtifactScraper|Parsing artifact substat: critdmg+5.4%
2026-10-01 08:00:19.489|DEBUG|ArtifactScraper|Parsing artifact substat: hp+209
2026-10-01 08:00:19.489|DEBUG|ArtifactScraper|Parsing artifact substat: energyrecharge+5.2%
2026-10-01 08:00:19.540|DEBUG|ArtifactScraper|Parsing artifact substat: energyrecharge+4.5%
2026-10-01 08:00:19.540|DEBUG|ArtifactScraper|Parsing artifact substat: elementalmastery+23
2026-10-01 08:00:19.540|DEBUG|ArtifactScraper|Parsing artifact substat: atk+5.8%
2026-10-01 08:00:19.540|DEBUG|ArtifactScraper|Parsing artifact substat: hp+269(unactivated)
2026-10-01 08:00:19.866|DEBUG|ArtifactScraper|Parsing artifact substat: atk+18
2026-10-01 08:00:19.866|DEBUG|ArtifactScraper|Parsing artifact substat: atk+4.7%
2026-10-01 08:00:19.866|DEBUG|ArtifactScraper|Parsing artifact substat: def+16
2026-10-01 08:00:19.866|DEBUG|ArtifactScraper|Parsing artifact substat: elementalmastery+23
2026-10-01 08:00:19.906|DEBUG|ArtifactScraper|Parsing artifact substat: hp+4.7%
2026-10-01 08:00:19.906|DEBUG|ArtifactScraper|Parsing artifact substat: hp+269
2026-10-01 08:00:19.906|DEBUG|ArtifactScraper|Parsing artifact substat: atk+16
2026-10-01 08:00:19.906|DEBUG|ArtifactScraper|Parsing artifact substat: critdmg+6.2%(unactivated)
2026-10-01 08:00:20.235|DEBUG|ArtifactScraper|Parsing artifact substat: atk+5.3%
2026-10-01 08:00:20.235|DEBUG|ArtifactScraper|Parsing artifact substat: critdmg+6.2%
2026-10-01 08:00:20.235|DEBUG|ArtifactScraper|Parsing artifact substat: def+7.3%
2026-10-01 08:00:20.235|DEBUG|ArtifactScraper|Parsing artifact substat: hp+4.7%(unactivated)
2026-10-01 08:00:20.308|DEBUG|ArtifactScraper|Parsing artifact substat: hp+209
2026-10-01 08:00:20.308|DEBUG|ArtifactScraper|Parsing artifact substat: def+16
2026-10-01 08:00:20.308|DEBUG|ArtifactScraper|Parsing artifact substat: energyrecharge+5.2%
2026-10-01 08:00:20.308|DEBUG|ArtifactScraper|Parsing artifact substat: elementalmastery+19
2026-10-01 08:00:20.611|DEBUG|ArtifactScraper|Parsing artifact substat: atk+19
2026-10-01 08:00:20.611|DEBUG|ArtifactScraper|Parsing artifact substat: hp+5.8%
2026-10-01 08:00:20.611|DEBUG|ArtifactScraper|Parsing artifact substat: elementalmastery+16
2026-10-01 08:00:20.611|DEBUG|ArtifactScraper|Parsing artifact substat: hp+239(unactivated)
2026-10-01 08:00:20.695|DEBUG|ArtifactScraper|Parsing artifact substat: critrate+3.5%
2026-10-01 08:00:20.695|DEBUG|ArtifactScraper|Parsing artifact substat: elementalmastery+19
2026-10-01 08:00:20.695|DEBUG|ArtifactScraper|Parsing artifact substat: atk+19
2026-10-01 08:00:20.695|DEBUG|ArtifactScraper|Parsing artifact substat: hp+299(unactivated)
2026-10-01 08:00:21.062|DEBUG|ArtifactScraper|Parsing artifact substat: atk+19
2026-10-01 08:00:21.062|DEBUG|ArtifactScraper|Parsing artifact substat: elementalmastery+23
2026-10-01 08:00:21.062|DEBUG|ArtifactScraper|Parsing artifact substat: atk+5.3%
2026-10-01 08:00:21.062|DEBUG|ArtifactScraper|Parsing artifact substat: def+5.8%
2026-10-01 08:00:21.062|DEBUG|ArtifactScraper|Parsing artifact substat: def+23
2026-10-01 08:00:21.062|DEBUG|ArtifactScraper|Parsing artifact substat: hp+4.7%
2026-10-01 08:00:21.062|DEBUG|ArtifactScraper|Parsing artifact substat: atk+19
2026-10-01 08:00:21.062|DEBUG|ArtifactScraper|Parsing artifact substat: critrate+3.5%(unactivated)
2026-10-01 08:00:21.177|DEBUG|ArtifactScraper|Parsing artifact substat: hp+269
2026-10-01 08:00:21.177|DEBUG|ArtifactScraper|Parsing artifact substat: critrate+3.5%
2026-10-01 08:00:21.177|DEBUG|ArtifactScraper|Parsing artifact substat: atk+16
2026-10-01 08:00:21.177|DEBUG|ArtifactScraper|Parsing artifact substat: elementalmastery+21
2026-10-01 08:00:21.508|DEBUG|ArtifactScraper|Parsing artifact substat: hp+299
2026-10-01 08:00:21.508|DEBUG|ArtifactScraper|Parsing artifact substat: atk+16
2026-10-01 08:00:21.508|DEBUG|ArtifactScraper|Parsing artifact substat: def+23
2026-10-01 08:00:21.508|DEBUG|ArtifactScraper|Parsing artifact substat: elementalmastery+23
2026-10-01 08:00:21.508|DEBUG|ArtifactScraper|Parsing artifact substat: def+23
2026-10-01 08:00:21.508|DEBUG|ArtifactScraper|Parsing artifact substat: elementalmastery+21
2026-10-01 08:00:21.508|DEBUG|ArtifactScraper|Parsing artifact substat: critdmg+7.0%
2026-10-01 08:00:21.508|DEBUG|ArtifactScraper|Parsing artifact substat: hp+4.7%
2026-10-01 08:00:21.803|DEBUG|ArtifactScraper|Parsing artifact substat: atk+5.8%
2026-10-01 08:00:21.803|DEBUG|ArtifactScraper|Parsing artifact substat: def+16
2026-10-01 08:00:21.803|DEBUG|ArtifactScraper|Parsing artifact substat: hp+209
2026-10-01 08:00:21.803|DEBUG|ArtifactScraper|Parsing artifact substat: def+7.3%
2026-10-01 08:00:21.929|DEBUG|ArtifactScraper|Parsing artifact substat: elementalmastery+23
2026-10-01 08:00:21.929|DEBUG|ArtifactScraper|Parsing artifact substat: atk+4.7%
2026-10-01 08:00:21.929|DEBUG|ArtifactScraper|Parsing artifact substat: critrate+3.5%
2026-10-01 08:00:21.929|DEBUG|ArtifactScraper|Parsing artifact substat: atk+16
2026-10-01 08:00:22.032|DEBUG|ArtifactScraper|Finished queuing page of artifacts. Scrolling...
2026-10-01 08:00:22.243|DEBUG|ArtifactScraper|Parsing artifact substat: hp+239
2026-10-01 08:00:22.243|DEBUG|ArtifactScraper|Parsing artifact substat: elementalmastery+21
2026-10-01 08:00:22.243|DEBUG|ArtifactScraper|Parsing artifact substat: atk+16
2026-10-01 08:00:22.243|DEBUG|ArtifactScraper|Parsing artifact substat: hp+5.8%(unactivated)
2026-10-01 08:00:22.254|DEBUG|ArtifactScraper|Parsing artifact substat: hp+209
2026-10-01 08:00:22.254|DEBUG|ArtifactScraper|Parsing artifact substat: energyrecharge+5.2%
2026-10-01 08:00:22.254|DEBUG|ArtifactScraper|Parsing artifact substat: elementalmastery+23
2026-10-01 08:00:22.254|DEBUG|ArtifactScraper|Parsing artifact substat: def+23(unactivated)
2026-10-01 08:00:22.531|DEBUG|ArtifactScraper|Parsing artifact substat: hp+209
2026-10-01 08:00:22.531|DEBUG|ArtifactScraper|Parsing artifact substat: atk+18
2026-10-01 08:00:22.531|DEBUG|ArtifactScraper|Parsing artifact substat: def+19
2026-10-01 08:00:22.531|DEBUG|ArtifactScraper|Parsing artifact substat: elementalmastery+19
2026-10-01 08:00:24.434|DEBUG|ArtifactScraper|Scanning artifact page 42
2026-10-01 08:00:24.434|DEBUG|ArtifactScraper|Located 32 possible item locations on page.
2026-10-01 08:00:24.893|DEBUG|ArtifactScraper|Parsing artifact substat: def+21
2026-10-01 08:00:24.893|DEBUG|ArtifactScraper|Parsing artifact substat: critdmg+7.8%
2026-10-01 08:00:24.893|DEBUG|ArtifactScraper|Parsing artifact substat: hp+209
2026-10-01 08:00:24.893|DEBUG|ArtifactScraper|Parsing artifact substat: atk+18(unactivated)
2026-10-01 08:00:25.261|DEBUG|ArtifactScraper|Parsing artifact substat: atk+18
2026-10-01 08:00:25.261|DEBUG|ArtifactScraper|Parsing artifact substat: critrate+2.7%
2026-10-01 08:00:25.261|DEBUG|ArtifactScraper|Parsing artifact substat: hp+269
2026-10-01 08:00:25.261|DEBUG|ArtifactScraper|Parsing artifact substat: def+16(unactivated)
2026-10-01 08:00:25.338|DEBUG|ArtifactScraper|Parsing artifact substat: def+16
2026-10-01 08:00:25.338|DEBUG|ArtifactScraper|Parsing artifact substat: elementalmastery+19
2026-10-01 08:00:25.338|DEBUG|ArtifactScraper|Parsing artifact substat: atk+18
2026-10-01 08:00:25.338|DEBUG|ArtifactScraper|Parsing artifact substat: critdmg+7.0%(unactivated)
2026-10-01 08:00:25.572|DEBUG|ArtifactScraper|Parsing artifact substat: hp+209
2026-10-01 08:00:25.572|DEBUG|ArtifactScraper|Parsing artifact substat: atk+16
2026-10-01 08:00:25.572|DEBUG|ArtifactScraper|Parsing artifact substat: elementalmastery+21
2026-10-01 08:00:25.572|DEBUG|ArtifactScraper|Parsing artifact substat: def+21(unactivated)
2026-10-01 08:00:25.758|DEBUG|ArtifactScraper|Parsing artifact substat: atk+16
2026-10-01 08:00:25.758|DEBUG|ArtifactScraper|Parsing artifact substat: energyrecharge+6.5%
2026-10-01 08:00:25.758|DEBUG|ArtifactScraper|Parsing artifact substat: def+23
2026-10-01 08:00:25.758|DEBUG|ArtifactScraper|Parsing artifact substat: critrate+3.1%(unactivated)
2026-10-01 08:00:26.080|DEBUG|ArtifactScraper|Parsing artifact substat: atk+18
2026-10-01 08:00:26.080|DEBUG|ArtifactScraper|Parsing artifact substat: critdmg+5.4%
2026-10-01 08:00:26.080|DEBUG|ArtifactScraper|Parsing artifact substat: hp+299
2026-10-01 08:00:26.080|DEBUG|ArtifactScraper|Parsing artifact substat: def+21(unactivated)
2026-10-01 08:00:26.090|DEBUG|ArtifactScraper|Parsing artifact substat: def+19
2026-10-01 08:00:26.090|DEBUG|ArtifactScraper|Parsing artifact substat: elementalmastery+19
2026-10-01 08:00:26.090|DEBUG|ArtifactScraper|Parsing artifact substat: hp+209
2026-10-01 08:00:26.090|DEBUG|ArtifactScraper|Parsing artifact substat: energyrecharge+4.5%
2026-10-01 08:00:26.265|DEBUG|ArtifactScraper|Parsing artifact substat: atk+18
2026-10-01 08:00:26.265|DEBUG|ArtifactScraper|Parsing artifact substat: elementalmastery+21
2026-10-01 08:00:26.265|DEBUG|ArtifactScraper|Parsing artifact substat: def+21
2026-10-01 08:00:26.265|DEBUG|ArtifactScraper|Parsing artifact substat: hp+239(unactivated)
2026-10-01 08:00:26.528|DEBUG|ArtifactScraper|Parsing artifact substat: hp+5.3%
2026-10-01 08:00:26.528|DEBUG|ArtifactScraper|Parsing artifact substat: hp+299
2026-10-01 08:00:26.528|DEBUG|ArtifactScraper|Parsing artifact substat: critdmg+5.4%
2026-10-01 08:00:26.528|DEBUG|ArtifactScraper|Parsing artifact substat: atk+18(unactivated)
2026-10-01 08:00:26.740|DEBUG|ArtifactScraper|Parsing artifact substat: atk+14
2026-10-01 08:00:26.740|DEBUG|ArtifactScraper|Parsing artifact substat: elementalmastery+21
2026-10-01 08:00:26.740|DEBUG|ArtifactScraper|Parsing artifact substat: hp+5.8%
2026-10-01 08:00:26.740|DEBUG|ArtifactScraper|Parsing artifact substat: energyrecharge+5.2%
2026-10-01 08:00:26.824|DEBUG|ArtifactScraper|Parsing artifact substat: hp+239
2026-10-01 08:00:26.824|DEBUG|ArtifactScraper|Parsing artifact substat: hp+4.1%
2026-10-01 08:00:26.824|DEBUG|ArtifactScraper|Parsing artifact substat: atk+18
2026-10-01 08:00:26.824|DEBUG|ArtifactScraper|Parsing artifact substat: elementalmastery+21
2026-10-01 08:00:26.982|DEBUG|ArtifactScraper|Parsing artifact substat: def+21
2026-10-01 08:00:26.982|DEBUG|ArtifactScraper|Parsing artifact substat: hp+299
2026-10-01 08:00:26.982|DEBUG|ArtifactScraper|Parsing artifact substat: def+5.8%
2026-10-01 08:00:26.982|DEBUG|ArtifactScraper|Parsing artifact substat: critrate+3.1%(unactivated)
2026-10-01 08:00:27.183|DEBUG|ArtifactScraper|Parsing artifact substat: atk+4.1%
2026-10-01 08:00:27.183|DEBUG|ArtifactScraper|Parsing artifact substat: elementalmastery+19
2026-10-01 08:00:27.183|DEBUG|ArtifactScraper|Parsing artifact substat: atk+14
2026-10-01 08:00:27.183|DEBUG|ArtifactScraper|Parsing artifact substat: hp+4.7%(unactivated)
2026-10-01 08:00:27.436|DEBUG|ArtifactScraper|Parsing artifact substat: hp+5.3%
2026-10-01 08:00:27.436|DEBUG|ArtifactScraper|Parsing artifact substat: elementalmastery+21
2026-10-01 08:00:27.436|DEBUG|ArtifactScraper|Parsing artifact substat: def+6.6%
2026-10-01 08:00:27.436|DEBUG|ArtifactScraper|Parsing artifact substat: atk+19
2026-10-01 08:00:27.572|DEBUG|ArtifactScraper|Parsing artifact substat: critrate+3.1%
2026-10-01 08:00:27.572|DEBUG|ArtifactScraper|Parsing artifact substat: hp+239
2026-10-01 08:00:27.572|DEBUG|ArtifactScraper|Parsing artifact substat: hp+4.7%
2026-10-01 08:00:27.572|DEBUG|ArtifactScraper|Parsing artifact substat: atk+18
2026-10-01 08:00:27.611|DEBUG|ArtifactScraper|Parsing artifact substat: hp+239
2026-10-01 08:00:27.611|DEBUG|ArtifactScraper|Parsing artifact substat: atk+5.3%
2026-10-01 08:00:27.611|DEBUG|ArtifactScraper|Parsing artifact substat: def+21
2026-10-01 08:00:27.611|DEBUG|ArtifactScraper|Parsing artifact substat: atk+16
2026-10-01 08:00:27.855|DEBUG|ArtifactScraper|Parsing artifact substat: def+23
2026-10-01 08:00:27.855|DEBUG|ArtifactScraper|Parsing artifact substat: hp+239
2026-10-01 08:00:27.855|DEBUG|ArtifactScraper|Parsing artifact substat: energyrecharge+6.5%
2026-10-01 08:00:27.855|DEBUG|ArtifactScraper|Parsing artifact substat: atk+16
2026-10-01 08:00:27.997|DEBUG|ArtifactScraper|Parsing artifact substat: energyrecharge+5.2%
2026-10-01 08:00:27.997|DEBUG|ArtifactScraper|Parsing artifact substat: critrate+3.1%
2026-10-01 08:00:27.997|DEBUG|ArtifactScraper|Parsing artifact substat: atk+16
2026-10-01 08:00:27.997|DEBUG|ArtifactScraper|Parsing artifact substat: atk+5.8%
2026-10-01 08:00:28.223|DEBUG|ArtifactScraper|Parsing artifact substat: critrate+3.5%
2026-10-01 08:00:28.223|DEBUG|ArtifactScraper|Parsing artifact substat: def+19
2026-10-01 08:00:28.223|DEBUG|ArtifactScraper|Parsing artifact substat: def+5.8%
2026-10-01 08:00:28.223|DEBUG|ArtifactScraper|Parsing artifact substat: atk+4.1%
2026-10-01 08:00:28.387|DEBUG|ArtifactScraper|Parsing artifact substat: def+19
2026-10-01 08:00:28.387|DEBUG|ArtifactScraper|Parsing artifact substat: hp+269
2026-10-01 08:00:28.387|DEBUG|ArtifactScraper|Parsing artifact substat: hp+4.1%
2026-10-01 08:00:28.387|DEBUG|ArtifactScraper|Parsing artifact substat: elementalmastery+19
2026-10-01 08:00:28.590|DEBUG|ArtifactScraper|Parsing artifact substat: atk+18
2026-10-01 08:00:28.590|DEBUG|ArtifactScraper|Parsing artifact substat: energyrecharge+4.5%
2026-10-01 08:00:28.590|DEBUG|ArtifactScraper|Parsing artifact substat: hp+269
2026-10-01 08:00:28.590|DEBUG|ArtifactScraper|Parsing artifact substat: elementalmastery+21
2026-10-01 08:00:28.791|DEBUG|ArtifactScraper|Parsing artifact substat: def+21
2026-10-01 08:00:28.791|DEBUG|ArtifactScraper|Parsing artifact substat: hp+209
2026-10-01 08:00:28.791|DEBUG|ArtifactScraper|Parsing artifact substat: def+7.3%
2026-10-01 08:00:28.791|DEBUG|ArtifactScraper|Parsing artifact substat: energyrecharge+4.5%
2026-10-01 08:00:28.877|DEBUG|ArtifactScraper|Parsing artifact substat: hp+269
2026-10-01 08:00:28.877|DEBUG|ArtifactScraper|Parsing artifact substat: def+23
2026-10-01 08:00:28.877|DEBUG|ArtifactScraper|Parsing artifact substat: atk+5.8%
2026-10-01 08:00:28.877|DEBUG|ArtifactScraper|Parsing artifact substat: critdmg+6.2%
2026-10-01 08:00:29.202|DEBUG|ArtifactScraper|Parsing artifact substat: critdmg+5.4%
2026-10-01 08:00:29.202|DEBUG|ArtifactScraper|Parsing artifact substat: atk+18
2026-10-01 08:00:29.202|DEBUG|ArtifactScraper|Parsing artifact substat: critrate+3.9%
2026-10-01 08:00:29.202|DEBUG|ArtifactScraper|Parsing artifact substat: hp+5.8%
2026-10-01 08:00:29.261|DEBUG|ArtifactScraper|Parsing artifact substat: atk+19
2026-10-01 08:00:29.261|DEBUG|ArtifactScraper|Parsing artifact substat: hp+299
2026-10-01 08:00:29.261|DEBUG|ArtifactScraper|Parsing artifact substat: def+23
2026-10-01 08:00:29.261|DEBUG|ArtifactScraper|Parsing artifact substat: def+7.3%
2026-10-01 08:00:29.571|DEBUG|ArtifactScraper|Parsing artifact substat: def+21
2026-10-01 08:00:29.571|DEBUG|ArtifactScraper|Parsing artifact substat: elementalmastery+19
2026-10-01 08:00:29.571|DEBUG|ArtifactScraper|Parsing artifact substat: critrate+3.5%
2026-10-01 08:00:29.571|DEBUG|ArtifactScraper|Parsing artifact substat: atk+18
2026-10-01 08:00:29.639|DEBUG|ArtifactScraper|Parsing artifact substat: energyrecharge+4.5%
2026-10-01 08:00:29.639|DEBUG|ArtifactScraper|Parsing artifact substat: hp+299
2026-10-01 08:00:29.639|DEBUG|ArtifactScraper|Parsing artifact substat: def+7.3%
2026-10-01 08:00:29.639|DEBUG|ArtifactScraper|Parsing artifact substat: atk+4.1%
2026-10-01 08:00:29.952|DEBUG|ArtifactScraper|Parsing artifact substat: atk+4.1%
2026-10-01 08:00:29.952|DEBUG|ArtifactScraper|Parsing artifact substat: atk+14
2026-10-01 08:00:29.952|DEBUG|ArtifactScraper|Parsing artifact substat: energyrecharge+5.2%
2026-10-01 08:00:29.952|DEBUG|ArtifactScraper|Parsing artifact substat: def+23
2026-10-01 08:00:29.976|DEBUG|ArtifactScraper|Parsing artifact substat: def+19
2026-10-01 08:00:29.976|DEBUG|ArtifactScraper|Parsing artifact substat: hp+5.3%
2026-10-01 08:00:29.976|DEBUG|ArtifactScraper|Parsing artifact substat: def+6.6%
2026-10-01 08:00:29.976|DEBUG|ArtifactScraper|Parsing artifact substat: atk+5.8%
2026-10-01 08:00:30.072|DEBUG|ArtifactScraper|Finished queuing page of artifacts. Scrolling...
2026-10-01 08:00:30.354|DEBUG|ArtifactScraper|Parsing artifact substat: energyrecharge+6.5%
2026-10-01 08:00:30.354|DEBUG|ArtifactScraper|Parsing artifact substat: atk+19
2026-10-01 08:00:30.354|DEBUG|ArtifactScraper|Parsing artifact substat: def+19
2026-10-01 08:00:30.354|DEBUG|ArtifactScraper|Parsing artifact substat: atk+4.1%(unactivated)
2026-10-01 08:00:30.434|DEBUG|ArtifactScraper|Parsing artifact substat: hp+239
2026-10-01 08:00:30.434|DEBUG|ArtifactScraper|Parsing artifact substat: critdmg+6.2%
2026-10-01 08:00:30.434|DEBUG|ArtifactScraper|Parsing artifact substat: elementalmastery+23
2026-10-01 08:00:30.434|DEBUG|ArtifactScraper|Parsing artifact substat: critrate+2.7%(unactivated)
2026-10-01 08:00:30.626|DEBUG|ArtifactScraper|Parsing artifact substat: critdmg+5.4%
2026-10-01 08:00:30.626|DEBUG|ArtifactScraper|Parsing artifact substat: hp+5.3%
2026-10-01 08:00:30.626|DEBUG|ArtifactScraper|Parsing artifact substat: hp+269
2026-10-01 08:00:30.626|DEBUG|ArtifactScraper|Parsing artifact substat: def+19(unactivated)
2026-10-01 08:00:32.471|DEBUG|ArtifactScraper|Scanning artifact page 43
2026-10-01 08:00:32.471|DEBUG|ArtifactScraper|Located 32 possible item locations on page.
2026-10-01 08:00:33.017|DEBUG|ArtifactScraper|Parsing artifact substat: atk+14
2026-10-01 08:00:33.017|DEBUG|ArtifactScraper|Parsing artifact substat: hp+4.1%
2026-10-01 08:00:33.017|DEBUG|ArtifactScraper|Parsing artifact substat: critrate+2.7%
2026-10-01 08:00:33.017|DEBUG|ArtifactScraper|Parsing artifact substat: def+16(unactivated)
2026-10-01 08:00:33.104|DEBUG|ArtifactScraper|Parsing artifact substat: atk+4.7%
2026-10-01 08:00:33.104|DEBUG|ArtifactScraper|Parsing artifact substat: atk+16
2026-10-01 08:00:33.104|DEBUG|ArtifactScraper|Parsing artifact substat: hp+4.1%
2026-10-01 08:00:33.104|DEBUG|ArtifactScraper|Parsing artifact substat: def+16(unactivated)
2026-10-01 08:00:33.335|DEBUG|ArtifactScraper|Parsing artifact substat: atk+14
2026-10-01 08:00:33.335|DEBUG|ArtifactScraper|Parsing artifact substat: hp+239
2026-10-01 08:00:33.335|DEBUG|ArtifactScraper|Parsing artifact substat: atk+5.8%
2026-10-01 08:00:33.335|DEBUG|ArtifactScraper|Parsing artifact substat: elementalmastery+16
2026-10-01 08:00:33.545|DEBUG|ArtifactScraper|Parsing artifact substat: elementalmastery+16
2026-10-01 08:00:33.545|DEBUG|ArtifactScraper|Parsing artifact substat: hp+4.7%
2026-10-01 08:00:33.545|DEBUG|ArtifactScraper|Parsing artifact substat: def+23
2026-10-01 08:00:33.545|DEBUG|ArtifactScraper|Parsing artifact substat: def+5.8%(unactivated)
2026-10-01 08:00:33.676|DEBUG|ArtifactScraper|Parsing artifact substat: hp+5.3%
2026-10-01 08:00:33.676|DEBUG|ArtifactScraper|Parsing artifact substat: hp+239
2026-10-01 08:00:33.676|DEBUG|ArtifactScraper|Parsing artifact substat: elementalmastery+21
2026-10-01 08:00:33.676|DEBUG|ArtifactScraper|Parsing artifact substat: def+16(unactivated)
2026-10-01 08:00:33.967|DEBUG|ArtifactScraper|Parsing artifact substat: energyrecharge+4.5%
2026-10-01 08:00:33.967|DEBUG|ArtifactScraper|Parsing artifact substat: def+7.3%
2026-10-01 08:00:33.967|DEBUG|ArtifactScraper|Parsing artifact substat: hp+4.7%
2026-10-01 08:00:33.967|DEBUG|ArtifactScraper|Parsing artifact substat: critdmg+5.4%(unactivated)
2026-10-01 08:00:34.123|DEBUG|ArtifactScraper|Parsing artifact substat: hp+5.3%
2026-10-01 08:00:34.123|DEBUG|ArtifactScraper|Parsing artifact substat: hp+299
2026-10-01 08:00:34.123|DEBUG|ArtifactScraper|Parsing artifact substat: elementalmastery+23
2026-10-01 08:00:34.123|DEBUG|ArtifactScraper|Parsing artifact substat: atk+19(unactivated)
2026-10-01 08:00:34.334|DEBUG|ArtifactScraper|Parsing artifact substat: def+5.1%
2026-10-01 08:00:34.334|DEBUG|ArtifactScraper|Parsing artifact substat: elementalmastery+19
2026-10-01 08:00:34.334|DEBUG|ArtifactScraper|Parsing artifact substat: energyrecharge+5.2%
2026-10-01 08:00:34.334|DEBUG|ArtifactScraper|Parsing artifact substat: critrate+3.9%(unactivated)
2026-10-01 08:00:34.415|DEBUG|ArtifactScraper|Parsing artifact substat: critrate+3.1%
2026-10-01 08:00:34.415|DEBUG|ArtifactScraper|Parsing artifact substat: elementalmastery+19
2026-10-01 08:00:34.415|DEBUG|ArtifactScraper|Parsing artifact substat: atk+18
2026-10-01 08:00:34.415|DEBUG|ArtifactScraper|Parsing artifact substat: critdmg+6.2%(unactivated)
2026-10-01 08:00:34.728|DEBUG|ArtifactScraper|Parsing artifact substat: atk+18
2026-10-01 08:00:34.728|DEBUG|ArtifactScraper|Parsing artifact substat: def+5.8%
2026-10-01 08:00:34.728|DEBUG|ArtifactScraper|Parsing artifact substat: def+21
2026-10-01 08:00:34.728|DEBUG|ArtifactScraper|Parsing artifact substat: critrate+2.7%(unactivated)
2026-10-01 08:00:34.783|DEBUG|ArtifactScraper|Parsing artifact substat: atk+4.1%
2026-10-01 08:00:34.783|DEBUG|ArtifactScraper|Parsing artifact substat: hp+269
2026-10-01 08:00:34.783|DEBUG|ArtifactScraper|Parsing artifact substat: def+7.3%
2026-10-01 08:00:34.783|DEBUG|ArtifactScraper|Parsing artifact substat: atk+14(unactivated)
2026-10-01 08:00:35.059|DEBUG|ArtifactScraper|Parsing artifact substat: def+16
2026-10-01 08:00:35.059|DEBUG|ArtifactScraper|Parsing artifact substat: hp+209
2026-10-01 08:00:35.059|DEBUG|ArtifactScraper|Parsing artifact substat: critrate+3.1%
2026-10-01 08:00:35.059|DEBUG|ArtifactScraper|Parsing artifact substat: critdmg+7.0%(unactivated)
2026-10-01 08:00:35.122|DEBUG|ArtifactScraper|Parsing artifact substat: critdmg+7.0%
2026-10-01 08:00:35.122|DEBUG|ArtifactScraper|Parsing artifact substat: def+6.6%
2026-10-01 08:00:35.122|DEBUG|ArtifactScraper|Parsing artifact substat: critrate+3.1%
2026-10-01 08:00:35.122|DEBUG|ArtifactScraper|Parsing artifact substat: energyrecharge+4.5%
2026-10-01 08:00:35.428|DEBUG|ArtifactScraper|Parsing artifact substat: atk+18
2026-10-01 08:00:35.428|DEBUG|ArtifactScraper|Parsing artifact substat: hp+239
2026-10-01 08:00:35.428|DEBUG|ArtifactScraper|Parsing artifact substat: elementalmastery+23
2026-10-01 08:00:35.428|DEBUG|ArtifactScraper|Parsing artifact substat: def+6.6%(unactivated)
2026-10-01 08:00:35.449|DEBUG|ArtifactScraper|Parsing artifact substat: hp+269
2026-10-01 08:00:35.449|DEBUG|ArtifactScraper|Parsing artifact substat: def+6.6%
2026-10-01 08:00:35.449|DEBUG|ArtifactScraper|Parsing artifact substat: elementalmastery+16
2026-10-01 08:00:35.449|DEBUG|ArtifactScraper|Parsing artifact substat: energyrecharge+5.2%
2026-10-01 08:00:35.742|DEBUG|ArtifactScraper|Parsing artifact substat: atk+18
2026-10-01 08:00:35.742|DEBUG|ArtifactScraper|Parsing artifact substat: def+5.8%
2026-10-01 08:00:35.742|DEBUG|ArtifactScraper|Parsing artifact substat: hp+209
2026-10-01 08:00:35.742|DEBUG|ArtifactScraper|Parsing artifact substat: def+19(unactivated)
2026-10-01 08:00:35.826|DEBUG|ArtifactScraper|Parsing artifact substat: energyrecharge+5.8%
2026-10-01 08:00:35.826|DEBUG|ArtifactScraper|Parsing artifact substat: critrate+2.7%
2026-10-01 08:00:35.826|DEBUG|ArtifactScraper|Parsing artifact substat: atk+18
2026-10-01 08:00:35.826|DEBUG|ArtifactScraper|Parsing artifact substat: atk+4.1%(unactivated)
2026-10-01 08:00:36.082|DEBUG|ArtifactScraper|Parsing artifact substat: hp+5.8%
2026-10-01 08:00:36.082|DEBUG|ArtifactScraper|Parsing artifact substat: def+19
2026-10-01 08:00:36.082|DEBUG|ArtifactScraper|Parsing artifact substat: atk+14
2026-10-01 08:00:36.082|DEBUG|ArtifactScraper|Parsing artifact substat: hp+299
2026-10-01 08:00:36.082|DEBUG|ArtifactScraper|Parsing artifact substat: critrate+2.7%
2026-10-01 08:00:36.082|DEBUG|ArtifactScraper|Parsing artifact substat: def+6.6%
2026-10-01 08:00:36.082|DEBUG|ArtifactScraper|Parsing artifact substat: atk+14
2026-10-01 08:00:36.082|DEBUG|ArtifactScraper|Parsing artifact substat: atk+4.1%(unactivated)
2026-10-01 08:00:36.417|DEBUG|ArtifactScraper|Parsing artifact substat: atk+19
2026-10-01 08:00:36.417|DEBUG|ArtifactScraper|Parsing artifact substat: def+16
2026-10-01 08:00:36.417|DEBUG|ArtifactScraper|Parsing artifact substat: def+6.6%
2026-10-01 08:00:36.417|DEBUG|ArtifactScraper|Parsing artifact substat: atk+5.3%
2026-10-01 08:00:36.447|DEBUG|ArtifactScraper|Parsing artifact substat: def+21
2026-10-01 08:00:36.447|DEBUG|ArtifactScraper|Parsing artifact substat: hp+5.3%
2026-10-01 08:00:36.447|DEBUG|ArtifactScraper|Parsing artifact substat: atk+18
2026-10-01 08:00:36.447|DEBUG|ArtifactScraper|Parsing artifact substat: elementalmastery+21
2026-10-01 08:00:36.708|DEBUG|ArtifactScraper|Parsing artifact substat: hp+209
2026-10-01 08:00:36.708|DEBUG|ArtifactScraper|Parsing artifact substat: atk+5.8%
2026-10-01 08:00:36.708|DEBUG|ArtifactScraper|Parsing artifact substat: critrate+2.7%
2026-10-01 08:00:36.708|DEBUG|ArtifactScraper|Parsing artifact substat: def+21
2026-10-01 08:00:36.784|DEBUG|ArtifactScraper|Parsing artifact substat: critrate+3.1%
2026-10-01 08:00:36.784|DEBUG|ArtifactScraper|Parsing artifact substat: def+19
2026-10-01 08:00:36.784|DEBUG|ArtifactScraper|Parsing artifact substat: elementalmastery+19
2026-10-01 08:00:36.784|DEBUG|ArtifactScraper|Parsing artifact substat: def+5.1%
2026-10-01 08:00:37.083|DEBUG|ArtifactScraper|Parsing artifact substat: energyrecharge+5.2%
2026-10-01 08:00:37.083|DEBUG|ArtifactScraper|Parsing artifact substat: critrate+3.9%
2026-10-01 08:00:37.083|DEBUG|ArtifactScraper|Parsing artifact substat: hp+299
2026-10-01 08:00:37.083|DEBUG|ArtifactScraper|Parsing artifact substat: elementalmastery+19
2026-10-01 08:00:37.114|DEBUG|ArtifactScraper|Parsing artifact substat: atk+16
2026-10-01 08:00:37.114|DEBUG|ArtifactScraper|Parsing artifact substat: def+21
2026-10-01 08:00:37.114|DEBUG|ArtifactScraper|Parsing artifact substat: hp+239
2026-10-01 08:00:37.114|DEBUG|ArtifactScraper|Parsing artifact substat: def+5.8%
2026-10-01 08:00:37.360|DEBUG|ArtifactScraper|Parsing artifact substat: elementalmastery+19
2026-10-01 08:00:37.360|DEBUG|ArtifactScraper|Parsing artifact substat: critrate+3.9%
2026-10-01 08:00:37.360|DEBUG|ArtifactScraper|Parsing artifact substat: atk+19
2026-10-01 08:00:37.360|DEBUG|ArtifactScraper|Parsing artifact substat: energyrecharge+4.5%
2026-10-01 08:00:37.461|DEBUG|ArtifactScraper|Parsing artifact substat: def+5.8%
2026-10-01 08:00:37.461|DEBUG|ArtifactScraper|Parsing artifact substat: energyrecharge+4.5%
2026-10-01 08:00:37.461|DEBUG|ArtifactScraper|Parsing artifact substat: atk+19
2026-10-01 08:00:37.461|DEBUG|ArtifactScraper|Parsing artifact substat: def+23
2026-10-01 08:00:37.741|DEBUG|ArtifactScraper|Parsing artifact substat: elementalmastery+19
2026-10-01 08:00:37.741|DEBUG|ArtifactScraper|Parsing artifact substat: hp+299
2026-10-01 08:00:37.741|DEBUG|ArtifactScraper|Parsing artifact substat: energyrecharge+5.8%
2026-10-01 08:00:37.741|DEBUG|ArtifactScraper|Parsing artifact substat: def+16
2026-10-01 08:00:37.832|DEBUG|ArtifactScraper|Parsing artifact substat: atk+16
2026-10-01 08:00:37.832|DEBUG|ArtifactScraper|Parsing artifact substat: critdmg+7.8%
2026-10-01 08:00:37.832|DEBUG|ArtifactScraper|Parsing artifact substat: def+19
2026-10-01 08:00:37.832|DEBUG|ArtifactScraper|Parsing artifact substat: def+7.3%
2026-10-01 08:00:37.975|DEBUG|ArtifactScraper|Parsing artifact substat: def+16
2026-10-01 08:00:37.975|DEBUG|ArtifactScraper|Parsing artifact substat: def+5.8%
2026-10-01 08:00:37.975|DEBUG|ArtifactScraper|Parsing artifact substat: elementalmastery+23
2026-10-01 08:00:37.975|DEBUG|ArtifactScraper|Parsing artifact substat: hp+4.1%
2026-10-01 08:00:38.044|DEBUG|ArtifactScraper|Finished queuing page of artifacts. Scrolling...
2026-10-01 08:00:38.153|DEBUG|ArtifactScraper|Parsing artifact substat: hp+5.8%
2026-10-01 08:00:38.153|DEBUG|ArtifactScraper|Parsing artifact substat: atk+14
2026-10-01 08:00:38.153|DEBUG|ArtifactScraper|Parsing artifact substat: hp+209
2026-10-01 08:00:38.153|DEBUG|ArtifactScraper|Parsing artifact substat: energyrecharge+5.2%
2026-10-01 08:00:38.305|DEBUG|ArtifactScraper|Parsing artifact substat: atk+14
2026-10-01 08:00:38.305|DEBUG|ArtifactScraper|Parsing artifact substat: critrate+3.5%
2026-10-01 08:00:38.305|DEBUG|ArtifactScraper|Parsing artifact substat: hp+209
2026-10-01 08:00:38.305|DEBUG|ArtifactScraper|Parsing artifact substat: def+16
2026-10-01 08:00:40.196|DEBUG|ArtifactScraper|Scanning artifact page 44
2026-10-01 08:00:40.196|DEBUG|ArtifactScraper|Located 32 possible item locations on page.
2026-10-01 08:00:40.617|DEBUG|ArtifactScraper|Parsing artifact substat: atk+18
2026-10-01 08:00:40.617|DEBUG|ArtifactScraper|Parsing artifact substat: def+23
2026-10-01 08:00:40.617|DEBUG|ArtifactScraper|Parsing artifact substat: atk+4.7%
2026-10-01 08:00:40.617|DEBUG|ArtifactScraper|Parsing artifact substat: elementalmastery+19
2026-10-01 08:00:40.787|DEBUG|ArtifactScraper|Parsing artifact substat: hp+239
2026-10-01 08:00:40.787|DEBUG|ArtifactScraper|Parsing artifact substat: energyrecharge+4.5%
2026-10-01 08:00:40.787|DEBUG|ArtifactScraper|Parsing artifact substat: def+19
2026-10-01 08:00:40.787|DEBUG|ArtifactScraper|Parsing artifact substat: atk+19
2026-10-01 08:00:40.948|DEBUG|ArtifactScraper|Parsing artifact substat: hp+4.7%
2026-10-01 08:00:40.948|DEBUG|ArtifactScraper|Parsing artifact substat: def+16
2026-10-01 08:00:40.948|DEBUG|ArtifactScraper|Parsing artifact substat: hp+239
2026-10-01 08:00:40.948|DEBUG|ArtifactScraper|Parsing artifact substat: def+5.1%
2026-10-01 08:00:41.190|DEBUG|ArtifactScraper|Parsing artifact substat: elementalmastery+19
2026-10-01 08:00:41.190|DEBUG|ArtifactScraper|Parsing artifact substat: hp+4.7%
2026-10-01 08:00:41.190|DEBUG|ArtifactScraper|Parsing artifact substat: def+23
2026-10-01 08:00:41.190|DEBUG|ArtifactScraper|Parsing artifact substat: energyrecharge+5.8%
2026-10-01 08:00:41.395|DEBUG|ArtifactScraper|Parsing artifact substat: hp+209
2026-10-01 08:00:41.395|DEBUG|ArtifactScraper|Parsing artifact substat: def+19
2026-10-01 08:00:41.395|DEBUG|ArtifactScraper|Parsing artifact substat: critdmg+6.2%
2026-10-01 08:00:41.395|DEBUG|ArtifactScraper|Parsing artifact substat: def+5.1%(unactivated)
2026-10-01 08:00:41.554|DEBUG|ArtifactScraper|Parsing artifact substat: hp+239
2026-10-01 08:00:41.554|DEBUG|ArtifactScraper|Parsing artifact substat: energyrecharge+4.5%
2026-10-01 08:00:41.554|DEBUG|ArtifactScraper|Parsing artifact substat: def+21
2026-10-01 08:00:41.554|DEBUG|ArtifactScraper|Parsing artifact substat: atk+18(unactivated)
2026-10-01 08:00:41.755|DEBUG|ArtifactScraper|Parsing artifact substat: atk+4.1%
2026-10-01 08:00:41.755|DEBUG|ArtifactScraper|Parsing artifact substat: hp+5.8%
2026-10-01 08:00:41.755|DEBUG|ArtifactScraper|Parsing artifact substat: critrate+3.5%
2026-10-01 08:00:41.755|DEBUG|ArtifactScraper|Parsing artifact substat: atk+19(unactivated)
2026-10-01 08:00:41.931|DEBUG|ArtifactScraper|Parsing artifact substat: atk+5.8%
2026-10-01 08:00:41.931|DEBUG|ArtifactScraper|Parsing artifact substat: def+23
2026-10-01 08:00:41.931|DEBUG|ArtifactScraper|Parsing artifact substat: critrate+3.9%
2026-10-01 08:00:41.931|DEBUG|ArtifactScraper|Parsing artifact substat: atk+14(unactivated)
2026-10-01 08:00:42.053|DEBUG|ArtifactScraper|Parsing artifact substat: atk+5.8%
2026-10-01 08:00:42.053|DEBUG|ArtifactScraper|Parsing artifact substat: def+21
2026-10-01 08:00:42.053|DEBUG|ArtifactScraper|Parsing artifact substat: hp+299
2026-10-01 08:00:42.053|DEBUG|ArtifactScraper|Parsing artifact substat: atk+16(unactivated)
2026-10-01 08:00:42.294|DEBUG|ArtifactScraper|Parsing artifact substat: hp+299
2026-10-01 08:00:42.294|DEBUG|ArtifactScraper|Parsing artifact substat: critrate+2.7%
2026-10-01 08:00:42.294|DEBUG|ArtifactScraper|Parsing artifact substat: def+5.1%
2026-10-01 08:00:42.294|DEBUG|ArtifactScraper|Parsing artifact substat: hp+4.7%(unactivated)
2026-10-01 08:00:42.366|DEBUG|ArtifactScraper|Parsing artifact substat: def+23
2026-10-01 08:00:42.366|DEBUG|ArtifactScraper|Parsing artifact substat: hp+5.8%
2026-10-01 08:00:42.366|DEBUG|ArtifactScraper|Parsing artifact substat: hp+299
2026-10-01 08:00:42.366|DEBUG|ArtifactScraper|Parsing artifact substat: atk+18(unactivated)
2026-10-01 08:00:42.655|DEBUG|ArtifactScraper|Parsing artifact substat: energyrecharge+4.5%
2026-10-01 08:00:42.655|DEBUG|ArtifactScraper|Parsing artifact substat: hp+239
2026-10-01 08:00:42.655|DEBUG|ArtifactScraper|Parsing artifact substat: def+19
2026-10-01 08:00:42.655|DEBUG|ArtifactScraper|Parsing artifact substat: elementalmastery+23
2026-10-01 08:00:42.759|DEBUG|ArtifactScraper|Parsing artifact substat: hp+269
2026-10-01 08:00:42.759|DEBUG|ArtifactScraper|Parsing artifact substat: elementalmastery+19
2026-10-01 08:00:42.759|DEBUG|ArtifactScraper|Parsing artifact substat: atk+4.7%
2026-10-01 08:00:42.759|DEBUG|ArtifactScraper|Parsing artifact substat: atk+14(unactivated)
2026-10-01 08:00:42.963|DEBUG|ArtifactScraper|Parsing artifact substat: atk+19
2026-10-01 08:00:42.963|DEBUG|ArtifactScraper|Parsing artifact substat: elementalmastery+21
2026-10-01 08:00:42.963|DEBUG|ArtifactScraper|Parsing artifact substat: atk+4.7%
2026-10-01 08:00:42.963|DEBUG|ArtifactScraper|Parsing artifact substat: critrate+3.1%(unactivated)
2026-10-01 08:00:43.127|DEBUG|ArtifactScraper|Parsing artifact substat: critdmg+7.8%
2026-10-01 08:00:43.127|DEBUG|ArtifactScraper|Parsing artifact substat: atk+5.8%
2026-10-01 08:00:43.127|DEBUG|ArtifactScraper|Parsing artifact substat: def+7.3%
2026-10-01 08:00:43.127|DEBUG|ArtifactScraper|Parsing artifact substat: atk+16(unactivated)
2026-10-01 08:00:43.300|DEBUG|ArtifactScraper|Parsing artifact substat: def+19
2026-10-01 08:00:43.300|DEBUG|ArtifactScraper|Parsing artifact substat: elementalmastery+21
2026-10-01 08:00:43.300|DEBUG|ArtifactScraper|Parsing artifact substat: energyrecharge+6.5%
2026-10-01 08:00:43.300|DEBUG|ArtifactScraper|Parsing artifact substat: def+5.1%(unactivated)
2026-10-01 08:00:43.497|DEBUG|ArtifactScraper|Parsing artifact substat: hp+209
2026-10-01 08:00:43.497|DEBUG|ArtifactScraper|Parsing artifact substat: atk+14
2026-10-01 08:00:43.497|DEBUG|ArtifactScraper|Parsing artifact substat: hp+4.1%
2026-10-01 08:00:43.497|DEBUG|ArtifactScraper|Parsing artifact substat: def+7.3%(unactivated)
2026-10-01 08:00:43.597|DEBUG|ArtifactScraper|Parsing artifact substat: hp+5.8%
2026-10-01 08:00:43.597|DEBUG|ArtifactScraper|Parsing artifact substat: def+7.3%
2026-10-01 08:00:43.597|DEBUG|ArtifactScraper|Parsing artifact substat: elementalmastery+23
2026-10-01 08:00:43.597|DEBUG|ArtifactScraper|Parsing artifact substat: def+16(unactivated)
2026-10-01 08:00:43.850|DEBUG|ArtifactScraper|Parsing artifact substat: def+6.6%
2026-10-01 08:00:43.850|DEBUG|ArtifactScraper|Parsing artifact substat: atk+19
2026-10-01 08:00:43.850|DEBUG|ArtifactScraper|Parsing artifact substat: critdmg+6.2%
2026-10-01 08:00:43.850|DEBUG|ArtifactScraper|Parsing artifact substat: hp+269(unactivated)
2026-10-01 08:00:43.961|DEBUG|ArtifactScraper|Parsing artifact substat: hp+269
2026-10-01 08:00:43.961|DEBUG|ArtifactScraper|Parsing artifact substat: atk+16
2026-10-01 08:00:43.961|DEBUG|ArtifactScraper|Parsing artifact substat: critdmg+7.8%
2026-10-01 08:00:43.961|DEBUG|ArtifactScraper|Parsing artifact substat: elementalmastery+23
2026-10-01 08:00:44.181|DEBUG|ArtifactScraper|Parsing artifact substat: energyrecharge+6.5%
2026-10-01 08:00:44.181|DEBUG|ArtifactScraper|Parsing artifact substat: atk+14
2026-10-01 08:00:44.181|DEBUG|ArtifactScraper|Parsing artifact substat: critdmg+7.8%
2026-10-01 08:00:44.181|DEBUG|ArtifactScraper|Parsing artifact substat: hp+239(unactivated)
2026-10-01 08:00:44.353|DEBUG|ArtifactScraper|Parsing artifact substat: critdmg+6.2%
2026-10-01 08:00:44.353|DEBUG|ArtifactScraper|Parsing artifact substat: critrate+3.9%
2026-10-01 08:00:44.353|DEBUG|ArtifactScraper|Parsing artifact substat: atk+5.3%
2026-10-01 08:00:44.353|DEBUG|ArtifactScraper|Parsing artifact substat: elementalmastery+16
2026-10-01 08:00:44.490|DEBUG|ArtifactScraper|Parsing artifact substat: atk+16
2026-10-01 08:00:44.490|DEBUG|ArtifactScraper|Parsing artifact substat: energyrecharge+4.5%
2026-10-01 08:00:44.490|DEBUG|ArtifactScraper|Parsing artifact substat: def+5.8%
2026-10-01 08:00:44.490|DEBUG|ArtifactScraper|Parsing artifact substat: atk+4.7%(unactivated)
2026-10-01 08:00:44.755|DEBUG|ArtifactScraper|Parsing artifact substat: def+5.8%
2026-10-01 08:00:44.755|DEBUG|ArtifactScraper|Parsing artifact substat: energyrecharge+5.2%
2026-10-01 08:00:44.755|DEBUG|ArtifactScraper|Parsing artifact substat: critdmg+6.2%
2026-10-01 08:00:44.755|DEBUG|ArtifactScraper|Parsing artifact substat: elementalmastery+21
2026-10-01 08:00:44.817|DEBUG|ArtifactScraper|Parsing artifact substat: critdmg+7.8%
2026-10-01 08:00:44.817|DEBUG|ArtifactScraper|Parsing artifact substat: def+5.1%
2026-10-01 08:00:44.817|DEBUG|ArtifactScraper|Parsing artifact substat: energyrecharge+5.8%
2026-10-01 08:00:44.817|DEBUG|ArtifactScraper|Parsing artifact substat: elementalmastery+23
2026-10-01 08:00:45.155|DEBUG|ArtifactScraper|Parsing artifact substat: def+5.1%
2026-10-01 08:00:45.155|DEBUG|ArtifactScraper|Parsing artifact substat: critdmg+6.2%
2026-10-01 08:00:45.155|DEBUG|ArtifactScraper|Parsing artifact substat: critrate+3.9%
2026-10-01 08:00:45.155|DEBUG|ArtifactScraper|Parsing artifact substat: atk+4.7%(unactivated)
2026-10-01 08:00:45.167|DEBUG|ArtifactScraper|Parsing artifact substat: energyrecharge+4.5%
2026-10-01 08:00:45.167|DEBUG|ArtifactScraper|Parsing artifact substat: elementalmastery+21
2026-10-01 08:00:45.167|DEBUG|ArtifactScraper|Parsing artifact substat: atk+16
2026-10-01 08:00:45.167|DEBUG|ArtifactScraper|Parsing artifact substat: def+19(unactivated)
2026-10-01 08:00:45.410|DEBUG|ArtifactScraper|Parsing artifact substat: atk+18
2026-10-01 08:00:45.410|DEBUG|ArtifactScraper|Parsing artifact substat: def+7.3%
2026-10-01 08:00:45.410|DEBUG|ArtifactScraper|Parsing artifact substat: def+21
2026-10-01 08:00:45.410|DEBUG|ArtifactScraper|Parsing artifact substat: hp+5.3%
2026-10-01 08:00:45.549|DEBUG|ArtifactScraper|Parsing artifact substat: elementalmastery+23
2026-10-01 08:00:45.549|DEBUG|ArtifactScraper|Parsing artifact substat: hp+299
2026-10-01 08:00:45.549|DEBUG|ArtifactScraper|Parsing artifact substat: def+21
2026-10-01 08:00:45.549|DEBUG|ArtifactScraper|Parsing artifact substat: critrate+3.9%(unactivated)
2026-10-01 08:00:45.648|DEBUG|ArtifactScraper|Finished queuing page of artifacts. Scrolling...
2026-10-01 08:00:45.825|DEBUG|ArtifactScraper|Parsing artifact substat: hp+269
2026-10-01 08:00:45.825|DEBUG|ArtifactScraper|Parsing artifact substat: critrate+2.7%
2026-10-01 08:00:45.825|DEBUG|ArtifactScraper|Parsing artifact substat: elementalmastery+23
2026-10-01 08:00:45.825|DEBUG|ArtifactScraper|Parsing artifact substat: hp+209
2026-10-01 08:00:45.825|DEBUG|ArtifactScraper|Parsing artifact substat: def+5.8%
2026-10-01 08:00:45.825|DEBUG|ArtifactScraper|Parsing artifact substat: elementalmastery+16
2026-10-01 08:00:45.825|DEBUG|ArtifactScraper|Parsing artifact substat: def+21(unactivated)
2026-10-01 08:00:45.825|DEBUG|ArtifactScraper|Parsing artifact substat: critdmg+5.4%(unactivated)
2026-10-01 08:00:46.152|DEBUG|ArtifactScraper|Parsing artifact substat: energyrecharge+5.8%
2026-10-01 08:00:46.152|DEBUG|ArtifactScraper|Parsing artifact substat: hp+299
2026-10-01 08:00:46.152|DEBUG|ArtifactScraper|Parsing artifact substat: critdmg+7.0%
2026-10-01 08:00:46.152|DEBUG|ArtifactScraper|Parsing artifact substat: def+16(unactivated)
2026-10-01 08:00:47.753|DEBUG|ArtifactScraper|Scanning artifact page 45
2026-10-01 08:00:47.753|DEBUG|ArtifactScraper|Located 32 possible item locations on page.
2026-10-01 08:00:48.179|DEBUG|ArtifactScraper|Parsing artifact substat: hp+4.1%
2026-10-01 08:00:48.179|DEBUG|ArtifactScraper|Parsing artifact substat: energyrecharge+5.2%
2026-10-01 08:00:48.179|DEBUG|ArtifactScraper|Parsing artifact substat: atk+16
2026-10-01 08:00:48.467|DEBUG|ArtifactScraper|Parsing artifact substat: critrate+3.9%
2026-10-01 08:00:48.467|DEBUG|ArtifactScraper|Parsing artifact substat: atk+14
2026-10-01 08:00:48.467|DEBUG|ArtifactScraper|Parsing artifact substat: critdmg+7.0%
2026-10-01 08:00:48.467|DEBUG|ArtifactScraper|Parsing artifact substat: def+16
2026-10-01 08:00:48.505|DEBUG|ArtifactScraper|Parsing artifact substat: energyrecharge+6.5%
2026-10-01 08:00:48.505|DEBUG|ArtifactScraper|Parsing artifact substat: def+16
2026-10-01 08:00:48.505|DEBUG|ArtifactScraper|Parsing artifact substat: atk+16
2026-10-01 08:00:48.505|DEBUG|ArtifactScraper|Parsing artifact substat: hp+239
2026-10-01 08:00:48.748|DEBUG|ArtifactScraper|Parsing artifact substat: def+7.3%
2026-10-01 08:00:48.748|DEBUG|ArtifactScraper|Parsing artifact substat: atk+19
2026-10-01 08:00:48.748|DEBUG|ArtifactScraper|Parsing artifact substat: def+16
2026-10-01 08:00:48.748|DEBUG|ArtifactScraper|Parsing artifact substat: elementalmastery+19
2026-10-01 08:00:49.097|DEBUG|ArtifactScraper|Parsing artifact substat: hp+209
2026-10-01 08:00:49.097|DEBUG|ArtifactScraper|Parsing artifact substat: energyrecharge+4.5%
2026-10-01 08:00:49.097|DEBUG|ArtifactScraper|Parsing artifact substat: atk+5.3%
2026-10-01 08:00:49.097|DEBUG|ArtifactScraper|Parsing artifact substat: critrate+3.1%(unactivated)
2026-10-01 08:00:49.097|DEBUG|ArtifactScraper|Parsing artifact substat: elementalmastery+21
2026-10-01 08:00:49.097|DEBUG|ArtifactScraper|Parsing artifact substat: def+16
2026-10-01 08:00:49.097|DEBUG|ArtifactScraper|Parsing artifact substat: atk+14
2026-10-01 08:00:49.097|DEBUG|ArtifactScraper|Parsing artifact substat: critdmg+6.2%(unactivated)
2026-10-01 08:00:49.402|DEBUG|ArtifactScraper|Parsing artifact substat: atk+5.8%
2026-10-01 08:00:49.402|DEBUG|ArtifactScraper|Parsing artifact substat: energyrecharge+6.5%
2026-10-01 08:00:49.402|DEBUG|ArtifactScraper|Parsing artifact substat: atk+18
2026-10-01 08:00:49.402|DEBUG|ArtifactScraper|Parsing artifact substat: hp+299(unactivated)
2026-10-01 08:00:49.478|DEBUG|ArtifactScraper|Parsing artifact substat: energyrecharge+6.5%
2026-10-01 08:00:49.478|DEBUG|ArtifactScraper|Parsing artifact substat: atk+18
2026-10-01 08:00:49.478|DEBUG|ArtifactScraper|Parsing artifact substat: def+19
2026-10-01 08:00:49.478|DEBUG|ArtifactScraper|Parsing artifact substat: elementalmastery+16
2026-10-01 08:00:49.756|DEBUG|ArtifactScraper|Parsing artifact substat: energyrecharge+5.2%
2026-10-01 08:00:49.756|DEBUG|ArtifactScraper|Parsing artifact substat: atk+19
2026-10-01 08:00:49.756|DEBUG|ArtifactScraper|Parsing artifact substat: hp+4.7%
2026-10-01 08:00:49.756|DEBUG|ArtifactScraper|Parsing artifact substat: hp+269(unactivated)
2026-10-01 08:00:49.815|DEBUG|ArtifactScraper|Parsing artifact substat: def+7.3%
2026-10-01 08:00:49.815|DEBUG|ArtifactScraper|Parsing artifact substat: critrate+3.1%
2026-10-01 08:00:49.815|DEBUG|ArtifactScraper|Parsing artifact substat: energyrecharge+6.5%
2026-10-01 08:00:49.815|DEBUG|ArtifactScraper|Parsing artifact substat: hp+299(unactivated)
2026-10-01 08:00:50.157|DEBUG|ArtifactScraper|Parsing artifact substat: elementalmastery+19
2026-10-01 08:00:50.157|DEBUG|ArtifactScraper|Parsing artifact substat: def+7.3%
2026-10-01 08:00:50.157|DEBUG|ArtifactScraper|Parsing artifact substat: energyrecharge+6.5%
2026-10-01 08:00:50.157|DEBUG|ArtifactScraper|Parsing artifact substat: atk+16(unactivated)
2026-10-01 08:00:50.188|DEBUG|ArtifactScraper|Parsing artifact substat: critdmg+7.0%
2026-10-01 08:00:50.188|DEBUG|ArtifactScraper|Parsing artifact substat: elementalmastery+16
2026-10-01 08:00:50.188|DEBUG|ArtifactScraper|Parsing artifact substat: atk+5.8%
2026-10-01 08:00:50.188|DEBUG|ArtifactScraper|Parsing artifact substat: hp+269
2026-10-01 08:00:50.552|DEBUG|ArtifactScraper|Parsing artifact substat: hp+209
2026-10-01 08:00:50.552|DEBUG|ArtifactScraper|Parsing artifact substat: critrate+3.1%
2026-10-01 08:00:50.552|DEBUG|ArtifactScraper|Parsing artifact substat: def+23
2026-10-01 08:00:50.552|DEBUG|ArtifactScraper|Parsing artifact substat: energyrecharge+5.2%
2026-10-01 08:00:50.660|DEBUG|ArtifactScraper|Parsing artifact substat: energyrecharge+5.8%
2026-10-01 08:00:50.660|DEBUG|ArtifactScraper|Parsing artifact substat: hp+239
2026-10-01 08:00:50.660|DEBUG|ArtifactScraper|Parsing artifact substat: def+19
2026-10-01 08:00:50.660|DEBUG|ArtifactScraper|Parsing artifact substat: elementalmastery+19
2026-10-01 08:00:50.660|DEBUG|ArtifactScraper|Parsing artifact substat: hp+239
2026-10-01 08:00:50.660|DEBUG|ArtifactScraper|Parsing artifact substat: atk+19
2026-10-01 08:00:50.660|DEBUG|ArtifactScraper|Parsing artifact substat: hp+4.7%
2026-10-01 08:00:50.660|DEBUG|ArtifactScraper|Parsing artifact substat: atk+5.3%(unactivated)
2026-10-01 08:00:51.014|DEBUG|ArtifactScraper|Parsing artifact substat: def+19
2026-10-01 08:00:51.014|DEBUG|ArtifactScraper|Parsing artifact substat: atk+16
2026-10-01 08:00:51.014|DEBUG|ArtifactScraper|Parsing artifact substat: critrate+3.1%
2026-10-01 08:00:51.014|DEBUG|ArtifactScraper|Parsing artifact substat: energyrecharge+6.5%
2026-10-01 08:00:51.283|DEBUG|ArtifactScraper|Parsing artifact substat: def+7.3%
2026-10-01 08:00:51.283|DEBUG|ArtifactScraper|Parsing artifact substat: atk+4.1%
2026-10-01 08:00:51.283|DEBUG|ArtifactScraper|Parsing artifact substat: critdmg+5.4%
2026-10-01 08:00:51.283|DEBUG|ArtifactScraper|Parsing artifact substat: energyrecharge+5.8%
2026-10-01 08:00:51.313|DEBUG|ArtifactScraper|Parsing artifact substat: critdmg+7.8%
2026-10-01 08:00:51.313|DEBUG|ArtifactScraper|Parsing artifact substat: energyrecharge+4.5%
2026-10-01 08:00:51.313|DEBUG|ArtifactScraper|Parsing artifact substat: def+21
2026-10-01 08:00:51.313|DEBUG|ArtifactScraper|Parsing artifact substat: atk+4.7%(unactivated)
2026-10-01 08:00:51.473|DEBUG|ArtifactScraper|Parsing artifact substat: def+19
2026-10-01 08:00:51.473|DEBUG|ArtifactScraper|Parsing artifact substat: atk+4.7%
2026-10-01 08:00:51.473|DEBUG|ArtifactScraper|Parsing artifact substat: def+5.8%
2026-10-01 08:00:51.473|DEBUG|ArtifactScraper|Parsing artifact substat: elementalmastery+19
2026-10-01 08:00:51.804|DEBUG|ArtifactScraper|Parsing artifact substat: hp+299
2026-10-01 08:00:51.804|DEBUG|ArtifactScraper|Parsing artifact substat: critdmg+7.8%
2026-10-01 08:00:51.804|DEBUG|ArtifactScraper|Parsing artifact substat: hp+5.3%
2026-10-01 08:00:51.804|DEBUG|ArtifactScraper|Parsing artifact substat: atk+16(unactivated)
2026-10-01 08:00:51.804|DEBUG|ArtifactScraper|Parsing artifact substat: critdmg+7.8%
2026-10-01 08:00:51.804|DEBUG|ArtifactScraper|Parsing artifact substat: atk+18
2026-10-01 08:00:51.804|DEBUG|ArtifactScraper|Parsing artifact substat: hp+5.8%
2026-10-01 08:00:51.804|DEBUG|ArtifactScraper|Parsing artifact substat: critrate+3.5%(unactivated)
2026-10-01 08:00:51.922|DEBUG|ArtifactScraper|Parsing artifact substat: hp+239
2026-10-01 08:00:51.922|DEBUG|ArtifactScraper|Parsing artifact substat: def+23
2026-10-01 08:00:51.922|DEBUG|ArtifactScraper|Parsing artifact substat: atk+19
2026-10-01 08:00:51.922|DEBUG|ArtifactScraper|Parsing artifact substat: def+6.6%
2026-10-01 08:00:52.255|DEBUG|ArtifactScraper|Parsing artifact substat: atk+5.3%
2026-10-01 08:00:52.255|DEBUG|ArtifactScraper|Parsing artifact substat: hp+4.7%
2026-10-01 08:00:52.255|DEBUG|ArtifactScraper|Parsing artifact substat: elementalmastery+19
2026-10-01 08:00:52.255|DEBUG|ArtifactScraper|Parsing artifact substat: atk+14
2026-10-01 08:00:52.304|DEBUG|ArtifactScraper|Parsing artifact substat: atk+16
2026-10-01 08:00:52.304|DEBUG|ArtifactScraper|Parsing artifact substat: critrate+2.7%
2026-10-01 08:00:52.304|DEBUG|ArtifactScraper|Parsing artifact substat: energyrecharge+5.8%
2026-10-01 08:00:52.304|DEBUG|ArtifactScraper|Parsing artifact substat: atk+5.3%(unactivated)
2026-10-01 08:00:52.609|DEBUG|ArtifactScraper|Parsing artifact substat: critrate+3.1%
2026-10-01 08:00:52.609|DEBUG|ArtifactScraper|Parsing artifact substat: atk+16
2026-10-01 08:00:52.609|DEBUG|ArtifactScraper|Parsing artifact substat: def+23
2026-10-01 08:00:52.609|DEBUG|ArtifactScraper|Parsing artifact substat: energyrecharge+5.2%
2026-10-01 08:00:52.706|DEBUG|ArtifactScraper|Parsing artifact substat: elementalmastery+19
2026-10-01 08:00:52.706|DEBUG|ArtifactScraper|Parsing artifact substat: critrate+3.1%
2026-10-01 08:00:52.706|DEBUG|ArtifactScraper|Parsing artifact substat: hp+299
2026-10-01 08:00:52.706|DEBUG|ArtifactScraper|Parsing artifact substat: energyrecharge+5.2%
2026-10-01 08:00:53.018|DEBUG|ArtifactScraper|Parsing artifact substat: atk+14
2026-10-01 08:00:53.018|DEBUG|ArtifactScraper|Parsing artifact substat: hp+5.3%
2026-10-01 08:00:53.018|DEBUG|ArtifactScraper|Parsing artifact substat: hp+209
2026-10-01 08:00:53.018|DEBUG|ArtifactScraper|Parsing artifact substat: critdmg+5.4%(unactivated)
2026-10-01 08:00:53.127|DEBUG|ArtifactScraper|Parsing artifact substat: atk+19
2026-10-01 08:00:53.127|DEBUG|ArtifactScraper|Parsing artifact substat: atk+5.3%
2026-10-01 08:00:53.127|DEBUG|ArtifactScraper|Parsing artifact substat: energyrecharge+4.5%
2026-10-01 08:00:53.127|DEBUG|ArtifactScraper|Parsing artifact substat: critrate+3.9%(unactivated)
2026-10-01 08:00:53.215|DEBUG|ArtifactScraper|Parsing artifact substat: critrate+3.5%
2026-10-01 08:00:53.215|DEBUG|ArtifactScraper|Parsing artifact substat: def+5.1%
2026-10-01 08:00:53.215|DEBUG|ArtifactScraper|Parsing artifact substat: elementalmastery+16
2026-10-01 08:00:53.215|DEBUG|ArtifactScraper|Parsing artifact substat: hp+239(unactivated)
2026-10-01 08:00:53.290|DEBUG|ArtifactScraper|Finished queuing page of artifacts. Scrolling...
2026-10-01 08:00:53.474|DEBUG|ArtifactScraper|Parsing artifact substat: def+5.8%
2026-10-01 08:00:53.474|DEBUG|ArtifactScraper|Parsing artifact substat: atk+5.3%
2026-10-01 08:00:53.474|DEBUG|ArtifactScraper|Parsing artifact substat: hp+209
2026-10-01 08:00:53.474|DEBUG|ArtifactScraper|Parsing artifact substat: energyrecharge+6.5%
2026-10-01 08:00:53.570|DEBUG|ArtifactScraper|Parsing artifact substat: atk+4.7%
2026-10-01 08:00:53.570|DEBUG|ArtifactScraper|Parsing artifact substat: hp+239
2026-10-01 08:00:53.570|DEBUG|ArtifactScraper|Parsing artifact substat: critdmg+7.8%
2026-10-01 08:00:53.570|DEBUG|ArtifactScraper|Parsing artifact substat: atk+14(unactivated)
2026-10-01 08:00:53.861|DEBUG|ArtifactScraper|Parsing artifact substat: hp+209
2026-10-01 08:00:53.861|DEBUG|ArtifactScraper|Parsing artifact substat: def+5.8%
2026-10-01 08:00:53.861|DEBUG|ArtifactScraper|Parsing artifact substat: elementalmastery+16
2026-10-01 08:00:53.861|DEBUG|ArtifactScraper|Parsing artifact substat: energyrecharge+6.5%
2026-10-01 08:00:55.704|DEBUG|ArtifactScraper|Scanning artifact page 46
2026-10-01 08:00:55.704|DEBUG|ArtifactScraper|Located 32 possible item locations on page.
2026-10-01 08:00:56.179|DEBUG|ArtifactScraper|Parsing artifact substat: hp+4.1%
2026-10-01 08:00:56.179|DEBUG|ArtifactScraper|Parsing artifact substat: energyrecharge+5.8%
2026-10-01 08:00:56.179|DEBUG|ArtifactScraper|Parsing artifact substat: atk+5.8%
2026-10-01 08:00:56.577|DEBUG|ArtifactScraper|Parsing artifact substat: atk+19
2026-10-01 08:00:56.577|DEBUG|ArtifactScraper|Parsing artifact substat: hp+5.3%
2026-10-01 08:00:56.577|DEBUG|ArtifactScraper|Parsing artifact substat: energyrecharge+6.5%
2026-10-01 08:00:56.577|DEBUG|ArtifactScraper|Parsing artifact substat: hp+299
2026-10-01 08:00:56.607|DEBUG|ArtifactScraper|Parsing artifact substat: def+5.8%
2026-10-01 08:00:56.607|DEBUG|ArtifactScraper|Parsing artifact substat: energyrecharge+6.5%
2026-10-01 08:00:56.607|DEBUG|ArtifactScraper|Parsing artifact substat: atk+14
2026-10-01 08:00:56.607|DEBUG|ArtifactScraper|Parsing artifact substat: critdmg+7.0%(unactivated)
2026-10-01 08:00:56.913|DEBUG|ArtifactScraper|Parsing artifact substat: hp+299
2026-10-01 08:00:56.913|DEBUG|ArtifactScraper|Parsing artifact substat: atk+19
2026-10-01 08:00:56.913|DEBUG|ArtifactScraper|Parsing artifact substat: energyrecharge+4.5%
2026-10-01 08:00:56.913|DEBUG|ArtifactScraper|Parsing artifact substat: atk+5.3%(unactivated)
2026-10-01 08:00:57.000|DEBUG|ArtifactScraper|Parsing artifact substat: critdmg+5.4%
2026-10-01 08:00:57.000|DEBUG|ArtifactScraper|Parsing artifact substat: atk+16
2026-10-01 08:00:57.000|DEBUG|ArtifactScraper|Parsing artifact substat: atk+4.1%
2026-10-01 08:00:57.000|DEBUG|ArtifactScraper|Parsing artifact substat: hp+209(unactivated)
2026-10-01 08:00:57.360|DEBUG|ArtifactScraper|Parsing artifact substat: energyrecharge+5.2%
2026-10-01 08:00:57.360|DEBUG|ArtifactScraper|Parsing artifact substat: elementalmastery+23
2026-10-01 08:00:57.360|DEBUG|ArtifactScraper|Parsing artifact substat: def+21
2026-10-01 08:00:57.360|DEBUG|ArtifactScraper|Parsing artifact substat: atk+16(unactivated)
2026-10-01 08:00:57.360|DEBUG|ArtifactScraper|Parsing artifact substat: atk+18
2026-10-01 08:00:57.363|DEBUG|ArtifactScraper|Parsing artifact substat: hp+5.3%
2026-10-01 08:00:57.363|DEBUG|ArtifactScraper|Parsing artifact substat: def+21
2026-10-01 08:00:57.363|DEBUG|ArtifactScraper|Parsing artifact substat: critrate+3.9%(unactivated)
2026-10-01 08:00:57.802|DEBUG|ArtifactScraper|Parsing artifact substat: elementalmastery+16
2026-10-01 08:00:57.802|DEBUG|ArtifactScraper|Parsing artifact substat: atk+19
2026-10-01 08:00:57.802|DEBUG|ArtifactScraper|Parsing artifact substat: energyrecharge+5.8%
2026-10-01 08:00:57.802|DEBUG|ArtifactScraper|Parsing artifact substat: critdmg+7.0%(unactivated)
2026-10-01 08:00:57.880|DEBUG|ArtifactScraper|Parsing artifact substat: energyrecharge+5.8%
2026-10-01 08:00:57.880|DEBUG|ArtifactScraper|Parsing artifact substat: def+5.1%
2026-10-01 08:00:57.880|DEBUG|ArtifactScraper|Parsing artifact substat: hp+239
2026-10-01 08:00:57.880|DEBUG|ArtifactScraper|Parsing artifact substat: elementalmastery+19
2026-10-01 08:00:57.880|DEBUG|ArtifactScraper|Parsing artifact substat: elementalmastery+19
2026-10-01 08:00:57.880|DEBUG|ArtifactScraper|Parsing artifact substat: atk+4.7%
2026-10-01 08:00:57.880|DEBUG|ArtifactScraper|Parsing artifact substat: energyrecharge+4.5%
2026-10-01 08:00:57.880|DEBUG|ArtifactScraper|Parsing artifact substat: def+7.3%
2026-10-01 08:00:58.281|DEBUG|ArtifactScraper|Parsing artifact substat: critdmg+7.8%
2026-10-01 08:00:58.281|DEBUG|ArtifactScraper|Parsing artifact substat: def+5.8%
2026-10-01 08:00:58.281|DEBUG|ArtifactScraper|Parsing artifact substat: hp+4.1%
2026-10-01 08:00:58.281|DEBUG|ArtifactScraper|Parsing artifact substat: atk+5.8%
2026-10-01 08:00:58.406|DEBUG|ArtifactScraper|Parsing artifact substat: atk+4.1%
2026-10-01 08:00:58.406|DEBUG|ArtifactScraper|Parsing artifact substat: elementalmastery+16
2026-10-01 08:00:58.406|DEBUG|ArtifactScraper|Parsing artifact substat: hp+4.7%
2026-10-01 08:00:58.406|DEBUG|ArtifactScraper|Parsing artifact substat: critrate+3.5%
2026-10-01 08:00:58.716|DEBUG|ArtifactScraper|Parsing artifact substat: atk+5.3%
2026-10-01 08:00:58.716|DEBUG|ArtifactScraper|Parsing artifact substat: elementalmastery+21
2026-10-01 08:00:58.716|DEBUG|ArtifactScraper|Parsing artifact substat: critdmg+7.0%
2026-10-01 08:00:58.716|DEBUG|ArtifactScraper|Parsing artifact substat: def+7.3%
2026-10-01 08:00:58.839|DEBUG|ArtifactScraper|Parsing artifact substat: critdmg+7.8%
2026-10-01 08:00:58.839|DEBUG|ArtifactScraper|Parsing artifact substat: elementalmastery+21
2026-10-01 08:00:58.839|DEBUG|ArtifactScraper|Parsing artifact substat: atk+16
2026-10-01 08:00:58.839|DEBUG|ArtifactScraper|Parsing artifact substat: atk+4.1%
2026-10-01 08:00:58.914|DEBUG|ArtifactScraper|Parsing artifact substat: atk+4.1%
2026-10-01 08:00:58.914|DEBUG|ArtifactScraper|Parsing artifact substat: def+23
2026-10-01 08:00:58.914|DEBUG|ArtifactScraper|Parsing artifact substat: atk+18
2026-10-01 08:00:58.914|DEBUG|ArtifactScraper|Parsing artifact substat: critrate+2.7%
2026-10-01 08:00:59.310|DEBUG|ArtifactScraper|Parsing artifact substat: energyrecharge+6.5%
2026-10-01 08:00:59.310|DEBUG|ArtifactScraper|Parsing artifact substat: hp+5.8%
2026-10-01 08:00:59.310|DEBUG|ArtifactScraper|Parsing artifact substat: critdmg+5.4%
2026-10-01 08:00:59.310|DEBUG|ArtifactScraper|Parsing artifact substat: atk+5.3%(unactivated)
2026-10-01 08:00:59.387|DEBUG|ArtifactScraper|Parsing artifact substat: critrate+3.9%
2026-10-01 08:00:59.387|DEBUG|ArtifactScraper|Parsing artifact substat: critdmg+6.2%
2026-10-01 08:00:59.387|DEBUG|ArtifactScraper|Parsing artifact substat: def+19
2026-10-01 08:00:59.387|DEBUG|ArtifactScraper|Parsing artifact substat: energyrecharge+6.5%
2026-10-01 08:00:59.486|DEBUG|ArtifactScraper|Parsing artifact substat: atk+5.3%
2026-10-01 08:00:59.486|DEBUG|ArtifactScraper|Parsing artifact substat: def+16
2026-10-01 08:00:59.486|DEBUG|ArtifactScraper|Parsing artifact substat: energyrecharge+4.5%
2026-10-01 08:00:59.486|DEBUG|ArtifactScraper|Parsing artifact substat: critdmg+5.4%(unactivated)
2026-10-01 08:00:59.892|DEBUG|ArtifactScraper|Parsing artifact substat: def+23
2026-10-01 08:00:59.892|DEBUG|ArtifactScraper|Parsing artifact substat: elementalmastery+16
2026-10-01 08:00:59.892|DEBUG|ArtifactScraper|Parsing artifact substat: atk+5.8%
2026-10-01 08:00:59.892|DEBUG|ArtifactScraper|Parsing artifact substat: critrate+3.9%(unactivated)
2026-10-01 08:00:59.976|DEBUG|ArtifactScraper|Parsing artifact substat: energyrecharge+5.2%
2026-10-01 08:00:59.976|DEBUG|ArtifactScraper|Parsing artifact substat: atk+4.1%
2026-10-01 08:00:59.976|DEBUG|ArtifactScraper|Parsing artifact substat: critrate+2.7%
2026-10-01 08:00:59.976|DEBUG|ArtifactScraper|Parsing artifact substat: atk+14(unactivated)
2026-10-01 08:01:00.025|DEBUG|ArtifactScraper|Parsing artifact substat: atk+4.1%
2026-10-01 08:01:00.025|DEBUG|ArtifactScraper|Parsing artifact substat: atk+16
2026-10-01 08:01:00.025|DEBUG|ArtifactScraper|Parsing artifact substat: def+16
2026-10-01 08:01:00.025|DEBUG|ArtifactScraper|Parsing artifact substat: critrate+3.9%(unactivated)
2026-10-01 08:01:00.449|DEBUG|ArtifactScraper|Parsing artifact substat: atk+4.1%
2026-10-01 08:01:00.449|DEBUG|ArtifactScraper|Parsing artifact substat: critrate+3.1%
2026-10-01 08:01:00.449|DEBUG|ArtifactScraper|Parsing artifact substat: def+7.3%
2026-10-01 08:01:00.449|DEBUG|ArtifactScraper|Parsing artifact substat: energyrecharge+4.5%
2026-10-01 08:01:00.532|DEBUG|ArtifactScraper|Parsing artifact substat: atk+5.3%
2026-10-01 08:01:00.532|DEBUG|ArtifactScraper|Parsing artifact substat: def+19
2026-10-01 08:01:00.532|DEBUG|ArtifactScraper|Parsing artifact substat: elementalmastery+19
2026-10-01 08:01:00.532|DEBUG|ArtifactScraper|Parsing artifact substat: critdmg+7.8%(unactivated)
2026-10-01 08:01:00.607|DEBUG|ArtifactScraper|Parsing artifact substat: critdmg+7.8%
2026-10-01 08:01:00.607|DEBUG|ArtifactScraper|Parsing artifact substat: elementalmastery+23
2026-10-01 08:01:00.607|DEBUG|ArtifactScraper|Parsing artifact substat: atk+4.1%
2026-10-01 08:01:00.607|DEBUG|ArtifactScraper|Parsing artifact substat: atk+14(unactivated)
2026-10-01 08:01:00.991|DEBUG|ArtifactScraper|Parsing artifact substat: energyrecharge+5.8%
2026-10-01 08:01:00.991|DEBUG|ArtifactScraper|Parsing artifact substat: critrate+3.5%
2026-10-01 08:01:00.991|DEBUG|ArtifactScraper|Parsing artifact substat: atk+14
2026-10-01 08:01:00.991|DEBUG|ArtifactScraper|Parsing artifact substat: critdmg+7.8%(unactivated)
2026-10-01 08:01:01.064|DEBUG|ArtifactScraper|Parsing artifact substat: atk+16
2026-10-01 08:01:01.064|DEBUG|ArtifactScraper|Parsing artifact substat: energyrecharge+5.2%
2026-10-01 08:01:01.064|DEBUG|ArtifactScraper|Parsing artifact substat: critrate+3.1%
2026-10-01 08:01:01.064|DEBUG|ArtifactScraper|Parsing artifact substat: atk+5.3%(unactivated)
2026-10-01 08:01:01.118|DEBUG|ArtifactScraper|Parsing artifact substat: atk+4.1%
2026-10-01 08:01:01.118|DEBUG|ArtifactScraper|Parsing artifact substat: elementalmastery+21
2026-10-01 08:01:01.118|DEBUG|ArtifactScraper|Parsing artifact substat: def+21
2026-10-01 08:01:01.118|DEBUG|ArtifactScraper|Parsing artifact substat: critrate+2.7%(unactivated)
2026-10-01 08:01:01.481|DEBUG|ArtifactScraper|Parsing artifact substat: def+23
2026-10-01 08:01:01.481|DEBUG|ArtifactScraper|Parsing artifact substat: critdmg+5.4%
2026-10-01 08:01:01.481|DEBUG|ArtifactScraper|Parsing artifact substat: hp+4.7%
2026-10-01 08:01:01.481|DEBUG|ArtifactScraper|Parsing artifact substat: critrate+3.5%(unactivated)
2026-10-01 08:01:01.507|DEBUG|ArtifactScraper|Finished queuing page of artifacts. Scrolling...
2026-10-01 08:01:01.587|DEBUG|ArtifactScraper|Parsing artifact substat: critrate+2.7%
2026-10-01 08:01:01.587|DEBUG|ArtifactScraper|Parsing artifact substat: atk+5.3%
2026-10-01 08:01:01.587|DEBUG|ArtifactScraper|Parsing artifact substat: atk+18
2026-10-01 08:01:01.587|DEBUG|ArtifactScraper|Parsing artifact substat: energyrecharge+5.8%
2026-10-01 08:01:01.587|DEBUG|ArtifactScraper|Parsing artifact substat: energyrecharge+5.8%
2026-10-01 08:01:01.587|DEBUG|ArtifactScraper|Parsing artifact substat: critdmg+7.8%
2026-10-01 08:01:01.587|DEBUG|ArtifactScraper|Parsing artifact substat: atk+4.1%
2026-10-01 08:01:01.587|DEBUG|ArtifactScraper|Parsing artifact substat: critrate+3.9%(unactivated)
2026-10-01 08:01:01.884|DEBUG|ArtifactScraper|Parsing artifact substat: atk+4.7%
2026-10-01 08:01:01.884|DEBUG|ArtifactScraper|Parsing artifact substat: critdmg+6.2%
2026-10-01 08:01:01.884|DEBUG|ArtifactScraper|Parsing artifact substat: atk+16
2026-10-01 08:01:01.884|DEBUG|ArtifactScraper|Parsing artifact substat: energyrecharge+6.5%
2026-10-01 08:01:02.010|DEBUG|ArtifactScraper|Parsing artifact substat: critrate+2.7%
2026-10-01 08:01:02.010|DEBUG|ArtifactScraper|Parsing artifact substat: hp+4.1%
2026-10-01 08:01:02.010|DEBUG|ArtifactScraper|Parsing artifact substat: elementalmastery+16
2026-10-01 08:01:02.010|DEBUG|ArtifactScraper|Parsing artifact substat: atk+5.3%(unactivated)
2026-10-01 08:01:03.965|DEBUG|ArtifactScraper|Scanning artifact page 47
2026-10-01 08:01:03.965|DEBUG|ArtifactScraper|Located 32 possible item locations on page.
2026-10-01 08:01:04.411|DEBUG|ArtifactScraper|Parsing artifact substat: atk+16
2026-10-01 08:01:04.411|DEBUG|ArtifactScraper|Parsing artifact substat: hp+5.3%
2026-10-01 08:01:04.411|DEBUG|ArtifactScraper|Parsing artifact substat: atk+4.7%
2026-10-01 08:01:04.411|DEBUG|ArtifactScraper|Parsing artifact substat: critdmg+6.2%(unactivated)
2026-10-01 08:01:04.787|DEBUG|ArtifactScraper|Parsing artifact substat: critdmg+7.0%
2026-10-01 08:01:04.787|DEBUG|ArtifactScraper|Parsing artifact substat: atk+14
2026-10-01 08:01:04.787|DEBUG|ArtifactScraper|Parsing artifact substat: atk+4.7%
2026-10-01 08:01:04.787|DEBUG|ArtifactScraper|Parsing artifact substat: hp+5.8%(unactivated)
2026-10-01 08:01:04.802|DEBUG|ArtifactScraper|Parsing artifact substat: critrate+2.7%
2026-10-01 08:01:04.802|DEBUG|ArtifactScraper|Parsing artifact substat: atk+4.7%
2026-10-01 08:01:04.802|DEBUG|ArtifactScraper|Parsing artifact substat: def+6.6%
2026-10-01 08:01:04.802|DEBUG|ArtifactScraper|Parsing artifact substat: def+23(unactivated)
2026-10-01 08:01:05.106|DEBUG|ArtifactScraper|Parsing artifact substat: atk+4.1%
2026-10-01 08:01:05.106|DEBUG|ArtifactScraper|Parsing artifact substat: critrate+3.9%
2026-10-01 08:01:05.106|DEBUG|ArtifactScraper|Parsing artifact substat: critdmg+6.2%
2026-10-01 08:01:05.106|DEBUG|ArtifactScraper|Parsing artifact substat: energyrecharge+4.5%
2026-10-01 08:01:05.155|DEBUG|ArtifactScraper|Parsing artifact substat: def+16
2026-10-01 08:01:05.155|DEBUG|ArtifactScraper|Parsing artifact substat: atk+5.8%
2026-10-01 08:01:05.155|DEBUG|ArtifactScraper|Parsing artifact substat: critrate+2.7%
2026-10-01 08:01:05.155|DEBUG|ArtifactScraper|Parsing artifact substat: hp+4.7%(unactivated)
2026-10-01 08:01:05.435|DEBUG|ArtifactScraper|Parsing artifact substat: atk+4.7%
2026-10-01 08:01:05.435|DEBUG|ArtifactScraper|Parsing artifact substat: critrate+3.9%
2026-10-01 08:01:05.435|DEBUG|ArtifactScraper|Parsing artifact substat: def+6.6%
2026-10-01 08:01:05.435|DEBUG|ArtifactScraper|Parsing artifact substat: atk+16(unactivated)
2026-10-01 08:01:05.435|DEBUG|ArtifactScraper|Parsing artifact substat: def+5.1%
2026-10-01 08:01:05.435|DEBUG|ArtifactScraper|Parsing artifact substat: hp+5.3%
2026-10-01 08:01:05.435|DEBUG|ArtifactScraper|Parsing artifact substat: def+23
2026-10-01 08:01:05.435|DEBUG|ArtifactScraper|Parsing artifact substat: atk+16
2026-10-01 08:01:05.772|DEBUG|ArtifactScraper|Parsing artifact substat: elementalmastery+19
2026-10-01 08:01:05.772|DEBUG|ArtifactScraper|Parsing artifact substat: atk+16
2026-10-01 08:01:05.772|DEBUG|ArtifactScraper|Parsing artifact substat: atk+4.1%
2026-10-01 08:01:05.772|DEBUG|ArtifactScraper|Parsing artifact substat: hp+4.1%
2026-10-01 08:01:05.807|DEBUG|ArtifactScraper|Parsing artifact substat: def+7.3%
2026-10-01 08:01:05.807|DEBUG|ArtifactScraper|Parsing artifact substat: critdmg+7.0%
2026-10-01 08:01:05.807|DEBUG|ArtifactScraper|Parsing artifact substat: hp+4.1%
2026-10-01 08:01:05.807|DEBUG|ArtifactScraper|Parsing artifact substat: def+23
2026-10-01 08:01:06.080|DEBUG|ArtifactScraper|Parsing artifact substat: def+23
2026-10-01 08:01:06.080|DEBUG|ArtifactScraper|Parsing artifact substat: atk+4.7%
2026-10-01 08:01:06.080|DEBUG|ArtifactScraper|Parsing artifact substat: energyrecharge+4.5%
2026-10-01 08:01:06.080|DEBUG|ArtifactScraper|Parsing artifact substat: atk+18
2026-10-01 08:01:06.155|DEBUG|ArtifactScraper|Parsing artifact substat: energyrecharge+5.8%
2026-10-01 08:01:06.155|DEBUG|ArtifactScraper|Parsing artifact substat: def+21
2026-10-01 08:01:06.155|DEBUG|ArtifactScraper|Parsing artifact substat: hp+5.3%
2026-10-01 08:01:06.155|DEBUG|ArtifactScraper|Parsing artifact substat: critrate+3.1%
2026-10-01 08:01:06.395|DEBUG|ArtifactScraper|Parsing artifact substat: def+19
2026-10-01 08:01:06.395|DEBUG|ArtifactScraper|Parsing artifact substat: elementalmastery+19
2026-10-01 08:01:06.395|DEBUG|ArtifactScraper|Parsing artifact substat: atk+5.3%
2026-10-01 08:01:06.395|DEBUG|ArtifactScraper|Parsing artifact substat: hp+5.8%
2026-10-01 08:01:06.513|DEBUG|ArtifactScraper|Parsing artifact substat: hp+4.1%
2026-10-01 08:01:06.513|DEBUG|ArtifactScraper|Parsing artifact substat: def+6.6%
2026-10-01 08:01:06.513|DEBUG|ArtifactScraper|Parsing artifact substat: def+23
2026-10-01 08:01:06.513|DEBUG|ArtifactScraper|Parsing artifact substat: elementalmastery+16
2026-10-01 08:01:06.674|DEBUG|ArtifactScraper|Parsing artifact substat: hp+5.8%
2026-10-01 08:01:06.674|DEBUG|ArtifactScraper|Parsing artifact substat: def+5.8%
2026-10-01 08:01:06.674|DEBUG|ArtifactScraper|Parsing artifact substat: def+19
2026-10-01 08:01:06.674|DEBUG|ArtifactScraper|Parsing artifact substat: atk+19
2026-10-01 08:01:06.898|DEBUG|ArtifactScraper|Parsing artifact substat: energyrecharge+5.2%
2026-10-01 08:01:06.898|DEBUG|ArtifactScraper|Parsing artifact substat: elementalmastery+21
2026-10-01 08:01:06.898|DEBUG|ArtifactScraper|Parsing artifact substat: critdmg+5.4%
2026-10-01 08:01:06.898|DEBUG|ArtifactScraper|Parsing artifact substat: hp+5.8%
2026-10-01 08:01:06.979|DEBUG|ArtifactScraper|Parsing artifact substat: hp+4.7%
2026-10-01 08:01:06.979|DEBUG|ArtifactScraper|Parsing artifact substat: atk+4.7%
2026-10-01 08:01:06.979|DEBUG|ArtifactScraper|Parsing artifact substat: atk+16
2026-10-01 08:01:06.979|DEBUG|ArtifactScraper|Parsing artifact substat: def+21
2026-10-01 08:01:07.253|DEBUG|ArtifactScraper|Parsing artifact substat: atk+19
2026-10-01 08:01:07.253|DEBUG|ArtifactScraper|Parsing artifact substat: hp+4.7%
2026-10-01 08:01:07.253|DEBUG|ArtifactScraper|Parsing artifact substat: critrate+3.1%
2026-10-01 08:01:07.253|DEBUG|ArtifactScraper|Parsing artifact substat: energyrecharge+5.2%
2026-10-01 08:01:07.288|DEBUG|ArtifactScraper|Parsing artifact substat: energyrecharge+6.5%
2026-10-01 08:01:07.288|DEBUG|ArtifactScraper|Parsing artifact substat: atk+16
2026-10-01 08:01:07.288|DEBUG|ArtifactScraper|Parsing artifact substat: def+5.8%
2026-10-01 08:01:07.288|DEBUG|ArtifactScraper|Parsing artifact substat: def+21
2026-10-01 08:01:07.585|DEBUG|ArtifactScraper|Parsing artifact substat: critdmg+6.2%
2026-10-01 08:01:07.585|DEBUG|ArtifactScraper|Parsing artifact substat: def+16
2026-10-01 08:01:07.585|DEBUG|ArtifactScraper|Parsing artifact substat: def+5.1%
2026-10-01 08:01:07.585|DEBUG|ArtifactScraper|Parsing artifact substat: hp+4.7%
2026-10-01 08:01:07.641|DEBUG|ArtifactScraper|Parsing artifact substat: critdmg+7.0%
2026-10-01 08:01:07.641|DEBUG|ArtifactScraper|Parsing artifact substat: elementalmastery+16
2026-10-01 08:01:07.641|DEBUG|ArtifactScraper|Parsing artifact substat: atk+18
2026-10-01 08:01:07.641|DEBUG|ArtifactScraper|Parsing artifact substat: def+6.6%
2026-10-01 08:01:07.865|DEBUG|ArtifactScraper|Parsing artifact substat: def+21
2026-10-01 08:01:07.865|DEBUG|ArtifactScraper|Parsing artifact substat: atk+5.8%
2026-10-01 08:01:07.865|DEBUG|ArtifactScraper|Parsing artifact substat: hp+4.7%
2026-10-01 08:01:07.865|DEBUG|ArtifactScraper|Parsing artifact substat: def+6.6%
2026-10-01 08:01:07.991|DEBUG|ArtifactScraper|Parsing artifact substat: critdmg+7.8%
2026-10-01 08:01:07.991|DEBUG|ArtifactScraper|Parsing artifact substat: hp+4.7%
2026-10-01 08:01:07.991|DEBUG|ArtifactScraper|Parsing artifact substat: def+19
2026-10-01 08:01:07.991|DEBUG|ArtifactScraper|Parsing artifact substat: def+7.3%
2026-10-01 08:01:08.198|DEBUG|ArtifactScraper|Parsing artifact substat: critdmg+6.2%
2026-10-01 08:01:08.198|DEBUG|ArtifactScraper|Parsing artifact substat: def+23
2026-10-01 08:01:08.198|DEBUG|ArtifactScraper|Parsing artifact substat: hp+4.7%
2026-10-01 08:01:08.198|DEBUG|ArtifactScraper|Parsing artifact substat: elementalmastery+23
2026-10-01 08:01:08.305|DEBUG|ArtifactScraper|Parsing artifact substat: def+21
2026-10-01 08:01:08.305|DEBUG|ArtifactScraper|Parsing artifact substat: atk+4.1%
2026-10-01 08:01:08.305|DEBUG|ArtifactScraper|Parsing artifact substat: hp+5.3%
2026-10-01 08:01:08.305|DEBUG|ArtifactScraper|Parsing artifact substat: atk+18
2026-10-01 08:01:08.535|DEBUG|ArtifactScraper|Parsing artifact substat: critrate+3.9%
2026-10-01 08:01:08.535|DEBUG|ArtifactScraper|Parsing artifact substat: atk+14
2026-10-01 08:01:08.535|DEBUG|ArtifactScraper|Parsing artifact substat: def+5.8%
2026-10-01 08:01:08.535|DEBUG|ArtifactScraper|Parsing artifact substat: hp+5.3%
2026-10-01 08:01:08.680|DEBUG|ArtifactScraper|Parsing artifact substat: elementalmastery+21
2026-10-01 08:01:08.680|DEBUG|ArtifactScraper|Parsing artifact substat: atk+16
2026-10-01 08:01:08.680|DEBUG|ArtifactScraper|Parsing artifact substat: energyrecharge+4.5%
2026-10-01 08:01:08.680|DEBUG|ArtifactScraper|Parsing artifact substat: critrate+2.7%
2026-10-01 08:01:08.889|DEBUG|ArtifactScraper|Parsing artifact substat: def+5.8%
2026-10-01 08:01:08.889|DEBUG|ArtifactScraper|Parsing artifact substat: def+19
2026-10-01 08:01:08.889|DEBUG|ArtifactScraper|Parsing artifact substat: elementalmastery+21
2026-10-01 08:01:08.889|DEBUG|ArtifactScraper|Parsing artifact substat: hp+4.7%
2026-10-01 08:01:09.012|DEBUG|ArtifactScraper|Parsing artifact substat: def+5.1%
2026-10-01 08:01:09.012|DEBUG|ArtifactScraper|Parsing artifact substat: def+19
2026-10-01 08:01:09.012|DEBUG|ArtifactScraper|Parsing artifact substat: atk+18
2026-10-01 08:01:09.012|DEBUG|ArtifactScraper|Parsing artifact substat: energyrecharge+6.5%
2026-10-01 08:01:09.269|DEBUG|ArtifactScraper|Parsing artifact substat: hp+5.8%
2026-10-01 08:01:09.269|DEBUG|ArtifactScraper|Parsing artifact substat: elementalmastery+16
2026-10-01 08:01:09.269|DEBUG|ArtifactScraper|Parsing artifact substat: atk+18
2026-10-01 08:01:09.269|DEBUG|ArtifactScraper|Parsing artifact substat: critrate+3.9%(unactivated)
2026-10-01 08:01:09.359|DEBUG|ArtifactScraper|Finished queuing page of artifacts. Scrolling...
2026-10-01 08:01:09.394|DEBUG|ArtifactScraper|Parsing artifact substat: def+16
2026-10-01 08:01:09.395|DEBUG|ArtifactScraper|Parsing artifact substat: atk+16
2026-10-01 08:01:09.395|DEBUG|ArtifactScraper|Parsing artifact substat: energyrecharge+5.2%
2026-10-01 08:01:09.395|DEBUG|ArtifactScraper|Parsing artifact substat: critrate+3.1%(unactivated)
2026-10-01 08:01:09.575|DEBUG|ArtifactScraper|Parsing artifact substat: hp+5.8%
2026-10-01 08:01:09.575|DEBUG|ArtifactScraper|Parsing artifact substat: def+7.3%
2026-10-01 08:01:09.575|DEBUG|ArtifactScraper|Parsing artifact substat: elementalmastery+23
2026-10-01 08:01:09.575|DEBUG|ArtifactScraper|Parsing artifact substat: atk+14(unactivated)
2026-10-01 08:01:09.732|DEBUG|ArtifactScraper|Parsing artifact substat: elementalmastery+16
2026-10-01 08:01:09.732|DEBUG|ArtifactScraper|Parsing artifact substat: energyrecharge+5.8%
2026-10-01 08:01:09.732|DEBUG|ArtifactScraper|Parsing artifact substat: def+23
2026-10-01 08:01:09.732|DEBUG|ArtifactScraper|Parsing artifact substat: hp+4.1%(unactivated)
2026-10-01 08:01:11.499|DEBUG|ArtifactScraper|Scanning artifact page 48
2026-10-01 08:01:11.499|DEBUG|ArtifactScraper|Located 32 possible item locations on page.
2026-10-01 08:01:11.931|DEBUG|ArtifactScraper|Parsing artifact substat: def+6.6%
2026-10-01 08:01:11.931|DEBUG|ArtifactScraper|Parsing artifact substat: critrate+3.9%
2026-10-01 08:01:11.931|DEBUG|ArtifactScraper|Parsing artifact substat: energyrecharge+6.5%
2026-10-01 08:01:11.931|DEBUG|ArtifactScraper|Parsing artifact substat: atk+16(unactivated)
2026-10-01 08:01:12.137|DEBUG|ArtifactScraper|Parsing artifact substat: atk+18
2026-10-01 08:01:12.137|DEBUG|ArtifactScraper|Parsing artifact substat: critdmg+7.0%
2026-10-01 08:01:12.137|DEBUG|ArtifactScraper|Parsing artifact substat: energyrecharge+6.5%
2026-10-01 08:01:12.137|DEBUG|ArtifactScraper|Parsing artifact substat: def+16(unactivated)
2026-10-01 08:01:12.257|DEBUG|ArtifactScraper|Parsing artifact substat: def+23
2026-10-01 08:01:12.257|DEBUG|ArtifactScraper|Parsing artifact substat: atk+14
2026-10-01 08:01:12.257|DEBUG|ArtifactScraper|Parsing artifact substat: hp+5.3%
2026-10-01 08:01:12.257|DEBUG|ArtifactScraper|Parsing artifact substat: critdmg+7.8%(unactivated)
2026-10-01 08:01:12.454|DEBUG|ArtifactScraper|Parsing artifact substat: elementalmastery+21
2026-10-01 08:01:12.454|DEBUG|ArtifactScraper|Parsing artifact substat: hp+4.7%
2026-10-01 08:01:12.454|DEBUG|ArtifactScraper|Parsing artifact substat: critrate+3.5%
2026-10-01 08:01:12.454|DEBUG|ArtifactScraper|Parsing artifact substat: def+19(unactivated)
2026-10-01 08:01:12.751|DEBUG|ArtifactScraper|Parsing artifact substat: def+19
2026-10-01 08:01:12.751|DEBUG|ArtifactScraper|Parsing artifact substat: hp+4.7%
2026-10-01 08:01:12.751|DEBUG|ArtifactScraper|Parsing artifact substat: elementalmastery+23
2026-10-01 08:01:12.751|DEBUG|ArtifactScraper|Parsing artifact substat: energyrecharge+5.8%
2026-10-01 08:01:12.804|DEBUG|ArtifactScraper|Parsing artifact substat: def+19
2026-10-01 08:01:12.804|DEBUG|ArtifactScraper|Parsing artifact substat: atk+16
2026-10-01 08:01:12.804|DEBUG|ArtifactScraper|Parsing artifact substat: def+5.1%
2026-10-01 08:01:12.804|DEBUG|ArtifactScraper|Parsing artifact substat: atk+4.1%(unactivated)
2026-10-01 08:01:13.126|DEBUG|ArtifactScraper|Parsing artifact substat: def+21
2026-10-01 08:01:13.126|DEBUG|ArtifactScraper|Parsing artifact substat: elementalmastery+19
2026-10-01 08:01:13.126|DEBUG|ArtifactScraper|Parsing artifact substat: hp+4.7%
2026-10-01 08:01:13.126|DEBUG|ArtifactScraper|Parsing artifact substat: atk+16(unactivated)
2026-10-01 08:01:13.149|DEBUG|ArtifactScraper|Parsing artifact substat: atk+18
2026-10-01 08:01:13.149|DEBUG|ArtifactScraper|Parsing artifact substat: def+6.6%
2026-10-01 08:01:13.149|DEBUG|ArtifactScraper|Parsing artifact substat: elementalmastery+21
2026-10-01 08:01:13.149|DEBUG|ArtifactScraper|Parsing artifact substat: def+23(unactivated)
2026-10-01 08:01:13.465|DEBUG|ArtifactScraper|Parsing artifact substat: def+5.1%
2026-10-01 08:01:13.465|DEBUG|ArtifactScraper|Parsing artifact substat: def+16
2026-10-01 08:01:13.465|DEBUG|ArtifactScraper|Parsing artifact substat: hp+5.8%
2026-10-01 08:01:13.465|DEBUG|ArtifactScraper|Parsing artifact substat: energyrecharge+5.2%
2026-10-01 08:01:13.543|DEBUG|ArtifactScraper|Parsing artifact substat: def+5.1%
2026-10-01 08:01:13.543|DEBUG|ArtifactScraper|Parsing artifact substat: critdmg+7.0%
2026-10-01 08:01:13.543|DEBUG|ArtifactScraper|Parsing artifact substat: hp+4.7%
2026-10-01 08:01:13.543|DEBUG|ArtifactScraper|Parsing artifact substat: elementalmastery+16
2026-10-01 08:01:13.809|DEBUG|ArtifactScraper|Parsing artifact substat: hp+4.1%
2026-10-01 08:01:13.809|DEBUG|ArtifactScraper|Parsing artifact substat: energyrecharge+4.5%
2026-10-01 08:01:13.809|DEBUG|ArtifactScraper|Parsing artifact substat: critdmg+5.4%
2026-10-01 08:01:13.809|DEBUG|ArtifactScraper|Parsing artifact substat: elementalmastery+16
2026-10-01 08:01:13.898|DEBUG|ArtifactScraper|Parsing artifact substat: atk+16
2026-10-01 08:01:13.898|DEBUG|ArtifactScraper|Parsing artifact substat: energyrecharge+5.8%
2026-10-01 08:01:13.898|DEBUG|ArtifactScraper|Parsing artifact substat: elementalmastery+16
2026-10-01 08:01:13.898|DEBUG|ArtifactScraper|Parsing artifact substat: critdmg+5.4%(unactivated)
2026-10-01 08:01:14.234|DEBUG|ArtifactScraper|Parsing artifact substat: def+19
2026-10-01 08:01:14.234|DEBUG|ArtifactScraper|Parsing artifact substat: energyrecharge+5.8%
2026-10-01 08:01:14.234|DEBUG|ArtifactScraper|Parsing artifact substat: def+6.6%
2026-10-01 08:01:14.234|DEBUG|ArtifactScraper|Parsing artifact substat: critrate+3.1%(unactivated)
2026-10-01 08:01:14.250|DEBUG|ArtifactScraper|Parsing artifact substat: elementalmastery+21
2026-10-01 08:01:14.250|DEBUG|ArtifactScraper|Parsing artifact substat: energyrecharge+5.8%
2026-10-01 08:01:14.250|DEBUG|ArtifactScraper|Parsing artifact substat: hp+5.8%
2026-10-01 08:01:14.250|DEBUG|ArtifactScraper|Parsing artifact substat: atk+19(unactivated)
2026-10-01 08:01:14.564|DEBUG|ArtifactScraper|Parsing artifact substat: def+23
2026-10-01 08:01:14.564|DEBUG|ArtifactScraper|Parsing artifact substat: elementalmastery+21
2026-10-01 08:01:14.564|DEBUG|ArtifactScraper|Parsing artifact substat: hp+4.7%
2026-10-01 08:01:14.564|DEBUG|ArtifactScraper|Parsing artifact substat: atk+5.3%(unactivated)
2026-10-01 08:01:14.633|DEBUG|ArtifactScraper|Parsing artifact substat: hp+4.7%
2026-10-01 08:01:14.633|DEBUG|ArtifactScraper|Parsing artifact substat: def+23
2026-10-01 08:01:14.633|DEBUG|ArtifactScraper|Parsing artifact substat: elementalmastery+21
2026-10-01 08:01:14.633|DEBUG|ArtifactScraper|Parsing artifact substat: def+7.3%(unactivated)
2026-10-01 08:01:14.907|DEBUG|ArtifactScraper|Parsing artifact substat: atk+4.1%
2026-10-01 08:01:14.907|DEBUG|ArtifactScraper|Parsing artifact substat: def+5.8%
2026-10-01 08:01:14.907|DEBUG|ArtifactScraper|Parsing artifact substat: hp+4.1%
2026-10-01 08:01:14.907|DEBUG|ArtifactScraper|Parsing artifact substat: atk+19(unactivated)
2026-10-01 08:01:14.955|DEBUG|ArtifactScraper|Parsing artifact substat: critrate+2.7%
2026-10-01 08:01:14.955|DEBUG|ArtifactScraper|Parsing artifact substat: atk+14
2026-10-01 08:01:14.955|DEBUG|ArtifactScraper|Parsing artifact substat: hp+4.1%
2026-10-01 08:01:14.955|DEBUG|ArtifactScraper|Parsing artifact substat: energyrecharge+5.8%
2026-10-01 08:01:15.290|DEBUG|ArtifactScraper|Parsing artifact substat: def+23
2026-10-01 08:01:15.290|DEBUG|ArtifactScraper|Parsing artifact substat: atk+4.7%
2026-10-01 08:01:15.290|DEBUG|ArtifactScraper|Parsing artifact substat: hp+5.3%
2026-10-01 08:01:15.290|DEBUG|ArtifactScraper|Parsing artifact substat: atk+19(unactivated)
2026-10-01 08:01:15.290|DEBUG|ArtifactScraper|Parsing artifact substat: critdmg+5.4%
2026-10-01 08:01:15.290|DEBUG|ArtifactScraper|Parsing artifact substat: hp+4.1%
2026-10-01 08:01:15.290|DEBUG|ArtifactScraper|Parsing artifact substat: def+21
2026-10-01 08:01:15.290|DEBUG|ArtifactScraper|Parsing artifact substat: atk+19(unactivated)
2026-10-01 08:01:15.647|DEBUG|ArtifactScraper|Parsing artifact substat: energyrecharge+5.2%
2026-10-01 08:01:15.647|DEBUG|ArtifactScraper|Parsing artifact substat: elementalmastery+16
2026-10-01 08:01:15.647|DEBUG|ArtifactScraper|Parsing artifact substat: def+16
2026-10-01 08:01:15.647|DEBUG|ArtifactScraper|Parsing artifact substat: def+5.1%(unactivated)
2026-10-01 08:01:15.699|DEBUG|ArtifactScraper|Parsing artifact substat: energyrecharge+5.8%
2026-10-01 08:01:15.699|DEBUG|ArtifactScraper|Parsing artifact substat: def+23
2026-10-01 08:01:15.699|DEBUG|ArtifactScraper|Parsing artifact substat: atk+5.8%
2026-10-01 08:01:15.699|DEBUG|ArtifactScraper|Parsing artifact substat: atk+18(unactivated)
2026-10-01 08:01:15.971|DEBUG|ArtifactScraper|Parsing artifact substat: atk+16
2026-10-01 08:01:15.971|DEBUG|ArtifactScraper|Parsing artifact substat: elementalmastery+19
2026-10-01 08:01:15.971|DEBUG|ArtifactScraper|Parsing artifact substat: def+21
2026-10-01 08:01:15.971|DEBUG|ArtifactScraper|Parsing artifact substat: hp+4.7%(unactivated)
2026-10-01 08:01:16.030|DEBUG|ArtifactScraper|Parsing artifact substat: hp+4.1%
2026-10-01 08:01:16.030|DEBUG|ArtifactScraper|Parsing artifact substat: atk+5.8%
2026-10-01 08:01:16.030|DEBUG|ArtifactScraper|Parsing artifact substat: atk+18
2026-10-01 08:01:16.030|DEBUG|ArtifactScraper|Parsing artifact substat: def+23(unactivated)
2026-10-01 08:01:16.405|DEBUG|ArtifactScraper|Parsing artifact substat: energyrecharge+4.5%
2026-10-01 08:01:16.405|DEBUG|ArtifactScraper|Parsing artifact substat: atk+18
2026-10-01 08:01:16.405|DEBUG|ArtifactScraper|Parsing artifact substat: critdmg+6.2%
2026-10-01 08:01:16.405|DEBUG|ArtifactScraper|Parsing artifact substat: hp+5.8%(unactivated)
2026-10-01 08:01:16.414|DEBUG|ArtifactScraper|Parsing artifact substat: def+5.1%
2026-10-01 08:01:16.414|DEBUG|ArtifactScraper|Parsing artifact substat: elementalmastery+19
2026-10-01 08:01:16.414|DEBUG|ArtifactScraper|Parsing artifact substat: energyrecharge+5.2%
2026-10-01 08:01:16.414|DEBUG|ArtifactScraper|Parsing artifact substat: atk+16(unactivated)
2026-10-01 08:01:16.766|DEBUG|ArtifactScraper|Parsing artifact substat: atk+14
2026-10-01 08:01:16.766|DEBUG|ArtifactScraper|Parsing artifact substat: elementalmastery+21
2026-10-01 08:01:16.766|DEBUG|ArtifactScraper|Parsing artifact substat: critrate+3.1%
2026-10-01 08:01:16.766|DEBUG|ArtifactScraper|Parsing artifact substat: def+5.8%(unactivated)
2026-10-01 08:01:16.858|DEBUG|ArtifactScraper|Parsing artifact substat: critdmg+5.4%
2026-10-01 08:01:16.858|DEBUG|ArtifactScraper|Parsing artifact substat: def+21
2026-10-01 08:01:16.858|DEBUG|ArtifactScraper|Parsing artifact substat: atk+4.7%
2026-10-01 08:01:16.858|DEBUG|ArtifactScraper|Parsing artifact substat: hp+4.7%
2026-10-01 08:01:16.902|DEBUG|ArtifactScraper|Parsing artifact substat: elementalmastery+23
2026-10-01 08:01:16.902|DEBUG|ArtifactScraper|Parsing artifact substat: atk+5.3%
2026-10-01 08:01:16.902|DEBUG|ArtifactScraper|Parsing artifact substat: atk+18
2026-10-01 08:01:16.902|DEBUG|ArtifactScraper|Parsing artifact substat: def+16(unactivated)
2026-10-01 08:01:17.024|DEBUG|ArtifactScraper|Finished queuing page of artifacts. Scrolling...
2026-10-01 08:01:17.184|DEBUG|ArtifactScraper|Parsing artifact substat: hp+4.7%
2026-10-01 08:01:17.184|DEBUG|ArtifactScraper|Parsing artifact substat: energyrecharge+6.5%
2026-10-01 08:01:17.184|DEBUG|ArtifactScraper|Parsing artifact substat: atk+5.8%
2026-10-01 08:01:17.184|DEBUG|ArtifactScraper|Parsing artifact substat: elementalmastery+19
2026-10-01 08:01:17.220|DEBUG|ArtifactScraper|Parsing artifact substat: def+21
2026-10-01 08:01:17.220|DEBUG|ArtifactScraper|Parsing artifact substat: atk+5.8%
2026-10-01 08:01:17.220|DEBUG|ArtifactScraper|Parsing artifact substat: critdmg+7.0%
2026-10-01 08:01:17.220|DEBUG|ArtifactScraper|Parsing artifact substat: def+7.3%
2026-10-01 08:01:17.495|DEBUG|ArtifactScraper|Parsing artifact substat: energyrecharge+4.5%
2026-10-01 08:01:17.495|DEBUG|ArtifactScraper|Parsing artifact substat: atk+4.1%
2026-10-01 08:01:17.495|DEBUG|ArtifactScraper|Parsing artifact substat: elementalmastery+16
2026-10-01 08:01:17.495|DEBUG|ArtifactScraper|Parsing artifact substat: def+19
2026-10-01 08:01:17.624|DEBUG|ArtifactScraper|Scrolled back one
2026-10-01 08:01:19.232|DEBUG|ArtifactScraper|Scanning artifact page 49
2026-10-01 08:01:19.232|DEBUG|ArtifactScraper|Located 32 possible item locations on page.
2026-10-01 08:01:19.830|DEBUG|ArtifactScraper|Parsing artifact substat: def+16
2026-10-01 08:01:19.830|DEBUG|ArtifactScraper|Parsing artifact substat: hp+209
2026-10-01 08:01:19.830|DEBUG|ArtifactScraper|Parsing artifact substat: critrate+3.1%
2026-10-01 08:01:19.830|DEBUG|ArtifactScraper|Parsing artifact substat: atk+4.1%
2026-10-01 08:01:19.900|DEBUG|ArtifactScraper|Parsing artifact substat: atk+5.8%
2026-10-01 08:01:19.900|DEBUG|ArtifactScraper|Parsing artifact substat: def+19
2026-10-01 08:01:19.900|DEBUG|ArtifactScraper|Parsing artifact substat: energyrecharge+5.8%
2026-10-01 08:01:19.900|DEBUG|ArtifactScraper|Parsing artifact substat: critrate+3.5%
2026-10-01 08:01:20.229|DEBUG|ArtifactScraper|Parsing artifact substat: energyrecharge+4.5%
2026-10-01 08:01:20.229|DEBUG|ArtifactScraper|Parsing artifact substat: critrate+2.7%
2026-10-01 08:01:20.229|DEBUG|ArtifactScraper|Parsing artifact substat: def+21
2026-10-01 08:01:20.229|DEBUG|ArtifactScraper|Parsing artifact substat: atk+4.7%
2026-10-01 08:01:20.229|DEBUG|ArtifactScraper|Parsing artifact substat: def+16
2026-10-01 08:01:20.229|DEBUG|ArtifactScraper|Parsing artifact substat: atk+5.3%
2026-10-01 08:01:20.229|DEBUG|ArtifactScraper|Parsing artifact substat: critdmg+6.2%
2026-10-01 08:01:20.229|DEBUG|ArtifactScraper|Parsing artifact substat: hp+269
2026-10-01 08:01:20.601|DEBUG|ArtifactScraper|Parsing artifact substat: critrate+3.5%
2026-10-01 08:01:20.601|DEBUG|ArtifactScraper|Parsing artifact substat: atk+4.7%
2026-10-01 08:01:20.601|DEBUG|ArtifactScraper|Parsing artifact substat: energyrecharge+5.2%
2026-10-01 08:01:20.601|DEBUG|ArtifactScraper|Parsing artifact substat: elementalmastery+21
2026-10-01 08:01:20.675|DEBUG|ArtifactScraper|Parsing artifact substat: elementalmastery+23
2026-10-01 08:01:20.675|DEBUG|ArtifactScraper|Parsing artifact substat: critdmg+7.0%
2026-10-01 08:01:20.675|DEBUG|ArtifactScraper|Parsing artifact substat: hp+4.1%
2026-10-01 08:01:20.675|DEBUG|ArtifactScraper|Parsing artifact substat: atk+4.7%
2026-10-01 08:01:21.022|DEBUG|ArtifactScraper|Parsing artifact substat: atk+5.3%
2026-10-01 08:01:21.022|DEBUG|ArtifactScraper|Parsing artifact substat: hp+4.1%
2026-10-01 08:01:21.022|DEBUG|ArtifactScraper|Parsing artifact substat: def+16
2026-10-01 08:01:21.022|DEBUG|ArtifactScraper|Parsing artifact substat: critdmg+6.2%(unactivated)
2026-10-01 08:01:21.173|DEBUG|ArtifactScraper|Parsing artifact substat: def+7.3%
2026-10-01 08:01:21.173|DEBUG|ArtifactScraper|Parsing artifact substat: atk+5.3%
2026-10-01 08:01:21.173|DEBUG|ArtifactScraper|Parsing artifact substat: critrate+2.7%
2026-10-01 08:01:21.173|DEBUG|ArtifactScraper|Parsing artifact substat: elementalmastery+16
2026-10-01 08:01:21.173|DEBUG|ArtifactScraper|Parsing artifact substat: def+5.1%
2026-10-01 08:01:21.173|DEBUG|ArtifactScraper|Parsing artifact substat: energyrecharge+4.5%
2026-10-01 08:01:21.173|DEBUG|ArtifactScraper|Parsing artifact substat: elementalmastery+23
2026-10-01 08:01:21.173|DEBUG|ArtifactScraper|Parsing artifact substat: atk+5.3%(unactivated)
2026-10-01 08:01:21.491|DEBUG|ArtifactScraper|Parsing artifact substat: critrate+3.9%
2026-10-01 08:01:21.491|DEBUG|ArtifactScraper|Parsing artifact substat: atk+4.1%
2026-10-01 08:01:21.491|DEBUG|ArtifactScraper|Parsing artifact substat: hp+209
2026-10-01 08:01:21.491|DEBUG|ArtifactScraper|Parsing artifact substat: def+21(unactivated)
2026-10-01 08:01:21.658|DEBUG|ArtifactScraper|Parsing artifact substat: critdmg+7.0%
2026-10-01 08:01:21.658|DEBUG|ArtifactScraper|Parsing artifact substat: critrate+3.5%
2026-10-01 08:01:21.658|DEBUG|ArtifactScraper|Parsing artifact substat: def+6.6%
2026-10-01 08:01:21.658|DEBUG|ArtifactScraper|Parsing artifact substat: def+16(unactivated)
2026-10-01 08:01:21.958|DEBUG|ArtifactScraper|Parsing artifact substat: atk+5.8%
2026-10-01 08:01:21.958|DEBUG|ArtifactScraper|Parsing artifact substat: critdmg+6.2%
2026-10-01 08:01:21.958|DEBUG|ArtifactScraper|Parsing artifact substat: def+16
2026-10-01 08:01:21.958|DEBUG|ArtifactScraper|Parsing artifact substat: energyrecharge+5.2%
2026-10-01 08:01:22.038|DEBUG|ArtifactScraper|Parsing artifact substat: critrate+3.9%
2026-10-01 08:01:22.038|DEBUG|ArtifactScraper|Parsing artifact substat: atk+4.7%
2026-10-01 08:01:22.038|DEBUG|ArtifactScraper|Parsing artifact substat: energyrecharge+6.5%
2026-10-01 08:01:22.038|DEBUG|ArtifactScraper|Parsing artifact substat: critdmg+7.0%(unactivated)
2026-10-01 08:01:22.209|DEBUG|ArtifactScraper|Parsing artifact substat: def+6.6%
2026-10-01 08:01:22.209|DEBUG|ArtifactScraper|Parsing artifact substat: energyrecharge+4.5%
2026-10-01 08:01:22.209|DEBUG|ArtifactScraper|Parsing artifact substat: critdmg+7.0%
2026-10-01 08:01:22.209|DEBUG|ArtifactScraper|Parsing artifact substat: critrate+3.5%(unactivated)
2026-10-01 08:01:22.469|DEBUG|ArtifactScraper|Parsing artifact substat: hp+269
2026-10-01 08:01:22.469|DEBUG|ArtifactScraper|Parsing artifact substat: critrate+3.9%
2026-10-01 08:01:22.469|DEBUG|ArtifactScraper|Parsing artifact substat: energyrecharge+6.5%
2026-10-01 08:01:22.469|DEBUG|ArtifactScraper|Parsing artifact substat: atk+4.7%(unactivated)
2026-10-01 08:01:22.568|DEBUG|ArtifactScraper|Parsing artifact substat: atk+5.8%
2026-10-01 08:01:22.568|DEBUG|ArtifactScraper|Parsing artifact substat: energyrecharge+6.5%
2026-10-01 08:01:22.568|DEBUG|ArtifactScraper|Parsing artifact substat: def+16
2026-10-01 08:01:22.568|DEBUG|ArtifactScraper|Parsing artifact substat: critrate+3.5%(unactivated)
2026-10-01 08:01:22.725|DEBUG|ArtifactScraper|Parsing artifact substat: critdmg+6.2%
2026-10-01 08:01:22.725|DEBUG|ArtifactScraper|Parsing artifact substat: atk+4.1%
2026-10-01 08:01:22.725|DEBUG|ArtifactScraper|Parsing artifact substat: elementalmastery+23
2026-10-01 08:01:22.725|DEBUG|ArtifactScraper|Parsing artifact substat: hp+5.3%(unactivated)
2026-10-01 08:01:22.971|DEBUG|ArtifactScraper|Parsing artifact substat: def+5.8%
2026-10-01 08:01:22.971|DEBUG|ArtifactScraper|Parsing artifact substat: critrate+3.5%
2026-10-01 08:01:22.971|DEBUG|ArtifactScraper|Parsing artifact substat: atk+5.3%
2026-10-01 08:01:22.971|DEBUG|ArtifactScraper|Parsing artifact substat: elementalmastery+19
2026-10-01 08:01:23.109|DEBUG|ArtifactScraper|Parsing artifact substat: critdmg+7.0%
2026-10-01 08:01:23.109|DEBUG|ArtifactScraper|Parsing artifact substat: hp+209
2026-10-01 08:01:23.109|DEBUG|ArtifactScraper|Parsing artifact substat: elementalmastery+21
2026-10-01 08:01:23.109|DEBUG|ArtifactScraper|Parsing artifact substat: critrate+3.9%(unactivated)
2026-10-01 08:01:23.207|DEBUG|ArtifactScraper|Parsing artifact substat: critrate+3.1%
2026-10-01 08:01:23.207|DEBUG|ArtifactScraper|Parsing artifact substat: def+19
2026-10-01 08:01:23.207|DEBUG|ArtifactScraper|Parsing artifact substat: hp+4.7%
2026-10-01 08:01:23.207|DEBUG|ArtifactScraper|Parsing artifact substat: atk+4.7%(unactivated)
2026-10-01 08:01:23.449|DEBUG|ArtifactScraper|Parsing artifact substat: energyrecharge+5.8%
2026-10-01 08:01:23.449|DEBUG|ArtifactScraper|Parsing artifact substat: atk+5.8%
2026-10-01 08:01:23.449|DEBUG|ArtifactScraper|Parsing artifact substat: hp+209
2026-10-01 08:01:23.449|DEBUG|ArtifactScraper|Parsing artifact substat: critdmg+7.0%(unactivated)
2026-10-01 08:01:23.550|DEBUG|ArtifactScraper|Parsing artifact substat: critrate+2.7%
2026-10-01 08:01:23.550|DEBUG|ArtifactScraper|Parsing artifact substat: def+16
2026-10-01 08:01:23.550|DEBUG|ArtifactScraper|Parsing artifact substat: hp+299
2026-10-01 08:01:23.550|DEBUG|ArtifactScraper|Parsing artifact substat: critdmg+6.2%(unactivated)
2026-10-01 08:01:23.913|DEBUG|ArtifactScraper|Parsing artifact substat: energyrecharge+5.2%
2026-10-01 08:01:23.913|DEBUG|ArtifactScraper|Parsing artifact substat: def+6.6%
2026-10-01 08:01:23.913|DEBUG|ArtifactScraper|Parsing artifact substat: critdmg+6.2%
2026-10-01 08:01:23.913|DEBUG|ArtifactScraper|Parsing artifact substat: atk+4.7%(unactivated)
2026-10-01 08:01:23.935|DEBUG|ArtifactScraper|Parsing artifact substat: critdmg+7.8%
2026-10-01 08:01:23.935|DEBUG|ArtifactScraper|Parsing artifact substat: elementalmastery+16
2026-10-01 08:01:23.935|DEBUG|ArtifactScraper|Parsing artifact substat: def+23
2026-10-01 08:01:23.935|DEBUG|ArtifactScraper|Parsing artifact substat: atk+4.7%(unactivated)
2026-10-01 08:01:24.205|DEBUG|ArtifactScraper|Parsing artifact substat: hp+5.3%
2026-10-01 08:01:24.205|DEBUG|ArtifactScraper|Parsing artifact substat: hp+269
2026-10-01 08:01:24.205|DEBUG|ArtifactScraper|Parsing artifact substat: def+21
2026-10-01 08:01:24.205|DEBUG|ArtifactScraper|Parsing artifact substat: critrate+3.9%
2026-10-01 08:01:24.334|DEBUG|ArtifactScraper|Parsing artifact substat: def+21
2026-10-01 08:01:24.334|DEBUG|ArtifactScraper|Parsing artifact substat: hp+4.7%
2026-10-01 08:01:24.334|DEBUG|ArtifactScraper|Parsing artifact substat: hp+299
2026-10-01 08:01:24.334|DEBUG|ArtifactScraper|Parsing artifact substat: critrate+3.9%
2026-10-01 08:01:24.637|DEBUG|ArtifactScraper|Parsing artifact substat: atk+4.7%
2026-10-01 08:01:24.637|DEBUG|ArtifactScraper|Parsing artifact substat: hp+209
2026-10-01 08:01:24.637|DEBUG|ArtifactScraper|Parsing artifact substat: hp+4.1%
2026-10-01 08:01:24.637|DEBUG|ArtifactScraper|Parsing artifact substat: elementalmastery+19
2026-10-01 08:01:24.677|DEBUG|ArtifactScraper|Parsing artifact substat: hp+4.7%
2026-10-01 08:01:24.677|DEBUG|ArtifactScraper|Parsing artifact substat: elementalmastery+19
2026-10-01 08:01:24.677|DEBUG|ArtifactScraper|Parsing artifact substat: def+6.6%
2026-10-01 08:01:24.677|DEBUG|ArtifactScraper|Parsing artifact substat: energyrecharge+4.5%
2026-10-01 08:01:24.752|DEBUG|ArtifactScraper|Parsing artifact substat: hp+269
2026-10-01 08:01:24.752|DEBUG|ArtifactScraper|Parsing artifact substat: def+5.1%
2026-10-01 08:01:24.752|DEBUG|ArtifactScraper|Parsing artifact substat: def+19
2026-10-01 08:01:24.752|DEBUG|ArtifactScraper|Parsing artifact substat: hp+5.3%
2026-10-01 08:01:24.925|DEBUG|ArtifactScraper|Finished queuing page of artifacts. Scrolling...
2026-10-01 08:01:25.051|DEBUG|ArtifactScraper|Parsing artifact substat: energyrecharge+5.2%
2026-10-01 08:01:25.051|DEBUG|ArtifactScraper|Parsing artifact substat: critrate+2.7%
2026-10-01 08:01:25.051|DEBUG|ArtifactScraper|Parsing artifact substat: def+21
2026-10-01 08:01:25.051|DEBUG|ArtifactScraper|Parsing artifact substat: hp+209
2026-10-01 08:01:25.073|DEBUG|ArtifactScraper|Parsing artifact substat: def+7.3%
2026-10-01 08:01:25.073|DEBUG|ArtifactScraper|Parsing artifact substat: def+16
2026-10-01 08:01:25.073|DEBUG|ArtifactScraper|Parsing artifact substat: hp+4.7%
2026-10-01 08:01:25.073|DEBUG|ArtifactScraper|Parsing artifact substat: critdmg+6.2%
2026-10-01 08:01:25.337|DEBUG|ArtifactScraper|Parsing artifact substat: atk+4.7%
2026-10-01 08:01:25.337|DEBUG|ArtifactScraper|Parsing artifact substat: hp+269
2026-10-01 08:01:25.337|DEBUG|ArtifactScraper|Parsing artifact substat: def+23
2026-10-01 08:01:25.337|DEBUG|ArtifactScraper|Parsing artifact substat: elementalmastery+23
2026-10-01 08:01:27.355|DEBUG|ArtifactScraper|Scanning artifact page 50
2026-10-01 08:01:27.355|DEBUG|ArtifactScraper|Located 32 possible item locations on page.
2026-10-01 08:01:28.031|DEBUG|ArtifactScraper|Parsing artifact substat: def+6.6%
2026-10-01 08:01:28.031|DEBUG|ArtifactScraper|Parsing artifact substat: def+21
2026-10-01 08:01:28.031|DEBUG|ArtifactScraper|Parsing artifact substat: hp+239
2026-10-01 08:01:28.031|DEBUG|ArtifactScraper|Parsing artifact substat: energyrecharge+6.5%
2026-10-01 08:01:28.043|DEBUG|ArtifactScraper|Parsing artifact substat: critdmg+7.0%
2026-10-01 08:01:28.043|DEBUG|ArtifactScraper|Parsing artifact substat: elementalmastery+21
2026-10-01 08:01:28.043|DEBUG|ArtifactScraper|Parsing artifact substat: hp+209
2026-10-01 08:01:28.043|DEBUG|ArtifactScraper|Parsing artifact substat: hp+4.1%
2026-10-01 08:01:28.301|DEBUG|ArtifactScraper|Parsing artifact substat: def+23
2026-10-01 08:01:28.301|DEBUG|ArtifactScraper|Parsing artifact substat: def+5.8%
2026-10-01 08:01:28.301|DEBUG|ArtifactScraper|Parsing artifact substat: hp+299
2026-10-01 08:01:28.301|DEBUG|ArtifactScraper|Parsing artifact substat: hp+5.3%
2026-10-01 08:01:28.416|DEBUG|ArtifactScraper|Parsing artifact substat: elementalmastery+21
2026-10-01 08:01:28.416|DEBUG|ArtifactScraper|Parsing artifact substat: def+19
2026-10-01 08:01:28.416|DEBUG|ArtifactScraper|Parsing artifact substat: critdmg+7.8%
2026-10-01 08:01:28.416|DEBUG|ArtifactScraper|Parsing artifact substat: hp+209
2026-10-01 08:01:28.694|DEBUG|ArtifactScraper|Parsing artifact substat: hp+239
2026-10-01 08:01:28.694|DEBUG|ArtifactScraper|Parsing artifact substat: def+21
2026-10-01 08:01:28.694|DEBUG|ArtifactScraper|Parsing artifact substat: def+6.6%
2026-10-01 08:01:28.694|DEBUG|ArtifactScraper|Parsing artifact substat: hp+5.8%
2026-10-01 08:01:28.742|DEBUG|ArtifactScraper|Parsing artifact substat: def+6.6%
2026-10-01 08:01:28.742|DEBUG|ArtifactScraper|Parsing artifact substat: hp+299
2026-10-01 08:01:28.742|DEBUG|ArtifactScraper|Parsing artifact substat: hp+4.7%
2026-10-01 08:01:28.742|DEBUG|ArtifactScraper|Parsing artifact substat: elementalmastery+21
2026-10-01 08:01:28.861|DEBUG|ArtifactScraper|Parsing artifact substat: hp+269
2026-10-01 08:01:28.861|DEBUG|ArtifactScraper|Parsing artifact substat: critrate+3.1%
2026-10-01 08:01:28.861|DEBUG|ArtifactScraper|Parsing artifact substat: def+23
2026-10-01 08:01:28.861|DEBUG|ArtifactScraper|Parsing artifact substat: energyrecharge+5.2%
2026-10-01 08:01:29.077|DEBUG|ArtifactScraper|Parsing artifact substat: critdmg+7.0%
2026-10-01 08:01:29.077|DEBUG|ArtifactScraper|Parsing artifact substat: def+23
2026-10-01 08:01:29.077|DEBUG|ArtifactScraper|Parsing artifact substat: hp+5.3%
2026-10-01 08:01:29.077|DEBUG|ArtifactScraper|Parsing artifact substat: def+6.6%
2026-10-01 08:01:29.308|DEBUG|ArtifactScraper|Parsing artifact substat: critrate+2.7%
2026-10-01 08:01:29.308|DEBUG|ArtifactScraper|Parsing artifact substat: energyrecharge+6.5%
2026-10-01 08:01:29.308|DEBUG|ArtifactScraper|Parsing artifact substat: elementalmastery+19
2026-10-01 08:01:29.308|DEBUG|ArtifactScraper|Parsing artifact substat: hp+5.3%
2026-10-01 08:01:29.411|DEBUG|ArtifactScraper|Parsing artifact substat: elementalmastery+21
2026-10-01 08:01:29.411|DEBUG|ArtifactScraper|Parsing artifact substat: hp+269
2026-10-01 08:01:29.411|DEBUG|ArtifactScraper|Parsing artifact substat: def+23
2026-10-01 08:01:29.411|DEBUG|ArtifactScraper|Parsing artifact substat: critrate+3.9%
2026-10-01 08:01:29.744|DEBUG|ArtifactScraper|Parsing artifact substat: def+23
2026-10-01 08:01:29.744|DEBUG|ArtifactScraper|Parsing artifact substat: def+6.6%
2026-10-01 08:01:29.744|DEBUG|ArtifactScraper|Parsing artifact substat: elementalmastery+19
2026-10-01 08:01:29.744|DEBUG|ArtifactScraper|Parsing artifact substat: hp+5.8%(unactivated)
2026-10-01 08:01:29.756|DEBUG|ArtifactScraper|Parsing artifact substat: elementalmastery+19
2026-10-01 08:01:29.756|DEBUG|ArtifactScraper|Parsing artifact substat: energyrecharge+6.5%
2026-10-01 08:01:29.756|DEBUG|ArtifactScraper|Parsing artifact substat: def+16
2026-10-01 08:01:29.756|DEBUG|ArtifactScraper|Parsing artifact substat: def+6.6%(unactivated)
2026-10-01 08:01:30.068|DEBUG|ArtifactScraper|Parsing artifact substat: hp+5.3%
2026-10-01 08:01:30.068|DEBUG|ArtifactScraper|Parsing artifact substat: def+6.6%
2026-10-01 08:01:30.068|DEBUG|ArtifactScraper|Parsing artifact substat: hp+239
2026-10-01 08:01:30.068|DEBUG|ArtifactScraper|Parsing artifact substat: critdmg+7.0%(unactivated)
2026-10-01 08:01:30.149|DEBUG|ArtifactScraper|Parsing artifact substat: atk+5.3%
2026-10-01 08:01:30.149|DEBUG|ArtifactScraper|Parsing artifact substat: def+16
2026-10-01 08:01:30.149|DEBUG|ArtifactScraper|Parsing artifact substat: hp+5.3%
2026-10-01 08:01:30.149|DEBUG|ArtifactScraper|Parsing artifact substat: elementalmastery+16
2026-10-01 08:01:30.421|DEBUG|ArtifactScraper|Parsing artifact substat: def+23
2026-10-01 08:01:30.421|DEBUG|ArtifactScraper|Parsing artifact substat: hp+4.7%
2026-10-01 08:01:30.421|DEBUG|ArtifactScraper|Parsing artifact substat: hp+209
2026-10-01 08:01:30.421|DEBUG|ArtifactScraper|Parsing artifact substat: elementalmastery+19
2026-10-01 08:01:30.478|DEBUG|ArtifactScraper|Parsing artifact substat: hp+209
2026-10-01 08:01:30.478|DEBUG|ArtifactScraper|Parsing artifact substat: def+21
2026-10-01 08:01:30.478|DEBUG|ArtifactScraper|Parsing artifact substat: def+5.8%
2026-10-01 08:01:30.478|DEBUG|ArtifactScraper|Parsing artifact substat: critrate+3.5%(unactivated)
2026-10-01 08:01:30.837|DEBUG|ArtifactScraper|Parsing artifact substat: energyrecharge+5.2%
2026-10-01 08:01:30.837|DEBUG|ArtifactScraper|Parsing artifact substat: def+21
2026-10-01 08:01:30.837|DEBUG|ArtifactScraper|Parsing artifact substat: critrate+3.9%
2026-10-01 08:01:30.837|DEBUG|ArtifactScraper|Parsing artifact substat: hp+299(unactivated)
2026-10-01 08:01:30.904|DEBUG|ArtifactScraper|Parsing artifact substat: def+19
2026-10-01 08:01:30.904|DEBUG|ArtifactScraper|Parsing artifact substat: elementalmastery+23
2026-10-01 08:01:30.904|DEBUG|ArtifactScraper|Parsing artifact substat: hp+269
2026-10-01 08:01:30.904|DEBUG|ArtifactScraper|Parsing artifact substat: atk+5.8%(unactivated)
2026-10-01 08:01:31.136|DEBUG|ArtifactScraper|Parsing artifact substat: elementalmastery+23
2026-10-01 08:01:31.136|DEBUG|ArtifactScraper|Parsing artifact substat: energyrecharge+5.2%
2026-10-01 08:01:31.136|DEBUG|ArtifactScraper|Parsing artifact substat: critdmg+6.2%
2026-10-01 08:01:31.136|DEBUG|ArtifactScraper|Parsing artifact substat: def+21(unactivated)
2026-10-01 08:01:31.255|DEBUG|ArtifactScraper|Parsing artifact substat: elementalmastery+23
2026-10-01 08:01:31.255|DEBUG|ArtifactScraper|Parsing artifact substat: def+6.6%
2026-10-01 08:01:31.255|DEBUG|ArtifactScraper|Parsing artifact substat: hp+209
2026-10-01 08:01:31.255|DEBUG|ArtifactScraper|Parsing artifact substat: hp+5.8%(unactivated)
2026-10-01 08:01:31.592|DEBUG|ArtifactScraper|Parsing artifact substat: hp+4.1%
2026-10-01 08:01:31.592|DEBUG|ArtifactScraper|Parsing artifact substat: hp+269
2026-10-01 08:01:31.592|DEBUG|ArtifactScraper|Parsing artifact substat: elementalmastery+19
2026-10-01 08:01:31.592|DEBUG|ArtifactScraper|Parsing artifact substat: def+23(unactivated)
2026-10-01 08:01:31.664|DEBUG|ArtifactScraper|Parsing artifact substat: elementalmastery+21
2026-10-01 08:01:31.664|DEBUG|ArtifactScraper|Parsing artifact substat: energyrecharge+4.5%
2026-10-01 08:01:31.664|DEBUG|ArtifactScraper|Parsing artifact substat: hp+4.1%
2026-10-01 08:01:31.664|DEBUG|ArtifactScraper|Parsing artifact substat: atk+5.3%(unactivated)
2026-10-01 08:01:31.699|DEBUG|ArtifactScraper|Parsing artifact substat: critrate+3.1%
2026-10-01 08:01:31.699|DEBUG|ArtifactScraper|Parsing artifact substat: hp+5.3%
2026-10-01 08:01:31.699|DEBUG|ArtifactScraper|Parsing artifact substat: def+23
2026-10-01 08:01:31.699|DEBUG|ArtifactScraper|Parsing artifact substat: hp+209(unactivated)
2026-10-01 08:01:32.006|DEBUG|ArtifactScraper|Parsing artifact substat: atk+5.3%
2026-10-01 08:01:32.006|DEBUG|ArtifactScraper|Parsing artifact substat: hp+299
2026-10-01 08:01:32.006|DEBUG|ArtifactScraper|Parsing artifact substat: def+21
2026-10-01 08:01:32.006|DEBUG|ArtifactScraper|Parsing artifact substat: elementalmastery+23
2026-10-01 08:01:32.060|DEBUG|ArtifactScraper|Parsing artifact substat: def+5.1%
2026-10-01 08:01:32.060|DEBUG|ArtifactScraper|Parsing artifact substat: def+16
2026-10-01 08:01:32.060|DEBUG|ArtifactScraper|Parsing artifact substat: hp+5.8%
2026-10-01 08:01:32.060|DEBUG|ArtifactScraper|Parsing artifact substat: elementalmastery+21
2026-10-01 08:01:32.399|DEBUG|ArtifactScraper|Parsing artifact substat: def+21
2026-10-01 08:01:32.399|DEBUG|ArtifactScraper|Parsing artifact substat: elementalmastery+19
2026-10-01 08:01:32.399|DEBUG|ArtifactScraper|Parsing artifact substat: hp+4.7%
2026-10-01 08:01:32.399|DEBUG|ArtifactScraper|Parsing artifact substat: atk+4.7%(unactivated)
2026-10-01 08:01:32.430|DEBUG|ArtifactScraper|Parsing artifact substat: atk+5.8%
2026-10-01 08:01:32.430|DEBUG|ArtifactScraper|Parsing artifact substat: hp+269
2026-10-01 08:01:32.430|DEBUG|ArtifactScraper|Parsing artifact substat: elementalmastery+21
2026-10-01 08:01:32.430|DEBUG|ArtifactScraper|Parsing artifact substat: def+6.6%(unactivated)
2026-10-01 08:01:32.749|DEBUG|ArtifactScraper|Parsing artifact substat: hp+5.8%
2026-10-01 08:01:32.749|DEBUG|ArtifactScraper|Parsing artifact substat: energyrecharge+6.5%
2026-10-01 08:01:32.749|DEBUG|ArtifactScraper|Parsing artifact substat: hp+299
2026-10-01 08:01:32.749|DEBUG|ArtifactScraper|Parsing artifact substat: critdmg+6.2%(unactivated)
2026-10-01 08:01:32.792|DEBUG|ArtifactScraper|Parsing artifact substat: def+16
2026-10-01 08:01:32.792|DEBUG|ArtifactScraper|Parsing artifact substat: hp+239
2026-10-01 08:01:32.792|DEBUG|ArtifactScraper|Parsing artifact substat: critrate+3.5%
2026-10-01 08:01:32.792|DEBUG|ArtifactScraper|Parsing artifact substat: energyrecharge+6.5%
2026-10-01 08:01:32.915|DEBUG|ArtifactScraper|Finished queuing page of artifacts. Scrolling...
2026-10-01 08:01:33.106|DEBUG|ArtifactScraper|Parsing artifact substat: def+21
2026-10-01 08:01:33.106|DEBUG|ArtifactScraper|Parsing artifact substat: critrate+3.1%
2026-10-01 08:01:33.106|DEBUG|ArtifactScraper|Parsing artifact substat: elementalmastery+19
2026-10-01 08:01:33.106|DEBUG|ArtifactScraper|Parsing artifact substat: energyrecharge+4.5%
2026-10-01 08:01:33.161|DEBUG|ArtifactScraper|Parsing artifact substat: hp+4.1%
2026-10-01 08:01:33.161|DEBUG|ArtifactScraper|Parsing artifact substat: hp+269
2026-10-01 08:01:33.161|DEBUG|ArtifactScraper|Parsing artifact substat: elementalmastery+19
2026-10-01 08:01:33.161|DEBUG|ArtifactScraper|Parsing artifact substat: critrate+3.9%(unactivated)
2026-10-01 08:01:33.458|DEBUG|ArtifactScraper|Parsing artifact substat: energyrecharge+5.2%
2026-10-01 08:01:33.458|DEBUG|ArtifactScraper|Parsing artifact substat: hp+209
2026-10-01 08:01:33.458|DEBUG|ArtifactScraper|Parsing artifact substat: elementalmastery+16
2026-10-01 08:01:33.458|DEBUG|ArtifactScraper|Parsing artifact substat: critrate+3.5%(unactivated)
2026-10-01 08:01:35.219|DEBUG|ArtifactScraper|Scanning artifact page 51
2026-10-01 08:01:35.219|DEBUG|ArtifactScraper|Located 32 possible item locations on page.
2026-10-01 08:01:35.720|DEBUG|ArtifactScraper|Parsing artifact substat: hp+269
2026-10-01 08:01:35.720|DEBUG|ArtifactScraper|Parsing artifact substat: def+5.1%
2026-10-01 08:01:35.720|DEBUG|ArtifactScraper|Parsing artifact substat: hp+4.1%
2026-10-01 08:01:35.720|DEBUG|ArtifactScraper|Parsing artifact substat: elementalmastery+23
2026-10-01 08:01:35.806|DEBUG|ArtifactScraper|Parsing artifact substat: hp+4.7%
2026-10-01 08:01:35.806|DEBUG|ArtifactScraper|Parsing artifact substat: hp+269
2026-10-01 08:01:35.806|DEBUG|ArtifactScraper|Parsing artifact substat: def+23
2026-10-01 08:01:35.806|DEBUG|ArtifactScraper|Parsing artifact substat: atk+5.3%(unactivated)
2026-10-01 08:01:36.077|DEBUG|ArtifactScraper|Parsing artifact substat: def+5.8%
2026-10-01 08:01:36.077|DEBUG|ArtifactScraper|Parsing artifact substat: energyrecharge+4.5%
2026-10-01 08:01:36.077|DEBUG|ArtifactScraper|Parsing artifact substat: elementalmastery+19
2026-10-01 08:01:36.077|DEBUG|ArtifactScraper|Parsing artifact substat: def+19(unactivated)
2026-10-01 08:01:36.166|DEBUG|ArtifactScraper|Parsing artifact substat: elementalmastery+21
2026-10-01 08:01:36.166|DEBUG|ArtifactScraper|Parsing artifact substat: hp+299
2026-10-01 08:01:36.166|DEBUG|ArtifactScraper|Parsing artifact substat: critdmg+5.4%
2026-10-01 08:01:36.166|DEBUG|ArtifactScraper|Parsing artifact substat: hp+4.1%(unactivated)
2026-10-01 08:01:36.423|DEBUG|ArtifactScraper|Parsing artifact substat: def+7.3%
2026-10-01 08:01:36.423|DEBUG|ArtifactScraper|Parsing artifact substat: elementalmastery+16
2026-10-01 08:01:36.423|DEBUG|ArtifactScraper|Parsing artifact substat: critdmg+7.8%
2026-10-01 08:01:36.423|DEBUG|ArtifactScraper|Parsing artifact substat: hp+5.3%(unactivated)
2026-10-01 08:01:36.537|DEBUG|ArtifactScraper|Parsing artifact substat: critrate+3.5%
2026-10-01 08:01:36.537|DEBUG|ArtifactScraper|Parsing artifact substat: def+16
2026-10-01 08:01:36.537|DEBUG|ArtifactScraper|Parsing artifact substat: energyrecharge+6.5%
2026-10-01 08:01:36.537|DEBUG|ArtifactScraper|Parsing artifact substat: elementalmastery+23
2026-10-01 08:01:36.731|DEBUG|ArtifactScraper|Parsing artifact substat: hp+4.1%
2026-10-01 08:01:36.731|DEBUG|ArtifactScraper|Parsing artifact substat: atk+4.1%
2026-10-01 08:01:36.731|DEBUG|ArtifactScraper|Parsing artifact substat: def+23
2026-10-01 08:01:36.731|DEBUG|ArtifactScraper|Parsing artifact substat: energyrecharge+5.2%
2026-10-01 08:01:36.937|DEBUG|ArtifactScraper|Parsing artifact substat: def+5.1%
2026-10-01 08:01:36.937|DEBUG|ArtifactScraper|Parsing artifact substat: energyrecharge+4.5%
2026-10-01 08:01:36.937|DEBUG|ArtifactScraper|Parsing artifact substat: def+21
2026-10-01 08:01:36.937|DEBUG|ArtifactScraper|Parsing artifact substat: atk+5.3%(unactivated)
2026-10-01 08:01:37.230|DEBUG|ArtifactScraper|Parsing artifact substat: def+21
2026-10-01 08:01:37.230|DEBUG|ArtifactScraper|Parsing artifact substat: hp+209
2026-10-01 08:01:37.230|DEBUG|ArtifactScraper|Parsing artifact substat: critrate+3.1%
2026-10-01 08:01:37.230|DEBUG|ArtifactScraper|Parsing artifact substat: def+5.1%(unactivated)
2026-10-01 08:01:37.240|DEBUG|ArtifactScraper|Parsing artifact substat: atk+4.1%
2026-10-01 08:01:37.240|DEBUG|ArtifactScraper|Parsing artifact substat: elementalmastery+19
2026-10-01 08:01:37.240|DEBUG|ArtifactScraper|Parsing artifact substat: def+23
2026-10-01 08:01:37.240|DEBUG|ArtifactScraper|Parsing artifact substat: hp+299(unactivated)
2026-10-01 08:01:37.668|DEBUG|ArtifactScraper|Parsing artifact substat: def+5.8%
2026-10-01 08:01:37.668|DEBUG|ArtifactScraper|Parsing artifact substat: hp+239
2026-10-01 08:01:37.668|DEBUG|ArtifactScraper|Parsing artifact substat: atk+4.7%
2026-10-01 08:01:37.668|DEBUG|ArtifactScraper|Parsing artifact substat: def+16(unactivated)
2026-10-01 08:01:37.679|DEBUG|ArtifactScraper|Parsing artifact substat: hp+209
2026-10-01 08:01:37.679|DEBUG|ArtifactScraper|Parsing artifact substat: energyrecharge+4.5%
2026-10-01 08:01:37.679|DEBUG|ArtifactScraper|Parsing artifact substat: def+5.1%
2026-10-01 08:01:37.679|DEBUG|ArtifactScraper|Parsing artifact substat: critdmg+6.2%(unactivated)
2026-10-01 08:01:37.969|DEBUG|ArtifactScraper|Parsing artifact substat: def+16
2026-10-01 08:01:37.969|DEBUG|ArtifactScraper|Parsing artifact substat: hp+299
2026-10-01 08:01:37.969|DEBUG|ArtifactScraper|Parsing artifact substat: energyrecharge+5.8%
2026-10-01 08:01:37.969|DEBUG|ArtifactScraper|Parsing artifact substat: hp+4.1%(unactivated)
2026-10-01 08:01:38.075|DEBUG|ArtifactScraper|Parsing artifact substat: elementalmastery+19
2026-10-01 08:01:38.075|DEBUG|ArtifactScraper|Parsing artifact substat: hp+4.7%
2026-10-01 08:01:38.075|DEBUG|ArtifactScraper|Parsing artifact substat: def+19
2026-10-01 08:01:38.075|DEBUG|ArtifactScraper|Parsing artifact substat: def+5.8%(unactivated)
2026-10-01 08:01:38.342|DEBUG|ArtifactScraper|Parsing artifact substat: hp+299
2026-10-01 08:01:38.342|DEBUG|ArtifactScraper|Parsing artifact substat: def+21
2026-10-01 08:01:38.342|DEBUG|ArtifactScraper|Parsing artifact substat: def+5.1%
2026-10-01 08:01:38.342|DEBUG|ArtifactScraper|Parsing artifact substat: hp+4.1%(unactivated)
2026-10-01 08:01:38.378|DEBUG|ArtifactScraper|Parsing artifact substat: atk+5.8%
2026-10-01 08:01:38.378|DEBUG|ArtifactScraper|Parsing artifact substat: def+5.1%
2026-10-01 08:01:38.378|DEBUG|ArtifactScraper|Parsing artifact substat: hp+4.1%
2026-10-01 08:01:38.378|DEBUG|ArtifactScraper|Parsing artifact substat: def+16(unactivated)
2026-10-01 08:01:38.481|DEBUG|ArtifactScraper|Parsing artifact substat: def+23
2026-10-01 08:01:38.481|DEBUG|ArtifactScraper|Parsing artifact substat: hp+4.1%
2026-10-01 08:01:38.481|DEBUG|ArtifactScraper|Parsing artifact substat: critdmg+5.4%
2026-10-01 08:01:38.481|DEBUG|ArtifactScraper|Parsing artifact substat: elementalmastery+16
2026-10-01 08:01:38.736|DEBUG|ArtifactScraper|Parsing artifact substat: critrate+3.1%
2026-10-01 08:01:38.736|DEBUG|ArtifactScraper|Parsing artifact substat: energyrecharge+5.2%
2026-10-01 08:01:38.736|DEBUG|ArtifactScraper|Parsing artifact substat: critdmg+6.2%
2026-10-01 08:01:38.736|DEBUG|ArtifactScraper|Parsing artifact substat: hp+299
2026-10-01 08:01:38.879|DEBUG|ArtifactScraper|Parsing artifact substat: critrate+3.5%
2026-10-01 08:01:38.879|DEBUG|ArtifactScraper|Parsing artifact substat: atk+19
2026-10-01 08:01:38.879|DEBUG|ArtifactScraper|Parsing artifact substat: critdmg+5.4%
2026-10-01 08:01:38.879|DEBUG|ArtifactScraper|Parsing artifact substat: elementalmastery+16
2026-10-01 08:01:39.048|DEBUG|ArtifactScraper|Parsing artifact substat: critrate+2.7%
2026-10-01 08:01:39.048|DEBUG|ArtifactScraper|Parsing artifact substat: atk+16
2026-10-01 08:01:39.048|DEBUG|ArtifactScraper|Parsing artifact substat: hp+269
2026-10-01 08:01:39.048|DEBUG|ArtifactScraper|Parsing artifact substat: critdmg+7.0%
2026-10-01 08:01:39.177|DEBUG|ArtifactScraper|Parsing artifact substat: energyrecharge+5.8%
2026-10-01 08:01:39.177|DEBUG|ArtifactScraper|Parsing artifact substat: critdmg+7.8%
2026-10-01 08:01:39.177|DEBUG|ArtifactScraper|Parsing artifact substat: critrate+3.9%
2026-10-01 08:01:39.177|DEBUG|ArtifactScraper|Parsing artifact substat: hp+5.8%
2026-10-01 08:01:39.419|DEBUG|ArtifactScraper|Parsing artifact substat: critrate+3.1%
2026-10-01 08:01:39.419|DEBUG|ArtifactScraper|Parsing artifact substat: critdmg+7.8%
2026-10-01 08:01:39.419|DEBUG|ArtifactScraper|Parsing artifact substat: atk+4.7%
2026-10-01 08:01:39.419|DEBUG|ArtifactScraper|Parsing artifact substat: atk+18
2026-10-01 08:01:39.532|DEBUG|ArtifactScraper|Parsing artifact substat: critrate+3.1%
2026-10-01 08:01:39.532|DEBUG|ArtifactScraper|Parsing artifact substat: critdmg+6.2%
2026-10-01 08:01:39.532|DEBUG|ArtifactScraper|Parsing artifact substat: elementalmastery+19
2026-10-01 08:01:39.532|DEBUG|ArtifactScraper|Parsing artifact substat: hp+5.3%
2026-10-01 08:01:39.754|DEBUG|ArtifactScraper|Parsing artifact substat: critrate+2.7%
2026-10-01 08:01:39.754|DEBUG|ArtifactScraper|Parsing artifact substat: atk+5.8%
2026-10-01 08:01:39.754|DEBUG|ArtifactScraper|Parsing artifact substat: def+19
2026-10-01 08:01:39.754|DEBUG|ArtifactScraper|Parsing artifact substat: critdmg+7.0%
2026-10-01 08:01:39.912|DEBUG|ArtifactScraper|Parsing artifact substat: critdmg+5.4%
2026-10-01 08:01:39.912|DEBUG|ArtifactScraper|Parsing artifact substat: energyrecharge+5.8%
2026-10-01 08:01:39.912|DEBUG|ArtifactScraper|Parsing artifact substat: hp+5.3%
2026-10-01 08:01:39.912|DEBUG|ArtifactScraper|Parsing artifact substat: atk+14(unactivated)
2026-10-01 08:01:40.072|DEBUG|ArtifactScraper|Parsing artifact substat: def+23
2026-10-01 08:01:40.072|DEBUG|ArtifactScraper|Parsing artifact substat: atk+19
2026-10-01 08:01:40.072|DEBUG|ArtifactScraper|Parsing artifact substat: atk+5.3%
2026-10-01 08:01:40.072|DEBUG|ArtifactScraper|Parsing artifact substat: critdmg+7.8%(unactivated)
2026-10-01 08:01:40.286|DEBUG|ArtifactScraper|Parsing artifact substat: hp+269
2026-10-01 08:01:40.286|DEBUG|ArtifactScraper|Parsing artifact substat: critrate+3.1%
2026-10-01 08:01:40.286|DEBUG|ArtifactScraper|Parsing artifact substat: hp+4.1%
2026-10-01 08:01:40.286|DEBUG|ArtifactScraper|Parsing artifact substat: energyrecharge+4.5%
2026-10-01 08:01:40.403|DEBUG|ArtifactScraper|Parsing artifact substat: energyrecharge+6.5%
2026-10-01 08:01:40.403|DEBUG|ArtifactScraper|Parsing artifact substat: def+16
2026-10-01 08:01:40.403|DEBUG|ArtifactScraper|Parsing artifact substat: critdmg+6.2%
2026-10-01 08:01:40.403|DEBUG|ArtifactScraper|Parsing artifact substat: critrate+2.7%(unactivated)
2026-10-01 08:01:40.647|DEBUG|ArtifactScraper|Parsing artifact substat: atk+18
2026-10-01 08:01:40.647|DEBUG|ArtifactScraper|Parsing artifact substat: critrate+3.1%
2026-10-01 08:01:40.647|DEBUG|ArtifactScraper|Parsing artifact substat: hp+5.8%
2026-10-01 08:01:40.647|DEBUG|ArtifactScraper|Parsing artifact substat: energyrecharge+5.2%
2026-10-01 08:01:40.719|DEBUG|ArtifactScraper|Finished queuing page of artifacts. Scrolling...
2026-10-01 08:01:40.727|DEBUG|ArtifactScraper|Parsing artifact substat: hp+269
2026-10-01 08:01:40.727|DEBUG|ArtifactScraper|Parsing artifact substat: critrate+3.1%
2026-10-01 08:01:40.727|DEBUG|ArtifactScraper|Parsing artifact substat: atk+19
2026-10-01 08:01:40.727|DEBUG|ArtifactScraper|Parsing artifact substat: atk+4.7%(unactivated)
2026-10-01 08:01:41.015|DEBUG|ArtifactScraper|Parsing artifact substat: critrate+3.5%
2026-10-01 08:01:41.015|DEBUG|ArtifactScraper|Parsing artifact substat: atk+4.1%
2026-10-01 08:01:41.015|DEBUG|ArtifactScraper|Parsing artifact substat: hp+5.3%
2026-10-01 08:01:41.015|DEBUG|ArtifactScraper|Parsing artifact substat: critdmg+7.8%(unactivated)
2026-10-01 08:01:41.119|DEBUG|ArtifactScraper|Parsing artifact substat: critrate+3.5%
2026-10-01 08:01:41.119|DEBUG|ArtifactScraper|Parsing artifact substat: energyrecharge+6.5%
2026-10-01 08:01:41.119|DEBUG|ArtifactScraper|Parsing artifact substat: elementalmastery+23
2026-10-01 08:01:41.119|DEBUG|ArtifactScraper|Parsing artifact substat: hp+5.3%(unactivated)
2026-10-01 08:01:42.815|DEBUG|ArtifactScraper|Scanning artifact page 52
2026-10-01 08:01:42.815|DEBUG|ArtifactScraper|Located 32 possible item locations on page.
2026-10-01 08:01:43.236|DEBUG|ArtifactScraper|Parsing artifact substat: elementalmastery+23
2026-10-01 08:01:43.236|DEBUG|ArtifactScraper|Parsing artifact substat: def+16
2026-10-01 08:01:43.236|DEBUG|ArtifactScraper|Parsing artifact substat: critrate+3.1%
2026-10-01 08:01:43.236|DEBUG|ArtifactScraper|Parsing artifact substat: critdmg+6.2%(unactivated)
2026-10-01 08:01:43.428|DEBUG|ArtifactScraper|Parsing artifact substat: critdmg+7.8%
2026-10-01 08:01:43.428|DEBUG|ArtifactScraper|Parsing artifact substat: elementalmastery+16
2026-10-01 08:01:43.428|DEBUG|ArtifactScraper|Parsing artifact substat: critrate+2.7%
2026-10-01 08:01:43.428|DEBUG|ArtifactScraper|Parsing artifact substat: hp+239(unactivated)
2026-10-01 08:01:43.579|DEBUG|ArtifactScraper|Parsing artifact substat: critrate+3.5%
2026-10-01 08:01:43.579|DEBUG|ArtifactScraper|Parsing artifact substat: atk+14
2026-10-01 08:01:43.579|DEBUG|ArtifactScraper|Parsing artifact substat: energyrecharge+5.2%
2026-10-01 08:01:43.579|DEBUG|ArtifactScraper|Parsing artifact substat: elementalmastery+16
2026-10-01 08:01:43.766|DEBUG|ArtifactScraper|Parsing artifact substat: critdmg+7.0%
2026-10-01 08:01:43.766|DEBUG|ArtifactScraper|Parsing artifact substat: energyrecharge+5.2%
2026-10-01 08:01:43.766|DEBUG|ArtifactScraper|Parsing artifact substat: critrate+3.1%
2026-10-01 08:01:43.766|DEBUG|ArtifactScraper|Parsing artifact substat: hp+4.1%(unactivated)
2026-10-01 08:01:44.114|DEBUG|ArtifactScraper|Parsing artifact substat: def+21
2026-10-01 08:01:44.114|DEBUG|ArtifactScraper|Parsing artifact substat: atk+16
2026-10-01 08:01:44.114|DEBUG|ArtifactScraper|Parsing artifact substat: elementalmastery+23
2026-10-01 08:01:44.114|DEBUG|ArtifactScraper|Parsing artifact substat: atk+5.8%
2026-10-01 08:01:44.114|DEBUG|ArtifactScraper|Parsing artifact substat: def+19
2026-10-01 08:01:44.114|DEBUG|ArtifactScraper|Parsing artifact substat: critrate+3.9%
2026-10-01 08:01:44.114|DEBUG|ArtifactScraper|Parsing artifact substat: energyrecharge+4.5%
2026-10-01 08:01:44.114|DEBUG|ArtifactScraper|Parsing artifact substat: hp+4.1%(unactivated)
2026-10-01 08:01:44.442|DEBUG|ArtifactScraper|Parsing artifact substat: atk+18
2026-10-01 08:01:44.442|DEBUG|ArtifactScraper|Parsing artifact substat: hp+4.7%
2026-10-01 08:01:44.442|DEBUG|ArtifactScraper|Parsing artifact substat: def+23
2026-10-01 08:01:44.442|DEBUG|ArtifactScraper|Parsing artifact substat: def+7.3%
2026-10-01 08:01:44.487|DEBUG|ArtifactScraper|Parsing artifact substat: atk+16
2026-10-01 08:01:44.487|DEBUG|ArtifactScraper|Parsing artifact substat: hp+269
2026-10-01 08:01:44.487|DEBUG|ArtifactScraper|Parsing artifact substat: elementalmastery+16
2026-10-01 08:01:44.487|DEBUG|ArtifactScraper|Parsing artifact substat: energyrecharge+5.8%
2026-10-01 08:01:44.764|DEBUG|ArtifactScraper|Parsing artifact substat: atk+14
2026-10-01 08:01:44.764|DEBUG|ArtifactScraper|Parsing artifact substat: def+21
2026-10-01 08:01:44.764|DEBUG|ArtifactScraper|Parsing artifact substat: def+6.6%
2026-10-01 08:01:44.764|DEBUG|ArtifactScraper|Parsing artifact substat: critdmg+7.0%
2026-10-01 08:01:44.871|DEBUG|ArtifactScraper|Parsing artifact substat: elementalmastery+19
2026-10-01 08:01:44.871|DEBUG|ArtifactScraper|Parsing artifact substat: critdmg+6.2%
2026-10-01 08:01:44.871|DEBUG|ArtifactScraper|Parsing artifact substat: hp+239
2026-10-01 08:01:44.871|DEBUG|ArtifactScraper|Parsing artifact substat: atk+4.7%
2026-10-01 08:01:45.064|DEBUG|ArtifactScraper|Parsing artifact substat: atk+4.7%
2026-10-01 08:01:45.064|DEBUG|ArtifactScraper|Parsing artifact substat: def+23
2026-10-01 08:01:45.064|DEBUG|ArtifactScraper|Parsing artifact substat: critdmg+7.0%
2026-10-01 08:01:45.064|DEBUG|ArtifactScraper|Parsing artifact substat: hp+299
2026-10-01 08:01:45.258|DEBUG|ArtifactScraper|Parsing artifact substat: atk+18
2026-10-01 08:01:45.258|DEBUG|ArtifactScraper|Parsing artifact substat: hp+239
2026-10-01 08:01:45.258|DEBUG|ArtifactScraper|Parsing artifact substat: def+16
2026-10-01 08:01:45.258|DEBUG|ArtifactScraper|Parsing artifact substat: critrate+3.5%
2026-10-01 08:01:45.391|DEBUG|ArtifactScraper|Parsing artifact substat: atk+19
2026-10-01 08:01:45.391|DEBUG|ArtifactScraper|Parsing artifact substat: elementalmastery+21
2026-10-01 08:01:45.391|DEBUG|ArtifactScraper|Parsing artifact substat: critrate+3.9%
2026-10-01 08:01:45.391|DEBUG|ArtifactScraper|Parsing artifact substat: hp+239
2026-10-01 08:01:45.647|DEBUG|ArtifactScraper|Parsing artifact substat: atk+18
2026-10-01 08:01:45.647|DEBUG|ArtifactScraper|Parsing artifact substat: elementalmastery+16
2026-10-01 08:01:45.647|DEBUG|ArtifactScraper|Parsing artifact substat: critdmg+6.2%
2026-10-01 08:01:45.647|DEBUG|ArtifactScraper|Parsing artifact substat: hp+5.3%
2026-10-01 08:01:45.695|DEBUG|ArtifactScraper|Parsing artifact substat: atk+5.8%
2026-10-01 08:01:45.695|DEBUG|ArtifactScraper|Parsing artifact substat: hp+5.3%
2026-10-01 08:01:45.695|DEBUG|ArtifactScraper|Parsing artifact substat: atk+18
2026-10-01 08:01:45.695|DEBUG|ArtifactScraper|Parsing artifact substat: def+16
2026-10-01 08:01:46.003|DEBUG|ArtifactScraper|Parsing artifact substat: def+21
2026-10-01 08:01:46.004|DEBUG|ArtifactScraper|Parsing artifact substat: energyrecharge+4.5%
2026-10-01 08:01:46.004|DEBUG|ArtifactScraper|Parsing artifact substat: hp+4.7%
2026-10-01 08:01:46.004|DEBUG|ArtifactScraper|Parsing artifact substat: atk+4.1%
2026-10-01 08:01:46.071|DEBUG|ArtifactScraper|Parsing artifact substat: critdmg+5.4%
2026-10-01 08:01:46.071|DEBUG|ArtifactScraper|Parsing artifact substat: hp+299
2026-10-01 08:01:46.071|DEBUG|ArtifactScraper|Parsing artifact substat: def+6.6%
2026-10-01 08:01:46.071|DEBUG|ArtifactScraper|Parsing artifact substat: elementalmastery+19
2026-10-01 08:01:46.280|DEBUG|ArtifactScraper|Parsing artifact substat: hp+239
2026-10-01 08:01:46.280|DEBUG|ArtifactScraper|Parsing artifact substat: def+16
2026-10-01 08:01:46.280|DEBUG|ArtifactScraper|Parsing artifact substat: atk+16
2026-10-01 08:01:46.280|DEBUG|ArtifactScraper|Parsing artifact substat: elementalmastery+21
2026-10-01 08:01:46.361|DEBUG|ArtifactScraper|Parsing artifact substat: atk+16
2026-10-01 08:01:46.361|DEBUG|ArtifactScraper|Parsing artifact substat: critdmg+7.0%
2026-10-01 08:01:46.361|DEBUG|ArtifactScraper|Parsing artifact substat: def+7.3%
2026-10-01 08:01:46.361|DEBUG|ArtifactScraper|Parsing artifact substat: def+16
2026-10-01 08:01:46.664|DEBUG|ArtifactScraper|Parsing artifact substat: elementalmastery+19
2026-10-01 08:01:46.664|DEBUG|ArtifactScraper|Parsing artifact substat: critrate+3.5%
2026-10-01 08:01:46.664|DEBUG|ArtifactScraper|Parsing artifact substat: hp+269
2026-10-01 08:01:46.664|DEBUG|ArtifactScraper|Parsing artifact substat: atk+5.8%
2026-10-01 08:01:46.744|DEBUG|ArtifactScraper|Parsing artifact substat: hp+239
2026-10-01 08:01:46.744|DEBUG|ArtifactScraper|Parsing artifact substat: energyrecharge+5.8%
2026-10-01 08:01:46.744|DEBUG|ArtifactScraper|Parsing artifact substat: critdmg+5.4%
2026-10-01 08:01:46.744|DEBUG|ArtifactScraper|Parsing artifact substat: def+19
2026-10-01 08:01:46.993|DEBUG|ArtifactScraper|Parsing artifact substat: atk+5.3%
2026-10-01 08:01:46.993|DEBUG|ArtifactScraper|Parsing artifact substat: atk+18
2026-10-01 08:01:46.993|DEBUG|ArtifactScraper|Parsing artifact substat: def+16
2026-10-01 08:01:46.993|DEBUG|ArtifactScraper|Parsing artifact substat: critrate+3.9%
2026-10-01 08:01:47.154|DEBUG|ArtifactScraper|Parsing artifact substat: hp+5.3%
2026-10-01 08:01:47.154|DEBUG|ArtifactScraper|Parsing artifact substat: def+19
2026-10-01 08:01:47.154|DEBUG|ArtifactScraper|Parsing artifact substat: hp+269
2026-10-01 08:01:47.154|DEBUG|ArtifactScraper|Parsing artifact substat: atk+4.7%
2026-10-01 08:01:47.314|DEBUG|ArtifactScraper|Parsing artifact substat: elementalmastery+16
2026-10-01 08:01:47.314|DEBUG|ArtifactScraper|Parsing artifact substat: atk+19
2026-10-01 08:01:47.314|DEBUG|ArtifactScraper|Parsing artifact substat: hp+209
2026-10-01 08:01:47.314|DEBUG|ArtifactScraper|Parsing artifact substat: energyrecharge+4.5%
2026-10-01 08:01:47.507|DEBUG|ArtifactScraper|Parsing artifact substat: energyrecharge+5.2%
2026-10-01 08:01:47.507|DEBUG|ArtifactScraper|Parsing artifact substat: hp+269
2026-10-01 08:01:47.507|DEBUG|ArtifactScraper|Parsing artifact substat: atk+19
2026-10-01 08:01:47.507|DEBUG|ArtifactScraper|Parsing artifact substat: critdmg+7.0%
2026-10-01 08:01:47.611|DEBUG|ArtifactScraper|Parsing artifact substat: energyrecharge+5.8%
2026-10-01 08:01:47.611|DEBUG|ArtifactScraper|Parsing artifact substat: hp+5.3%
2026-10-01 08:01:47.611|DEBUG|ArtifactScraper|Parsing artifact substat: def+23
2026-10-01 08:01:47.611|DEBUG|ArtifactScraper|Parsing artifact substat: hp+239
2026-10-01 08:01:47.870|DEBUG|ArtifactScraper|Parsing artifact substat: def+16
2026-10-01 08:01:47.870|DEBUG|ArtifactScraper|Parsing artifact substat: elementalmastery+16
2026-10-01 08:01:47.870|DEBUG|ArtifactScraper|Parsing artifact substat: def+7.3%
2026-10-01 08:01:47.870|DEBUG|ArtifactScraper|Parsing artifact substat: hp+239
2026-10-01 08:01:47.987|DEBUG|ArtifactScraper|Parsing artifact substat: def+23
2026-10-01 08:01:47.987|DEBUG|ArtifactScraper|Parsing artifact substat: elementalmastery+23
2026-10-01 08:01:47.987|DEBUG|ArtifactScraper|Parsing artifact substat: atk+16
2026-10-01 08:01:47.987|DEBUG|ArtifactScraper|Parsing artifact substat: critrate+3.9%
2026-10-01 08:01:48.201|DEBUG|ArtifactScraper|Parsing artifact substat: atk+18
2026-10-01 08:01:48.201|DEBUG|ArtifactScraper|Parsing artifact substat: energyrecharge+5.8%
2026-10-01 08:01:48.201|DEBUG|ArtifactScraper|Parsing artifact substat: hp+299
2026-10-01 08:01:48.201|DEBUG|ArtifactScraper|Parsing artifact substat: def+21
2026-10-01 08:01:48.305|DEBUG|ArtifactScraper|Finished queuing page of artifacts. Scrolling...
2026-10-01 08:01:48.336|DEBUG|ArtifactScraper|Parsing artifact substat: elementalmastery+19
2026-10-01 08:01:48.336|DEBUG|ArtifactScraper|Parsing artifact substat: hp+5.8%
2026-10-01 08:01:48.336|DEBUG|ArtifactScraper|Parsing artifact substat: def+23
2026-10-01 08:01:48.336|DEBUG|ArtifactScraper|Parsing artifact substat: hp+239
2026-10-01 08:01:48.481|DEBUG|ArtifactScraper|Parsing artifact substat: hp+5.8%
2026-10-01 08:01:48.481|DEBUG|ArtifactScraper|Parsing artifact substat: def+23
2026-10-01 08:01:48.481|DEBUG|ArtifactScraper|Parsing artifact substat: elementalmastery+19
2026-10-01 08:01:48.481|DEBUG|ArtifactScraper|Parsing artifact substat: atk+4.7%
2026-10-01 08:01:48.641|DEBUG|ArtifactScraper|Parsing artifact substat: hp+299
2026-10-01 08:01:48.641|DEBUG|ArtifactScraper|Parsing artifact substat: def+5.1%
2026-10-01 08:01:48.641|DEBUG|ArtifactScraper|Parsing artifact substat: critdmg+7.0%
2026-10-01 08:01:48.641|DEBUG|ArtifactScraper|Parsing artifact substat: energyrecharge+5.2%
2026-10-01 08:01:50.548|DEBUG|ArtifactScraper|Scanning artifact page 53
2026-10-01 08:01:50.548|DEBUG|ArtifactScraper|Located 32 possible item locations on page.
2026-10-01 08:01:51.036|DEBUG|ArtifactScraper|Parsing artifact substat: def+21
2026-10-01 08:01:51.036|DEBUG|ArtifactScraper|Parsing artifact substat: atk+16
2026-10-01 08:01:51.036|DEBUG|ArtifactScraper|Parsing artifact substat: energyrecharge+5.2%
2026-10-01 08:01:51.036|DEBUG|ArtifactScraper|Parsing artifact substat: atk+5.3%
2026-10-01 08:01:51.168|DEBUG|ArtifactScraper|Parsing artifact substat: hp+209
2026-10-01 08:01:51.168|DEBUG|ArtifactScraper|Parsing artifact substat: def+19
2026-10-01 08:01:51.168|DEBUG|ArtifactScraper|Parsing artifact substat: critdmg+6.2%
2026-10-01 08:01:51.168|DEBUG|ArtifactScraper|Parsing artifact substat: hp+4.7%
2026-10-01 08:01:51.419|DEBUG|ArtifactScraper|Parsing artifact substat: def+16
2026-10-01 08:01:51.419|DEBUG|ArtifactScraper|Parsing artifact substat: hp+209
2026-10-01 08:01:51.419|DEBUG|ArtifactScraper|Parsing artifact substat: elementalmastery+16
2026-10-01 08:01:51.419|DEBUG|ArtifactScraper|Parsing artifact substat: critdmg+7.8%
2026-10-01 08:01:51.560|DEBUG|ArtifactScraper|Parsing artifact substat: hp+4.7%
2026-10-01 08:01:51.560|DEBUG|ArtifactScraper|Parsing artifact substat: atk+14
2026-10-01 08:01:51.560|DEBUG|ArtifactScraper|Parsing artifact substat: elementalmastery+21
2026-10-01 08:01:51.560|DEBUG|ArtifactScraper|Parsing artifact substat: hp+239(unactivated)
2026-10-01 08:01:51.831|DEBUG|ArtifactScraper|Parsing artifact substat: atk+18
2026-10-01 08:01:51.831|DEBUG|ArtifactScraper|Parsing artifact substat: elementalmastery+23
2026-10-01 08:01:51.831|DEBUG|ArtifactScraper|Parsing artifact substat: def+16
2026-10-01 08:01:51.831|DEBUG|ArtifactScraper|Parsing artifact substat: atk+4.1%(unactivated)
2026-10-01 08:01:51.986|DEBUG|ArtifactScraper|Parsing artifact substat: critdmg+7.0%
2026-10-01 08:01:51.986|DEBUG|ArtifactScraper|Parsing artifact substat: atk+14
2026-10-01 08:01:51.986|DEBUG|ArtifactScraper|Parsing artifact substat: energyrecharge+4.5%
2026-10-01 08:01:51.986|DEBUG|ArtifactScraper|Parsing artifact substat: hp+239(unactivated)
2026-10-01 08:01:52.285|DEBUG|ArtifactScraper|Parsing artifact substat: atk+18
2026-10-01 08:01:52.285|DEBUG|ArtifactScraper|Parsing artifact substat: atk+4.1%
2026-10-01 08:01:52.285|DEBUG|ArtifactScraper|Parsing artifact substat: elementalmastery+16
2026-10-01 08:01:52.285|DEBUG|ArtifactScraper|Parsing artifact substat: hp+209
2026-10-01 08:01:52.330|DEBUG|ArtifactScraper|Parsing artifact substat: critdmg+6.2%
2026-10-01 08:01:52.330|DEBUG|ArtifactScraper|Parsing artifact substat: elementalmastery+19
2026-10-01 08:01:52.330|DEBUG|ArtifactScraper|Parsing artifact substat: critrate+2.7%
2026-10-01 08:01:52.330|DEBUG|ArtifactScraper|Parsing artifact substat: hp+239
2026-10-01 08:01:52.489|DEBUG|ArtifactScraper|Parsing artifact substat: critdmg+7.8%
2026-10-01 08:01:52.489|DEBUG|ArtifactScraper|Parsing artifact substat: hp+4.7%
2026-10-01 08:01:52.489|DEBUG|ArtifactScraper|Parsing artifact substat: hp+209
2026-10-01 08:01:52.489|DEBUG|ArtifactScraper|Parsing artifact substat: elementalmastery+23
2026-10-01 08:01:52.743|DEBUG|ArtifactScraper|Parsing artifact substat: hp+5.3%
2026-10-01 08:01:52.743|DEBUG|ArtifactScraper|Parsing artifact substat: atk+5.3%
2026-10-01 08:01:52.743|DEBUG|ArtifactScraper|Parsing artifact substat: def+21
2026-10-01 08:01:52.743|DEBUG|ArtifactScraper|Parsing artifact substat: def+7.3%
2026-10-01 08:01:52.828|DEBUG|ArtifactScraper|Parsing artifact substat: energyrecharge+5.8%
2026-10-01 08:01:52.828|DEBUG|ArtifactScraper|Parsing artifact substat: def+23
2026-10-01 08:01:52.828|DEBUG|ArtifactScraper|Parsing artifact substat: critdmg+7.8%
2026-10-01 08:01:52.828|DEBUG|ArtifactScraper|Parsing artifact substat: def+7.3%
2026-10-01 08:01:53.011|DEBUG|ArtifactScraper|Parsing artifact substat: def+16
2026-10-01 08:01:53.011|DEBUG|ArtifactScraper|Parsing artifact substat: critdmg+5.4%
2026-10-01 08:01:53.011|DEBUG|ArtifactScraper|Parsing artifact substat: energyrecharge+5.8%
2026-10-01 08:01:53.011|DEBUG|ArtifactScraper|Parsing artifact substat: elementalmastery+21
2026-10-01 08:01:53.170|DEBUG|ArtifactScraper|Parsing artifact substat: energyrecharge+5.8%
2026-10-01 08:01:53.170|DEBUG|ArtifactScraper|Parsing artifact substat: def+7.3%
2026-10-01 08:01:53.170|DEBUG|ArtifactScraper|Parsing artifact substat: critrate+3.5%
2026-10-01 08:01:53.170|DEBUG|ArtifactScraper|Parsing artifact substat: atk+18
2026-10-01 08:01:53.405|DEBUG|ArtifactScraper|Parsing artifact substat: def+23
2026-10-01 08:01:53.405|DEBUG|ArtifactScraper|Parsing artifact substat: atk+5.3%
2026-10-01 08:01:53.405|DEBUG|ArtifactScraper|Parsing artifact substat: atk+19
2026-10-01 08:01:53.405|DEBUG|ArtifactScraper|Parsing artifact substat: hp+269
2026-10-01 08:01:53.495|DEBUG|ArtifactScraper|Parsing artifact substat: hp+269
2026-10-01 08:01:53.495|DEBUG|ArtifactScraper|Parsing artifact substat: critdmg+7.8%
2026-10-01 08:01:53.495|DEBUG|ArtifactScraper|Parsing artifact substat: atk+18
2026-10-01 08:01:53.495|DEBUG|ArtifactScraper|Parsing artifact substat: def+5.8%
2026-10-01 08:01:53.841|DEBUG|ArtifactScraper|Parsing artifact substat: def+23
2026-10-01 08:01:53.841|DEBUG|ArtifactScraper|Parsing artifact substat: critrate+3.1%
2026-10-01 08:01:53.841|DEBUG|ArtifactScraper|Parsing artifact substat: elementalmastery+21
2026-10-01 08:01:53.841|DEBUG|ArtifactScraper|Parsing artifact substat: def+5.8%
2026-10-01 08:01:53.841|DEBUG|ArtifactScraper|Parsing artifact substat: hp+209
2026-10-01 08:01:53.841|DEBUG|ArtifactScraper|Parsing artifact substat: atk+14
2026-10-01 08:01:53.841|DEBUG|ArtifactScraper|Parsing artifact substat: atk+4.7%
2026-10-01 08:01:53.841|DEBUG|ArtifactScraper|Parsing artifact substat: critrate+3.1%
2026-10-01 08:01:54.155|DEBUG|ArtifactScraper|Parsing artifact substat: energyrecharge+4.5%
2026-10-01 08:01:54.155|DEBUG|ArtifactScraper|Parsing artifact substat: hp+4.7%
2026-10-01 08:01:54.155|DEBUG|ArtifactScraper|Parsing artifact substat: def+7.3%
2026-10-01 08:01:54.155|DEBUG|ArtifactScraper|Parsing artifact substat: atk+4.7%
2026-10-01 08:01:54.322|DEBUG|ArtifactScraper|Parsing artifact substat: energyrecharge+5.2%
2026-10-01 08:01:54.322|DEBUG|ArtifactScraper|Parsing artifact substat: def+7.3%
2026-10-01 08:01:54.322|DEBUG|ArtifactScraper|Parsing artifact substat: critdmg+5.4%
2026-10-01 08:01:54.322|DEBUG|ArtifactScraper|Parsing artifact substat: elementalmastery+21
2026-10-01 08:01:54.589|DEBUG|ArtifactScraper|Parsing artifact substat: critdmg+7.8%
2026-10-01 08:01:54.589|DEBUG|ArtifactScraper|Parsing artifact substat: hp+5.8%
2026-10-01 08:01:54.589|DEBUG|ArtifactScraper|Parsing artifact substat: hp+239
2026-10-01 08:01:54.589|DEBUG|ArtifactScraper|Parsing artifact substat: atk+19(unactivated)
2026-10-01 08:01:54.640|DEBUG|ArtifactScraper|Parsing artifact substat: hp+5.8%
2026-10-01 08:01:54.640|DEBUG|ArtifactScraper|Parsing artifact substat: def+23
2026-10-01 08:01:54.640|DEBUG|ArtifactScraper|Parsing artifact substat: hp+269
2026-10-01 08:01:54.640|DEBUG|ArtifactScraper|Parsing artifact substat: elementalmastery+19
2026-10-01 08:01:54.867|DEBUG|ArtifactScraper|Parsing artifact substat: hp+299
2026-10-01 08:01:54.867|DEBUG|ArtifactScraper|Parsing artifact substat: energyrecharge+4.5%
2026-10-01 08:01:54.867|DEBUG|ArtifactScraper|Parsing artifact substat: def+6.6%
2026-10-01 08:01:54.867|DEBUG|ArtifactScraper|Parsing artifact substat: elementalmastery+19
2026-10-01 08:01:55.055|DEBUG|ArtifactScraper|Parsing artifact substat: atk+5.8%
2026-10-01 08:01:55.055|DEBUG|ArtifactScraper|Parsing artifact substat: def+16
2026-10-01 08:01:55.055|DEBUG|ArtifactScraper|Parsing artifact substat: hp+239
2026-10-01 08:01:55.055|DEBUG|ArtifactScraper|Parsing artifact substat: hp+5.8%(unactivated)
2026-10-01 08:01:55.162|DEBUG|ArtifactScraper|Parsing artifact substat: atk+14
2026-10-01 08:01:55.162|DEBUG|ArtifactScraper|Parsing artifact substat: elementalmastery+23
2026-10-01 08:01:55.162|DEBUG|ArtifactScraper|Parsing artifact substat: def+21
2026-10-01 08:01:55.162|DEBUG|ArtifactScraper|Parsing artifact substat: critdmg+5.4%(unactivated)
2026-10-01 08:01:55.363|DEBUG|ArtifactScraper|Parsing artifact substat: energyrecharge+4.5%
2026-10-01 08:01:55.363|DEBUG|ArtifactScraper|Parsing artifact substat: atk+19
2026-10-01 08:01:55.363|DEBUG|ArtifactScraper|Parsing artifact substat: def+16
2026-10-01 08:01:55.363|DEBUG|ArtifactScraper|Parsing artifact substat: def+5.8%(unactivated)
2026-10-01 08:01:55.514|DEBUG|ArtifactScraper|Parsing artifact substat: elementalmastery+16
2026-10-01 08:01:55.514|DEBUG|ArtifactScraper|Parsing artifact substat: hp+239
2026-10-01 08:01:55.514|DEBUG|ArtifactScraper|Parsing artifact substat: hp+5.3%
2026-10-01 08:01:55.514|DEBUG|ArtifactScraper|Parsing artifact substat: def+5.8%(unactivated)
2026-10-01 08:01:55.821|DEBUG|ArtifactScraper|Parsing artifact substat: hp+209
2026-10-01 08:01:55.821|DEBUG|ArtifactScraper|Parsing artifact substat: energyrecharge+4.5%
2026-10-01 08:01:55.821|DEBUG|ArtifactScraper|Parsing artifact substat: def+23
2026-10-01 08:01:55.821|DEBUG|ArtifactScraper|Parsing artifact substat: critdmg+7.8%(unactivated)
2026-10-01 08:01:55.854|DEBUG|ArtifactScraper|Parsing artifact substat: atk+16
2026-10-01 08:01:55.854|DEBUG|ArtifactScraper|Parsing artifact substat: critrate+3.9%
2026-10-01 08:01:55.854|DEBUG|ArtifactScraper|Parsing artifact substat: hp+269
2026-10-01 08:01:55.854|DEBUG|ArtifactScraper|Parsing artifact substat: critdmg+7.0%(unactivated)
2026-10-01 08:01:56.108|DEBUG|ArtifactScraper|Finished queuing page of artifacts. Scrolling...
2026-10-01 08:01:56.211|DEBUG|ArtifactScraper|Parsing artifact substat: def+21
2026-10-01 08:01:56.211|DEBUG|ArtifactScraper|Parsing artifact substat: atk+4.1%
2026-10-01 08:01:56.211|DEBUG|ArtifactScraper|Parsing artifact substat: hp+5.3%
2026-10-01 08:01:56.211|DEBUG|ArtifactScraper|Parsing artifact substat: atk+16(unactivated)
2026-10-01 08:01:56.294|DEBUG|ArtifactScraper|Parsing artifact substat: def+5.1%
2026-10-01 08:01:56.294|DEBUG|ArtifactScraper|Parsing artifact substat: energyrecharge+5.8%
2026-10-01 08:01:56.294|DEBUG|ArtifactScraper|Parsing artifact substat: hp+209
2026-10-01 08:01:56.294|DEBUG|ArtifactScraper|Parsing artifact substat: elementalmastery+16
2026-10-01 08:01:56.609|DEBUG|ArtifactScraper|Parsing artifact substat: atk+5.3%
2026-10-01 08:01:56.609|DEBUG|ArtifactScraper|Parsing artifact substat: energyrecharge+5.8%
2026-10-01 08:01:56.609|DEBUG|ArtifactScraper|Parsing artifact substat: critdmg+6.2%
2026-10-01 08:01:56.609|DEBUG|ArtifactScraper|Parsing artifact substat: hp+299(unactivated)
2026-10-01 08:01:56.672|DEBUG|ArtifactScraper|Parsing artifact substat: def+21
2026-10-01 08:01:56.672|DEBUG|ArtifactScraper|Parsing artifact substat: critrate+2.7%
2026-10-01 08:01:56.672|DEBUG|ArtifactScraper|Parsing artifact substat: energyrecharge+5.2%
2026-10-01 08:01:56.672|DEBUG|ArtifactScraper|Parsing artifact substat: hp+209(unactivated)
2026-10-01 08:01:58.566|DEBUG|ArtifactScraper|Scanning artifact page 54
2026-10-01 08:01:58.566|DEBUG|ArtifactScraper|Located 32 possible item locations on page.
2026-10-01 08:01:59.028|DEBUG|ArtifactScraper|Parsing artifact substat: critdmg+7.0%
2026-10-01 08:01:59.028|DEBUG|ArtifactScraper|Parsing artifact substat: def+7.3%
2026-10-01 08:01:59.028|DEBUG|ArtifactScraper|Parsing artifact substat: def+16
2026-10-01 08:01:59.028|DEBUG|ArtifactScraper|Parsing artifact substat: energyrecharge+5.2%
2026-10-01 08:01:59.338|DEBUG|ArtifactScraper|Parsing artifact substat: hp+209
2026-10-01 08:01:59.338|DEBUG|ArtifactScraper|Parsing artifact substat: def+19
2026-10-01 08:01:59.338|DEBUG|ArtifactScraper|Parsing artifact substat: energyrecharge+5.8%
2026-10-01 08:01:59.338|DEBUG|ArtifactScraper|Parsing artifact substat: critdmg+5.4%(unactivated)
2026-10-01 08:01:59.419|DEBUG|ArtifactScraper|Parsing artifact substat: atk+4.1%
2026-10-01 08:01:59.419|DEBUG|ArtifactScraper|Parsing artifact substat: atk+18
2026-10-01 08:01:59.419|DEBUG|ArtifactScraper|Parsing artifact substat: critrate+2.7%
2026-10-01 08:01:59.419|DEBUG|ArtifactScraper|Parsing artifact substat: def+7.3%(unactivated)
2026-10-01 08:01:59.679|DEBUG|ArtifactScraper|Parsing artifact substat: hp+209
2026-10-01 08:01:59.679|DEBUG|ArtifactScraper|Parsing artifact substat: atk+19
2026-10-01 08:01:59.679|DEBUG|ArtifactScraper|Parsing artifact substat: critrate+3.1%
2026-10-01 08:01:59.679|DEBUG|ArtifactScraper|Parsing artifact substat: def+5.1%(unactivated)
2026-10-01 08:01:59.891|DEBUG|ArtifactScraper|Parsing artifact substat: energyrecharge+4.5%
2026-10-01 08:01:59.891|DEBUG|ArtifactScraper|Parsing artifact substat: critdmg+5.4%
2026-10-01 08:01:59.891|DEBUG|ArtifactScraper|Parsing artifact substat: hp+4.7%
2026-10-01 08:01:59.891|DEBUG|ArtifactScraper|Parsing artifact substat: def+21(unactivated)
2026-10-01 08:02:00.054|DEBUG|ArtifactScraper|Parsing artifact substat: elementalmastery+23
2026-10-01 08:02:00.054|DEBUG|ArtifactScraper|Parsing artifact substat: critdmg+7.8%
2026-10-01 08:02:00.054|DEBUG|ArtifactScraper|Parsing artifact substat: critrate+3.1%
2026-10-01 08:02:00.054|DEBUG|ArtifactScraper|Parsing artifact substat: def+6.6%(unactivated)
2026-10-01 08:02:00.421|DEBUG|ArtifactScraper|Parsing artifact substat: energyrecharge+5.2%
2026-10-01 08:02:00.421|DEBUG|ArtifactScraper|Parsing artifact substat: hp+4.1%
2026-10-01 08:02:00.421|DEBUG|ArtifactScraper|Parsing artifact substat: elementalmastery+16
2026-10-01 08:02:00.421|DEBUG|ArtifactScraper|Parsing artifact substat: hp+299(unactivated)
2026-10-01 08:02:00.438|DEBUG|ArtifactScraper|Parsing artifact substat: atk+16
2026-10-01 08:02:00.438|DEBUG|ArtifactScraper|Parsing artifact substat: elementalmastery+21
2026-10-01 08:02:00.438|DEBUG|ArtifactScraper|Parsing artifact substat: hp+299
2026-10-01 08:02:00.438|DEBUG|ArtifactScraper|Parsing artifact substat: hp+4.1%(unactivated)
2026-10-01 08:02:00.543|DEBUG|ArtifactScraper|Parsing artifact substat: def+6.6%
2026-10-01 08:02:00.543|DEBUG|ArtifactScraper|Parsing artifact substat: def+23
2026-10-01 08:02:00.543|DEBUG|ArtifactScraper|Parsing artifact substat: hp+5.3%
2026-10-01 08:02:00.543|DEBUG|ArtifactScraper|Parsing artifact substat: energyrecharge+5.8%
2026-10-01 08:02:00.960|DEBUG|ArtifactScraper|Parsing artifact substat: def+16
2026-10-01 08:02:00.960|DEBUG|ArtifactScraper|Parsing artifact substat: elementalmastery+19
2026-10-01 08:02:00.960|DEBUG|ArtifactScraper|Parsing artifact substat: energyrecharge+4.5%
2026-10-01 08:02:00.960|DEBUG|ArtifactScraper|Parsing artifact substat: atk+14(unactivated)
2026-10-01 08:02:00.974|DEBUG|ArtifactScraper|Parsing artifact substat: def+7.3%
2026-10-01 08:02:00.974|DEBUG|ArtifactScraper|Parsing artifact substat: energyrecharge+5.8%
2026-10-01 08:02:00.974|DEBUG|ArtifactScraper|Parsing artifact substat: elementalmastery+21
2026-10-01 08:02:00.974|DEBUG|ArtifactScraper|Parsing artifact substat: critrate+3.1%(unactivated)
2026-10-01 08:02:01.372|DEBUG|ArtifactScraper|Parsing artifact substat: critrate+3.5%
2026-10-01 08:02:01.372|DEBUG|ArtifactScraper|Parsing artifact substat: atk+18
2026-10-01 08:02:01.372|DEBUG|ArtifactScraper|Parsing artifact substat: critdmg+7.8%
2026-10-01 08:02:01.372|DEBUG|ArtifactScraper|Parsing artifact substat: hp+299(unactivated)
2026-10-01 08:02:01.519|DEBUG|ArtifactScraper|Parsing artifact substat: critrate+2.7%
2026-10-01 08:02:01.519|DEBUG|ArtifactScraper|Parsing artifact substat: hp+209
2026-10-01 08:02:01.519|DEBUG|ArtifactScraper|Parsing artifact substat: def+23
2026-10-01 08:02:01.519|DEBUG|ArtifactScraper|Parsing artifact substat: critdmg+7.8%(unactivated)
2026-10-01 08:02:01.519|DEBUG|ArtifactScraper|Parsing artifact substat: def+21
2026-10-01 08:02:01.519|DEBUG|ArtifactScraper|Parsing artifact substat: hp+269
2026-10-01 08:02:01.519|DEBUG|ArtifactScraper|Parsing artifact substat: elementalmastery+19
2026-10-01 08:02:01.519|DEBUG|ArtifactScraper|Parsing artifact substat: def+7.3%(unactivated)
2026-10-01 08:02:01.856|DEBUG|ArtifactScraper|Parsing artifact substat: hp+209
2026-10-01 08:02:01.856|DEBUG|ArtifactScraper|Parsing artifact substat: def+23
2026-10-01 08:02:01.856|DEBUG|ArtifactScraper|Parsing artifact substat: atk+19
2026-10-01 08:02:01.856|DEBUG|ArtifactScraper|Parsing artifact substat: critrate+2.7%
2026-10-01 08:02:02.089|DEBUG|ArtifactScraper|Parsing artifact substat: atk+18
2026-10-01 08:02:02.089|DEBUG|ArtifactScraper|Parsing artifact substat: energyrecharge+5.8%
2026-10-01 08:02:02.089|DEBUG|ArtifactScraper|Parsing artifact substat: def+23
2026-10-01 08:02:02.089|DEBUG|ArtifactScraper|Parsing artifact substat: elementalmastery+16
2026-10-01 08:02:02.128|DEBUG|ArtifactScraper|Parsing artifact substat: atk+18
2026-10-01 08:02:02.128|DEBUG|ArtifactScraper|Parsing artifact substat: atk+4.1%
2026-10-01 08:02:02.128|DEBUG|ArtifactScraper|Parsing artifact substat: hp+299
2026-10-01 08:02:02.128|DEBUG|ArtifactScraper|Parsing artifact substat: elementalmastery+21
2026-10-01 08:02:02.430|DEBUG|ArtifactScraper|Parsing artifact substat: atk+18
2026-10-01 08:02:02.430|DEBUG|ArtifactScraper|Parsing artifact substat: def+5.8%
2026-10-01 08:02:02.430|DEBUG|ArtifactScraper|Parsing artifact substat: energyrecharge+5.8%
2026-10-01 08:02:02.430|DEBUG|ArtifactScraper|Parsing artifact substat: elementalmastery+19
2026-10-01 08:02:02.588|DEBUG|ArtifactScraper|Parsing artifact substat: def+5.1%
2026-10-01 08:02:02.588|DEBUG|ArtifactScraper|Parsing artifact substat: atk+5.3%
2026-10-01 08:02:02.588|DEBUG|ArtifactScraper|Parsing artifact substat: hp+239
2026-10-01 08:02:02.588|DEBUG|ArtifactScraper|Parsing artifact substat: def+19
2026-10-01 08:02:02.675|DEBUG|ArtifactScraper|Parsing artifact substat: hp+299
2026-10-01 08:02:02.676|DEBUG|ArtifactScraper|Parsing artifact substat: elementalmastery+19
2026-10-01 08:02:02.676|DEBUG|ArtifactScraper|Parsing artifact substat: energyrecharge+6.5%
2026-10-01 08:02:02.676|DEBUG|ArtifactScraper|Parsing artifact substat: atk+14
2026-10-01 08:02:02.940|DEBUG|ArtifactScraper|Parsing artifact substat: critdmg+6.2%
2026-10-01 08:02:02.940|DEBUG|ArtifactScraper|Parsing artifact substat: atk+16
2026-10-01 08:02:02.940|DEBUG|ArtifactScraper|Parsing artifact substat: atk+5.3%
2026-10-01 08:02:02.940|DEBUG|ArtifactScraper|Parsing artifact substat: elementalmastery+16
2026-10-01 08:02:03.142|DEBUG|ArtifactScraper|Parsing artifact substat: hp+239
2026-10-01 08:02:03.142|DEBUG|ArtifactScraper|Parsing artifact substat: energyrecharge+6.5%
2026-10-01 08:02:03.142|DEBUG|ArtifactScraper|Parsing artifact substat: hp+4.1%
2026-10-01 08:02:03.142|DEBUG|ArtifactScraper|Parsing artifact substat: atk+18
2026-10-01 08:02:03.163|DEBUG|ArtifactScraper|Parsing artifact substat: hp+4.7%
2026-10-01 08:02:03.163|DEBUG|ArtifactScraper|Parsing artifact substat: def+5.8%
2026-10-01 08:02:03.163|DEBUG|ArtifactScraper|Parsing artifact substat: hp+209
2026-10-01 08:02:03.163|DEBUG|ArtifactScraper|Parsing artifact substat: def+16
2026-10-01 08:02:03.438|DEBUG|ArtifactScraper|Parsing artifact substat: def+5.1%
2026-10-01 08:02:03.438|DEBUG|ArtifactScraper|Parsing artifact substat: critrate+2.7%
2026-10-01 08:02:03.438|DEBUG|ArtifactScraper|Parsing artifact substat: energyrecharge+5.8%
2026-10-01 08:02:03.438|DEBUG|ArtifactScraper|Parsing artifact substat: hp+239
2026-10-01 08:02:03.621|DEBUG|ArtifactScraper|Parsing artifact substat: def+16
2026-10-01 08:02:03.621|DEBUG|ArtifactScraper|Parsing artifact substat: energyrecharge+5.2%
2026-10-01 08:02:03.621|DEBUG|ArtifactScraper|Parsing artifact substat: hp+269
2026-10-01 08:02:03.621|DEBUG|ArtifactScraper|Parsing artifact substat: atk+18
2026-10-01 08:02:03.908|DEBUG|ArtifactScraper|Parsing artifact substat: critrate+3.1%
2026-10-01 08:02:03.908|DEBUG|ArtifactScraper|Parsing artifact substat: atk+16
2026-10-01 08:02:03.908|DEBUG|ArtifactScraper|Parsing artifact substat: hp+239
2026-10-01 08:02:03.908|DEBUG|ArtifactScraper|Parsing artifact substat: def+19
2026-10-01 08:02:03.930|DEBUG|ArtifactScraper|Parsing artifact substat: hp+299
2026-10-01 08:02:03.930|DEBUG|ArtifactScraper|Parsing artifact substat: def+7.3%
2026-10-01 08:02:03.930|DEBUG|ArtifactScraper|Parsing artifact substat: atk+18
2026-10-01 08:02:03.930|DEBUG|ArtifactScraper|Parsing artifact substat: energyrecharge+6.5%
2026-10-01 08:02:04.104|DEBUG|ArtifactScraper|Parsing artifact substat: def+23
2026-10-01 08:02:04.104|DEBUG|ArtifactScraper|Parsing artifact substat: hp+209
2026-10-01 08:02:04.104|DEBUG|ArtifactScraper|Parsing artifact substat: energyrecharge+5.2%
2026-10-01 08:02:04.104|DEBUG|ArtifactScraper|Parsing artifact substat: hp+4.1%
2026-10-01 08:02:04.329|DEBUG|ArtifactScraper|Parsing artifact substat: atk+19
2026-10-01 08:02:04.329|DEBUG|ArtifactScraper|Parsing artifact substat: critrate+3.9%
2026-10-01 08:02:04.329|DEBUG|ArtifactScraper|Parsing artifact substat: def+7.3%
2026-10-01 08:02:04.329|DEBUG|ArtifactScraper|Parsing artifact substat: elementalmastery+19
2026-10-01 08:02:04.364|DEBUG|ArtifactScraper|Finished queuing page of artifacts. Scrolling...
2026-10-01 08:02:04.507|DEBUG|ArtifactScraper|Parsing artifact substat: atk+5.8%
2026-10-01 08:02:04.507|DEBUG|ArtifactScraper|Parsing artifact substat: hp+269
2026-10-01 08:02:04.507|DEBUG|ArtifactScraper|Parsing artifact substat: critrate+3.1%
2026-10-01 08:02:04.507|DEBUG|ArtifactScraper|Parsing artifact substat: def+21
2026-10-01 08:02:04.617|DEBUG|ArtifactScraper|Parsing artifact substat: atk+16
2026-10-01 08:02:04.617|DEBUG|ArtifactScraper|Parsing artifact substat: hp+239
2026-10-01 08:02:04.617|DEBUG|ArtifactScraper|Parsing artifact substat: hp+5.3%
2026-10-01 08:02:04.617|DEBUG|ArtifactScraper|Parsing artifact substat: def+21
2026-10-01 08:02:04.764|DEBUG|ArtifactScraper|Parsing artifact substat: elementalmastery+19
2026-10-01 08:02:04.764|DEBUG|ArtifactScraper|Parsing artifact substat: hp+269
2026-10-01 08:02:04.764|DEBUG|ArtifactScraper|Parsing artifact substat: critrate+3.9%
2026-10-01 08:02:04.764|DEBUG|ArtifactScraper|Parsing artifact substat: energyrecharge+4.5%
2026-10-01 08:02:06.505|DEBUG|ArtifactScraper|Scanning artifact page 55
2026-10-01 08:02:06.505|DEBUG|ArtifactScraper|Located 32 possible item locations on page.
2026-10-01 08:02:06.966|DEBUG|ArtifactScraper|Parsing artifact substat: atk+4.7%
2026-10-01 08:02:06.966|DEBUG|ArtifactScraper|Parsing artifact substat: elementalmastery+16
2026-10-01 08:02:06.966|DEBUG|ArtifactScraper|Parsing artifact substat: energyrecharge+5.8%
2026-10-01 08:02:06.966|DEBUG|ArtifactScraper|Parsing artifact substat: critdmg+6.2%
2026-10-01 08:02:07.171|DEBUG|ArtifactScraper|Parsing artifact substat: def+19
2026-10-01 08:02:07.171|DEBUG|ArtifactScraper|Parsing artifact substat: hp+299
2026-10-01 08:02:07.171|DEBUG|ArtifactScraper|Parsing artifact substat: critrate+3.9%
2026-10-01 08:02:07.171|DEBUG|ArtifactScraper|Parsing artifact substat: energyrecharge+5.8%
2026-10-01 08:02:07.289|DEBUG|ArtifactScraper|Parsing artifact substat: def+23
2026-10-01 08:02:07.289|DEBUG|ArtifactScraper|Parsing artifact substat: hp+299
2026-10-01 08:02:07.289|DEBUG|ArtifactScraper|Parsing artifact substat: atk+14
2026-10-01 08:02:07.289|DEBUG|ArtifactScraper|Parsing artifact substat: atk+4.1%
2026-10-01 08:02:07.446|DEBUG|ArtifactScraper|Parsing artifact substat: def+5.1%
2026-10-01 08:02:07.446|DEBUG|ArtifactScraper|Parsing artifact substat: def+21
2026-10-01 08:02:07.446|DEBUG|ArtifactScraper|Parsing artifact substat: elementalmastery+16
2026-10-01 08:02:07.446|DEBUG|ArtifactScraper|Parsing artifact substat: critdmg+5.4%
2026-10-01 08:02:07.668|DEBUG|ArtifactScraper|Parsing artifact substat: critrate+2.7%
2026-10-01 08:02:07.668|DEBUG|ArtifactScraper|Parsing artifact substat: atk+16
2026-10-01 08:02:07.668|DEBUG|ArtifactScraper|Parsing artifact substat: hp+4.7%
2026-10-01 08:02:07.668|DEBUG|ArtifactScraper|Parsing artifact substat: hp+269(unactivated)
2026-10-01 08:02:07.814|DEBUG|ArtifactScraper|Parsing artifact substat: hp+269
2026-10-01 08:02:07.814|DEBUG|ArtifactScraper|Parsing artifact substat: energyrecharge+5.8%
2026-10-01 08:02:07.814|DEBUG|ArtifactScraper|Parsing artifact substat: critrate+2.7%
2026-10-01 08:02:07.814|DEBUG|ArtifactScraper|Parsing artifact substat: hp+5.3%(unactivated)
2026-10-01 08:02:08.030|DEBUG|ArtifactScraper|Parsing artifact substat: critdmg+7.0%
2026-10-01 08:02:08.030|DEBUG|ArtifactScraper|Parsing artifact substat: def+5.1%
2026-10-01 08:02:08.030|DEBUG|ArtifactScraper|Parsing artifact substat: def+16
2026-10-01 08:02:08.030|DEBUG|ArtifactScraper|Parsing artifact substat: elementalmastery+21
2026-10-01 08:02:08.204|DEBUG|ArtifactScraper|Parsing artifact substat: critdmg+7.8%
2026-10-01 08:02:08.204|DEBUG|ArtifactScraper|Parsing artifact substat: atk+5.8%
2026-10-01 08:02:08.204|DEBUG|ArtifactScraper|Parsing artifact substat: hp+5.3%
2026-10-01 08:02:08.204|DEBUG|ArtifactScraper|Parsing artifact substat: hp+209(unactivated)
2026-10-01 08:02:08.344|DEBUG|ArtifactScraper|Parsing artifact substat: hp+269
2026-10-01 08:02:08.344|DEBUG|ArtifactScraper|Parsing artifact substat: energyrecharge+6.5%
2026-10-01 08:02:08.344|DEBUG|ArtifactScraper|Parsing artifact substat: atk+16
2026-10-01 08:02:08.344|DEBUG|ArtifactScraper|Parsing artifact substat: elementalmastery+23
2026-10-01 08:02:08.578|DEBUG|ArtifactScraper|Parsing artifact substat: elementalmastery+23
2026-10-01 08:02:08.578|DEBUG|ArtifactScraper|Parsing artifact substat: def+19
2026-10-01 08:02:08.578|DEBUG|ArtifactScraper|Parsing artifact substat: hp+239
2026-10-01 08:02:08.578|DEBUG|ArtifactScraper|Parsing artifact substat: atk+16(unactivated)
2026-10-01 08:02:08.670|DEBUG|ArtifactScraper|Parsing artifact substat: atk+4.7%
2026-10-01 08:02:08.670|DEBUG|ArtifactScraper|Parsing artifact substat: hp+4.1%
2026-10-01 08:02:08.670|DEBUG|ArtifactScraper|Parsing artifact substat: energyrecharge+5.8%
2026-10-01 08:02:08.670|DEBUG|ArtifactScraper|Parsing artifact substat: def+19(unactivated)
2026-10-01 08:02:08.960|DEBUG|ArtifactScraper|Parsing artifact substat: hp+209
2026-10-01 08:02:08.960|DEBUG|ArtifactScraper|Parsing artifact substat: critrate+2.7%
2026-10-01 08:02:08.960|DEBUG|ArtifactScraper|Parsing artifact substat: atk+14
2026-10-01 08:02:08.960|DEBUG|ArtifactScraper|Parsing artifact substat: def+19(unactivated)
2026-10-01 08:02:08.986|DEBUG|ArtifactScraper|Parsing artifact substat: atk+18
2026-10-01 08:02:08.986|DEBUG|ArtifactScraper|Parsing artifact substat: hp+5.3%
2026-10-01 08:02:08.986|DEBUG|ArtifactScraper|Parsing artifact substat: critrate+2.7%
2026-10-01 08:02:08.986|DEBUG|ArtifactScraper|Parsing artifact substat: def+16(unactivated)
2026-10-01 08:02:09.308|DEBUG|ArtifactScraper|Parsing artifact substat: def+23
2026-10-01 08:02:09.308|DEBUG|ArtifactScraper|Parsing artifact substat: atk+18
2026-10-01 08:02:09.308|DEBUG|ArtifactScraper|Parsing artifact substat: hp+269
2026-10-01 08:02:09.308|DEBUG|ArtifactScraper|Parsing artifact substat: hp+5.8%(unactivated)
2026-10-01 08:02:09.317|DEBUG|ArtifactScraper|Parsing artifact substat: hp+239
2026-10-01 08:02:09.317|DEBUG|ArtifactScraper|Parsing artifact substat: elementalmastery+16
2026-10-01 08:02:09.317|DEBUG|ArtifactScraper|Parsing artifact substat: def+23
2026-10-01 08:02:09.317|DEBUG|ArtifactScraper|Parsing artifact substat: atk+19(unactivated)
2026-10-01 08:02:09.629|DEBUG|ArtifactScraper|Parsing artifact substat: atk+4.1%
2026-10-01 08:02:09.629|DEBUG|ArtifactScraper|Parsing artifact substat: def+19
2026-10-01 08:02:09.629|DEBUG|ArtifactScraper|Parsing artifact substat: energyrecharge+5.2%
2026-10-01 08:02:09.629|DEBUG|ArtifactScraper|Parsing artifact substat: hp+299(unactivated)
2026-10-01 08:02:09.685|DEBUG|ArtifactScraper|Parsing artifact substat: hp+299
2026-10-01 08:02:09.685|DEBUG|ArtifactScraper|Parsing artifact substat: def+21
2026-10-01 08:02:09.685|DEBUG|ArtifactScraper|Parsing artifact substat: hp+5.8%
2026-10-01 08:02:09.685|DEBUG|ArtifactScraper|Parsing artifact substat: critrate+2.7%(unactivated)
2026-10-01 08:02:09.966|DEBUG|ArtifactScraper|Parsing artifact substat: elementalmastery+16
2026-10-01 08:02:09.966|DEBUG|ArtifactScraper|Parsing artifact substat: hp+4.1%
2026-10-01 08:02:09.966|DEBUG|ArtifactScraper|Parsing artifact substat: def+19
2026-10-01 08:02:09.966|DEBUG|ArtifactScraper|Parsing artifact substat: atk+19(unactivated)
2026-10-01 08:02:09.990|DEBUG|ArtifactScraper|Parsing artifact substat: hp+209
2026-10-01 08:02:09.990|DEBUG|ArtifactScraper|Parsing artifact substat: def+23
2026-10-01 08:02:09.990|DEBUG|ArtifactScraper|Parsing artifact substat: hp+5.8%
2026-10-01 08:02:09.990|DEBUG|ArtifactScraper|Parsing artifact substat: elementalmastery+23
2026-10-01 08:02:10.306|DEBUG|ArtifactScraper|Parsing artifact substat: atk+19
2026-10-01 08:02:10.306|DEBUG|ArtifactScraper|Parsing artifact substat: hp+239
2026-10-01 08:02:10.306|DEBUG|ArtifactScraper|Parsing artifact substat: def+23
2026-10-01 08:02:10.306|DEBUG|ArtifactScraper|Parsing artifact substat: hp+5.3%(unactivated)
2026-10-01 08:02:10.343|DEBUG|ArtifactScraper|Parsing artifact substat: def+23
2026-10-01 08:02:10.343|DEBUG|ArtifactScraper|Parsing artifact substat: def+5.1%
2026-10-01 08:02:10.343|DEBUG|ArtifactScraper|Parsing artifact substat: hp+299
2026-10-01 08:02:10.343|DEBUG|ArtifactScraper|Parsing artifact substat: atk+4.1%(unactivated)
2026-10-01 08:02:10.630|DEBUG|ArtifactScraper|Parsing artifact substat: def+21
2026-10-01 08:02:10.630|DEBUG|ArtifactScraper|Parsing artifact substat: hp+269
2026-10-01 08:02:10.630|DEBUG|ArtifactScraper|Parsing artifact substat: atk+18
2026-10-01 08:02:10.630|DEBUG|ArtifactScraper|Parsing artifact substat: def+5.8%(unactivated)
2026-10-01 08:02:10.697|DEBUG|ArtifactScraper|Parsing artifact substat: def+16
2026-10-01 08:02:10.697|DEBUG|ArtifactScraper|Parsing artifact substat: atk+4.7%
2026-10-01 08:02:10.697|DEBUG|ArtifactScraper|Parsing artifact substat: elementalmastery+21
2026-10-01 08:02:10.697|DEBUG|ArtifactScraper|Parsing artifact substat: hp+299(unactivated)
2026-10-01 08:02:10.948|DEBUG|ArtifactScraper|Parsing artifact substat: def+21
2026-10-01 08:02:10.948|DEBUG|ArtifactScraper|Parsing artifact substat: hp+269
2026-10-01 08:02:10.948|DEBUG|ArtifactScraper|Parsing artifact substat: hp+4.7%
2026-10-01 08:02:10.948|DEBUG|ArtifactScraper|Parsing artifact substat: energyrecharge+6.5%
2026-10-01 08:02:11.063|DEBUG|ArtifactScraper|Parsing artifact substat: critdmg+7.8%
2026-10-01 08:02:11.063|DEBUG|ArtifactScraper|Parsing artifact substat: atk+19
2026-10-01 08:02:11.063|DEBUG|ArtifactScraper|Parsing artifact substat: hp+5.3%
2026-10-01 08:02:11.063|DEBUG|ArtifactScraper|Parsing artifact substat: hp+269(unactivated)
2026-10-01 08:02:11.292|DEBUG|ArtifactScraper|Parsing artifact substat: energyrecharge+4.5%
2026-10-01 08:02:11.292|DEBUG|ArtifactScraper|Parsing artifact substat: def+6.6%
2026-10-01 08:02:11.292|DEBUG|ArtifactScraper|Parsing artifact substat: atk+5.8%
2026-10-01 08:02:11.292|DEBUG|ArtifactScraper|Parsing artifact substat: critdmg+6.2%(unactivated)
2026-10-01 08:02:11.479|DEBUG|ArtifactScraper|Parsing artifact substat: atk+16
2026-10-01 08:02:11.479|DEBUG|ArtifactScraper|Parsing artifact substat: elementalmastery+21
2026-10-01 08:02:11.479|DEBUG|ArtifactScraper|Parsing artifact substat: def+6.6%
2026-10-01 08:02:11.479|DEBUG|ArtifactScraper|Parsing artifact substat: critdmg+6.2%(unactivated)
2026-10-01 08:02:11.626|DEBUG|ArtifactScraper|Parsing artifact substat: def+16
2026-10-01 08:02:11.626|DEBUG|ArtifactScraper|Parsing artifact substat: elementalmastery+16
2026-10-01 08:02:11.626|DEBUG|ArtifactScraper|Parsing artifact substat: hp+299
2026-10-01 08:02:11.626|DEBUG|ArtifactScraper|Parsing artifact substat: atk+4.1%(unactivated)
2026-10-01 08:02:11.878|DEBUG|ArtifactScraper|Parsing artifact substat: def+19
2026-10-01 08:02:11.878|DEBUG|ArtifactScraper|Parsing artifact substat: elementalmastery+21
2026-10-01 08:02:11.878|DEBUG|ArtifactScraper|Parsing artifact substat: critrate+3.9%
2026-10-01 08:02:11.878|DEBUG|ArtifactScraper|Parsing artifact substat: hp+299(unactivated)
2026-10-01 08:02:11.885|DEBUG|ArtifactScraper|Finished queuing page of artifacts. Scrolling...
2026-10-01 08:02:11.984|DEBUG|ArtifactScraper|Parsing artifact substat: def+16
2026-10-01 08:02:11.984|DEBUG|ArtifactScraper|Parsing artifact substat: elementalmastery+21
2026-10-01 08:02:11.984|DEBUG|ArtifactScraper|Parsing artifact substat: atk+19
2026-10-01 08:02:11.984|DEBUG|ArtifactScraper|Parsing artifact substat: critdmg+7.0%(unactivated)
2026-10-01 08:02:12.241|DEBUG|ArtifactScraper|Parsing artifact substat: elementalmastery+16
2026-10-01 08:02:12.241|DEBUG|ArtifactScraper|Parsing artifact substat: def+19
2026-10-01 08:02:12.241|DEBUG|ArtifactScraper|Parsing artifact substat: hp+239
2026-10-01 08:02:12.241|DEBUG|ArtifactScraper|Parsing artifact substat: atk+19
2026-10-01 08:02:12.268|DEBUG|ArtifactScraper|Parsing artifact substat: def+23
2026-10-01 08:02:12.268|DEBUG|ArtifactScraper|Parsing artifact substat: elementalmastery+21
2026-10-01 08:02:12.268|DEBUG|ArtifactScraper|Parsing artifact substat: energyrecharge+6.5%
2026-10-01 08:02:12.268|DEBUG|ArtifactScraper|Parsing artifact substat: critrate+2.7%
2026-10-01 08:02:13.960|DEBUG|ArtifactScraper|Scanning artifact page 56
2026-10-01 08:02:13.960|DEBUG|ArtifactScraper|Located 32 possible item locations on page.
2026-10-01 08:02:14.348|DEBUG|ArtifactScraper|Parsing artifact substat: critdmg+6.2%
2026-10-01 08:02:14.348|DEBUG|ArtifactScraper|Parsing artifact substat: elementalmastery+16
2026-10-01 08:02:14.348|DEBUG|ArtifactScraper|Parsing artifact substat: atk+14
2026-10-01 08:02:14.348|DEBUG|ArtifactScraper|Parsing artifact substat: critrate+3.1%
2026-10-01 08:02:14.570|DEBUG|ArtifactScraper|Parsing artifact substat: atk+5.8%
2026-10-01 08:02:14.570|DEBUG|ArtifactScraper|Parsing artifact substat: atk+16
2026-10-01 08:02:14.570|DEBUG|ArtifactScraper|Parsing artifact substat: energyrecharge+5.8%
2026-10-01 08:02:14.570|DEBUG|ArtifactScraper|Parsing artifact substat: critrate+3.5%
2026-10-01 08:02:14.890|DEBUG|ArtifactScraper|Parsing artifact substat: def+6.6%
2026-10-01 08:02:14.890|DEBUG|ArtifactScraper|Parsing artifact substat: energyrecharge+5.8%
2026-10-01 08:02:14.890|DEBUG|ArtifactScraper|Parsing artifact substat: hp+4.7%
2026-10-01 08:02:14.890|DEBUG|ArtifactScraper|Parsing artifact substat: atk+4.1%
2026-10-01 08:02:14.916|DEBUG|ArtifactScraper|Parsing artifact substat: atk+16
2026-10-01 08:02:14.916|DEBUG|ArtifactScraper|Parsing artifact substat: elementalmastery+23
2026-10-01 08:02:14.916|DEBUG|ArtifactScraper|Parsing artifact substat: critdmg+6.2%
2026-10-01 08:02:14.916|DEBUG|ArtifactScraper|Parsing artifact substat: energyrecharge+5.8%
2026-10-01 08:02:15.264|DEBUG|ArtifactScraper|Parsing artifact substat: atk+19
2026-10-01 08:02:15.264|DEBUG|ArtifactScraper|Parsing artifact substat: hp+209
2026-10-01 08:02:15.264|DEBUG|ArtifactScraper|Parsing artifact substat: atk+4.7%
2026-10-01 08:02:15.264|DEBUG|ArtifactScraper|Parsing artifact substat: def+23(unactivated)
2026-10-01 08:02:15.278|DEBUG|ArtifactScraper|Parsing artifact substat: critdmg+5.4%
2026-10-01 08:02:15.278|DEBUG|ArtifactScraper|Parsing artifact substat: elementalmastery+16
2026-10-01 08:02:15.278|DEBUG|ArtifactScraper|Parsing artifact substat: critrate+3.9%
2026-10-01 08:02:15.278|DEBUG|ArtifactScraper|Parsing artifact substat: energyrecharge+5.8%
2026-10-01 08:02:15.538|DEBUG|ArtifactScraper|Parsing artifact substat: critrate+3.9%
2026-10-01 08:02:15.538|DEBUG|ArtifactScraper|Parsing artifact substat: hp+209
2026-10-01 08:02:15.538|DEBUG|ArtifactScraper|Parsing artifact substat: atk+18
2026-10-01 08:02:15.538|DEBUG|ArtifactScraper|Parsing artifact substat: critdmg+6.2%(unactivated)
2026-10-01 08:02:15.661|DEBUG|ArtifactScraper|Parsing artifact substat: def+19
2026-10-01 08:02:15.661|DEBUG|ArtifactScraper|Parsing artifact substat: def+5.1%
2026-10-01 08:02:15.661|DEBUG|ArtifactScraper|Parsing artifact substat: energyrecharge+5.2%
2026-10-01 08:02:15.661|DEBUG|ArtifactScraper|Parsing artifact substat: atk+14(unactivated)
2026-10-01 08:02:15.932|DEBUG|ArtifactScraper|Parsing artifact substat: energyrecharge+5.2%
2026-10-01 08:02:15.932|DEBUG|ArtifactScraper|Parsing artifact substat: elementalmastery+23
2026-10-01 08:02:15.932|DEBUG|ArtifactScraper|Parsing artifact substat: critrate+3.5%
2026-10-01 08:02:15.932|DEBUG|ArtifactScraper|Parsing artifact substat: hp+5.3%(unactivated)
2026-10-01 08:02:16.031|DEBUG|ArtifactScraper|Parsing artifact substat: hp+5.3%
2026-10-01 08:02:16.031|DEBUG|ArtifactScraper|Parsing artifact substat: atk+4.1%
2026-10-01 08:02:16.031|DEBUG|ArtifactScraper|Parsing artifact substat: hp+239
2026-10-01 08:02:16.031|DEBUG|ArtifactScraper|Parsing artifact substat: critdmg+5.4%(unactivated)
2026-10-01 08:02:16.198|DEBUG|ArtifactScraper|Parsing artifact substat: atk+19
2026-10-01 08:02:16.198|DEBUG|ArtifactScraper|Parsing artifact substat: def+23
2026-10-01 08:02:16.198|DEBUG|ArtifactScraper|Parsing artifact substat: critrate+3.5%
2026-10-01 08:02:16.198|DEBUG|ArtifactScraper|Parsing artifact substat: critdmg+5.4%(unactivated)
2026-10-01 08:02:16.381|DEBUG|ArtifactScraper|Parsing artifact substat: critdmg+7.8%
2026-10-01 08:02:16.381|DEBUG|ArtifactScraper|Parsing artifact substat: energyrecharge+4.5%
2026-10-01 08:02:16.381|DEBUG|ArtifactScraper|Parsing artifact substat: hp+4.1%
2026-10-01 08:02:16.381|DEBUG|ArtifactScraper|Parsing artifact substat: hp+269(unactivated)
2026-10-01 08:02:16.611|DEBUG|ArtifactScraper|Parsing artifact substat: atk+19
2026-10-01 08:02:16.611|DEBUG|ArtifactScraper|Parsing artifact substat: critrate+3.5%
2026-10-01 08:02:16.611|DEBUG|ArtifactScraper|Parsing artifact substat: hp+4.1%
2026-10-01 08:02:16.611|DEBUG|ArtifactScraper|Parsing artifact substat: def+21(unactivated)
2026-10-01 08:02:16.705|DEBUG|ArtifactScraper|Parsing artifact substat: critdmg+5.4%
2026-10-01 08:02:16.705|DEBUG|ArtifactScraper|Parsing artifact substat: def+21
2026-10-01 08:02:16.705|DEBUG|ArtifactScraper|Parsing artifact substat: critrate+3.9%
2026-10-01 08:02:16.705|DEBUG|ArtifactScraper|Parsing artifact substat: hp+299(unactivated)
2026-10-01 08:02:17.014|DEBUG|ArtifactScraper|Parsing artifact substat: hp+209
2026-10-01 08:02:17.014|DEBUG|ArtifactScraper|Parsing artifact substat: critrate+2.7%
2026-10-01 08:02:17.014|DEBUG|ArtifactScraper|Parsing artifact substat: elementalmastery+19
2026-10-01 08:02:17.014|DEBUG|ArtifactScraper|Parsing artifact substat: critdmg+6.2%(unactivated)
2026-10-01 08:02:17.106|DEBUG|ArtifactScraper|Parsing artifact substat: atk+19
2026-10-01 08:02:17.106|DEBUG|ArtifactScraper|Parsing artifact substat: elementalmastery+19
2026-10-01 08:02:17.106|DEBUG|ArtifactScraper|Parsing artifact substat: atk+5.3%
2026-10-01 08:02:17.106|DEBUG|ArtifactScraper|Parsing artifact substat: hp+299(unactivated)
2026-10-01 08:02:17.347|DEBUG|ArtifactScraper|Parsing artifact substat: def+16
2026-10-01 08:02:17.347|DEBUG|ArtifactScraper|Parsing artifact substat: energyrecharge+6.5%
2026-10-01 08:02:17.347|DEBUG|ArtifactScraper|Parsing artifact substat: atk+5.8%
2026-10-01 08:02:17.347|DEBUG|ArtifactScraper|Parsing artifact substat: hp+5.8%(unactivated)
2026-10-01 08:02:17.528|DEBUG|ArtifactScraper|Parsing artifact substat: hp+4.1%
2026-10-01 08:02:17.528|DEBUG|ArtifactScraper|Parsing artifact substat: atk+18
2026-10-01 08:02:17.528|DEBUG|ArtifactScraper|Parsing artifact substat: def+21
2026-10-01 08:02:17.528|DEBUG|ArtifactScraper|Parsing artifact substat: elementalmastery+23
2026-10-01 08:02:17.686|DEBUG|ArtifactScraper|Parsing artifact substat: hp+239
2026-10-01 08:02:17.686|DEBUG|ArtifactScraper|Parsing artifact substat: atk+4.7%
2026-10-01 08:02:17.686|DEBUG|ArtifactScraper|Parsing artifact substat: def+5.1%
2026-10-01 08:02:17.686|DEBUG|ArtifactScraper|Parsing artifact substat: atk+19(unactivated)
2026-10-01 08:02:17.953|DEBUG|ArtifactScraper|Parsing artifact substat: hp+4.7%
2026-10-01 08:02:17.953|DEBUG|ArtifactScraper|Parsing artifact substat: atk+4.1%
2026-10-01 08:02:17.953|DEBUG|ArtifactScraper|Parsing artifact substat: atk+18
2026-10-01 08:02:17.953|DEBUG|ArtifactScraper|Parsing artifact substat: critdmg+6.2%(unactivated)
2026-10-01 08:02:18.058|DEBUG|ArtifactScraper|Parsing artifact substat: elementalmastery+16
2026-10-01 08:02:18.058|DEBUG|ArtifactScraper|Parsing artifact substat: def+7.3%
2026-10-01 08:02:18.058|DEBUG|ArtifactScraper|Parsing artifact substat: atk+4.7%
2026-10-01 08:02:18.058|DEBUG|ArtifactScraper|Parsing artifact substat: atk+18(unactivated)
2026-10-01 08:02:18.341|DEBUG|ArtifactScraper|Parsing artifact substat: hp+209
2026-10-01 08:02:18.341|DEBUG|ArtifactScraper|Parsing artifact substat: hp+4.1%
2026-10-01 08:02:18.341|DEBUG|ArtifactScraper|Parsing artifact substat: atk+16
2026-10-01 08:02:18.341|DEBUG|ArtifactScraper|Parsing artifact substat: def+19
2026-10-01 08:02:18.421|DEBUG|ArtifactScraper|Parsing artifact substat: elementalmastery+16
2026-10-01 08:02:18.421|DEBUG|ArtifactScraper|Parsing artifact substat: hp+5.8%
2026-10-01 08:02:18.421|DEBUG|ArtifactScraper|Parsing artifact substat: energyrecharge+5.2%
2026-10-01 08:02:18.421|DEBUG|ArtifactScraper|Parsing artifact substat: critdmg+6.2%(unactivated)
2026-10-01 08:02:18.738|DEBUG|ArtifactScraper|Parsing artifact substat: atk+19
2026-10-01 08:02:18.738|DEBUG|ArtifactScraper|Parsing artifact substat: energyrecharge+5.8%
2026-10-01 08:02:18.738|DEBUG|ArtifactScraper|Parsing artifact substat: hp+269
2026-10-01 08:02:18.738|DEBUG|ArtifactScraper|Parsing artifact substat: critrate+2.7%
2026-10-01 08:02:18.776|DEBUG|ArtifactScraper|Parsing artifact substat: elementalmastery+21
2026-10-01 08:02:18.776|DEBUG|ArtifactScraper|Parsing artifact substat: critrate+3.9%
2026-10-01 08:02:18.776|DEBUG|ArtifactScraper|Parsing artifact substat: def+23
2026-10-01 08:02:18.776|DEBUG|ArtifactScraper|Parsing artifact substat: atk+19
2026-10-01 08:02:19.080|DEBUG|ArtifactScraper|Parsing artifact substat: atk+16
2026-10-01 08:02:19.080|DEBUG|ArtifactScraper|Parsing artifact substat: hp+299
2026-10-01 08:02:19.080|DEBUG|ArtifactScraper|Parsing artifact substat: def+6.6%
2026-10-01 08:02:19.080|DEBUG|ArtifactScraper|Parsing artifact substat: energyrecharge+5.2%
2026-10-01 08:02:19.118|DEBUG|ArtifactScraper|Parsing artifact substat: critrate+2.7%
2026-10-01 08:02:19.118|DEBUG|ArtifactScraper|Parsing artifact substat: def+16
2026-10-01 08:02:19.118|DEBUG|ArtifactScraper|Parsing artifact substat: atk+18
2026-10-01 08:02:19.118|DEBUG|ArtifactScraper|Parsing artifact substat: hp+239
2026-10-01 08:02:19.392|DEBUG|ArtifactScraper|Parsing artifact substat: def+7.3%
2026-10-01 08:02:19.392|DEBUG|ArtifactScraper|Parsing artifact substat: def+16
2026-10-01 08:02:19.392|DEBUG|ArtifactScraper|Parsing artifact substat: hp+299
2026-10-01 08:02:19.392|DEBUG|ArtifactScraper|Parsing artifact substat: atk+19
2026-10-01 08:02:19.449|DEBUG|ArtifactScraper|Parsing artifact substat: def+19
2026-10-01 08:02:19.449|DEBUG|ArtifactScraper|Parsing artifact substat: elementalmastery+21
2026-10-01 08:02:19.449|DEBUG|ArtifactScraper|Parsing artifact substat: critdmg+6.2%
2026-10-01 08:02:19.449|DEBUG|ArtifactScraper|Parsing artifact substat: atk+14
2026-10-01 08:02:19.648|DEBUG|ArtifactScraper|Finished queuing page of artifacts. Scrolling...
2026-10-01 08:02:19.741|DEBUG|ArtifactScraper|Parsing artifact substat: elementalmastery+23
2026-10-01 08:02:19.741|DEBUG|ArtifactScraper|Parsing artifact substat: def+21
2026-10-01 08:02:19.741|DEBUG|ArtifactScraper|Parsing artifact substat: hp+209
2026-10-01 08:02:19.741|DEBUG|ArtifactScraper|Parsing artifact substat: critdmg+7.8%
2026-10-01 08:02:19.846|DEBUG|ArtifactScraper|Parsing artifact substat: energyrecharge+5.8%
2026-10-01 08:02:19.846|DEBUG|ArtifactScraper|Parsing artifact substat: def+5.1%
2026-10-01 08:02:19.846|DEBUG|ArtifactScraper|Parsing artifact substat: critdmg+6.2%
2026-10-01 08:02:19.846|DEBUG|ArtifactScraper|Parsing artifact substat: def+16
2026-10-01 08:02:20.049|DEBUG|ArtifactScraper|Parsing artifact substat: atk+16
2026-10-01 08:02:20.049|DEBUG|ArtifactScraper|Parsing artifact substat: atk+4.1%
2026-10-01 08:02:20.049|DEBUG|ArtifactScraper|Parsing artifact substat: def+21
2026-10-01 08:02:20.049|DEBUG|ArtifactScraper|Parsing artifact substat: energyrecharge+6.5%
2026-10-01 08:02:22.581|DEBUG|ArtifactScraper|Scanning artifact page 57
2026-10-01 08:02:22.581|DEBUG|ArtifactScraper|Located 32 possible item locations on page.
2026-10-01 08:02:23.127|DEBUG|ArtifactScraper|Parsing artifact substat: atk+19
2026-10-01 08:02:23.127|DEBUG|ArtifactScraper|Parsing artifact substat: critrate+3.9%
2026-10-01 08:02:23.127|DEBUG|ArtifactScraper|Parsing artifact substat: energyrecharge+5.8%
2026-10-01 08:02:23.127|DEBUG|ArtifactScraper|Parsing artifact substat: def+19
2026-10-01 08:02:23.342|DEBUG|ArtifactScraper|Parsing artifact substat: energyrecharge+5.2%
2026-10-01 08:02:23.342|DEBUG|ArtifactScraper|Parsing artifact substat: hp+299
2026-10-01 08:02:23.342|DEBUG|ArtifactScraper|Parsing artifact substat: def+7.3%
2026-10-01 08:02:23.342|DEBUG|ArtifactScraper|Parsing artifact substat: hp+5.8%
2026-10-01 08:02:23.677|DEBUG|ArtifactScraper|Parsing artifact substat: energyrecharge+6.5%
2026-10-01 08:02:23.677|DEBUG|ArtifactScraper|Parsing artifact substat: elementalmastery+23
2026-10-01 08:02:23.677|DEBUG|ArtifactScraper|Parsing artifact substat: hp+5.8%
2026-10-01 08:02:23.677|DEBUG|ArtifactScraper|Parsing artifact substat: def+19(unactivated)
2026-10-01 08:02:23.915|DEBUG|ArtifactScraper|Parsing artifact substat: def+23
2026-10-01 08:02:23.915|DEBUG|ArtifactScraper|Parsing artifact substat: elementalmastery+19
2026-10-01 08:02:23.915|DEBUG|ArtifactScraper|Parsing artifact substat: hp+239
2026-10-01 08:02:23.915|DEBUG|ArtifactScraper|Parsing artifact substat: atk+19(unactivated)
2026-10-01 08:02:24.268|DEBUG|ArtifactScraper|Parsing artifact substat: atk+5.3%
2026-10-01 08:02:24.268|DEBUG|ArtifactScraper|Parsing artifact substat: elementalmastery+23
2026-10-01 08:02:24.268|DEBUG|ArtifactScraper|Parsing artifact substat: hp+4.7%
2026-10-01 08:02:24.268|DEBUG|ArtifactScraper|Parsing artifact substat: atk+18(unactivated)
2026-10-01 08:02:24.354|DEBUG|ArtifactScraper|Parsing artifact substat: elementalmastery+21
2026-10-01 08:02:24.354|DEBUG|ArtifactScraper|Parsing artifact substat: atk+14
2026-10-01 08:02:24.354|DEBUG|ArtifactScraper|Parsing artifact substat: hp+299
2026-10-01 08:02:24.354|DEBUG|ArtifactScraper|Parsing artifact substat: def+21(unactivated)
2026-10-01 08:02:24.487|DEBUG|ArtifactScraper|Parsing artifact substat: def+7.3%
2026-10-01 08:02:24.487|DEBUG|ArtifactScraper|Parsing artifact substat: def+16
2026-10-01 08:02:24.487|DEBUG|ArtifactScraper|Parsing artifact substat: elementalmastery+21
2026-10-01 08:02:24.488|DEBUG|ArtifactScraper|Parsing artifact substat: hp+269(unactivated)
2026-10-01 08:02:24.894|DEBUG|ArtifactScraper|Parsing artifact substat: critdmg+7.8%
2026-10-01 08:02:24.894|DEBUG|ArtifactScraper|Parsing artifact substat: hp+299
2026-10-01 08:02:24.894|DEBUG|ArtifactScraper|Parsing artifact substat: atk+16
2026-10-01 08:02:24.894|DEBUG|ArtifactScraper|Parsing artifact substat: elementalmastery+21
2026-10-01 08:02:24.974|DEBUG|ArtifactScraper|Parsing artifact substat: atk+14
2026-10-01 08:02:24.974|DEBUG|ArtifactScraper|Parsing artifact substat: atk+5.3%
2026-10-01 08:02:24.974|DEBUG|ArtifactScraper|Parsing artifact substat: critdmg+7.8%
2026-10-01 08:02:24.974|DEBUG|ArtifactScraper|Parsing artifact substat: elementalmastery+23
2026-10-01 08:02:25.131|DEBUG|ArtifactScraper|Parsing artifact substat: critrate+3.1%
2026-10-01 08:02:25.131|DEBUG|ArtifactScraper|Parsing artifact substat: atk+5.8%
2026-10-01 08:02:25.131|DEBUG|ArtifactScraper|Parsing artifact substat: elementalmastery+19
2026-10-01 08:02:25.131|DEBUG|ArtifactScraper|Parsing artifact substat: def+5.1%(unactivated)
2026-10-01 08:02:25.549|DEBUG|ArtifactScraper|Parsing artifact substat: elementalmastery+23
2026-10-01 08:02:25.549|DEBUG|ArtifactScraper|Parsing artifact substat: energyrecharge+6.5%
2026-10-01 08:02:25.549|DEBUG|ArtifactScraper|Parsing artifact substat: hp+4.7%
2026-10-01 08:02:25.550|DEBUG|ArtifactScraper|Parsing artifact substat: def+21(unactivated)
2026-10-01 08:02:25.606|DEBUG|ArtifactScraper|Parsing artifact substat: atk+18
2026-10-01 08:02:25.606|DEBUG|ArtifactScraper|Parsing artifact substat: elementalmastery+19
2026-10-01 08:02:25.606|DEBUG|ArtifactScraper|Parsing artifact substat: def+21
2026-10-01 08:02:25.606|DEBUG|ArtifactScraper|Parsing artifact substat: def+5.8%(unactivated)
2026-10-01 08:02:25.707|DEBUG|ArtifactScraper|Parsing artifact substat: def+21
2026-10-01 08:02:25.707|DEBUG|ArtifactScraper|Parsing artifact substat: atk+5.8%
2026-10-01 08:02:25.707|DEBUG|ArtifactScraper|Parsing artifact substat: def+5.1%
2026-10-01 08:02:25.707|DEBUG|ArtifactScraper|Parsing artifact substat: hp+269(unactivated)
2026-10-01 08:02:26.130|DEBUG|ArtifactScraper|Parsing artifact substat: atk+19
2026-10-01 08:02:26.130|DEBUG|ArtifactScraper|Parsing artifact substat: def+21
2026-10-01 08:02:26.130|DEBUG|ArtifactScraper|Parsing artifact substat: critrate+3.1%
2026-10-01 08:02:26.130|DEBUG|ArtifactScraper|Parsing artifact substat: hp+269(unactivated)
2026-10-01 08:02:26.231|DEBUG|ArtifactScraper|Parsing artifact substat: hp+299
2026-10-01 08:02:26.231|DEBUG|ArtifactScraper|Parsing artifact substat: energyrecharge+4.5%
2026-10-01 08:02:26.231|DEBUG|ArtifactScraper|Parsing artifact substat: def+5.1%
2026-10-01 08:02:26.231|DEBUG|ArtifactScraper|Parsing artifact substat: hp+4.7%(unactivated)
2026-10-01 08:02:26.292|DEBUG|ArtifactScraper|Parsing artifact substat: def+16
2026-10-01 08:02:26.292|DEBUG|ArtifactScraper|Parsing artifact substat: atk+19
2026-10-01 08:02:26.292|DEBUG|ArtifactScraper|Parsing artifact substat: atk+4.1%
2026-10-01 08:02:26.292|DEBUG|ArtifactScraper|Parsing artifact substat: hp+5.3%(unactivated)
2026-10-01 08:02:26.682|DEBUG|ArtifactScraper|Parsing artifact substat: hp+299
2026-10-01 08:02:26.682|DEBUG|ArtifactScraper|Parsing artifact substat: atk+5.3%
2026-10-01 08:02:26.682|DEBUG|ArtifactScraper|Parsing artifact substat: def+7.3%
2026-10-01 08:02:26.682|DEBUG|ArtifactScraper|Parsing artifact substat: elementalmastery+19
2026-10-01 08:02:26.853|DEBUG|ArtifactScraper|Parsing artifact substat: elementalmastery+16
2026-10-01 08:02:26.853|DEBUG|ArtifactScraper|Parsing artifact substat: hp+269
2026-10-01 08:02:26.853|DEBUG|ArtifactScraper|Parsing artifact substat: def+7.3%
2026-10-01 08:02:26.853|DEBUG|ArtifactScraper|Parsing artifact substat: energyrecharge+6.5%
2026-10-01 08:02:26.922|DEBUG|ArtifactScraper|Parsing artifact substat: hp+299
2026-10-01 08:02:26.922|DEBUG|ArtifactScraper|Parsing artifact substat: energyrecharge+5.8%
2026-10-01 08:02:26.922|DEBUG|ArtifactScraper|Parsing artifact substat: critrate+3.1%
2026-10-01 08:02:26.922|DEBUG|ArtifactScraper|Parsing artifact substat: atk+5.3%(unactivated)
2026-10-01 08:02:27.298|DEBUG|ArtifactScraper|Parsing artifact substat: energyrecharge+5.2%
2026-10-01 08:02:27.298|DEBUG|ArtifactScraper|Parsing artifact substat: atk+4.7%
2026-10-01 08:02:27.298|DEBUG|ArtifactScraper|Parsing artifact substat: atk+14
2026-10-01 08:02:27.298|DEBUG|ArtifactScraper|Parsing artifact substat: def+19(unactivated)
2026-10-01 08:02:27.454|DEBUG|ArtifactScraper|Parsing artifact substat: elementalmastery+19
2026-10-01 08:02:27.454|DEBUG|ArtifactScraper|Parsing artifact substat: hp+5.8%
2026-10-01 08:02:27.454|DEBUG|ArtifactScraper|Parsing artifact substat: atk+5.3%
2026-10-01 08:02:27.454|DEBUG|ArtifactScraper|Parsing artifact substat: hp+269(unactivated)
2026-10-01 08:02:27.595|DEBUG|ArtifactScraper|Parsing artifact substat: critrate+2.7%
2026-10-01 08:02:27.595|DEBUG|ArtifactScraper|Parsing artifact substat: elementalmastery+21
2026-10-01 08:02:27.595|DEBUG|ArtifactScraper|Parsing artifact substat: hp+209
2026-10-01 08:02:27.595|DEBUG|ArtifactScraper|Parsing artifact substat: energyrecharge+5.8%
2026-10-01 08:02:27.905|DEBUG|ArtifactScraper|Parsing artifact substat: hp+4.1%
2026-10-01 08:02:27.905|DEBUG|ArtifactScraper|Parsing artifact substat: energyrecharge+5.8%
2026-10-01 08:02:27.905|DEBUG|ArtifactScraper|Parsing artifact substat: def+7.3%
2026-10-01 08:02:27.905|DEBUG|ArtifactScraper|Parsing artifact substat: elementalmastery+16
2026-10-01 08:02:28.055|DEBUG|ArtifactScraper|Parsing artifact substat: hp+299
2026-10-01 08:02:28.055|DEBUG|ArtifactScraper|Parsing artifact substat: atk+4.7%
2026-10-01 08:02:28.055|DEBUG|ArtifactScraper|Parsing artifact substat: atk+19
2026-10-01 08:02:28.055|DEBUG|ArtifactScraper|Parsing artifact substat: elementalmastery+21
2026-10-01 08:02:28.283|DEBUG|ArtifactScraper|Parsing artifact substat: atk+14
2026-10-01 08:02:28.283|DEBUG|ArtifactScraper|Parsing artifact substat: def+21
2026-10-01 08:02:28.283|DEBUG|ArtifactScraper|Parsing artifact substat: elementalmastery+16
2026-10-01 08:02:28.283|DEBUG|ArtifactScraper|Parsing artifact substat: critdmg+7.8%(unactivated)
2026-10-01 08:02:28.588|DEBUG|ArtifactScraper|Parsing artifact substat: def+5.1%
2026-10-01 08:02:28.588|DEBUG|ArtifactScraper|Parsing artifact substat: critdmg+5.4%
2026-10-01 08:02:28.588|DEBUG|ArtifactScraper|Parsing artifact substat: elementalmastery+23
2026-10-01 08:02:28.588|DEBUG|ArtifactScraper|Parsing artifact substat: atk+14(unactivated)
2026-10-01 08:02:28.639|DEBUG|ArtifactScraper|Finished queuing page of artifacts. Scrolling...
2026-10-01 08:02:28.718|DEBUG|ArtifactScraper|Parsing artifact substat: def+23
2026-10-01 08:02:28.718|DEBUG|ArtifactScraper|Parsing artifact substat: elementalmastery+23
2026-10-01 08:02:28.718|DEBUG|ArtifactScraper|Parsing artifact substat: def+5.8%
2026-10-01 08:02:28.718|DEBUG|ArtifactScraper|Parsing artifact substat: atk+14(unactivated)
2026-10-01 08:02:28.868|DEBUG|ArtifactScraper|Parsing artifact substat: elementalmastery+23
2026-10-01 08:02:28.868|DEBUG|ArtifactScraper|Parsing artifact substat: hp+209
2026-10-01 08:02:28.868|DEBUG|ArtifactScraper|Parsing artifact substat: critdmg+7.0%
2026-10-01 08:02:28.868|DEBUG|ArtifactScraper|Parsing artifact substat: def+21(unactivated)
2026-10-01 08:02:29.225|DEBUG|ArtifactScraper|Parsing artifact substat: atk+18
2026-10-01 08:02:29.225|DEBUG|ArtifactScraper|Parsing artifact substat: energyrecharge+6.5%
2026-10-01 08:02:29.225|DEBUG|ArtifactScraper|Parsing artifact substat: atk+4.1%
2026-10-01 08:02:29.225|DEBUG|ArtifactScraper|Parsing artifact substat: hp+269(unactivated)
2026-10-01 08:02:29.293|DEBUG|ArtifactScraper|Parsing artifact substat: hp+5.3%
2026-10-01 08:02:29.293|DEBUG|ArtifactScraper|Parsing artifact substat: hp+239
2026-10-01 08:02:29.293|DEBUG|ArtifactScraper|Parsing artifact substat: def+16
2026-10-01 08:02:29.293|DEBUG|ArtifactScraper|Parsing artifact substat: atk+16(unactivated)
2026-10-01 08:02:29.500|DEBUG|ArtifactScraper|Parsing artifact substat: critdmg+5.4%
2026-10-01 08:02:29.514|DEBUG|ArtifactScraper|Parsing artifact substat: elementalmastery+21
2026-10-01 08:02:29.514|DEBUG|ArtifactScraper|Parsing artifact substat: atk+19
2026-10-01 08:02:29.514|DEBUG|ArtifactScraper|Parsing artifact substat: energyrecharge+5.2%
2026-10-01 08:02:29.755|DEBUG|ArtifactScraper|Parsing artifact substat: def+7.3%
2026-10-01 08:02:29.755|DEBUG|ArtifactScraper|Parsing artifact substat: def+16
2026-10-01 08:02:29.755|DEBUG|ArtifactScraper|Parsing artifact substat: critdmg+5.4%
2026-10-01 08:02:29.755|DEBUG|ArtifactScraper|Parsing artifact substat: hp+269(unactivated)
2026-10-01 08:02:31.815|DEBUG|ArtifactScraper|Scanning artifact page 58
2026-10-01 08:02:31.815|DEBUG|ArtifactScraper|Located 32 possible item locations on page.
2026-10-01 08:02:32.616|DEBUG|ArtifactScraper|Parsing artifact substat: atk+5.8%
2026-10-01 08:02:32.616|DEBUG|ArtifactScraper|Parsing artifact substat: atk+18
2026-10-01 08:02:32.616|DEBUG|ArtifactScraper|Parsing artifact substat: def+5.1%
2026-10-01 08:02:32.616|DEBUG|ArtifactScraper|Parsing artifact substat: energyrecharge+5.2%
2026-10-01 08:02:32.680|DEBUG|ArtifactScraper|Parsing artifact substat: def+5.8%
2026-10-01 08:02:32.680|DEBUG|ArtifactScraper|Parsing artifact substat: elementalmastery+21
2026-10-01 08:02:32.680|DEBUG|ArtifactScraper|Parsing artifact substat: def+19
2026-10-01 08:02:32.680|DEBUG|ArtifactScraper|Parsing artifact substat: critdmg+6.2%(unactivated)
2026-10-01 08:02:33.034|DEBUG|ArtifactScraper|Parsing artifact substat: def+5.8%
2026-10-01 08:02:33.034|DEBUG|ArtifactScraper|Parsing artifact substat: energyrecharge+5.2%
2026-10-01 08:02:33.034|DEBUG|ArtifactScraper|Parsing artifact substat: hp+239
2026-10-01 08:02:33.034|DEBUG|ArtifactScraper|Parsing artifact substat: atk+18(unactivated)
2026-10-01 08:02:33.255|DEBUG|ArtifactScraper|Parsing artifact substat: atk+18
2026-10-01 08:02:33.255|DEBUG|ArtifactScraper|Parsing artifact substat: hp+239
2026-10-01 08:02:33.255|DEBUG|ArtifactScraper|Parsing artifact substat: elementalmastery+19
2026-10-01 08:02:33.255|DEBUG|ArtifactScraper|Parsing artifact substat: energyrecharge+4.5%
2026-10-01 08:02:33.332|DEBUG|ArtifactScraper|Parsing artifact substat: atk+18
2026-10-01 08:02:33.332|DEBUG|ArtifactScraper|Parsing artifact substat: energyrecharge+5.2%
2026-10-01 08:02:33.332|DEBUG|ArtifactScraper|Parsing artifact substat: elementalmastery+19
2026-10-01 08:02:33.332|DEBUG|ArtifactScraper|Parsing artifact substat: def+5.8%(unactivated)
2026-10-01 08:02:33.599|DEBUG|ArtifactScraper|Parsing artifact substat: hp+239
2026-10-01 08:02:33.599|DEBUG|ArtifactScraper|Parsing artifact substat: critdmg+7.0%
2026-10-01 08:02:33.599|DEBUG|ArtifactScraper|Parsing artifact substat: def+5.8%
2026-10-01 08:02:33.599|DEBUG|ArtifactScraper|Parsing artifact substat: hp+4.7%(unactivated)
2026-10-01 08:02:33.809|DEBUG|ArtifactScraper|Parsing artifact substat: atk+19
2026-10-01 08:02:33.809|DEBUG|ArtifactScraper|Parsing artifact substat: def+21
2026-10-01 08:02:33.809|DEBUG|ArtifactScraper|Parsing artifact substat: hp+299
2026-10-01 08:02:33.809|DEBUG|ArtifactScraper|Parsing artifact substat: atk+5.3%(unactivated)
2026-10-01 08:02:33.912|DEBUG|ArtifactScraper|Parsing artifact substat: hp+209
2026-10-01 08:02:33.912|DEBUG|ArtifactScraper|Parsing artifact substat: def+6.6%
2026-10-01 08:02:33.912|DEBUG|ArtifactScraper|Parsing artifact substat: critrate+3.5%
2026-10-01 08:02:33.912|DEBUG|ArtifactScraper|Parsing artifact substat: elementalmastery+19
2026-10-01 08:02:34.141|DEBUG|ArtifactScraper|Parsing artifact substat: atk+16
2026-10-01 08:02:34.141|DEBUG|ArtifactScraper|Parsing artifact substat: elementalmastery+16
2026-10-01 08:02:34.141|DEBUG|ArtifactScraper|Parsing artifact substat: hp+4.7%
2026-10-01 08:02:34.141|DEBUG|ArtifactScraper|Parsing artifact substat: def+5.8%(unactivated)
2026-10-01 08:02:34.471|DEBUG|ArtifactScraper|Parsing artifact substat: atk+19
2026-10-01 08:02:34.471|DEBUG|ArtifactScraper|Parsing artifact substat: atk+4.1%
2026-10-01 08:02:34.471|DEBUG|ArtifactScraper|Parsing artifact substat: critdmg+7.0%
2026-10-01 08:02:34.471|DEBUG|ArtifactScraper|Parsing artifact substat: critrate+3.9%(unactivated)
2026-10-01 08:02:34.502|DEBUG|ArtifactScraper|Parsing artifact substat: atk+14
2026-10-01 08:02:34.502|DEBUG|ArtifactScraper|Parsing artifact substat: hp+5.8%
2026-10-01 08:02:34.502|DEBUG|ArtifactScraper|Parsing artifact substat: elementalmastery+23
2026-10-01 08:02:34.502|DEBUG|ArtifactScraper|Parsing artifact substat: energyrecharge+5.2%
2026-10-01 08:02:34.774|DEBUG|ArtifactScraper|Parsing artifact substat: def+7.3%
2026-10-01 08:02:34.774|DEBUG|ArtifactScraper|Parsing artifact substat: atk+5.8%
2026-10-01 08:02:34.774|DEBUG|ArtifactScraper|Parsing artifact substat: energyrecharge+6.5%
2026-10-01 08:02:34.774|DEBUG|ArtifactScraper|Parsing artifact substat: critrate+3.5%(unactivated)
2026-10-01 08:02:35.023|DEBUG|ArtifactScraper|Parsing artifact substat: atk+5.3%
2026-10-01 08:02:35.023|DEBUG|ArtifactScraper|Parsing artifact substat: atk+18
2026-10-01 08:02:35.023|DEBUG|ArtifactScraper|Parsing artifact substat: def+6.6%
2026-10-01 08:02:35.023|DEBUG|ArtifactScraper|Parsing artifact substat: def+19(unactivated)
2026-10-01 08:02:35.082|DEBUG|ArtifactScraper|Parsing artifact substat: elementalmastery+16
2026-10-01 08:02:35.082|DEBUG|ArtifactScraper|Parsing artifact substat: def+5.1%
2026-10-01 08:02:35.082|DEBUG|ArtifactScraper|Parsing artifact substat: def+23
2026-10-01 08:02:35.082|DEBUG|ArtifactScraper|Parsing artifact substat: critdmg+7.0%(unactivated)
2026-10-01 08:02:35.333|DEBUG|ArtifactScraper|Parsing artifact substat: atk+16
2026-10-01 08:02:35.333|DEBUG|ArtifactScraper|Parsing artifact substat: critdmg+6.2%
2026-10-01 08:02:35.333|DEBUG|ArtifactScraper|Parsing artifact substat: energyrecharge+6.5%
2026-10-01 08:02:35.333|DEBUG|ArtifactScraper|Parsing artifact substat: def+21(unactivated)
2026-10-01 08:02:35.622|DEBUG|ArtifactScraper|Parsing artifact substat: def+16
2026-10-01 08:02:35.622|DEBUG|ArtifactScraper|Parsing artifact substat: elementalmastery+19
2026-10-01 08:02:35.622|DEBUG|ArtifactScraper|Parsing artifact substat: atk+14
2026-10-01 08:02:35.622|DEBUG|ArtifactScraper|Parsing artifact substat: def+7.3%(unactivated)
2026-10-01 08:02:35.639|DEBUG|ArtifactScraper|Parsing artifact substat: atk+18
2026-10-01 08:02:35.639|DEBUG|ArtifactScraper|Parsing artifact substat: def+19
2026-10-01 08:02:35.639|DEBUG|ArtifactScraper|Parsing artifact substat: energyrecharge+6.5%
2026-10-01 08:02:35.639|DEBUG|ArtifactScraper|Parsing artifact substat: def+5.1%(unactivated)
2026-10-01 08:02:35.937|DEBUG|ArtifactScraper|Parsing artifact substat: critrate+2.7%
2026-10-01 08:02:35.937|DEBUG|ArtifactScraper|Parsing artifact substat: elementalmastery+19
2026-10-01 08:02:35.937|DEBUG|ArtifactScraper|Parsing artifact substat: energyrecharge+5.2%
2026-10-01 08:02:35.937|DEBUG|ArtifactScraper|Parsing artifact substat: def+21(unactivated)
2026-10-01 08:02:36.122|DEBUG|ArtifactScraper|Parsing artifact substat: hp+4.1%
2026-10-01 08:02:36.122|DEBUG|ArtifactScraper|Parsing artifact substat: critdmg+6.2%
2026-10-01 08:02:36.122|DEBUG|ArtifactScraper|Parsing artifact substat: def+5.8%
2026-10-01 08:02:36.122|DEBUG|ArtifactScraper|Parsing artifact substat: hp+269
2026-10-01 08:02:36.137|DEBUG|ArtifactScraper|Parsing artifact substat: hp+4.7%
2026-10-01 08:02:36.137|DEBUG|ArtifactScraper|Parsing artifact substat: critdmg+7.0%
2026-10-01 08:02:36.137|DEBUG|ArtifactScraper|Parsing artifact substat: atk+5.3%
2026-10-01 08:02:36.137|DEBUG|ArtifactScraper|Parsing artifact substat: def+7.3%
2026-10-01 08:02:36.471|DEBUG|ArtifactScraper|Parsing artifact substat: energyrecharge+6.5%
2026-10-01 08:02:36.471|DEBUG|ArtifactScraper|Parsing artifact substat: critrate+3.9%
2026-10-01 08:02:36.471|DEBUG|ArtifactScraper|Parsing artifact substat: hp+209
2026-10-01 08:02:36.471|DEBUG|ArtifactScraper|Parsing artifact substat: hp+5.8%(unactivated)
2026-10-01 08:02:36.664|DEBUG|ArtifactScraper|Parsing artifact substat: elementalmastery+16
2026-10-01 08:02:36.664|DEBUG|ArtifactScraper|Parsing artifact substat: critrate+2.7%
2026-10-01 08:02:36.664|DEBUG|ArtifactScraper|Parsing artifact substat: def+6.6%
2026-10-01 08:02:36.664|DEBUG|ArtifactScraper|Parsing artifact substat: hp+4.1%(unactivated)
2026-10-01 08:02:36.691|DEBUG|ArtifactScraper|Parsing artifact substat: elementalmastery+19
2026-10-01 08:02:36.691|DEBUG|ArtifactScraper|Parsing artifact substat: atk+4.7%
2026-10-01 08:02:36.691|DEBUG|ArtifactScraper|Parsing artifact substat: def+5.1%
2026-10-01 08:02:36.691|DEBUG|ArtifactScraper|Parsing artifact substat: critrate+3.5%(unactivated)
2026-10-01 08:02:36.956|DEBUG|ArtifactScraper|Parsing artifact substat: def+6.6%
2026-10-01 08:02:36.956|DEBUG|ArtifactScraper|Parsing artifact substat: critdmg+5.4%
2026-10-01 08:02:36.956|DEBUG|ArtifactScraper|Parsing artifact substat: hp+4.7%
2026-10-01 08:02:36.956|DEBUG|ArtifactScraper|Parsing artifact substat: hp+299(unactivated)
2026-10-01 08:02:37.181|DEBUG|ArtifactScraper|Parsing artifact substat: hp+239
2026-10-01 08:02:37.181|DEBUG|ArtifactScraper|Parsing artifact substat: critrate+2.7%
2026-10-01 08:02:37.181|DEBUG|ArtifactScraper|Parsing artifact substat: hp+4.1%
2026-10-01 08:02:37.181|DEBUG|ArtifactScraper|Parsing artifact substat: def+21(unactivated)
2026-10-01 08:02:37.194|DEBUG|ArtifactScraper|Parsing artifact substat: hp+5.3%
2026-10-01 08:02:37.194|DEBUG|ArtifactScraper|Parsing artifact substat: critdmg+7.8%
2026-10-01 08:02:37.194|DEBUG|ArtifactScraper|Parsing artifact substat: def+7.3%
2026-10-01 08:02:37.194|DEBUG|ArtifactScraper|Parsing artifact substat: atk+5.8%(unactivated)
2026-10-01 08:02:37.405|DEBUG|ArtifactScraper|Parsing artifact substat: hp+239
2026-10-01 08:02:37.405|DEBUG|ArtifactScraper|Parsing artifact substat: critrate+3.9%
2026-10-01 08:02:37.405|DEBUG|ArtifactScraper|Parsing artifact substat: critdmg+5.4%
2026-10-01 08:02:37.405|DEBUG|ArtifactScraper|Parsing artifact substat: elementalmastery+19
2026-10-01 08:02:37.622|DEBUG|ArtifactScraper|Parsing artifact substat: elementalmastery+21
2026-10-01 08:02:37.622|DEBUG|ArtifactScraper|Parsing artifact substat: def+19
2026-10-01 08:02:37.622|DEBUG|ArtifactScraper|Parsing artifact substat: critdmg+7.8%
2026-10-01 08:02:37.622|DEBUG|ArtifactScraper|Parsing artifact substat: hp+4.1%(unactivated)
2026-10-01 08:02:37.846|DEBUG|ArtifactScraper|Finished queuing page of artifacts. Scrolling...
2026-10-01 08:02:37.883|DEBUG|ArtifactScraper|Parsing artifact substat: hp+209
2026-10-01 08:02:37.883|DEBUG|ArtifactScraper|Parsing artifact substat: elementalmastery+19
2026-10-01 08:02:37.883|DEBUG|ArtifactScraper|Parsing artifact substat: def+23
2026-10-01 08:02:37.883|DEBUG|ArtifactScraper|Parsing artifact substat: atk+5.3%(unactivated)
2026-10-01 08:02:37.950|DEBUG|ArtifactScraper|Parsing artifact substat: elementalmastery+16
2026-10-01 08:02:37.950|DEBUG|ArtifactScraper|Parsing artifact substat: atk+5.8%
2026-10-01 08:02:37.950|DEBUG|ArtifactScraper|Parsing artifact substat: hp+209
2026-10-01 08:02:37.950|DEBUG|ArtifactScraper|Parsing artifact substat: def+19(unactivated)
2026-10-01 08:02:38.106|DEBUG|ArtifactScraper|Parsing artifact substat: energyrecharge+6.5%
2026-10-01 08:02:38.106|DEBUG|ArtifactScraper|Parsing artifact substat: elementalmastery+21
2026-10-01 08:02:38.106|DEBUG|ArtifactScraper|Parsing artifact substat: hp+209
2026-10-01 08:02:38.106|DEBUG|ArtifactScraper|Parsing artifact substat: def+5.1%(unactivated)
2026-10-01 08:02:38.282|DEBUG|ArtifactScraper|Parsing artifact substat: def+21
2026-10-01 08:02:38.282|DEBUG|ArtifactScraper|Parsing artifact substat: hp+5.8%
2026-10-01 08:02:38.282|DEBUG|ArtifactScraper|Parsing artifact substat: def+5.8%
2026-10-01 08:02:38.282|DEBUG|ArtifactScraper|Parsing artifact substat: hp+239(unactivated)
2026-10-01 08:02:40.290|DEBUG|ArtifactScraper|Scanning artifact page 59
2026-10-01 08:02:40.290|DEBUG|ArtifactScraper|Located 32 possible item locations on page.
2026-10-01 08:02:40.811|DEBUG|ArtifactScraper|Parsing artifact substat: critrate+3.9%
2026-10-01 08:02:40.811|DEBUG|ArtifactScraper|Parsing artifact substat: def+21
2026-10-01 08:02:40.811|DEBUG|ArtifactScraper|Parsing artifact substat: def+5.8%
2026-10-01 08:02:40.811|DEBUG|ArtifactScraper|Parsing artifact substat: hp+269(unactivated)
2026-10-01 08:02:40.932|DEBUG|ArtifactScraper|Parsing artifact substat: critdmg+6.2%
2026-10-01 08:02:40.932|DEBUG|ArtifactScraper|Parsing artifact substat: critrate+3.5%
2026-10-01 08:02:40.932|DEBUG|ArtifactScraper|Parsing artifact substat: atk+14
2026-10-01 08:02:40.932|DEBUG|ArtifactScraper|Parsing artifact substat: def+19
2026-10-01 08:02:41.171|DEBUG|ArtifactScraper|Parsing artifact substat: atk+16
2026-10-01 08:02:41.171|DEBUG|ArtifactScraper|Parsing artifact substat: def+16
2026-10-01 08:02:41.171|DEBUG|ArtifactScraper|Parsing artifact substat: hp+299
2026-10-01 08:02:41.171|DEBUG|ArtifactScraper|Parsing artifact substat: hp+4.7%
2026-10-01 08:02:41.322|DEBUG|ArtifactScraper|Parsing artifact substat: def+16
2026-10-01 08:02:41.322|DEBUG|ArtifactScraper|Parsing artifact substat: hp+299
2026-10-01 08:02:41.322|DEBUG|ArtifactScraper|Parsing artifact substat: atk+19
2026-10-01 08:02:41.322|DEBUG|ArtifactScraper|Parsing artifact substat: critdmg+7.0%(unactivated)
2026-10-01 08:02:41.596|DEBUG|ArtifactScraper|Parsing artifact substat: atk+4.7%
2026-10-01 08:02:41.597|DEBUG|ArtifactScraper|Parsing artifact substat: def+19
2026-10-01 08:02:41.597|DEBUG|ArtifactScraper|Parsing artifact substat: hp+4.1%
2026-10-01 08:02:41.597|DEBUG|ArtifactScraper|Parsing artifact substat: def+6.6%(unactivated)
2026-10-01 08:02:41.785|DEBUG|ArtifactScraper|Parsing artifact substat: def+19
2026-10-01 08:02:41.785|DEBUG|ArtifactScraper|Parsing artifact substat: atk+19
2026-10-01 08:02:41.785|DEBUG|ArtifactScraper|Parsing artifact substat: hp+209
2026-10-01 08:02:41.785|DEBUG|ArtifactScraper|Parsing artifact substat: hp+5.8%(unactivated)
2026-10-01 08:02:41.925|DEBUG|ArtifactScraper|Parsing artifact substat: atk+14
2026-10-01 08:02:41.925|DEBUG|ArtifactScraper|Parsing artifact substat: hp+269
2026-10-01 08:02:41.925|DEBUG|ArtifactScraper|Parsing artifact substat: hp+4.7%
2026-10-01 08:02:41.925|DEBUG|ArtifactScraper|Parsing artifact substat: energyrecharge+5.8%
2026-10-01 08:02:42.072|DEBUG|ArtifactScraper|Parsing artifact substat: def+23
2026-10-01 08:02:42.072|DEBUG|ArtifactScraper|Parsing artifact substat: critdmg+5.4%
2026-10-01 08:02:42.072|DEBUG|ArtifactScraper|Parsing artifact substat: hp+4.1%
2026-10-01 08:02:42.072|DEBUG|ArtifactScraper|Parsing artifact substat: atk+16(unactivated)
2026-10-01 08:02:42.241|DEBUG|ArtifactScraper|Parsing artifact substat: atk+16
2026-10-01 08:02:42.241|DEBUG|ArtifactScraper|Parsing artifact substat: atk+4.7%
2026-10-01 08:02:42.241|DEBUG|ArtifactScraper|Parsing artifact substat: critrate+3.9%
2026-10-01 08:02:42.241|DEBUG|ArtifactScraper|Parsing artifact substat: hp+239(unactivated)
2026-10-01 08:02:42.507|DEBUG|ArtifactScraper|Parsing artifact substat: def+23
2026-10-01 08:02:42.507|DEBUG|ArtifactScraper|Parsing artifact substat: elementalmastery+19
2026-10-01 08:02:42.507|DEBUG|ArtifactScraper|Parsing artifact substat: hp+209
2026-10-01 08:02:42.507|DEBUG|ArtifactScraper|Parsing artifact substat: atk+16(unactivated)
2026-10-01 08:02:42.650|DEBUG|ArtifactScraper|Parsing artifact substat: energyrecharge+4.5%
2026-10-01 08:02:42.650|DEBUG|ArtifactScraper|Parsing artifact substat: critrate+3.1%
2026-10-01 08:02:42.650|DEBUG|ArtifactScraper|Parsing artifact substat: atk+4.7%
2026-10-01 08:02:42.650|DEBUG|ArtifactScraper|Parsing artifact substat: def+21(unactivated)
2026-10-01 08:02:42.937|DEBUG|ArtifactScraper|Parsing artifact substat: critdmg+5.4%
2026-10-01 08:02:42.937|DEBUG|ArtifactScraper|Parsing artifact substat: hp+269
2026-10-01 08:02:42.937|DEBUG|ArtifactScraper|Parsing artifact substat: def+23
2026-10-01 08:02:42.937|DEBUG|ArtifactScraper|Parsing artifact substat: elementalmastery+23
2026-10-01 08:02:42.937|DEBUG|ArtifactScraper|Parsing artifact substat: critdmg+7.8%
2026-10-01 08:02:42.937|DEBUG|ArtifactScraper|Parsing artifact substat: def+19
2026-10-01 08:02:42.937|DEBUG|ArtifactScraper|Parsing artifact substat: hp+4.7%
2026-10-01 08:02:42.937|DEBUG|ArtifactScraper|Parsing artifact substat: atk+4.1%
2026-10-01 08:02:43.332|DEBUG|ArtifactScraper|Parsing artifact substat: critdmg+7.8%
2026-10-01 08:02:43.332|DEBUG|ArtifactScraper|Parsing artifact substat: def+6.6%
2026-10-01 08:02:43.332|DEBUG|ArtifactScraper|Parsing artifact substat: def+19
2026-10-01 08:02:43.332|DEBUG|ArtifactScraper|Parsing artifact substat: atk+19
2026-10-01 08:02:43.384|DEBUG|ArtifactScraper|Parsing artifact substat: hp+4.7%
2026-10-01 08:02:43.384|DEBUG|ArtifactScraper|Parsing artifact substat: hp+299
2026-10-01 08:02:43.384|DEBUG|ArtifactScraper|Parsing artifact substat: atk+19
2026-10-01 08:02:43.384|DEBUG|ArtifactScraper|Parsing artifact substat: atk+4.7%(unactivated)
2026-10-01 08:02:43.739|DEBUG|ArtifactScraper|Parsing artifact substat: elementalmastery+16
2026-10-01 08:02:43.739|DEBUG|ArtifactScraper|Parsing artifact substat: atk+18
2026-10-01 08:02:43.739|DEBUG|ArtifactScraper|Parsing artifact substat: critrate+3.1%
2026-10-01 08:02:43.739|DEBUG|ArtifactScraper|Parsing artifact substat: def+23(unactivated)
2026-10-01 08:02:43.871|DEBUG|ArtifactScraper|Parsing artifact substat: elementalmastery+21
2026-10-01 08:02:43.871|DEBUG|ArtifactScraper|Parsing artifact substat: hp+299
2026-10-01 08:02:43.871|DEBUG|ArtifactScraper|Parsing artifact substat: critrate+3.9%
2026-10-01 08:02:43.871|DEBUG|ArtifactScraper|Parsing artifact substat: energyrecharge+6.5%
2026-10-01 08:02:43.918|DEBUG|ArtifactScraper|Parsing artifact substat: energyrecharge+5.8%
2026-10-01 08:02:43.918|DEBUG|ArtifactScraper|Parsing artifact substat: hp+269
2026-10-01 08:02:43.918|DEBUG|ArtifactScraper|Parsing artifact substat: def+19
2026-10-01 08:02:43.918|DEBUG|ArtifactScraper|Parsing artifact substat: atk+4.7%(unactivated)
2026-10-01 08:02:44.232|DEBUG|ArtifactScraper|Parsing artifact substat: def+7.3%
2026-10-01 08:02:44.232|DEBUG|ArtifactScraper|Parsing artifact substat: hp+269
2026-10-01 08:02:44.232|DEBUG|ArtifactScraper|Parsing artifact substat: def+16
2026-10-01 08:02:44.232|DEBUG|ArtifactScraper|Parsing artifact substat: critdmg+7.8%(unactivated)
2026-10-01 08:02:44.416|DEBUG|ArtifactScraper|Parsing artifact substat: def+19
2026-10-01 08:02:44.416|DEBUG|ArtifactScraper|Parsing artifact substat: def+5.8%
2026-10-01 08:02:44.416|DEBUG|ArtifactScraper|Parsing artifact substat: critdmg+5.4%
2026-10-01 08:02:44.416|DEBUG|ArtifactScraper|Parsing artifact substat: hp+5.8%(unactivated)
2026-10-01 08:02:44.466|DEBUG|ArtifactScraper|Parsing artifact substat: atk+19
2026-10-01 08:02:44.466|DEBUG|ArtifactScraper|Parsing artifact substat: hp+209
2026-10-01 08:02:44.466|DEBUG|ArtifactScraper|Parsing artifact substat: atk+4.7%
2026-10-01 08:02:44.466|DEBUG|ArtifactScraper|Parsing artifact substat: def+23(unactivated)
2026-10-01 08:02:44.710|DEBUG|ArtifactScraper|Parsing artifact substat: hp+4.1%
2026-10-01 08:02:44.710|DEBUG|ArtifactScraper|Parsing artifact substat: def+21
2026-10-01 08:02:44.710|DEBUG|ArtifactScraper|Parsing artifact substat: critrate+2.7%
2026-10-01 08:02:44.710|DEBUG|ArtifactScraper|Parsing artifact substat: atk+5.3%(unactivated)
2026-10-01 08:02:44.826|DEBUG|ArtifactScraper|Parsing artifact substat: def+7.3%
2026-10-01 08:02:44.826|DEBUG|ArtifactScraper|Parsing artifact substat: def+23
2026-10-01 08:02:44.826|DEBUG|ArtifactScraper|Parsing artifact substat: hp+299
2026-10-01 08:02:44.826|DEBUG|ArtifactScraper|Parsing artifact substat: hp+5.8%
2026-10-01 08:02:45.130|DEBUG|ArtifactScraper|Parsing artifact substat: atk+16
2026-10-01 08:02:45.130|DEBUG|ArtifactScraper|Parsing artifact substat: hp+269
2026-10-01 08:02:45.130|DEBUG|ArtifactScraper|Parsing artifact substat: def+19
2026-10-01 08:02:45.130|DEBUG|ArtifactScraper|Parsing artifact substat: def+5.8%
2026-10-01 08:02:45.130|DEBUG|ArtifactScraper|Parsing artifact substat: def+7.3%
2026-10-01 08:02:45.130|DEBUG|ArtifactScraper|Parsing artifact substat: energyrecharge+4.5%
2026-10-01 08:02:45.130|DEBUG|ArtifactScraper|Parsing artifact substat: hp+269
2026-10-01 08:02:45.130|DEBUG|ArtifactScraper|Parsing artifact substat: atk+19
2026-10-01 08:02:45.561|DEBUG|ArtifactScraper|Parsing artifact substat: hp+239
2026-10-01 08:02:45.561|DEBUG|ArtifactScraper|Parsing artifact substat: atk+18
2026-10-01 08:02:45.561|DEBUG|ArtifactScraper|Parsing artifact substat: atk+4.7%
2026-10-01 08:02:45.561|DEBUG|ArtifactScraper|Parsing artifact substat: def+6.6%(unactivated)
2026-10-01 08:02:45.573|DEBUG|ArtifactScraper|Parsing artifact substat: hp+4.7%
2026-10-01 08:02:45.573|DEBUG|ArtifactScraper|Parsing artifact substat: elementalmastery+19
2026-10-01 08:02:45.573|DEBUG|ArtifactScraper|Parsing artifact substat: energyrecharge+6.5%
2026-10-01 08:02:45.573|DEBUG|ArtifactScraper|Parsing artifact substat: hp+299(unactivated)
2026-10-01 08:02:45.935|DEBUG|ArtifactScraper|Parsing artifact substat: def+23
2026-10-01 08:02:45.935|DEBUG|ArtifactScraper|Parsing artifact substat: elementalmastery+16
2026-10-01 08:02:45.935|DEBUG|ArtifactScraper|Parsing artifact substat: critrate+3.5%
2026-10-01 08:02:45.935|DEBUG|ArtifactScraper|Parsing artifact substat: energyrecharge+4.5%
2026-10-01 08:02:45.935|DEBUG|ArtifactScraper|Finished queuing page of artifacts. Scrolling...
2026-10-01 08:02:46.042|DEBUG|ArtifactScraper|Parsing artifact substat: def+23
2026-10-01 08:02:46.042|DEBUG|ArtifactScraper|Parsing artifact substat: hp+299
2026-10-01 08:02:46.042|DEBUG|ArtifactScraper|Parsing artifact substat: hp+5.8%
2026-10-01 08:02:46.042|DEBUG|ArtifactScraper|Parsing artifact substat: atk+5.3%(unactivated)
2026-10-01 08:02:46.098|DEBUG|ArtifactScraper|Parsing artifact substat: critdmg+5.4%
2026-10-01 08:02:46.098|DEBUG|ArtifactScraper|Parsing artifact substat: critrate+3.9%
2026-10-01 08:02:46.098|DEBUG|ArtifactScraper|Parsing artifact substat: atk+19
2026-10-01 08:02:46.098|DEBUG|ArtifactScraper|Parsing artifact substat: atk+4.7%(unactivated)
2026-10-01 08:02:46.386|DEBUG|ArtifactScraper|Parsing artifact substat: energyrecharge+5.2%
2026-10-01 08:02:46.386|DEBUG|ArtifactScraper|Parsing artifact substat: atk+19
2026-10-01 08:02:46.386|DEBUG|ArtifactScraper|Parsing artifact substat: def+19
2026-10-01 08:02:46.386|DEBUG|ArtifactScraper|Parsing artifact substat: hp+209(unactivated)
2026-10-01 08:02:46.451|DEBUG|ArtifactScraper|Parsing artifact substat: def+5.1%
2026-10-01 08:02:46.451|DEBUG|ArtifactScraper|Parsing artifact substat: atk+18
2026-10-01 08:02:46.451|DEBUG|ArtifactScraper|Parsing artifact substat: def+21
2026-10-01 08:02:46.451|DEBUG|ArtifactScraper|Parsing artifact substat: hp+299(unactivated)
2026-10-01 08:02:48.414|DEBUG|ArtifactScraper|Scanning artifact page 60
2026-10-01 08:02:48.414|DEBUG|ArtifactScraper|Located 32 possible item locations on page.
2026-10-01 08:02:49.003|DEBUG|ArtifactScraper|Parsing artifact substat: energyrecharge+5.8%
2026-10-01 08:02:49.003|DEBUG|ArtifactScraper|Parsing artifact substat: atk+16
2026-10-01 08:02:49.003|DEBUG|ArtifactScraper|Parsing artifact substat: hp+4.7%
2026-10-01 08:02:49.003|DEBUG|ArtifactScraper|Parsing artifact substat: atk+4.7%(unactivated)
2026-10-01 08:02:49.091|DEBUG|ArtifactScraper|Parsing artifact substat: elementalmastery+23
2026-10-01 08:02:49.091|DEBUG|ArtifactScraper|Parsing artifact substat: energyrecharge+5.8%
2026-10-01 08:02:49.091|DEBUG|ArtifactScraper|Parsing artifact substat: critdmg+7.8%
2026-10-01 08:02:49.091|DEBUG|ArtifactScraper|Parsing artifact substat: hp+4.7%(unactivated)
2026-10-01 08:02:49.362|DEBUG|ArtifactScraper|Parsing artifact substat: elementalmastery+21
2026-10-01 08:02:49.362|DEBUG|ArtifactScraper|Parsing artifact substat: def+23
2026-10-01 08:02:49.362|DEBUG|ArtifactScraper|Parsing artifact substat: hp+299
2026-10-01 08:02:49.362|DEBUG|ArtifactScraper|Parsing artifact substat: critdmg+5.4%(unactivated)
2026-10-01 08:02:49.403|DEBUG|ArtifactScraper|Parsing artifact substat: def+21
2026-10-01 08:02:49.403|DEBUG|ArtifactScraper|Parsing artifact substat: critrate+3.9%
2026-10-01 08:02:49.403|DEBUG|ArtifactScraper|Parsing artifact substat: atk+14
2026-10-01 08:02:49.403|DEBUG|ArtifactScraper|Parsing artifact substat: hp+5.8%(unactivated)
2026-10-01 08:02:49.764|DEBUG|ArtifactScraper|Parsing artifact substat: hp+4.7%
2026-10-01 08:02:49.764|DEBUG|ArtifactScraper|Parsing artifact substat: critdmg+7.8%
2026-10-01 08:02:49.764|DEBUG|ArtifactScraper|Parsing artifact substat: def+5.8%
2026-10-01 08:02:49.764|DEBUG|ArtifactScraper|Parsing artifact substat: hp+299(unactivated)
2026-10-01 08:02:49.804|DEBUG|ArtifactScraper|Parsing artifact substat: critrate+3.5%
2026-10-01 08:02:49.804|DEBUG|ArtifactScraper|Parsing artifact substat: energyrecharge+5.8%
2026-10-01 08:02:49.804|DEBUG|ArtifactScraper|Parsing artifact substat: elementalmastery+21
2026-10-01 08:02:49.804|DEBUG|ArtifactScraper|Parsing artifact substat: def+7.3%(unactivated)
2026-10-01 08:02:50.102|DEBUG|ArtifactScraper|Parsing artifact substat: hp+299
2026-10-01 08:02:50.102|DEBUG|ArtifactScraper|Parsing artifact substat: elementalmastery+19
2026-10-01 08:02:50.102|DEBUG|ArtifactScraper|Parsing artifact substat: critdmg+7.8%
2026-10-01 08:02:50.102|DEBUG|ArtifactScraper|Parsing artifact substat: atk+18(unactivated)
2026-10-01 08:02:50.197|DEBUG|ArtifactScraper|Parsing artifact substat: critdmg+6.2%
2026-10-01 08:02:50.197|DEBUG|ArtifactScraper|Parsing artifact substat: hp+269
2026-10-01 08:02:50.197|DEBUG|ArtifactScraper|Parsing artifact substat: def+6.6%
2026-10-01 08:02:50.197|DEBUG|ArtifactScraper|Parsing artifact substat: critrate+2.7%(unactivated)
2026-10-01 08:02:50.498|DEBUG|ArtifactScraper|Parsing artifact substat: def+6.6%
2026-10-01 08:02:50.498|DEBUG|ArtifactScraper|Parsing artifact substat: def+23
2026-10-01 08:02:50.498|DEBUG|ArtifactScraper|Parsing artifact substat: critrate+3.9%
2026-10-01 08:02:50.498|DEBUG|ArtifactScraper|Parsing artifact substat: hp+269(unactivated)
2026-10-01 08:02:50.531|DEBUG|ArtifactScraper|Parsing artifact substat: energyrecharge+4.5%
2026-10-01 08:02:50.531|DEBUG|ArtifactScraper|Parsing artifact substat: def+7.3%
2026-10-01 08:02:50.531|DEBUG|ArtifactScraper|Parsing artifact substat: atk+5.3%
2026-10-01 08:02:50.531|DEBUG|ArtifactScraper|Parsing artifact substat: def+19(unactivated)
2026-10-01 08:02:50.882|DEBUG|ArtifactScraper|Parsing artifact substat: def+21
2026-10-01 08:02:50.882|DEBUG|ArtifactScraper|Parsing artifact substat: elementalmastery+16
2026-10-01 08:02:50.882|DEBUG|ArtifactScraper|Parsing artifact substat: energyrecharge+6.5%
2026-10-01 08:02:50.882|DEBUG|ArtifactScraper|Parsing artifact substat: hp+5.8%(unactivated)
2026-10-01 08:02:50.915|DEBUG|ArtifactScraper|Parsing artifact substat: atk+14
2026-10-01 08:02:50.915|DEBUG|ArtifactScraper|Parsing artifact substat: def+21
2026-10-01 08:02:50.915|DEBUG|ArtifactScraper|Parsing artifact substat: elementalmastery+19
2026-10-01 08:02:50.915|DEBUG|ArtifactScraper|Parsing artifact substat: def+7.3%(unactivated)
2026-10-01 08:02:51.273|DEBUG|ArtifactScraper|Parsing artifact substat: def+21
2026-10-01 08:02:51.273|DEBUG|ArtifactScraper|Parsing artifact substat: energyrecharge+4.5%
2026-10-01 08:02:51.273|DEBUG|ArtifactScraper|Parsing artifact substat: atk+19
2026-10-01 08:02:51.273|DEBUG|ArtifactScraper|Parsing artifact substat: def+5.8%(unactivated)
2026-10-01 08:02:51.396|DEBUG|ArtifactScraper|Parsing artifact substat: critdmg+7.0%
2026-10-01 08:02:51.396|DEBUG|ArtifactScraper|Parsing artifact substat: elementalmastery+19
2026-10-01 08:02:51.396|DEBUG|ArtifactScraper|Parsing artifact substat: atk+4.1%
2026-10-01 08:02:51.396|DEBUG|ArtifactScraper|Parsing artifact substat: def+23(unactivated)
2026-10-01 08:02:51.396|DEBUG|ArtifactScraper|Parsing artifact substat: def+16
2026-10-01 08:02:51.396|DEBUG|ArtifactScraper|Parsing artifact substat: critdmg+6.2%
2026-10-01 08:02:51.396|DEBUG|ArtifactScraper|Parsing artifact substat: hp+239
2026-10-01 08:02:51.396|DEBUG|ArtifactScraper|Parsing artifact substat: atk+5.8%(unactivated)
2026-10-01 08:02:51.705|DEBUG|ArtifactScraper|Parsing artifact substat: critdmg+6.2%
2026-10-01 08:02:51.705|DEBUG|ArtifactScraper|Parsing artifact substat: atk+4.1%
2026-10-01 08:02:51.705|DEBUG|ArtifactScraper|Parsing artifact substat: def+19
2026-10-01 08:02:51.705|DEBUG|ArtifactScraper|Parsing artifact substat: def+5.1%(unactivated)
2026-10-01 08:02:51.877|DEBUG|ArtifactScraper|Parsing artifact substat: critdmg+5.4%
2026-10-01 08:02:51.877|DEBUG|ArtifactScraper|Parsing artifact substat: critrate+3.9%
2026-10-01 08:02:51.877|DEBUG|ArtifactScraper|Parsing artifact substat: elementalmastery+21
2026-10-01 08:02:51.877|DEBUG|ArtifactScraper|Parsing artifact substat: hp+4.7%(unactivated)
2026-10-01 08:02:52.173|DEBUG|ArtifactScraper|Parsing artifact substat: energyrecharge+5.2%
2026-10-01 08:02:52.173|DEBUG|ArtifactScraper|Parsing artifact substat: elementalmastery+23
2026-10-01 08:02:52.173|DEBUG|ArtifactScraper|Parsing artifact substat: atk+5.3%
2026-10-01 08:02:52.173|DEBUG|ArtifactScraper|Parsing artifact substat: hp+269
2026-10-01 08:02:52.185|DEBUG|ArtifactScraper|Parsing artifact substat: elementalmastery+23
2026-10-01 08:02:52.185|DEBUG|ArtifactScraper|Parsing artifact substat: atk+4.1%
2026-10-01 08:02:52.185|DEBUG|ArtifactScraper|Parsing artifact substat: critrate+2.7%
2026-10-01 08:02:52.185|DEBUG|ArtifactScraper|Parsing artifact substat: critdmg+5.4%(unactivated)
2026-10-01 08:02:52.350|DEBUG|ArtifactScraper|Parsing artifact substat: hp+299
2026-10-01 08:02:52.350|DEBUG|ArtifactScraper|Parsing artifact substat: def+5.8%
2026-10-01 08:02:52.350|DEBUG|ArtifactScraper|Parsing artifact substat: energyrecharge+5.2%
2026-10-01 08:02:52.350|DEBUG|ArtifactScraper|Parsing artifact substat: critrate+3.5%
2026-10-01 08:02:52.641|DEBUG|ArtifactScraper|Parsing artifact substat: def+7.3%
2026-10-01 08:02:52.641|DEBUG|ArtifactScraper|Parsing artifact substat: hp+299
2026-10-01 08:02:52.641|DEBUG|ArtifactScraper|Parsing artifact substat: energyrecharge+4.5%
2026-10-01 08:02:52.641|DEBUG|ArtifactScraper|Parsing artifact substat: elementalmastery+21
2026-10-01 08:02:52.666|DEBUG|ArtifactScraper|Parsing artifact substat: elementalmastery+23
2026-10-01 08:02:52.666|DEBUG|ArtifactScraper|Parsing artifact substat: critdmg+5.4%
2026-10-01 08:02:52.666|DEBUG|ArtifactScraper|Parsing artifact substat: energyrecharge+6.5%
2026-10-01 08:02:52.666|DEBUG|ArtifactScraper|Parsing artifact substat: hp+5.8%
2026-10-01 08:02:53.026|DEBUG|ArtifactScraper|Parsing artifact substat: def+19
2026-10-01 08:02:53.026|DEBUG|ArtifactScraper|Parsing artifact substat: hp+4.1%
2026-10-01 08:02:53.026|DEBUG|ArtifactScraper|Parsing artifact substat: atk+4.1%
2026-10-01 08:02:53.026|DEBUG|ArtifactScraper|Parsing artifact substat: elementalmastery+21
2026-10-01 08:02:53.075|DEBUG|ArtifactScraper|Parsing artifact substat: hp+209
2026-10-01 08:02:53.075|DEBUG|ArtifactScraper|Parsing artifact substat: atk+5.3%
2026-10-01 08:02:53.075|DEBUG|ArtifactScraper|Parsing artifact substat: elementalmastery+21
2026-10-01 08:02:53.075|DEBUG|ArtifactScraper|Parsing artifact substat: def+6.6%(unactivated)
2026-10-01 08:02:53.330|DEBUG|ArtifactScraper|Parsing artifact substat: def+5.8%
2026-10-01 08:02:53.330|DEBUG|ArtifactScraper|Parsing artifact substat: atk+4.7%
2026-10-01 08:02:53.330|DEBUG|ArtifactScraper|Parsing artifact substat: def+23
2026-10-01 08:02:53.330|DEBUG|ArtifactScraper|Parsing artifact substat: hp+239(unactivated)
2026-10-01 08:02:53.467|DEBUG|ArtifactScraper|Parsing artifact substat: energyrecharge+5.8%
2026-10-01 08:02:53.467|DEBUG|ArtifactScraper|Parsing artifact substat: atk+14
2026-10-01 08:02:53.467|DEBUG|ArtifactScraper|Parsing artifact substat: hp+209
2026-10-01 08:02:53.467|DEBUG|ArtifactScraper|Parsing artifact substat: atk+5.3%
2026-10-01 08:02:53.770|DEBUG|ArtifactScraper|Parsing artifact substat: critdmg+7.0%
2026-10-01 08:02:53.770|DEBUG|ArtifactScraper|Parsing artifact substat: atk+14
2026-10-01 08:02:53.770|DEBUG|ArtifactScraper|Parsing artifact substat: hp+269
2026-10-01 08:02:53.770|DEBUG|ArtifactScraper|Parsing artifact substat: elementalmastery+23
2026-10-01 08:02:53.789|DEBUG|ArtifactScraper|Parsing artifact substat: atk+14
2026-10-01 08:02:53.789|DEBUG|ArtifactScraper|Parsing artifact substat: atk+5.8%
2026-10-01 08:02:53.789|DEBUG|ArtifactScraper|Parsing artifact substat: elementalmastery+16
2026-10-01 08:02:53.789|DEBUG|ArtifactScraper|Parsing artifact substat: hp+5.3%(unactivated)
2026-10-01 08:02:54.109|DEBUG|ArtifactScraper|Finished queuing page of artifacts. Scrolling...
2026-10-01 08:02:54.154|DEBUG|ArtifactScraper|Parsing artifact substat: hp+5.3%
2026-10-01 08:02:54.154|DEBUG|ArtifactScraper|Parsing artifact substat: def+19
2026-10-01 08:02:54.154|DEBUG|ArtifactScraper|Parsing artifact substat: hp+239
2026-10-01 08:02:54.154|DEBUG|ArtifactScraper|Parsing artifact substat: critdmg+6.2%(unactivated)
2026-10-01 08:02:54.227|DEBUG|ArtifactScraper|Parsing artifact substat: atk+14
2026-10-01 08:02:54.227|DEBUG|ArtifactScraper|Parsing artifact substat: critrate+3.9%
2026-10-01 08:02:54.227|DEBUG|ArtifactScraper|Parsing artifact substat: elementalmastery+23
2026-10-01 08:02:54.227|DEBUG|ArtifactScraper|Parsing artifact substat: hp+5.8%(unactivated)
2026-10-01 08:02:54.501|DEBUG|ArtifactScraper|Parsing artifact substat: atk+19
2026-10-01 08:02:54.501|DEBUG|ArtifactScraper|Parsing artifact substat: def+5.8%
2026-10-01 08:02:54.501|DEBUG|ArtifactScraper|Parsing artifact substat: energyrecharge+6.5%
2026-10-01 08:02:54.501|DEBUG|ArtifactScraper|Parsing artifact substat: atk+5.3%(unactivated)
2026-10-01 08:02:54.578|DEBUG|ArtifactScraper|Parsing artifact substat: hp+299
2026-10-01 08:02:54.578|DEBUG|ArtifactScraper|Parsing artifact substat: hp+5.3%
2026-10-01 08:02:54.578|DEBUG|ArtifactScraper|Parsing artifact substat: atk+18
2026-10-01 08:02:54.578|DEBUG|ArtifactScraper|Parsing artifact substat: def+5.8%(unactivated)
2026-10-01 08:02:54.709|DEBUG|ArtifactScraper|Scrolled back one
2026-10-01 08:02:56.570|DEBUG|ArtifactScraper|Scanning artifact page 61
2026-10-01 08:02:56.570|DEBUG|ArtifactScraper|Located 32 possible item locations on page.
2026-10-01 08:02:57.247|DEBUG|ArtifactScraper|Parsing artifact substat: critdmg+6.2%
2026-10-01 08:02:57.247|DEBUG|ArtifactScraper|Parsing artifact substat: def+5.1%
2026-10-01 08:02:57.247|DEBUG|ArtifactScraper|Parsing artifact substat: hp+5.8%
2026-10-01 08:02:57.247|DEBUG|ArtifactScraper|Parsing artifact substat: atk+14(unactivated)
2026-10-01 08:02:57.269|DEBUG|ArtifactScraper|Parsing artifact substat: critrate+2.7%
2026-10-01 08:02:57.270|DEBUG|ArtifactScraper|Parsing artifact substat: energyrecharge+6.5%
2026-10-01 08:02:57.270|DEBUG|ArtifactScraper|Parsing artifact substat: atk+19
2026-10-01 08:02:57.270|DEBUG|ArtifactScraper|Parsing artifact substat: hp+5.3%(unactivated)
2026-10-01 08:02:57.587|DEBUG|ArtifactScraper|Parsing artifact substat: atk+14
2026-10-01 08:02:57.587|DEBUG|ArtifactScraper|Parsing artifact substat: critrate+3.9%
2026-10-01 08:02:57.587|DEBUG|ArtifactScraper|Parsing artifact substat: elementalmastery+19
2026-10-01 08:02:57.587|DEBUG|ArtifactScraper|Parsing artifact substat: def+19
2026-10-01 08:02:57.695|DEBUG|ArtifactScraper|Parsing artifact substat: def+19
2026-10-01 08:02:57.695|DEBUG|ArtifactScraper|Parsing artifact substat: hp+239
2026-10-01 08:02:57.695|DEBUG|ArtifactScraper|Parsing artifact substat: elementalmastery+19
2026-10-01 08:02:57.695|DEBUG|ArtifactScraper|Parsing artifact substat: energyrecharge+4.5%
2026-10-01 08:02:58.051|DEBUG|ArtifactScraper|Parsing artifact substat: atk+4.7%
2026-10-01 08:02:58.051|DEBUG|ArtifactScraper|Parsing artifact substat: energyrecharge+4.5%
2026-10-01 08:02:58.051|DEBUG|ArtifactScraper|Parsing artifact substat: hp+209
2026-10-01 08:02:58.051|DEBUG|ArtifactScraper|Parsing artifact substat: critdmg+6.2%(unactivated)
2026-10-01 08:02:58.073|DEBUG|ArtifactScraper|Parsing artifact substat: energyrecharge+6.5%
2026-10-01 08:02:58.073|DEBUG|ArtifactScraper|Parsing artifact substat: hp+269
2026-10-01 08:02:58.073|DEBUG|ArtifactScraper|Parsing artifact substat: atk+18
2026-10-01 08:02:58.073|DEBUG|ArtifactScraper|Parsing artifact substat: hp+5.3%(unactivated)
2026-10-01 08:02:58.212|DEBUG|ArtifactScraper|Parsing artifact substat: energyrecharge+4.5%
2026-10-01 08:02:58.212|DEBUG|ArtifactScraper|Parsing artifact substat: hp+5.8%
2026-10-01 08:02:58.212|DEBUG|ArtifactScraper|Parsing artifact substat: critdmg+7.0%
2026-10-01 08:02:58.212|DEBUG|ArtifactScraper|Parsing artifact substat: def+19(unactivated)
2026-10-01 08:02:58.535|DEBUG|ArtifactScraper|Parsing artifact substat: atk+16
2026-10-01 08:02:58.535|DEBUG|ArtifactScraper|Parsing artifact substat: hp+5.3%
2026-10-01 08:02:58.535|DEBUG|ArtifactScraper|Parsing artifact substat: critrate+3.1%
2026-10-01 08:02:58.535|DEBUG|ArtifactScraper|Parsing artifact substat: hp+269(unactivated)
2026-10-01 08:02:58.562|DEBUG|ArtifactScraper|Parsing artifact substat: hp+4.1%
2026-10-01 08:02:58.562|DEBUG|ArtifactScraper|Parsing artifact substat: hp+269
2026-10-01 08:02:58.562|DEBUG|ArtifactScraper|Parsing artifact substat: critdmg+5.4%
2026-10-01 08:02:58.562|DEBUG|ArtifactScraper|Parsing artifact substat: def+21(unactivated)
2026-10-01 08:02:58.677|DEBUG|ArtifactScraper|Parsing artifact substat: critrate+2.7%
2026-10-01 08:02:58.677|DEBUG|ArtifactScraper|Parsing artifact substat: hp+4.1%
2026-10-01 08:02:58.677|DEBUG|ArtifactScraper|Parsing artifact substat: energyrecharge+6.5%
2026-10-01 08:02:58.677|DEBUG|ArtifactScraper|Parsing artifact substat: atk+18
2026-10-01 08:02:58.961|DEBUG|ArtifactScraper|Parsing artifact substat: critdmg+6.2%
2026-10-01 08:02:58.961|DEBUG|ArtifactScraper|Parsing artifact substat: critrate+3.9%
2026-10-01 08:02:58.961|DEBUG|ArtifactScraper|Parsing artifact substat: atk+18
2026-10-01 08:02:58.961|DEBUG|ArtifactScraper|Parsing artifact substat: hp+209(unactivated)
2026-10-01 08:02:59.090|DEBUG|ArtifactScraper|Parsing artifact substat: def+19
2026-10-01 08:02:59.090|DEBUG|ArtifactScraper|Parsing artifact substat: critrate+2.7%
2026-10-01 08:02:59.090|DEBUG|ArtifactScraper|Parsing artifact substat: hp+239
2026-10-01 08:02:59.090|DEBUG|ArtifactScraper|Parsing artifact substat: atk+18
2026-10-01 08:02:59.424|DEBUG|ArtifactScraper|Parsing artifact substat: uef+137
2026-10-01 08:02:59.424|DEBUG|ArtifactScraper|Failed to parse stat from: uef+137
2026-10-01 08:02:59.466|DEBUG|ArtifactScraper|Parsing artifact substat: uef+o.8570
2026-10-01 08:02:59.466|DEBUG|ArtifactScraper|Failed to parse stat from: uef+o.8570
2026-10-01 08:02:59.839|DEBUG|ArtifactScraper|Parsing artifact substat: hf+9./70
2026-10-01 08:02:59.839|DEBUG|ArtifactScraper|Failed to parse stat from: hf+9./70
2026-10-01 08:02:59.920|DEBUG|ArtifactScraper|Parsing artifact substat: lch11rate+o.l7o
2026-10-01 08:02:59.920|DEBUG|ArtifactScraper|Failed to parse stat from: lch11rate+o.l7o
2026-10-01 08:03:00.387|DEBUG|ArtifactScraper|Parsing artifact substat: elementalimastery+/17
2026-10-01 08:03:00.525|DEBUG|ArtifactScraper|Parsing artifact substat: atr+i11
2026-10-01 08:03:00.525|DEBUG|ArtifactScraper|Failed to parse stat from: atr+i11
2026-10-01 08:03:01.060|DEBUG|ArtifactScraper|Parsing artifact substat: energyreccharge+o.<7o
2026-10-01 08:03:01.138|DEBUG|ArtifactScraper|Parsing artifact substat: uef+o.8570
2026-10-01 08:03:01.138|DEBUG|ArtifactScraper|Failed to parse stat from: uef+o.8570
2026-10-01 08:03:01.205|DEBUG|ArtifactScraper|Parsing artifact substat: alr+4./70
2026-10-01 08:03:01.205|DEBUG|ArtifactScraper|Failed to parse stat from: alr+4./70
2026-10-01 08:03:01.687|DEBUG|ArtifactScraper|Parsing artifact substat: alr+4./70
2026-10-01 08:03:01.687|DEBUG|ArtifactScraper|Failed to parse stat from: alr+4./70
2026-10-01 08:03:01.729|DEBUG|ArtifactScraper|Parsing artifact substat: lhr11umb+o.u7o
2026-10-01 08:03:01.729|DEBUG|ArtifactScraper|Failed to parse stat from: lhr11umb+o.u7o
2026-10-01 08:03:01.729|DEBUG|ArtifactScraper|Parsing artifact substat: hp+3.3%
2026-10-01 08:03:01.768|DEBUG|ArtifactScraper|Parsing artifact substat: he+171
2026-10-01 08:03:02.188|DEBUG|ArtifactScraper|Parsing artifact substat: hf+9./70
2026-10-01 08:03:02.188|DEBUG|ArtifactScraper|Failed to parse stat from: hf+9./70
2026-10-01 08:03:02.188|DEBUG|ArtifactScraper|Parsing artifact substat: critrate+2.2%
2026-10-01 08:03:02.229|DEBUG|ArtifactScraper|Parsing artifact substat: atk+2.8%
2026-10-01 08:03:02.259|DEBUG|ArtifactScraper|Parsing artifact substat: def+3.5%
2026-10-01 08:03:02.259|DEBUG|ArtifactScraper|Parsing artifact substat: def+10
2026-10-01 08:03:02.322|DEBUG|ArtifactScraper|Finished queuing page of artifacts. Scrolling...
2026-10-01 08:03:02.702|DEBUG|ArtifactScraper|Parsing artifact substat: hp+115
2026-10-01 08:03:02.702|DEBUG|ArtifactScraper|Parsing artifact substat: critrate+1.9%
2026-10-01 08:03:02.711|DEBUG|ArtifactScraper|Parsing artifact substat: def+11
2026-10-01 08:03:02.734|DEBUG|ArtifactScraper|Parsing artifact substat: def+9
2026-10-01 08:03:02.734|DEBUG|ArtifactScraper|Parsing artifact substat: hp+115
2026-10-01 08:03:03.071|DEBUG|ArtifactScraper|Parsing artifact substat: elementalmastery+14
2026-10-01 08:03:03.071|DEBUG|ArtifactScraper|Parsing artifact substat: hp+115
2026-10-01 08:03:04.936|DEBUG|ArtifactScraper|Scanning artifact page 62
2026-10-01 08:03:04.936|DEBUG|ArtifactScraper|Located 32 possible item locations on page.
2026-10-01 08:03:05.335|DEBUG|ArtifactScraper|Parsing artifact substat: atk+2.8%
2026-10-01 08:03:05.664|DEBUG|ArtifactScraper|Parsing artifact substat: energyrecharge+2.7%
2026-10-01 08:03:05.726|DEBUG|ArtifactScraper|Parsing artifact substat: hp+129
2026-10-01 08:03:05.726|DEBUG|ArtifactScraper|Parsing artifact substat: def+9
2026-10-01 08:03:06.025|DEBUG|ArtifactScraper|Parsing artifact substat: def+11
2026-10-01 08:03:06.162|DEBUG|ArtifactScraper|Parsing artifact substat: critrate+2.3%
2026-10-01 08:03:06.374|DEBUG|ArtifactScraper|Parsing artifact substat: hp+129
2026-10-01 08:03:06.558|DEBUG|ArtifactScraper|Parsing artifact substat: critdmg+4.2%
2026-10-01 08:03:06.800|DEBUG|ArtifactScraper|Parsing artifact substat: def+8
2026-10-01 08:03:06.920|DEBUG|ArtifactScraper|Parsing artifact substat: def+3.9%
2026-10-01 08:03:07.270|DEBUG|ArtifactScraper|Parsing artifact substat: def+3.1%
2026-10-01 08:03:07.270|DEBUG|ArtifactScraper|Parsing artifact substat: atk+3.2%
2026-10-01 08:03:07.305|DEBUG|ArtifactScraper|Parsing artifact substat: hp+3.2%
2026-10-01 08:03:07.429|DEBUG|ArtifactScraper|Parsing artifact substat: def+3.9%
2026-10-01 08:03:07.681|DEBUG|ArtifactScraper|Parsing artifact substat: critdmg+3.3%
2026-10-01 08:03:07.812|DEBUG|ArtifactScraper|Parsing artifact substat: def+11
2026-10-01 08:03:07.812|DEBUG|ArtifactScraper|Parsing artifact substat: critrate+2.1%
2026-10-01 08:03:07.967|DEBUG|ArtifactScraper|Parsing artifact substat: elementalmastery+11
2026-10-01 08:03:07.967|DEBUG|ArtifactScraper|Parsing artifact substat: critrate+2.1%
2026-10-01 08:03:08.204|DEBUG|ArtifactScraper|Parsing artifact substat: critrate+2.1%
2026-10-01 08:03:08.304|DEBUG|ArtifactScraper|Parsing artifact substat: atk+2.8%
2026-10-01 08:03:08.304|DEBUG|ArtifactScraper|Parsing artifact substat: def+8
2026-10-01 08:03:08.593|DEBUG|ArtifactScraper|Parsing artifact substat: def+8
2026-10-01 08:03:08.593|DEBUG|ArtifactScraper|Parsing artifact substat: elementalmastery+13
2026-10-01 08:03:08.743|DEBUG|ArtifactScraper|Parsing artifact substat: critrate+2.3%
2026-10-01 08:03:08.931|DEBUG|ArtifactScraper|Parsing artifact substat: hp+3.2%
2026-10-01 08:03:09.027|DEBUG|ArtifactScraper|Parsing artifact substat: def+4.4%
2026-10-01 08:03:09.328|DEBUG|ArtifactScraper|Parsing artifact substat: atk+8
2026-10-01 08:03:09.406|DEBUG|ArtifactScraper|Parsing artifact substat: hp+2.5%
2026-10-01 08:03:09.522|INFO|ArtifactScraper|Stopping artifact scan based on scans queued (1978 of 1978)
2026-10-01 08:03:11.545|INFO|InventoryKamera|Done scanning artifacts
2026-10-01 08:03:11.545|INFO|InventoryKamera|Scanning characters...
2026-10-01 08:03:11.594|DEBUG|InventoryKamera|Thread 11 exit
2026-10-01 08:03:11.624|DEBUG|InventoryKamera|Thread 3 exit
2026-10-01 08:03:11.686|DEBUG|InventoryKamera|Thread 5 exit
2026-10-01 08:03:15.753|DEBUG|CharacterScraper|Scanned character name as Mavuika with element Pyro
2026-10-01 08:03:15.792|DEBUG|CharacterScraper|Scanned character level as Level 90 / 90
2026-10-01 08:03:15.792|DEBUG|CharacterScraper|Filtered scanned text to 90/90
2026-10-01 08:03:15.801|DEBUG|CharacterScraper|Parsed character level as 90
2026-10-01 08:03:15.801|INFO|CharacterScraper|Mavuika Level: 90
2026-10-01 08:03:15.801|INFO|CharacterScraper|Mavuika Ascended: False
2026-10-01 08:03:17.367|INFO|CharacterScraper|Mavuika Constellation: 0
2026-10-01 08:03:19.782|INFO|CharacterScraper|Mavuika Talents: {auto=10, skill=10, burst=10}
2026-10-01 08:03:20.044|INFO|CharacterScraper|Scanned Mavuika successfully
2026-10-01 08:03:21.595|DEBUG|CharacterScraper|Scanned character name as Lauma with element Dendro
2026-10-01 08:03:21.644|DEBUG|CharacterScraper|Scanned character level as Level 90 / 90
2026-10-01 08:03:21.644|DEBUG|CharacterScraper|Filtered scanned text to 90/90
2026-10-01 08:03:21.644|DEBUG|CharacterScraper|Parsed character level as 90
2026-10-01 08:03:21.644|INFO|CharacterScraper|Lauma Level: 90
2026-10-01 08:03:21.644|INFO|CharacterScraper|Lauma Ascended: False
2026-10-01 08:03:23.345|INFO|CharacterScraper|Lauma Constellation: 0
2026-10-01 08:03:25.934|INFO|CharacterScraper|Lauma Talents: {auto=10, skill=10, burst=10}
2026-10-01 08:03:26.199|INFO|CharacterScraper|Scanned Lauma successfully
2026-10-01 08:03:27.767|DEBUG|CharacterScraper|Scanned character name as KukiShinobu with element Electro
2026-10-01 08:03:27.828|DEBUG|CharacterScraper|Scanned character level as Level 90 / 90)
2026-10-01 08:03:27.828|DEBUG|CharacterScraper|Filtered scanned text to 90/90
2026-10-01 08:03:27.833|DEBUG|CharacterScraper|Parsed character level as 90
2026-10-01 08:03:27.833|INFO|CharacterScraper|KukiShinobu Level: 90
2026-10-01 08:03:27.833|INFO|CharacterScraper|KukiShinobu Ascended: False
2026-10-01 08:03:31.918|INFO|CharacterScraper|KukiShinobu Constellation: 6
2026-10-01 08:03:34.345|INFO|CharacterScraper|KukiShinobu Talents: {auto=10, skill=13, burst=13}
2026-10-01 08:03:34.611|INFO|CharacterScraper|Scanned KukiShinobu successfully
2026-10-01 08:03:36.140|DEBUG|CharacterScraper|Scanned character name as Furina with element Hydro
2026-10-01 08:03:36.167|DEBUG|CharacterScraper|Scanned character level as Level 90 / 90
2026-10-01 08:03:36.167|DEBUG|CharacterScraper|Filtered scanned text to 90/90
2026-10-01 08:03:36.167|DEBUG|CharacterScraper|Parsed character level as 90
2026-10-01 08:03:36.167|INFO|CharacterScraper|Furina Level: 90
2026-10-01 08:03:36.167|INFO|CharacterScraper|Furina Ascended: False
2026-10-01 08:03:37.738|INFO|CharacterScraper|Furina Constellation: 0
2026-10-01 08:03:40.128|INFO|CharacterScraper|Furina Talents: {auto=10, skill=10, burst=10}
2026-10-01 08:03:40.385|INFO|CharacterScraper|Scanned Furina successfully
2026-10-01 08:03:41.889|DEBUG|CharacterScraper|Scanned character name as Alhaitham with element Dendro
2026-10-01 08:03:41.933|DEBUG|CharacterScraper|Scanned character level as ' Level 90 / 9()
2026-10-01 08:03:41.933|DEBUG|CharacterScraper|Filtered scanned text to 90/9
2026-10-01 08:03:41.933|DEBUG|CharacterScraper|Parsed character level as 90
2026-10-01 08:03:41.933|INFO|CharacterScraper|Alhaitham Level: 90
2026-10-01 08:03:41.933|INFO|CharacterScraper|Alhaitham Ascended: False
2026-10-01 08:03:43.949|INFO|CharacterScraper|Alhaitham Constellation: 1
2026-10-01 08:03:46.338|INFO|CharacterScraper|Alhaitham Talents: {auto=10, skill=10, burst=10}
2026-10-01 08:03:46.594|INFO|CharacterScraper|Scanned Alhaitham successfully
2026-10-01 08:03:48.097|DEBUG|CharacterScraper|Scanned character name as Xingqiu with element Hydro
2026-10-01 08:03:48.136|DEBUG|CharacterScraper|Scanned character level as Level 90 / 90
2026-10-01 08:03:48.136|DEBUG|CharacterScraper|Filtered scanned text to 90/90
2026-10-01 08:03:48.136|DEBUG|CharacterScraper|Parsed character level as 90
2026-10-01 08:03:48.136|INFO|CharacterScraper|Xingqiu Level: 90
2026-10-01 08:03:48.136|INFO|CharacterScraper|Xingqiu Ascended: False
2026-10-01 08:03:52.161|INFO|CharacterScraper|Xingqiu Constellation: 6
2026-10-01 08:03:54.596|INFO|CharacterScraper|Xingqiu Talents: {auto=10, skill=13, burst=13}
2026-10-01 08:03:54.849|INFO|CharacterScraper|Scanned Xingqiu successfully
2026-10-01 08:03:56.402|DEBUG|CharacterScraper|Scanned character name as Sucrose with element Anemo
2026-10-01 08:03:56.440|DEBUG|CharacterScraper|Scanned character level as Level 90 / 90)
2026-10-01 08:03:56.440|DEBUG|CharacterScraper|Filtered scanned text to 90/90
2026-10-01 08:03:56.445|DEBUG|CharacterScraper|Parsed character level as 90
2026-10-01 08:03:56.445|INFO|CharacterScraper|Sucrose Level: 90
2026-10-01 08:03:56.445|INFO|CharacterScraper|Sucrose Ascended: False
2026-10-01 08:04:00.605|INFO|CharacterScraper|Sucrose Constellation: 6
2026-10-01 08:04:03.093|INFO|CharacterScraper|Sucrose Talents: {auto=8, skill=10, burst=11}
2026-10-01 08:04:03.355|INFO|CharacterScraper|Scanned Sucrose successfully
2026-10-01 08:04:04.901|DEBUG|CharacterScraper|Scanned character name as YumemizukiMizuki with element Anemo
2026-10-01 08:04:04.950|DEBUG|CharacterScraper|Scanned character level as - Level 84 / 90 ,:
2026-10-01 08:04:04.950|DEBUG|CharacterScraper|Filtered scanned text to 84/90
2026-10-01 08:04:04.950|DEBUG|CharacterScraper|Parsed character level as 84
2026-10-01 08:04:04.950|INFO|CharacterScraper|YumemizukiMizuki Level: 84
2026-10-01 08:04:04.950|INFO|CharacterScraper|YumemizukiMizuki Ascended: True
2026-10-01 08:04:07.553|INFO|CharacterScraper|YumemizukiMizuki Constellation: 2
2026-10-01 08:04:09.963|INFO|CharacterScraper|YumemizukiMizuki Talents: {auto=6, skill=8, burst=8}
2026-10-01 08:04:10.224|INFO|CharacterScraper|Scanned YumemizukiMizuki successfully
2026-10-01 08:04:11.780|DEBUG|CharacterScraper|Scanned character name as Columbina with element Hydro
2026-10-01 08:04:11.826|DEBUG|CharacterScraper|Scanned character level as Level 80 / 80
2026-10-01 08:04:11.826|DEBUG|CharacterScraper|Filtered scanned text to 80/80
2026-10-01 08:04:11.832|DEBUG|CharacterScraper|Parsed character level as 80
2026-10-01 08:04:11.832|INFO|CharacterScraper|Columbina Level: 80
2026-10-01 08:04:11.832|INFO|CharacterScraper|Columbina Ascended: False
2026-10-01 08:04:13.387|INFO|CharacterScraper|Columbina Constellation: 0
2026-10-01 08:04:15.822|INFO|CharacterScraper|Columbina Talents: {auto=6, skill=6, burst=6}
2026-10-01 08:04:16.078|INFO|CharacterScraper|Scanned Columbina successfully
2026-10-01 08:04:17.607|DEBUG|CharacterScraper|Scanned character name as Zhongli with element Geo
2026-10-01 08:04:17.644|DEBUG|CharacterScraper|Scanned character level as Level 90 / 90
2026-10-01 08:04:17.644|DEBUG|CharacterScraper|Filtered scanned text to 90/90
2026-10-01 08:04:17.644|DEBUG|CharacterScraper|Parsed character level as 90
2026-10-01 08:04:17.644|INFO|CharacterScraper|Zhongli Level: 90
2026-10-01 08:04:17.644|INFO|CharacterScraper|Zhongli Ascended: False
2026-10-01 08:04:19.204|INFO|CharacterScraper|Zhongli Constellation: 0
2026-10-01 08:04:21.612|INFO|CharacterScraper|Zhongli Talents: {auto=8, skill=10, burst=10}
2026-10-01 08:04:21.877|INFO|CharacterScraper|Scanned Zhongli successfully
2026-10-01 08:04:23.415|DEBUG|CharacterScraper|Scanned character name as Xiao with element Anemo
2026-10-01 08:04:23.474|DEBUG|CharacterScraper|Scanned character level as Level 90 / 90
2026-10-01 08:04:23.474|DEBUG|CharacterScraper|Filtered scanned text to 90/90
2026-10-01 08:04:23.474|DEBUG|CharacterScraper|Parsed character level as 90
2026-10-01 08:04:23.474|INFO|CharacterScraper|Xiao Level: 90
2026-10-01 08:04:23.474|INFO|CharacterScraper|Xiao Ascended: False
2026-10-01 08:04:25.586|INFO|CharacterScraper|Xiao Constellation: 1
2026-10-01 08:04:28.021|INFO|CharacterScraper|Xiao Talents: {auto=10, skill=9, burst=10}
2026-10-01 08:04:28.274|INFO|CharacterScraper|Scanned Xiao successfully
2026-10-01 08:04:29.834|DEBUG|CharacterScraper|Scanned character name as Odette with element Cryo
2026-10-01 08:04:29.899|DEBUG|CharacterScraper|Scanned character level as Level 90 / 90)
2026-10-01 08:04:29.899|DEBUG|CharacterScraper|Filtered scanned text to 90/90
2026-10-01 08:04:29.899|DEBUG|CharacterScraper|Parsed character level as 90
2026-10-01 08:04:29.899|INFO|CharacterScraper|Odette Level: 90
2026-10-01 08:04:29.899|INFO|CharacterScraper|Odette Ascended: False
2026-10-01 08:04:31.520|INFO|CharacterScraper|Odette Constellation: 0
2026-10-01 08:04:33.957|INFO|CharacterScraper|Odette Talents: {auto=6, skill=9, burst=8}
2026-10-01 08:04:34.223|INFO|CharacterScraper|Scanned Odette successfully
2026-10-01 08:04:35.756|DEBUG|CharacterScraper|Scanned character name as Sandrone with element Cryo
2026-10-01 08:04:35.802|DEBUG|CharacterScraper|Scanned character level as Level 90 / 90)
2026-10-01 08:04:35.802|DEBUG|CharacterScraper|Filtered scanned text to 90/90
2026-10-01 08:04:35.802|DEBUG|CharacterScraper|Parsed character level as 90
2026-10-01 08:04:35.802|INFO|CharacterScraper|Sandrone Level: 90
2026-10-01 08:04:35.802|INFO|CharacterScraper|Sandrone Ascended: False
2026-10-01 08:04:37.457|INFO|CharacterScraper|Sandrone Constellation: 0
2026-10-01 08:04:40.034|INFO|CharacterScraper|Sandrone Talents: {auto=10, skill=7, burst=8}
2026-10-01 08:04:40.288|INFO|CharacterScraper|Scanned Sandrone successfully
2026-10-01 08:04:41.817|DEBUG|CharacterScraper|Could not parse character name/element (Atempt 1/75). Retrying...
2026-10-01 08:04:42.000|DEBUG|CharacterScraper|Could not parse character name/element (Atempt 2/75). Retrying...
2026-10-01 08:04:42.178|DEBUG|GenshinProcesor|Most similar string found for skirkj as skirk (83,3333333333333%)
2026-10-01 08:04:42.178|DEBUG|CharacterScraper|Scanned character name as Skirk with element Cryo
2026-10-01 08:04:42.224|DEBUG|CharacterScraper|Scanned character level as Level 90 / 90)
2026-10-01 08:04:42.224|DEBUG|CharacterScraper|Filtered scanned text to 90/90
2026-10-01 08:04:42.224|DEBUG|CharacterScraper|Parsed character level as 90
2026-10-01 08:04:42.224|INFO|CharacterScraper|Skirk Level: 90
2026-10-01 08:04:42.224|INFO|CharacterScraper|Skirk Ascended: False
2026-10-01 08:04:43.753|INFO|CharacterScraper|Skirk Constellation: 0
2026-10-01 08:04:46.144|INFO|CharacterScraper|Skirk Talents: {auto=10, skill=10, burst=10}
2026-10-01 08:04:46.406|INFO|CharacterScraper|Scanned Skirk successfully
2026-10-01 08:04:47.940|DEBUG|GenshinProcesor|Most similar string found for wrfothesley as wriothesley (90,9090909090909%)
2026-10-01 08:04:47.940|DEBUG|CharacterScraper|Scanned character name as Wriothesley with element Cryo
2026-10-01 08:04:47.984|DEBUG|CharacterScraper|Scanned character level as ° Level 90 / 91)
2026-10-01 08:04:47.984|DEBUG|CharacterScraper|Filtered scanned text to 90/91
2026-10-01 08:04:47.989|DEBUG|CharacterScraper|Parsed character level as 90
2026-10-01 08:04:47.989|INFO|CharacterScraper|Wriothesley Level: 90
2026-10-01 08:04:47.989|INFO|CharacterScraper|Wriothesley Ascended: False
2026-10-01 08:04:49.537|INFO|CharacterScraper|Wriothesley Constellation: 0
2026-10-01 08:04:51.927|INFO|CharacterScraper|Wriothesley Talents: {auto=10, skill=10, burst=10}
2026-10-01 08:04:52.191|INFO|CharacterScraper|Scanned Wriothesley successfully
2026-10-01 08:04:53.708|DEBUG|CharacterScraper|Could not parse character name/element (Atempt 1/75). Retrying...
2026-10-01 08:04:53.889|DEBUG|CharacterScraper|Scanned character name as Traveler with element Cryo
2026-10-01 08:04:53.930|DEBUG|CharacterScraper|Scanned character level as _Tevel 90 / 90
2026-10-01 08:04:53.930|DEBUG|CharacterScraper|Filtered scanned text to 90/90
2026-10-01 08:04:53.930|DEBUG|CharacterScraper|Parsed character level as 90
2026-10-01 08:04:53.930|INFO|CharacterScraper|TravelerCryo Level: 90
2026-10-01 08:04:53.930|INFO|CharacterScraper|TravelerCryo Ascended: False
2026-10-01 08:04:57.466|INFO|CharacterScraper|TravelerCryo Constellation: 4
2026-10-01 08:04:59.868|INFO|CharacterScraper|TravelerCryo Talents: {auto=7, skill=6, burst=11}
2026-10-01 08:05:00.120|INFO|CharacterScraper|Scanned TravelerCryo successfully
2026-10-01 08:05:01.658|DEBUG|CharacterScraper|Scanned character name as KamisatoAyaka with element Cryo
2026-10-01 08:05:01.691|DEBUG|CharacterScraper|Scanned character level as Level 90 / 90
2026-10-01 08:05:01.691|DEBUG|CharacterScraper|Filtered scanned text to 90/90
2026-10-01 08:05:01.695|DEBUG|CharacterScraper|Parsed character level as 90
2026-10-01 08:05:01.695|INFO|CharacterScraper|KamisatoAyaka Level: 90
2026-10-01 08:05:01.695|INFO|CharacterScraper|KamisatoAyaka Ascended: False
2026-10-01 08:05:03.782|INFO|CharacterScraper|KamisatoAyaka Constellation: 1
2026-10-01 08:05:06.169|INFO|CharacterScraper|KamisatoAyaka Talents: {auto=4, skill=5, burst=4}
2026-10-01 08:05:06.422|INFO|CharacterScraper|Scanned KamisatoAyaka successfully
2026-10-01 08:05:07.958|DEBUG|CharacterScraper|Scanned character name as RaidenShogun with element Electro
2026-10-01 08:05:07.994|DEBUG|CharacterScraper|Scanned character level as Level 90 / 90
2026-10-01 08:05:07.994|DEBUG|CharacterScraper|Filtered scanned text to 90/90
2026-10-01 08:05:07.994|DEBUG|CharacterScraper|Parsed character level as 90
2026-10-01 08:05:07.994|INFO|CharacterScraper|RaidenShogun Level: 90
2026-10-01 08:05:07.994|INFO|CharacterScraper|RaidenShogun Ascended: False
2026-10-01 08:05:09.550|INFO|CharacterScraper|RaidenShogun Constellation: 0
2026-10-01 08:05:11.945|INFO|CharacterScraper|RaidenShogun Talents: {auto=10, skill=10, burst=10}
2026-10-01 08:05:12.211|INFO|CharacterScraper|Scanned RaidenShogun successfully
2026-10-01 08:05:13.709|DEBUG|CharacterScraper|Scanned character name as Nefer with element Dendro
2026-10-01 08:05:13.735|DEBUG|CharacterScraper|Scanned character level as Level 90 / 90
2026-10-01 08:05:13.735|DEBUG|CharacterScraper|Filtered scanned text to 90/90
2026-10-01 08:05:13.740|DEBUG|CharacterScraper|Parsed character level as 90
2026-10-01 08:05:13.740|INFO|CharacterScraper|Nefer Level: 90
2026-10-01 08:05:13.740|INFO|CharacterScraper|Nefer Ascended: False
2026-10-01 08:05:15.269|INFO|CharacterScraper|Nefer Constellation: 0
2026-10-01 08:05:17.684|INFO|CharacterScraper|Nefer Talents: {auto=6, skill=10, burst=9}
2026-10-01 08:05:17.946|INFO|CharacterScraper|Scanned Nefer successfully
2026-10-01 08:05:19.467|DEBUG|CharacterScraper|Scanned character name as Nahida with element Dendro
2026-10-01 08:05:19.504|DEBUG|CharacterScraper|Scanned character level as Level 90 / 90
2026-10-01 08:05:19.504|DEBUG|CharacterScraper|Filtered scanned text to 90/90
2026-10-01 08:05:19.504|DEBUG|CharacterScraper|Parsed character level as 90
2026-10-01 08:05:19.504|INFO|CharacterScraper|Nahida Level: 90
2026-10-01 08:05:19.504|INFO|CharacterScraper|Nahida Ascended: False
2026-10-01 08:05:21.087|INFO|CharacterScraper|Nahida Constellation: 0
2026-10-01 08:05:23.505|INFO|CharacterScraper|Nahida Talents: {auto=10, skill=10, burst=10}
2026-10-01 08:05:23.766|INFO|CharacterScraper|Scanned Nahida successfully
2026-10-01 08:05:25.299|DEBUG|CharacterScraper|Scanned character name as Neuvillette with element Hydro
2026-10-01 08:05:25.344|DEBUG|CharacterScraper|Scanned character level as Level 90 / 90
2026-10-01 08:05:25.344|DEBUG|CharacterScraper|Filtered scanned text to 90/90
2026-10-01 08:05:25.350|DEBUG|CharacterScraper|Parsed character level as 90
2026-10-01 08:05:25.350|INFO|CharacterScraper|Neuvillette Level: 90
2026-10-01 08:05:25.350|INFO|CharacterScraper|Neuvillette Ascended: False
2026-10-01 08:05:26.936|INFO|CharacterScraper|Neuvillette Constellation: 0
2026-10-01 08:05:29.367|INFO|CharacterScraper|Neuvillette Talents: {auto=10, skill=10, burst=10}
2026-10-01 08:05:29.623|INFO|CharacterScraper|Scanned Neuvillette successfully
2026-10-01 08:05:31.141|DEBUG|CharacterScraper|Scanned character name as Yelan with element Hydro
2026-10-01 08:05:31.180|DEBUG|CharacterScraper|Scanned character level as . Level 90 / 90
2026-10-01 08:05:31.180|DEBUG|CharacterScraper|Filtered scanned text to 90/90
2026-10-01 08:05:31.180|DEBUG|CharacterScraper|Parsed character level as 90
2026-10-01 08:05:31.180|INFO|CharacterScraper|Yelan Level: 90
2026-10-01 08:05:31.180|INFO|CharacterScraper|Yelan Ascended: False
2026-10-01 08:05:32.754|INFO|CharacterScraper|Yelan Constellation: 0
2026-10-01 08:05:35.118|INFO|CharacterScraper|Yelan Talents: {auto=6, skill=9, burst=10}
2026-10-01 08:05:35.380|INFO|CharacterScraper|Scanned Yelan successfully
2026-10-01 08:05:36.910|DEBUG|CharacterScraper|Scanned character name as Durin with element Pyro
2026-10-01 08:05:36.938|DEBUG|CharacterScraper|Scanned character level as Level 90 / 90
2026-10-01 08:05:36.938|DEBUG|CharacterScraper|Filtered scanned text to 90/90
2026-10-01 08:05:36.938|DEBUG|CharacterScraper|Parsed character level as 90
2026-10-01 08:05:36.938|INFO|CharacterScraper|Durin Level: 90
2026-10-01 08:05:36.938|INFO|CharacterScraper|Durin Ascended: False
2026-10-01 08:05:38.488|INFO|CharacterScraper|Durin Constellation: 0
2026-10-01 08:05:40.905|INFO|CharacterScraper|Durin Talents: {auto=6, skill=8, burst=10}
2026-10-01 08:05:41.162|INFO|CharacterScraper|Scanned Durin successfully
2026-10-01 08:05:42.661|DEBUG|CharacterScraper|Scanned character name as Dehya with element Pyro
2026-10-01 08:05:42.693|DEBUG|CharacterScraper|Scanned character level as Lével 90 /90 |
2026-10-01 08:05:42.693|DEBUG|CharacterScraper|Filtered scanned text to 90/90
2026-10-01 08:05:42.693|DEBUG|CharacterScraper|Parsed character level as 90
2026-10-01 08:05:42.693|INFO|CharacterScraper|Dehya Level: 90
2026-10-01 08:05:42.693|INFO|CharacterScraper|Dehya Ascended: False
2026-10-01 08:05:45.136|INFO|CharacterScraper|Dehya Constellation: 2
2026-10-01 08:05:47.509|INFO|CharacterScraper|Dehya Talents: {auto=6, skill=8, burst=8}
2026-10-01 08:05:47.765|INFO|CharacterScraper|Scanned Dehya successfully
2026-10-01 08:05:49.286|DEBUG|CharacterScraper|Scanned character name as Yoimiya with element Pyro
2026-10-01 08:05:49.325|DEBUG|CharacterScraper|Scanned character level as Level 90 / 90
2026-10-01 08:05:49.325|DEBUG|CharacterScraper|Filtered scanned text to 90/90
2026-10-01 08:05:49.325|DEBUG|CharacterScraper|Parsed character level as 90
2026-10-01 08:05:49.325|INFO|CharacterScraper|Yoimiya Level: 90
2026-10-01 08:05:49.325|INFO|CharacterScraper|Yoimiya Ascended: False
2026-10-01 08:05:51.370|INFO|CharacterScraper|Yoimiya Constellation: 1
2026-10-01 08:05:53.760|INFO|CharacterScraper|Yoimiya Talents: {auto=6, skill=9, burst=8}
2026-10-01 08:05:54.024|INFO|CharacterScraper|Scanned Yoimiya successfully
2026-10-01 08:05:55.540|DEBUG|CharacterScraper|Scanned character name as Noelle with element Geo
2026-10-01 08:05:55.580|DEBUG|CharacterScraper|Scanned character level as Level 90 / 90
2026-10-01 08:05:55.580|DEBUG|CharacterScraper|Filtered scanned text to 90/90
2026-10-01 08:05:55.585|DEBUG|CharacterScraper|Parsed character level as 90
2026-10-01 08:05:55.585|INFO|CharacterScraper|Noelle Level: 90
2026-10-01 08:05:55.585|INFO|CharacterScraper|Noelle Ascended: False
2026-10-01 08:05:59.598|INFO|CharacterScraper|Noelle Constellation: 5
2026-10-01 08:06:01.965|INFO|CharacterScraper|Noelle Talents: {auto=6, skill=10, burst=11}
2026-10-01 08:06:02.231|INFO|CharacterScraper|Scanned Noelle successfully
2026-10-01 08:06:03.742|DEBUG|CharacterScraper|Scanned character name as Kaeya with element Cryo
2026-10-01 08:06:03.774|DEBUG|CharacterScraper|Scanned character level as Level 90 / 90
2026-10-01 08:06:03.774|DEBUG|CharacterScraper|Filtered scanned text to 90/90
2026-10-01 08:06:03.774|DEBUG|CharacterScraper|Parsed character level as 90
2026-10-01 08:06:03.774|INFO|CharacterScraper|Kaeya Level: 90
2026-10-01 08:06:03.774|INFO|CharacterScraper|Kaeya Ascended: False
2026-10-01 08:06:07.128|INFO|CharacterScraper|Kaeya Constellation: 4
2026-10-01 08:06:09.532|INFO|CharacterScraper|Kaeya Talents: {auto=5, skill=9, burst=9}
2026-10-01 08:06:09.794|INFO|CharacterScraper|Scanned Kaeya successfully
2026-10-01 08:06:11.288|DEBUG|CharacterScraper|Scanned character name as Fischl with element Electro
2026-10-01 08:06:11.316|DEBUG|CharacterScraper|Scanned character level as Level 90 / 90
2026-10-01 08:06:11.316|DEBUG|CharacterScraper|Filtered scanned text to 90/90
2026-10-01 08:06:11.321|DEBUG|CharacterScraper|Parsed character level as 90
2026-10-01 08:06:11.321|INFO|CharacterScraper|Fischl Level: 90
2026-10-01 08:06:11.321|INFO|CharacterScraper|Fischl Ascended: False
2026-10-01 08:06:14.243|INFO|CharacterScraper|Fischl Constellation: 3
2026-10-01 08:06:16.618|INFO|CharacterScraper|Fischl Talents: {auto=8, skill=12, burst=8}
2026-10-01 08:06:16.874|INFO|CharacterScraper|Scanned Fischl successfully
2026-10-01 08:06:18.376|DEBUG|CharacterScraper|Could not parse character name/element (Atempt 1/75). Retrying...
2026-10-01 08:06:18.568|DEBUG|CharacterScraper|Could not parse character name/element (Atempt 2/75). Retrying...
2026-10-01 08:06:18.765|DEBUG|CharacterScraper|Could not parse character name/element (Atempt 3/75). Retrying...
2026-10-01 08:06:18.940|DEBUG|CharacterScraper|Scanned character name as Bennett with element Pyro
2026-10-01 08:06:18.981|DEBUG|CharacterScraper|Scanned character level as Level 90 / 90
2026-10-01 08:06:18.981|DEBUG|CharacterScraper|Filtered scanned text to 90/90
2026-10-01 08:06:18.981|DEBUG|CharacterScraper|Parsed character level as 90
2026-10-01 08:06:18.981|INFO|CharacterScraper|Bennett Level: 90
2026-10-01 08:06:18.981|INFO|CharacterScraper|Bennett Ascended: False
2026-10-01 08:06:23.102|INFO|CharacterScraper|Bennett Constellation: 6
2026-10-01 08:06:25.503|INFO|CharacterScraper|Bennett Talents: {auto=8, skill=12, burst=13}
2026-10-01 08:06:25.764|INFO|CharacterScraper|Scanned Bennett successfully
2026-10-01 08:06:27.294|DEBUG|CharacterScraper|Scanned character name as Zibai with element Geo
2026-10-01 08:06:27.333|DEBUG|CharacterScraper|Scanned character level as Level 80 / 80
2026-10-01 08:06:27.333|DEBUG|CharacterScraper|Filtered scanned text to 80/80
2026-10-01 08:06:27.337|DEBUG|CharacterScraper|Parsed character level as 80
2026-10-01 08:06:27.337|INFO|CharacterScraper|Zibai Level: 80
2026-10-01 08:06:27.337|INFO|CharacterScraper|Zibai Ascended: False
2026-10-01 08:06:28.919|INFO|CharacterScraper|Zibai Constellation: 0
2026-10-01 08:06:31.379|INFO|CharacterScraper|Zibai Talents: {auto=6, skill=8, burst=6}
2026-10-01 08:06:31.631|INFO|CharacterScraper|Scanned Zibai successfully
2026-10-01 08:06:33.176|DEBUG|CharacterScraper|Could not parse character name/element (Atempt 1/75). Retrying...
2026-10-01 08:06:33.372|DEBUG|CharacterScraper|Scanned character name as Jean with element Anemo
2026-10-01 08:06:33.414|DEBUG|CharacterScraper|Scanned character level as Level 80 / 80
2026-10-01 08:06:33.414|DEBUG|CharacterScraper|Filtered scanned text to 80/80
2026-10-01 08:06:33.414|DEBUG|CharacterScraper|Parsed character level as 80
2026-10-01 08:06:33.414|INFO|CharacterScraper|Jean Level: 80
2026-10-01 08:06:33.414|INFO|CharacterScraper|Jean Ascended: False
2026-10-01 08:06:35.421|INFO|CharacterScraper|Jean Constellation: 1
2026-10-01 08:06:37.794|INFO|CharacterScraper|Jean Talents: {auto=7, skill=8, burst=8}
2026-10-01 08:06:38.056|INFO|CharacterScraper|Scanned Jean successfully
2026-10-01 08:06:39.565|DEBUG|CharacterScraper|Scanned character name as Cyno with element Electro
2026-10-01 08:06:39.606|DEBUG|CharacterScraper|Scanned character level as Level 80 / 80
2026-10-01 08:06:39.606|DEBUG|CharacterScraper|Filtered scanned text to 80/80
2026-10-01 08:06:39.606|DEBUG|CharacterScraper|Parsed character level as 80
2026-10-01 08:06:39.606|INFO|CharacterScraper|Cyno Level: 80
2026-10-01 08:06:39.606|INFO|CharacterScraper|Cyno Ascended: False
2026-10-01 08:06:41.153|INFO|CharacterScraper|Cyno Constellation: 0
2026-10-01 08:06:43.541|INFO|CharacterScraper|Cyno Talents: {auto=6, skill=6, burst=6}
2026-10-01 08:06:43.797|INFO|CharacterScraper|Scanned Cyno successfully
2026-10-01 08:06:45.315|DEBUG|CharacterScraper|Scanned character name as Mualani with element Hydro
2026-10-01 08:06:45.340|DEBUG|CharacterScraper|Scanned character level as Level 80 / 80
2026-10-01 08:06:45.340|DEBUG|CharacterScraper|Filtered scanned text to 80/80
2026-10-01 08:06:45.340|DEBUG|CharacterScraper|Parsed character level as 80
2026-10-01 08:06:45.340|INFO|CharacterScraper|Mualani Level: 80
2026-10-01 08:06:45.340|INFO|CharacterScraper|Mualani Ascended: False
2026-10-01 08:06:46.889|INFO|CharacterScraper|Mualani Constellation: 0
2026-10-01 08:06:49.264|INFO|CharacterScraper|Mualani Talents: {auto=1, skill=1, burst=1}
2026-10-01 08:06:49.530|INFO|CharacterScraper|Scanned Mualani successfully
2026-10-01 08:06:51.078|DEBUG|CharacterScraper|Scanned character name as Arlecchino with element Pyro
2026-10-01 08:06:51.117|DEBUG|CharacterScraper|Scanned character level as Level 80 / 80
2026-10-01 08:06:51.117|DEBUG|CharacterScraper|Filtered scanned text to 80/80
2026-10-01 08:06:51.121|DEBUG|CharacterScraper|Parsed character level as 80
2026-10-01 08:06:51.121|INFO|CharacterScraper|Arlecchino Level: 80
2026-10-01 08:06:51.121|INFO|CharacterScraper|Arlecchino Ascended: False
2026-10-01 08:06:52.708|INFO|CharacterScraper|Arlecchino Constellation: 0
2026-10-01 08:06:55.091|INFO|CharacterScraper|Arlecchino Talents: {auto=6, skill=6, burst=6}
2026-10-01 08:06:55.355|INFO|CharacterScraper|Scanned Arlecchino successfully
2026-10-01 08:06:56.867|DEBUG|CharacterScraper|Scanned character name as Kachina with element Geo
2026-10-01 08:06:56.919|DEBUG|CharacterScraper|Scanned character level as Level 80 / 80
2026-10-01 08:06:56.919|DEBUG|CharacterScraper|Filtered scanned text to 80/80
2026-10-01 08:06:56.919|DEBUG|CharacterScraper|Parsed character level as 80
2026-10-01 08:06:56.919|INFO|CharacterScraper|Kachina Level: 80
2026-10-01 08:06:56.919|INFO|CharacterScraper|Kachina Ascended: False
2026-10-01 08:07:01.085|INFO|CharacterScraper|Kachina Constellation: 6
2026-10-01 08:07:03.489|INFO|CharacterScraper|Kachina Talents: {auto=4, skill=9, burst=8}
2026-10-01 08:07:03.742|INFO|CharacterScraper|Scanned Kachina successfully
2026-10-01 08:07:05.258|DEBUG|CharacterScraper|Scanned character name as Ningguang with element Geo
2026-10-01 08:07:05.291|DEBUG|CharacterScraper|Scanned character level as Level 80 / 80
2026-10-01 08:07:05.291|DEBUG|CharacterScraper|Filtered scanned text to 80/80
2026-10-01 08:07:05.291|DEBUG|CharacterScraper|Parsed character level as 80
2026-10-01 08:07:05.291|INFO|CharacterScraper|Ningguang Level: 80
2026-10-01 08:07:05.291|INFO|CharacterScraper|Ningguang Ascended: False
2026-10-01 08:07:09.414|INFO|CharacterScraper|Ningguang Constellation: 5
2026-10-01 08:07:11.890|INFO|CharacterScraper|Ningguang Talents: {auto=2, skill=5, burst=5}
2026-10-01 08:07:12.145|INFO|CharacterScraper|Scanned Ningguang successfully
2026-10-01 08:07:13.683|DEBUG|CharacterScraper|Scanned character name as Ifa with element Anemo
2026-10-01 08:07:13.736|DEBUG|CharacterScraper|Scanned character level as Level 80 / 80
2026-10-01 08:07:13.736|DEBUG|CharacterScraper|Filtered scanned text to 80/80
2026-10-01 08:07:13.736|DEBUG|CharacterScraper|Parsed character level as 80
2026-10-01 08:07:13.736|INFO|CharacterScraper|Ifa Level: 80
2026-10-01 08:07:13.736|INFO|CharacterScraper|Ifa Ascended: False
2026-10-01 08:07:17.478|INFO|CharacterScraper|Ifa Constellation: 4
2026-10-01 08:07:19.944|INFO|CharacterScraper|Ifa Talents: {auto=1, skill=4, burst=1}
2026-10-01 08:07:20.207|INFO|CharacterScraper|Scanned Ifa successfully
2026-10-01 08:07:21.736|DEBUG|CharacterScraper|Scanned character name as Wanderer with element Anemo
2026-10-01 08:07:21.790|DEBUG|CharacterScraper|Scanned character level as Level 70 / 70)
2026-10-01 08:07:21.790|DEBUG|CharacterScraper|Filtered scanned text to 70/70
2026-10-01 08:07:21.796|DEBUG|CharacterScraper|Parsed character level as 70
2026-10-01 08:07:21.796|INFO|CharacterScraper|Wanderer Level: 70
2026-10-01 08:07:21.796|INFO|CharacterScraper|Wanderer Ascended: False
2026-10-01 08:07:23.426|INFO|CharacterScraper|Wanderer Constellation: 0
2026-10-01 08:07:25.938|INFO|CharacterScraper|Wanderer Talents: {auto=3, skill=5, burst=4}
2026-10-01 08:07:26.190|INFO|CharacterScraper|Scanned Wanderer successfully
2026-10-01 08:07:27.716|DEBUG|CharacterScraper|Scanned character name as Qiqi with element Cryo
2026-10-01 08:07:27.771|DEBUG|CharacterScraper|Scanned character level as Level 70 / 70
2026-10-01 08:07:27.771|DEBUG|CharacterScraper|Filtered scanned text to 70/70
2026-10-01 08:07:27.779|DEBUG|CharacterScraper|Parsed character level as 70
2026-10-01 08:07:27.779|INFO|CharacterScraper|Qiqi Level: 70
2026-10-01 08:07:27.779|INFO|CharacterScraper|Qiqi Ascended: False
2026-10-01 08:07:29.959|INFO|CharacterScraper|Qiqi Constellation: 1
2026-10-01 08:07:32.492|INFO|CharacterScraper|Qiqi Talents: {auto=1, skill=1, burst=1}
2026-10-01 08:07:32.749|INFO|CharacterScraper|Scanned Qiqi successfully
2026-10-01 08:07:34.289|DEBUG|CharacterScraper|Could not parse character name/element (Atempt 1/75). Retrying...
2026-10-01 08:07:34.546|DEBUG|CharacterScraper|Scanned character name as Rosaria with element Cryo
2026-10-01 08:07:34.622|DEBUG|CharacterScraper|Scanned character level as Level 70 / 70
2026-10-01 08:07:34.622|DEBUG|CharacterScraper|Filtered scanned text to 70/70
2026-10-01 08:07:34.622|DEBUG|CharacterScraper|Parsed character level as 70
2026-10-01 08:07:34.622|INFO|CharacterScraper|Rosaria Level: 70
2026-10-01 08:07:34.622|INFO|CharacterScraper|Rosaria Ascended: False
2026-10-01 08:07:38.886|INFO|CharacterScraper|Rosaria Constellation: 6
2026-10-01 08:07:41.374|INFO|CharacterScraper|Rosaria Talents: {auto=1, skill=4, burst=4}
2026-10-01 08:07:41.636|INFO|CharacterScraper|Scanned Rosaria successfully
2026-10-01 08:07:43.177|DEBUG|CharacterScraper|Scanned character name as Diona with element Cryo
2026-10-01 08:07:43.231|DEBUG|CharacterScraper|Scanned character level as Level 70 / 70
2026-10-01 08:07:43.231|DEBUG|CharacterScraper|Filtered scanned text to 70/70
2026-10-01 08:07:43.231|DEBUG|CharacterScraper|Parsed character level as 70
2026-10-01 08:07:43.231|INFO|CharacterScraper|Diona Level: 70
2026-10-01 08:07:43.231|INFO|CharacterScraper|Diona Ascended: False
2026-10-01 08:07:47.528|INFO|CharacterScraper|Diona Constellation: 6
2026-10-01 08:07:49.922|INFO|CharacterScraper|Diona Talents: {auto=1, skill=4, burst=4}
2026-10-01 08:07:50.174|INFO|CharacterScraper|Scanned Diona successfully
2026-10-01 08:07:51.716|DEBUG|CharacterScraper|Scanned character name as Chongyun with element Cryo
2026-10-01 08:07:51.762|DEBUG|CharacterScraper|Scanned character level as - Level 70 / 70)
2026-10-01 08:07:51.762|DEBUG|CharacterScraper|Filtered scanned text to 70/70
2026-10-01 08:07:51.762|DEBUG|CharacterScraper|Parsed character level as 70
2026-10-01 08:07:51.762|INFO|CharacterScraper|Chongyun Level: 70
2026-10-01 08:07:51.762|INFO|CharacterScraper|Chongyun Ascended: False
2026-10-01 08:07:56.189|INFO|CharacterScraper|Chongyun Constellation: 6
2026-10-01 08:07:58.725|INFO|CharacterScraper|Chongyun Talents: {auto=1, skill=4, burst=4}
2026-10-01 08:07:58.986|INFO|CharacterScraper|Scanned Chongyun successfully
2026-10-01 08:08:00.544|DEBUG|CharacterScraper|Scanned character name as Beidou with element Electro
2026-10-01 08:08:00.589|DEBUG|CharacterScraper|Scanned character level as Level 70 / 70
2026-10-01 08:08:00.589|DEBUG|CharacterScraper|Filtered scanned text to 70/70
2026-10-01 08:08:00.598|DEBUG|CharacterScraper|Parsed character level as 70
2026-10-01 08:08:00.598|INFO|CharacterScraper|Beidou Level: 70
2026-10-01 08:08:00.598|INFO|CharacterScraper|Beidou Ascended: False
2026-10-01 08:08:05.048|INFO|CharacterScraper|Beidou Constellation: 6
2026-10-01 08:08:07.456|INFO|CharacterScraper|Beidou Talents: {auto=1, skill=4, burst=4}
2026-10-01 08:08:07.712|INFO|CharacterScraper|Scanned Beidou successfully
2026-10-01 08:08:09.231|DEBUG|CharacterScraper|Scanned character name as Razor with element Electro
2026-10-01 08:08:09.278|DEBUG|CharacterScraper|Scanned character level as Level 70 / 70) -
2026-10-01 08:08:09.278|DEBUG|CharacterScraper|Filtered scanned text to 70/70
2026-10-01 08:08:09.285|DEBUG|CharacterScraper|Parsed character level as 70
2026-10-01 08:08:09.285|INFO|CharacterScraper|Razor Level: 70
2026-10-01 08:08:09.285|INFO|CharacterScraper|Razor Ascended: False
2026-10-01 08:08:11.914|INFO|CharacterScraper|Razor Constellation: 2
2026-10-01 08:08:14.375|INFO|CharacterScraper|Razor Talents: {auto=2, skill=2, burst=2}
2026-10-01 08:08:14.630|INFO|CharacterScraper|Scanned Razor successfully
2026-10-01 08:08:16.161|DEBUG|CharacterScraper|Scanned character name as Lisa with element Electro
2026-10-01 08:08:16.210|DEBUG|CharacterScraper|Scanned character level as Level 70 / 70
2026-10-01 08:08:16.210|DEBUG|CharacterScraper|Filtered scanned text to 70/70
2026-10-01 08:08:16.210|DEBUG|CharacterScraper|Parsed character level as 70
2026-10-01 08:08:16.210|INFO|CharacterScraper|Lisa Level: 70
2026-10-01 08:08:16.210|INFO|CharacterScraper|Lisa Ascended: False
2026-10-01 08:08:17.831|INFO|CharacterScraper|Lisa Constellation: 0
2026-10-01 08:08:20.278|INFO|CharacterScraper|Lisa Talents: {auto=2, skill=3, burst=3}
2026-10-01 08:08:20.536|INFO|CharacterScraper|Scanned Lisa successfully
2026-10-01 08:08:22.071|DEBUG|CharacterScraper|Scanned character name as Xiangling with element Pyro
2026-10-01 08:08:22.125|DEBUG|CharacterScraper|Scanned character level as Level 70 / 70
2026-10-01 08:08:22.125|DEBUG|CharacterScraper|Filtered scanned text to 70/70
2026-10-01 08:08:22.125|DEBUG|CharacterScraper|Parsed character level as 70
2026-10-01 08:08:22.125|INFO|CharacterScraper|Xiangling Level: 70
2026-10-01 08:08:22.125|INFO|CharacterScraper|Xiangling Ascended: False
2026-10-01 08:08:24.863|INFO|CharacterScraper|Xiangling Constellation: 2
2026-10-01 08:08:27.289|INFO|CharacterScraper|Xiangling Talents: {auto=2, skill=3, burst=4}
2026-10-01 08:08:27.553|INFO|CharacterScraper|Scanned Xiangling successfully
2026-10-01 08:08:29.088|DEBUG|CharacterScraper|Scanned character name as Varesa with element Electro
2026-10-01 08:08:29.154|DEBUG|CharacterScraper|Scanned character level as Level 60 / 60
2026-10-01 08:08:29.154|DEBUG|CharacterScraper|Filtered scanned text to 60/60
2026-10-01 08:08:29.158|DEBUG|CharacterScraper|Parsed character level as 60
2026-10-01 08:08:29.158|INFO|CharacterScraper|Varesa Level: 60
2026-10-01 08:08:29.158|INFO|CharacterScraper|Varesa Ascended: False
2026-10-01 08:08:30.849|INFO|CharacterScraper|Varesa Constellation: 0
2026-10-01 08:08:33.368|INFO|CharacterScraper|Varesa Talents: {auto=1, skill=1, burst=1}
2026-10-01 08:08:33.624|INFO|CharacterScraper|Scanned Varesa successfully
2026-10-01 08:08:35.222|DEBUG|CharacterScraper|Scanned character name as Tighnari with element Dendro
2026-10-01 08:08:35.287|DEBUG|CharacterScraper|Scanned character level as Level 60 / 6()
2026-10-01 08:08:35.287|DEBUG|CharacterScraper|Filtered scanned text to 60/6
2026-10-01 08:08:35.287|DEBUG|CharacterScraper|Parsed character level as 60
2026-10-01 08:08:35.287|INFO|CharacterScraper|Tighnari Level: 60
2026-10-01 08:08:35.287|INFO|CharacterScraper|Tighnari Ascended: False
2026-10-01 08:08:37.564|INFO|CharacterScraper|Tighnari Constellation: 1
2026-10-01 08:08:40.065|INFO|CharacterScraper|Tighnari Talents: {auto=2, skill=1, burst=1}
2026-10-01 08:08:40.318|INFO|CharacterScraper|Scanned Tighnari successfully
2026-10-01 08:08:41.887|DEBUG|CharacterScraper|Scanned character name as Mona with element Hydro
2026-10-01 08:08:41.954|DEBUG|CharacterScraper|Scanned character level as Level 60 / 6(0)_
2026-10-01 08:08:41.954|DEBUG|CharacterScraper|Filtered scanned text to 60/60
2026-10-01 08:08:41.954|DEBUG|CharacterScraper|Parsed character level as 60
2026-10-01 08:08:41.954|INFO|CharacterScraper|Mona Level: 60
2026-10-01 08:08:41.954|INFO|CharacterScraper|Mona Ascended: False
2026-10-01 08:08:44.691|INFO|CharacterScraper|Mona Constellation: 2
2026-10-01 08:08:47.082|INFO|CharacterScraper|Mona Talents: {auto=1, skill=1, burst=1}
2026-10-01 08:08:47.347|INFO|CharacterScraper|Scanned Mona successfully
2026-10-01 08:08:48.854|DEBUG|CharacterScraper|Scanned character name as Diluc with element Pyro
2026-10-01 08:08:48.902|DEBUG|CharacterScraper|Scanned character level as - Level 60./ 60
2026-10-01 08:08:48.902|DEBUG|CharacterScraper|Filtered scanned text to 60/60
2026-10-01 08:08:48.906|DEBUG|CharacterScraper|Parsed character level as 60
2026-10-01 08:08:48.906|INFO|CharacterScraper|Diluc Level: 60
2026-10-01 08:08:48.906|INFO|CharacterScraper|Diluc Ascended: False
2026-10-01 08:08:51.539|INFO|CharacterScraper|Diluc Constellation: 2
2026-10-01 08:08:53.915|INFO|CharacterScraper|Diluc Talents: {auto=1, skill=1, burst=1}
2026-10-01 08:08:54.176|INFO|CharacterScraper|Scanned Diluc successfully
2026-10-01 08:08:55.691|DEBUG|CharacterScraper|Scanned character name as Illuga with element Geo
2026-10-01 08:08:55.736|DEBUG|CharacterScraper|Scanned character level as Level 60 / 60)
2026-10-01 08:08:55.736|DEBUG|CharacterScraper|Filtered scanned text to 60/60
2026-10-01 08:08:55.736|DEBUG|CharacterScraper|Parsed character level as 60
2026-10-01 08:08:55.736|INFO|CharacterScraper|Illuga Level: 60
2026-10-01 08:08:55.736|INFO|CharacterScraper|Illuga Ascended: False
2026-10-01 08:08:57.356|INFO|CharacterScraper|Illuga Constellation: 0
2026-10-01 08:08:59.815|INFO|CharacterScraper|Illuga Talents: {auto=2, skill=2, burst=2}
2026-10-01 08:09:00.067|INFO|CharacterScraper|Scanned Illuga successfully
2026-10-01 08:09:01.598|DEBUG|CharacterScraper|Scanned character name as Jahoda with element Anemo
2026-10-01 08:09:01.658|DEBUG|CharacterScraper|Scanned character level as Level 60 / 6()
2026-10-01 08:09:01.658|DEBUG|CharacterScraper|Filtered scanned text to 60/6
2026-10-01 08:09:01.658|DEBUG|CharacterScraper|Parsed character level as 60
2026-10-01 08:09:01.658|INFO|CharacterScraper|Jahoda Level: 60
2026-10-01 08:09:01.658|INFO|CharacterScraper|Jahoda Ascended: False
2026-10-01 08:09:04.308|INFO|CharacterScraper|Jahoda Constellation: 2
2026-10-01 08:09:06.738|INFO|CharacterScraper|Jahoda Talents: {auto=1, skill=1, burst=1}
2026-10-01 08:09:06.994|INFO|CharacterScraper|Scanned Jahoda successfully
2026-10-01 08:09:08.516|DEBUG|CharacterScraper|Scanned character name as LanYan with element Anemo
2026-10-01 08:09:08.558|DEBUG|CharacterScraper|Scanned character level as Level 60 / 60
2026-10-01 08:09:08.558|DEBUG|CharacterScraper|Filtered scanned text to 60/60
2026-10-01 08:09:08.558|DEBUG|CharacterScraper|Parsed character level as 60
2026-10-01 08:09:08.558|INFO|CharacterScraper|LanYan Level: 60
2026-10-01 08:09:08.558|INFO|CharacterScraper|LanYan Ascended: False
2026-10-01 08:09:11.001|INFO|CharacterScraper|LanYan Constellation: 2
2026-10-01 08:09:13.398|INFO|CharacterScraper|LanYan Talents: {auto=1, skill=1, burst=1}
2026-10-01 08:09:13.653|INFO|CharacterScraper|Scanned LanYan successfully
2026-10-01 08:09:15.166|DEBUG|CharacterScraper|Scanned character name as Lynette with element Anemo
2026-10-01 08:09:15.212|DEBUG|CharacterScraper|Scanned character level as Level 60 / 60)
2026-10-01 08:09:15.212|DEBUG|CharacterScraper|Filtered scanned text to 60/60
2026-10-01 08:09:15.212|DEBUG|CharacterScraper|Parsed character level as 60
2026-10-01 08:09:15.212|INFO|CharacterScraper|Lynette Level: 60
2026-10-01 08:09:15.212|INFO|CharacterScraper|Lynette Ascended: False
2026-10-01 08:09:18.997|INFO|CharacterScraper|Lynette Constellation: 6
2026-10-01 08:09:21.397|INFO|CharacterScraper|Lynette Talents: {auto=2, skill=5, burst=5}
2026-10-01 08:09:21.661|INFO|CharacterScraper|Scanned Lynette successfully
2026-10-01 08:09:23.193|DEBUG|CharacterScraper|Scanned character name as Faruzan with element Anemo
2026-10-01 08:09:23.247|DEBUG|CharacterScraper|Scanned character level as Level 60 / 60)
2026-10-01 08:09:23.247|DEBUG|CharacterScraper|Filtered scanned text to 60/60
2026-10-01 08:09:23.251|DEBUG|CharacterScraper|Parsed character level as 60
2026-10-01 08:09:23.251|INFO|CharacterScraper|Faruzan Level: 60
2026-10-01 08:09:23.251|INFO|CharacterScraper|Faruzan Ascended: False
2026-10-01 08:09:27.360|INFO|CharacterScraper|Faruzan Constellation: 6
2026-10-01 08:09:29.778|INFO|CharacterScraper|Faruzan Talents: {auto=1, skill=4, burst=4}
2026-10-01 08:09:30.044|INFO|CharacterScraper|Scanned Faruzan successfully
2026-10-01 08:09:31.544|DEBUG|CharacterScraper|Scanned character name as Layla with element Cryo
2026-10-01 08:09:31.591|DEBUG|CharacterScraper|Scanned character level as Level 60 / 60)
2026-10-01 08:09:31.591|DEBUG|CharacterScraper|Filtered scanned text to 60/60
2026-10-01 08:09:31.591|DEBUG|CharacterScraper|Parsed character level as 60
2026-10-01 08:09:31.591|INFO|CharacterScraper|Layla Level: 60
2026-10-01 08:09:31.596|INFO|CharacterScraper|Layla Ascended: False
2026-10-01 08:09:35.621|INFO|CharacterScraper|Layla Constellation: 5
2026-10-01 08:09:38.019|INFO|CharacterScraper|Layla Talents: {auto=1, skill=4, burst=5}
2026-10-01 08:09:38.275|INFO|CharacterScraper|Scanned Layla successfully
2026-10-01 08:09:39.784|DEBUG|CharacterScraper|Scanned character name as Kaveh with element Dendro
2026-10-01 08:09:39.823|DEBUG|CharacterScraper|Scanned character level as Level 60 / 60)
2026-10-01 08:09:39.823|DEBUG|CharacterScraper|Filtered scanned text to 60/60
2026-10-01 08:09:39.823|DEBUG|CharacterScraper|Parsed character level as 60
2026-10-01 08:09:39.823|INFO|CharacterScraper|Kaveh Level: 60
2026-10-01 08:09:39.823|INFO|CharacterScraper|Kaveh Ascended: False
2026-10-01 08:09:42.717|INFO|CharacterScraper|Kaveh Constellation: 3
2026-10-01 08:09:45.061|INFO|CharacterScraper|Kaveh Talents: {auto=1, skill=1, burst=4}
2026-10-01 08:09:45.313|INFO|CharacterScraper|Scanned Kaveh successfully
2026-10-01 08:09:46.832|DEBUG|CharacterScraper|Could not parse character name/element (Atempt 1/75). Retrying...
2026-10-01 08:09:47.018|DEBUG|CharacterScraper|Scanned character name as Yaoyao with element Dendro
2026-10-01 08:09:47.058|DEBUG|CharacterScraper|Scanned character level as Level 60 / 60)
2026-10-01 08:09:47.058|DEBUG|CharacterScraper|Filtered scanned text to 60/60
2026-10-01 08:09:47.058|DEBUG|CharacterScraper|Parsed character level as 60
2026-10-01 08:09:47.058|INFO|CharacterScraper|Yaoyao Level: 60
2026-10-01 08:09:47.058|INFO|CharacterScraper|Yaoyao Ascended: False
2026-10-01 08:09:50.200|INFO|CharacterScraper|Yaoyao Constellation: 3
2026-10-01 08:09:52.604|INFO|CharacterScraper|Yaoyao Talents: {auto=1, skill=4, burst=1}
2026-10-01 08:09:52.866|INFO|CharacterScraper|Scanned Yaoyao successfully
2026-10-01 08:09:54.373|DEBUG|CharacterScraper|Scanned character name as Collei with element Dendro
2026-10-01 08:09:54.407|DEBUG|CharacterScraper|Scanned character level as Level 60 / 60)
2026-10-01 08:09:54.407|DEBUG|CharacterScraper|Filtered scanned text to 60/60
2026-10-01 08:09:54.410|DEBUG|CharacterScraper|Parsed character level as 60
2026-10-01 08:09:54.410|INFO|CharacterScraper|Collei Level: 60
2026-10-01 08:09:54.410|INFO|CharacterScraper|Collei Ascended: False
2026-10-01 08:09:58.443|INFO|CharacterScraper|Collei Constellation: 6
2026-10-01 08:10:00.851|INFO|CharacterScraper|Collei Talents: {auto=1, skill=4, burst=4}
2026-10-01 08:10:01.109|INFO|CharacterScraper|Scanned Collei successfully
2026-10-01 08:10:02.612|DEBUG|CharacterScraper|Scanned character name as Aino with element Hydro
2026-10-01 08:10:02.655|DEBUG|CharacterScraper|Scanned character level as Level 60 / 60
2026-10-01 08:10:02.655|DEBUG|CharacterScraper|Filtered scanned text to 60/60
2026-10-01 08:10:02.655|DEBUG|CharacterScraper|Parsed character level as 60
2026-10-01 08:10:02.660|INFO|CharacterScraper|Aino Level: 60
2026-10-01 08:10:02.660|INFO|CharacterScraper|Aino Ascended: False
2026-10-01 08:10:06.537|INFO|CharacterScraper|Aino Constellation: 6
2026-10-01 08:10:08.903|INFO|CharacterScraper|Aino Talents: {auto=1, skill=4, burst=4}
2026-10-01 08:10:09.170|INFO|CharacterScraper|Scanned Aino successfully
2026-10-01 08:10:10.669|DEBUG|CharacterScraper|Scanned character name as Candace with element Hydro
2026-10-01 08:10:10.709|DEBUG|CharacterScraper|Scanned character level as Level 60 / 60)
2026-10-01 08:10:10.709|DEBUG|CharacterScraper|Filtered scanned text to 60/60
2026-10-01 08:10:10.709|DEBUG|CharacterScraper|Parsed character level as 60
2026-10-01 08:10:10.709|INFO|CharacterScraper|Candace Level: 60
2026-10-01 08:10:10.709|INFO|CharacterScraper|Candace Ascended: False
2026-10-01 08:10:14.565|INFO|CharacterScraper|Candace Constellation: 6
2026-10-01 08:10:17.042|INFO|CharacterScraper|Candace Talents: {auto=1, skill=4, burst=4}
2026-10-01 08:10:17.300|INFO|CharacterScraper|Scanned Candace successfully
2026-10-01 08:10:18.804|DEBUG|CharacterScraper|Scanned character name as Barbara with element Hydro
2026-10-01 08:10:18.837|DEBUG|CharacterScraper|Scanned character level as Level 60 / 60
2026-10-01 08:10:18.837|DEBUG|CharacterScraper|Filtered scanned text to 60/60
2026-10-01 08:10:18.837|DEBUG|CharacterScraper|Parsed character level as 60
2026-10-01 08:10:18.837|INFO|CharacterScraper|Barbara Level: 60
2026-10-01 08:10:18.837|INFO|CharacterScraper|Barbara Ascended: False
2026-10-01 08:10:22.881|INFO|CharacterScraper|Barbara Constellation: 6
2026-10-01 08:10:25.282|INFO|CharacterScraper|Barbara Talents: {auto=2, skill=5, burst=5}
2026-10-01 08:10:25.547|INFO|CharacterScraper|Scanned Barbara successfully
2026-10-01 08:10:27.065|DEBUG|CharacterScraper|Scanned character name as Gaming with element Pyro
2026-10-01 08:10:27.106|DEBUG|CharacterScraper|Scanned character level as Level 60 / 60)
2026-10-01 08:10:27.106|DEBUG|CharacterScraper|Filtered scanned text to 60/60
2026-10-01 08:10:27.106|DEBUG|CharacterScraper|Parsed character level as 60
2026-10-01 08:10:27.106|INFO|CharacterScraper|Gaming Level: 60
2026-10-01 08:10:27.106|INFO|CharacterScraper|Gaming Ascended: False
2026-10-01 08:10:30.193|INFO|CharacterScraper|Gaming Constellation: 3
2026-10-01 08:10:32.586|INFO|CharacterScraper|Gaming Talents: {auto=1, skill=4, burst=1}
2026-10-01 08:10:32.850|INFO|CharacterScraper|Scanned Gaming successfully
2026-10-01 08:10:34.376|DEBUG|CharacterScraper|Scanned character name as Chevreuse with element Pyro
2026-10-01 08:10:34.418|DEBUG|CharacterScraper|Scanned character level as Level 60 / 60)
2026-10-01 08:10:34.418|DEBUG|CharacterScraper|Filtered scanned text to 60/60
2026-10-01 08:10:34.418|DEBUG|CharacterScraper|Parsed character level as 60
2026-10-01 08:10:34.418|INFO|CharacterScraper|Chevreuse Level: 60
2026-10-01 08:10:34.418|INFO|CharacterScraper|Chevreuse Ascended: False
2026-10-01 08:10:36.408|INFO|CharacterScraper|Chevreuse Constellation: 1
2026-10-01 08:10:38.841|INFO|CharacterScraper|Chevreuse Talents: {auto=1, skill=1, burst=1}
2026-10-01 08:10:39.107|INFO|CharacterScraper|Scanned Chevreuse successfully
2026-10-01 08:10:40.599|DEBUG|CharacterScraper|Scanned character name as Thoma with element Pyro
2026-10-01 08:10:40.627|DEBUG|CharacterScraper|Scanned character level as Level 60 / 60
2026-10-01 08:10:40.627|DEBUG|CharacterScraper|Filtered scanned text to 60/60
2026-10-01 08:10:40.630|DEBUG|CharacterScraper|Parsed character level as 60
2026-10-01 08:10:40.630|INFO|CharacterScraper|Thoma Level: 60
2026-10-01 08:10:40.630|INFO|CharacterScraper|Thoma Ascended: False
2026-10-01 08:10:42.160|INFO|CharacterScraper|Thoma Constellation: 0
2026-10-01 08:10:44.497|INFO|CharacterScraper|Thoma Talents: {auto=1, skill=1, burst=1}
2026-10-01 08:10:44.756|INFO|CharacterScraper|Scanned Thoma successfully
2026-10-01 08:10:46.246|DEBUG|CharacterScraper|Scanned character name as Yanfei with element Pyro
2026-10-01 08:10:46.280|DEBUG|CharacterScraper|Scanned character level as Level 60 / 60
2026-10-01 08:10:46.280|DEBUG|CharacterScraper|Filtered scanned text to 60/60
2026-10-01 08:10:46.280|DEBUG|CharacterScraper|Parsed character level as 60
2026-10-01 08:10:46.280|INFO|CharacterScraper|Yanfei Level: 60
2026-10-01 08:10:46.280|INFO|CharacterScraper|Yanfei Ascended: False
2026-10-01 08:10:49.175|INFO|CharacterScraper|Yanfei Constellation: 3
2026-10-01 08:10:51.554|INFO|CharacterScraper|Yanfei Talents: {auto=4, skill=7, burst=4}
2026-10-01 08:10:51.814|INFO|CharacterScraper|Scanned Yanfei successfully
2026-10-01 08:10:53.343|DEBUG|CharacterScraper|Scanned character name as Xinyan with element Pyro
2026-10-01 08:10:53.382|DEBUG|CharacterScraper|Scanned character level as Level 60 / 6)
2026-10-01 08:10:53.382|DEBUG|CharacterScraper|Filtered scanned text to 60/6
2026-10-01 08:10:53.382|DEBUG|CharacterScraper|Parsed character level as 60
2026-10-01 08:10:53.382|INFO|CharacterScraper|Xinyan Level: 60
2026-10-01 08:10:53.382|INFO|CharacterScraper|Xinyan Ascended: False
2026-10-01 08:10:57.435|INFO|CharacterScraper|Xinyan Constellation: 6
2026-10-01 08:10:59.846|INFO|CharacterScraper|Xinyan Talents: {auto=1, skill=4, burst=4}
2026-10-01 08:11:00.107|INFO|CharacterScraper|Scanned Xinyan successfully
2026-10-01 08:11:01.617|DEBUG|CharacterScraper|Scanned character name as Amber with element Pyro
2026-10-01 08:11:01.661|DEBUG|CharacterScraper|Scanned character level as Level 60 / 60
2026-10-01 08:11:01.661|DEBUG|CharacterScraper|Filtered scanned text to 60/60
2026-10-01 08:11:01.666|DEBUG|CharacterScraper|Parsed character level as 60
2026-10-01 08:11:01.666|INFO|CharacterScraper|Amber Level: 60
2026-10-01 08:11:01.666|INFO|CharacterScraper|Amber Ascended: False
2026-10-01 08:11:04.699|INFO|CharacterScraper|Amber Constellation: 3
2026-10-01 08:11:07.067|INFO|CharacterScraper|Amber Talents: {auto=1, skill=1, burst=4}
2026-10-01 08:11:07.322|INFO|CharacterScraper|Scanned Amber successfully
2026-10-01 08:11:08.836|DEBUG|CharacterScraper|Scanned character name as Alyosha with element Electro
2026-10-01 08:11:08.873|DEBUG|CharacterScraper|Scanned character level as Level 58 / 60)
2026-10-01 08:11:08.873|DEBUG|CharacterScraper|Filtered scanned text to 58/60
2026-10-01 08:11:08.873|DEBUG|CharacterScraper|Parsed character level as 58
2026-10-01 08:11:08.873|INFO|CharacterScraper|Alyosha Level: 58
2026-10-01 08:11:08.873|INFO|CharacterScraper|Alyosha Ascended: True
2026-10-01 08:11:12.709|INFO|CharacterScraper|Alyosha Constellation: 5
2026-10-01 08:11:15.077|INFO|CharacterScraper|Alyosha Talents: {auto=1, skill=4, burst=4}
2026-10-01 08:11:15.341|INFO|CharacterScraper|Scanned Alyosha successfully
2026-10-01 08:11:16.879|DEBUG|CharacterScraper|Could not parse character name/element (Atempt 1/75). Retrying...
2026-10-01 08:11:17.082|DEBUG|CharacterScraper|Could not parse character name/element (Atempt 2/75). Retrying...
2026-10-01 08:11:17.301|DEBUG|GenshinProcesor|Most similar string found for vesnaj as vesna (83,3333333333333%)
2026-10-01 08:11:17.301|DEBUG|CharacterScraper|Could not parse character name/element (Atempt 3/75). Retrying...
2026-10-01 08:11:17.510|DEBUG|GenshinProcesor|Most similar string found for vesnaj as vesna (83,3333333333333%)
2026-10-01 08:11:17.510|DEBUG|CharacterScraper|Could not parse character name/element (Atempt 4/75). Retrying...
2026-10-01 08:11:17.703|DEBUG|CharacterScraper|Could not parse character name/element (Atempt 5/75). Retrying...
2026-10-01 08:11:17.884|DEBUG|CharacterScraper|Could not parse character name/element (Atempt 6/75). Retrying...
2026-10-01 08:11:18.083|DEBUG|CharacterScraper|Scanned character name as Vesna with element Anemo
2026-10-01 08:11:18.139|DEBUG|CharacterScraper|Scanned character level as Level 50 / 50
2026-10-01 08:11:18.139|DEBUG|CharacterScraper|Filtered scanned text to 50/50
2026-10-01 08:11:18.139|DEBUG|CharacterScraper|Parsed character level as 50
2026-10-01 08:11:18.139|INFO|CharacterScraper|Vesna Level: 50
2026-10-01 08:11:18.139|INFO|CharacterScraper|Vesna Ascended: False
2026-10-01 08:11:19.726|INFO|CharacterScraper|Vesna Constellation: 0
2026-10-01 08:11:22.132|INFO|CharacterScraper|Vesna Talents: {auto=1, skill=1, burst=1}
2026-10-01 08:11:22.395|INFO|CharacterScraper|Scanned Vesna successfully
2026-10-01 08:11:23.923|DEBUG|CharacterScraper|Scanned character name as Keqing with element Electro
2026-10-01 08:11:23.966|DEBUG|CharacterScraper|Scanned character level as Level 50 / 50
2026-10-01 08:11:23.966|DEBUG|CharacterScraper|Filtered scanned text to 50/50
2026-10-01 08:11:23.966|DEBUG|CharacterScraper|Parsed character level as 50
2026-10-01 08:11:23.966|INFO|CharacterScraper|Keqing Level: 50
2026-10-01 08:11:23.966|INFO|CharacterScraper|Keqing Ascended: False
2026-10-01 08:11:25.544|INFO|CharacterScraper|Keqing Constellation: 0
2026-10-01 08:11:27.963|INFO|CharacterScraper|Keqing Talents: {auto=1, skill=1, burst=1}
2026-10-01 08:11:28.217|INFO|CharacterScraper|Scanned Keqing successfully
2026-10-01 08:11:29.765|DEBUG|GenshinProcesor|Most similar string found for shikanoinheizon as shikanoinheizou (93,3333333333333%)
2026-10-01 08:11:29.765|DEBUG|CharacterScraper|Scanned character name as ShikanoinHeizou with element Anemo
2026-10-01 08:11:29.804|DEBUG|CharacterScraper|Scanned character level as Level 50 / 50 °
2026-10-01 08:11:29.804|DEBUG|CharacterScraper|Filtered scanned text to 50/50
2026-10-01 08:11:29.808|DEBUG|CharacterScraper|Parsed character level as 50
2026-10-01 08:11:29.808|INFO|CharacterScraper|ShikanoinHeizou Level: 50
2026-10-01 08:11:29.808|INFO|CharacterScraper|ShikanoinHeizou Ascended: False
2026-10-01 08:11:33.838|INFO|CharacterScraper|ShikanoinHeizou Constellation: 6
2026-10-01 08:11:36.184|INFO|CharacterScraper|ShikanoinHeizou Talents: {auto=1, skill=4, burst=4}
2026-10-01 08:11:36.449|INFO|CharacterScraper|Scanned ShikanoinHeizou successfully
2026-10-01 08:11:37.946|DEBUG|CharacterScraper|Could not parse character name/element (Atempt 1/75). Retrying...
2026-10-01 08:11:38.141|DEBUG|CharacterScraper|Could not parse character name/element (Atempt 2/75). Retrying...
2026-10-01 08:11:38.310|DEBUG|CharacterScraper|Could not parse character name/element (Atempt 3/75). Retrying...
2026-10-01 08:11:38.478|DEBUG|CharacterScraper|Could not parse character name/element (Atempt 4/75). Retrying...
2026-10-01 08:11:38.653|DEBUG|CharacterScraper|Could not parse character name/element (Atempt 5/75). Retrying...
2026-10-01 08:11:38.822|DEBUG|CharacterScraper|Could not parse character name/element (Atempt 6/75). Retrying...
2026-10-01 08:11:39.004|DEBUG|CharacterScraper|Could not parse character name/element (Atempt 7/75). Retrying...
2026-10-01 08:11:39.173|DEBUG|CharacterScraper|Scanned character name as Sayu with element Anemo
2026-10-01 08:11:39.205|DEBUG|CharacterScraper|Scanned character level as Level 50 / 5(
2026-10-01 08:11:39.205|DEBUG|CharacterScraper|Filtered scanned text to 50/5
2026-10-01 08:11:39.205|DEBUG|CharacterScraper|Parsed character level as 50
2026-10-01 08:11:39.205|INFO|CharacterScraper|Sayu Level: 50
2026-10-01 08:11:39.205|INFO|CharacterScraper|Sayu Ascended: False
2026-10-01 08:11:42.130|INFO|CharacterScraper|Sayu Constellation: 3
2026-10-01 08:11:44.500|INFO|CharacterScraper|Sayu Talents: {auto=1, skill=1, burst=4}
2026-10-01 08:11:44.758|INFO|CharacterScraper|Scanned Sayu successfully
2026-10-01 08:11:46.259|DEBUG|CharacterScraper|Could not parse character name/element (Atempt 1/75). Retrying...
2026-10-01 08:11:46.447|DEBUG|CharacterScraper|Scanned character name as Charlotte with element Cryo
2026-10-01 08:11:46.484|DEBUG|CharacterScraper|Scanned character level as Level 50 / 50
2026-10-01 08:11:46.484|DEBUG|CharacterScraper|Filtered scanned text to 50/50
2026-10-01 08:11:46.484|DEBUG|CharacterScraper|Parsed character level as 50
2026-10-01 08:11:46.484|INFO|CharacterScraper|Charlotte Level: 50
2026-10-01 08:11:46.484|INFO|CharacterScraper|Charlotte Ascended: False
2026-10-01 08:11:50.344|INFO|CharacterScraper|Charlotte Constellation: 5
2026-10-01 08:11:52.792|INFO|CharacterScraper|Charlotte Talents: {auto=1, skill=4, burst=4}
2026-10-01 08:11:53.045|INFO|CharacterScraper|Scanned Charlotte successfully
2026-10-01 08:11:54.568|DEBUG|CharacterScraper|Scanned character name as Freminet with element Cryo
2026-10-01 08:11:54.602|DEBUG|CharacterScraper|Scanned character level as Level 50 / 50
2026-10-01 08:11:54.602|DEBUG|CharacterScraper|Filtered scanned text to 50/50
2026-10-01 08:11:54.607|DEBUG|CharacterScraper|Parsed character level as 50
2026-10-01 08:11:54.607|INFO|CharacterScraper|Freminet Level: 50
2026-10-01 08:11:54.607|INFO|CharacterScraper|Freminet Ascended: False
2026-10-01 08:11:58.639|INFO|CharacterScraper|Freminet Constellation: 5
2026-10-01 08:12:01.038|INFO|CharacterScraper|Freminet Talents: {auto=4, skill=4, burst=1}
2026-10-01 08:12:01.295|INFO|CharacterScraper|Scanned Freminet successfully
2026-10-01 08:12:02.811|DEBUG|CharacterScraper|Scanned character name as Mika with element Cryo
2026-10-01 08:12:02.845|DEBUG|CharacterScraper|Scanned character level as Level 50 / 50)
2026-10-01 08:12:02.845|DEBUG|CharacterScraper|Filtered scanned text to 50/50
2026-10-01 08:12:02.845|DEBUG|CharacterScraper|Parsed character level as 50
2026-10-01 08:12:02.845|INFO|CharacterScraper|Mika Level: 50
2026-10-01 08:12:02.845|INFO|CharacterScraper|Mika Ascended: False
2026-10-01 08:12:06.732|INFO|CharacterScraper|Mika Constellation: 6
2026-10-01 08:12:09.138|INFO|CharacterScraper|Mika Talents: {auto=1, skill=4, burst=4}
2026-10-01 08:12:09.402|INFO|CharacterScraper|Scanned Mika successfully
2026-10-01 08:12:10.920|DEBUG|CharacterScraper|Scanned character name as KujouSara with element Electro
2026-10-01 08:12:10.956|DEBUG|CharacterScraper|Scanned character level as Level 50 / 50
2026-10-01 08:12:10.956|DEBUG|CharacterScraper|Filtered scanned text to 50/50
2026-10-01 08:12:10.956|DEBUG|CharacterScraper|Parsed character level as 50
2026-10-01 08:12:10.956|INFO|CharacterScraper|KujouSara Level: 50
2026-10-01 08:12:10.956|INFO|CharacterScraper|KujouSara Ascended: False
2026-10-01 08:12:14.760|INFO|CharacterScraper|KujouSara Constellation: 6
2026-10-01 08:12:17.151|INFO|CharacterScraper|KujouSara Talents: {auto=1, skill=4, burst=4}
2026-10-01 08:12:17.411|INFO|CharacterScraper|Scanned KujouSara successfully
2026-10-01 08:12:18.924|DEBUG|CharacterScraper|Scanned character name as Kirara with element Dendro
2026-10-01 08:12:18.971|DEBUG|CharacterScraper|Scanned character level as -Level 50 / 50)
2026-10-01 08:12:18.971|DEBUG|CharacterScraper|Filtered scanned text to 50/50
2026-10-01 08:12:18.971|DEBUG|CharacterScraper|Parsed character level as 50
2026-10-01 08:12:18.971|INFO|CharacterScraper|Kirara Level: 50
2026-10-01 08:12:18.971|INFO|CharacterScraper|Kirara Ascended: False
2026-10-01 08:12:21.028|INFO|CharacterScraper|Kirara Constellation: 1
2026-10-01 08:12:23.449|INFO|CharacterScraper|Kirara Talents: {auto=1, skill=1, burst=1}
2026-10-01 08:12:23.703|INFO|CharacterScraper|Scanned Kirara successfully
2026-10-01 08:12:25.214|DEBUG|CharacterScraper|Scanned character name as YunJin with element Geo
2026-10-01 08:12:25.261|DEBUG|CharacterScraper|Scanned character level as - Level 40 / 40)
2026-10-01 08:12:25.261|DEBUG|CharacterScraper|Filtered scanned text to 40/40
2026-10-01 08:12:25.264|DEBUG|CharacterScraper|Parsed character level as 40
2026-10-01 08:12:25.264|INFO|CharacterScraper|YunJin Level: 40
2026-10-01 08:12:25.264|INFO|CharacterScraper|YunJin Ascended: False
2026-10-01 08:12:28.326|INFO|CharacterScraper|YunJin Constellation: 3
2026-10-01 08:12:30.731|INFO|CharacterScraper|YunJin Talents: {auto=1, skill=1, burst=4}
2026-10-01 08:12:30.992|INFO|CharacterScraper|Scanned YunJin successfully
2026-10-01 08:12:32.503|DEBUG|GenshinProcesor|Most similar string found for gorou4 as gorou (83,3333333333333%)
2026-10-01 08:12:32.503|DEBUG|CharacterScraper|Scanned character name as Gorou with element Geo
2026-10-01 08:12:32.554|DEBUG|CharacterScraper|Scanned character level as Level 40 / 40
2026-10-01 08:12:32.554|DEBUG|CharacterScraper|Filtered scanned text to 40/40
2026-10-01 08:12:32.559|DEBUG|CharacterScraper|Parsed character level as 40
2026-10-01 08:12:32.559|INFO|CharacterScraper|Gorou Level: 40
2026-10-01 08:12:32.559|INFO|CharacterScraper|Gorou Ascended: False
2026-10-01 08:12:35.988|INFO|CharacterScraper|Gorou Constellation: 4
2026-10-01 08:12:38.343|INFO|CharacterScraper|Gorou Talents: {auto=1, skill=4, burst=1}
2026-10-01 08:12:38.599|INFO|CharacterScraper|Scanned Gorou successfully
2026-10-01 08:12:40.119|DEBUG|CharacterScraper|Scanned character name as Iansan with element Electro
2026-10-01 08:12:40.158|DEBUG|CharacterScraper|Scanned character level as Level 40 / 40)
2026-10-01 08:12:40.158|DEBUG|CharacterScraper|Filtered scanned text to 40/40
2026-10-01 08:12:40.158|DEBUG|CharacterScraper|Parsed character level as 40
2026-10-01 08:12:40.158|INFO|CharacterScraper|Iansan Level: 40
2026-10-01 08:12:40.158|INFO|CharacterScraper|Iansan Ascended: False
2026-10-01 08:12:42.619|INFO|CharacterScraper|Iansan Constellation: 2
2026-10-01 08:12:44.978|INFO|CharacterScraper|Iansan Talents: {auto=1, skill=1, burst=1}
2026-10-01 08:12:45.232|INFO|CharacterScraper|Scanned Iansan successfully
2026-10-01 08:12:46.734|DEBUG|CharacterScraper|Scanned character name as Sethos with element Electro
2026-10-01 08:12:46.773|DEBUG|CharacterScraper|Scanned character level as Level 40 / 40)
2026-10-01 08:12:46.773|DEBUG|CharacterScraper|Filtered scanned text to 40/40
2026-10-01 08:12:46.773|DEBUG|CharacterScraper|Parsed character level as 40
2026-10-01 08:12:46.773|INFO|CharacterScraper|Sethos Level: 40
2026-10-01 08:12:46.773|INFO|CharacterScraper|Sethos Ascended: False
2026-10-01 08:12:48.322|INFO|CharacterScraper|Sethos Constellation: 0
2026-10-01 08:12:50.790|INFO|CharacterScraper|Sethos Talents: {auto=1, skill=1, burst=1}
2026-10-01 08:12:51.054|INFO|CharacterScraper|Scanned Sethos successfully
2026-10-01 08:12:52.563|DEBUG|CharacterScraper|Could not parse character name/element (Atempt 1/75). Retrying...
2026-10-01 08:12:52.761|DEBUG|CharacterScraper|Could not parse character name/element (Atempt 2/75). Retrying...
2026-10-01 08:12:52.950|DEBUG|CharacterScraper|Scanned character name as Dori with element Electro
2026-10-01 08:12:53.001|DEBUG|CharacterScraper|Scanned character level as Level 40 / 40)
2026-10-01 08:12:53.001|DEBUG|CharacterScraper|Filtered scanned text to 40/40
2026-10-01 08:12:53.001|DEBUG|CharacterScraper|Parsed character level as 40
2026-10-01 08:12:53.001|INFO|CharacterScraper|Dori Level: 40
2026-10-01 08:12:53.001|INFO|CharacterScraper|Dori Ascended: False
2026-10-01 08:12:57.082|INFO|CharacterScraper|Dori Constellation: 6
2026-10-01 08:12:59.562|INFO|CharacterScraper|Dori Talents: {auto=1, skill=4, burst=4}
2026-10-01 08:12:59.821|INFO|CharacterScraper|Scanned Dori successfully
2026-10-01 08:13:01.337|DEBUG|GenshinProcesor|Most similar string found for dahliaj as dahlia (85,7142857142857%)
2026-10-01 08:13:01.337|DEBUG|CharacterScraper|Scanned character name as Dahlia with element Hydro
2026-10-01 08:13:01.376|DEBUG|CharacterScraper|Scanned character level as Level 40 / 40)
2026-10-01 08:13:01.376|DEBUG|CharacterScraper|Filtered scanned text to 40/40
2026-10-01 08:13:01.376|DEBUG|CharacterScraper|Parsed character level as 40
2026-10-01 08:13:01.376|INFO|CharacterScraper|Dahlia Level: 40
2026-10-01 08:13:01.376|INFO|CharacterScraper|Dahlia Ascended: False
2026-10-01 08:13:03.448|INFO|CharacterScraper|Dahlia Constellation: 1
2026-10-01 08:13:05.837|INFO|CharacterScraper|Dahlia Talents: {auto=1, skill=1, burst=1}
2026-10-01 08:13:06.101|INFO|CharacterScraper|Scanned Dahlia successfully
2026-10-01 08:13:07.613|DEBUG|CharacterScraper|Could not parse character name/element (Atempt 1/75). Retrying...
2026-10-01 08:13:07.801|DEBUG|CharacterScraper|Could not parse character name/element (Atempt 2/75). Retrying...
2026-10-01 08:13:07.988|DEBUG|CharacterScraper|Could not parse character name/element (Atempt 3/75). Retrying...
2026-10-01 08:13:08.182|DEBUG|CharacterScraper|Could not parse character name/element (Atempt 4/75). Retrying...
2026-10-01 08:13:08.355|DEBUG|CharacterScraper|Could not parse character name/element (Atempt 5/75). Retrying...
2026-10-01 08:13:08.535|DEBUG|GenshinProcesor|Most similar string found for saphiref as saphire (87,5%)
2026-10-01 08:13:08.535|DEBUG|CharacterScraper|Could not parse character name/element (Atempt 6/75). Retrying...
2026-10-01 08:13:08.724|DEBUG|CharacterScraper|Scanned character name as Manekina with element Cryo
2026-10-01 08:13:08.724|INFO|CharacterScraper|Skipping Manekina: no standard constellation UI
2026-10-01 08:13:08.724|ERROR|CharacterScraper|Failed to scan character
Invalid level
Invalid talents
Character
Name: Manekina
Element: Cryo
Level: 0
Ascension Level: 0
Constellation: 0
AUTO : 0
SKILL : 0
BURST : 0

2026-10-01 08:13:10.238|DEBUG|CharacterScraper|Scanned character name as Manekin with element Cryo
2026-10-01 08:13:10.238|INFO|CharacterScraper|Skipping Manekin: no standard constellation UI
2026-10-01 08:13:10.238|ERROR|CharacterScraper|Failed to scan character
Invalid level
Invalid talents
Character
Name: Manekin
Element: Cryo
Level: 0
Ascension Level: 0
Constellation: 0
AUTO : 0
SKILL : 0
BURST : 0

2026-10-01 08:13:11.749|DEBUG|CharacterScraper|Scanned character name as Mavuika with element Pyro
2026-10-01 08:13:11.749|INFO|CharacterScraper|Repeat character Mavuika detected. Finishing character scan...
2026-10-01 08:13:11.749|INFO|CharacterScraper|Wrap-around detected with recent failures; allowing one retry pass for skipped characters.
2026-10-01 08:13:11.749|ERROR|CharacterScraper|Failed to scan character
Invalid level
Invalid talents
Character
Name: Mavuika
Element: Pyro
Level: 0
Ascension Level: 0
Constellation: 0
AUTO : 0
SKILL : 0
BURST : 0

2026-10-01 08:13:13.268|DEBUG|CharacterScraper|Scanned character name as Lauma with element Dendro
2026-10-01 08:13:13.302|DEBUG|CharacterScraper|Scanned character level as Level 90 / 90)
2026-10-01 08:13:13.302|DEBUG|CharacterScraper|Filtered scanned text to 90/90
2026-10-01 08:13:13.302|DEBUG|CharacterScraper|Parsed character level as 90
2026-10-01 08:13:13.302|INFO|CharacterScraper|Lauma Level: 90
2026-10-01 08:13:13.302|INFO|CharacterScraper|Lauma Ascended: False
2026-10-01 08:13:14.834|INFO|CharacterScraper|Lauma Constellation: 0
2026-10-01 08:13:17.250|INFO|CharacterScraper|Lauma Talents: {auto=10, skill=10, burst=10}
2026-10-01 08:13:17.502|INFO|CharacterScraper|Prevented Lauma duplicate scan
2026-10-01 08:13:19.020|DEBUG|CharacterScraper|Scanned character name as KukiShinobu with element Electro
2026-10-01 08:13:19.054|DEBUG|CharacterScraper|Scanned character level as Level 90 / 90
2026-10-01 08:13:19.054|DEBUG|CharacterScraper|Filtered scanned text to 90/90
2026-10-01 08:13:19.054|DEBUG|CharacterScraper|Parsed character level as 90
2026-10-01 08:13:19.054|INFO|CharacterScraper|KukiShinobu Level: 90
2026-10-01 08:13:19.054|INFO|CharacterScraper|KukiShinobu Ascended: False
2026-10-01 08:13:23.195|INFO|CharacterScraper|KukiShinobu Constellation: 6
2026-10-01 08:13:25.619|INFO|CharacterScraper|KukiShinobu Talents: {auto=10, skill=13, burst=13}
2026-10-01 08:13:25.879|INFO|CharacterScraper|Prevented KukiShinobu duplicate scan
2026-10-01 08:13:27.387|DEBUG|CharacterScraper|Scanned character name as Furina with element Hydro
2026-10-01 08:13:27.422|DEBUG|CharacterScraper|Scanned character level as Level 90 / 90
2026-10-01 08:13:27.422|DEBUG|CharacterScraper|Filtered scanned text to 90/90
2026-10-01 08:13:27.422|DEBUG|CharacterScraper|Parsed character level as 90
2026-10-01 08:13:27.422|INFO|CharacterScraper|Furina Level: 90
2026-10-01 08:13:27.422|INFO|CharacterScraper|Furina Ascended: False
2026-10-01 08:13:29.013|INFO|CharacterScraper|Furina Constellation: 0
2026-10-01 08:13:31.427|INFO|CharacterScraper|Furina Talents: {auto=10, skill=10, burst=10}
2026-10-01 08:13:31.690|INFO|CharacterScraper|Prevented Furina duplicate scan
2026-10-01 08:13:33.211|DEBUG|CharacterScraper|Scanned character name as Alhaitham with element Dendro
2026-10-01 08:13:33.254|DEBUG|CharacterScraper|Scanned character level as Level 90 / 90
2026-10-01 08:13:33.254|DEBUG|CharacterScraper|Filtered scanned text to 90/90
2026-10-01 08:13:33.254|DEBUG|CharacterScraper|Parsed character level as 90
2026-10-01 08:13:33.254|INFO|CharacterScraper|Alhaitham Level: 90
2026-10-01 08:13:33.254|INFO|CharacterScraper|Alhaitham Ascended: False
2026-10-01 08:13:35.245|INFO|CharacterScraper|Alhaitham Constellation: 1
2026-10-01 08:13:37.670|INFO|CharacterScraper|Alhaitham Talents: {auto=10, skill=10, burst=10}
2026-10-01 08:13:37.932|INFO|CharacterScraper|Prevented Alhaitham duplicate scan
2026-10-01 08:13:39.443|DEBUG|CharacterScraper|Scanned character name as Xingqiu with element Hydro
2026-10-01 08:13:39.482|DEBUG|CharacterScraper|Scanned character level as Level 90 / 90
2026-10-01 08:13:39.482|DEBUG|CharacterScraper|Filtered scanned text to 90/90
2026-10-01 08:13:39.486|DEBUG|CharacterScraper|Parsed character level as 90
2026-10-01 08:13:39.486|INFO|CharacterScraper|Xingqiu Level: 90
2026-10-01 08:13:39.486|INFO|CharacterScraper|Xingqiu Ascended: False
2026-10-01 08:13:43.307|INFO|CharacterScraper|Xingqiu Constellation: 6
2026-10-01 08:13:45.739|INFO|CharacterScraper|Xingqiu Talents: {auto=10, skill=13, burst=13}
2026-10-01 08:13:45.998|INFO|CharacterScraper|Prevented Xingqiu duplicate scan
2026-10-01 08:13:47.511|DEBUG|CharacterScraper|Scanned character name as Sucrose with element Anemo
2026-10-01 08:13:47.550|DEBUG|CharacterScraper|Scanned character level as Level 90 / 90
2026-10-01 08:13:47.550|DEBUG|CharacterScraper|Filtered scanned text to 90/90
2026-10-01 08:13:47.550|DEBUG|CharacterScraper|Parsed character level as 90
2026-10-01 08:13:47.550|INFO|CharacterScraper|Sucrose Level: 90
2026-10-01 08:13:47.550|INFO|CharacterScraper|Sucrose Ascended: False
2026-10-01 08:13:51.604|INFO|CharacterScraper|Sucrose Constellation: 6
2026-10-01 08:13:54.100|INFO|CharacterScraper|Sucrose Talents: {auto=8, skill=10, burst=11}
2026-10-01 08:13:54.365|INFO|CharacterScraper|Prevented Sucrose duplicate scan
2026-10-01 08:13:55.921|DEBUG|CharacterScraper|Scanned character name as YumemizukiMizuki with element Anemo
2026-10-01 08:13:55.962|DEBUG|CharacterScraper|Scanned character level as Level 84 / 90) ,:
2026-10-01 08:13:55.962|DEBUG|CharacterScraper|Filtered scanned text to 84/90
2026-10-01 08:13:55.962|DEBUG|CharacterScraper|Parsed character level as 84
2026-10-01 08:13:55.962|INFO|CharacterScraper|YumemizukiMizuki Level: 84
2026-10-01 08:13:55.962|INFO|CharacterScraper|YumemizukiMizuki Ascended: True
2026-10-01 08:13:58.586|INFO|CharacterScraper|YumemizukiMizuki Constellation: 2
2026-10-01 08:14:01.039|INFO|CharacterScraper|YumemizukiMizuki Talents: {auto=6, skill=8, burst=8}
2026-10-01 08:14:01.291|INFO|CharacterScraper|Prevented YumemizukiMizuki duplicate scan
2026-10-01 08:14:02.822|DEBUG|CharacterScraper|Scanned character name as Columbina with element Hydro
2026-10-01 08:14:02.857|DEBUG|CharacterScraper|Scanned character level as Level 80 / 80
2026-10-01 08:14:02.857|DEBUG|CharacterScraper|Filtered scanned text to 80/80
2026-10-01 08:14:02.861|DEBUG|CharacterScraper|Parsed character level as 80
2026-10-01 08:14:02.861|INFO|CharacterScraper|Columbina Level: 80
2026-10-01 08:14:02.861|INFO|CharacterScraper|Columbina Ascended: False
2026-10-01 08:14:04.436|INFO|CharacterScraper|Columbina Constellation: 0
2026-10-01 08:14:06.802|INFO|CharacterScraper|Columbina Talents: {auto=6, skill=6, burst=6}
2026-10-01 08:14:07.061|INFO|CharacterScraper|Prevented Columbina duplicate scan
2026-10-01 08:14:08.558|DEBUG|CharacterScraper|Scanned character name as Zhongli with element Geo
2026-10-01 08:14:08.587|DEBUG|CharacterScraper|Scanned character level as Level 90 / 90
2026-10-01 08:14:08.587|DEBUG|CharacterScraper|Filtered scanned text to 90/90
2026-10-01 08:14:08.587|DEBUG|CharacterScraper|Parsed character level as 90
2026-10-01 08:14:08.587|INFO|CharacterScraper|Zhongli Level: 90
2026-10-01 08:14:08.587|INFO|CharacterScraper|Zhongli Ascended: False
2026-10-01 08:14:10.134|INFO|CharacterScraper|Zhongli Constellation: 0
2026-10-01 08:14:12.511|INFO|CharacterScraper|Zhongli Talents: {auto=8, skill=10, burst=10}
2026-10-01 08:14:12.773|INFO|CharacterScraper|Prevented Zhongli duplicate scan
2026-10-01 08:14:14.278|DEBUG|CharacterScraper|Scanned character name as Xiao with element Anemo
2026-10-01 08:14:14.306|DEBUG|CharacterScraper|Scanned character level as Level 90 / 90)
2026-10-01 08:14:14.306|DEBUG|CharacterScraper|Filtered scanned text to 90/90
2026-10-01 08:14:14.306|DEBUG|CharacterScraper|Parsed character level as 90
2026-10-01 08:14:14.306|INFO|CharacterScraper|Xiao Level: 90
2026-10-01 08:14:14.306|INFO|CharacterScraper|Xiao Ascended: False
2026-10-01 08:14:16.303|INFO|CharacterScraper|Xiao Constellation: 1
2026-10-01 08:14:18.647|INFO|CharacterScraper|Xiao Talents: {auto=10, skill=9, burst=10}
2026-10-01 08:14:18.907|INFO|CharacterScraper|Prevented Xiao duplicate scan
2026-10-01 08:14:20.429|DEBUG|CharacterScraper|Could not parse character name/element (Atempt 1/75). Retrying...
2026-10-01 08:14:20.632|DEBUG|GenshinProcesor|Most similar string found for odettej as odette (85,7142857142857%)
2026-10-01 08:14:20.632|DEBUG|CharacterScraper|Scanned character name as Odette with element Cryo
2026-10-01 08:14:20.677|DEBUG|CharacterScraper|Scanned character level as Level 90 / 90
2026-10-01 08:14:20.677|DEBUG|CharacterScraper|Filtered scanned text to 90/90
2026-10-01 08:14:20.677|DEBUG|CharacterScraper|Parsed character level as 90
2026-10-01 08:14:20.677|INFO|CharacterScraper|Odette Level: 90
2026-10-01 08:14:20.677|INFO|CharacterScraper|Odette Ascended: False
2026-10-01 08:14:22.288|INFO|CharacterScraper|Odette Constellation: 0
2026-10-01 08:14:24.717|INFO|CharacterScraper|Odette Talents: {auto=6, skill=9, burst=8}
2026-10-01 08:14:24.969|INFO|CharacterScraper|Prevented Odette duplicate scan
2026-10-01 08:14:26.489|DEBUG|CharacterScraper|Scanned character name as Sandrone with element Cryo
2026-10-01 08:14:26.530|DEBUG|CharacterScraper|Scanned character level as Level 90 / 90
2026-10-01 08:14:26.530|DEBUG|CharacterScraper|Filtered scanned text to 90/90
2026-10-01 08:14:26.536|DEBUG|CharacterScraper|Parsed character level as 90
2026-10-01 08:14:26.536|INFO|CharacterScraper|Sandrone Level: 90
2026-10-01 08:14:26.536|INFO|CharacterScraper|Sandrone Ascended: False
2026-10-01 08:14:28.121|INFO|CharacterScraper|Sandrone Constellation: 0
2026-10-01 08:14:30.622|INFO|CharacterScraper|Sandrone Talents: {auto=10, skill=7, burst=8}
2026-10-01 08:14:30.885|INFO|CharacterScraper|Prevented Sandrone duplicate scan
2026-10-01 08:14:32.395|DEBUG|GenshinProcesor|Most similar string found for skirk_ as skirk (83,3333333333333%)
2026-10-01 08:14:32.395|DEBUG|CharacterScraper|Scanned character name as Skirk with element Cryo
2026-10-01 08:14:32.433|DEBUG|CharacterScraper|Scanned character level as Level 90 / 90
2026-10-01 08:14:32.433|DEBUG|CharacterScraper|Filtered scanned text to 90/90
2026-10-01 08:14:32.433|DEBUG|CharacterScraper|Parsed character level as 90
2026-10-01 08:14:32.433|INFO|CharacterScraper|Skirk Level: 90
2026-10-01 08:14:32.433|INFO|CharacterScraper|Skirk Ascended: False
2026-10-01 08:14:34.005|INFO|CharacterScraper|Skirk Constellation: 0
2026-10-01 08:14:36.342|INFO|CharacterScraper|Skirk Talents: {auto=10, skill=10, burst=10}
2026-10-01 08:14:36.607|INFO|CharacterScraper|Prevented Skirk duplicate scan
2026-10-01 08:14:38.106|DEBUG|CharacterScraper|Could not parse character name/element (Atempt 1/75). Retrying...
2026-10-01 08:14:38.283|DEBUG|CharacterScraper|Could not parse character name/element (Atempt 2/75). Retrying...
2026-10-01 08:14:38.472|DEBUG|CharacterScraper|Scanned character name as Wriothesley with element Cryo
2026-10-01 08:14:38.509|DEBUG|CharacterScraper|Scanned character level as Level 90 / 90)
2026-10-01 08:14:38.509|DEBUG|CharacterScraper|Filtered scanned text to 90/90
2026-10-01 08:14:38.509|DEBUG|CharacterScraper|Parsed character level as 90
2026-10-01 08:14:38.509|INFO|CharacterScraper|Wriothesley Level: 90
2026-10-01 08:14:38.509|INFO|CharacterScraper|Wriothesley Ascended: False
2026-10-01 08:14:40.039|INFO|CharacterScraper|Wriothesley Constellation: 0
2026-10-01 08:14:42.419|INFO|CharacterScraper|Wriothesley Talents: {auto=10, skill=10, burst=10}
2026-10-01 08:14:42.674|INFO|CharacterScraper|Prevented Wriothesley duplicate scan
2026-10-01 08:14:44.160|DEBUG|CharacterScraper|Scanned character name as Traveler with element Cryo
2026-10-01 08:14:44.192|DEBUG|CharacterScraper|Scanned character level as Level 90 / 90
2026-10-01 08:14:44.192|DEBUG|CharacterScraper|Filtered scanned text to 90/90
2026-10-01 08:14:44.192|DEBUG|CharacterScraper|Parsed character level as 90
2026-10-01 08:14:44.192|INFO|CharacterScraper|TravelerCryo Level: 90
2026-10-01 08:14:44.192|INFO|CharacterScraper|TravelerCryo Ascended: False
2026-10-01 08:14:47.553|INFO|CharacterScraper|TravelerCryo Constellation: 4
2026-10-01 08:14:49.963|INFO|CharacterScraper|TravelerCryo Talents: {auto=7, skill=6, burst=11}
2026-10-01 08:14:50.220|INFO|CharacterScraper|Prevented TravelerCryo duplicate scan
2026-10-01 08:14:51.765|DEBUG|CharacterScraper|Scanned character name as KamisatoAyaka with element Cryo
2026-10-01 08:14:51.816|DEBUG|CharacterScraper|Scanned character level as Level 90 / 90
2026-10-01 08:14:51.816|DEBUG|CharacterScraper|Filtered scanned text to 90/90
2026-10-01 08:14:51.816|DEBUG|CharacterScraper|Parsed character level as 90
2026-10-01 08:14:51.816|INFO|CharacterScraper|KamisatoAyaka Level: 90
2026-10-01 08:14:51.816|INFO|CharacterScraper|KamisatoAyaka Ascended: False
2026-10-01 08:14:53.887|INFO|CharacterScraper|KamisatoAyaka Constellation: 1
2026-10-01 08:14:56.300|INFO|CharacterScraper|KamisatoAyaka Talents: {auto=4, skill=5, burst=4}
2026-10-01 08:14:56.559|INFO|CharacterScraper|Prevented KamisatoAyaka duplicate scan
2026-10-01 08:14:58.101|DEBUG|CharacterScraper|Could not parse character name/element (Atempt 1/75). Retrying...
2026-10-01 08:14:58.315|DEBUG|CharacterScraper|Could not parse character name/element (Atempt 2/75). Retrying...
2026-10-01 08:14:58.528|DEBUG|CharacterScraper|Could not parse character name/element (Atempt 3/75). Retrying...
2026-10-01 08:14:58.744|DEBUG|CharacterScraper|Scanned character name as RaidenShogun with element Electro
2026-10-01 08:14:58.777|DEBUG|CharacterScraper|Scanned character level as Level 90 / 90
2026-10-01 08:14:58.777|DEBUG|CharacterScraper|Filtered scanned text to 90/90
2026-10-01 08:14:58.777|DEBUG|CharacterScraper|Parsed character level as 90
2026-10-01 08:14:58.777|INFO|CharacterScraper|RaidenShogun Level: 90
2026-10-01 08:14:58.777|INFO|CharacterScraper|RaidenShogun Ascended: False
2026-10-01 08:15:00.352|INFO|CharacterScraper|RaidenShogun Constellation: 0
2026-10-01 08:15:02.795|INFO|CharacterScraper|RaidenShogun Talents: {auto=10, skill=10, burst=10}
2026-10-01 08:15:03.052|INFO|CharacterScraper|Prevented RaidenShogun duplicate scan
2026-10-01 08:15:04.559|DEBUG|CharacterScraper|Scanned character name as Nefer with element Dendro
2026-10-01 08:15:04.592|DEBUG|CharacterScraper|Scanned character level as Level 90 / 90)
2026-10-01 08:15:04.592|DEBUG|CharacterScraper|Filtered scanned text to 90/90
2026-10-01 08:15:04.592|DEBUG|CharacterScraper|Parsed character level as 90
2026-10-01 08:15:04.592|INFO|CharacterScraper|Nefer Level: 90
2026-10-01 08:15:04.592|INFO|CharacterScraper|Nefer Ascended: False
2026-10-01 08:15:06.135|INFO|CharacterScraper|Nefer Constellation: 0
2026-10-01 08:15:08.546|INFO|CharacterScraper|Nefer Talents: {auto=6, skill=10, burst=9}
2026-10-01 08:15:08.797|INFO|CharacterScraper|Prevented Nefer duplicate scan
2026-10-01 08:15:10.310|DEBUG|CharacterScraper|Could not parse character name/element (Atempt 1/75). Retrying...
2026-10-01 08:15:10.489|DEBUG|GenshinProcesor|Most similar string found for nahidai as nahida (85,7142857142857%)
2026-10-01 08:15:10.489|DEBUG|CharacterScraper|Scanned character name as Nahida with element Dendro
2026-10-01 08:15:10.524|DEBUG|CharacterScraper|Scanned character level as Level 90 / 90
2026-10-01 08:15:10.524|DEBUG|CharacterScraper|Filtered scanned text to 90/90
2026-10-01 08:15:10.524|DEBUG|CharacterScraper|Parsed character level as 90
2026-10-01 08:15:10.524|INFO|CharacterScraper|Nahida Level: 90
2026-10-01 08:15:10.524|INFO|CharacterScraper|Nahida Ascended: False
2026-10-01 08:15:12.069|INFO|CharacterScraper|Nahida Constellation: 0
2026-10-01 08:15:14.408|INFO|CharacterScraper|Nahida Talents: {auto=10, skill=10, burst=10}
2026-10-01 08:15:14.669|INFO|CharacterScraper|Prevented Nahida duplicate scan
2026-10-01 08:15:16.175|DEBUG|CharacterScraper|Scanned character name as Neuvillette with element Hydro
2026-10-01 08:15:16.207|DEBUG|CharacterScraper|Scanned character level as Level 90 / 90
2026-10-01 08:15:16.207|DEBUG|CharacterScraper|Filtered scanned text to 90/90
2026-10-01 08:15:16.209|DEBUG|CharacterScraper|Parsed character level as 90
2026-10-01 08:15:16.209|INFO|CharacterScraper|Neuvillette Level: 90
2026-10-01 08:15:16.209|INFO|CharacterScraper|Neuvillette Ascended: False
2026-10-01 08:15:17.755|INFO|CharacterScraper|Neuvillette Constellation: 0
2026-10-01 08:15:20.180|INFO|CharacterScraper|Neuvillette Talents: {auto=10, skill=10, burst=10}
2026-10-01 08:15:20.433|INFO|CharacterScraper|Prevented Neuvillette duplicate scan
2026-10-01 08:15:21.945|DEBUG|CharacterScraper|Scanned character name as Yelan with element Hydro
2026-10-01 08:15:21.980|DEBUG|CharacterScraper|Scanned character level as Level 90 / 90
2026-10-01 08:15:21.980|DEBUG|CharacterScraper|Filtered scanned text to 90/90
2026-10-01 08:15:21.980|DEBUG|CharacterScraper|Parsed character level as 90
2026-10-01 08:15:21.980|INFO|CharacterScraper|Yelan Level: 90
2026-10-01 08:15:21.980|INFO|CharacterScraper|Yelan Ascended: False
2026-10-01 08:15:23.574|INFO|CharacterScraper|Yelan Constellation: 0
2026-10-01 08:15:25.966|INFO|CharacterScraper|Yelan Talents: {auto=6, skill=9, burst=10}
2026-10-01 08:15:26.221|INFO|CharacterScraper|Prevented Yelan duplicate scan
2026-10-01 08:15:27.728|DEBUG|CharacterScraper|Scanned character name as Durin with element Pyro
2026-10-01 08:15:27.763|DEBUG|CharacterScraper|Scanned character level as Level 90 / 90
2026-10-01 08:15:27.763|DEBUG|CharacterScraper|Filtered scanned text to 90/90
2026-10-01 08:15:27.763|DEBUG|CharacterScraper|Parsed character level as 90
2026-10-01 08:15:27.763|INFO|CharacterScraper|Durin Level: 90
2026-10-01 08:15:27.763|INFO|CharacterScraper|Durin Ascended: False
2026-10-01 08:15:29.341|INFO|CharacterScraper|Durin Constellation: 0
2026-10-01 08:15:31.790|INFO|CharacterScraper|Durin Talents: {auto=6, skill=8, burst=10}
2026-10-01 08:15:32.051|INFO|CharacterScraper|Prevented Durin duplicate scan
2026-10-01 08:15:33.556|DEBUG|CharacterScraper|Scanned character name as Dehya with element Pyro
2026-10-01 08:15:33.597|DEBUG|CharacterScraper|Scanned character level as Level 90 / 90)
2026-10-01 08:15:33.597|DEBUG|CharacterScraper|Filtered scanned text to 90/90
2026-10-01 08:15:33.602|DEBUG|CharacterScraper|Parsed character level as 90
2026-10-01 08:15:33.602|INFO|CharacterScraper|Dehya Level: 90
2026-10-01 08:15:33.602|INFO|CharacterScraper|Dehya Ascended: False
2026-10-01 08:15:36.038|INFO|CharacterScraper|Dehya Constellation: 2
2026-10-01 08:15:38.401|INFO|CharacterScraper|Dehya Talents: {auto=6, skill=8, burst=8}
2026-10-01 08:15:38.667|INFO|CharacterScraper|Prevented Dehya duplicate scan
2026-10-01 08:15:40.181|DEBUG|CharacterScraper|Scanned character name as Yoimiya with element Pyro
2026-10-01 08:15:40.210|DEBUG|CharacterScraper|Scanned character level as Level 90 / 90
2026-10-01 08:15:40.210|DEBUG|CharacterScraper|Filtered scanned text to 90/90
2026-10-01 08:15:40.210|DEBUG|CharacterScraper|Parsed character level as 90
2026-10-01 08:15:40.210|INFO|CharacterScraper|Yoimiya Level: 90
2026-10-01 08:15:40.210|INFO|CharacterScraper|Yoimiya Ascended: False
2026-10-01 08:15:42.207|INFO|CharacterScraper|Yoimiya Constellation: 1
2026-10-01 08:15:44.548|INFO|CharacterScraper|Yoimiya Talents: {auto=6, skill=9, burst=8}
2026-10-01 08:15:44.803|INFO|CharacterScraper|Prevented Yoimiya duplicate scan
2026-10-01 08:15:46.296|DEBUG|CharacterScraper|Scanned character name as Noelle with element Geo
2026-10-01 08:15:46.328|DEBUG|CharacterScraper|Scanned character level as Level 90 / 90
2026-10-01 08:15:46.328|DEBUG|CharacterScraper|Filtered scanned text to 90/90
2026-10-01 08:15:46.328|DEBUG|CharacterScraper|Parsed character level as 90
2026-10-01 08:15:46.328|INFO|CharacterScraper|Noelle Level: 90
2026-10-01 08:15:46.328|INFO|CharacterScraper|Noelle Ascended: False
2026-10-01 08:15:50.154|INFO|CharacterScraper|Noelle Constellation: 5
2026-10-01 08:15:52.553|INFO|CharacterScraper|Noelle Talents: {auto=6, skill=10, burst=11}
2026-10-01 08:15:52.815|INFO|CharacterScraper|Prevented Noelle duplicate scan
2026-10-01 08:15:54.321|DEBUG|CharacterScraper|Scanned character name as Kaeya with element Cryo
2026-10-01 08:15:54.370|DEBUG|CharacterScraper|Scanned character level as Level 90 / 90 .
2026-10-01 08:15:54.370|DEBUG|CharacterScraper|Filtered scanned text to 90/90
2026-10-01 08:15:54.370|DEBUG|CharacterScraper|Parsed character level as 90
2026-10-01 08:15:54.370|INFO|CharacterScraper|Kaeya Level: 90
2026-10-01 08:15:54.370|INFO|CharacterScraper|Kaeya Ascended: False
2026-10-01 08:15:57.915|INFO|CharacterScraper|Kaeya Constellation: 4
2026-10-01 08:16:00.288|INFO|CharacterScraper|Kaeya Talents: {auto=5, skill=9, burst=9}
2026-10-01 08:16:00.547|INFO|CharacterScraper|Prevented Kaeya duplicate scan
2026-10-01 08:16:02.055|DEBUG|CharacterScraper|Scanned character name as Fischl with element Electro
2026-10-01 08:16:02.095|DEBUG|CharacterScraper|Scanned character level as Level 90 / 90
2026-10-01 08:16:02.095|DEBUG|CharacterScraper|Filtered scanned text to 90/90
2026-10-01 08:16:02.095|DEBUG|CharacterScraper|Parsed character level as 90
2026-10-01 08:16:02.095|INFO|CharacterScraper|Fischl Level: 90
2026-10-01 08:16:02.095|INFO|CharacterScraper|Fischl Ascended: False
2026-10-01 08:16:05.160|INFO|CharacterScraper|Fischl Constellation: 3
2026-10-01 08:16:07.545|INFO|CharacterScraper|Fischl Talents: {auto=8, skill=12, burst=8}
2026-10-01 08:16:07.801|INFO|CharacterScraper|Prevented Fischl duplicate scan
2026-10-01 08:16:09.324|DEBUG|CharacterScraper|Scanned character name as Bennett with element Pyro
2026-10-01 08:16:09.364|DEBUG|CharacterScraper|Scanned character level as Level 90 / 90
2026-10-01 08:16:09.364|DEBUG|CharacterScraper|Filtered scanned text to 90/90
2026-10-01 08:16:09.368|DEBUG|CharacterScraper|Parsed character level as 90
2026-10-01 08:16:09.368|INFO|CharacterScraper|Bennett Level: 90
2026-10-01 08:16:09.368|INFO|CharacterScraper|Bennett Ascended: False
2026-10-01 08:16:13.206|INFO|CharacterScraper|Bennett Constellation: 6
2026-10-01 08:16:15.599|INFO|CharacterScraper|Bennett Talents: {auto=8, skill=12, burst=13}
2026-10-01 08:16:15.856|INFO|CharacterScraper|Prevented Bennett duplicate scan
2026-10-01 08:16:17.351|DEBUG|CharacterScraper|Scanned character name as Zibai with element Geo
2026-10-01 08:16:17.398|DEBUG|CharacterScraper|Scanned character level as Level 80 / 80
2026-10-01 08:16:17.398|DEBUG|CharacterScraper|Filtered scanned text to 80/80
2026-10-01 08:16:17.402|DEBUG|CharacterScraper|Parsed character level as 80
2026-10-01 08:16:17.402|INFO|CharacterScraper|Zibai Level: 80
2026-10-01 08:16:17.402|INFO|CharacterScraper|Zibai Ascended: False
2026-10-01 08:16:18.956|INFO|CharacterScraper|Zibai Constellation: 0
2026-10-01 08:16:21.402|INFO|CharacterScraper|Zibai Talents: {auto=6, skill=8, burst=6}
2026-10-01 08:16:21.658|INFO|CharacterScraper|Prevented Zibai duplicate scan
2026-10-01 08:16:23.169|DEBUG|CharacterScraper|Scanned character name as Jean with element Anemo
2026-10-01 08:16:23.221|DEBUG|CharacterScraper|Scanned character level as Level 80 / 80
2026-10-01 08:16:23.221|DEBUG|CharacterScraper|Filtered scanned text to 80/80
2026-10-01 08:16:23.221|DEBUG|CharacterScraper|Parsed character level as 80
2026-10-01 08:16:23.221|INFO|CharacterScraper|Jean Level: 80
2026-10-01 08:16:23.221|INFO|CharacterScraper|Jean Ascended: False
2026-10-01 08:16:25.309|INFO|CharacterScraper|Jean Constellation: 1
2026-10-01 08:16:27.679|INFO|CharacterScraper|Jean Talents: {auto=7, skill=8, burst=8}
2026-10-01 08:16:27.938|INFO|CharacterScraper|Prevented Jean duplicate scan
2026-10-01 08:16:29.449|DEBUG|CharacterScraper|Scanned character name as Cyno with element Electro
2026-10-01 08:16:29.487|DEBUG|CharacterScraper|Scanned character level as Level 80 / 80
2026-10-01 08:16:29.487|DEBUG|CharacterScraper|Filtered scanned text to 80/80
2026-10-01 08:16:29.487|DEBUG|CharacterScraper|Parsed character level as 80
2026-10-01 08:16:29.487|INFO|CharacterScraper|Cyno Level: 80
2026-10-01 08:16:29.487|INFO|CharacterScraper|Cyno Ascended: False
2026-10-01 08:16:31.076|INFO|CharacterScraper|Cyno Constellation: 0
2026-10-01 08:16:33.522|INFO|CharacterScraper|Cyno Talents: {auto=6, skill=6, burst=6}
2026-10-01 08:16:33.786|INFO|CharacterScraper|Prevented Cyno duplicate scan
2026-10-01 08:16:35.305|DEBUG|CharacterScraper|Scanned character name as Mualani with element Hydro
2026-10-01 08:16:35.345|DEBUG|CharacterScraper|Scanned character level as Level 80 / 80
2026-10-01 08:16:35.345|DEBUG|CharacterScraper|Filtered scanned text to 80/80
2026-10-01 08:16:35.345|DEBUG|CharacterScraper|Parsed character level as 80
2026-10-01 08:16:35.345|INFO|CharacterScraper|Mualani Level: 80
2026-10-01 08:16:35.345|INFO|CharacterScraper|Mualani Ascended: False
2026-10-01 08:16:36.910|INFO|CharacterScraper|Mualani Constellation: 0
2026-10-01 08:16:39.303|INFO|CharacterScraper|Mualani Talents: {auto=1, skill=1, burst=1}
2026-10-01 08:16:39.568|INFO|CharacterScraper|Prevented Mualani duplicate scan
2026-10-01 08:16:41.082|DEBUG|GenshinProcesor|Most similar string found for arlecchinoj as arlecchino (90,9090909090909%)
2026-10-01 08:16:41.082|DEBUG|CharacterScraper|Scanned character name as Arlecchino with element Pyro
2026-10-01 08:16:41.112|DEBUG|CharacterScraper|Scanned character level as Level 80 / 80
2026-10-01 08:16:41.112|DEBUG|CharacterScraper|Filtered scanned text to 80/80
2026-10-01 08:16:41.112|DEBUG|CharacterScraper|Parsed character level as 80
2026-10-01 08:16:41.112|INFO|CharacterScraper|Arlecchino Level: 80
2026-10-01 08:16:41.112|INFO|CharacterScraper|Arlecchino Ascended: False
2026-10-01 08:16:42.664|INFO|CharacterScraper|Arlecchino Constellation: 0
2026-10-01 08:16:45.002|INFO|CharacterScraper|Arlecchino Talents: {auto=6, skill=6, burst=6}
2026-10-01 08:16:45.256|INFO|CharacterScraper|Prevented Arlecchino duplicate scan
2026-10-01 08:16:46.773|DEBUG|CharacterScraper|Scanned character name as Kachina with element Geo
2026-10-01 08:16:46.801|DEBUG|CharacterScraper|Scanned character level as Level 80 / 80
2026-10-01 08:16:46.801|DEBUG|CharacterScraper|Filtered scanned text to 80/80
2026-10-01 08:16:46.801|DEBUG|CharacterScraper|Parsed character level as 80
2026-10-01 08:16:46.801|INFO|CharacterScraper|Kachina Level: 80
2026-10-01 08:16:46.801|INFO|CharacterScraper|Kachina Ascended: False
2026-10-01 08:16:50.708|INFO|CharacterScraper|Kachina Constellation: 6
2026-10-01 08:16:53.125|INFO|CharacterScraper|Kachina Talents: {auto=4, skill=9, burst=8}
2026-10-01 08:16:53.375|INFO|CharacterScraper|Prevented Kachina duplicate scan
2026-10-01 08:16:54.889|DEBUG|CharacterScraper|Scanned character name as Ningguang with element Geo
2026-10-01 08:16:54.935|DEBUG|CharacterScraper|Scanned character level as Level 80 / 80)
2026-10-01 08:16:54.935|DEBUG|CharacterScraper|Filtered scanned text to 80/80
2026-10-01 08:16:54.935|DEBUG|CharacterScraper|Parsed character level as 80
2026-10-01 08:16:54.935|INFO|CharacterScraper|Ningguang Level: 80
2026-10-01 08:16:54.935|INFO|CharacterScraper|Ningguang Ascended: False
2026-10-01 08:16:58.933|INFO|CharacterScraper|Ningguang Constellation: 5
2026-10-01 08:17:01.326|INFO|CharacterScraper|Ningguang Talents: {auto=2, skill=5, burst=5}
2026-10-01 08:17:01.590|INFO|CharacterScraper|Prevented Ningguang duplicate scan
2026-10-01 08:17:03.124|DEBUG|CharacterScraper|Scanned character name as Ifa with element Anemo
2026-10-01 08:17:03.158|DEBUG|CharacterScraper|Scanned character level as Level 80 / 80°
2026-10-01 08:17:03.158|DEBUG|CharacterScraper|Filtered scanned text to 80/80
2026-10-01 08:17:03.158|DEBUG|CharacterScraper|Parsed character level as 80
2026-10-01 08:17:03.158|INFO|CharacterScraper|Ifa Level: 80
2026-10-01 08:17:03.158|INFO|CharacterScraper|Ifa Ascended: False
2026-10-01 08:17:06.513|INFO|CharacterScraper|Ifa Constellation: 4
2026-10-01 08:17:08.918|INFO|CharacterScraper|Ifa Talents: {auto=1, skill=4, burst=1}
2026-10-01 08:17:09.172|INFO|CharacterScraper|Prevented Ifa duplicate scan
2026-10-01 08:17:10.677|DEBUG|CharacterScraper|Scanned character name as Wanderer with element Anemo
2026-10-01 08:17:10.720|DEBUG|CharacterScraper|Scanned character level as Level 70 / 70)
2026-10-01 08:17:10.720|DEBUG|CharacterScraper|Filtered scanned text to 70/70
2026-10-01 08:17:10.720|DEBUG|CharacterScraper|Parsed character level as 70
2026-10-01 08:17:10.720|INFO|CharacterScraper|Wanderer Level: 70
2026-10-01 08:17:10.720|INFO|CharacterScraper|Wanderer Ascended: False
2026-10-01 08:17:12.265|INFO|CharacterScraper|Wanderer Constellation: 0
2026-10-01 08:17:14.657|INFO|CharacterScraper|Wanderer Talents: {auto=3, skill=5, burst=4}
2026-10-01 08:17:14.913|INFO|CharacterScraper|Prevented Wanderer duplicate scan
2026-10-01 08:17:16.401|DEBUG|CharacterScraper|Scanned character name as Qiqi with element Cryo
2026-10-01 08:17:16.434|DEBUG|CharacterScraper|Scanned character level as Level 70 / 70)
2026-10-01 08:17:16.434|DEBUG|CharacterScraper|Filtered scanned text to 70/70
2026-10-01 08:17:16.434|DEBUG|CharacterScraper|Parsed character level as 70
2026-10-01 08:17:16.434|INFO|CharacterScraper|Qiqi Level: 70
2026-10-01 08:17:16.434|INFO|CharacterScraper|Qiqi Ascended: False
2026-10-01 08:17:18.449|INFO|CharacterScraper|Qiqi Constellation: 1
2026-10-01 08:17:20.888|INFO|CharacterScraper|Qiqi Talents: {auto=1, skill=1, burst=1}
2026-10-01 08:17:21.149|INFO|CharacterScraper|Prevented Qiqi duplicate scan
2026-10-01 08:17:22.648|DEBUG|CharacterScraper|Scanned character name as Rosaria with element Cryo
2026-10-01 08:17:22.692|DEBUG|CharacterScraper|Scanned character level as Level 70 / 70
2026-10-01 08:17:22.692|DEBUG|CharacterScraper|Filtered scanned text to 70/70
2026-10-01 08:17:22.692|DEBUG|CharacterScraper|Parsed character level as 70
2026-10-01 08:17:22.692|INFO|CharacterScraper|Rosaria Level: 70
2026-10-01 08:17:22.692|INFO|CharacterScraper|Rosaria Ascended: False
2026-10-01 08:17:26.710|INFO|CharacterScraper|Rosaria Constellation: 6
2026-10-01 08:17:29.177|INFO|CharacterScraper|Rosaria Talents: {auto=1, skill=4, burst=4}
2026-10-01 08:17:29.428|INFO|CharacterScraper|Prevented Rosaria duplicate scan
2026-10-01 08:17:30.934|DEBUG|CharacterScraper|Scanned character name as Diona with element Cryo
2026-10-01 08:17:30.979|DEBUG|CharacterScraper|Scanned character level as Level 70 / 70
2026-10-01 08:17:30.979|DEBUG|CharacterScraper|Filtered scanned text to 70/70
2026-10-01 08:17:30.984|DEBUG|CharacterScraper|Parsed character level as 70
2026-10-01 08:17:30.984|INFO|CharacterScraper|Diona Level: 70
2026-10-01 08:17:30.984|INFO|CharacterScraper|Diona Ascended: False
2026-10-01 08:17:34.987|INFO|CharacterScraper|Diona Constellation: 6
2026-10-01 08:17:37.329|INFO|CharacterScraper|Diona Talents: {auto=1, skill=4, burst=4}
2026-10-01 08:17:37.592|INFO|CharacterScraper|Prevented Diona duplicate scan
2026-10-01 08:17:39.109|DEBUG|CharacterScraper|Scanned character name as Chongyun with element Cryo
2026-10-01 08:17:39.141|DEBUG|CharacterScraper|Scanned character level as Level 70 / 70
2026-10-01 08:17:39.141|DEBUG|CharacterScraper|Filtered scanned text to 70/70
2026-10-01 08:17:39.141|DEBUG|CharacterScraper|Parsed character level as 70
2026-10-01 08:17:39.141|INFO|CharacterScraper|Chongyun Level: 70
2026-10-01 08:17:39.141|INFO|CharacterScraper|Chongyun Ascended: False
2026-10-01 08:17:42.932|INFO|CharacterScraper|Chongyun Constellation: 6
2026-10-01 08:17:45.308|INFO|CharacterScraper|Chongyun Talents: {auto=1, skill=4, burst=4}
2026-10-01 08:17:45.559|INFO|CharacterScraper|Prevented Chongyun duplicate scan
2026-10-01 08:17:47.086|DEBUG|CharacterScraper|Scanned character name as Beidou with element Electro
2026-10-01 08:17:47.120|DEBUG|CharacterScraper|Scanned character level as Level 70 / 70
2026-10-01 08:17:47.120|DEBUG|CharacterScraper|Filtered scanned text to 70/70
2026-10-01 08:17:47.123|DEBUG|CharacterScraper|Parsed character level as 70
2026-10-01 08:17:47.123|INFO|CharacterScraper|Beidou Level: 70
2026-10-01 08:17:47.123|INFO|CharacterScraper|Beidou Ascended: False
2026-10-01 08:17:51.112|INFO|CharacterScraper|Beidou Constellation: 6
2026-10-01 08:17:53.470|INFO|CharacterScraper|Beidou Talents: {auto=1, skill=4, burst=4}
2026-10-01 08:17:53.721|INFO|CharacterScraper|Prevented Beidou duplicate scan
2026-10-01 08:17:55.253|DEBUG|CharacterScraper|Scanned character name as Razor with element Electro
2026-10-01 08:17:55.287|DEBUG|CharacterScraper|Scanned character level as Level 70 / 70
2026-10-01 08:17:55.287|DEBUG|CharacterScraper|Filtered scanned text to 70/70
2026-10-01 08:17:55.287|DEBUG|CharacterScraper|Parsed character level as 70
2026-10-01 08:17:55.287|INFO|CharacterScraper|Razor Level: 70
2026-10-01 08:17:55.287|INFO|CharacterScraper|Razor Ascended: False
2026-10-01 08:17:57.826|INFO|CharacterScraper|Razor Constellation: 2
2026-10-01 08:18:00.207|INFO|CharacterScraper|Razor Talents: {auto=2, skill=2, burst=2}
2026-10-01 08:18:00.472|INFO|CharacterScraper|Prevented Razor duplicate scan
2026-10-01 08:18:01.982|DEBUG|CharacterScraper|Scanned character name as Lisa with element Electro
2026-10-01 08:18:02.021|DEBUG|CharacterScraper|Scanned character level as Level 70 / 70
2026-10-01 08:18:02.021|DEBUG|CharacterScraper|Filtered scanned text to 70/70
2026-10-01 08:18:02.021|DEBUG|CharacterScraper|Parsed character level as 70
2026-10-01 08:18:02.021|INFO|CharacterScraper|Lisa Level: 70
2026-10-01 08:18:02.021|INFO|CharacterScraper|Lisa Ascended: False
2026-10-01 08:18:03.611|INFO|CharacterScraper|Lisa Constellation: 0
2026-10-01 08:18:05.969|INFO|CharacterScraper|Lisa Talents: {auto=2, skill=3, burst=3}
2026-10-01 08:18:06.220|INFO|CharacterScraper|Prevented Lisa duplicate scan
2026-10-01 08:18:07.744|DEBUG|CharacterScraper|Scanned character name as Xiangling with element Pyro
2026-10-01 08:18:07.782|DEBUG|CharacterScraper|Scanned character level as Level 70 / 70
2026-10-01 08:18:07.782|DEBUG|CharacterScraper|Filtered scanned text to 70/70
2026-10-01 08:18:07.782|DEBUG|CharacterScraper|Parsed character level as 70
2026-10-01 08:18:07.782|INFO|CharacterScraper|Xiangling Level: 70
2026-10-01 08:18:07.782|INFO|CharacterScraper|Xiangling Ascended: False
2026-10-01 08:18:10.244|INFO|CharacterScraper|Xiangling Constellation: 2
2026-10-01 08:18:12.596|INFO|CharacterScraper|Xiangling Talents: {auto=2, skill=3, burst=4}
2026-10-01 08:18:12.858|INFO|CharacterScraper|Prevented Xiangling duplicate scan
2026-10-01 08:18:14.359|DEBUG|CharacterScraper|Scanned character name as Varesa with element Electro
2026-10-01 08:18:14.398|DEBUG|CharacterScraper|Scanned character level as Level 60 / 60
2026-10-01 08:18:14.398|DEBUG|CharacterScraper|Filtered scanned text to 60/60
2026-10-01 08:18:14.398|DEBUG|CharacterScraper|Parsed character level as 60
2026-10-01 08:18:14.398|INFO|CharacterScraper|Varesa Level: 60
2026-10-01 08:18:14.398|INFO|CharacterScraper|Varesa Ascended: False
2026-10-01 08:18:15.945|INFO|CharacterScraper|Varesa Constellation: 0
2026-10-01 08:18:18.346|INFO|CharacterScraper|Varesa Talents: {auto=1, skill=1, burst=1}
2026-10-01 08:18:18.602|INFO|CharacterScraper|Prevented Varesa duplicate scan
2026-10-01 08:18:20.130|DEBUG|CharacterScraper|Scanned character name as Tighnari with element Dendro
2026-10-01 08:18:20.173|DEBUG|CharacterScraper|Scanned character level as Level 60 / 60
2026-10-01 08:18:20.173|DEBUG|CharacterScraper|Filtered scanned text to 60/60
2026-10-01 08:18:20.173|DEBUG|CharacterScraper|Parsed character level as 60
2026-10-01 08:18:20.173|INFO|CharacterScraper|Tighnari Level: 60
2026-10-01 08:18:20.173|INFO|CharacterScraper|Tighnari Ascended: False
2026-10-01 08:18:22.244|INFO|CharacterScraper|Tighnari Constellation: 1
2026-10-01 08:18:24.696|INFO|CharacterScraper|Tighnari Talents: {auto=2, skill=1, burst=1}
2026-10-01 08:18:24.949|INFO|CharacterScraper|Prevented Tighnari duplicate scan
2026-10-01 08:18:26.464|DEBUG|CharacterScraper|Scanned character name as Mona with element Hydro
2026-10-01 08:18:26.505|DEBUG|CharacterScraper|Scanned character level as Level 60 / 60
2026-10-01 08:18:26.505|DEBUG|CharacterScraper|Filtered scanned text to 60/60
2026-10-01 08:18:26.505|DEBUG|CharacterScraper|Parsed character level as 60
2026-10-01 08:18:26.505|INFO|CharacterScraper|Mona Level: 60
2026-10-01 08:18:26.505|INFO|CharacterScraper|Mona Ascended: False
2026-10-01 08:18:29.113|INFO|CharacterScraper|Mona Constellation: 2
2026-10-01 08:18:31.530|INFO|CharacterScraper|Mona Talents: {auto=1, skill=1, burst=1}
2026-10-01 08:18:31.790|INFO|CharacterScraper|Prevented Mona duplicate scan
2026-10-01 08:18:33.297|DEBUG|CharacterScraper|Scanned character name as Diluc with element Pyro
2026-10-01 08:18:33.338|DEBUG|CharacterScraper|Scanned character level as Level 60 / 60
2026-10-01 08:18:33.338|DEBUG|CharacterScraper|Filtered scanned text to 60/60
2026-10-01 08:18:33.338|DEBUG|CharacterScraper|Parsed character level as 60
2026-10-01 08:18:33.338|INFO|CharacterScraper|Diluc Level: 60
2026-10-01 08:18:33.338|INFO|CharacterScraper|Diluc Ascended: False
2026-10-01 08:18:35.807|INFO|CharacterScraper|Diluc Constellation: 2
2026-10-01 08:18:38.155|INFO|CharacterScraper|Diluc Talents: {auto=1, skill=1, burst=1}
2026-10-01 08:18:38.408|INFO|CharacterScraper|Prevented Diluc duplicate scan
2026-10-01 08:18:39.898|DEBUG|GenshinProcesor|Most similar string found for illugaj as illuga (85,7142857142857%)
2026-10-01 08:18:39.898|DEBUG|CharacterScraper|Scanned character name as Illuga with element Geo
2026-10-01 08:18:39.932|DEBUG|CharacterScraper|Scanned character level as Level 60 / 60)
2026-10-01 08:18:39.932|DEBUG|CharacterScraper|Filtered scanned text to 60/60
2026-10-01 08:18:39.932|DEBUG|CharacterScraper|Parsed character level as 60
2026-10-01 08:18:39.932|INFO|CharacterScraper|Illuga Level: 60
2026-10-01 08:18:39.932|INFO|CharacterScraper|Illuga Ascended: False
2026-10-01 08:18:41.476|INFO|CharacterScraper|Illuga Constellation: 0
2026-10-01 08:18:43.846|INFO|CharacterScraper|Illuga Talents: {auto=2, skill=2, burst=2}
2026-10-01 08:18:44.102|INFO|CharacterScraper|Prevented Illuga duplicate scan
2026-10-01 08:18:45.624|DEBUG|CharacterScraper|Scanned character name as Jahoda with element Anemo
2026-10-01 08:18:45.667|DEBUG|CharacterScraper|Scanned character level as Level 60 / 60)
2026-10-01 08:18:45.667|DEBUG|CharacterScraper|Filtered scanned text to 60/60
2026-10-01 08:18:45.667|DEBUG|CharacterScraper|Parsed character level as 60
2026-10-01 08:18:45.667|INFO|CharacterScraper|Jahoda Level: 60
2026-10-01 08:18:45.667|INFO|CharacterScraper|Jahoda Ascended: False
2026-10-01 08:18:48.093|INFO|CharacterScraper|Jahoda Constellation: 2
2026-10-01 08:18:50.555|INFO|CharacterScraper|Jahoda Talents: {auto=1, skill=1, burst=1}
2026-10-01 08:18:50.813|INFO|CharacterScraper|Prevented Jahoda duplicate scan
2026-10-01 08:18:52.344|DEBUG|CharacterScraper|Scanned character name as LanYan with element Anemo
2026-10-01 08:18:52.385|DEBUG|CharacterScraper|Scanned character level as Level 60 / 60)
2026-10-01 08:18:52.385|DEBUG|CharacterScraper|Filtered scanned text to 60/60
2026-10-01 08:18:52.385|DEBUG|CharacterScraper|Parsed character level as 60
2026-10-01 08:18:52.385|INFO|CharacterScraper|LanYan Level: 60
2026-10-01 08:18:52.385|INFO|CharacterScraper|LanYan Ascended: False
2026-10-01 08:18:54.941|INFO|CharacterScraper|LanYan Constellation: 2
2026-10-01 08:18:57.375|INFO|CharacterScraper|LanYan Talents: {auto=1, skill=1, burst=1}
2026-10-01 08:18:57.636|INFO|CharacterScraper|Prevented LanYan duplicate scan
2026-10-01 08:18:59.165|DEBUG|CharacterScraper|Scanned character name as Lynette with element Anemo
2026-10-01 08:18:59.200|DEBUG|CharacterScraper|Scanned character level as Level 60 / 60
2026-10-01 08:18:59.200|DEBUG|CharacterScraper|Filtered scanned text to 60/60
2026-10-01 08:18:59.200|DEBUG|CharacterScraper|Parsed character level as 60
2026-10-01 08:18:59.200|INFO|CharacterScraper|Lynette Level: 60
2026-10-01 08:18:59.200|INFO|CharacterScraper|Lynette Ascended: False
2026-10-01 08:19:03.202|INFO|CharacterScraper|Lynette Constellation: 6
2026-10-01 08:19:05.575|INFO|CharacterScraper|Lynette Talents: {auto=2, skill=5, burst=5}
2026-10-01 08:19:05.826|INFO|CharacterScraper|Prevented Lynette duplicate scan
2026-10-01 08:19:07.331|DEBUG|CharacterScraper|Scanned character name as Faruzan with element Anemo
2026-10-01 08:19:07.371|DEBUG|CharacterScraper|Scanned character level as LeVel 60 / 60
2026-10-01 08:19:07.371|DEBUG|CharacterScraper|Filtered scanned text to 60/60
2026-10-01 08:19:07.371|DEBUG|CharacterScraper|Parsed character level as 60
2026-10-01 08:19:07.371|INFO|CharacterScraper|Faruzan Level: 60
2026-10-01 08:19:07.371|INFO|CharacterScraper|Faruzan Ascended: False
2026-10-01 08:19:11.162|INFO|CharacterScraper|Faruzan Constellation: 6
2026-10-01 08:19:13.551|INFO|CharacterScraper|Faruzan Talents: {auto=1, skill=4, burst=4}
2026-10-01 08:19:13.804|INFO|CharacterScraper|Prevented Faruzan duplicate scan
2026-10-01 08:19:15.319|DEBUG|CharacterScraper|Scanned character name as Layla with element Cryo
2026-10-01 08:19:15.350|DEBUG|CharacterScraper|Scanned character level as Level 60 / 60)
2026-10-01 08:19:15.350|DEBUG|CharacterScraper|Filtered scanned text to 60/60
2026-10-01 08:19:15.350|DEBUG|CharacterScraper|Parsed character level as 60
2026-10-01 08:19:15.350|INFO|CharacterScraper|Layla Level: 60
2026-10-01 08:19:15.350|INFO|CharacterScraper|Layla Ascended: False
2026-10-01 08:19:19.141|INFO|CharacterScraper|Layla Constellation: 5
2026-10-01 08:19:21.582|INFO|CharacterScraper|Layla Talents: {auto=1, skill=4, burst=5}
2026-10-01 08:19:21.833|INFO|CharacterScraper|Prevented Layla duplicate scan
2026-10-01 08:19:23.360|DEBUG|CharacterScraper|Scanned character name as Kaveh with element Dendro
2026-10-01 08:19:23.402|DEBUG|CharacterScraper|Scanned character level as Level 60 / 60
2026-10-01 08:19:23.402|DEBUG|CharacterScraper|Filtered scanned text to 60/60
2026-10-01 08:19:23.402|DEBUG|CharacterScraper|Parsed character level as 60
2026-10-01 08:19:23.402|INFO|CharacterScraper|Kaveh Level: 60
2026-10-01 08:19:23.402|INFO|CharacterScraper|Kaveh Ascended: False
2026-10-01 08:19:26.442|INFO|CharacterScraper|Kaveh Constellation: 3
2026-10-01 08:19:28.858|INFO|CharacterScraper|Kaveh Talents: {auto=1, skill=1, burst=4}
2026-10-01 08:19:29.120|INFO|CharacterScraper|Prevented Kaveh duplicate scan
2026-10-01 08:19:30.654|DEBUG|CharacterScraper|Scanned character name as Yaoyao with element Dendro
2026-10-01 08:19:30.703|DEBUG|CharacterScraper|Scanned character level as Level 60 / 60)
2026-10-01 08:19:30.703|DEBUG|CharacterScraper|Filtered scanned text to 60/60
2026-10-01 08:19:30.710|DEBUG|CharacterScraper|Parsed character level as 60
2026-10-01 08:19:30.710|INFO|CharacterScraper|Yaoyao Level: 60
2026-10-01 08:19:30.710|INFO|CharacterScraper|Yaoyao Ascended: False
2026-10-01 08:19:33.738|INFO|CharacterScraper|Yaoyao Constellation: 3
2026-10-01 08:19:36.095|INFO|CharacterScraper|Yaoyao Talents: {auto=1, skill=4, burst=1}
2026-10-01 08:19:36.349|INFO|CharacterScraper|Prevented Yaoyao duplicate scan
2026-10-01 08:19:37.839|DEBUG|CharacterScraper|Scanned character name as Collei with element Dendro
2026-10-01 08:19:37.877|DEBUG|CharacterScraper|Scanned character level as Level 60 / 60)
2026-10-01 08:19:37.877|DEBUG|CharacterScraper|Filtered scanned text to 60/60
2026-10-01 08:19:37.880|DEBUG|CharacterScraper|Parsed character level as 60
2026-10-01 08:19:37.880|INFO|CharacterScraper|Collei Level: 60
2026-10-01 08:19:37.880|INFO|CharacterScraper|Collei Ascended: False
2026-10-01 08:19:41.715|INFO|CharacterScraper|Collei Constellation: 6
2026-10-01 08:19:44.045|INFO|CharacterScraper|Collei Talents: {auto=1, skill=4, burst=4}
2026-10-01 08:19:44.311|INFO|CharacterScraper|Prevented Collei duplicate scan
2026-10-01 08:19:45.822|DEBUG|CharacterScraper|Scanned character name as Aino with element Hydro
2026-10-01 08:19:45.857|DEBUG|CharacterScraper|Scanned character level as Level 60 / 60
2026-10-01 08:19:45.857|DEBUG|CharacterScraper|Filtered scanned text to 60/60
2026-10-01 08:19:45.857|DEBUG|CharacterScraper|Parsed character level as 60
2026-10-01 08:19:45.857|INFO|CharacterScraper|Aino Level: 60
2026-10-01 08:19:45.857|INFO|CharacterScraper|Aino Ascended: False
2026-10-01 08:19:49.660|INFO|CharacterScraper|Aino Constellation: 6
2026-10-01 08:19:52.112|INFO|CharacterScraper|Aino Talents: {auto=1, skill=4, burst=4}
2026-10-01 08:19:52.377|INFO|CharacterScraper|Prevented Aino duplicate scan
2026-10-01 08:19:53.898|DEBUG|CharacterScraper|Scanned character name as Candace with element Hydro
2026-10-01 08:19:53.938|DEBUG|CharacterScraper|Scanned character level as Level 60 / 60
2026-10-01 08:19:53.938|DEBUG|CharacterScraper|Filtered scanned text to 60/60
2026-10-01 08:19:53.944|DEBUG|CharacterScraper|Parsed character level as 60
2026-10-01 08:19:53.944|INFO|CharacterScraper|Candace Level: 60
2026-10-01 08:19:53.944|INFO|CharacterScraper|Candace Ascended: False
2026-10-01 08:19:57.973|INFO|CharacterScraper|Candace Constellation: 6
2026-10-01 08:20:00.418|INFO|CharacterScraper|Candace Talents: {auto=1, skill=4, burst=4}
2026-10-01 08:20:00.678|INFO|CharacterScraper|Prevented Candace duplicate scan
2026-10-01 08:20:02.192|DEBUG|CharacterScraper|Scanned character name as Barbara with element Hydro
2026-10-01 08:20:02.229|DEBUG|CharacterScraper|Scanned character level as Level 60 / 60)
2026-10-01 08:20:02.229|DEBUG|CharacterScraper|Filtered scanned text to 60/60
2026-10-01 08:20:02.229|DEBUG|CharacterScraper|Parsed character level as 60
2026-10-01 08:20:02.229|INFO|CharacterScraper|Barbara Level: 60
2026-10-01 08:20:02.229|INFO|CharacterScraper|Barbara Ascended: False
2026-10-01 08:20:06.083|INFO|CharacterScraper|Barbara Constellation: 6
2026-10-01 08:20:08.473|INFO|CharacterScraper|Barbara Talents: {auto=2, skill=5, burst=5}
2026-10-01 08:20:08.734|INFO|CharacterScraper|Prevented Barbara duplicate scan
2026-10-01 08:20:10.231|DEBUG|CharacterScraper|Scanned character name as Gaming with element Pyro
2026-10-01 08:20:10.271|DEBUG|CharacterScraper|Scanned character level as Level 60 / 60
2026-10-01 08:20:10.271|DEBUG|CharacterScraper|Filtered scanned text to 60/60
2026-10-01 08:20:10.271|DEBUG|CharacterScraper|Parsed character level as 60
2026-10-01 08:20:10.271|INFO|CharacterScraper|Gaming Level: 60
2026-10-01 08:20:10.271|INFO|CharacterScraper|Gaming Ascended: False
2026-10-01 08:20:13.149|INFO|CharacterScraper|Gaming Constellation: 3
2026-10-01 08:20:15.493|INFO|CharacterScraper|Gaming Talents: {auto=1, skill=4, burst=1}
2026-10-01 08:20:15.756|INFO|CharacterScraper|Prevented Gaming duplicate scan
2026-10-01 08:20:17.268|DEBUG|CharacterScraper|Scanned character name as Chevreuse with element Pyro
2026-10-01 08:20:17.300|DEBUG|CharacterScraper|Scanned character level as Level 60-/ 60
2026-10-01 08:20:17.300|DEBUG|CharacterScraper|Filtered scanned text to 60/60
2026-10-01 08:20:17.305|DEBUG|CharacterScraper|Parsed character level as 60
2026-10-01 08:20:17.305|INFO|CharacterScraper|Chevreuse Level: 60
2026-10-01 08:20:17.305|INFO|CharacterScraper|Chevreuse Ascended: False
2026-10-01 08:20:19.300|INFO|CharacterScraper|Chevreuse Constellation: 1
2026-10-01 08:20:21.749|INFO|CharacterScraper|Chevreuse Talents: {auto=1, skill=1, burst=1}
2026-10-01 08:20:22.009|INFO|CharacterScraper|Prevented Chevreuse duplicate scan
2026-10-01 08:20:23.537|DEBUG|CharacterScraper|Scanned character name as Thoma with element Pyro
2026-10-01 08:20:23.574|DEBUG|CharacterScraper|Scanned character level as Level 60'/ 60°
2026-10-01 08:20:23.574|DEBUG|CharacterScraper|Filtered scanned text to 60/60
2026-10-01 08:20:23.574|DEBUG|CharacterScraper|Parsed character level as 60
2026-10-01 08:20:23.574|INFO|CharacterScraper|Thoma Level: 60
2026-10-01 08:20:23.574|INFO|CharacterScraper|Thoma Ascended: False
2026-10-01 08:20:25.151|INFO|CharacterScraper|Thoma Constellation: 0
2026-10-01 08:20:27.516|INFO|CharacterScraper|Thoma Talents: {auto=1, skill=1, burst=1}
2026-10-01 08:20:27.774|INFO|CharacterScraper|Prevented Thoma duplicate scan
2026-10-01 08:20:29.308|DEBUG|CharacterScraper|Scanned character name as Yanfei with element Pyro
2026-10-01 08:20:29.342|DEBUG|CharacterScraper|Scanned character level as Level 60 / 60
2026-10-01 08:20:29.342|DEBUG|CharacterScraper|Filtered scanned text to 60/60
2026-10-01 08:20:29.342|DEBUG|CharacterScraper|Parsed character level as 60
2026-10-01 08:20:29.342|INFO|CharacterScraper|Yanfei Level: 60
2026-10-01 08:20:29.342|INFO|CharacterScraper|Yanfei Ascended: False
2026-10-01 08:20:32.414|INFO|CharacterScraper|Yanfei Constellation: 3
2026-10-01 08:20:34.787|INFO|CharacterScraper|Yanfei Talents: {auto=4, skill=7, burst=4}
2026-10-01 08:20:35.039|INFO|CharacterScraper|Prevented Yanfei duplicate scan
2026-10-01 08:20:36.538|DEBUG|CharacterScraper|Scanned character name as Xinyan with element Pyro
2026-10-01 08:20:36.566|DEBUG|CharacterScraper|Scanned character level as Level 60 / 60
2026-10-01 08:20:36.566|DEBUG|CharacterScraper|Filtered scanned text to 60/60
2026-10-01 08:20:36.566|DEBUG|CharacterScraper|Parsed character level as 60
2026-10-01 08:20:36.566|INFO|CharacterScraper|Xinyan Level: 60
2026-10-01 08:20:36.566|INFO|CharacterScraper|Xinyan Ascended: False
2026-10-01 08:20:40.342|INFO|CharacterScraper|Xinyan Constellation: 6
2026-10-01 08:20:42.720|INFO|CharacterScraper|Xinyan Talents: {auto=1, skill=4, burst=4}
2026-10-01 08:20:42.971|INFO|CharacterScraper|Prevented Xinyan duplicate scan
2026-10-01 08:20:44.483|DEBUG|CharacterScraper|Scanned character name as Amber with element Pyro
2026-10-01 08:20:44.521|DEBUG|CharacterScraper|Scanned character level as - Level 60 / 60
2026-10-01 08:20:44.521|DEBUG|CharacterScraper|Filtered scanned text to 60/60
2026-10-01 08:20:44.526|DEBUG|CharacterScraper|Parsed character level as 60
2026-10-01 08:20:44.526|INFO|CharacterScraper|Amber Level: 60
2026-10-01 08:20:44.526|INFO|CharacterScraper|Amber Ascended: False
2026-10-01 08:20:47.422|INFO|CharacterScraper|Amber Constellation: 3
2026-10-01 08:20:49.764|INFO|CharacterScraper|Amber Talents: {auto=1, skill=1, burst=4}
2026-10-01 08:20:50.022|INFO|CharacterScraper|Prevented Amber duplicate scan
2026-10-01 08:20:51.532|DEBUG|CharacterScraper|Scanned character name as Alyosha with element Electro
2026-10-01 08:20:51.566|DEBUG|CharacterScraper|Scanned character level as Level 58 / 60
2026-10-01 08:20:51.566|DEBUG|CharacterScraper|Filtered scanned text to 58/60
2026-10-01 08:20:51.571|DEBUG|CharacterScraper|Parsed character level as 58
2026-10-01 08:20:51.571|INFO|CharacterScraper|Alyosha Level: 58
2026-10-01 08:20:51.571|INFO|CharacterScraper|Alyosha Ascended: True
2026-10-01 08:20:55.618|INFO|CharacterScraper|Alyosha Constellation: 5
2026-10-01 08:20:58.042|INFO|CharacterScraper|Alyosha Talents: {auto=1, skill=4, burst=4}
2026-10-01 08:20:58.302|INFO|CharacterScraper|Prevented Alyosha duplicate scan
2026-10-01 08:20:59.825|DEBUG|CharacterScraper|Scanned character name as Vesna with element Anemo
2026-10-01 08:20:59.860|DEBUG|CharacterScraper|Scanned character level as Level 50 / 50
2026-10-01 08:20:59.860|DEBUG|CharacterScraper|Filtered scanned text to 50/50
2026-10-01 08:20:59.860|DEBUG|CharacterScraper|Parsed character level as 50
2026-10-01 08:20:59.860|INFO|CharacterScraper|Vesna Level: 50
2026-10-01 08:20:59.860|INFO|CharacterScraper|Vesna Ascended: False
2026-10-01 08:21:01.437|INFO|CharacterScraper|Vesna Constellation: 0
2026-10-01 08:21:03.843|INFO|CharacterScraper|Vesna Talents: {auto=1, skill=1, burst=1}
2026-10-01 08:21:04.107|INFO|CharacterScraper|Prevented Vesna duplicate scan
2026-10-01 08:21:05.615|DEBUG|CharacterScraper|Scanned character name as Keqing with element Electro
2026-10-01 08:21:05.661|DEBUG|CharacterScraper|Scanned character level as Level 50 / 50
2026-10-01 08:21:05.661|DEBUG|CharacterScraper|Filtered scanned text to 50/50
2026-10-01 08:21:05.665|DEBUG|CharacterScraper|Parsed character level as 50
2026-10-01 08:21:05.665|INFO|CharacterScraper|Keqing Level: 50
2026-10-01 08:21:05.665|INFO|CharacterScraper|Keqing Ascended: False
2026-10-01 08:21:07.202|INFO|CharacterScraper|Keqing Constellation: 0
2026-10-01 08:21:09.582|INFO|CharacterScraper|Keqing Talents: {auto=1, skill=1, burst=1}
2026-10-01 08:21:09.846|INFO|CharacterScraper|Prevented Keqing duplicate scan
2026-10-01 08:21:11.389|DEBUG|CharacterScraper|Could not parse character name/element (Atempt 1/75). Retrying...
2026-10-01 08:21:11.584|DEBUG|GenshinProcesor|Most similar string found for shikanoinheizd as shikanoinheizou (86,6666666666667%)
2026-10-01 08:21:11.584|DEBUG|CharacterScraper|Scanned character name as ShikanoinHeizou with element Anemo
2026-10-01 08:21:11.626|DEBUG|CharacterScraper|Scanned character level as Level 50 / 50)
2026-10-01 08:21:11.626|DEBUG|CharacterScraper|Filtered scanned text to 50/50
2026-10-01 08:21:11.626|DEBUG|CharacterScraper|Parsed character level as 50
2026-10-01 08:21:11.626|INFO|CharacterScraper|ShikanoinHeizou Level: 50
2026-10-01 08:21:11.626|INFO|CharacterScraper|ShikanoinHeizou Ascended: False
2026-10-01 08:21:15.480|INFO|CharacterScraper|ShikanoinHeizou Constellation: 6
2026-10-01 08:21:17.865|INFO|CharacterScraper|ShikanoinHeizou Talents: {auto=1, skill=4, burst=4}
2026-10-01 08:21:18.122|INFO|CharacterScraper|Prevented ShikanoinHeizou duplicate scan
2026-10-01 08:21:19.628|DEBUG|CharacterScraper|Scanned character name as Sayu with element Anemo
2026-10-01 08:21:19.671|DEBUG|CharacterScraper|Scanned character level as Level 50 / 50
2026-10-01 08:21:19.671|DEBUG|CharacterScraper|Filtered scanned text to 50/50
2026-10-01 08:21:19.671|DEBUG|CharacterScraper|Parsed character level as 50
2026-10-01 08:21:19.671|INFO|CharacterScraper|Sayu Level: 50
2026-10-01 08:21:19.671|INFO|CharacterScraper|Sayu Ascended: False
2026-10-01 08:21:22.729|INFO|CharacterScraper|Sayu Constellation: 3
2026-10-01 08:21:25.177|INFO|CharacterScraper|Sayu Talents: {auto=1, skill=1, burst=4}
2026-10-01 08:21:25.440|INFO|CharacterScraper|Prevented Sayu duplicate scan
2026-10-01 08:21:26.973|DEBUG|CharacterScraper|Scanned character name as Charlotte with element Cryo
2026-10-01 08:21:27.019|DEBUG|CharacterScraper|Scanned character level as Level50 / 50)
2026-10-01 08:21:27.019|DEBUG|CharacterScraper|Filtered scanned text to 50/50
2026-10-01 08:21:27.019|DEBUG|CharacterScraper|Parsed character level as 50
2026-10-01 08:21:27.019|INFO|CharacterScraper|Charlotte Level: 50
2026-10-01 08:21:27.019|INFO|CharacterScraper|Charlotte Ascended: False
2026-10-01 08:21:31.057|INFO|CharacterScraper|Charlotte Constellation: 5
2026-10-01 08:21:33.541|INFO|CharacterScraper|Charlotte Talents: {auto=1, skill=4, burst=4}
2026-10-01 08:21:33.800|INFO|CharacterScraper|Prevented Charlotte duplicate scan
2026-10-01 08:21:35.318|DEBUG|GenshinProcesor|Most similar string found for gfreminet as freminet (88,8888888888889%)
2026-10-01 08:21:35.318|DEBUG|CharacterScraper|Scanned character name as Freminet with element Cryo
2026-10-01 08:21:35.365|DEBUG|CharacterScraper|Scanned character level as Level 50 / 50
2026-10-01 08:21:35.365|DEBUG|CharacterScraper|Filtered scanned text to 50/50
2026-10-01 08:21:35.365|DEBUG|CharacterScraper|Parsed character level as 50
2026-10-01 08:21:35.365|INFO|CharacterScraper|Freminet Level: 50
2026-10-01 08:21:35.365|INFO|CharacterScraper|Freminet Ascended: False
2026-10-01 08:21:39.149|INFO|CharacterScraper|Freminet Constellation: 5
2026-10-01 08:21:41.526|INFO|CharacterScraper|Freminet Talents: {auto=4, skill=4, burst=1}
2026-10-01 08:21:41.783|INFO|CharacterScraper|Prevented Freminet duplicate scan
2026-10-01 08:21:43.268|DEBUG|CharacterScraper|Scanned character name as Mika with element Cryo
2026-10-01 08:21:43.305|DEBUG|CharacterScraper|Scanned character level as Level 50 / 50) 4
2026-10-01 08:21:43.305|DEBUG|CharacterScraper|Filtered scanned text to 50/504
2026-10-01 08:21:43.308|DEBUG|CharacterScraper|Parsed character level as 50
2026-10-01 08:21:43.308|INFO|CharacterScraper|Mika Level: 50
2026-10-01 08:21:43.308|INFO|CharacterScraper|Mika Ascended: True
2026-10-01 08:21:47.145|INFO|CharacterScraper|Mika Constellation: 6
2026-10-01 08:21:49.537|INFO|CharacterScraper|Mika Talents: {auto=1, skill=4, burst=4}
2026-10-01 08:21:49.789|INFO|CharacterScraper|Prevented Mika duplicate scan
2026-10-01 08:21:51.342|DEBUG|CharacterScraper|Scanned character name as KujouSara with element Electro
2026-10-01 08:21:51.395|DEBUG|CharacterScraper|Scanned character level as Level 50 / 50
2026-10-01 08:21:51.395|DEBUG|CharacterScraper|Filtered scanned text to 50/50
2026-10-01 08:21:51.395|DEBUG|CharacterScraper|Parsed character level as 50
2026-10-01 08:21:51.395|INFO|CharacterScraper|KujouSara Level: 50
2026-10-01 08:21:51.395|INFO|CharacterScraper|KujouSara Ascended: False
2026-10-01 08:21:55.458|INFO|CharacterScraper|KujouSara Constellation: 6
2026-10-01 08:21:57.868|INFO|CharacterScraper|KujouSara Talents: {auto=1, skill=4, burst=4}
2026-10-01 08:21:58.124|INFO|CharacterScraper|Prevented KujouSara duplicate scan
2026-10-01 08:21:59.631|DEBUG|CharacterScraper|Scanned character name as Kirara with element Dendro
2026-10-01 08:21:59.668|DEBUG|CharacterScraper|Scanned character level as Level 50 / 50
2026-10-01 08:21:59.668|DEBUG|CharacterScraper|Filtered scanned text to 50/50
2026-10-01 08:21:59.668|DEBUG|CharacterScraper|Parsed character level as 50
2026-10-01 08:21:59.668|INFO|CharacterScraper|Kirara Level: 50
2026-10-01 08:21:59.668|INFO|CharacterScraper|Kirara Ascended: False
2026-10-01 08:22:01.740|INFO|CharacterScraper|Kirara Constellation: 1
2026-10-01 08:22:04.132|INFO|CharacterScraper|Kirara Talents: {auto=1, skill=1, burst=1}
2026-10-01 08:22:04.392|INFO|CharacterScraper|Prevented Kirara duplicate scan
2026-10-01 08:22:05.886|DEBUG|CharacterScraper|Scanned character name as YunJin with element Geo
2026-10-01 08:22:05.910|DEBUG|CharacterScraper|Scanned character level as Level 40 / 40)
2026-10-01 08:22:05.910|DEBUG|CharacterScraper|Filtered scanned text to 40/40
2026-10-01 08:22:05.910|DEBUG|CharacterScraper|Parsed character level as 40
2026-10-01 08:22:05.910|INFO|CharacterScraper|YunJin Level: 40
2026-10-01 08:22:05.910|INFO|CharacterScraper|YunJin Ascended: False
2026-10-01 08:22:08.806|INFO|CharacterScraper|YunJin Constellation: 3
2026-10-01 08:22:11.205|INFO|CharacterScraper|YunJin Talents: {auto=1, skill=1, burst=4}
2026-10-01 08:22:11.456|INFO|CharacterScraper|Prevented YunJin duplicate scan
2026-10-01 08:22:12.942|DEBUG|CharacterScraper|Scanned character name as Gorou with element Geo
2026-10-01 08:22:12.985|DEBUG|CharacterScraper|Scanned character level as Level 40 / 40)
2026-10-01 08:22:12.985|DEBUG|CharacterScraper|Filtered scanned text to 40/40
2026-10-01 08:22:12.985|DEBUG|CharacterScraper|Parsed character level as 40
2026-10-01 08:22:12.985|INFO|CharacterScraper|Gorou Level: 40
2026-10-01 08:22:12.985|INFO|CharacterScraper|Gorou Ascended: False
2026-10-01 08:22:16.301|INFO|CharacterScraper|Gorou Constellation: 4
2026-10-01 08:22:18.703|INFO|CharacterScraper|Gorou Talents: {auto=1, skill=4, burst=1}
2026-10-01 08:22:18.964|INFO|CharacterScraper|Prevented Gorou duplicate scan
2026-10-01 08:22:20.482|DEBUG|CharacterScraper|Scanned character name as Iansan with element Electro
2026-10-01 08:22:20.525|DEBUG|CharacterScraper|Scanned character level as Level 40 / 40)
2026-10-01 08:22:20.525|DEBUG|CharacterScraper|Filtered scanned text to 40/40
2026-10-01 08:22:20.530|DEBUG|CharacterScraper|Parsed character level as 40
2026-10-01 08:22:20.530|INFO|CharacterScraper|Iansan Level: 40
2026-10-01 08:22:20.530|INFO|CharacterScraper|Iansan Ascended: False
2026-10-01 08:22:23.083|INFO|CharacterScraper|Iansan Constellation: 2
2026-10-01 08:22:25.495|INFO|CharacterScraper|Iansan Talents: {auto=1, skill=1, burst=1}
2026-10-01 08:22:25.756|INFO|CharacterScraper|Prevented Iansan duplicate scan
2026-10-01 08:22:27.289|DEBUG|CharacterScraper|Scanned character name as Sethos with element Electro
2026-10-01 08:22:27.328|DEBUG|CharacterScraper|Scanned character level as Level 40 / 40)
2026-10-01 08:22:27.328|DEBUG|CharacterScraper|Filtered scanned text to 40/40
2026-10-01 08:22:27.328|DEBUG|CharacterScraper|Parsed character level as 40
2026-10-01 08:22:27.328|INFO|CharacterScraper|Sethos Level: 40
2026-10-01 08:22:27.328|INFO|CharacterScraper|Sethos Ascended: False
2026-10-01 08:22:28.921|INFO|CharacterScraper|Sethos Constellation: 0
2026-10-01 08:22:31.353|INFO|CharacterScraper|Sethos Talents: {auto=1, skill=1, burst=1}
2026-10-01 08:22:31.611|INFO|CharacterScraper|Prevented Sethos duplicate scan
2026-10-01 08:22:33.123|DEBUG|CharacterScraper|Scanned character name as Dori with element Electro
2026-10-01 08:22:33.162|DEBUG|CharacterScraper|Scanned character level as Level 40 / 40)
2026-10-01 08:22:33.162|DEBUG|CharacterScraper|Filtered scanned text to 40/40
2026-10-01 08:22:33.162|DEBUG|CharacterScraper|Parsed character level as 40
2026-10-01 08:22:33.162|INFO|CharacterScraper|Dori Level: 40
2026-10-01 08:22:33.162|INFO|CharacterScraper|Dori Ascended: False
2026-10-01 08:22:37.130|INFO|CharacterScraper|Dori Constellation: 6
2026-10-01 08:22:39.577|INFO|CharacterScraper|Dori Talents: {auto=1, skill=4, burst=4}
2026-10-01 08:22:39.829|INFO|CharacterScraper|Prevented Dori duplicate scan
2026-10-01 08:22:41.320|DEBUG|CharacterScraper|Scanned character name as Dahlia with element Hydro
2026-10-01 08:22:41.349|DEBUG|CharacterScraper|Scanned character level as Level 40 / 40)
2026-10-01 08:22:41.349|DEBUG|CharacterScraper|Filtered scanned text to 40/40
2026-10-01 08:22:41.349|DEBUG|CharacterScraper|Parsed character level as 40
2026-10-01 08:22:41.349|INFO|CharacterScraper|Dahlia Level: 40
2026-10-01 08:22:41.349|INFO|CharacterScraper|Dahlia Ascended: False
2026-10-01 08:22:43.314|INFO|CharacterScraper|Dahlia Constellation: 1
2026-10-01 08:22:45.724|INFO|CharacterScraper|Dahlia Talents: {auto=1, skill=1, burst=1}
2026-10-01 08:22:45.978|INFO|CharacterScraper|Prevented Dahlia duplicate scan
2026-10-01 08:22:47.480|DEBUG|CharacterScraper|Scanned character name as Manekina with element Cryo
2026-10-01 08:22:47.483|INFO|CharacterScraper|Skipping Manekina: no standard constellation UI
2026-10-01 08:22:47.483|ERROR|CharacterScraper|Failed to scan character
Invalid level
Invalid talents
Character
Name: Manekina
Element: Cryo
Level: 0
Ascension Level: 0
Constellation: 0
AUTO : 0
SKILL : 0
BURST : 0

2026-10-01 08:22:48.980|DEBUG|CharacterScraper|Scanned character name as Manekin with element Cryo
2026-10-01 08:22:48.984|INFO|CharacterScraper|Skipping Manekin: no standard constellation UI
2026-10-01 08:22:48.984|ERROR|CharacterScraper|Failed to scan character
Invalid level
Invalid talents
Character
Name: Manekin
Element: Cryo
Level: 0
Ascension Level: 0
Constellation: 0
AUTO : 0
SKILL : 0
BURST : 0

2026-10-01 08:22:50.510|DEBUG|CharacterScraper|Scanned character name as Mavuika with element Pyro
2026-10-01 08:22:50.510|INFO|CharacterScraper|Repeat character Mavuika detected. Finishing character scan...
2026-10-01 08:22:52.539|INFO|InventoryKamera|Done scanning characters
2026-10-01 08:22:52.539|DEBUG|InventoryKamera|Assigned "flower" to "Odette"
2026-10-01 08:22:52.539|DEBUG|InventoryKamera|Assigned "plume" to "Odette"
2026-10-01 08:22:52.539|DEBUG|InventoryKamera|Assigned "goblet" to "Odette"
2026-10-01 08:22:52.539|DEBUG|InventoryKamera|Assigned "circlet" to "Odette"
2026-10-01 08:22:52.539|DEBUG|InventoryKamera|Assigned "circlet" to "Sandrone"
2026-10-01 08:22:52.539|DEBUG|InventoryKamera|Assigned "flower" to "Sandrone"
2026-10-01 08:22:52.539|DEBUG|InventoryKamera|Assigned "plume" to "Sandrone"
2026-10-01 08:22:52.539|DEBUG|InventoryKamera|Assigned "sands" to "Sandrone"
2026-10-01 08:22:52.539|DEBUG|InventoryKamera|Assigned "goblet" to "Sandrone"
2026-10-01 08:22:52.539|DEBUG|InventoryKamera|Assigned "goblet" to "Zhongli"
2026-10-01 08:22:52.539|DEBUG|InventoryKamera|Assigned "flower" to "Zhongli"
2026-10-01 08:22:52.539|DEBUG|InventoryKamera|Assigned "flower" to "Lauma"
2026-10-01 08:22:52.539|DEBUG|InventoryKamera|Assigned "plume" to "Lauma"
2026-10-01 08:22:52.539|DEBUG|InventoryKamera|Assigned "sands" to "Lauma"
2026-10-01 08:22:52.539|DEBUG|InventoryKamera|Assigned "circlet" to "Lauma"
2026-10-01 08:22:52.539|DEBUG|InventoryKamera|Assigned "flower" to "Nefer"
2026-10-01 08:22:52.539|DEBUG|InventoryKamera|Assigned "plume" to "Nefer"
2026-10-01 08:22:52.539|DEBUG|InventoryKamera|Assigned "sands" to "Zibai"
2026-10-01 08:22:52.539|DEBUG|InventoryKamera|Assigned "circlet" to "Durin"
2026-10-01 08:22:52.539|DEBUG|InventoryKamera|Assigned "flower" to "Skirk"
2026-10-01 08:22:52.539|DEBUG|InventoryKamera|Assigned "plume" to "Skirk"
2026-10-01 08:22:52.539|DEBUG|InventoryKamera|Assigned "plume" to "Zhongli"
2026-10-01 08:22:52.539|DEBUG|InventoryKamera|Assigned "flower" to "Mavuika"
2026-10-01 08:22:52.539|DEBUG|InventoryKamera|Assigned "plume" to "Columbina"
2026-10-01 08:22:52.539|DEBUG|InventoryKamera|Assigned "plume" to "Mavuika"
2026-10-01 08:22:52.539|DEBUG|InventoryKamera|Assigned "sands" to "Mavuika"
2026-10-01 08:22:52.539|DEBUG|InventoryKamera|Assigned "circlet" to "Mavuika"
2026-10-01 08:22:52.539|DEBUG|InventoryKamera|Assigned "sands" to "Odette"
2026-10-01 08:22:52.539|DEBUG|InventoryKamera|Assigned "circlet" to "Bennett"
2026-10-01 08:22:52.539|DEBUG|InventoryKamera|Assigned "flower" to "Fischl"
2026-10-01 08:22:52.539|DEBUG|InventoryKamera|Assigned "plume" to "Fischl"
2026-10-01 08:22:52.539|DEBUG|InventoryKamera|Assigned "plume" to "Furina"
2026-10-01 08:22:52.539|DEBUG|InventoryKamera|Assigned "sands" to "Fischl"
2026-10-01 08:22:52.539|DEBUG|InventoryKamera|Assigned "sands" to "Furina"
2026-10-01 08:22:52.539|DEBUG|InventoryKamera|Assigned "goblet" to "Fischl"
2026-10-01 08:22:52.539|DEBUG|InventoryKamera|Assigned "goblet" to "Furina"
2026-10-01 08:22:52.539|DEBUG|InventoryKamera|Assigned "circlet" to "Fischl"
2026-10-01 08:22:52.539|DEBUG|InventoryKamera|Assigned "circlet" to "Furina"
2026-10-01 08:22:52.539|DEBUG|InventoryKamera|Assigned "flower" to "Neuvillette"
2026-10-01 08:22:52.539|DEBUG|InventoryKamera|Assigned "flower" to "Wriothesley"
2026-10-01 08:22:52.539|DEBUG|InventoryKamera|Assigned "plume" to "Wriothesley"
2026-10-01 08:22:52.539|DEBUG|InventoryKamera|Assigned "plume" to "Neuvillette"
2026-10-01 08:22:52.539|DEBUG|InventoryKamera|Assigned "sands" to "Neuvillette"
2026-10-01 08:22:52.539|DEBUG|InventoryKamera|Assigned "circlet" to "Skirk"
2026-10-01 08:22:52.539|DEBUG|InventoryKamera|Assigned "flower" to "Furina"
2026-10-01 08:22:52.539|DEBUG|InventoryKamera|Assigned "plume" to "Noelle"
2026-10-01 08:22:52.539|DEBUG|InventoryKamera|Assigned "flower" to "KukiShinobu"
2026-10-01 08:22:52.539|DEBUG|InventoryKamera|Assigned "flower" to "Cyno"
2026-10-01 08:22:52.539|DEBUG|InventoryKamera|Assigned "flower" to "Alhaitham"
2026-10-01 08:22:52.539|DEBUG|InventoryKamera|Assigned "plume" to "KukiShinobu"
2026-10-01 08:22:52.539|DEBUG|InventoryKamera|Assigned "plume" to "Cyno"
2026-10-01 08:22:52.539|DEBUG|InventoryKamera|Assigned "plume" to "Alhaitham"
2026-10-01 08:22:52.539|DEBUG|InventoryKamera|Assigned "sands" to "Alhaitham"
2026-10-01 08:22:52.539|DEBUG|InventoryKamera|Assigned "sands" to "Cyno"
2026-10-01 08:22:52.539|DEBUG|InventoryKamera|Assigned "goblet" to "Alhaitham"
2026-10-01 08:22:52.539|DEBUG|InventoryKamera|Assigned "goblet" to "Wriothesley"
2026-10-01 08:22:52.539|DEBUG|InventoryKamera|Assigned "goblet" to "Cyno"
2026-10-01 08:22:52.539|DEBUG|InventoryKamera|Assigned "goblet" to "KukiShinobu"
2026-10-01 08:22:52.539|DEBUG|InventoryKamera|Assigned "circlet" to "Alhaitham"
2026-10-01 08:22:52.539|DEBUG|InventoryKamera|Assigned "circlet" to "Layla"
2026-10-01 08:22:52.539|DEBUG|InventoryKamera|Assigned "circlet" to "Zhongli"
2026-10-01 08:22:52.539|DEBUG|InventoryKamera|Assigned "circlet" to "Barbara"
2026-10-01 08:22:52.539|DEBUG|InventoryKamera|Assigned "flower" to "Nahida"
2026-10-01 08:22:52.539|DEBUG|InventoryKamera|Assigned "plume" to "Ningguang"
2026-10-01 08:22:52.539|DEBUG|InventoryKamera|Assigned "plume" to "Nahida"
2026-10-01 08:22:52.539|DEBUG|InventoryKamera|Assigned "goblet" to "Nahida"
2026-10-01 08:22:52.539|DEBUG|InventoryKamera|Assigned "circlet" to "Nahida"
2026-10-01 08:22:52.539|DEBUG|InventoryKamera|Assigned "flower" to "Xiao"
2026-10-01 08:22:52.539|DEBUG|InventoryKamera|Assigned "plume" to "Xiao"
2026-10-01 08:22:52.539|DEBUG|InventoryKamera|Assigned "sands" to "Xiao"
2026-10-01 08:22:52.539|DEBUG|InventoryKamera|Assigned "goblet" to "Xiao"
2026-10-01 08:22:52.539|DEBUG|InventoryKamera|Assigned "circlet" to "Xiao"
2026-10-01 08:22:52.539|DEBUG|InventoryKamera|Assigned "circlet" to "KukiShinobu"
2026-10-01 08:22:52.539|DEBUG|InventoryKamera|Assigned "flower" to "RaidenShogun"
2026-10-01 08:22:52.539|DEBUG|InventoryKamera|Assigned "flower" to "Yelan"
2026-10-01 08:22:52.539|DEBUG|InventoryKamera|Assigned "flower" to "Durin"
2026-10-01 08:22:52.539|DEBUG|InventoryKamera|Assigned "flower" to "Arlecchino"
2026-10-01 08:22:52.539|DEBUG|InventoryKamera|Assigned "plume" to "Xingqiu"
2026-10-01 08:22:52.539|DEBUG|InventoryKamera|Assigned "plume" to "Durin"
2026-10-01 08:22:52.539|DEBUG|InventoryKamera|Assigned "plume" to "RaidenShogun"
2026-10-01 08:22:52.539|DEBUG|InventoryKamera|Assigned "plume" to "Dehya"
2026-10-01 08:22:52.539|DEBUG|InventoryKamera|Assigned "plume" to "Yelan"
2026-10-01 08:22:52.539|DEBUG|InventoryKamera|Assigned "sands" to "Durin"
2026-10-01 08:22:52.539|DEBUG|InventoryKamera|Assigned "sands" to "Columbina"
2026-10-01 08:22:52.539|DEBUG|InventoryKamera|Assigned "sands" to "Yelan"
2026-10-01 08:22:52.539|DEBUG|InventoryKamera|Assigned "sands" to "Xingqiu"
2026-10-01 08:22:52.539|DEBUG|InventoryKamera|Assigned "sands" to "Dehya"
2026-10-01 08:22:52.539|DEBUG|InventoryKamera|Assigned "sands" to "RaidenShogun"
2026-10-01 08:22:52.539|DEBUG|InventoryKamera|Assigned "sands" to "KukiShinobu"
2026-10-01 08:22:52.539|DEBUG|InventoryKamera|Assigned "sands" to "Nahida"
2026-10-01 08:22:52.539|DEBUG|InventoryKamera|Assigned "goblet" to "Columbina"
2026-10-01 08:22:52.539|DEBUG|InventoryKamera|Assigned "goblet" to "Xingqiu"
2026-10-01 08:22:52.539|DEBUG|InventoryKamera|Assigned "goblet" to "Yoimiya"
2026-10-01 08:22:52.539|DEBUG|InventoryKamera|Assigned "goblet" to "RaidenShogun"
2026-10-01 08:22:52.539|DEBUG|InventoryKamera|Assigned "goblet" to "Dehya"
2026-10-01 08:22:52.539|DEBUG|InventoryKamera|Assigned "goblet" to "Durin"
2026-10-01 08:22:52.539|DEBUG|InventoryKamera|Assigned "circlet" to "Xingqiu"
2026-10-01 08:22:52.539|DEBUG|InventoryKamera|Assigned "circlet" to "Yelan"
2026-10-01 08:22:52.539|DEBUG|InventoryKamera|Assigned "circlet" to "Dehya"
2026-10-01 08:22:52.539|DEBUG|InventoryKamera|Assigned "circlet" to "Neuvillette"
2026-10-01 08:22:52.539|DEBUG|InventoryKamera|Assigned "circlet" to "Kaeya"
2026-10-01 08:22:52.539|DEBUG|InventoryKamera|Assigned "flower" to "Yoimiya"
2026-10-01 08:22:52.539|DEBUG|InventoryKamera|Assigned "flower" to "Ningguang"
2026-10-01 08:22:52.539|DEBUG|InventoryKamera|Assigned "flower" to "Dehya"
2026-10-01 08:22:52.539|DEBUG|InventoryKamera|Assigned "plume" to "Xiangling"
2026-10-01 08:22:52.539|DEBUG|InventoryKamera|Assigned "plume" to "Wanderer"
2026-10-01 08:22:52.539|DEBUG|InventoryKamera|Assigned "plume" to "Yoimiya"
2026-10-01 08:22:52.539|DEBUG|InventoryKamera|Assigned "sands" to "Wriothesley"
2026-10-01 08:22:52.539|DEBUG|InventoryKamera|Assigned "sands" to "Yoimiya"
2026-10-01 08:22:52.539|DEBUG|InventoryKamera|Assigned "sands" to "Zhongli"
2026-10-01 08:22:52.539|DEBUG|InventoryKamera|Assigned "sands" to "Sucrose"
2026-10-01 08:22:52.539|DEBUG|InventoryKamera|Assigned "goblet" to "Tighnari"
2026-10-01 08:22:52.539|DEBUG|InventoryKamera|Assigned "sands" to "Lynette"
2026-10-01 08:22:52.539|DEBUG|InventoryKamera|Assigned "goblet" to "Mavuika"
2026-10-01 08:22:52.539|DEBUG|InventoryKamera|Assigned "circlet" to "Nefer"
2026-10-01 08:22:52.539|DEBUG|InventoryKamera|Assigned "circlet" to "Jean"
2026-10-01 08:22:52.539|DEBUG|InventoryKamera|Assigned "circlet" to "Yoimiya"
2026-10-01 08:22:52.539|DEBUG|InventoryKamera|Assigned "flower" to "Bennett"
2026-10-01 08:22:52.539|DEBUG|InventoryKamera|Assigned "circlet" to "Chevreuse"
2026-10-01 08:22:52.539|DEBUG|InventoryKamera|Assigned "plume" to "Bennett"
2026-10-01 08:22:52.539|DEBUG|InventoryKamera|Assigned "sands" to "Bennett"
2026-10-01 08:22:52.539|DEBUG|InventoryKamera|Assigned "goblet" to "Bennett"
2026-10-01 08:22:52.539|DEBUG|InventoryKamera|Assigned "sands" to "Nefer"
2026-10-01 08:22:52.539|DEBUG|InventoryKamera|Assigned "sands" to "KamisatoAyaka"
2026-10-01 08:22:52.539|DEBUG|InventoryKamera|Assigned "goblet" to "Neuvillette"
2026-10-01 08:22:52.539|DEBUG|InventoryKamera|Assigned "goblet" to "Lauma"
2026-10-01 08:22:52.539|DEBUG|InventoryKamera|Assigned "circlet" to "Wriothesley"
2026-10-01 08:22:52.539|DEBUG|InventoryKamera|Assigned "flower" to "Sucrose"
2026-10-01 08:22:52.539|DEBUG|InventoryKamera|Assigned "plume" to "Sucrose"
2026-10-01 08:22:52.539|DEBUG|InventoryKamera|Assigned "goblet" to "Sucrose"
2026-10-01 08:22:52.539|DEBUG|InventoryKamera|Assigned "circlet" to "Sucrose"
2026-10-01 08:22:52.539|DEBUG|InventoryKamera|Assigned "sands" to "Skirk"
2026-10-01 08:22:52.539|DEBUG|InventoryKamera|Assigned "goblet" to "Skirk"
2026-10-01 08:22:52.539|DEBUG|InventoryKamera|Assigned "goblet" to "Arlecchino"
2026-10-01 08:22:52.539|DEBUG|InventoryKamera|Assigned "goblet" to "Yelan"
2026-10-01 08:22:52.539|DEBUG|InventoryKamera|Assigned "goblet" to "Nefer"
2026-10-01 08:22:52.539|DEBUG|InventoryKamera|Assigned "circlet" to "RaidenShogun"
2026-10-01 08:22:52.539|DEBUG|InventoryKamera|Assigned "goblet" to "Zibai"
2026-10-01 08:22:52.539|DEBUG|InventoryKamera|Assigned "flower" to "Xingqiu"
2026-10-01 08:22:52.539|DEBUG|InventoryKamera|Assigned "plume" to "Gaming"
2026-10-01 08:22:52.539|DEBUG|InventoryKamera|Assigned "flower" to "Columbina"
2026-10-01 08:22:52.539|DEBUG|InventoryKamera|Assigned "circlet" to "Columbina"
2026-10-01 08:22:52.539|DEBUG|InventoryKamera|Assigned "flower" to "Kaeya"
2026-10-01 08:22:52.539|DEBUG|InventoryKamera|Assigned "circlet" to "Arlecchino"
2026-10-01 08:22:52.539|DEBUG|InventoryKamera|Assigned "plume" to "YunJin"
2026-10-01 08:22:52.539|DEBUG|InventoryKamera|Assigned "goblet" to "YumemizukiMizuki"
2026-10-01 08:22:52.539|DEBUG|InventoryKamera|Assigned "flower" to "Zibai"
2026-10-01 08:22:52.539|DEBUG|InventoryKamera|Assigned "plume" to "Zibai"
2026-10-01 08:22:52.539|DEBUG|InventoryKamera|Assigned "flower" to "Kachina"
2026-10-01 08:22:52.539|DEBUG|InventoryKamera|Assigned "plume" to "Kachina"
2026-10-01 08:22:52.539|DEBUG|InventoryKamera|Assigned "sands" to "Kachina"
2026-10-01 08:22:52.539|DEBUG|InventoryKamera|Assigned "plume" to "Qiqi"
2026-10-01 08:22:52.539|DEBUG|InventoryKamera|Assigned "circlet" to "Sayu"
2026-10-01 08:22:52.539|DEBUG|InventoryKamera|Assigned "circlet" to "YunJin"
2026-10-01 08:22:52.539|DEBUG|InventoryKamera|Assigned "sands" to "Yanfei"
2026-10-01 08:22:52.539|DEBUG|InventoryKamera|Assigned "flower" to "Collei"
2026-10-01 08:22:52.539|DEBUG|InventoryKamera|Assigned "flower" to "Mualani"
2026-10-01 08:22:52.539|DEBUG|InventoryKamera|Assigned "plume" to "Mualani"
2026-10-01 08:22:52.539|DEBUG|InventoryKamera|Assigned "plume" to "Collei"
2026-10-01 08:22:52.539|DEBUG|InventoryKamera|Assigned "sands" to "Collei"
2026-10-01 08:22:52.539|DEBUG|InventoryKamera|Assigned "goblet" to "Collei"
2026-10-01 08:22:52.539|DEBUG|InventoryKamera|Assigned "flower" to "Kaveh"
2026-10-01 08:22:52.539|DEBUG|InventoryKamera|Assigned "flower" to "Yaoyao"
2026-10-01 08:22:52.539|DEBUG|InventoryKamera|Assigned "plume" to "Yaoyao"
2026-10-01 08:22:52.539|DEBUG|InventoryKamera|Assigned "plume" to "Kaveh"
2026-10-01 08:22:52.539|DEBUG|InventoryKamera|Assigned "sands" to "Kaveh"
2026-10-01 08:22:52.539|DEBUG|InventoryKamera|Assigned "goblet" to "ShikanoinHeizou"
2026-10-01 08:22:52.539|DEBUG|InventoryKamera|Assigned "circlet" to "Kaveh"
2026-10-01 08:22:52.539|DEBUG|InventoryKamera|Assigned "goblet" to "Yaoyao"
2026-10-01 08:22:52.539|DEBUG|InventoryKamera|Assigned "flower" to "Mona"
2026-10-01 08:22:52.539|DEBUG|InventoryKamera|Assigned "flower" to "Lisa"
2026-10-01 08:22:52.539|DEBUG|InventoryKamera|Assigned "flower" to "KujouSara"
2026-10-01 08:22:52.539|DEBUG|InventoryKamera|Assigned "flower" to "Xiangling"
2026-10-01 08:22:52.539|DEBUG|InventoryKamera|Assigned "flower" to "Mika"
2026-10-01 08:22:52.539|DEBUG|InventoryKamera|Assigned "flower" to "Faruzan"
2026-10-01 08:22:52.539|DEBUG|InventoryKamera|Assigned "flower" to "Thoma"
2026-10-01 08:22:52.539|DEBUG|InventoryKamera|Assigned "flower" to "Diona"
2026-10-01 08:22:52.539|DEBUG|InventoryKamera|Assigned "flower" to "Beidou"
2026-10-01 08:22:52.539|DEBUG|InventoryKamera|Assigned "flower" to "Rosaria"
2026-10-01 08:22:52.539|DEBUG|InventoryKamera|Assigned "flower" to "Candace"
2026-10-01 08:22:52.539|DEBUG|InventoryKamera|Assigned "flower" to "Gorou"
2026-10-01 08:22:52.539|DEBUG|InventoryKamera|Assigned "plume" to "Faruzan"
2026-10-01 08:22:52.539|DEBUG|InventoryKamera|Assigned "plume" to "Dori"
2026-10-01 08:22:52.539|DEBUG|InventoryKamera|Assigned "plume" to "Lisa"
2026-10-01 08:22:52.539|DEBUG|InventoryKamera|Assigned "plume" to "KujouSara"
2026-10-01 08:22:52.539|DEBUG|InventoryKamera|Assigned "plume" to "Rosaria"
2026-10-01 08:22:52.539|DEBUG|InventoryKamera|Assigned "plume" to "Candace"
2026-10-01 08:22:52.539|DEBUG|InventoryKamera|Assigned "plume" to "Mona"
2026-10-01 08:22:52.539|DEBUG|InventoryKamera|Assigned "plume" to "Beidou"
2026-10-01 08:22:52.539|DEBUG|InventoryKamera|Assigned "plume" to "Thoma"
2026-10-01 08:22:52.539|DEBUG|InventoryKamera|Assigned "sands" to "Rosaria"
2026-10-01 08:22:52.539|DEBUG|InventoryKamera|Assigned "sands" to "Xiangling"
2026-10-01 08:22:52.539|DEBUG|InventoryKamera|Assigned "sands" to "Beidou"
2026-10-01 08:22:52.539|DEBUG|InventoryKamera|Assigned "sands" to "Chevreuse"
2026-10-01 08:22:52.539|DEBUG|InventoryKamera|Assigned "sands" to "Thoma"
2026-10-01 08:22:52.539|DEBUG|InventoryKamera|Assigned "sands" to "Lisa"
2026-10-01 08:22:52.539|DEBUG|InventoryKamera|Assigned "sands" to "KujouSara"
2026-10-01 08:22:52.539|DEBUG|InventoryKamera|Assigned "sands" to "Yaoyao"
2026-10-01 08:22:52.539|DEBUG|InventoryKamera|Assigned "sands" to "Barbara"
2026-10-01 08:22:52.539|DEBUG|InventoryKamera|Assigned "sands" to "YunJin"
2026-10-01 08:22:52.539|DEBUG|InventoryKamera|Assigned "sands" to "Mona"
2026-10-01 08:22:52.539|DEBUG|InventoryKamera|Assigned "goblet" to "KujouSara"
2026-10-01 08:22:52.539|DEBUG|InventoryKamera|Assigned "goblet" to "Rosaria"
2026-10-01 08:22:52.539|DEBUG|InventoryKamera|Assigned "goblet" to "Barbara"
2026-10-01 08:22:52.539|DEBUG|InventoryKamera|Assigned "goblet" to "Beidou"
2026-10-01 08:22:52.539|DEBUG|InventoryKamera|Assigned "goblet" to "Lisa"
2026-10-01 08:22:52.545|DEBUG|InventoryKamera|Assigned "goblet" to "Faruzan"
2026-10-01 08:22:52.545|DEBUG|InventoryKamera|Assigned "goblet" to "Candace"
2026-10-01 08:22:52.545|DEBUG|InventoryKamera|Assigned "goblet" to "Thoma"
2026-10-01 08:22:52.545|DEBUG|InventoryKamera|Assigned "goblet" to "Gorou"
2026-10-01 08:22:52.545|DEBUG|InventoryKamera|Assigned "goblet" to "Chevreuse"
2026-10-01 08:22:52.545|DEBUG|InventoryKamera|Assigned "goblet" to "Xiangling"
2026-10-01 08:22:52.545|DEBUG|InventoryKamera|Assigned "goblet" to "YunJin"
2026-10-01 08:22:52.545|DEBUG|InventoryKamera|Assigned "circlet" to "Xiangling"
2026-10-01 08:22:52.545|DEBUG|InventoryKamera|Assigned "circlet" to "Yaoyao"
2026-10-01 08:22:52.545|DEBUG|InventoryKamera|Assigned "circlet" to "Candace"
2026-10-01 08:22:52.545|DEBUG|InventoryKamera|Assigned "circlet" to "Diona"
2026-10-01 08:22:52.545|DEBUG|InventoryKamera|Assigned "circlet" to "Dori"
2026-10-01 08:22:52.545|DEBUG|InventoryKamera|Assigned "circlet" to "Faruzan"
2026-10-01 08:22:52.545|DEBUG|InventoryKamera|Assigned "circlet" to "Mika"
2026-10-01 08:22:52.545|DEBUG|InventoryKamera|Assigned "circlet" to "Mona"
2026-10-01 08:22:52.545|DEBUG|InventoryKamera|Assigned "flower" to "Wanderer"
2026-10-01 08:22:52.545|DEBUG|InventoryKamera|Assigned "flower" to "Jean"
2026-10-01 08:22:52.545|DEBUG|InventoryKamera|Assigned "flower" to "Lynette"
2026-10-01 08:22:52.545|DEBUG|InventoryKamera|Assigned "sands" to "Wanderer"
2026-10-01 08:22:52.545|DEBUG|InventoryKamera|Assigned "sands" to "Candace"
2026-10-01 08:22:52.545|DEBUG|InventoryKamera|Assigned "sands" to "Qiqi"
2026-10-01 08:22:52.545|DEBUG|InventoryKamera|Assigned "goblet" to "Mualani"
2026-10-01 08:22:52.545|DEBUG|InventoryKamera|Assigned "goblet" to "Diluc"
2026-10-01 08:22:52.545|DEBUG|InventoryKamera|Assigned "goblet" to "Diluc"
2026-10-01 08:22:52.545|DEBUG|InventoryKamera|Assigned "goblet" to "Ningguang"
2026-10-01 08:22:52.545|DEBUG|InventoryKamera|Assigned "goblet" to "Amber"
2026-10-01 08:22:52.545|DEBUG|InventoryKamera|Assigned "goblet" to "Mona"
2026-10-01 08:22:52.545|DEBUG|InventoryKamera|Assigned "circlet" to "Wanderer"
2026-10-01 08:22:52.545|DEBUG|InventoryKamera|Assigned "circlet" to "Qiqi"
2026-10-01 08:22:52.545|DEBUG|InventoryKamera|Assigned "flower" to "Barbara"
2026-10-01 08:22:52.545|DEBUG|InventoryKamera|Assigned "plume" to "Barbara"
2026-10-01 08:22:52.545|DEBUG|InventoryKamera|Assigned "circlet" to "Freminet"
2026-10-01 08:22:52.545|DEBUG|InventoryKamera|Assigned "circlet" to "Cyno"
2026-10-01 08:22:52.545|DEBUG|InventoryKamera|Assigned "circlet" to "Lisa"
2026-10-01 08:22:52.545|DEBUG|InventoryKamera|Assigned "circlet" to "Rosaria"
2026-10-01 08:22:52.545|DEBUG|InventoryKamera|Assigned "flower" to "Chongyun"
2026-10-01 08:22:52.545|DEBUG|InventoryKamera|Assigned "flower" to "Chevreuse"
2026-10-01 08:22:52.545|DEBUG|InventoryKamera|Assigned "flower" to "Dori"
2026-10-01 08:22:52.545|DEBUG|InventoryKamera|Assigned "plume" to "Chevreuse"
2026-10-01 08:22:52.545|DEBUG|InventoryKamera|Assigned "goblet" to "Dori"
2026-10-01 08:22:52.545|DEBUG|InventoryKamera|Assigned "circlet" to "Chongyun"
2026-10-01 08:22:52.545|DEBUG|InventoryKamera|Assigned "flower" to "Gaming"
2026-10-01 08:22:52.545|DEBUG|InventoryKamera|Assigned "sands" to "Gaming"
2026-10-01 08:22:52.545|DEBUG|InventoryKamera|Assigned "circlet" to "Gaming"
2026-10-01 08:22:52.545|DEBUG|InventoryKamera|Assigned "flower" to "ShikanoinHeizou"
2026-10-01 08:22:52.545|DEBUG|InventoryKamera|Assigned "flower" to "Tighnari"
2026-10-01 08:22:52.545|DEBUG|InventoryKamera|Assigned "flower" to "Layla"
2026-10-01 08:22:52.545|DEBUG|InventoryKamera|Assigned "flower" to "Yanfei"
2026-10-01 08:22:52.545|DEBUG|InventoryKamera|Assigned "flower" to "Amber"
2026-10-01 08:22:52.545|DEBUG|InventoryKamera|Assigned "flower" to "Sayu"
2026-10-01 08:22:52.545|DEBUG|InventoryKamera|Assigned "plume" to "Xinyan"
2026-10-01 08:22:52.545|DEBUG|InventoryKamera|Assigned "plume" to "Jean"
2026-10-01 08:22:52.545|DEBUG|InventoryKamera|Assigned "plume" to "Yanfei"
2026-10-01 08:22:52.545|DEBUG|InventoryKamera|Assigned "plume" to "Sayu"
2026-10-01 08:22:52.545|DEBUG|InventoryKamera|Assigned "plume" to "Amber"
2026-10-01 08:22:52.545|DEBUG|InventoryKamera|Assigned "plume" to "Tighnari"
2026-10-01 08:22:52.545|DEBUG|InventoryKamera|Assigned "sands" to "Tighnari"
2026-10-01 08:22:52.545|DEBUG|InventoryKamera|Assigned "sands" to "Keqing"
2026-10-01 08:22:52.545|DEBUG|InventoryKamera|Assigned "sands" to "ShikanoinHeizou"
2026-10-01 08:22:52.545|DEBUG|InventoryKamera|Assigned "sands" to "Mualani"
2026-10-01 08:22:52.545|DEBUG|InventoryKamera|Assigned "sands" to "Amber"
2026-10-01 08:22:52.545|DEBUG|InventoryKamera|Assigned "goblet" to "Keqing"
2026-10-01 08:22:52.545|DEBUG|InventoryKamera|Assigned "goblet" to "Gaming"
2026-10-01 08:22:52.545|DEBUG|InventoryKamera|Assigned "goblet" to "Kachina"
2026-10-01 08:22:52.545|DEBUG|InventoryKamera|Assigned "goblet" to "Mika"
2026-10-01 08:22:52.545|DEBUG|InventoryKamera|Assigned "goblet" to "Yanfei"
2026-10-01 08:22:52.545|DEBUG|InventoryKamera|Assigned "goblet" to "Diona"
2026-10-01 08:22:52.545|DEBUG|InventoryKamera|Assigned "circlet" to "Beidou"
2026-10-01 08:22:52.545|DEBUG|InventoryKamera|Assigned "circlet" to "Keqing"
2026-10-01 08:22:52.545|DEBUG|InventoryKamera|Assigned "circlet" to "Lynette"
2026-10-01 08:22:52.545|DEBUG|InventoryKamera|Assigned "circlet" to "Amber"
2026-10-01 08:22:52.545|DEBUG|InventoryKamera|Assigned "circlet" to "Mualani"
2026-10-01 08:22:52.545|DEBUG|InventoryKamera|Assigned "circlet" to "KujouSara"
2026-10-01 08:22:52.545|DEBUG|InventoryKamera|Assigned "circlet" to "Collei"
2026-10-01 08:22:52.545|DEBUG|InventoryKamera|Assigned "circlet" to "Yanfei"
2026-10-01 08:22:52.545|DEBUG|InventoryKamera|Assigned "circlet" to "Tighnari"
2026-10-01 08:22:52.545|DEBUG|InventoryKamera|Assigned "circlet" to "Zibai"
2026-10-01 08:22:52.545|DEBUG|InventoryKamera|Assigned "flower" to "YumemizukiMizuki"
2026-10-01 08:22:52.545|DEBUG|InventoryKamera|Assigned "plume" to "YumemizukiMizuki"
2026-10-01 08:22:52.545|DEBUG|InventoryKamera|Assigned "sands" to "YumemizukiMizuki"
2026-10-01 08:22:52.545|DEBUG|InventoryKamera|Assigned "circlet" to "YumemizukiMizuki"
2026-10-01 08:22:52.545|DEBUG|InventoryKamera|Assigned "flower" to "Diluc"
2026-10-01 08:22:52.545|DEBUG|InventoryKamera|Assigned "flower" to "Keqing"
2026-10-01 08:22:52.545|DEBUG|InventoryKamera|Assigned "flower" to "Qiqi"
2026-10-01 08:22:52.545|DEBUG|InventoryKamera|Assigned "flower" to "Freminet"
2026-10-01 08:22:52.545|DEBUG|InventoryKamera|Assigned "flower" to "Xinyan"
2026-10-01 08:22:52.545|DEBUG|InventoryKamera|Assigned "flower" to "Noelle"
2026-10-01 08:22:52.545|DEBUG|InventoryKamera|Assigned "plume" to "Keqing"
2026-10-01 08:22:52.545|DEBUG|InventoryKamera|Assigned "plume" to "Razor"
2026-10-01 08:22:52.545|DEBUG|InventoryKamera|Assigned "plume" to "Lynette"
2026-10-01 08:22:52.545|DEBUG|InventoryKamera|Assigned "plume" to "ShikanoinHeizou"
2026-10-01 08:22:52.545|DEBUG|InventoryKamera|Assigned "plume" to "Diluc"
2026-10-01 08:22:52.545|DEBUG|InventoryKamera|Assigned "plume" to "Arlecchino"
2026-10-01 08:22:52.545|DEBUG|InventoryKamera|Assigned "sands" to "Noelle"
2026-10-01 08:22:52.545|DEBUG|InventoryKamera|Assigned "sands" to "Xinyan"
2026-10-01 08:22:52.545|DEBUG|InventoryKamera|Assigned "sands" to "Faruzan"
2026-10-01 08:22:52.545|DEBUG|InventoryKamera|Assigned "sands" to "Diluc"
2026-10-01 08:22:52.545|DEBUG|InventoryKamera|Assigned "sands" to "Jean"
2026-10-01 08:22:52.545|DEBUG|InventoryKamera|Assigned "sands" to "Razor"
2026-10-01 08:22:52.545|DEBUG|InventoryKamera|Assigned "sands" to "Arlecchino"
2026-10-01 08:22:52.545|DEBUG|InventoryKamera|Assigned "sands" to "Freminet"
2026-10-01 08:22:52.545|DEBUG|InventoryKamera|Assigned "sands" to "Dori"
2026-10-01 08:22:52.545|DEBUG|InventoryKamera|Assigned "sands" to "Sayu"
2026-10-01 08:22:52.545|DEBUG|InventoryKamera|Assigned "sands" to "Chongyun"
2026-10-01 08:22:52.545|DEBUG|InventoryKamera|Assigned "goblet" to "Xinyan"
2026-10-01 08:22:52.545|DEBUG|InventoryKamera|Assigned "goblet" to "Lynette"
2026-10-01 08:22:52.545|DEBUG|InventoryKamera|Assigned "goblet" to "Razor"
2026-10-01 08:22:52.545|DEBUG|InventoryKamera|Assigned "goblet" to "Sayu"
2026-10-01 08:22:52.545|DEBUG|InventoryKamera|Assigned "goblet" to "Wanderer"
2026-10-01 08:22:52.545|DEBUG|InventoryKamera|Assigned "goblet" to "Qiqi"
2026-10-01 08:22:52.545|DEBUG|InventoryKamera|Assigned "goblet" to "Jean"
2026-10-01 08:22:52.545|DEBUG|InventoryKamera|Assigned "goblet" to "Noelle"
2026-10-01 08:22:52.545|DEBUG|InventoryKamera|Assigned "goblet" to "Layla"
2026-10-01 08:22:52.545|DEBUG|InventoryKamera|Assigned "circlet" to "Xinyan"
2026-10-01 08:22:52.545|DEBUG|InventoryKamera|Assigned "circlet" to "Gorou"
2026-10-01 08:22:52.545|DEBUG|InventoryKamera|Assigned "circlet" to "Diluc"
2026-10-01 08:22:52.545|DEBUG|InventoryKamera|Assigned "circlet" to "Ningguang"
2026-10-01 08:22:52.545|DEBUG|InventoryKamera|Assigned "circlet" to "ShikanoinHeizou"
2026-10-01 08:22:52.545|DEBUG|InventoryKamera|Assigned "circlet" to "Razor"
2026-10-01 08:22:52.545|DEBUG|InventoryKamera|Assigned "circlet" to "Noelle"
2026-10-01 08:22:52.545|DEBUG|InventoryKamera|Assigned "circlet" to "Thoma"
2026-10-01 08:22:52.545|DEBUG|InventoryKamera|Assigned "flower" to "KamisatoAyaka"
2026-10-01 08:22:52.545|DEBUG|InventoryKamera|Assigned "plume" to "Kaeya"
2026-10-01 08:22:52.545|DEBUG|InventoryKamera|Assigned "plume" to "KamisatoAyaka"
2026-10-01 08:22:52.545|DEBUG|InventoryKamera|Assigned "plume" to "Freminet"
2026-10-01 08:22:52.545|DEBUG|InventoryKamera|Assigned "plume" to "Mika"
2026-10-01 08:22:52.545|DEBUG|InventoryKamera|Assigned "plume" to "Layla"
2026-10-01 08:22:52.545|DEBUG|InventoryKamera|Assigned "plume" to "Diona"
2026-10-01 08:22:52.545|DEBUG|InventoryKamera|Assigned "plume" to "Chongyun"
2026-10-01 08:22:52.545|DEBUG|InventoryKamera|Assigned "sands" to "Layla"
2026-10-01 08:22:52.545|DEBUG|InventoryKamera|Assigned "sands" to "Mika"
2026-10-01 08:22:52.545|DEBUG|InventoryKamera|Assigned "sands" to "Diona"
2026-10-01 08:22:52.545|DEBUG|InventoryKamera|Assigned "sands" to "Kaeya"
2026-10-01 08:22:52.545|DEBUG|InventoryKamera|Assigned "goblet" to "Freminet"
2026-10-01 08:22:52.545|DEBUG|InventoryKamera|Assigned "goblet" to "Kaveh"
2026-10-01 08:22:52.545|DEBUG|InventoryKamera|Assigned "goblet" to "KamisatoAyaka"
2026-10-01 08:22:52.545|DEBUG|InventoryKamera|Assigned "goblet" to "Chongyun"
2026-10-01 08:22:52.545|DEBUG|InventoryKamera|Assigned "goblet" to "Kaeya"
2026-10-01 08:22:52.545|DEBUG|InventoryKamera|Assigned "circlet" to "KamisatoAyaka"
2026-10-01 08:22:52.545|DEBUG|InventoryKamera|Assigned "circlet" to "Kachina"
2026-10-01 08:22:52.545|DEBUG|InventoryKamera|Assigned "flower" to "YunJin"
2026-10-01 08:22:52.545|DEBUG|InventoryKamera|Assigned "plume" to "Gorou"
2026-10-01 08:22:52.545|DEBUG|InventoryKamera|Assigned "sands" to "Gorou"
2026-10-01 08:22:52.545|DEBUG|InventoryKamera|Assigned "SacrificialGreatsword" to "Mavuika"
2026-10-01 08:22:52.545|DEBUG|InventoryKamera|Assigned "BalladOfTheBoundlessBlue" to "Lauma"
2026-10-01 08:22:52.545|DEBUG|InventoryKamera|Assigned "ToukabouShigure" to "KukiShinobu"
2026-10-01 08:22:52.545|DEBUG|InventoryKamera|Assigned "SacrificialSword" to "Furina"
2026-10-01 08:22:52.545|DEBUG|InventoryKamera|Assigned "IronSting" to "Alhaitham"
2026-10-01 08:22:52.545|DEBUG|InventoryKamera|Assigned "SacrificialSword" to "Xingqiu"
2026-10-01 08:22:52.545|DEBUG|InventoryKamera|Assigned "MappaMare" to "Sucrose"
2026-10-01 08:22:52.545|DEBUG|InventoryKamera|Assigned "EtherlightSpindlelute" to "YumemizukiMizuki"
2026-10-01 08:22:52.545|DEBUG|InventoryKamera|Assigned "ApprenticesNotes" to "Columbina"
2026-10-01 08:22:52.545|DEBUG|InventoryKamera|Assigned "FavoniusLance" to "Zhongli"
2026-10-01 08:22:52.545|INFO|InventoryKamera|Default weapon assigned to "Xiao"
2026-10-01 08:22:52.545|DEBUG|InventoryKamera|Assigned "FinaleOfTheDeep" to "Odette"
2026-10-01 08:22:52.545|DEBUG|InventoryKamera|Assigned "TidalShadow" to "Sandrone"
2026-10-01 08:22:52.545|DEBUG|InventoryKamera|Assigned "SacrificialSword" to "Skirk"
2026-10-01 08:22:52.545|DEBUG|InventoryKamera|Assigned "CashflowSupervision" to "Wriothesley"
2026-10-01 08:22:52.545|INFO|InventoryKamera|Default weapon assigned to "TravelerCryo"
2026-10-01 08:22:52.545|DEBUG|InventoryKamera|Assigned "TheBlackSword" to "KamisatoAyaka"
2026-10-01 08:22:52.545|DEBUG|InventoryKamera|Assigned "PrimordialJadeWingedSpear" to "RaidenShogun"
2026-10-01 08:22:52.545|DEBUG|InventoryKamera|Assigned "ReliquaryOfTruth" to "Nefer"
2026-10-01 08:22:52.545|DEBUG|InventoryKamera|Assigned "SacrificialFragments" to "Nahida"
2026-10-01 08:22:52.545|DEBUG|InventoryKamera|Assigned "SacrificialJade" to "Neuvillette"
2026-10-01 08:22:52.545|DEBUG|InventoryKamera|Assigned "FavoniusWarbow" to "Yelan"
2026-10-01 08:22:52.545|DEBUG|InventoryKamera|Assigned "MoonweaversDawn" to "Durin"
2026-10-01 08:22:52.545|DEBUG|InventoryKamera|Assigned "UltimateOverlordsMegaMagicSword" to "Dehya"
2026-10-01 08:22:52.545|DEBUG|InventoryKamera|Assigned "Rust" to "Yoimiya"
2026-10-01 08:22:52.545|DEBUG|InventoryKamera|Assigned "FavoniusGreatsword" to "Noelle"
2026-10-01 08:22:52.545|DEBUG|InventoryKamera|Assigned "FavoniusSword" to "Kaeya"
2026-10-01 08:22:52.545|DEBUG|InventoryKamera|Assigned "AmosBow" to "Fischl"
2026-10-01 08:22:52.545|DEBUG|InventoryKamera|Assigned "FavoniusSword" to "Bennett"
2026-10-01 08:22:52.545|DEBUG|InventoryKamera|Assigned "SwordOfNarzissenkreuz" to "Zibai"
2026-10-01 08:22:52.545|DEBUG|InventoryKamera|Assigned "FavoniusSword" to "Jean"
2026-10-01 08:22:52.545|DEBUG|InventoryKamera|Assigned "MissiveWindspear" to "Cyno"
2026-10-01 08:22:52.545|DEBUG|InventoryKamera|Assigned "ApprenticesNotes" to "Mualani"
2026-10-01 08:22:52.545|DEBUG|InventoryKamera|Assigned "FavoniusLance" to "Arlecchino"
2026-10-01 08:22:52.545|DEBUG|InventoryKamera|Assigned "BeginnersProtector" to "Kachina"
2026-10-01 08:22:52.545|DEBUG|InventoryKamera|Assigned "SkywardAtlas" to "Ningguang"
2026-10-01 08:22:52.545|DEBUG|InventoryKamera|Assigned "ApprenticesNotes" to "Ifa"
2026-10-01 08:22:52.545|DEBUG|InventoryKamera|Assigned "TheWidsith" to "Wanderer"
2026-10-01 08:22:52.545|DEBUG|InventoryKamera|Assigned "DullBlade" to "Qiqi"
2026-10-01 08:22:52.545|DEBUG|InventoryKamera|Assigned "BeginnersProtector" to "Rosaria"
2026-10-01 08:22:52.545|DEBUG|InventoryKamera|Assigned "HuntersBow" to "Diona"
2026-10-01 08:22:52.545|DEBUG|InventoryKamera|Assigned "WasterGreatsword" to "Chongyun"
2026-10-01 08:22:52.545|DEBUG|InventoryKamera|Assigned "WasterGreatsword" to "Beidou"
2026-10-01 08:22:52.545|DEBUG|InventoryKamera|Assigned "WasterGreatsword" to "Razor"
2026-10-01 08:22:52.545|DEBUG|InventoryKamera|Assigned "OtherworldlyStory" to "Lisa"
2026-10-01 08:22:52.545|DEBUG|InventoryKamera|Assigned "BeginnersProtector" to "Xiangling"
2026-10-01 08:22:52.545|DEBUG|InventoryKamera|Assigned "ApprenticesNotes" to "Varesa"
2026-10-01 08:22:52.545|DEBUG|InventoryKamera|Assigned "HuntersBow" to "Tighnari"
2026-10-01 08:22:52.545|DEBUG|InventoryKamera|Assigned "ApprenticesNotes" to "Mona"
2026-10-01 08:22:52.545|DEBUG|InventoryKamera|Assigned "WasterGreatsword" to "Diluc"
2026-10-01 08:22:52.545|DEBUG|InventoryKamera|Assigned "BeginnersProtector" to "Illuga"
2026-10-01 08:22:52.545|DEBUG|InventoryKamera|Assigned "HuntersBow" to "Jahoda"
2026-10-01 08:22:52.545|DEBUG|InventoryKamera|Assigned "ApprenticesNotes" to "LanYan"
2026-10-01 08:22:52.545|DEBUG|InventoryKamera|Assigned "DullBlade" to "Lynette"
2026-10-01 08:22:52.545|DEBUG|InventoryKamera|Assigned "Messenger" to "Faruzan"
2026-10-01 08:22:52.545|DEBUG|InventoryKamera|Assigned "DullBlade" to "Layla"
2026-10-01 08:22:52.545|DEBUG|InventoryKamera|Assigned "WasterGreatsword" to "Kaveh"
2026-10-01 08:22:52.545|DEBUG|InventoryKamera|Assigned "BeginnersProtector" to "Yaoyao"
2026-10-01 08:22:52.545|DEBUG|InventoryKamera|Assigned "Messenger" to "Collei"
2026-10-01 08:22:52.545|DEBUG|InventoryKamera|Assigned "WasterGreatsword" to "Aino"
2026-10-01 08:22:52.545|DEBUG|InventoryKamera|Assigned "FavoniusLance" to "Candace"
2026-10-01 08:22:52.545|DEBUG|InventoryKamera|Assigned "ThrillingTalesOfDragonSlayers" to "Barbara"
2026-10-01 08:22:52.545|DEBUG|InventoryKamera|Assigned "TheBell" to "Gaming"
2026-10-01 08:22:52.545|DEBUG|InventoryKamera|Assigned "BeginnersProtector" to "Chevreuse"
2026-10-01 08:22:52.545|DEBUG|InventoryKamera|Assigned "BeginnersProtector" to "Thoma"
2026-10-01 08:22:52.545|DEBUG|InventoryKamera|Assigned "ApprenticesNotes" to "Yanfei"
2026-10-01 08:22:52.545|DEBUG|InventoryKamera|Assigned "WasterGreatsword" to "Xinyan"
2026-10-01 08:22:52.545|DEBUG|InventoryKamera|Assigned "FavoniusWarbow" to "Amber"
2026-10-01 08:22:52.545|DEBUG|InventoryKamera|Assigned "BeginnersProtector" to "Alyosha"
2026-10-01 08:22:52.545|DEBUG|InventoryKamera|Assigned "DullBlade" to "Vesna"
2026-10-01 08:22:52.545|DEBUG|InventoryKamera|Assigned "DullBlade" to "Keqing"
2026-10-01 08:22:52.545|DEBUG|InventoryKamera|Assigned "ApprenticesNotes" to "ShikanoinHeizou"
2026-10-01 08:22:52.545|DEBUG|InventoryKamera|Assigned "WasterGreatsword" to "Sayu"
2026-10-01 08:22:52.545|DEBUG|InventoryKamera|Assigned "ApprenticesNotes" to "Charlotte"
2026-10-01 08:22:52.545|DEBUG|InventoryKamera|Assigned "WasterGreatsword" to "Freminet"
2026-10-01 08:22:52.545|DEBUG|InventoryKamera|Assigned "BeginnersProtector" to "Mika"
2026-10-01 08:22:52.545|DEBUG|InventoryKamera|Assigned "HuntersBow" to "KujouSara"
2026-10-01 08:22:52.545|DEBUG|InventoryKamera|Assigned "PrototypeRancour" to "Kirara"
2026-10-01 08:22:52.545|DEBUG|InventoryKamera|Assigned "BeginnersProtector" to "YunJin"
2026-10-01 08:22:52.545|DEBUG|InventoryKamera|Assigned "HuntersBow" to "Gorou"
2026-10-01 08:22:52.545|DEBUG|InventoryKamera|Assigned "BeginnersProtector" to "Iansan"
2026-10-01 08:22:52.545|DEBUG|InventoryKamera|Assigned "HuntersBow" to "Sethos"
2026-10-01 08:22:52.545|DEBUG|InventoryKamera|Assigned "WasterGreatsword" to "Dori"
2026-10-01 08:22:52.545|DEBUG|InventoryKamera|Assigned "DullBlade" to "Dahlia"
2026-10-01 08:22:52.545|INFO|InventoryKamera|Scanning character development materials...
2026-10-01 08:22:55.617|DEBUG|MaterialScraper|Scanned mora input: System.Collections.Generic.List`1[System.String]
2026-10-01 08:22:55.617|DEBUG|MaterialScraper|Parsed mora input: 371667

2026-10-01 08:22:57.437|DEBUG|MaterialScraper|Scanning material page 1
2026-10-01 08:22:57.437|DEBUG|MaterialScraper|Located 40 possible item locations on page.
2026-10-01 08:23:01.466|DEBUG|MaterialScraper|Scanned: £1 -> Regex: 1 -> Parsed: 1
2026-10-01 08:23:02.995|DEBUG|MaterialScraper|Scanned: F7:] -> Regex: 7 -> Parsed: 7
2026-10-01 08:23:03.002|DEBUG|MaterialScraper|Scanned: p4:] -> Regex: 4 -> Parsed: 4
2026-10-01 08:23:05.234|DEBUG|MaterialScraper|Scanned: F/ -> Regex:  -> Parsed: 0
2026-10-01 08:23:07.762|DEBUG|MaterialScraper|Scanned: E]] -> Regex:  -> Parsed: 0
2026-10-01 08:23:07.765|DEBUG|MaterialScraper|Scanned: kK] -> Regex:  -> Parsed: 0
2026-10-01 08:23:08.112|DEBUG|MaterialScraper|Scanned: [3 -> Regex: 3 -> Parsed: 3
2026-10-01 08:23:08.112|DEBUG|MaterialScraper|Scanned: [3 -> Regex: 3 -> Parsed: 3
2026-10-01 08:23:08.846|DEBUG|MaterialScraper|Scanned: Pk%] -> Regex:  -> Parsed: 0
2026-10-01 08:23:08.846|DEBUG|MaterialScraper|Scanned: Prk? -> Regex:  -> Parsed: 0
2026-10-01 08:23:08.864|DEBUG|MaterialScraper|Scanned: PKK -> Regex:  -> Parsed: 0
2026-10-01 08:23:09.589|DEBUG|MaterialScraper|Finished page of materials. Scrolling...
2026-10-01 08:23:11.922|DEBUG|MaterialScraper|Scanning material page 2
2026-10-01 08:23:11.922|DEBUG|MaterialScraper|Located 40 possible item locations on page.
2026-10-01 08:23:12.469|DEBUG|MaterialScraper|Scanned: Ek] -> Regex:  -> Parsed: 0
2026-10-01 08:23:12.469|DEBUG|MaterialScraper|Scanned: FTX] -> Regex:  -> Parsed: 0
2026-10-01 08:23:13.181|DEBUG|MaterialScraper|Scanned: 13:1 -> Regex: 131 -> Parsed: 131
2026-10-01 08:23:13.181|DEBUG|MaterialScraper|Scanned: [:] -> Regex:  -> Parsed: 0
2026-10-01 08:23:13.191|DEBUG|MaterialScraper|Scanned: 4:1 -> Regex: 41 -> Parsed: 41
2026-10-01 08:23:15.760|DEBUG|MaterialScraper|Scanned: \[:14 -> Regex: 14 -> Parsed: 14
2026-10-01 08:23:16.456|DEBUG|MaterialScraper|Scanned: F1] -> Regex: 1 -> Parsed: 1
2026-10-01 08:23:16.456|DEBUG|MaterialScraper|Scanned: 31] -> Regex: 31 -> Parsed: 31
2026-10-01 08:23:16.822|DEBUG|MaterialScraper|Scanned: 11] -> Regex: 11 -> Parsed: 11
2026-10-01 08:23:16.827|DEBUG|MaterialScraper|Scanned: K10) -> Regex: 10 -> Parsed: 10
2026-10-01 08:23:16.827|DEBUG|MaterialScraper|Scanned: 11) -> Regex: 11 -> Parsed: 11
2026-10-01 08:23:16.827|DEBUG|MaterialScraper|Scanned: K11)) -> Regex: 11 -> Parsed: 11
2026-10-01 08:23:16.853|DEBUG|MaterialScraper|Scanned: K11) -> Regex: 11 -> Parsed: 11
2026-10-01 08:23:17.954|DEBUG|MaterialScraper|Scanned: K13:] -> Regex: 13 -> Parsed: 13
2026-10-01 08:23:18.668|DEBUG|MaterialScraper|Scanned: p21 -> Regex: 21 -> Parsed: 21
2026-10-01 08:23:18.674|DEBUG|MaterialScraper|Scanned: YZ 1 -> Regex: 21 -> Parsed: 21
2026-10-01 08:23:19.033|DEBUG|MaterialScraper|Scanned: [15 -> Regex: 15 -> Parsed: 15
2026-10-01 08:23:20.580|DEBUG|MaterialScraper|Scanned: F1] -> Regex: 1 -> Parsed: 1
2026-10-01 08:23:20.580|DEBUG|MaterialScraper|Scanned: 31] -> Regex: 31 -> Parsed: 31
2026-10-01 08:23:22.922|DEBUG|MaterialScraper|Scanned: I] -> Regex: 1 -> Parsed: 1
2026-10-01 08:23:22.922|DEBUG|MaterialScraper|Scanned: 4] -> Regex: 4 -> Parsed: 4
2026-10-01 08:23:24.034|DEBUG|MaterialScraper|Finished page of materials. Scrolling...
2026-10-01 08:23:26.648|DEBUG|MaterialScraper|Scanning material page 3
2026-10-01 08:23:26.648|DEBUG|MaterialScraper|Located 40 possible item locations on page.
2026-10-01 08:23:27.210|DEBUG|MaterialScraper|Scanned: F/ -> Regex:  -> Parsed: 0
2026-10-01 08:23:27.976|DEBUG|MaterialScraper|Scanned: 117] -> Regex: 117 -> Parsed: 117
2026-10-01 08:23:29.141|DEBUG|MaterialScraper|Scanned: pLk1 -> Regex: 1 -> Parsed: 1
2026-10-01 08:23:29.141|DEBUG|MaterialScraper|Scanned: p12: x1 -> Regex: 121 -> Parsed: 121
2026-10-01 08:23:30.668|DEBUG|MaterialScraper|Scanned: 7] -> Regex: 7 -> Parsed: 7
2026-10-01 08:23:31.068|DEBUG|MaterialScraper|Scanned: 1:14] -> Regex: 114 -> Parsed: 114
2026-10-01 08:23:31.068|DEBUG|MaterialScraper|Scanned: 211] -> Regex: 211 -> Parsed: 211
2026-10-01 08:23:31.084|DEBUG|MaterialScraper|Scanned: 11] -> Regex: 11 -> Parsed: 11
2026-10-01 08:23:31.084|DEBUG|MaterialScraper|Scanned: F211) -> Regex: 211 -> Parsed: 211
2026-10-01 08:23:31.502|DEBUG|MaterialScraper|Scanned: Vax] -> Regex:  -> Parsed: 0
2026-10-01 08:23:34.575|DEBUG|MaterialScraper|Scanned: P11] -> Regex: 11 -> Parsed: 11
2026-10-01 08:23:35.671|DEBUG|MaterialScraper|Scanned: PZ] -> Regex: 2 -> Parsed: 2
2026-10-01 08:23:36.021|DEBUG|MaterialScraper|Scanned: E31] -> Regex: 31 -> Parsed: 31
2026-10-01 08:23:36.403|DEBUG|MaterialScraper|Scanned: 1%] -> Regex: 1 -> Parsed: 1
2026-10-01 08:23:36.409|DEBUG|MaterialScraper|Scanned: [%] -> Regex:  -> Parsed: 0
2026-10-01 08:23:37.186|DEBUG|MaterialScraper|Scanned: F:Y1] -> Regex: 1 -> Parsed: 1
2026-10-01 08:23:37.196|DEBUG|MaterialScraper|Scanned: 1.711] -> Regex: 1711 -> Parsed: 1711
2026-10-01 08:23:39.099|DEBUG|MaterialScraper|Finished page of materials. Scrolling...
2026-10-01 08:23:41.380|DEBUG|MaterialScraper|Scanning material page 4
2026-10-01 08:23:41.380|DEBUG|MaterialScraper|Located 40 possible item locations on page.
2026-10-01 08:23:45.999|DEBUG|MaterialScraper|Scanned: TET -> Regex:  -> Parsed: 0
2026-10-01 08:23:46.011|DEBUG|MaterialScraper|Scanned: IETTH -> Regex: 1 -> Parsed: 1
2026-10-01 08:23:50.367|DEBUG|MaterialScraper|Scanned: 2] -> Regex: 2 -> Parsed: 2
2026-10-01 08:23:53.427|DEBUG|MaterialScraper|Finished page of materials. Scrolling...
2026-10-01 08:23:55.997|DEBUG|MaterialScraper|Scanning material page 5
2026-10-01 08:23:55.997|DEBUG|MaterialScraper|Located 40 possible item locations on page.
2026-10-01 08:23:57.332|DEBUG|MaterialScraper|Scanned: p47 -> Regex: 47 -> Parsed: 47
2026-10-01 08:23:59.227|DEBUG|MaterialScraper|Scanned: 1:1] -> Regex: 11 -> Parsed: 11
2026-10-01 08:23:59.988|DEBUG|MaterialScraper|Scanned: J -> Regex:  -> Parsed: 0
2026-10-01 08:24:00.755|DEBUG|MaterialScraper|Scanned: kx] -> Regex:  -> Parsed: 0
2026-10-01 08:24:00.755|DEBUG|MaterialScraper|Scanned: KK] -> Regex:  -> Parsed: 0
2026-10-01 08:24:01.168|DEBUG|MaterialScraper|Scanned: J -> Regex:  -> Parsed: 0
2026-10-01 08:24:03.035|DEBUG|MaterialScraper|Scanned: ki -> Regex:  -> Parsed: 0
2026-10-01 08:24:03.448|DEBUG|MaterialScraper|Scanned: p74 -> Regex: 74 -> Parsed: 74
2026-10-01 08:24:05.673|DEBUG|MaterialScraper|Scanned: p74 -> Regex: 74 -> Parsed: 74
2026-10-01 08:24:08.197|DEBUG|MaterialScraper|Finished page of materials. Scrolling...
2026-10-01 08:24:10.424|DEBUG|MaterialScraper|Scanning material page 6
2026-10-01 08:24:10.424|DEBUG|MaterialScraper|Located 40 possible item locations on page.
2026-10-01 08:24:12.410|DEBUG|MaterialScraper|Scanned: TEI -> Regex: 1 -> Parsed: 1
2026-10-01 08:24:13.889|DEBUG|MaterialScraper|Scanned: 2 I -> Regex: 21 -> Parsed: 21
2026-10-01 08:24:16.070|DEBUG|MaterialScraper|Scanned: 6 J -> Regex: 6 -> Parsed: 6
2026-10-01 08:24:22.289|DEBUG|MaterialScraper|Finished page of materials. Scrolling...
2026-10-01 08:24:24.870|DEBUG|MaterialScraper|Scanning material page 7
2026-10-01 08:24:24.870|DEBUG|MaterialScraper|Located 40 possible item locations on page.
2026-10-01 08:24:25.820|DEBUG|MaterialScraper|Scanned: J -> Regex:  -> Parsed: 0
2026-10-01 08:24:25.820|DEBUG|MaterialScraper|Scanned: VJ -> Regex:  -> Parsed: 0
2026-10-01 08:24:26.196|DEBUG|MaterialScraper|Skip scroll-overlap duplicate
2026-10-01 08:24:26.535|DEBUG|MaterialScraper|Scanned: Pz] -> Regex:  -> Parsed: 0
2026-10-01 08:24:26.535|DEBUG|MaterialScraper|Scanned: pz] -> Regex:  -> Parsed: 0
2026-10-01 08:24:26.551|DEBUG|MaterialScraper|Scanned: V4: -> Regex: 4 -> Parsed: 4
2026-10-01 08:24:26.566|DEBUG|MaterialScraper|Scanned: y4:] -> Regex: 4 -> Parsed: 4
2026-10-01 08:24:29.229|DEBUG|MaterialScraper|Scanned: pz 1 -> Regex: 1 -> Parsed: 1
2026-10-01 08:24:29.237|DEBUG|MaterialScraper|Scanned: pz: -> Regex:  -> Parsed: 0
2026-10-01 08:24:29.237|DEBUG|MaterialScraper|Scanned: PZ: -> Regex: 2 -> Parsed: 2
2026-10-01 08:24:29.627|DEBUG|MaterialScraper|Scanned: J -> Regex:  -> Parsed: 0
2026-10-01 08:24:29.627|DEBUG|MaterialScraper|Scanned: VJ -> Regex:  -> Parsed: 0
2026-10-01 08:24:30.361|DEBUG|MaterialScraper|Scanned: pz 1 -> Regex: 1 -> Parsed: 1
2026-10-01 08:24:30.368|DEBUG|MaterialScraper|Scanned: pz: -> Regex:  -> Parsed: 0
2026-10-01 08:24:30.378|DEBUG|MaterialScraper|Scanned: PZ: -> Regex: 2 -> Parsed: 2
2026-10-01 08:24:31.156|DEBUG|MaterialScraper|Scanned: 1] -> Regex: 1 -> Parsed: 1
2026-10-01 08:24:31.162|DEBUG|MaterialScraper|Scanned: 1:1 -> Regex: 11 -> Parsed: 11
2026-10-01 08:24:31.162|DEBUG|MaterialScraper|Scanned: 1:1 -> Regex: 11 -> Parsed: 11
2026-10-01 08:24:31.178|DEBUG|MaterialScraper|Scanned: 13] -> Regex: 13 -> Parsed: 13
2026-10-01 08:24:31.191|DEBUG|MaterialScraper|Scanned: 13] -> Regex: 13 -> Parsed: 13
2026-10-01 08:24:31.217|DEBUG|MaterialScraper|White-text fallback scanned: TiC -> 
2026-10-01 08:24:31.243|DEBUG|MaterialScraper|White-text fallback scanned: ig -> 
2026-10-01 08:24:31.273|DEBUG|MaterialScraper|White-text fallback scanned: ici -> 
2026-10-01 08:24:31.300|DEBUG|MaterialScraper|White-text fallback scanned: J El - -> 
2026-10-01 08:24:32.834|DEBUG|MaterialScraper|Scanned: J -> Regex:  -> Parsed: 0
2026-10-01 08:24:32.834|DEBUG|MaterialScraper|Scanned: VJ -> Regex:  -> Parsed: 0
2026-10-01 08:24:33.268|DEBUG|MaterialScraper|Scanned: EK] -> Regex:  -> Parsed: 0
2026-10-01 08:24:33.268|DEBUG|MaterialScraper|Scanned: k] -> Regex:  -> Parsed: 0
2026-10-01 08:24:33.268|DEBUG|MaterialScraper|Scanned: kK] -> Regex:  -> Parsed: 0
2026-10-01 08:24:33.288|DEBUG|MaterialScraper|Scanned: K! -> Regex:  -> Parsed: 0
2026-10-01 08:24:33.288|DEBUG|MaterialScraper|Scanned: K! -> Regex:  -> Parsed: 0
2026-10-01 08:24:33.300|DEBUG|MaterialScraper|White-text fallback scanned:  -> 
2026-10-01 08:24:33.300|DEBUG|MaterialScraper|White-text fallback scanned:  -> 
2026-10-01 08:24:33.334|DEBUG|MaterialScraper|White-text fallback scanned: —g - -> 
2026-10-01 08:24:33.368|DEBUG|MaterialScraper|White-text fallback scanned: — g -> 
2026-10-01 08:24:33.368|ERROR|UserInterface|Failed to parse quantity for ArtificedSpareClockworkComponentCoppelia
2026-10-01 08:24:34.595|DEBUG|MaterialScraper|Scanned: EK] -> Regex:  -> Parsed: 0
2026-10-01 08:24:34.600|DEBUG|MaterialScraper|Scanned: k] -> Regex:  -> Parsed: 0
2026-10-01 08:24:34.600|DEBUG|MaterialScraper|Scanned: kK] -> Regex:  -> Parsed: 0
2026-10-01 08:24:34.615|DEBUG|MaterialScraper|Scanned: K! -> Regex:  -> Parsed: 0
2026-10-01 08:24:34.615|DEBUG|MaterialScraper|Scanned: K! -> Regex:  -> Parsed: 0
2026-10-01 08:24:34.629|DEBUG|MaterialScraper|White-text fallback scanned:  -> 
2026-10-01 08:24:34.629|DEBUG|MaterialScraper|White-text fallback scanned:  -> 
2026-10-01 08:24:34.663|DEBUG|MaterialScraper|White-text fallback scanned: —g - -> 
2026-10-01 08:24:34.700|DEBUG|MaterialScraper|White-text fallback scanned: — g -> 
2026-10-01 08:24:34.700|ERROR|UserInterface|Failed to parse quantity for TourbillonDevice
2026-10-01 08:24:35.077|DEBUG|MaterialScraper|Scanned: J -> Regex:  -> Parsed: 0
2026-10-01 08:24:35.080|DEBUG|MaterialScraper|Scanned: VJ -> Regex:  -> Parsed: 0
2026-10-01 08:24:35.460|DEBUG|MaterialScraper|Scanned: 1] -> Regex: 1 -> Parsed: 1
2026-10-01 08:24:35.460|DEBUG|MaterialScraper|Scanned: 1:1 -> Regex: 11 -> Parsed: 11
2026-10-01 08:24:35.460|DEBUG|MaterialScraper|Scanned: 1:1 -> Regex: 11 -> Parsed: 11
2026-10-01 08:24:35.477|DEBUG|MaterialScraper|Scanned: 13] -> Regex: 13 -> Parsed: 13
2026-10-01 08:24:35.486|DEBUG|MaterialScraper|Scanned: 13] -> Regex: 13 -> Parsed: 13
2026-10-01 08:24:35.507|DEBUG|MaterialScraper|White-text fallback scanned: Ec -> 
2026-10-01 08:24:35.529|DEBUG|MaterialScraper|White-text fallback scanned: ig -> 
2026-10-01 08:24:35.552|DEBUG|MaterialScraper|White-text fallback scanned: ici -> 
2026-10-01 08:24:35.573|DEBUG|MaterialScraper|White-text fallback scanned: J El - -> 
2026-10-01 08:24:35.942|DEBUG|MaterialScraper|Scanned: P]] -> Regex:  -> Parsed: 0
2026-10-01 08:24:36.690|DEBUG|MaterialScraper|Scanned: J -> Regex:  -> Parsed: 0
2026-10-01 08:24:36.690|DEBUG|MaterialScraper|Scanned: VJ -> Regex:  -> Parsed: 0
2026-10-01 08:24:37.794|DEBUG|MaterialScraper|Finished page of materials. Scrolling...
2026-10-01 08:24:40.211|DEBUG|MaterialScraper|Scanning material page 8
2026-10-01 08:24:40.211|DEBUG|MaterialScraper|Located 40 possible item locations on page.
2026-10-01 08:24:44.569|DEBUG|MaterialScraper|Scanned: p17] -> Regex: 17 -> Parsed: 17
2026-10-01 08:24:47.927|DEBUG|MaterialScraper|Scanned: p23 -> Regex: 23 -> Parsed: 23
2026-10-01 08:24:49.040|DEBUG|MaterialScraper|Scanned: [2] -> Regex: 2 -> Parsed: 2
2026-10-01 08:24:49.040|DEBUG|MaterialScraper|Scanned: [2:1 -> Regex: 21 -> Parsed: 21
2026-10-01 08:24:49.054|DEBUG|MaterialScraper|Scanned: 4:1 -> Regex: 41 -> Parsed: 41
2026-10-01 08:24:52.447|DEBUG|MaterialScraper|Finished page of materials. Scrolling...
2026-10-01 08:24:55.477|DEBUG|MaterialScraper|Scanning material page 9
2026-10-01 08:24:55.477|DEBUG|MaterialScraper|Located 40 possible item locations on page.
2026-10-01 08:24:55.688|DEBUG|MaterialScraper|Scanned: J -> Regex:  -> Parsed: 0
2026-10-01 08:24:55.693|DEBUG|MaterialScraper|Scanned: J -> Regex:  -> Parsed: 0
2026-10-01 08:24:56.469|DEBUG|MaterialScraper|Scanned: F/ -> Regex:  -> Parsed: 0
2026-10-01 08:25:01.442|DEBUG|MaterialScraper|Scanned: 13:1 -> Regex: 131 -> Parsed: 131
2026-10-01 08:25:01.442|DEBUG|MaterialScraper|Scanned: [:] -> Regex:  -> Parsed: 0
2026-10-01 08:25:01.458|DEBUG|MaterialScraper|Scanned: 4:1 -> Regex: 41 -> Parsed: 41
2026-10-01 08:25:03.020|DEBUG|MaterialScraper|Scanned: k7/ -> Regex: 7 -> Parsed: 7
2026-10-01 08:25:03.783|DEBUG|MaterialScraper|Scanned: F/ -> Regex:  -> Parsed: 0
2026-10-01 08:25:04.150|DEBUG|MaterialScraper|Scanned: F/ -> Regex:  -> Parsed: 0
2026-10-01 08:25:05.693|DEBUG|MaterialScraper|Scanned: J -> Regex:  -> Parsed: 0
2026-10-01 08:25:05.693|DEBUG|MaterialScraper|Scanned: J -> Regex:  -> Parsed: 0
2026-10-01 08:25:07.839|DEBUG|MaterialScraper|Finished page of materials. Scrolling...
2026-10-01 08:25:10.088|DEBUG|MaterialScraper|Scanning material page 10
2026-10-01 08:25:10.088|DEBUG|MaterialScraper|Located 40 possible item locations on page.
2026-10-01 08:25:10.266|DEBUG|MaterialScraper|Scanned: 1:1 -> Regex: 11 -> Parsed: 11
2026-10-01 08:25:10.270|DEBUG|MaterialScraper|Scanned: Jf] -> Regex:  -> Parsed: 0
2026-10-01 08:25:10.270|DEBUG|MaterialScraper|Scanned: 1:1 -> Regex: 11 -> Parsed: 11
2026-10-01 08:25:10.270|DEBUG|MaterialScraper|Scanned: 1: -> Regex: 1 -> Parsed: 1
2026-10-01 08:25:10.293|DEBUG|MaterialScraper|Scanned: 1: -> Regex: 1 -> Parsed: 1
2026-10-01 08:25:10.300|DEBUG|MaterialScraper|White-text fallback scanned: fi” -> 
2026-10-01 08:25:10.326|DEBUG|MaterialScraper|White-text fallback scanned: 0 -> 0
2026-10-01 08:25:10.326|DEBUG|MaterialScraper|White-text fallback scanned:  -> 
2026-10-01 08:25:10.354|DEBUG|MaterialScraper|White-text fallback scanned: J Ty J -> 
2026-10-01 08:25:14.655|DEBUG|MaterialScraper|Scanned: 1%] -> Regex: 1 -> Parsed: 1
2026-10-01 08:25:15.038|DEBUG|MaterialScraper|Scanned: p/:] -> Regex:  -> Parsed: 0
2026-10-01 08:25:15.038|DEBUG|MaterialScraper|Scanned: yz: -> Regex:  -> Parsed: 0
2026-10-01 08:25:15.784|DEBUG|MaterialScraper|Scanned: 7] -> Regex: 7 -> Parsed: 7
2026-10-01 08:25:16.532|DEBUG|MaterialScraper|Scanned: kK] -> Regex:  -> Parsed: 0
2026-10-01 08:25:16.535|DEBUG|MaterialScraper|Scanned: kK] -> Regex:  -> Parsed: 0
2026-10-01 08:25:16.535|DEBUG|MaterialScraper|Scanned: KJ -> Regex:  -> Parsed: 0
2026-10-01 08:25:18.011|DEBUG|MaterialScraper|Scanned: 7] -> Regex: 7 -> Parsed: 7
2026-10-01 08:25:20.988|DEBUG|MaterialScraper|Scanned: kK] -> Regex:  -> Parsed: 0
2026-10-01 08:25:20.988|DEBUG|MaterialScraper|Scanned: kK] -> Regex:  -> Parsed: 0
2026-10-01 08:25:20.988|DEBUG|MaterialScraper|Scanned: KJ -> Regex:  -> Parsed: 0
2026-10-01 08:25:22.123|DEBUG|MaterialScraper|Finished page of materials. Scrolling...
2026-10-01 08:25:24.709|DEBUG|MaterialScraper|Scanning material page 11
2026-10-01 08:25:24.709|DEBUG|MaterialScraper|Located 40 possible item locations on page.
2026-10-01 08:25:26.042|DEBUG|MaterialScraper|Scanned: 1:1 -> Regex: 11 -> Parsed: 11
2026-10-01 08:25:26.042|DEBUG|MaterialScraper|Scanned: [3] -> Regex: 3 -> Parsed: 3
2026-10-01 08:25:26.053|DEBUG|MaterialScraper|Scanned: 1:1 -> Regex: 11 -> Parsed: 11
2026-10-01 08:25:26.473|DEBUG|MaterialScraper|Scanned: F/ -> Regex:  -> Parsed: 0
2026-10-01 08:25:26.473|DEBUG|MaterialScraper|Scanned: Y/ -> Regex:  -> Parsed: 0
2026-10-01 08:25:27.290|DEBUG|MaterialScraper|Scanned: 1%] -> Regex: 1 -> Parsed: 1
2026-10-01 08:25:27.290|DEBUG|MaterialScraper|Scanned: 1k] -> Regex: 1 -> Parsed: 1
2026-10-01 08:25:27.304|DEBUG|MaterialScraper|Scanned: 1K -> Regex: 1 -> Parsed: 1
2026-10-01 08:25:27.702|DEBUG|MaterialScraper|Scanned: |] -> Regex:  -> Parsed: 0
2026-10-01 08:25:27.702|DEBUG|MaterialScraper|Scanned: ] -> Regex:  -> Parsed: 0
2026-10-01 08:25:28.885|DEBUG|MaterialScraper|Scanned: P/1] -> Regex: 1 -> Parsed: 1
2026-10-01 08:25:28.885|DEBUG|MaterialScraper|Scanned: p11] -> Regex: 11 -> Parsed: 11
2026-10-01 08:25:29.681|DEBUG|MaterialScraper|Scanned: |] -> Regex:  -> Parsed: 0
2026-10-01 08:25:29.681|DEBUG|MaterialScraper|Scanned: ] -> Regex:  -> Parsed: 0
2026-10-01 08:25:31.242|DEBUG|MaterialScraper|Scanned: |] -> Regex:  -> Parsed: 0
2026-10-01 08:25:31.242|DEBUG|MaterialScraper|Scanned: ] -> Regex:  -> Parsed: 0
2026-10-01 08:25:32.025|DEBUG|MaterialScraper|Scanned: kK] -> Regex:  -> Parsed: 0
2026-10-01 08:25:32.025|DEBUG|MaterialScraper|Scanned: K] -> Regex:  -> Parsed: 0
2026-10-01 08:25:32.025|DEBUG|MaterialScraper|Scanned: KJ -> Regex:  -> Parsed: 0
2026-10-01 08:25:32.042|DEBUG|MaterialScraper|Scanned: K) -> Regex:  -> Parsed: 0
2026-10-01 08:25:32.052|DEBUG|MaterialScraper|Scanned: K] -> Regex:  -> Parsed: 0
2026-10-01 08:25:32.052|DEBUG|MaterialScraper|White-text fallback scanned:  -> 
2026-10-01 08:25:32.052|DEBUG|MaterialScraper|White-text fallback scanned:  -> 
2026-10-01 08:25:32.052|DEBUG|MaterialScraper|White-text fallback scanned:  -> 
2026-10-01 08:25:32.105|DEBUG|MaterialScraper|White-text fallback scanned: — § -> 
2026-10-01 08:25:32.105|ERROR|UserInterface|Failed to parse quantity for MistVeiledGoldElixir
2026-10-01 08:25:32.490|DEBUG|MaterialScraper|Scanned: 7] -> Regex: 7 -> Parsed: 7
2026-10-01 08:25:32.890|DEBUG|MaterialScraper|Scanned: 1:1 -> Regex: 11 -> Parsed: 11
2026-10-01 08:25:32.896|DEBUG|MaterialScraper|Scanned: [3] -> Regex: 3 -> Parsed: 3
2026-10-01 08:25:32.896|DEBUG|MaterialScraper|Scanned: 1:1 -> Regex: 11 -> Parsed: 11
2026-10-01 08:25:33.305|DEBUG|MaterialScraper|Scanned: kK] -> Regex:  -> Parsed: 0
2026-10-01 08:25:33.305|DEBUG|MaterialScraper|Scanned: K] -> Regex:  -> Parsed: 0
2026-10-01 08:25:33.305|DEBUG|MaterialScraper|Scanned: KJ -> Regex:  -> Parsed: 0
2026-10-01 08:25:33.322|DEBUG|MaterialScraper|Scanned: K) -> Regex:  -> Parsed: 0
2026-10-01 08:25:33.322|DEBUG|MaterialScraper|Scanned: K] -> Regex:  -> Parsed: 0
2026-10-01 08:25:33.334|DEBUG|MaterialScraper|White-text fallback scanned:  -> 
2026-10-01 08:25:33.334|DEBUG|MaterialScraper|White-text fallback scanned:  -> 
2026-10-01 08:25:33.334|DEBUG|MaterialScraper|White-text fallback scanned:  -> 
2026-10-01 08:25:33.384|DEBUG|MaterialScraper|White-text fallback scanned: — § -> 
2026-10-01 08:25:33.384|ERROR|UserInterface|Failed to parse quantity for BitOfAerosiderite
2026-10-01 08:25:33.770|DEBUG|MaterialScraper|Scanned: F/ -> Regex:  -> Parsed: 0
2026-10-01 08:25:33.770|DEBUG|MaterialScraper|Scanned: Y/ -> Regex:  -> Parsed: 0
2026-10-01 08:25:34.933|DEBUG|MaterialScraper|Scanned: P/1] -> Regex: 1 -> Parsed: 1
2026-10-01 08:25:34.933|DEBUG|MaterialScraper|Scanned: p11] -> Regex: 11 -> Parsed: 11
2026-10-01 08:25:35.663|DEBUG|MaterialScraper|Scanned: F/ -> Regex:  -> Parsed: 0
2026-10-01 08:25:35.663|DEBUG|MaterialScraper|Scanned: Y/ -> Regex:  -> Parsed: 0
2026-10-01 08:25:37.484|DEBUG|MaterialScraper|Finished page of materials. Scrolling...
2026-10-01 08:25:39.853|DEBUG|MaterialScraper|Scanning material page 12
2026-10-01 08:25:39.853|DEBUG|MaterialScraper|Located 40 possible item locations on page.
2026-10-01 08:25:40.852|DEBUG|MaterialScraper|Scanned: [4 -> Regex: 4 -> Parsed: 4
2026-10-01 08:25:40.852|DEBUG|MaterialScraper|Scanned: [J -> Regex:  -> Parsed: 0
2026-10-01 08:25:41.232|DEBUG|MaterialScraper|Scanned: F/ -> Regex:  -> Parsed: 0
2026-10-01 08:25:46.069|DEBUG|MaterialScraper|Scanned: k] -> Regex:  -> Parsed: 0
2026-10-01 08:25:46.434|DEBUG|MaterialScraper|Scanned: k] -> Regex:  -> Parsed: 0
2026-10-01 08:25:52.161|DEBUG|MaterialScraper|Finished page of materials. Scrolling...
2026-10-01 08:25:54.831|DEBUG|MaterialScraper|Scanning material page 13
2026-10-01 08:25:54.831|DEBUG|MaterialScraper|Located 32 possible item locations on page.
2026-10-01 08:25:55.043|DEBUG|MaterialScraper|Skip scroll-overlap duplicate
2026-10-01 08:25:55.406|DEBUG|MaterialScraper|Skip scroll-overlap duplicate
2026-10-01 08:25:55.760|DEBUG|MaterialScraper|Skip scroll-overlap duplicate
2026-10-01 08:25:56.119|DEBUG|MaterialScraper|Skip scroll-overlap duplicate
2026-10-01 08:25:56.479|DEBUG|MaterialScraper|Skip scroll-overlap duplicate
2026-10-01 08:25:56.853|DEBUG|MaterialScraper|Skip scroll-overlap duplicate
2026-10-01 08:25:57.210|DEBUG|MaterialScraper|Skip scroll-overlap duplicate
2026-10-01 08:25:57.582|DEBUG|MaterialScraper|Skip scroll-overlap duplicate
2026-10-01 08:25:57.953|DEBUG|MaterialScraper|Skip scroll-overlap duplicate
2026-10-01 08:25:58.305|DEBUG|MaterialScraper|Skip scroll-overlap duplicate
2026-10-01 08:25:58.658|DEBUG|MaterialScraper|Skip scroll-overlap duplicate
2026-10-01 08:25:59.014|DEBUG|MaterialScraper|Skip scroll-overlap duplicate
2026-10-01 08:25:59.367|DEBUG|MaterialScraper|Skip scroll-overlap duplicate
2026-10-01 08:25:59.718|DEBUG|MaterialScraper|Skip scroll-overlap duplicate
2026-10-01 08:26:00.076|DEBUG|MaterialScraper|Skip scroll-overlap duplicate
2026-10-01 08:26:00.434|DEBUG|MaterialScraper|Skip scroll-overlap duplicate
2026-10-01 08:26:00.785|DEBUG|MaterialScraper|Skip scroll-overlap duplicate
2026-10-01 08:26:01.148|DEBUG|MaterialScraper|Skip scroll-overlap duplicate
2026-10-01 08:26:01.516|DEBUG|MaterialScraper|Skip scroll-overlap duplicate
2026-10-01 08:26:01.895|DEBUG|MaterialScraper|Skip scroll-overlap duplicate
2026-10-01 08:26:02.261|DEBUG|MaterialScraper|Skip scroll-overlap duplicate
2026-10-01 08:26:02.616|DEBUG|MaterialScraper|Skip scroll-overlap duplicate
2026-10-01 08:26:02.960|DEBUG|MaterialScraper|Skip scroll-overlap duplicate
2026-10-01 08:26:03.332|DEBUG|MaterialScraper|Skip scroll-overlap duplicate
2026-10-01 08:26:03.641|DEBUG|MaterialScraper|Finished page of materials. Scrolling...
2026-10-01 08:26:05.866|DEBUG|MaterialScraper|Scanning material page 14
2026-10-01 08:26:05.866|DEBUG|MaterialScraper|Located 32 possible item locations on page.
2026-10-01 08:26:06.056|DEBUG|MaterialScraper|Skip scroll-overlap duplicate
2026-10-01 08:26:06.390|DEBUG|MaterialScraper|Skip scroll-overlap duplicate
2026-10-01 08:26:06.723|DEBUG|MaterialScraper|Skip scroll-overlap duplicate
2026-10-01 08:26:07.065|DEBUG|MaterialScraper|Skip scroll-overlap duplicate
2026-10-01 08:26:07.397|DEBUG|MaterialScraper|Skip scroll-overlap duplicate
2026-10-01 08:26:07.741|DEBUG|MaterialScraper|Skip scroll-overlap duplicate
2026-10-01 08:26:08.079|DEBUG|MaterialScraper|Skip scroll-overlap duplicate
2026-10-01 08:26:08.442|DEBUG|MaterialScraper|Skip scroll-overlap duplicate
2026-10-01 08:26:08.786|DEBUG|MaterialScraper|Skip scroll-overlap duplicate
2026-10-01 08:26:09.128|DEBUG|MaterialScraper|Skip scroll-overlap duplicate
2026-10-01 08:26:09.485|DEBUG|MaterialScraper|Skip scroll-overlap duplicate
2026-10-01 08:26:09.827|DEBUG|MaterialScraper|Skip scroll-overlap duplicate
2026-10-01 08:26:10.169|DEBUG|MaterialScraper|Skip scroll-overlap duplicate
2026-10-01 08:26:10.487|DEBUG|MaterialScraper|Skip scroll-overlap duplicate
2026-10-01 08:26:10.817|DEBUG|MaterialScraper|Skip scroll-overlap duplicate
2026-10-01 08:26:11.153|DEBUG|MaterialScraper|Skip scroll-overlap duplicate
2026-10-01 08:26:11.489|DEBUG|MaterialScraper|Skip scroll-overlap duplicate
2026-10-01 08:26:11.814|DEBUG|MaterialScraper|Skip scroll-overlap duplicate
2026-10-01 08:26:12.165|DEBUG|MaterialScraper|Skip scroll-overlap duplicate
2026-10-01 08:26:12.519|DEBUG|MaterialScraper|Skip scroll-overlap duplicate
2026-10-01 08:26:12.884|DEBUG|MaterialScraper|Skip scroll-overlap duplicate
2026-10-01 08:26:13.214|DEBUG|MaterialScraper|Skip scroll-overlap duplicate
2026-10-01 08:26:13.564|DEBUG|MaterialScraper|Skip scroll-overlap duplicate
2026-10-01 08:26:13.925|DEBUG|MaterialScraper|Skip scroll-overlap duplicate
2026-10-01 08:26:14.231|DEBUG|MaterialScraper|Finished page of materials. Scrolling...
2026-10-01 08:26:16.467|DEBUG|MaterialScraper|Scanning material page 15
2026-10-01 08:26:16.467|DEBUG|MaterialScraper|Located 32 possible item locations on page.
2026-10-01 08:26:16.652|DEBUG|MaterialScraper|Skip scroll-overlap duplicate
2026-10-01 08:26:16.996|DEBUG|MaterialScraper|Skip scroll-overlap duplicate
2026-10-01 08:26:17.345|DEBUG|MaterialScraper|Skip scroll-overlap duplicate
2026-10-01 08:26:17.680|DEBUG|MaterialScraper|Skip scroll-overlap duplicate
2026-10-01 08:26:18.031|DEBUG|MaterialScraper|Skip scroll-overlap duplicate
2026-10-01 08:26:18.400|DEBUG|MaterialScraper|Skip scroll-overlap duplicate
2026-10-01 08:26:18.742|DEBUG|MaterialScraper|Skip scroll-overlap duplicate
2026-10-01 08:26:19.095|DEBUG|MaterialScraper|Skip scroll-overlap duplicate
2026-10-01 08:26:19.444|DEBUG|MaterialScraper|Skip scroll-overlap duplicate
2026-10-01 08:26:19.795|DEBUG|MaterialScraper|Skip scroll-overlap duplicate
2026-10-01 08:26:20.162|DEBUG|MaterialScraper|Skip scroll-overlap duplicate
2026-10-01 08:26:20.516|DEBUG|MaterialScraper|Skip scroll-overlap duplicate
2026-10-01 08:26:20.861|DEBUG|MaterialScraper|Skip scroll-overlap duplicate
2026-10-01 08:26:21.207|DEBUG|MaterialScraper|Skip scroll-overlap duplicate
2026-10-01 08:26:21.568|DEBUG|MaterialScraper|Skip scroll-overlap duplicate
2026-10-01 08:26:21.904|DEBUG|MaterialScraper|Skip scroll-overlap duplicate
2026-10-01 08:26:22.261|DEBUG|MaterialScraper|Skip scroll-overlap duplicate
2026-10-01 08:26:22.611|DEBUG|MaterialScraper|Skip scroll-overlap duplicate
2026-10-01 08:26:22.976|DEBUG|MaterialScraper|Skip scroll-overlap duplicate
2026-10-01 08:26:23.369|DEBUG|MaterialScraper|Skip scroll-overlap duplicate
2026-10-01 08:26:23.739|DEBUG|MaterialScraper|Skip scroll-overlap duplicate
2026-10-01 08:26:24.106|DEBUG|MaterialScraper|Skip scroll-overlap duplicate
2026-10-01 08:26:24.461|DEBUG|MaterialScraper|Skip scroll-overlap duplicate
2026-10-01 08:26:24.844|DEBUG|MaterialScraper|Skip scroll-overlap duplicate
2026-10-01 08:26:25.153|DEBUG|MaterialScraper|Finished page of materials. Scrolling...
2026-10-01 08:26:27.676|DEBUG|MaterialScraper|Scanning material page 16
2026-10-01 08:26:27.676|DEBUG|MaterialScraper|Located 32 possible item locations on page.
2026-10-01 08:26:27.888|DEBUG|MaterialScraper|Skip scroll-overlap duplicate
2026-10-01 08:26:28.242|DEBUG|MaterialScraper|Skip scroll-overlap duplicate
2026-10-01 08:26:28.596|DEBUG|MaterialScraper|Skip scroll-overlap duplicate
2026-10-01 08:26:28.948|DEBUG|MaterialScraper|Skip scroll-overlap duplicate
2026-10-01 08:26:29.303|DEBUG|MaterialScraper|Skip scroll-overlap duplicate
2026-10-01 08:26:29.659|DEBUG|MaterialScraper|Skip scroll-overlap duplicate
2026-10-01 08:26:30.004|DEBUG|MaterialScraper|Skip scroll-overlap duplicate
2026-10-01 08:26:30.365|DEBUG|MaterialScraper|Skip scroll-overlap duplicate
2026-10-01 08:26:30.730|DEBUG|MaterialScraper|Skip scroll-overlap duplicate
2026-10-01 08:26:31.071|DEBUG|MaterialScraper|Skip scroll-overlap duplicate
2026-10-01 08:26:31.422|DEBUG|MaterialScraper|Skip scroll-overlap duplicate
2026-10-01 08:26:31.788|DEBUG|MaterialScraper|Skip scroll-overlap duplicate
2026-10-01 08:26:32.124|DEBUG|MaterialScraper|Skip scroll-overlap duplicate
2026-10-01 08:26:32.480|DEBUG|MaterialScraper|Skip scroll-overlap duplicate
2026-10-01 08:26:32.816|DEBUG|MaterialScraper|Skip scroll-overlap duplicate
2026-10-01 08:26:33.167|DEBUG|MaterialScraper|Skip scroll-overlap duplicate
2026-10-01 08:26:33.511|DEBUG|MaterialScraper|Skip scroll-overlap duplicate
2026-10-01 08:26:33.853|DEBUG|MaterialScraper|Skip scroll-overlap duplicate
2026-10-01 08:26:34.228|DEBUG|MaterialScraper|Skip scroll-overlap duplicate
2026-10-01 08:26:34.600|DEBUG|MaterialScraper|Skip scroll-overlap duplicate
2026-10-01 08:26:34.963|DEBUG|MaterialScraper|Skip scroll-overlap duplicate
2026-10-01 08:26:35.309|DEBUG|MaterialScraper|Skip scroll-overlap duplicate
2026-10-01 08:26:35.641|DEBUG|MaterialScraper|Skip scroll-overlap duplicate
2026-10-01 08:26:35.992|DEBUG|MaterialScraper|Skip scroll-overlap duplicate
2026-10-01 08:26:36.309|DEBUG|MaterialScraper|Finished page of materials. Scrolling...
2026-10-01 08:26:38.424|DEBUG|MaterialScraper|Scanning material page 17
2026-10-01 08:26:38.424|DEBUG|MaterialScraper|Located 32 possible item locations on page.
2026-10-01 08:26:38.602|DEBUG|MaterialScraper|Skip scroll-overlap duplicate
2026-10-01 08:26:38.928|DEBUG|MaterialScraper|Skip scroll-overlap duplicate
2026-10-01 08:26:39.267|DEBUG|MaterialScraper|Skip scroll-overlap duplicate
2026-10-01 08:26:39.612|DEBUG|MaterialScraper|Skip scroll-overlap duplicate
2026-10-01 08:26:39.954|DEBUG|MaterialScraper|Skip scroll-overlap duplicate
2026-10-01 08:26:40.305|DEBUG|MaterialScraper|Skip scroll-overlap duplicate
2026-10-01 08:26:40.636|DEBUG|MaterialScraper|Skip scroll-overlap duplicate
2026-10-01 08:26:41.009|DEBUG|MaterialScraper|Skip scroll-overlap duplicate
2026-10-01 08:26:41.401|DEBUG|MaterialScraper|Skip scroll-overlap duplicate
2026-10-01 08:26:41.769|DEBUG|MaterialScraper|Skip scroll-overlap duplicate
2026-10-01 08:26:42.126|DEBUG|MaterialScraper|Skip scroll-overlap duplicate
2026-10-01 08:26:42.465|DEBUG|MaterialScraper|Skip scroll-overlap duplicate
2026-10-01 08:26:42.799|DEBUG|MaterialScraper|Skip scroll-overlap duplicate
2026-10-01 08:26:43.126|DEBUG|MaterialScraper|Skip scroll-overlap duplicate
2026-10-01 08:26:43.469|DEBUG|MaterialScraper|Skip scroll-overlap duplicate
2026-10-01 08:26:43.804|DEBUG|MaterialScraper|Skip scroll-overlap duplicate
2026-10-01 08:26:44.150|DEBUG|MaterialScraper|Skip scroll-overlap duplicate
2026-10-01 08:26:44.483|DEBUG|MaterialScraper|Skip scroll-overlap duplicate
2026-10-01 08:26:44.833|DEBUG|MaterialScraper|Skip scroll-overlap duplicate
2026-10-01 08:26:45.183|DEBUG|MaterialScraper|Skip scroll-overlap duplicate
2026-10-01 08:26:45.543|DEBUG|MaterialScraper|Skip scroll-overlap duplicate
2026-10-01 08:26:45.890|DEBUG|MaterialScraper|Skip scroll-overlap duplicate
2026-10-01 08:26:46.243|DEBUG|MaterialScraper|Skip scroll-overlap duplicate
2026-10-01 08:26:46.608|DEBUG|MaterialScraper|Skip scroll-overlap duplicate
2026-10-01 08:26:46.926|DEBUG|MaterialScraper|Finished page of materials. Scrolling...
2026-10-01 08:26:49.159|DEBUG|MaterialScraper|Scanning material page 18
2026-10-01 08:26:49.159|DEBUG|MaterialScraper|Located 32 possible item locations on page.
2026-10-01 08:26:49.345|DEBUG|MaterialScraper|Skip scroll-overlap duplicate
2026-10-01 08:26:49.697|DEBUG|MaterialScraper|Skip scroll-overlap duplicate
2026-10-01 08:26:50.050|DEBUG|MaterialScraper|Skip scroll-overlap duplicate
2026-10-01 08:26:50.405|DEBUG|MaterialScraper|Skip scroll-overlap duplicate
2026-10-01 08:26:50.769|DEBUG|MaterialScraper|Skip scroll-overlap duplicate
2026-10-01 08:26:51.127|DEBUG|MaterialScraper|Skip scroll-overlap duplicate
2026-10-01 08:26:51.499|DEBUG|MaterialScraper|Skip scroll-overlap duplicate
2026-10-01 08:26:51.890|DEBUG|MaterialScraper|Skip scroll-overlap duplicate
2026-10-01 08:26:52.265|DEBUG|MaterialScraper|Skip scroll-overlap duplicate
2026-10-01 08:26:52.632|DEBUG|MaterialScraper|Skip scroll-overlap duplicate
2026-10-01 08:26:52.993|DEBUG|MaterialScraper|Skip scroll-overlap duplicate
2026-10-01 08:26:53.382|DEBUG|MaterialScraper|Skip scroll-overlap duplicate
2026-10-01 08:26:53.729|DEBUG|MaterialScraper|Skip scroll-overlap duplicate
2026-10-01 08:26:54.092|DEBUG|MaterialScraper|Skip scroll-overlap duplicate
2026-10-01 08:26:54.451|DEBUG|MaterialScraper|Skip scroll-overlap duplicate
2026-10-01 08:26:54.804|DEBUG|MaterialScraper|Skip scroll-overlap duplicate
2026-10-01 08:26:55.153|DEBUG|MaterialScraper|Skip scroll-overlap duplicate
2026-10-01 08:26:55.491|DEBUG|MaterialScraper|Skip scroll-overlap duplicate
2026-10-01 08:26:55.860|DEBUG|MaterialScraper|Skip scroll-overlap duplicate
2026-10-01 08:26:56.234|DEBUG|MaterialScraper|Skip scroll-overlap duplicate
2026-10-01 08:26:56.609|DEBUG|MaterialScraper|Skip scroll-overlap duplicate
2026-10-01 08:26:56.963|DEBUG|MaterialScraper|Skip scroll-overlap duplicate
2026-10-01 08:26:57.320|DEBUG|MaterialScraper|Skip scroll-overlap duplicate
2026-10-01 08:26:57.695|DEBUG|MaterialScraper|Skip scroll-overlap duplicate
2026-10-01 08:26:58.013|DEBUG|MaterialScraper|Finished page of materials. Scrolling...
2026-10-01 08:27:00.458|DEBUG|MaterialScraper|Scanning material page 19
2026-10-01 08:27:00.458|DEBUG|MaterialScraper|Located 32 possible item locations on page.
2026-10-01 08:27:00.641|DEBUG|MaterialScraper|Skip scroll-overlap duplicate
2026-10-01 08:27:00.985|DEBUG|MaterialScraper|Skip scroll-overlap duplicate
2026-10-01 08:27:01.342|DEBUG|MaterialScraper|Skip scroll-overlap duplicate
2026-10-01 08:27:01.698|DEBUG|MaterialScraper|Skip scroll-overlap duplicate
2026-10-01 08:27:02.066|DEBUG|MaterialScraper|Skip scroll-overlap duplicate
2026-10-01 08:27:02.444|DEBUG|MaterialScraper|Skip scroll-overlap duplicate
2026-10-01 08:27:02.806|DEBUG|MaterialScraper|Skip scroll-overlap duplicate
2026-10-01 08:27:03.179|DEBUG|MaterialScraper|Skip scroll-overlap duplicate
2026-10-01 08:27:03.548|DEBUG|MaterialScraper|Skip scroll-overlap duplicate
2026-10-01 08:27:03.897|DEBUG|MaterialScraper|Skip scroll-overlap duplicate
2026-10-01 08:27:04.262|DEBUG|MaterialScraper|Skip scroll-overlap duplicate
2026-10-01 08:27:04.620|DEBUG|MaterialScraper|Skip scroll-overlap duplicate
2026-10-01 08:27:04.954|DEBUG|MaterialScraper|Skip scroll-overlap duplicate
2026-10-01 08:27:05.291|DEBUG|MaterialScraper|Skip scroll-overlap duplicate
2026-10-01 08:27:05.622|DEBUG|MaterialScraper|Skip scroll-overlap duplicate
2026-10-01 08:27:05.953|DEBUG|MaterialScraper|Skip scroll-overlap duplicate
2026-10-01 08:27:06.287|DEBUG|MaterialScraper|Skip scroll-overlap duplicate
2026-10-01 08:27:06.626|DEBUG|MaterialScraper|Skip scroll-overlap duplicate
2026-10-01 08:27:06.966|DEBUG|MaterialScraper|Skip scroll-overlap duplicate
2026-10-01 08:27:07.315|DEBUG|MaterialScraper|Skip scroll-overlap duplicate
2026-10-01 08:27:07.664|DEBUG|MaterialScraper|Skip scroll-overlap duplicate
2026-10-01 08:27:07.997|DEBUG|MaterialScraper|Skip scroll-overlap duplicate
2026-10-01 08:27:08.337|DEBUG|MaterialScraper|Skip scroll-overlap duplicate
2026-10-01 08:27:08.680|DEBUG|MaterialScraper|Skip scroll-overlap duplicate
2026-10-01 08:27:08.989|DEBUG|MaterialScraper|Finished page of materials. Scrolling...
2026-10-01 08:27:11.111|DEBUG|MaterialScraper|Scanning material page 20
2026-10-01 08:27:11.111|DEBUG|MaterialScraper|Located 32 possible item locations on page.
2026-10-01 08:27:11.293|DEBUG|MaterialScraper|Skip scroll-overlap duplicate
2026-10-01 08:27:11.631|DEBUG|MaterialScraper|Skip scroll-overlap duplicate
2026-10-01 08:27:11.974|DEBUG|MaterialScraper|Skip scroll-overlap duplicate
2026-10-01 08:27:12.314|DEBUG|MaterialScraper|Skip scroll-overlap duplicate
2026-10-01 08:27:12.668|DEBUG|MaterialScraper|Skip scroll-overlap duplicate
2026-10-01 08:27:13.010|DEBUG|MaterialScraper|Skip scroll-overlap duplicate
2026-10-01 08:27:13.340|DEBUG|MaterialScraper|Skip scroll-overlap duplicate
2026-10-01 08:27:13.674|DEBUG|MaterialScraper|Skip scroll-overlap duplicate
2026-10-01 08:27:14.024|DEBUG|MaterialScraper|Skip scroll-overlap duplicate
2026-10-01 08:27:14.349|DEBUG|MaterialScraper|Skip scroll-overlap duplicate
2026-10-01 08:27:14.688|DEBUG|MaterialScraper|Skip scroll-overlap duplicate
2026-10-01 08:27:15.037|DEBUG|MaterialScraper|Skip scroll-overlap duplicate
2026-10-01 08:27:15.371|DEBUG|MaterialScraper|Skip scroll-overlap duplicate
2026-10-01 08:27:15.696|DEBUG|MaterialScraper|Skip scroll-overlap duplicate
2026-10-01 08:27:16.026|DEBUG|MaterialScraper|Skip scroll-overlap duplicate
2026-10-01 08:27:16.360|DEBUG|MaterialScraper|Skip scroll-overlap duplicate
2026-10-01 08:27:16.692|DEBUG|MaterialScraper|Skip scroll-overlap duplicate
2026-10-01 08:27:17.026|DEBUG|MaterialScraper|Skip scroll-overlap duplicate
2026-10-01 08:27:17.376|DEBUG|MaterialScraper|Skip scroll-overlap duplicate
2026-10-01 08:27:17.727|DEBUG|MaterialScraper|Skip scroll-overlap duplicate
2026-10-01 08:27:18.079|DEBUG|MaterialScraper|Skip scroll-overlap duplicate
2026-10-01 08:27:18.434|DEBUG|MaterialScraper|Skip scroll-overlap duplicate
2026-10-01 08:27:18.762|DEBUG|MaterialScraper|Skip scroll-overlap duplicate
2026-10-01 08:27:19.105|DEBUG|MaterialScraper|Skip scroll-overlap duplicate
2026-10-01 08:27:19.416|DEBUG|MaterialScraper|Finished page of materials. Scrolling...
2026-10-01 08:27:21.843|DEBUG|MaterialScraper|Scanning material page 21
2026-10-01 08:27:21.843|DEBUG|MaterialScraper|Located 32 possible item locations on page.
2026-10-01 08:27:22.034|DEBUG|MaterialScraper|Skip scroll-overlap duplicate
2026-10-01 08:27:22.402|DEBUG|MaterialScraper|Skip scroll-overlap duplicate
2026-10-01 08:27:22.744|DEBUG|MaterialScraper|Skip scroll-overlap duplicate
2026-10-01 08:27:23.092|DEBUG|MaterialScraper|Skip scroll-overlap duplicate
2026-10-01 08:27:23.453|DEBUG|MaterialScraper|Skip scroll-overlap duplicate
2026-10-01 08:27:23.801|DEBUG|MaterialScraper|Skip scroll-overlap duplicate
2026-10-01 08:27:24.165|DEBUG|MaterialScraper|Skip scroll-overlap duplicate
2026-10-01 08:27:24.524|DEBUG|MaterialScraper|Skip scroll-overlap duplicate
2026-10-01 08:27:24.880|DEBUG|MaterialScraper|Skip scroll-overlap duplicate
2026-10-01 08:27:25.218|DEBUG|MaterialScraper|Skip scroll-overlap duplicate
2026-10-01 08:27:25.576|DEBUG|MaterialScraper|Skip scroll-overlap duplicate
2026-10-01 08:27:25.952|DEBUG|MaterialScraper|Skip scroll-overlap duplicate
2026-10-01 08:27:26.295|DEBUG|MaterialScraper|Skip scroll-overlap duplicate
2026-10-01 08:27:26.629|DEBUG|MaterialScraper|Skip scroll-overlap duplicate
2026-10-01 08:27:26.981|DEBUG|MaterialScraper|Skip scroll-overlap duplicate
2026-10-01 08:27:27.324|DEBUG|MaterialScraper|Skip scroll-overlap duplicate
2026-10-01 08:27:27.690|DEBUG|MaterialScraper|Skip scroll-overlap duplicate
2026-10-01 08:27:28.029|DEBUG|MaterialScraper|Skip scroll-overlap duplicate
2026-10-01 08:27:28.394|DEBUG|MaterialScraper|Skip scroll-overlap duplicate
2026-10-01 08:27:28.765|DEBUG|MaterialScraper|Skip scroll-overlap duplicate
2026-10-01 08:27:29.122|DEBUG|MaterialScraper|Skip scroll-overlap duplicate
2026-10-01 08:27:29.483|DEBUG|MaterialScraper|Skip scroll-overlap duplicate
2026-10-01 08:27:29.819|DEBUG|MaterialScraper|Skip scroll-overlap duplicate
2026-10-01 08:27:30.192|DEBUG|MaterialScraper|Skip scroll-overlap duplicate
2026-10-01 08:27:30.512|DEBUG|MaterialScraper|Finished page of materials. Scrolling...
2026-10-01 08:27:32.990|DEBUG|MaterialScraper|Scanning material page 22
2026-10-01 08:27:32.990|DEBUG|MaterialScraper|Located 32 possible item locations on page.
2026-10-01 08:27:33.185|DEBUG|MaterialScraper|Skip scroll-overlap duplicate
2026-10-01 08:27:33.535|DEBUG|MaterialScraper|Skip scroll-overlap duplicate
2026-10-01 08:27:33.907|DEBUG|MaterialScraper|Skip scroll-overlap duplicate
2026-10-01 08:27:34.246|DEBUG|MaterialScraper|Skip scroll-overlap duplicate
2026-10-01 08:27:34.604|DEBUG|MaterialScraper|Skip scroll-overlap duplicate
2026-10-01 08:27:34.956|DEBUG|MaterialScraper|Skip scroll-overlap duplicate
2026-10-01 08:27:35.282|DEBUG|MaterialScraper|Skip scroll-overlap duplicate
2026-10-01 08:27:35.633|DEBUG|MaterialScraper|Skip scroll-overlap duplicate
2026-10-01 08:27:35.981|DEBUG|MaterialScraper|Skip scroll-overlap duplicate
2026-10-01 08:27:36.308|DEBUG|MaterialScraper|Skip scroll-overlap duplicate
2026-10-01 08:27:36.644|DEBUG|MaterialScraper|Skip scroll-overlap duplicate
2026-10-01 08:27:36.982|DEBUG|MaterialScraper|Skip scroll-overlap duplicate
2026-10-01 08:27:37.311|DEBUG|MaterialScraper|Skip scroll-overlap duplicate
2026-10-01 08:27:37.633|DEBUG|MaterialScraper|Skip scroll-overlap duplicate
2026-10-01 08:27:37.964|DEBUG|MaterialScraper|Skip scroll-overlap duplicate
2026-10-01 08:27:38.304|DEBUG|MaterialScraper|Skip scroll-overlap duplicate
2026-10-01 08:27:38.634|DEBUG|MaterialScraper|Skip scroll-overlap duplicate
2026-10-01 08:27:38.965|DEBUG|MaterialScraper|Skip scroll-overlap duplicate
2026-10-01 08:27:39.315|DEBUG|MaterialScraper|Skip scroll-overlap duplicate
2026-10-01 08:27:39.679|DEBUG|MaterialScraper|Skip scroll-overlap duplicate
2026-10-01 08:27:40.023|DEBUG|MaterialScraper|Skip scroll-overlap duplicate
2026-10-01 08:27:40.361|DEBUG|MaterialScraper|Skip scroll-overlap duplicate
2026-10-01 08:27:40.695|DEBUG|MaterialScraper|Skip scroll-overlap duplicate
2026-10-01 08:27:41.040|DEBUG|MaterialScraper|Skip scroll-overlap duplicate
2026-10-01 08:27:41.353|DEBUG|MaterialScraper|Finished page of materials. Scrolling...
2026-10-01 08:27:43.708|DEBUG|MaterialScraper|Scanning material page 23
2026-10-01 08:27:43.708|DEBUG|MaterialScraper|Located 32 possible item locations on page.
2026-10-01 08:27:43.899|DEBUG|MaterialScraper|Skip scroll-overlap duplicate
2026-10-01 08:27:44.237|DEBUG|MaterialScraper|Skip scroll-overlap duplicate
2026-10-01 08:27:44.568|DEBUG|MaterialScraper|Skip scroll-overlap duplicate
2026-10-01 08:27:44.909|DEBUG|MaterialScraper|Skip scroll-overlap duplicate
2026-10-01 08:27:45.254|DEBUG|MaterialScraper|Skip scroll-overlap duplicate
2026-10-01 08:27:45.591|DEBUG|MaterialScraper|Skip scroll-overlap duplicate
2026-10-01 08:27:45.919|DEBUG|MaterialScraper|Skip scroll-overlap duplicate
2026-10-01 08:27:46.255|DEBUG|MaterialScraper|Skip scroll-overlap duplicate
2026-10-01 08:27:46.612|DEBUG|MaterialScraper|Skip scroll-overlap duplicate
2026-10-01 08:27:46.949|DEBUG|MaterialScraper|Skip scroll-overlap duplicate
2026-10-01 08:27:47.285|DEBUG|MaterialScraper|Skip scroll-overlap duplicate
2026-10-01 08:27:47.631|DEBUG|MaterialScraper|Skip scroll-overlap duplicate
2026-10-01 08:27:47.957|DEBUG|MaterialScraper|Skip scroll-overlap duplicate
2026-10-01 08:27:48.290|DEBUG|MaterialScraper|Skip scroll-overlap duplicate
2026-10-01 08:27:48.619|DEBUG|MaterialScraper|Skip scroll-overlap duplicate
2026-10-01 08:27:48.939|DEBUG|MaterialScraper|Skip scroll-overlap duplicate
2026-10-01 08:27:49.272|DEBUG|MaterialScraper|Skip scroll-overlap duplicate
2026-10-01 08:27:49.604|DEBUG|MaterialScraper|Skip scroll-overlap duplicate
2026-10-01 08:27:49.975|DEBUG|MaterialScraper|Skip scroll-overlap duplicate
2026-10-01 08:27:50.364|DEBUG|MaterialScraper|Skip scroll-overlap duplicate
2026-10-01 08:27:50.734|DEBUG|MaterialScraper|Skip scroll-overlap duplicate
2026-10-01 08:27:51.087|DEBUG|MaterialScraper|Skip scroll-overlap duplicate
2026-10-01 08:27:51.431|DEBUG|MaterialScraper|Skip scroll-overlap duplicate
2026-10-01 08:27:51.805|DEBUG|MaterialScraper|Skip scroll-overlap duplicate
2026-10-01 08:27:52.115|DEBUG|MaterialScraper|Finished page of materials. Scrolling...
2026-10-01 08:27:54.580|DEBUG|MaterialScraper|Scanning material page 24
2026-10-01 08:27:54.580|DEBUG|MaterialScraper|Located 32 possible item locations on page.
2026-10-01 08:27:54.785|DEBUG|MaterialScraper|Skip scroll-overlap duplicate
2026-10-01 08:27:55.119|DEBUG|MaterialScraper|Skip scroll-overlap duplicate
2026-10-01 08:27:55.480|DEBUG|MaterialScraper|Skip scroll-overlap duplicate
2026-10-01 08:27:55.839|DEBUG|MaterialScraper|Skip scroll-overlap duplicate
2026-10-01 08:27:56.188|DEBUG|MaterialScraper|Skip scroll-overlap duplicate
2026-10-01 08:27:56.546|DEBUG|MaterialScraper|Skip scroll-overlap duplicate
2026-10-01 08:27:56.912|DEBUG|MaterialScraper|Skip scroll-overlap duplicate
2026-10-01 08:27:57.266|DEBUG|MaterialScraper|Skip scroll-overlap duplicate
2026-10-01 08:27:57.631|DEBUG|MaterialScraper|Skip scroll-overlap duplicate
2026-10-01 08:27:57.975|DEBUG|MaterialScraper|Skip scroll-overlap duplicate
2026-10-01 08:27:58.317|DEBUG|MaterialScraper|Skip scroll-overlap duplicate
2026-10-01 08:27:58.673|DEBUG|MaterialScraper|Skip scroll-overlap duplicate
2026-10-01 08:27:59.013|DEBUG|MaterialScraper|Skip scroll-overlap duplicate
2026-10-01 08:27:59.364|DEBUG|MaterialScraper|Skip scroll-overlap duplicate
2026-10-01 08:27:59.728|DEBUG|MaterialScraper|Skip scroll-overlap duplicate
2026-10-01 08:28:00.083|DEBUG|MaterialScraper|Skip scroll-overlap duplicate
2026-10-01 08:28:00.445|DEBUG|MaterialScraper|Skip scroll-overlap duplicate
2026-10-01 08:28:00.799|DEBUG|MaterialScraper|Skip scroll-overlap duplicate
2026-10-01 08:28:01.161|DEBUG|MaterialScraper|Skip scroll-overlap duplicate
2026-10-01 08:28:01.545|DEBUG|MaterialScraper|Skip scroll-overlap duplicate
2026-10-01 08:28:01.904|DEBUG|MaterialScraper|Skip scroll-overlap duplicate
2026-10-01 08:28:02.258|DEBUG|MaterialScraper|Skip scroll-overlap duplicate
2026-10-01 08:28:02.629|DEBUG|MaterialScraper|Skip scroll-overlap duplicate
2026-10-01 08:28:02.994|DEBUG|MaterialScraper|Skip scroll-overlap duplicate
2026-10-01 08:28:03.312|DEBUG|MaterialScraper|Finished page of materials. Scrolling...
2026-10-01 08:28:05.714|DEBUG|MaterialScraper|Scanning material page 25
2026-10-01 08:28:05.714|DEBUG|MaterialScraper|Located 32 possible item locations on page.
2026-10-01 08:28:05.904|DEBUG|MaterialScraper|Skip scroll-overlap duplicate
2026-10-01 08:28:06.254|DEBUG|MaterialScraper|Skip scroll-overlap duplicate
2026-10-01 08:28:06.593|DEBUG|MaterialScraper|Skip scroll-overlap duplicate
2026-10-01 08:28:06.926|DEBUG|MaterialScraper|Skip scroll-overlap duplicate
2026-10-01 08:28:07.255|DEBUG|MaterialScraper|Skip scroll-overlap duplicate
2026-10-01 08:28:07.595|DEBUG|MaterialScraper|Skip scroll-overlap duplicate
2026-10-01 08:28:07.940|DEBUG|MaterialScraper|Skip scroll-overlap duplicate
2026-10-01 08:28:08.281|DEBUG|MaterialScraper|Skip scroll-overlap duplicate
2026-10-01 08:28:08.636|DEBUG|MaterialScraper|Skip scroll-overlap duplicate
2026-10-01 08:28:08.968|DEBUG|MaterialScraper|Skip scroll-overlap duplicate
2026-10-01 08:28:09.306|DEBUG|MaterialScraper|Skip scroll-overlap duplicate
2026-10-01 08:28:09.637|DEBUG|MaterialScraper|Skip scroll-overlap duplicate
2026-10-01 08:28:09.964|DEBUG|MaterialScraper|Skip scroll-overlap duplicate
2026-10-01 08:28:10.304|DEBUG|MaterialScraper|Skip scroll-overlap duplicate
2026-10-01 08:28:10.632|DEBUG|MaterialScraper|Skip scroll-overlap duplicate
2026-10-01 08:28:10.966|DEBUG|MaterialScraper|Skip scroll-overlap duplicate
2026-10-01 08:28:11.301|DEBUG|MaterialScraper|Skip scroll-overlap duplicate
2026-10-01 08:28:11.636|DEBUG|MaterialScraper|Skip scroll-overlap duplicate
2026-10-01 08:28:11.970|DEBUG|MaterialScraper|Skip scroll-overlap duplicate
2026-10-01 08:28:12.326|DEBUG|MaterialScraper|Skip scroll-overlap duplicate
2026-10-01 08:28:12.674|DEBUG|MaterialScraper|Skip scroll-overlap duplicate
2026-10-01 08:28:13.010|DEBUG|MaterialScraper|Skip scroll-overlap duplicate
2026-10-01 08:28:13.336|DEBUG|MaterialScraper|Skip scroll-overlap duplicate
2026-10-01 08:28:13.691|DEBUG|MaterialScraper|Skip scroll-overlap duplicate
2026-10-01 08:28:14.009|DEBUG|MaterialScraper|Finished page of materials. Scrolling...
2026-10-01 08:28:16.117|DEBUG|MaterialScraper|Scanning material page 26
2026-10-01 08:28:16.117|DEBUG|MaterialScraper|Located 32 possible item locations on page.
2026-10-01 08:28:16.311|DEBUG|MaterialScraper|Skip scroll-overlap duplicate
2026-10-01 08:28:16.655|DEBUG|MaterialScraper|Skip scroll-overlap duplicate
2026-10-01 08:28:16.982|DEBUG|MaterialScraper|Skip scroll-overlap duplicate
2026-10-01 08:28:17.317|DEBUG|MaterialScraper|Skip scroll-overlap duplicate
2026-10-01 08:28:17.662|DEBUG|MaterialScraper|Skip scroll-overlap duplicate
2026-10-01 08:28:18.002|DEBUG|MaterialScraper|Skip scroll-overlap duplicate
2026-10-01 08:28:18.329|DEBUG|MaterialScraper|Skip scroll-overlap duplicate
2026-10-01 08:28:18.663|DEBUG|MaterialScraper|Skip scroll-overlap duplicate
2026-10-01 08:28:18.998|DEBUG|MaterialScraper|Skip scroll-overlap duplicate
2026-10-01 08:28:19.342|DEBUG|MaterialScraper|Skip scroll-overlap duplicate
2026-10-01 08:28:19.690|DEBUG|MaterialScraper|Skip scroll-overlap duplicate
2026-10-01 08:28:20.042|DEBUG|MaterialScraper|Skip scroll-overlap duplicate
2026-10-01 08:28:20.388|DEBUG|MaterialScraper|Skip scroll-overlap duplicate
2026-10-01 08:28:20.732|DEBUG|MaterialScraper|Skip scroll-overlap duplicate
2026-10-01 08:28:21.081|DEBUG|MaterialScraper|Skip scroll-overlap duplicate
2026-10-01 08:28:21.417|DEBUG|MaterialScraper|Skip scroll-overlap duplicate
2026-10-01 08:28:21.769|DEBUG|MaterialScraper|Skip scroll-overlap duplicate
2026-10-01 08:28:22.118|DEBUG|MaterialScraper|Skip scroll-overlap duplicate
2026-10-01 08:28:22.482|DEBUG|MaterialScraper|Skip scroll-overlap duplicate
2026-10-01 08:28:22.848|DEBUG|MaterialScraper|Skip scroll-overlap duplicate
2026-10-01 08:28:23.205|DEBUG|MaterialScraper|Skip scroll-overlap duplicate
2026-10-01 08:28:23.570|DEBUG|MaterialScraper|Skip scroll-overlap duplicate
2026-10-01 08:28:23.911|DEBUG|MaterialScraper|Skip scroll-overlap duplicate
2026-10-01 08:28:24.282|DEBUG|MaterialScraper|Skip scroll-overlap duplicate
2026-10-01 08:28:24.589|DEBUG|MaterialScraper|Finished page of materials. Scrolling...
2026-10-01 08:28:27.046|DEBUG|MaterialScraper|Scanning material page 27
2026-10-01 08:28:27.046|DEBUG|MaterialScraper|Located 32 possible item locations on page.
2026-10-01 08:28:27.236|DEBUG|MaterialScraper|Skip scroll-overlap duplicate
2026-10-01 08:28:27.572|DEBUG|MaterialScraper|Skip scroll-overlap duplicate
2026-10-01 08:28:27.915|DEBUG|MaterialScraper|Skip scroll-overlap duplicate
2026-10-01 08:28:28.264|DEBUG|MaterialScraper|Skip scroll-overlap duplicate
2026-10-01 08:28:28.604|DEBUG|MaterialScraper|Skip scroll-overlap duplicate
2026-10-01 08:28:28.955|DEBUG|MaterialScraper|Skip scroll-overlap duplicate
2026-10-01 08:28:29.315|DEBUG|MaterialScraper|Skip scroll-overlap duplicate
2026-10-01 08:28:29.673|DEBUG|MaterialScraper|Skip scroll-overlap duplicate
2026-10-01 08:28:30.017|DEBUG|MaterialScraper|Skip scroll-overlap duplicate
2026-10-01 08:28:30.371|DEBUG|MaterialScraper|Skip scroll-overlap duplicate
2026-10-01 08:28:30.719|DEBUG|MaterialScraper|Skip scroll-overlap duplicate
2026-10-01 08:28:31.081|DEBUG|MaterialScraper|Skip scroll-overlap duplicate
2026-10-01 08:28:31.424|DEBUG|MaterialScraper|Skip scroll-overlap duplicate
2026-10-01 08:28:31.771|DEBUG|MaterialScraper|Skip scroll-overlap duplicate
2026-10-01 08:28:32.125|DEBUG|MaterialScraper|Skip scroll-overlap duplicate
2026-10-01 08:28:32.456|DEBUG|MaterialScraper|Skip scroll-overlap duplicate
2026-10-01 08:28:32.787|DEBUG|MaterialScraper|Skip scroll-overlap duplicate
2026-10-01 08:28:33.122|DEBUG|MaterialScraper|Skip scroll-overlap duplicate
2026-10-01 08:28:33.469|DEBUG|MaterialScraper|Skip scroll-overlap duplicate
2026-10-01 08:28:33.821|DEBUG|MaterialScraper|Skip scroll-overlap duplicate
2026-10-01 08:28:34.159|DEBUG|MaterialScraper|Skip scroll-overlap duplicate
2026-10-01 08:28:34.506|DEBUG|MaterialScraper|Skip scroll-overlap duplicate
2026-10-01 08:28:34.852|DEBUG|MaterialScraper|Skip scroll-overlap duplicate
2026-10-01 08:28:35.194|DEBUG|MaterialScraper|Skip scroll-overlap duplicate
2026-10-01 08:28:35.515|DEBUG|MaterialScraper|Finished page of materials. Scrolling...
2026-10-01 08:28:37.626|DEBUG|MaterialScraper|Scanning material page 28
2026-10-01 08:28:37.626|DEBUG|MaterialScraper|Located 32 possible item locations on page.
2026-10-01 08:28:37.817|DEBUG|MaterialScraper|Skip scroll-overlap duplicate
2026-10-01 08:28:38.145|DEBUG|MaterialScraper|Skip scroll-overlap duplicate
2026-10-01 08:28:38.476|DEBUG|MaterialScraper|Skip scroll-overlap duplicate
2026-10-01 08:28:38.804|DEBUG|MaterialScraper|Skip scroll-overlap duplicate
2026-10-01 08:28:39.137|DEBUG|MaterialScraper|Skip scroll-overlap duplicate
2026-10-01 08:28:39.503|DEBUG|MaterialScraper|Skip scroll-overlap duplicate
2026-10-01 08:28:39.839|DEBUG|MaterialScraper|Skip scroll-overlap duplicate
2026-10-01 08:28:40.180|DEBUG|MaterialScraper|Skip scroll-overlap duplicate
2026-10-01 08:28:40.529|DEBUG|MaterialScraper|Skip scroll-overlap duplicate
2026-10-01 08:28:40.851|DEBUG|MaterialScraper|Skip scroll-overlap duplicate
2026-10-01 08:28:41.184|DEBUG|MaterialScraper|Skip scroll-overlap duplicate
2026-10-01 08:28:41.519|DEBUG|MaterialScraper|Skip scroll-overlap duplicate
2026-10-01 08:28:41.861|DEBUG|MaterialScraper|Skip scroll-overlap duplicate
2026-10-01 08:28:42.195|DEBUG|MaterialScraper|Skip scroll-overlap duplicate
2026-10-01 08:28:42.535|DEBUG|MaterialScraper|Skip scroll-overlap duplicate
2026-10-01 08:28:42.876|DEBUG|MaterialScraper|Skip scroll-overlap duplicate
2026-10-01 08:28:43.214|DEBUG|MaterialScraper|Skip scroll-overlap duplicate
2026-10-01 08:28:43.558|DEBUG|MaterialScraper|Skip scroll-overlap duplicate
2026-10-01 08:28:43.939|DEBUG|MaterialScraper|Skip scroll-overlap duplicate
2026-10-01 08:28:44.319|DEBUG|MaterialScraper|Skip scroll-overlap duplicate
2026-10-01 08:28:44.693|DEBUG|MaterialScraper|Skip scroll-overlap duplicate
2026-10-01 08:28:45.041|DEBUG|MaterialScraper|Skip scroll-overlap duplicate
2026-10-01 08:28:45.372|DEBUG|MaterialScraper|Skip scroll-overlap duplicate
2026-10-01 08:28:45.720|DEBUG|MaterialScraper|Skip scroll-overlap duplicate
2026-10-01 08:28:46.027|DEBUG|MaterialScraper|Finished page of materials. Scrolling...
2026-10-01 08:28:48.185|DEBUG|MaterialScraper|Scanning material page 29
2026-10-01 08:28:48.185|DEBUG|MaterialScraper|Located 32 possible item locations on page.
2026-10-01 08:28:48.376|DEBUG|MaterialScraper|Skip scroll-overlap duplicate
2026-10-01 08:28:48.714|DEBUG|MaterialScraper|Skip scroll-overlap duplicate
2026-10-01 08:28:49.044|DEBUG|MaterialScraper|Skip scroll-overlap duplicate
2026-10-01 08:28:49.380|DEBUG|MaterialScraper|Skip scroll-overlap duplicate
2026-10-01 08:28:49.712|DEBUG|MaterialScraper|Skip scroll-overlap duplicate
2026-10-01 08:28:50.055|DEBUG|MaterialScraper|Skip scroll-overlap duplicate
2026-10-01 08:28:50.376|DEBUG|MaterialScraper|Skip scroll-overlap duplicate
2026-10-01 08:28:50.717|DEBUG|MaterialScraper|Skip scroll-overlap duplicate
2026-10-01 08:28:51.061|DEBUG|MaterialScraper|Skip scroll-overlap duplicate
2026-10-01 08:28:51.403|DEBUG|MaterialScraper|Skip scroll-overlap duplicate
2026-10-01 08:28:51.743|DEBUG|MaterialScraper|Skip scroll-overlap duplicate
2026-10-01 08:28:52.071|DEBUG|MaterialScraper|Skip scroll-overlap duplicate
2026-10-01 08:28:52.400|DEBUG|MaterialScraper|Skip scroll-overlap duplicate
2026-10-01 08:28:52.732|DEBUG|MaterialScraper|Skip scroll-overlap duplicate
2026-10-01 08:28:53.064|DEBUG|MaterialScraper|Skip scroll-overlap duplicate
2026-10-01 08:28:53.400|DEBUG|MaterialScraper|Skip scroll-overlap duplicate
2026-10-01 08:28:53.743|DEBUG|MaterialScraper|Skip scroll-overlap duplicate
2026-10-01 08:28:54.065|DEBUG|MaterialScraper|Skip scroll-overlap duplicate
2026-10-01 08:28:54.408|DEBUG|MaterialScraper|Skip scroll-overlap duplicate
2026-10-01 08:28:54.761|DEBUG|MaterialScraper|Skip scroll-overlap duplicate
2026-10-01 08:28:55.102|DEBUG|MaterialScraper|Skip scroll-overlap duplicate
2026-10-01 08:28:55.432|DEBUG|MaterialScraper|Skip scroll-overlap duplicate
2026-10-01 08:28:55.761|DEBUG|MaterialScraper|Skip scroll-overlap duplicate
2026-10-01 08:28:56.106|DEBUG|MaterialScraper|Skip scroll-overlap duplicate
2026-10-01 08:28:56.428|DEBUG|MaterialScraper|Finished page of materials. Scrolling...
2026-10-01 08:28:58.549|DEBUG|MaterialScraper|Scanning material page 30
2026-10-01 08:28:58.549|DEBUG|MaterialScraper|Located 32 possible item locations on page.
2026-10-01 08:28:58.728|DEBUG|MaterialScraper|Skip scroll-overlap duplicate
2026-10-01 08:28:59.057|DEBUG|MaterialScraper|Skip scroll-overlap duplicate
2026-10-01 08:28:59.389|DEBUG|MaterialScraper|Skip scroll-overlap duplicate
2026-10-01 08:28:59.735|DEBUG|MaterialScraper|Skip scroll-overlap duplicate
2026-10-01 08:29:00.090|DEBUG|MaterialScraper|Skip scroll-overlap duplicate
2026-10-01 08:29:00.426|DEBUG|MaterialScraper|Skip scroll-overlap duplicate
2026-10-01 08:29:00.768|DEBUG|MaterialScraper|Skip scroll-overlap duplicate
2026-10-01 08:29:01.108|DEBUG|MaterialScraper|Skip scroll-overlap duplicate
2026-10-01 08:29:01.455|DEBUG|MaterialScraper|Skip scroll-overlap duplicate
2026-10-01 08:29:01.795|DEBUG|MaterialScraper|Skip scroll-overlap duplicate
2026-10-01 08:29:02.130|DEBUG|MaterialScraper|Skip scroll-overlap duplicate
2026-10-01 08:29:02.461|DEBUG|MaterialScraper|Skip scroll-overlap duplicate
2026-10-01 08:29:02.782|DEBUG|MaterialScraper|Skip scroll-overlap duplicate
2026-10-01 08:29:03.121|DEBUG|MaterialScraper|Skip scroll-overlap duplicate
2026-10-01 08:29:03.458|DEBUG|MaterialScraper|Skip scroll-overlap duplicate
2026-10-01 08:29:03.793|DEBUG|MaterialScraper|Skip scroll-overlap duplicate
2026-10-01 08:29:04.140|DEBUG|MaterialScraper|Skip scroll-overlap duplicate
2026-10-01 08:29:04.473|DEBUG|MaterialScraper|Skip scroll-overlap duplicate
2026-10-01 08:29:04.818|DEBUG|MaterialScraper|Skip scroll-overlap duplicate
2026-10-01 08:29:05.172|DEBUG|MaterialScraper|Skip scroll-overlap duplicate
2026-10-01 08:29:05.511|DEBUG|MaterialScraper|Skip scroll-overlap duplicate
2026-10-01 08:29:05.853|DEBUG|MaterialScraper|Skip scroll-overlap duplicate
2026-10-01 08:29:06.201|DEBUG|MaterialScraper|Skip scroll-overlap duplicate
2026-10-01 08:29:06.556|DEBUG|MaterialScraper|Skip scroll-overlap duplicate
2026-10-01 08:29:06.879|DEBUG|MaterialScraper|Finished page of materials. Scrolling...
2026-10-01 08:29:08.981|DEBUG|MaterialScraper|Scanning material page 31
2026-10-01 08:29:08.981|DEBUG|MaterialScraper|Located 32 possible item locations on page.
2026-10-01 08:29:09.165|DEBUG|MaterialScraper|Skip scroll-overlap duplicate
2026-10-01 08:29:09.505|DEBUG|MaterialScraper|Skip scroll-overlap duplicate
2026-10-01 08:29:09.840|DEBUG|MaterialScraper|Skip scroll-overlap duplicate
2026-10-01 08:29:10.171|DEBUG|MaterialScraper|Skip scroll-overlap duplicate
2026-10-01 08:29:10.503|DEBUG|MaterialScraper|Skip scroll-overlap duplicate
2026-10-01 08:29:10.849|DEBUG|MaterialScraper|Skip scroll-overlap duplicate
2026-10-01 08:29:11.191|DEBUG|MaterialScraper|Skip scroll-overlap duplicate
2026-10-01 08:29:11.547|DEBUG|MaterialScraper|Skip scroll-overlap duplicate
2026-10-01 08:29:11.885|DEBUG|MaterialScraper|Skip scroll-overlap duplicate
2026-10-01 08:29:12.217|DEBUG|MaterialScraper|Skip scroll-overlap duplicate
2026-10-01 08:29:12.552|DEBUG|MaterialScraper|Skip scroll-overlap duplicate
2026-10-01 08:29:12.896|DEBUG|MaterialScraper|Skip scroll-overlap duplicate
2026-10-01 08:29:13.217|DEBUG|MaterialScraper|Skip scroll-overlap duplicate
2026-10-01 08:29:13.542|DEBUG|MaterialScraper|Skip scroll-overlap duplicate
2026-10-01 08:29:13.875|DEBUG|MaterialScraper|Skip scroll-overlap duplicate
2026-10-01 08:29:14.212|DEBUG|MaterialScraper|Skip scroll-overlap duplicate
2026-10-01 08:29:14.543|DEBUG|MaterialScraper|Skip scroll-overlap duplicate
2026-10-01 08:29:14.873|DEBUG|MaterialScraper|Skip scroll-overlap duplicate
2026-10-01 08:29:15.230|DEBUG|MaterialScraper|Skip scroll-overlap duplicate
2026-10-01 08:29:15.571|DEBUG|MaterialScraper|Skip scroll-overlap duplicate
2026-10-01 08:29:15.915|DEBUG|MaterialScraper|Skip scroll-overlap duplicate
2026-10-01 08:29:16.259|DEBUG|MaterialScraper|Skip scroll-overlap duplicate
2026-10-01 08:29:16.603|DEBUG|MaterialScraper|Skip scroll-overlap duplicate
2026-10-01 08:29:16.952|DEBUG|MaterialScraper|Skip scroll-overlap duplicate
2026-10-01 08:29:17.269|DEBUG|MaterialScraper|Finished page of materials. Scrolling...
2026-10-01 08:29:19.366|DEBUG|MaterialScraper|Scanning material page 32
2026-10-01 08:29:19.366|DEBUG|MaterialScraper|Located 32 possible item locations on page.
2026-10-01 08:29:19.534|DEBUG|MaterialScraper|Skip scroll-overlap duplicate
2026-10-01 08:29:19.862|DEBUG|MaterialScraper|Skip scroll-overlap duplicate
2026-10-01 08:29:20.195|DEBUG|MaterialScraper|Skip scroll-overlap duplicate
2026-10-01 08:29:20.530|DEBUG|MaterialScraper|Skip scroll-overlap duplicate
2026-10-01 08:29:20.864|DEBUG|MaterialScraper|Skip scroll-overlap duplicate
2026-10-01 08:29:21.204|DEBUG|MaterialScraper|Skip scroll-overlap duplicate
2026-10-01 08:29:21.554|DEBUG|MaterialScraper|Skip scroll-overlap duplicate
2026-10-01 08:29:21.897|DEBUG|MaterialScraper|Skip scroll-overlap duplicate
2026-10-01 08:29:22.236|DEBUG|MaterialScraper|Skip scroll-overlap duplicate
2026-10-01 08:29:22.579|DEBUG|MaterialScraper|Skip scroll-overlap duplicate
2026-10-01 08:29:22.922|DEBUG|MaterialScraper|Skip scroll-overlap duplicate
2026-10-01 08:29:23.259|DEBUG|MaterialScraper|Skip scroll-overlap duplicate
2026-10-01 08:29:23.579|DEBUG|MaterialScraper|Skip scroll-overlap duplicate
2026-10-01 08:29:23.902|DEBUG|MaterialScraper|Skip scroll-overlap duplicate
2026-10-01 08:29:24.229|DEBUG|MaterialScraper|Skip scroll-overlap duplicate
2026-10-01 08:29:24.560|DEBUG|MaterialScraper|Skip scroll-overlap duplicate
2026-10-01 08:29:24.896|DEBUG|MaterialScraper|Skip scroll-overlap duplicate
2026-10-01 08:29:25.227|DEBUG|MaterialScraper|Skip scroll-overlap duplicate
2026-10-01 08:29:25.571|DEBUG|MaterialScraper|Skip scroll-overlap duplicate
2026-10-01 08:29:25.927|DEBUG|MaterialScraper|Skip scroll-overlap duplicate
2026-10-01 08:29:26.283|DEBUG|MaterialScraper|Skip scroll-overlap duplicate
2026-10-01 08:29:26.611|DEBUG|MaterialScraper|Skip scroll-overlap duplicate
2026-10-01 08:29:26.944|DEBUG|MaterialScraper|Skip scroll-overlap duplicate
2026-10-01 08:29:27.315|DEBUG|MaterialScraper|Skip scroll-overlap duplicate
2026-10-01 08:29:27.624|DEBUG|MaterialScraper|Finished page of materials. Scrolling...
2026-10-01 08:29:29.750|DEBUG|MaterialScraper|Scanning material page 33
2026-10-01 08:29:29.750|DEBUG|MaterialScraper|Located 32 possible item locations on page.
2026-10-01 08:29:29.943|DEBUG|MaterialScraper|Skip scroll-overlap duplicate
2026-10-01 08:29:30.268|DEBUG|MaterialScraper|Skip scroll-overlap duplicate
2026-10-01 08:29:30.601|DEBUG|MaterialScraper|Skip scroll-overlap duplicate
2026-10-01 08:29:30.940|DEBUG|MaterialScraper|Skip scroll-overlap duplicate
2026-10-01 08:29:31.283|DEBUG|MaterialScraper|Skip scroll-overlap duplicate
2026-10-01 08:29:31.625|DEBUG|MaterialScraper|Skip scroll-overlap duplicate
2026-10-01 08:29:31.964|DEBUG|MaterialScraper|Skip scroll-overlap duplicate
2026-10-01 08:29:32.305|DEBUG|MaterialScraper|Skip scroll-overlap duplicate
2026-10-01 08:29:32.654|DEBUG|MaterialScraper|Skip scroll-overlap duplicate
2026-10-01 08:29:32.996|DEBUG|MaterialScraper|Skip scroll-overlap duplicate
2026-10-01 08:29:33.327|DEBUG|MaterialScraper|Skip scroll-overlap duplicate
2026-10-01 08:29:33.666|DEBUG|MaterialScraper|Skip scroll-overlap duplicate
2026-10-01 08:29:33.999|DEBUG|MaterialScraper|Skip scroll-overlap duplicate
2026-10-01 08:29:34.336|DEBUG|MaterialScraper|Skip scroll-overlap duplicate
2026-10-01 08:29:34.673|DEBUG|MaterialScraper|Skip scroll-overlap duplicate
2026-10-01 08:29:35.008|DEBUG|MaterialScraper|Skip scroll-overlap duplicate
2026-10-01 08:29:35.370|DEBUG|MaterialScraper|Skip scroll-overlap duplicate
2026-10-01 08:29:35.701|DEBUG|MaterialScraper|Skip scroll-overlap duplicate
2026-10-01 08:29:36.054|DEBUG|MaterialScraper|Skip scroll-overlap duplicate
2026-10-01 08:29:36.397|DEBUG|MaterialScraper|Skip scroll-overlap duplicate
2026-10-01 08:29:36.739|DEBUG|MaterialScraper|Skip scroll-overlap duplicate
2026-10-01 08:29:37.065|DEBUG|MaterialScraper|Skip scroll-overlap duplicate
2026-10-01 08:29:37.395|DEBUG|MaterialScraper|Skip scroll-overlap duplicate
2026-10-01 08:29:37.746|DEBUG|MaterialScraper|Skip scroll-overlap duplicate
2026-10-01 08:29:38.058|DEBUG|MaterialScraper|Finished page of materials. Scrolling...
2026-10-01 08:29:40.151|DEBUG|MaterialScraper|Scanning material page 34
2026-10-01 08:29:40.151|DEBUG|MaterialScraper|Located 32 possible item locations on page.
2026-10-01 08:29:40.332|DEBUG|MaterialScraper|Skip scroll-overlap duplicate
2026-10-01 08:29:40.654|DEBUG|MaterialScraper|Skip scroll-overlap duplicate
2026-10-01 08:29:40.993|DEBUG|MaterialScraper|Skip scroll-overlap duplicate
2026-10-01 08:29:41.328|DEBUG|MaterialScraper|Skip scroll-overlap duplicate
2026-10-01 08:29:41.678|DEBUG|MaterialScraper|Skip scroll-overlap duplicate
2026-10-01 08:29:42.007|DEBUG|MaterialScraper|Skip scroll-overlap duplicate
2026-10-01 08:29:42.335|DEBUG|MaterialScraper|Skip scroll-overlap duplicate
2026-10-01 08:29:42.681|DEBUG|MaterialScraper|Skip scroll-overlap duplicate
2026-10-01 08:29:43.022|DEBUG|MaterialScraper|Skip scroll-overlap duplicate
2026-10-01 08:29:43.349|DEBUG|MaterialScraper|Skip scroll-overlap duplicate
2026-10-01 08:29:43.682|DEBUG|MaterialScraper|Skip scroll-overlap duplicate
2026-10-01 08:29:44.017|DEBUG|MaterialScraper|Skip scroll-overlap duplicate
2026-10-01 08:29:44.356|DEBUG|MaterialScraper|Skip scroll-overlap duplicate
2026-10-01 08:29:44.680|DEBUG|MaterialScraper|Skip scroll-overlap duplicate
2026-10-01 08:29:45.022|DEBUG|MaterialScraper|Skip scroll-overlap duplicate
2026-10-01 08:29:45.353|DEBUG|MaterialScraper|Skip scroll-overlap duplicate
2026-10-01 08:29:45.710|DEBUG|MaterialScraper|Skip scroll-overlap duplicate
2026-10-01 08:29:46.067|DEBUG|MaterialScraper|Skip scroll-overlap duplicate
2026-10-01 08:29:46.421|DEBUG|MaterialScraper|Skip scroll-overlap duplicate
2026-10-01 08:29:46.775|DEBUG|MaterialScraper|Skip scroll-overlap duplicate
2026-10-01 08:29:47.120|DEBUG|MaterialScraper|Skip scroll-overlap duplicate
2026-10-01 08:29:47.465|DEBUG|MaterialScraper|Skip scroll-overlap duplicate
2026-10-01 08:29:47.800|DEBUG|MaterialScraper|Skip scroll-overlap duplicate
2026-10-01 08:29:48.149|DEBUG|MaterialScraper|Skip scroll-overlap duplicate
2026-10-01 08:29:48.468|DEBUG|MaterialScraper|Finished page of materials. Scrolling...
2026-10-01 08:29:50.572|DEBUG|MaterialScraper|Scanning material page 35
2026-10-01 08:29:50.572|DEBUG|MaterialScraper|Located 32 possible item locations on page.
2026-10-01 08:29:50.751|DEBUG|MaterialScraper|Skip scroll-overlap duplicate
2026-10-01 08:29:51.084|DEBUG|MaterialScraper|Skip scroll-overlap duplicate
2026-10-01 08:29:51.417|DEBUG|MaterialScraper|Skip scroll-overlap duplicate
2026-10-01 08:29:51.761|DEBUG|MaterialScraper|Skip scroll-overlap duplicate
2026-10-01 08:29:52.090|DEBUG|MaterialScraper|Skip scroll-overlap duplicate
2026-10-01 08:29:52.434|DEBUG|MaterialScraper|Skip scroll-overlap duplicate
2026-10-01 08:29:52.763|DEBUG|MaterialScraper|Skip scroll-overlap duplicate
2026-10-01 08:29:53.111|DEBUG|MaterialScraper|Skip scroll-overlap duplicate
2026-10-01 08:29:53.456|DEBUG|MaterialScraper|Skip scroll-overlap duplicate
2026-10-01 08:29:53.794|DEBUG|MaterialScraper|Skip scroll-overlap duplicate
2026-10-01 08:29:54.152|DEBUG|MaterialScraper|Skip scroll-overlap duplicate
2026-10-01 08:29:54.512|DEBUG|MaterialScraper|Skip scroll-overlap duplicate
2026-10-01 08:29:54.858|DEBUG|MaterialScraper|Skip scroll-overlap duplicate
2026-10-01 08:29:55.184|DEBUG|MaterialScraper|Skip scroll-overlap duplicate
2026-10-01 08:29:55.517|DEBUG|MaterialScraper|Skip scroll-overlap duplicate
2026-10-01 08:29:55.844|DEBUG|MaterialScraper|Skip scroll-overlap duplicate
2026-10-01 08:29:56.182|DEBUG|MaterialScraper|Skip scroll-overlap duplicate
2026-10-01 08:29:56.508|DEBUG|MaterialScraper|Skip scroll-overlap duplicate
2026-10-01 08:29:56.855|DEBUG|MaterialScraper|Skip scroll-overlap duplicate
2026-10-01 08:29:57.195|DEBUG|MaterialScraper|Skip scroll-overlap duplicate
2026-10-01 08:29:57.535|DEBUG|MaterialScraper|Skip scroll-overlap duplicate
2026-10-01 08:29:57.872|DEBUG|MaterialScraper|Skip scroll-overlap duplicate
2026-10-01 08:29:58.206|DEBUG|MaterialScraper|Skip scroll-overlap duplicate
2026-10-01 08:29:58.557|DEBUG|MaterialScraper|Skip scroll-overlap duplicate
2026-10-01 08:29:58.869|DEBUG|MaterialScraper|Finished page of materials. Scrolling...
2026-10-01 08:30:00.998|DEBUG|MaterialScraper|Scanning material page 36
2026-10-01 08:30:00.998|DEBUG|MaterialScraper|Located 32 possible item locations on page.
2026-10-01 08:30:01.170|DEBUG|MaterialScraper|Skip scroll-overlap duplicate
2026-10-01 08:30:01.503|DEBUG|MaterialScraper|Skip scroll-overlap duplicate
2026-10-01 08:30:01.835|DEBUG|MaterialScraper|Skip scroll-overlap duplicate
2026-10-01 08:30:02.167|DEBUG|MaterialScraper|Skip scroll-overlap duplicate
2026-10-01 08:30:02.500|DEBUG|MaterialScraper|Skip scroll-overlap duplicate
2026-10-01 08:30:02.854|DEBUG|MaterialScraper|Skip scroll-overlap duplicate
2026-10-01 08:30:03.181|DEBUG|MaterialScraper|Skip scroll-overlap duplicate
2026-10-01 08:30:03.524|DEBUG|MaterialScraper|Skip scroll-overlap duplicate
2026-10-01 08:30:03.881|DEBUG|MaterialScraper|Skip scroll-overlap duplicate
2026-10-01 08:30:04.207|DEBUG|MaterialScraper|Skip scroll-overlap duplicate
2026-10-01 08:30:04.543|DEBUG|MaterialScraper|Skip scroll-overlap duplicate
2026-10-01 08:30:04.876|DEBUG|MaterialScraper|Skip scroll-overlap duplicate
2026-10-01 08:30:05.207|DEBUG|MaterialScraper|Skip scroll-overlap duplicate
2026-10-01 08:30:05.539|DEBUG|MaterialScraper|Skip scroll-overlap duplicate
2026-10-01 08:30:05.870|DEBUG|MaterialScraper|Skip scroll-overlap duplicate
2026-10-01 08:30:06.199|DEBUG|MaterialScraper|Skip scroll-overlap duplicate
2026-10-01 08:30:06.537|DEBUG|MaterialScraper|Skip scroll-overlap duplicate
2026-10-01 08:30:06.881|DEBUG|MaterialScraper|Skip scroll-overlap duplicate
2026-10-01 08:30:07.217|DEBUG|MaterialScraper|Skip scroll-overlap duplicate
2026-10-01 08:30:07.567|DEBUG|MaterialScraper|Skip scroll-overlap duplicate
2026-10-01 08:30:07.912|DEBUG|MaterialScraper|Skip scroll-overlap duplicate
2026-10-01 08:30:08.250|DEBUG|MaterialScraper|Skip scroll-overlap duplicate
2026-10-01 08:30:08.576|DEBUG|MaterialScraper|Skip scroll-overlap duplicate
2026-10-01 08:30:08.946|DEBUG|MaterialScraper|Skip scroll-overlap duplicate
2026-10-01 08:30:09.265|DEBUG|MaterialScraper|Finished page of materials. Scrolling...
2026-10-01 08:30:11.390|DEBUG|MaterialScraper|Scanning material page 37
2026-10-01 08:30:11.390|DEBUG|MaterialScraper|Located 32 possible item locations on page.
2026-10-01 08:30:11.561|DEBUG|MaterialScraper|Skip scroll-overlap duplicate
2026-10-01 08:30:11.893|DEBUG|MaterialScraper|Skip scroll-overlap duplicate
2026-10-01 08:30:12.240|DEBUG|MaterialScraper|Skip scroll-overlap duplicate
2026-10-01 08:30:12.574|DEBUG|MaterialScraper|Skip scroll-overlap duplicate
2026-10-01 08:30:12.901|DEBUG|MaterialScraper|Skip scroll-overlap duplicate
2026-10-01 08:30:13.240|DEBUG|MaterialScraper|Skip scroll-overlap duplicate
2026-10-01 08:30:13.590|DEBUG|MaterialScraper|Skip scroll-overlap duplicate
2026-10-01 08:30:13.922|DEBUG|MaterialScraper|Skip scroll-overlap duplicate
2026-10-01 08:30:14.254|DEBUG|MaterialScraper|Skip scroll-overlap duplicate
2026-10-01 08:30:14.596|DEBUG|MaterialScraper|Skip scroll-overlap duplicate
2026-10-01 08:30:14.932|DEBUG|MaterialScraper|Skip scroll-overlap duplicate
2026-10-01 08:30:15.265|DEBUG|MaterialScraper|Skip scroll-overlap duplicate
2026-10-01 08:30:15.586|DEBUG|MaterialScraper|Skip scroll-overlap duplicate
2026-10-01 08:30:15.908|DEBUG|MaterialScraper|Skip scroll-overlap duplicate
2026-10-01 08:30:16.245|DEBUG|MaterialScraper|Skip scroll-overlap duplicate
2026-10-01 08:30:16.577|DEBUG|MaterialScraper|Skip scroll-overlap duplicate
2026-10-01 08:30:16.895|DEBUG|MaterialScraper|Skip scroll-overlap duplicate
2026-10-01 08:30:17.225|DEBUG|MaterialScraper|Skip scroll-overlap duplicate
2026-10-01 08:30:17.569|DEBUG|MaterialScraper|Skip scroll-overlap duplicate
2026-10-01 08:30:17.903|DEBUG|MaterialScraper|Skip scroll-overlap duplicate
2026-10-01 08:30:18.254|DEBUG|MaterialScraper|Skip scroll-overlap duplicate
2026-10-01 08:30:18.593|DEBUG|MaterialScraper|Skip scroll-overlap duplicate
2026-10-01 08:30:18.918|DEBUG|MaterialScraper|Skip scroll-overlap duplicate
2026-10-01 08:30:19.270|DEBUG|MaterialScraper|Skip scroll-overlap duplicate
2026-10-01 08:30:19.578|DEBUG|MaterialScraper|Finished page of materials. Scrolling...
2026-10-01 08:30:21.692|DEBUG|MaterialScraper|Scanning material page 38
2026-10-01 08:30:21.692|DEBUG|MaterialScraper|Located 32 possible item locations on page.
2026-10-01 08:30:21.869|DEBUG|MaterialScraper|Skip scroll-overlap duplicate
2026-10-01 08:30:22.213|DEBUG|MaterialScraper|Skip scroll-overlap duplicate
2026-10-01 08:30:22.546|DEBUG|MaterialScraper|Skip scroll-overlap duplicate
2026-10-01 08:30:22.876|DEBUG|MaterialScraper|Skip scroll-overlap duplicate
2026-10-01 08:30:23.209|DEBUG|MaterialScraper|Skip scroll-overlap duplicate
2026-10-01 08:30:23.548|DEBUG|MaterialScraper|Skip scroll-overlap duplicate
2026-10-01 08:30:23.874|DEBUG|MaterialScraper|Skip scroll-overlap duplicate
2026-10-01 08:30:24.215|DEBUG|MaterialScraper|Skip scroll-overlap duplicate
2026-10-01 08:30:24.565|DEBUG|MaterialScraper|Skip scroll-overlap duplicate
2026-10-01 08:30:24.890|DEBUG|MaterialScraper|Skip scroll-overlap duplicate
2026-10-01 08:30:25.223|DEBUG|MaterialScraper|Skip scroll-overlap duplicate
2026-10-01 08:30:25.569|DEBUG|MaterialScraper|Skip scroll-overlap duplicate
2026-10-01 08:30:25.893|DEBUG|MaterialScraper|Skip scroll-overlap duplicate
2026-10-01 08:30:26.217|DEBUG|MaterialScraper|Skip scroll-overlap duplicate
2026-10-01 08:30:26.550|DEBUG|MaterialScraper|Skip scroll-overlap duplicate
2026-10-01 08:30:26.877|DEBUG|MaterialScraper|Skip scroll-overlap duplicate
2026-10-01 08:30:27.211|DEBUG|MaterialScraper|Skip scroll-overlap duplicate
2026-10-01 08:30:27.543|DEBUG|MaterialScraper|Skip scroll-overlap duplicate
2026-10-01 08:30:27.886|DEBUG|MaterialScraper|Skip scroll-overlap duplicate
2026-10-01 08:30:28.243|DEBUG|MaterialScraper|Skip scroll-overlap duplicate
2026-10-01 08:30:28.587|DEBUG|MaterialScraper|Skip scroll-overlap duplicate
2026-10-01 08:30:28.924|DEBUG|MaterialScraper|Skip scroll-overlap duplicate
2026-10-01 08:30:29.267|DEBUG|MaterialScraper|Skip scroll-overlap duplicate
2026-10-01 08:30:29.613|DEBUG|MaterialScraper|Skip scroll-overlap duplicate
2026-10-01 08:30:29.922|DEBUG|MaterialScraper|Finished page of materials. Scrolling...
2026-10-01 08:30:32.035|DEBUG|MaterialScraper|Scanning material page 39
2026-10-01 08:30:32.035|DEBUG|MaterialScraper|Located 32 possible item locations on page.
2026-10-01 08:30:32.220|DEBUG|MaterialScraper|Skip scroll-overlap duplicate
2026-10-01 08:30:32.560|DEBUG|MaterialScraper|Skip scroll-overlap duplicate
2026-10-01 08:30:32.911|DEBUG|MaterialScraper|Skip scroll-overlap duplicate
2026-10-01 08:30:33.248|DEBUG|MaterialScraper|Skip scroll-overlap duplicate
2026-10-01 08:30:33.588|DEBUG|MaterialScraper|Skip scroll-overlap duplicate
2026-10-01 08:30:33.925|DEBUG|MaterialScraper|Skip scroll-overlap duplicate
2026-10-01 08:30:34.261|DEBUG|MaterialScraper|Skip scroll-overlap duplicate
2026-10-01 08:30:34.598|DEBUG|MaterialScraper|Skip scroll-overlap duplicate
2026-10-01 08:30:34.942|DEBUG|MaterialScraper|Skip scroll-overlap duplicate
2026-10-01 08:30:35.273|DEBUG|MaterialScraper|Skip scroll-overlap duplicate
2026-10-01 08:30:35.611|DEBUG|MaterialScraper|Skip scroll-overlap duplicate
2026-10-01 08:30:35.944|DEBUG|MaterialScraper|Skip scroll-overlap duplicate
2026-10-01 08:30:36.278|DEBUG|MaterialScraper|Skip scroll-overlap duplicate
2026-10-01 08:30:36.604|DEBUG|MaterialScraper|Skip scroll-overlap duplicate
2026-10-01 08:30:36.937|DEBUG|MaterialScraper|Skip scroll-overlap duplicate
2026-10-01 08:30:37.272|DEBUG|MaterialScraper|Skip scroll-overlap duplicate
2026-10-01 08:30:37.602|DEBUG|MaterialScraper|Skip scroll-overlap duplicate
2026-10-01 08:30:37.932|DEBUG|MaterialScraper|Skip scroll-overlap duplicate
2026-10-01 08:30:38.281|DEBUG|MaterialScraper|Skip scroll-overlap duplicate
2026-10-01 08:30:38.630|DEBUG|MaterialScraper|Skip scroll-overlap duplicate
2026-10-01 08:30:38.976|DEBUG|MaterialScraper|Skip scroll-overlap duplicate
2026-10-01 08:30:39.321|DEBUG|MaterialScraper|Skip scroll-overlap duplicate
2026-10-01 08:30:39.663|DEBUG|MaterialScraper|Skip scroll-overlap duplicate
2026-10-01 08:30:40.010|DEBUG|MaterialScraper|Skip scroll-overlap duplicate
2026-10-01 08:30:40.324|DEBUG|MaterialScraper|Finished page of materials. Scrolling...
2026-10-01 08:30:42.442|DEBUG|MaterialScraper|Scanning material page 40
2026-10-01 08:30:42.442|DEBUG|MaterialScraper|Located 32 possible item locations on page.
2026-10-01 08:30:42.609|DEBUG|MaterialScraper|Skip scroll-overlap duplicate
2026-10-01 08:30:42.936|DEBUG|MaterialScraper|Skip scroll-overlap duplicate
2026-10-01 08:30:43.272|DEBUG|MaterialScraper|Skip scroll-overlap duplicate
2026-10-01 08:30:43.605|DEBUG|MaterialScraper|Skip scroll-overlap duplicate
2026-10-01 08:30:43.934|DEBUG|MaterialScraper|Skip scroll-overlap duplicate
2026-10-01 08:30:44.278|DEBUG|MaterialScraper|Skip scroll-overlap duplicate
2026-10-01 08:30:44.604|DEBUG|MaterialScraper|Skip scroll-overlap duplicate
2026-10-01 08:30:44.938|DEBUG|MaterialScraper|Skip scroll-overlap duplicate
2026-10-01 08:30:45.314|DEBUG|MaterialScraper|Skip scroll-overlap duplicate
2026-10-01 08:30:45.651|DEBUG|MaterialScraper|Skip scroll-overlap duplicate
2026-10-01 08:30:45.984|DEBUG|MaterialScraper|Skip scroll-overlap duplicate
2026-10-01 08:30:46.334|DEBUG|MaterialScraper|Skip scroll-overlap duplicate
2026-10-01 08:30:46.665|DEBUG|MaterialScraper|Skip scroll-overlap duplicate
2026-10-01 08:30:47.014|DEBUG|MaterialScraper|Skip scroll-overlap duplicate
2026-10-01 08:30:47.379|DEBUG|MaterialScraper|Skip scroll-overlap duplicate
2026-10-01 08:30:47.729|DEBUG|MaterialScraper|Skip scroll-overlap duplicate
2026-10-01 08:30:48.067|DEBUG|MaterialScraper|Skip scroll-overlap duplicate
2026-10-01 08:30:48.407|DEBUG|MaterialScraper|Skip scroll-overlap duplicate
2026-10-01 08:30:48.749|DEBUG|MaterialScraper|Skip scroll-overlap duplicate
2026-10-01 08:30:49.088|DEBUG|MaterialScraper|Skip scroll-overlap duplicate
2026-10-01 08:30:49.427|DEBUG|MaterialScraper|Skip scroll-overlap duplicate
2026-10-01 08:30:49.750|DEBUG|MaterialScraper|Skip scroll-overlap duplicate
2026-10-01 08:30:50.082|DEBUG|MaterialScraper|Skip scroll-overlap duplicate
2026-10-01 08:30:50.433|DEBUG|MaterialScraper|Skip scroll-overlap duplicate
2026-10-01 08:30:50.756|DEBUG|MaterialScraper|Finished page of materials. Scrolling...
2026-10-01 08:30:52.918|DEBUG|MaterialScraper|Scanning material page 41
2026-10-01 08:30:52.918|DEBUG|MaterialScraper|Located 32 possible item locations on page.
2026-10-01 08:30:53.098|DEBUG|MaterialScraper|Skip scroll-overlap duplicate
2026-10-01 08:30:53.428|DEBUG|MaterialScraper|Skip scroll-overlap duplicate
2026-10-01 08:30:53.765|DEBUG|MaterialScraper|Skip scroll-overlap duplicate
2026-10-01 08:30:54.111|DEBUG|MaterialScraper|Skip scroll-overlap duplicate
2026-10-01 08:30:54.439|DEBUG|MaterialScraper|Skip scroll-overlap duplicate
2026-10-01 08:30:54.781|DEBUG|MaterialScraper|Skip scroll-overlap duplicate
2026-10-01 08:30:55.107|DEBUG|MaterialScraper|Skip scroll-overlap duplicate
2026-10-01 08:30:55.446|DEBUG|MaterialScraper|Skip scroll-overlap duplicate
2026-10-01 08:30:55.801|DEBUG|MaterialScraper|Skip scroll-overlap duplicate
2026-10-01 08:30:56.135|DEBUG|MaterialScraper|Skip scroll-overlap duplicate
2026-10-01 08:30:56.472|DEBUG|MaterialScraper|Skip scroll-overlap duplicate
2026-10-01 08:30:56.801|DEBUG|MaterialScraper|Skip scroll-overlap duplicate
2026-10-01 08:30:57.139|DEBUG|MaterialScraper|Skip scroll-overlap duplicate
2026-10-01 08:30:57.461|DEBUG|MaterialScraper|Skip scroll-overlap duplicate
2026-10-01 08:30:57.791|DEBUG|MaterialScraper|Skip scroll-overlap duplicate
2026-10-01 08:30:58.124|DEBUG|MaterialScraper|Skip scroll-overlap duplicate
2026-10-01 08:30:58.463|DEBUG|MaterialScraper|Skip scroll-overlap duplicate
2026-10-01 08:30:58.791|DEBUG|MaterialScraper|Skip scroll-overlap duplicate
2026-10-01 08:30:59.138|DEBUG|MaterialScraper|Skip scroll-overlap duplicate
2026-10-01 08:30:59.498|DEBUG|MaterialScraper|Skip scroll-overlap duplicate
2026-10-01 08:30:59.834|DEBUG|MaterialScraper|Skip scroll-overlap duplicate
2026-10-01 08:31:00.155|DEBUG|MaterialScraper|Skip scroll-overlap duplicate
2026-10-01 08:31:00.493|DEBUG|MaterialScraper|Skip scroll-overlap duplicate
2026-10-01 08:31:00.844|DEBUG|MaterialScraper|Skip scroll-overlap duplicate
2026-10-01 08:31:01.164|DEBUG|MaterialScraper|Finished page of materials. Scrolling...
2026-10-01 08:31:03.351|DEBUG|MaterialScraper|Scanning material page 42
2026-10-01 08:31:03.351|DEBUG|MaterialScraper|Located 32 possible item locations on page.
2026-10-01 08:31:03.522|DEBUG|MaterialScraper|Skip scroll-overlap duplicate
2026-10-01 08:31:03.851|DEBUG|MaterialScraper|Skip scroll-overlap duplicate
2026-10-01 08:31:04.179|DEBUG|MaterialScraper|Skip scroll-overlap duplicate
2026-10-01 08:31:04.514|DEBUG|MaterialScraper|Skip scroll-overlap duplicate
2026-10-01 08:31:04.848|DEBUG|MaterialScraper|Skip scroll-overlap duplicate
2026-10-01 08:31:05.185|DEBUG|MaterialScraper|Skip scroll-overlap duplicate
2026-10-01 08:31:05.536|DEBUG|MaterialScraper|Skip scroll-overlap duplicate
2026-10-01 08:31:05.868|DEBUG|MaterialScraper|Skip scroll-overlap duplicate
2026-10-01 08:31:06.206|DEBUG|MaterialScraper|Skip scroll-overlap duplicate
2026-10-01 08:31:06.545|DEBUG|MaterialScraper|Skip scroll-overlap duplicate
2026-10-01 08:31:06.878|DEBUG|MaterialScraper|Skip scroll-overlap duplicate
2026-10-01 08:31:07.224|DEBUG|MaterialScraper|Skip scroll-overlap duplicate
2026-10-01 08:31:07.552|DEBUG|MaterialScraper|Skip scroll-overlap duplicate
2026-10-01 08:31:07.884|DEBUG|MaterialScraper|Skip scroll-overlap duplicate
2026-10-01 08:31:08.221|DEBUG|MaterialScraper|Skip scroll-overlap duplicate
2026-10-01 08:31:08.549|DEBUG|MaterialScraper|Skip scroll-overlap duplicate
2026-10-01 08:31:08.865|DEBUG|MaterialScraper|Skip scroll-overlap duplicate
2026-10-01 08:31:09.196|DEBUG|MaterialScraper|Skip scroll-overlap duplicate
2026-10-01 08:31:09.549|DEBUG|MaterialScraper|Skip scroll-overlap duplicate
2026-10-01 08:31:09.905|DEBUG|MaterialScraper|Skip scroll-overlap duplicate
2026-10-01 08:31:10.247|DEBUG|MaterialScraper|Skip scroll-overlap duplicate
2026-10-01 08:31:10.585|DEBUG|MaterialScraper|Skip scroll-overlap duplicate
2026-10-01 08:31:10.942|DEBUG|MaterialScraper|Skip scroll-overlap duplicate
2026-10-01 08:31:11.281|DEBUG|MaterialScraper|Skip scroll-overlap duplicate
2026-10-01 08:31:11.594|DEBUG|MaterialScraper|Finished page of materials. Scrolling...
2026-10-01 08:31:13.735|DEBUG|MaterialScraper|Scanning material page 43
2026-10-01 08:31:13.735|DEBUG|MaterialScraper|Located 32 possible item locations on page.
2026-10-01 08:31:13.933|DEBUG|MaterialScraper|Skip scroll-overlap duplicate
2026-10-01 08:31:14.280|DEBUG|MaterialScraper|Skip scroll-overlap duplicate
2026-10-01 08:31:14.610|DEBUG|MaterialScraper|Skip scroll-overlap duplicate
2026-10-01 08:31:14.940|DEBUG|MaterialScraper|Skip scroll-overlap duplicate
2026-10-01 08:31:15.293|DEBUG|MaterialScraper|Skip scroll-overlap duplicate
2026-10-01 08:31:15.630|DEBUG|MaterialScraper|Skip scroll-overlap duplicate
2026-10-01 08:31:15.976|DEBUG|MaterialScraper|Skip scroll-overlap duplicate
2026-10-01 08:31:16.331|DEBUG|MaterialScraper|Skip scroll-overlap duplicate
2026-10-01 08:31:16.684|DEBUG|MaterialScraper|Skip scroll-overlap duplicate
2026-10-01 08:31:17.016|DEBUG|MaterialScraper|Skip scroll-overlap duplicate
2026-10-01 08:31:17.357|DEBUG|MaterialScraper|Skip scroll-overlap duplicate
2026-10-01 08:31:17.704|DEBUG|MaterialScraper|Skip scroll-overlap duplicate
2026-10-01 08:31:18.037|DEBUG|MaterialScraper|Skip scroll-overlap duplicate
2026-10-01 08:31:18.378|DEBUG|MaterialScraper|Skip scroll-overlap duplicate
2026-10-01 08:31:18.724|DEBUG|MaterialScraper|Skip scroll-overlap duplicate
2026-10-01 08:31:19.062|DEBUG|MaterialScraper|Skip scroll-overlap duplicate
2026-10-01 08:31:19.398|DEBUG|MaterialScraper|Skip scroll-overlap duplicate
2026-10-01 08:31:19.736|DEBUG|MaterialScraper|Skip scroll-overlap duplicate
2026-10-01 08:31:20.071|DEBUG|MaterialScraper|Skip scroll-overlap duplicate
2026-10-01 08:31:20.422|DEBUG|MaterialScraper|Skip scroll-overlap duplicate
2026-10-01 08:31:20.771|DEBUG|MaterialScraper|Skip scroll-overlap duplicate
2026-10-01 08:31:21.107|DEBUG|MaterialScraper|Skip scroll-overlap duplicate
2026-10-01 08:31:21.440|DEBUG|MaterialScraper|Skip scroll-overlap duplicate
2026-10-01 08:31:21.789|DEBUG|MaterialScraper|Skip scroll-overlap duplicate
2026-10-01 08:31:22.111|DEBUG|MaterialScraper|Finished page of materials. Scrolling...
2026-10-01 08:31:24.216|DEBUG|MaterialScraper|Scanning material page 44
2026-10-01 08:31:24.216|DEBUG|MaterialScraper|Located 32 possible item locations on page.
2026-10-01 08:31:24.396|DEBUG|MaterialScraper|Skip scroll-overlap duplicate
2026-10-01 08:31:24.740|DEBUG|MaterialScraper|Skip scroll-overlap duplicate
2026-10-01 08:31:25.072|DEBUG|MaterialScraper|Skip scroll-overlap duplicate
2026-10-01 08:31:25.406|DEBUG|MaterialScraper|Skip scroll-overlap duplicate
2026-10-01 08:31:25.740|DEBUG|MaterialScraper|Skip scroll-overlap duplicate
2026-10-01 08:31:26.085|DEBUG|MaterialScraper|Skip scroll-overlap duplicate
2026-10-01 08:31:26.424|DEBUG|MaterialScraper|Skip scroll-overlap duplicate
2026-10-01 08:31:26.759|DEBUG|MaterialScraper|Skip scroll-overlap duplicate
2026-10-01 08:31:27.109|DEBUG|MaterialScraper|Skip scroll-overlap duplicate
2026-10-01 08:31:27.452|DEBUG|MaterialScraper|Skip scroll-overlap duplicate
2026-10-01 08:31:27.791|DEBUG|MaterialScraper|Skip scroll-overlap duplicate
2026-10-01 08:31:28.138|DEBUG|MaterialScraper|Skip scroll-overlap duplicate
2026-10-01 08:31:28.472|DEBUG|MaterialScraper|Skip scroll-overlap duplicate
2026-10-01 08:31:28.793|DEBUG|MaterialScraper|Skip scroll-overlap duplicate
2026-10-01 08:31:29.129|DEBUG|MaterialScraper|Skip scroll-overlap duplicate
2026-10-01 08:31:29.467|DEBUG|MaterialScraper|Skip scroll-overlap duplicate
2026-10-01 08:31:29.795|DEBUG|MaterialScraper|Skip scroll-overlap duplicate
2026-10-01 08:31:30.130|DEBUG|MaterialScraper|Skip scroll-overlap duplicate
2026-10-01 08:31:30.471|DEBUG|MaterialScraper|Skip scroll-overlap duplicate
2026-10-01 08:31:30.824|DEBUG|MaterialScraper|Skip scroll-overlap duplicate
2026-10-01 08:31:31.165|DEBUG|MaterialScraper|Skip scroll-overlap duplicate
2026-10-01 08:31:31.505|DEBUG|MaterialScraper|Skip scroll-overlap duplicate
2026-10-01 08:31:31.820|DEBUG|MaterialScraper|Skip scroll-overlap duplicate
2026-10-01 08:31:32.167|DEBUG|MaterialScraper|Skip scroll-overlap duplicate
2026-10-01 08:31:32.487|DEBUG|MaterialScraper|Finished page of materials. Scrolling...
2026-10-01 08:31:34.576|DEBUG|MaterialScraper|Scanning material page 45
2026-10-01 08:31:34.576|DEBUG|MaterialScraper|Located 32 possible item locations on page.
2026-10-01 08:31:34.753|DEBUG|MaterialScraper|Skip scroll-overlap duplicate
2026-10-01 08:31:34.988|INFO|MainForm|Hotkey pressed
2026-10-01 08:31:35.022|INFO|MainForm|Hotkey removed
