2026-09-29 07:54:42.011|INFO|InventoryKamera|Kamera initialized
2026-09-29 07:54:43.019|INFO|GenshinProcesor|Scraper initialized
2026-09-29 07:54:43.036|INFO|MainForm|Inventory Kamera version 1.3.17
2026-09-29 07:54:43.118|INFO|DatabaseManager|Checking for newer game data...
2026-09-29 07:54:43.290|INFO|DatabaseManager|Checking for newer game data...
2026-09-29 07:54:43.709|INFO|MainForm|Game data is up to date (7.1)
2026-09-29 07:54:43.835|INFO|MainForm|Current game data is up to date with data for 7.1
2026-09-29 07:54:59.622|INFO|MainForm|Starting scan
2026-09-29 07:54:59.622|INFO|MainForm|Hotkey registered
2026-09-29 07:54:59.622|INFO|MainForm|Scan settings: 
	Game Version Data:			 7.1
	Weapons:				 False
	Artifacts:				 True
	Characters:				 False
	Dev Items:				 True
	Materials:				 True
	Min Weapon Rarity:		 1
	Min Weapon Level:		 1
	Equip Weapons:			 True
	Min Artifact Rarity:	 1
	Min Artifact Level:		 0
	Equip Artifacts:		 True
	Delay:					 0
2026-09-29 07:54:59.674|DEBUG|Navigation|Checking for GenshinImpact.exe
2026-09-29 07:54:59.674|DEBUG|Navigation|Found GenshinImpact.exe
2026-09-29 07:54:59.674|DEBUG|Navigation|Window location (1600x900): x=160, y=101
2026-09-29 07:54:59.764|INFO|InventoryKamera|Kamera initialized
2026-09-29 07:54:59.764|INFO|MainForm|Resolution: 1600x900
2026-09-29 07:55:08.509|INFO|InventoryKamera|Logging directory reset
2026-09-29 07:55:08.526|DEBUG|InventoryKamera|Added 3 workers
2026-09-29 07:55:08.536|DEBUG|InventoryKamera|Thread #7 priority: Normal
2026-09-29 07:55:08.536|DEBUG|InventoryKamera|Thread #12 priority: Normal
2026-09-29 07:55:08.536|DEBUG|InventoryKamera|Thread #13 priority: Normal
2026-09-29 07:55:09.011|DEBUG|GenshinProcesor|8 Engines restarted
2026-09-29 07:55:09.011|INFO|GenshinProcesor|Internally set traveler custom name to sunshine
2026-09-29 07:55:09.019|INFO|GenshinProcesor|Internally set wanderer custom name to zefiro
2026-09-29 07:55:09.019|INFO|GenshinProcesor|Internally set manekin custom name to bruce
2026-09-29 07:55:09.019|INFO|GenshinProcesor|Internally set manekina custom name to astra
2026-09-29 07:55:09.019|INFO|InventoryKamera|Scanning artifacts...
2026-09-29 07:55:14.175|WARN|InventoryScraper|Unable to locate full page of weapons with weight 0
2026-09-29 07:55:14.175|WARN|InventoryScraper|Detected 2 rows and 8 columns of items
2026-09-29 07:55:15.927|WARN|InventoryScraper|Unable to locate full page of weapons with weight 0,125
2026-09-29 07:55:15.927|WARN|InventoryScraper|Detected 2 rows and 8 columns of items
2026-09-29 07:55:17.825|WARN|InventoryScraper|Unable to locate full page of weapons with weight 0,25
2026-09-29 07:55:17.825|WARN|InventoryScraper|Detected 2 rows and 8 columns of items
2026-09-29 07:55:20.050|WARN|InventoryScraper|Unable to locate full page of weapons with weight 0,375
2026-09-29 07:55:20.050|WARN|InventoryScraper|Detected 2 rows and 8 columns of items
2026-09-29 07:55:22.358|WARN|InventoryScraper|Unable to locate full page of weapons with weight 0,5
2026-09-29 07:55:22.358|WARN|InventoryScraper|Detected 2 rows and 8 columns of items
2026-09-29 07:55:22.895|INFO|MainForm|Hotkey pressed
2026-09-29 07:55:23.103|DEBUG|InventoryKamera|Thread 12 exit
2026-09-29 07:55:23.103|DEBUG|InventoryKamera|Thread 13 exit
2026-09-29 07:55:23.151|DEBUG|InventoryKamera|Thread 7 exit
2026-09-29 07:55:23.151|INFO|MainForm|Hotkey removed
2026-09-29 07:55:56.951|INFO|MainForm|Starting scan
2026-09-29 07:55:56.951|INFO|MainForm|Hotkey registered
2026-09-29 07:55:56.951|INFO|MainForm|Scan settings: 
	Game Version Data:			 7.1
	Weapons:				 False
	Artifacts:				 True
	Characters:				 False
	Dev Items:				 True
	Materials:				 True
	Min Weapon Rarity:		 1
	Min Weapon Level:		 1
	Equip Weapons:			 True
	Min Artifact Rarity:	 1
	Min Artifact Level:		 0
	Equip Artifacts:		 True
	Delay:					 0
2026-09-29 07:55:56.951|DEBUG|Navigation|Checking for GenshinImpact.exe
2026-09-29 07:55:56.956|DEBUG|Navigation|Found GenshinImpact.exe
2026-09-29 07:55:56.956|DEBUG|Navigation|Window location (1600x900): x=160, y=101
2026-09-29 07:55:57.006|INFO|InventoryKamera|Kamera initialized
2026-09-29 07:55:57.006|INFO|MainForm|Resolution: 1600x900
2026-09-29 07:55:57.006|INFO|InventoryKamera|Logging directory reset
2026-09-29 07:55:57.047|DEBUG|InventoryKamera|Thread #3 priority: Normal
2026-09-29 07:55:57.047|DEBUG|InventoryKamera|Thread #10 priority: Normal
2026-09-29 07:55:57.047|DEBUG|InventoryKamera|Added 3 workers
2026-09-29 07:55:57.047|DEBUG|InventoryKamera|Thread #9 priority: Normal
2026-09-29 07:55:57.763|DEBUG|GenshinProcesor|8 Engines restarted
2026-09-29 07:55:57.763|INFO|GenshinProcesor|Internally set traveler custom name to sunshine
2026-09-29 07:55:57.763|INFO|GenshinProcesor|Internally set wanderer custom name to zefiro
2026-09-29 07:55:57.763|INFO|GenshinProcesor|Internally set manekin custom name to bruce
2026-09-29 07:55:57.763|INFO|GenshinProcesor|Internally set manekina custom name to astra
2026-09-29 07:55:57.763|INFO|InventoryKamera|Scanning artifacts...
2026-09-29 07:56:02.737|INFO|UserInterface|Parsed 1967 artifacts to scan
2026-09-29 07:56:02.737|INFO|ArtifactScraper|Found 1967 for artifact count.
2026-09-29 07:56:02.809|DEBUG|ArtifactScraper|Scanning artifact page 1
2026-09-29 07:56:02.809|DEBUG|ArtifactScraper|Located 32 possible item locations on page.
2026-09-29 07:56:03.318|DEBUG|ArtifactScraper|Parsing artifact substat: atk+35
2026-09-29 07:56:03.318|DEBUG|ArtifactScraper|Parsing artifact substat: atk+8.7%
2026-09-29 07:56:03.318|DEBUG|ArtifactScraper|Parsing artifact substat: critrate+8.9%
2026-09-29 07:56:03.318|DEBUG|ArtifactScraper|Parsing artifact substat: def+23
2026-09-29 07:56:03.618|DEBUG|ArtifactScraper|Parsing artifact substat: critdmg+28.8%
2026-09-29 07:56:03.618|DEBUG|ArtifactScraper|Parsing artifact substat: critrate+2.7%
2026-09-29 07:56:03.618|DEBUG|ArtifactScraper|Parsing artifact substat: atk+5.8%
2026-09-29 07:56:03.618|DEBUG|ArtifactScraper|Parsing artifact substat: def+46
2026-09-29 07:56:03.742|DEBUG|ArtifactScraper|Parsing artifact substat: energyrecharge+18.1%
2026-09-29 07:56:03.742|DEBUG|ArtifactScraper|Parsing artifact substat: def+16
2026-09-29 07:56:03.742|DEBUG|ArtifactScraper|Parsing artifact substat: def+14.6%
2026-09-29 07:56:03.742|DEBUG|ArtifactScraper|Parsing artifact substat: hp+657
2026-09-29 07:56:03.886|DEBUG|ArtifactScraper|Parsing artifact substat: hp+299
2026-09-29 07:56:03.886|DEBUG|ArtifactScraper|Parsing artifact substat: hp+4.7%
2026-09-29 07:56:03.886|DEBUG|ArtifactScraper|Parsing artifact substat: atk+45
2026-09-29 07:56:03.886|DEBUG|ArtifactScraper|Parsing artifact substat: def+19.0%
2026-09-29 07:56:04.028|DEBUG|ArtifactScraper|Parsing artifact substat: elementalmastery+19
2026-09-29 07:56:04.028|DEBUG|ArtifactScraper|Parsing artifact substat: critrate+10.9%
2026-09-29 07:56:04.028|DEBUG|ArtifactScraper|Parsing artifact substat: hp+5.3%
2026-09-29 07:56:04.028|DEBUG|ArtifactScraper|Parsing artifact substat: hp+777
2026-09-29 07:56:04.289|DEBUG|ArtifactScraper|Parsing artifact substat: atk+13.4%
2026-09-29 07:56:04.289|DEBUG|ArtifactScraper|Parsing artifact substat: def+49
2026-09-29 07:56:04.289|DEBUG|ArtifactScraper|Parsing artifact substat: critdmg+7.0%
2026-09-29 07:56:04.289|DEBUG|ArtifactScraper|Parsing artifact substat: energyrecharge+5.8%
2026-09-29 07:56:04.372|DEBUG|ArtifactScraper|Parsing artifact substat: critdmg+18.7%
2026-09-29 07:56:04.372|DEBUG|ArtifactScraper|Parsing artifact substat: hp+448
2026-09-29 07:56:04.372|DEBUG|ArtifactScraper|Parsing artifact substat: critrate+3.9%
2026-09-29 07:56:04.372|DEBUG|ArtifactScraper|Parsing artifact substat: atk+9.3%
2026-09-29 07:56:04.679|DEBUG|ArtifactScraper|Parsing artifact substat: atk+64
2026-09-29 07:56:04.679|DEBUG|ArtifactScraper|Parsing artifact substat: def+21
2026-09-29 07:56:04.679|DEBUG|ArtifactScraper|Parsing artifact substat: elementalmastery+44
2026-09-29 07:56:04.679|DEBUG|ArtifactScraper|Parsing artifact substat: hp+598
2026-09-29 07:56:04.704|DEBUG|ArtifactScraper|Parsing artifact substat: def+10.9%
2026-09-29 07:56:04.704|DEBUG|ArtifactScraper|Parsing artifact substat: elementalmastery+23
2026-09-29 07:56:04.704|DEBUG|ArtifactScraper|Parsing artifact substat: hp+21.0%
2026-09-29 07:56:04.704|DEBUG|ArtifactScraper|Parsing artifact substat: def+39
2026-09-29 07:56:05.024|DEBUG|ArtifactScraper|Parsing artifact substat: hp+777
2026-09-29 07:56:05.024|DEBUG|ArtifactScraper|Parsing artifact substat: critdmg+14.0%
2026-09-29 07:56:05.024|DEBUG|ArtifactScraper|Parsing artifact substat: atk+4.1%
2026-09-29 07:56:05.024|DEBUG|ArtifactScraper|Parsing artifact substat: def+13.1%
2026-09-29 07:56:05.076|DEBUG|ArtifactScraper|Parsing artifact substat: hp+11.7%
2026-09-29 07:56:05.076|DEBUG|ArtifactScraper|Parsing artifact substat: elementalmastery+35
2026-09-29 07:56:05.076|DEBUG|ArtifactScraper|Parsing artifact substat: def+13.1%
2026-09-29 07:56:05.076|DEBUG|ArtifactScraper|Parsing artifact substat: def+37
2026-09-29 07:56:05.356|DEBUG|ArtifactScraper|Parsing artifact substat: hp+9.9%
2026-09-29 07:56:05.356|DEBUG|ArtifactScraper|Parsing artifact substat: def+44
2026-09-29 07:56:05.356|DEBUG|ArtifactScraper|Parsing artifact substat: def+20.4%
2026-09-29 07:56:05.356|DEBUG|ArtifactScraper|Parsing artifact substat: elementalmastery+37
2026-09-29 07:56:05.415|DEBUG|ArtifactScraper|Parsing artifact substat: atk+5.3%
2026-09-29 07:56:05.415|DEBUG|ArtifactScraper|Parsing artifact substat: def+60
2026-09-29 07:56:05.415|DEBUG|ArtifactScraper|Parsing artifact substat: hp+14.0%
2026-09-29 07:56:05.415|DEBUG|ArtifactScraper|Parsing artifact substat: energyrecharge+5.2%
2026-09-29 07:56:05.730|DEBUG|ArtifactScraper|Parsing artifact substat: hp+4.1%
2026-09-29 07:56:05.730|DEBUG|ArtifactScraper|Parsing artifact substat: def+39
2026-09-29 07:56:05.730|DEBUG|ArtifactScraper|Parsing artifact substat: energyrecharge+16.8%
2026-09-29 07:56:05.730|DEBUG|ArtifactScraper|Parsing artifact substat: hp+508
2026-09-29 07:56:05.827|DEBUG|ArtifactScraper|Parsing artifact substat: def+37
2026-09-29 07:56:05.827|DEBUG|ArtifactScraper|Parsing artifact substat: hp+866
2026-09-29 07:56:05.827|DEBUG|ArtifactScraper|Parsing artifact substat: energyrecharge+5.2%
2026-09-29 07:56:05.827|DEBUG|ArtifactScraper|Parsing artifact substat: hp+9.9%
2026-09-29 07:56:06.032|DEBUG|ArtifactScraper|Parsing artifact substat: critrate+3.5%
2026-09-29 07:56:06.032|DEBUG|ArtifactScraper|Parsing artifact substat: atk+33
2026-09-29 07:56:06.032|DEBUG|ArtifactScraper|Parsing artifact substat: hp+8.7%
2026-09-29 07:56:06.032|DEBUG|ArtifactScraper|Parsing artifact substat: critdmg+20.2%
2026-09-29 07:56:06.160|DEBUG|ArtifactScraper|Parsing artifact substat: energyrecharge+10.4%
2026-09-29 07:56:06.160|DEBUG|ArtifactScraper|Parsing artifact substat: critdmg+10.9%
2026-09-29 07:56:06.160|DEBUG|ArtifactScraper|Parsing artifact substat: hp+926
2026-09-29 07:56:06.160|DEBUG|ArtifactScraper|Parsing artifact substat: elementalmastery+23
2026-09-29 07:56:06.409|DEBUG|ArtifactScraper|Parsing artifact substat: def+16
2026-09-29 07:56:06.409|DEBUG|ArtifactScraper|Parsing artifact substat: atk+15.7%
2026-09-29 07:56:06.409|DEBUG|ArtifactScraper|Parsing artifact substat: energyrecharge+13.0%
2026-09-29 07:56:06.409|DEBUG|ArtifactScraper|Parsing artifact substat: hp+9.9%
2026-09-29 07:56:06.477|DEBUG|ArtifactScraper|Parsing artifact substat: elementalmastery+37
2026-09-29 07:56:06.477|DEBUG|ArtifactScraper|Parsing artifact substat: atk+54
2026-09-29 07:56:06.477|DEBUG|ArtifactScraper|Parsing artifact substat: def+44
2026-09-29 07:56:06.477|DEBUG|ArtifactScraper|Parsing artifact substat: atk+11.7%
2026-09-29 07:56:06.794|DEBUG|ArtifactScraper|Parsing artifact substat: critrate+5.8%
2026-09-29 07:56:06.794|DEBUG|ArtifactScraper|Parsing artifact substat: atk+12.8%
2026-09-29 07:56:06.794|DEBUG|ArtifactScraper|Parsing artifact substat: atk+33
2026-09-29 07:56:06.794|DEBUG|ArtifactScraper|Parsing artifact substat: def+6.6%
2026-09-29 07:56:06.816|DEBUG|ArtifactScraper|Parsing artifact substat: elementalmastery+23
2026-09-29 07:56:06.816|DEBUG|ArtifactScraper|Parsing artifact substat: hp+19.8%
2026-09-29 07:56:06.816|DEBUG|ArtifactScraper|Parsing artifact substat: hp+598
2026-09-29 07:56:06.816|DEBUG|ArtifactScraper|Parsing artifact substat: atk+5.8%
2026-09-29 07:56:07.121|DEBUG|ArtifactScraper|Parsing artifact substat: hp+299
2026-09-29 07:56:07.121|DEBUG|ArtifactScraper|Parsing artifact substat: critrate+7.0%
2026-09-29 07:56:07.121|DEBUG|ArtifactScraper|Parsing artifact substat: atk+21.0%
2026-09-29 07:56:07.121|DEBUG|ArtifactScraper|Parsing artifact substat: def+23
2026-09-29 07:56:07.192|DEBUG|ArtifactScraper|Parsing artifact substat: energyrecharge+13.0%
2026-09-29 07:56:07.192|DEBUG|ArtifactScraper|Parsing artifact substat: atk+35
2026-09-29 07:56:07.192|DEBUG|ArtifactScraper|Parsing artifact substat: critdmg+14.0%
2026-09-29 07:56:07.192|DEBUG|ArtifactScraper|Parsing artifact substat: hp+9.9%
2026-09-29 07:56:07.487|DEBUG|ArtifactScraper|Parsing artifact substat: critdmg+7.8%
2026-09-29 07:56:07.487|DEBUG|ArtifactScraper|Parsing artifact substat: hp+16.9%
2026-09-29 07:56:07.487|DEBUG|ArtifactScraper|Parsing artifact substat: critrate+3.1%
2026-09-29 07:56:07.487|DEBUG|ArtifactScraper|Parsing artifact substat: atk+14.0%
2026-09-29 07:56:07.628|DEBUG|ArtifactScraper|Parsing artifact substat: elementalmastery+19
2026-09-29 07:56:07.628|DEBUG|ArtifactScraper|Parsing artifact substat: critrate+6.6%
2026-09-29 07:56:07.628|DEBUG|ArtifactScraper|Parsing artifact substat: atk+5.3%
2026-09-29 07:56:07.628|DEBUG|ArtifactScraper|Parsing artifact substat: def+27.0%
2026-09-29 07:56:07.779|DEBUG|ArtifactScraper|Parsing artifact substat: critrate+8.9%
2026-09-29 07:56:07.779|DEBUG|ArtifactScraper|Parsing artifact substat: def+5.8%
2026-09-29 07:56:07.779|DEBUG|ArtifactScraper|Parsing artifact substat: def+42
2026-09-29 07:56:07.779|DEBUG|ArtifactScraper|Parsing artifact substat: atk+35
2026-09-29 07:56:07.891|DEBUG|ArtifactScraper|Parsing artifact substat: hp+747
2026-09-29 07:56:07.891|DEBUG|ArtifactScraper|Parsing artifact substat: def+13.9%
2026-09-29 07:56:07.891|DEBUG|ArtifactScraper|Parsing artifact substat: critdmg+7.8%
2026-09-29 07:56:07.891|DEBUG|ArtifactScraper|Parsing artifact substat: elementalmastery+40
2026-09-29 07:56:08.138|DEBUG|ArtifactScraper|Parsing artifact substat: energyrecharge+14.2%
2026-09-29 07:56:08.138|DEBUG|ArtifactScraper|Parsing artifact substat: atk+10.5%
2026-09-29 07:56:08.138|DEBUG|ArtifactScraper|Parsing artifact substat: atk+18
2026-09-29 07:56:08.138|DEBUG|ArtifactScraper|Parsing artifact substat: def+46
2026-09-29 07:56:08.254|DEBUG|ArtifactScraper|Parsing artifact substat: critdmg+5.4%
2026-09-29 07:56:08.254|DEBUG|ArtifactScraper|Parsing artifact substat: atk+51
2026-09-29 07:56:08.254|DEBUG|ArtifactScraper|Parsing artifact substat: def+58
2026-09-29 07:56:08.254|DEBUG|ArtifactScraper|Parsing artifact substat: energyrecharge+10.4%
2026-09-29 07:56:08.411|DEBUG|ArtifactScraper|Finished queuing page of artifacts. Scrolling...
2026-09-29 07:56:08.515|DEBUG|ArtifactScraper|Parsing artifact substat: critdmg+27.2%
2026-09-29 07:56:08.515|DEBUG|ArtifactScraper|Parsing artifact substat: elementalmastery+23
2026-09-29 07:56:08.515|DEBUG|ArtifactScraper|Parsing artifact substat: critrate+7.4%
2026-09-29 07:56:08.515|DEBUG|ArtifactScraper|Parsing artifact substat: def+5.8%
2026-09-29 07:56:08.632|DEBUG|ArtifactScraper|Parsing artifact substat: atk+14
2026-09-29 07:56:08.632|DEBUG|ArtifactScraper|Parsing artifact substat: atk+5.3%
2026-09-29 07:56:08.632|DEBUG|ArtifactScraper|Parsing artifact substat: hp+687
2026-09-29 07:56:08.632|DEBUG|ArtifactScraper|Parsing artifact substat: critrate+8.6%
2026-09-29 07:56:08.818|DEBUG|ArtifactScraper|Parsing artifact substat: elementalmastery+21
2026-09-29 07:56:08.818|DEBUG|ArtifactScraper|Parsing artifact substat: atk+58
2026-09-29 07:56:08.818|DEBUG|ArtifactScraper|Parsing artifact substat: energyrecharge+11.7%
2026-09-29 07:56:08.818|DEBUG|ArtifactScraper|Parsing artifact substat: def+5.8%
2026-09-29 07:56:10.829|DEBUG|ArtifactScraper|Scanning artifact page 2
2026-09-29 07:56:10.829|DEBUG|ArtifactScraper|Located 32 possible item locations on page.
2026-09-29 07:56:11.438|DEBUG|ArtifactScraper|Parsing artifact substat: def+46
2026-09-29 07:56:11.438|DEBUG|ArtifactScraper|Parsing artifact substat: atk+5.3%
2026-09-29 07:56:11.438|DEBUG|ArtifactScraper|Parsing artifact substat: critdmg+28.8%
2026-09-29 07:56:11.438|DEBUG|ArtifactScraper|Parsing artifact substat: hp+299
2026-09-29 07:56:11.485|DEBUG|ArtifactScraper|Parsing artifact substat: critrate+2.7%
2026-09-29 07:56:11.485|DEBUG|ArtifactScraper|Parsing artifact substat: energyrecharge+6.5%
2026-09-29 07:56:11.485|DEBUG|ArtifactScraper|Parsing artifact substat: critdmg+20.2%
2026-09-29 07:56:11.485|DEBUG|ArtifactScraper|Parsing artifact substat: atk+16.9%
2026-09-29 07:56:11.826|DEBUG|ArtifactScraper|Parsing artifact substat: atk+4.1%
2026-09-29 07:56:11.826|DEBUG|ArtifactScraper|Parsing artifact substat: hp+10.5%
2026-09-29 07:56:11.826|DEBUG|ArtifactScraper|Parsing artifact substat: atk+54
2026-09-29 07:56:11.826|DEBUG|ArtifactScraper|Parsing artifact substat: elementalmastery+42
2026-09-29 07:56:11.838|DEBUG|ArtifactScraper|Parsing artifact substat: def+32
2026-09-29 07:56:11.838|DEBUG|ArtifactScraper|Parsing artifact substat: energyrecharge+17.5%
2026-09-29 07:56:11.838|DEBUG|ArtifactScraper|Parsing artifact substat: critrate+6.6%
2026-09-29 07:56:11.838|DEBUG|ArtifactScraper|Parsing artifact substat: atk+18
2026-09-29 07:56:12.117|DEBUG|ArtifactScraper|Parsing artifact substat: critdmg+12.4%
2026-09-29 07:56:12.117|DEBUG|ArtifactScraper|Parsing artifact substat: critrate+12.4%
2026-09-29 07:56:12.117|DEBUG|ArtifactScraper|Parsing artifact substat: def+11.7%
2026-09-29 07:56:12.117|DEBUG|ArtifactScraper|Parsing artifact substat: hp+269
2026-09-29 07:56:12.207|DEBUG|ArtifactScraper|Parsing artifact substat: energyrecharge+4.5%
2026-09-29 07:56:12.207|DEBUG|ArtifactScraper|Parsing artifact substat: def+28.4%
2026-09-29 07:56:12.207|DEBUG|ArtifactScraper|Parsing artifact substat: hp+239
2026-09-29 07:56:12.207|DEBUG|ArtifactScraper|Parsing artifact substat: atk+4.7%
2026-09-29 07:56:12.457|DEBUG|ArtifactScraper|Parsing artifact substat: critdmg+17.1%
2026-09-29 07:56:12.457|DEBUG|ArtifactScraper|Parsing artifact substat: def+19.0%
2026-09-29 07:56:12.457|DEBUG|ArtifactScraper|Parsing artifact substat: hp+209
2026-09-29 07:56:12.457|DEBUG|ArtifactScraper|Parsing artifact substat: hp+8.7%
2026-09-29 07:56:12.557|DEBUG|ArtifactScraper|Parsing artifact substat: def+21
2026-09-29 07:56:12.557|DEBUG|ArtifactScraper|Parsing artifact substat: atk+16.3%
2026-09-29 07:56:12.557|DEBUG|ArtifactScraper|Parsing artifact substat: atk+33
2026-09-29 07:56:12.557|DEBUG|ArtifactScraper|Parsing artifact substat: hp+10.5%
2026-09-29 07:56:12.740|DEBUG|ArtifactScraper|Parsing artifact substat: def+58
2026-09-29 07:56:12.740|DEBUG|ArtifactScraper|Parsing artifact substat: atk+9.9%
2026-09-29 07:56:12.740|DEBUG|ArtifactScraper|Parsing artifact substat: hp+747
2026-09-29 07:56:12.740|DEBUG|ArtifactScraper|Parsing artifact substat: elementalmastery+23
2026-09-29 07:56:12.941|DEBUG|ArtifactScraper|Parsing artifact substat: critrate+10.1%
2026-09-29 07:56:12.941|DEBUG|ArtifactScraper|Parsing artifact substat: def+42
2026-09-29 07:56:12.941|DEBUG|ArtifactScraper|Parsing artifact substat: energyrecharge+11.0%
2026-09-29 07:56:12.941|DEBUG|ArtifactScraper|Parsing artifact substat: hp+4.7%
2026-09-29 07:56:13.090|DEBUG|ArtifactScraper|Parsing artifact substat: atk+53
2026-09-29 07:56:13.090|DEBUG|ArtifactScraper|Parsing artifact substat: elementalmastery+40
2026-09-29 07:56:13.090|DEBUG|ArtifactScraper|Parsing artifact substat: def+11.7%
2026-09-29 07:56:13.090|DEBUG|ArtifactScraper|Parsing artifact substat: energyrecharge+5.2%
2026-09-29 07:56:13.313|DEBUG|ArtifactScraper|Parsing artifact substat: atk+13.4%
2026-09-29 07:56:13.313|DEBUG|ArtifactScraper|Parsing artifact substat: critdmg+7.8%
2026-09-29 07:56:13.313|DEBUG|ArtifactScraper|Parsing artifact substat: def+19
2026-09-29 07:56:13.340|ERROR|UserInterface|Unable to validate information for artifact ID#43
2026-09-29 07:56:13.340|ERROR|UserInterface|Invalid artifact level
Artifact ID: 43
Slot: circlet
Set: GoldenTroupe
Rarity: 5
Level: 24
Main Stat: critRate_
Substat 1: atk_ + 13,4%
Substat 2: critDMG_ + 7,8%
Substat 3: def + 19
Locked: False
Equipped character: Fischl

2026-09-29 07:56:13.558|DEBUG|ArtifactScraper|Parsing artifact substat: atk+19
2026-09-29 07:56:13.558|DEBUG|ArtifactScraper|Parsing artifact substat: elementalmastery+42
2026-09-29 07:56:13.558|DEBUG|ArtifactScraper|Parsing artifact substat: energyrecharge+17.5%
2026-09-29 07:56:13.558|DEBUG|ArtifactScraper|Parsing artifact substat: atk+10.5%
2026-09-29 07:56:13.695|DEBUG|ArtifactScraper|Parsing artifact substat: critrate+7.4%
2026-09-29 07:56:13.695|DEBUG|ArtifactScraper|Parsing artifact substat: atk+33
2026-09-29 07:56:13.695|DEBUG|ArtifactScraper|Parsing artifact substat: energyrecharge+10.4%
2026-09-29 07:56:13.695|DEBUG|ArtifactScraper|Parsing artifact substat: hp+9.9%
2026-09-29 07:56:14.003|DEBUG|ArtifactScraper|Parsing artifact substat: hp+9.3%
2026-09-29 07:56:14.003|DEBUG|ArtifactScraper|Parsing artifact substat: elementalmastery+42
2026-09-29 07:56:14.003|DEBUG|ArtifactScraper|Parsing artifact substat: def+17.5%
2026-09-29 07:56:14.003|DEBUG|ArtifactScraper|Parsing artifact substat: def+16
2026-09-29 07:56:14.063|DEBUG|ArtifactScraper|Parsing artifact substat: atk+14.0%
2026-09-29 07:56:14.063|DEBUG|ArtifactScraper|Parsing artifact substat: critdmg+14.0%
2026-09-29 07:56:14.063|DEBUG|ArtifactScraper|Parsing artifact substat: def+63
2026-09-29 07:56:14.063|DEBUG|ArtifactScraper|Parsing artifact substat: elementalmastery+19
2026-09-29 07:56:14.501|DEBUG|ArtifactScraper|Parsing artifact substat: energyrecharge+11.7%
2026-09-29 07:56:14.501|DEBUG|ArtifactScraper|Parsing artifact substat: def+39
2026-09-29 07:56:14.501|DEBUG|ArtifactScraper|Parsing artifact substat: hp+538
2026-09-29 07:56:14.501|DEBUG|ArtifactScraper|Parsing artifact substat: hp+9.9%
2026-09-29 07:56:14.518|DEBUG|ArtifactScraper|Parsing artifact substat: hp+986
2026-09-29 07:56:14.518|DEBUG|ArtifactScraper|Parsing artifact substat: def+10.9%
2026-09-29 07:56:14.518|DEBUG|ArtifactScraper|Parsing artifact substat: atk+16
2026-09-29 07:56:14.518|DEBUG|ArtifactScraper|Parsing artifact substat: energyrecharge+4.5%
2026-09-29 07:56:14.812|DEBUG|ArtifactScraper|Parsing artifact substat: atk+29
2026-09-29 07:56:14.812|DEBUG|ArtifactScraper|Parsing artifact substat: def+19
2026-09-29 07:56:14.812|DEBUG|ArtifactScraper|Parsing artifact substat: critrate+13.6%
2026-09-29 07:56:14.812|DEBUG|ArtifactScraper|Parsing artifact substat: hp+239
2026-09-29 07:56:15.079|DEBUG|ArtifactScraper|Parsing artifact substat: def+16
2026-09-29 07:56:15.080|DEBUG|ArtifactScraper|Parsing artifact substat: atk+29
2026-09-29 07:56:15.080|DEBUG|ArtifactScraper|Parsing artifact substat: elementalmastery+63
2026-09-29 07:56:15.080|DEBUG|ArtifactScraper|Parsing artifact substat: critdmg+14.0%
2026-09-29 07:56:15.122|DEBUG|ArtifactScraper|Parsing artifact substat: def+60
2026-09-29 07:56:15.122|DEBUG|ArtifactScraper|Parsing artifact substat: critdmg+23.3%
2026-09-29 07:56:15.122|DEBUG|ArtifactScraper|Parsing artifact substat: hp+209
2026-09-29 07:56:15.122|DEBUG|ArtifactScraper|Parsing artifact substat: energyrecharge+5.8%
2026-09-29 07:56:15.287|DEBUG|ArtifactScraper|Parsing artifact substat: critrate+7.0%
2026-09-29 07:56:15.287|DEBUG|ArtifactScraper|Parsing artifact substat: def+7.3%
2026-09-29 07:56:15.287|DEBUG|ArtifactScraper|Parsing artifact substat: critdmg+12.4%
2026-09-29 07:56:15.287|DEBUG|ArtifactScraper|Parsing artifact substat: hp+13.4%
2026-09-29 07:56:15.585|DEBUG|ArtifactScraper|Parsing artifact substat: critdmg+13.2%
2026-09-29 07:56:15.585|DEBUG|ArtifactScraper|Parsing artifact substat: def+11.7%
2026-09-29 07:56:15.585|DEBUG|ArtifactScraper|Parsing artifact substat: def+23
2026-09-29 07:56:15.585|DEBUG|ArtifactScraper|Parsing artifact substat: hp+14.6%
2026-09-29 07:56:15.675|DEBUG|ArtifactScraper|Parsing artifact substat: elementalmastery+37
2026-09-29 07:56:15.675|DEBUG|ArtifactScraper|Parsing artifact substat: def+42
2026-09-29 07:56:15.675|DEBUG|ArtifactScraper|Parsing artifact substat: def+17.5%
2026-09-29 07:56:15.675|DEBUG|ArtifactScraper|Parsing artifact substat: energyrecharge+5.2%
2026-09-29 07:56:15.770|DEBUG|ArtifactScraper|Parsing artifact substat: def+18.2%
2026-09-29 07:56:15.770|DEBUG|ArtifactScraper|Parsing artifact substat: hp+747
2026-09-29 07:56:15.770|DEBUG|ArtifactScraper|Parsing artifact substat: critdmg+7.8%
2026-09-29 07:56:15.770|DEBUG|ArtifactScraper|Parsing artifact substat: critrate+6.2%
2026-09-29 07:56:16.059|DEBUG|ArtifactScraper|Parsing artifact substat: def+60
2026-09-29 07:56:16.059|DEBUG|ArtifactScraper|Parsing artifact substat: hp+448
2026-09-29 07:56:16.059|DEBUG|ArtifactScraper|Parsing artifact substat: critdmg+12.4%
2026-09-29 07:56:16.059|DEBUG|ArtifactScraper|Parsing artifact substat: atk+11.1%
2026-09-29 07:56:16.178|DEBUG|ArtifactScraper|Parsing artifact substat: elementalmastery+40
2026-09-29 07:56:16.178|DEBUG|ArtifactScraper|Parsing artifact substat: hp+299
2026-09-29 07:56:16.178|DEBUG|ArtifactScraper|Parsing artifact substat: def+12.4%
2026-09-29 07:56:16.178|DEBUG|ArtifactScraper|Parsing artifact substat: critdmg+18.7%
2026-09-29 07:56:16.238|DEBUG|ArtifactScraper|Parsing artifact substat: atk+27
2026-09-29 07:56:16.238|DEBUG|ArtifactScraper|Parsing artifact substat: critdmg+21.0%
2026-09-29 07:56:16.238|DEBUG|ArtifactScraper|Parsing artifact substat: def+21
2026-09-29 07:56:16.238|DEBUG|ArtifactScraper|Parsing artifact substat: hp+11.1%
2026-09-29 07:56:16.483|DEBUG|ArtifactScraper|Parsing artifact substat: atk+33
2026-09-29 07:56:16.483|DEBUG|ArtifactScraper|Parsing artifact substat: def+21
2026-09-29 07:56:16.483|DEBUG|ArtifactScraper|Parsing artifact substat: critrate+14.0%
2026-09-29 07:56:16.483|DEBUG|ArtifactScraper|Parsing artifact substat: elementalmastery+42
2026-09-29 07:56:16.521|DEBUG|ArtifactScraper|Finished queuing page of artifacts. Scrolling...
2026-09-29 07:56:16.585|DEBUG|ArtifactScraper|Parsing artifact substat: elementalmastery+42
2026-09-29 07:56:16.585|DEBUG|ArtifactScraper|Parsing artifact substat: energyrecharge+11.7%
2026-09-29 07:56:16.585|DEBUG|ArtifactScraper|Parsing artifact substat: hp+747
2026-09-29 07:56:16.585|DEBUG|ArtifactScraper|Parsing artifact substat: def+16
2026-09-29 07:56:16.883|DEBUG|ArtifactScraper|Parsing artifact substat: elementalmastery+70
2026-09-29 07:56:16.883|DEBUG|ArtifactScraper|Parsing artifact substat: critrate+7.8%
2026-09-29 07:56:16.883|DEBUG|ArtifactScraper|Parsing artifact substat: def+6.6%
2026-09-29 07:56:16.883|DEBUG|ArtifactScraper|Parsing artifact substat: atk+11.1%
2026-09-29 07:56:16.902|DEBUG|ArtifactScraper|Parsing artifact substat: critdmg+14.0%
2026-09-29 07:56:16.902|DEBUG|ArtifactScraper|Parsing artifact substat: elementalmastery+16
2026-09-29 07:56:16.902|DEBUG|ArtifactScraper|Parsing artifact substat: def+23
2026-09-29 07:56:16.902|DEBUG|ArtifactScraper|Parsing artifact substat: def+24.1%
2026-09-29 07:56:18.886|DEBUG|ArtifactScraper|Scanning artifact page 3
2026-09-29 07:56:18.886|DEBUG|ArtifactScraper|Located 32 possible item locations on page.
2026-09-29 07:56:19.304|DEBUG|ArtifactScraper|Parsing artifact substat: atk+33
2026-09-29 07:56:19.304|DEBUG|ArtifactScraper|Parsing artifact substat: hp+8.7%
2026-09-29 07:56:19.304|DEBUG|ArtifactScraper|Parsing artifact substat: critdmg+6.2%
2026-09-29 07:56:19.304|DEBUG|ArtifactScraper|Parsing artifact substat: energyrecharge+17.5%
2026-09-29 07:56:19.505|DEBUG|ArtifactScraper|Parsing artifact substat: critdmg+7.0%
2026-09-29 07:56:19.505|DEBUG|ArtifactScraper|Parsing artifact substat: atk+54
2026-09-29 07:56:19.505|DEBUG|ArtifactScraper|Parsing artifact substat: energyrecharge+12.3%
2026-09-29 07:56:19.505|DEBUG|ArtifactScraper|Parsing artifact substat: def+12.4%
2026-09-29 07:56:19.825|DEBUG|ArtifactScraper|Parsing artifact substat: energyrecharge+6.5%
2026-09-29 07:56:19.825|DEBUG|ArtifactScraper|Parsing artifact substat: def+86
2026-09-29 07:56:19.825|DEBUG|ArtifactScraper|Parsing artifact substat: hp+299
2026-09-29 07:56:19.825|DEBUG|ArtifactScraper|Parsing artifact substat: critrate+7.4%
2026-09-29 07:56:19.874|DEBUG|ArtifactScraper|Parsing artifact substat: atk+33
2026-09-29 07:56:19.874|DEBUG|ArtifactScraper|Parsing artifact substat: energyrecharge+16.2%
2026-09-29 07:56:19.874|DEBUG|ArtifactScraper|Parsing artifact substat: elementalmastery+40
2026-09-29 07:56:19.874|DEBUG|ArtifactScraper|Parsing artifact substat: hp+568
2026-09-29 07:56:20.196|DEBUG|ArtifactScraper|Parsing artifact substat: def+53
2026-09-29 07:56:20.196|DEBUG|ArtifactScraper|Parsing artifact substat: atk+8.7%
2026-09-29 07:56:20.196|DEBUG|ArtifactScraper|Parsing artifact substat: hp+717
2026-09-29 07:56:20.196|DEBUG|ArtifactScraper|Parsing artifact substat: critdmg+7.0%
2026-09-29 07:56:20.258|DEBUG|ArtifactScraper|Parsing artifact substat: elementalmastery+42
2026-09-29 07:56:20.258|DEBUG|ArtifactScraper|Parsing artifact substat: def+37
2026-09-29 07:56:20.258|DEBUG|ArtifactScraper|Parsing artifact substat: def+7.3%
2026-09-29 07:56:20.258|DEBUG|ArtifactScraper|Parsing artifact substat: atk+13.4%
2026-09-29 07:56:20.484|DEBUG|ArtifactScraper|Parsing artifact substat: atk+53
2026-09-29 07:56:20.484|DEBUG|ArtifactScraper|Parsing artifact substat: critdmg+6.2%
2026-09-29 07:56:20.484|DEBUG|ArtifactScraper|Parsing artifact substat: hp+508
2026-09-29 07:56:20.484|DEBUG|ArtifactScraper|Parsing artifact substat: energyrecharge+11.7%
2026-09-29 07:56:20.587|DEBUG|ArtifactScraper|Parsing artifact substat: critrate+10.1%
2026-09-29 07:56:20.587|DEBUG|ArtifactScraper|Parsing artifact substat: def+32
2026-09-29 07:56:20.587|DEBUG|ArtifactScraper|Parsing artifact substat: critdmg+21.0%
2026-09-29 07:56:20.587|DEBUG|ArtifactScraper|Parsing artifact substat: def+6.6%
2026-09-29 07:56:20.856|DEBUG|ArtifactScraper|Parsing artifact substat: atk+33
2026-09-29 07:56:20.856|DEBUG|ArtifactScraper|Parsing artifact substat: atk+12.8%
2026-09-29 07:56:20.856|DEBUG|ArtifactScraper|Parsing artifact substat: elementalmastery+47
2026-09-29 07:56:20.856|DEBUG|ArtifactScraper|Parsing artifact substat: critdmg+15.5%
2026-09-29 07:56:20.944|DEBUG|ArtifactScraper|Parsing artifact substat: elementalmastery+47
2026-09-29 07:56:20.944|DEBUG|ArtifactScraper|Parsing artifact substat: atk+19.8%
2026-09-29 07:56:20.944|DEBUG|ArtifactScraper|Parsing artifact substat: def+12.4%
2026-09-29 07:56:20.944|DEBUG|ArtifactScraper|Parsing artifact substat: hp+4.1%
2026-09-29 07:56:21.157|DEBUG|ArtifactScraper|Parsing artifact substat: elementalmastery+44
2026-09-29 07:56:21.157|DEBUG|ArtifactScraper|Parsing artifact substat: def+19
2026-09-29 07:56:21.157|DEBUG|ArtifactScraper|Parsing artifact substat: critdmg+13.2%
2026-09-29 07:56:21.157|DEBUG|ArtifactScraper|Parsing artifact substat: hp+717
2026-09-29 07:56:21.332|DEBUG|ArtifactScraper|Parsing artifact substat: atk+72
2026-09-29 07:56:21.332|DEBUG|ArtifactScraper|Parsing artifact substat: critdmg+7.8%
2026-09-29 07:56:21.332|DEBUG|ArtifactScraper|Parsing artifact substat: def+18.2%
2026-09-29 07:56:21.332|DEBUG|ArtifactScraper|Parsing artifact substat: energyrecharge+5.8%
2026-09-29 07:56:21.463|DEBUG|ArtifactScraper|Parsing artifact substat: def+81
2026-09-29 07:56:21.463|DEBUG|ArtifactScraper|Parsing artifact substat: elementalmastery+19
2026-09-29 07:56:21.463|DEBUG|ArtifactScraper|Parsing artifact substat: critrate+3.5%
2026-09-29 07:56:21.463|DEBUG|ArtifactScraper|Parsing artifact substat: atk+10.5%
2026-09-29 07:56:21.713|DEBUG|ArtifactScraper|Parsing artifact substat: critdmg+7.8%
2026-09-29 07:56:21.713|DEBUG|ArtifactScraper|Parsing artifact substat: def+16.0%
2026-09-29 07:56:21.713|DEBUG|ArtifactScraper|Parsing artifact substat: elementalmastery+42
2026-09-29 07:56:21.713|DEBUG|ArtifactScraper|Parsing artifact substat: critrate+7.0%
2026-09-29 07:56:21.808|DEBUG|ArtifactScraper|Parsing artifact substat: elementalmastery+84
2026-09-29 07:56:21.808|DEBUG|ArtifactScraper|Parsing artifact substat: critdmg+14.0%
2026-09-29 07:56:21.808|DEBUG|ArtifactScraper|Parsing artifact substat: atk+4.1%
2026-09-29 07:56:21.808|DEBUG|ArtifactScraper|Parsing artifact substat: def+19
2026-09-29 07:56:22.041|DEBUG|ArtifactScraper|Parsing artifact substat: hp+9.3%
2026-09-29 07:56:22.041|DEBUG|ArtifactScraper|Parsing artifact substat: atk+31
2026-09-29 07:56:22.041|DEBUG|ArtifactScraper|Parsing artifact substat: hp+508
2026-09-29 07:56:22.041|DEBUG|ArtifactScraper|Parsing artifact substat: def+37
2026-09-29 07:56:22.190|DEBUG|ArtifactScraper|Parsing artifact substat: critrate+9.3%
2026-09-29 07:56:22.190|DEBUG|ArtifactScraper|Parsing artifact substat: critdmg+29.5%
2026-09-29 07:56:22.190|DEBUG|ArtifactScraper|Parsing artifact substat: atk+19
2026-09-29 07:56:22.217|ERROR|UserInterface|Unable to validate information for artifact ID#80
2026-09-29 07:56:22.217|ERROR|UserInterface|Invalid artifact level
Artifact ID: 80
Slot: goblet
Set: VermillionHereafter
Rarity: 5
Level: 24
Main Stat: anemo_dmg_
Substat 1: critRate_ + 9,3%
Substat 2: critDMG_ + 29,5%
Substat 3: atk + 19
Locked: False
Equipped character: Xiao

2026-09-29 07:56:22.408|DEBUG|ArtifactScraper|Parsing artifact substat: def+39
2026-09-29 07:56:22.408|DEBUG|ArtifactScraper|Parsing artifact substat: energyrecharge+9.7%
2026-09-29 07:56:22.408|DEBUG|ArtifactScraper|Parsing artifact substat: elementalmastery+23
2026-09-29 07:56:22.408|DEBUG|ArtifactScraper|Parsing artifact substat: critrate+8.6%
2026-09-29 07:56:22.539|DEBUG|ArtifactScraper|Parsing artifact substat: atk+18
2026-09-29 07:56:22.539|DEBUG|ArtifactScraper|Parsing artifact substat: hp+717
2026-09-29 07:56:22.539|DEBUG|ArtifactScraper|Parsing artifact substat: def+16
2026-09-29 07:56:22.539|DEBUG|ArtifactScraper|Parsing artifact substat: atk+14.0%
2026-09-29 07:56:22.704|DEBUG|ArtifactScraper|Parsing artifact substat: critdmg+7.8%
2026-09-29 07:56:22.704|DEBUG|ArtifactScraper|Parsing artifact substat: def+58
2026-09-29 07:56:22.704|DEBUG|ArtifactScraper|Parsing artifact substat: atk+14.6%
2026-09-29 07:56:22.704|DEBUG|ArtifactScraper|Parsing artifact substat: critrate+2.7%
2026-09-29 07:56:22.784|DEBUG|ArtifactScraper|Parsing artifact substat: atk+51
2026-09-29 07:56:22.784|DEBUG|ArtifactScraper|Parsing artifact substat: hp+4.7%
2026-09-29 07:56:22.784|DEBUG|ArtifactScraper|Parsing artifact substat: critdmg+16.3%
2026-09-29 07:56:22.784|DEBUG|ArtifactScraper|Parsing artifact substat: def+44
2026-09-29 07:56:23.066|DEBUG|ArtifactScraper|Parsing artifact substat: atk+14
2026-09-29 07:56:23.066|DEBUG|ArtifactScraper|Parsing artifact substat: def+16.0%
2026-09-29 07:56:23.066|DEBUG|ArtifactScraper|Parsing artifact substat: energyrecharge+11.0%
2026-09-29 07:56:23.066|DEBUG|ArtifactScraper|Parsing artifact substat: hp+10.5%
2026-09-29 07:56:23.147|DEBUG|ArtifactScraper|Parsing artifact substat: elementalmastery+21
2026-09-29 07:56:23.147|DEBUG|ArtifactScraper|Parsing artifact substat: hp+13.4%
2026-09-29 07:56:23.147|DEBUG|ArtifactScraper|Parsing artifact substat: critdmg+13.2%
2026-09-29 07:56:23.147|DEBUG|ArtifactScraper|Parsing artifact substat: atk+37
2026-09-29 07:56:23.458|DEBUG|ArtifactScraper|Parsing artifact substat: energyrecharge+10.4%
2026-09-29 07:56:23.458|DEBUG|ArtifactScraper|Parsing artifact substat: atk+33
2026-09-29 07:56:23.458|DEBUG|ArtifactScraper|Parsing artifact substat: elementalmastery+44
2026-09-29 07:56:23.458|DEBUG|ArtifactScraper|Parsing artifact substat: def+12.4%
2026-09-29 07:56:23.525|DEBUG|ArtifactScraper|Parsing artifact substat: critrate+18.3%
2026-09-29 07:56:23.525|DEBUG|ArtifactScraper|Parsing artifact substat: critdmg+5.4%
2026-09-29 07:56:23.525|DEBUG|ArtifactScraper|Parsing artifact substat: def+42
2026-09-29 07:56:23.549|ERROR|UserInterface|Unable to validate information for artifact ID#88
2026-09-29 07:56:23.552|ERROR|UserInterface|Invalid artifact level
Artifact ID: 88
Slot: plume
Set: EmblemOfSeveredFate
Rarity: 5
Level: 24
Main Stat: atk
Substat 1: critRate_ + 18,3%
Substat 2: critDMG_ + 5,4%
Substat 3: def + 42
Locked: False
Equipped character: Xingqiu

2026-09-29 07:56:23.696|DEBUG|ArtifactScraper|Parsing artifact substat: atk+10.5%
2026-09-29 07:56:23.696|DEBUG|ArtifactScraper|Parsing artifact substat: def+46
2026-09-29 07:56:23.696|DEBUG|ArtifactScraper|Parsing artifact substat: hp+239
2026-09-29 07:56:23.696|DEBUG|ArtifactScraper|Parsing artifact substat: energyrecharge+22.0%
2026-09-29 07:56:23.897|DEBUG|ArtifactScraper|Parsing artifact substat: energyrecharge+14.2%
2026-09-29 07:56:23.897|DEBUG|ArtifactScraper|Parsing artifact substat: def+32
2026-09-29 07:56:23.897|DEBUG|ArtifactScraper|Parsing artifact substat: hp+538
2026-09-29 07:56:23.897|DEBUG|ArtifactScraper|Parsing artifact substat: critdmg+14.0%
2026-09-29 07:56:24.093|DEBUG|ArtifactScraper|Parsing artifact substat: critrate+6.6%
2026-09-29 07:56:24.093|DEBUG|ArtifactScraper|Parsing artifact substat: energyrecharge+10.4%
2026-09-29 07:56:24.093|DEBUG|ArtifactScraper|Parsing artifact substat: elementalmastery+56
2026-09-29 07:56:24.093|DEBUG|ArtifactScraper|Parsing artifact substat: def+39
2026-09-29 07:56:24.291|DEBUG|ArtifactScraper|Parsing artifact substat: hp+8.2%
2026-09-29 07:56:24.291|DEBUG|ArtifactScraper|Parsing artifact substat: critrate+3.5%
2026-09-29 07:56:24.291|DEBUG|ArtifactScraper|Parsing artifact substat: energyrecharge+9.1%
2026-09-29 07:56:24.291|DEBUG|ArtifactScraper|Parsing artifact substat: critdmg+22.5%
2026-09-29 07:56:24.369|DEBUG|ArtifactScraper|Finished queuing page of artifacts. Scrolling...
2026-09-29 07:56:24.369|DEBUG|ArtifactScraper|Parsing artifact substat: def+53
2026-09-29 07:56:24.369|DEBUG|ArtifactScraper|Parsing artifact substat: critrate+5.8%
2026-09-29 07:56:24.369|DEBUG|ArtifactScraper|Parsing artifact substat: elementalmastery+37
2026-09-29 07:56:24.369|DEBUG|ArtifactScraper|Parsing artifact substat: critdmg+7.8%
2026-09-29 07:56:24.659|DEBUG|ArtifactScraper|Parsing artifact substat: hp+4.1%
2026-09-29 07:56:24.659|DEBUG|ArtifactScraper|Parsing artifact substat: critrate+7.4%
2026-09-29 07:56:24.659|DEBUG|ArtifactScraper|Parsing artifact substat: critdmg+21.8%
2026-09-29 07:56:24.659|DEBUG|ArtifactScraper|Parsing artifact substat: atk+13.4%
2026-09-29 07:56:24.709|DEBUG|ArtifactScraper|Parsing artifact substat: def+24.1%
2026-09-29 07:56:24.709|DEBUG|ArtifactScraper|Parsing artifact substat: critdmg+7.0%
2026-09-29 07:56:24.709|DEBUG|ArtifactScraper|Parsing artifact substat: critrate+7.4%
2026-09-29 07:56:24.709|DEBUG|ArtifactScraper|Parsing artifact substat: atk+16
2026-09-29 07:56:26.736|DEBUG|ArtifactScraper|Scanning artifact page 4
2026-09-29 07:56:26.737|DEBUG|ArtifactScraper|Located 32 possible item locations on page.
2026-09-29 07:56:27.190|DEBUG|ArtifactScraper|Parsing artifact substat: elementalmastery+19
2026-09-29 07:56:27.190|DEBUG|ArtifactScraper|Parsing artifact substat: critrate+10.5%
2026-09-29 07:56:27.190|DEBUG|ArtifactScraper|Parsing artifact substat: energyrecharge+5.2%
2026-09-29 07:56:27.190|DEBUG|ArtifactScraper|Parsing artifact substat: atk+53
2026-09-29 07:56:27.455|DEBUG|ArtifactScraper|Parsing artifact substat: critrate+9.7%
2026-09-29 07:56:27.455|DEBUG|ArtifactScraper|Parsing artifact substat: elementalmastery+40
2026-09-29 07:56:27.456|DEBUG|ArtifactScraper|Parsing artifact substat: def+19
2026-09-29 07:56:27.456|DEBUG|ArtifactScraper|Parsing artifact substat: critdmg+14.8%
2026-09-29 07:56:27.486|DEBUG|ArtifactScraper|Parsing artifact substat: elementalmastery+37
2026-09-29 07:56:27.487|DEBUG|ArtifactScraper|Parsing artifact substat: def+37
2026-09-29 07:56:27.487|DEBUG|ArtifactScraper|Parsing artifact substat: atk+31
2026-09-29 07:56:27.487|DEBUG|ArtifactScraper|Parsing artifact substat: hp+747
2026-09-29 07:56:27.757|DEBUG|ArtifactScraper|Parsing artifact substat: def+42
2026-09-29 07:56:27.757|DEBUG|ArtifactScraper|Parsing artifact substat: hp+508
2026-09-29 07:56:27.757|DEBUG|ArtifactScraper|Parsing artifact substat: atk+9.3%
2026-09-29 07:56:27.757|DEBUG|ArtifactScraper|Parsing artifact substat: elementalmastery+42
2026-09-29 07:56:27.809|DEBUG|ArtifactScraper|Parsing artifact substat: atk+5.8%
2026-09-29 07:56:27.809|DEBUG|ArtifactScraper|Parsing artifact substat: critdmg+7.8%
2026-09-29 07:56:27.809|DEBUG|ArtifactScraper|Parsing artifact substat: atk+53
2026-09-29 07:56:27.809|DEBUG|ArtifactScraper|Parsing artifact substat: def+19.7%
2026-09-29 07:56:28.031|DEBUG|ArtifactScraper|Parsing artifact substat: critrate+8.6%
2026-09-29 07:56:28.031|DEBUG|ArtifactScraper|Parsing artifact substat: energyrecharge+13.0%
2026-09-29 07:56:28.031|DEBUG|ArtifactScraper|Parsing artifact substat: def+12.4%
2026-09-29 07:56:28.031|DEBUG|ArtifactScraper|Parsing artifact substat: atk+4.7%
2026-09-29 07:56:28.341|DEBUG|ArtifactScraper|Parsing artifact substat: atk+37
2026-09-29 07:56:28.341|DEBUG|ArtifactScraper|Parsing artifact substat: hp+717
2026-09-29 07:56:28.341|DEBUG|ArtifactScraper|Parsing artifact substat: hp+8.7%
2026-09-29 07:56:28.341|DEBUG|ArtifactScraper|Parsing artifact substat: critdmg+12.4%
2026-09-29 07:56:28.368|DEBUG|ArtifactScraper|Parsing artifact substat: hp+986
2026-09-29 07:56:28.368|DEBUG|ArtifactScraper|Parsing artifact substat: critrate+6.6%
2026-09-29 07:56:28.368|DEBUG|ArtifactScraper|Parsing artifact substat: atk+9.9%
2026-09-29 07:56:28.368|DEBUG|ArtifactScraper|Parsing artifact substat: energyrecharge+6.5%
2026-09-29 07:56:28.650|DEBUG|ArtifactScraper|Parsing artifact substat: critrate+3.9%
2026-09-29 07:56:28.650|DEBUG|ArtifactScraper|Parsing artifact substat: atk+5.8%
2026-09-29 07:56:28.650|DEBUG|ArtifactScraper|Parsing artifact substat: atk+33
2026-09-29 07:56:28.650|DEBUG|ArtifactScraper|Parsing artifact substat: critdmg+31.9%
2026-09-29 07:56:28.680|DEBUG|ArtifactScraper|Parsing artifact substat: atk+35
2026-09-29 07:56:28.680|DEBUG|ArtifactScraper|Parsing artifact substat: elementalmastery+40
2026-09-29 07:56:28.680|DEBUG|ArtifactScraper|Parsing artifact substat: hp+209
2026-09-29 07:56:28.680|DEBUG|ArtifactScraper|Parsing artifact substat: critdmg+21.0%
2026-09-29 07:56:28.958|DEBUG|ArtifactScraper|Parsing artifact substat: def+16.8%
2026-09-29 07:56:28.958|DEBUG|ArtifactScraper|Parsing artifact substat: critrate+7.0%
2026-09-29 07:56:28.958|DEBUG|ArtifactScraper|Parsing artifact substat: critdmg+7.8%
2026-09-29 07:56:28.958|DEBUG|ArtifactScraper|Parsing artifact substat: hp+448
2026-09-29 07:56:29.020|DEBUG|ArtifactScraper|Parsing artifact substat: critrate+7.8%
2026-09-29 07:56:29.020|DEBUG|ArtifactScraper|Parsing artifact substat: def+32
2026-09-29 07:56:29.020|DEBUG|ArtifactScraper|Parsing artifact substat: elementalmastery+47
2026-09-29 07:56:29.020|DEBUG|ArtifactScraper|Parsing artifact substat: critdmg+14.8%
2026-09-29 07:56:29.207|DEBUG|ArtifactScraper|Parsing artifact substat: def+65
2026-09-29 07:56:29.207|DEBUG|ArtifactScraper|Parsing artifact substat: def+19.0%
2026-09-29 07:56:29.207|DEBUG|ArtifactScraper|Parsing artifact substat: atk+18
2026-09-29 07:56:29.207|DEBUG|ArtifactScraper|Parsing artifact substat: critrate+2.7%
2026-09-29 07:56:29.325|DEBUG|ArtifactScraper|Parsing artifact substat: hp+687
2026-09-29 07:56:29.325|DEBUG|ArtifactScraper|Parsing artifact substat: def+37
2026-09-29 07:56:29.325|DEBUG|ArtifactScraper|Parsing artifact substat: elementalmastery+21
2026-09-29 07:56:29.325|DEBUG|ArtifactScraper|Parsing artifact substat: atk+14.6%
2026-09-29 07:56:29.498|DEBUG|ArtifactScraper|Parsing artifact substat: hp+209
2026-09-29 07:56:29.498|DEBUG|ArtifactScraper|Parsing artifact substat: elementalmastery+16
2026-09-29 07:56:29.498|DEBUG|ArtifactScraper|Parsing artifact substat: hp+15.2%
2026-09-29 07:56:29.498|DEBUG|ArtifactScraper|Parsing artifact substat: atk+45
2026-09-29 07:56:29.796|DEBUG|ArtifactScraper|Parsing artifact substat: hp+508
2026-09-29 07:56:29.796|DEBUG|ArtifactScraper|Parsing artifact substat: critrate+7.0%
2026-09-29 07:56:29.796|DEBUG|ArtifactScraper|Parsing artifact substat: energyrecharge+16.8%
2026-09-29 07:56:29.796|DEBUG|ArtifactScraper|Parsing artifact substat: elementalmastery+19
2026-09-29 07:56:29.897|DEBUG|ArtifactScraper|Parsing artifact substat: atk+19
2026-09-29 07:56:29.897|DEBUG|ArtifactScraper|Parsing artifact substat: critrate+7.8%
2026-09-29 07:56:29.897|DEBUG|ArtifactScraper|Parsing artifact substat: hp+21.0%
2026-09-29 07:56:29.897|DEBUG|ArtifactScraper|Parsing artifact substat: def+5.8%
2026-09-29 07:56:30.066|DEBUG|ArtifactScraper|Parsing artifact substat: def+37
2026-09-29 07:56:30.066|DEBUG|ArtifactScraper|Parsing artifact substat: critdmg+14.0%
2026-09-29 07:56:30.066|DEBUG|ArtifactScraper|Parsing artifact substat: elementalmastery+42
2026-09-29 07:56:30.066|DEBUG|ArtifactScraper|Parsing artifact substat: atk+35
2026-09-29 07:56:30.227|DEBUG|ArtifactScraper|Parsing artifact substat: critdmg+11.7%
2026-09-29 07:56:30.227|DEBUG|ArtifactScraper|Parsing artifact substat: def+58
2026-09-29 07:56:30.227|DEBUG|ArtifactScraper|Parsing artifact substat: hp+4.1%
2026-09-29 07:56:30.227|DEBUG|ArtifactScraper|Parsing artifact substat: critrate+6.6%
2026-09-29 07:56:30.355|DEBUG|ArtifactScraper|Parsing artifact substat: def+60
2026-09-29 07:56:30.355|DEBUG|ArtifactScraper|Parsing artifact substat: atk+5.3%
2026-09-29 07:56:30.355|DEBUG|ArtifactScraper|Parsing artifact substat: def+23.3%
2026-09-29 07:56:30.355|DEBUG|ArtifactScraper|Parsing artifact substat: elementalmastery+21
2026-09-29 07:56:30.540|DEBUG|ArtifactScraper|Parsing artifact substat: critdmg+23.3%
2026-09-29 07:56:30.540|DEBUG|ArtifactScraper|Parsing artifact substat: energyrecharge+11.0%
2026-09-29 07:56:30.540|DEBUG|ArtifactScraper|Parsing artifact substat: hp+11.7%
2026-09-29 07:56:30.540|DEBUG|ArtifactScraper|Parsing artifact substat: elementalmastery+19
2026-09-29 07:56:30.859|DEBUG|ArtifactScraper|Parsing artifact substat: def+58
2026-09-29 07:56:30.859|DEBUG|ArtifactScraper|Parsing artifact substat: energyrecharge+14.9%
2026-09-29 07:56:30.859|DEBUG|ArtifactScraper|Parsing artifact substat: critdmg+6.2%
2026-09-29 07:56:30.859|DEBUG|ArtifactScraper|Parsing artifact substat: atk+9.9%
2026-09-29 07:56:30.878|DEBUG|ArtifactScraper|Parsing artifact substat: hp+478
2026-09-29 07:56:30.878|DEBUG|ArtifactScraper|Parsing artifact substat: def+19.0%
2026-09-29 07:56:30.878|DEBUG|ArtifactScraper|Parsing artifact substat: def+19
2026-09-29 07:56:30.878|DEBUG|ArtifactScraper|Parsing artifact substat: energyrecharge+16.2%
2026-09-29 07:56:31.151|DEBUG|ArtifactScraper|Parsing artifact substat: hp+9.9%
2026-09-29 07:56:31.151|DEBUG|ArtifactScraper|Parsing artifact substat: critrate+10.5%
2026-09-29 07:56:31.151|DEBUG|ArtifactScraper|Parsing artifact substat: energyrecharge+14.9%
2026-09-29 07:56:31.151|DEBUG|ArtifactScraper|Parsing artifact substat: def+21
2026-09-29 07:56:31.456|DEBUG|ArtifactScraper|Parsing artifact substat: hp+986
2026-09-29 07:56:31.456|DEBUG|ArtifactScraper|Parsing artifact substat: hp+4.1%
2026-09-29 07:56:31.456|DEBUG|ArtifactScraper|Parsing artifact substat: critdmg+5.4%
2026-09-29 07:56:31.456|DEBUG|ArtifactScraper|Parsing artifact substat: def+37
2026-09-29 07:56:31.456|DEBUG|ArtifactScraper|Parsing artifact substat: def+35
2026-09-29 07:56:31.456|DEBUG|ArtifactScraper|Parsing artifact substat: elementalmastery+44
2026-09-29 07:56:31.456|DEBUG|ArtifactScraper|Parsing artifact substat: critdmg+17.9%
2026-09-29 07:56:31.456|DEBUG|ArtifactScraper|Parsing artifact substat: hp+209
2026-09-29 07:56:31.772|DEBUG|ArtifactScraper|Parsing artifact substat: critrate+3.5%
2026-09-29 07:56:31.772|DEBUG|ArtifactScraper|Parsing artifact substat: critdmg+21.8%
2026-09-29 07:56:31.772|DEBUG|ArtifactScraper|Parsing artifact substat: atk+33
2026-09-29 07:56:31.772|DEBUG|ArtifactScraper|Parsing artifact substat: energyrecharge+16.8%
2026-09-29 07:56:31.813|DEBUG|ArtifactScraper|Parsing artifact substat: def+63
2026-09-29 07:56:31.813|DEBUG|ArtifactScraper|Parsing artifact substat: energyrecharge+11.0%
2026-09-29 07:56:31.813|DEBUG|ArtifactScraper|Parsing artifact substat: critdmg+15.5%
2026-09-29 07:56:31.813|DEBUG|ArtifactScraper|Parsing artifact substat: atk+14
2026-09-29 07:56:32.072|DEBUG|ArtifactScraper|Parsing artifact substat: hp+299
2026-09-29 07:56:32.072|DEBUG|ArtifactScraper|Parsing artifact substat: atk+19.2%
2026-09-29 07:56:32.072|DEBUG|ArtifactScraper|Parsing artifact substat: atk+29
2026-09-29 07:56:32.072|DEBUG|ArtifactScraper|Parsing artifact substat: elementalmastery+35
2026-09-29 07:56:32.072|DEBUG|ArtifactScraper|Finished queuing page of artifacts. Scrolling...
2026-09-29 07:56:32.112|DEBUG|ArtifactScraper|Parsing artifact substat: energyrecharge+4.5%
2026-09-29 07:56:32.112|DEBUG|ArtifactScraper|Parsing artifact substat: hp+657
2026-09-29 07:56:32.112|DEBUG|ArtifactScraper|Parsing artifact substat: critrate+6.6%
2026-09-29 07:56:32.112|DEBUG|ArtifactScraper|Parsing artifact substat: atk+35
2026-09-29 07:56:32.399|DEBUG|ArtifactScraper|Parsing artifact substat: hp+239
2026-09-29 07:56:32.399|DEBUG|ArtifactScraper|Parsing artifact substat: def+21
2026-09-29 07:56:32.399|DEBUG|ArtifactScraper|Parsing artifact substat: elementalmastery+70
2026-09-29 07:56:32.399|DEBUG|ArtifactScraper|Parsing artifact substat: atk+33
2026-09-29 07:56:32.427|DEBUG|ArtifactScraper|Parsing artifact substat: energyrecharge+10.4%
2026-09-29 07:56:32.427|DEBUG|ArtifactScraper|Parsing artifact substat: def+19.0%
2026-09-29 07:56:32.427|DEBUG|ArtifactScraper|Parsing artifact substat: critdmg+6.2%
2026-09-29 07:56:32.427|DEBUG|ArtifactScraper|Parsing artifact substat: def+44
2026-09-29 07:56:34.071|DEBUG|ArtifactScraper|Scanning artifact page 5
2026-09-29 07:56:34.071|DEBUG|ArtifactScraper|Located 32 possible item locations on page.
2026-09-29 07:56:34.418|DEBUG|ArtifactScraper|Parsing artifact substat: def+14.6%
2026-09-29 07:56:34.418|DEBUG|ArtifactScraper|Parsing artifact substat: def+42
2026-09-29 07:56:34.418|DEBUG|ArtifactScraper|Parsing artifact substat: hp+777
2026-09-29 07:56:34.418|DEBUG|ArtifactScraper|Parsing artifact substat: elementalmastery+19
2026-09-29 07:56:34.655|DEBUG|ArtifactScraper|Parsing artifact substat: def+35
2026-09-29 07:56:34.655|DEBUG|ArtifactScraper|Parsing artifact substat: energyrecharge+12.3%
2026-09-29 07:56:34.655|DEBUG|ArtifactScraper|Parsing artifact substat: hp+956
2026-09-29 07:56:34.655|DEBUG|ArtifactScraper|Parsing artifact substat: atk+5.3%
2026-09-29 07:56:34.961|DEBUG|ArtifactScraper|Parsing artifact substat: hp+10.5%
2026-09-29 07:56:34.961|DEBUG|ArtifactScraper|Parsing artifact substat: elementalmastery+40
2026-09-29 07:56:34.961|DEBUG|ArtifactScraper|Parsing artifact substat: def+44
2026-09-29 07:56:34.961|DEBUG|ArtifactScraper|Parsing artifact substat: energyrecharge+14.9%
2026-09-29 07:56:35.053|DEBUG|ArtifactScraper|Parsing artifact substat: critrate+6.2%
2026-09-29 07:56:35.053|DEBUG|ArtifactScraper|Parsing artifact substat: energyrecharge+11.0%
2026-09-29 07:56:35.053|DEBUG|ArtifactScraper|Parsing artifact substat: critdmg+11.7%
2026-09-29 07:56:35.053|DEBUG|ArtifactScraper|Parsing artifact substat: def+56
2026-09-29 07:56:35.298|DEBUG|ArtifactScraper|Parsing artifact substat: hp+478
2026-09-29 07:56:35.298|DEBUG|ArtifactScraper|Parsing artifact substat: hp+9.3%
2026-09-29 07:56:35.298|DEBUG|ArtifactScraper|Parsing artifact substat: energyrecharge+5.2%
2026-09-29 07:56:35.300|DEBUG|ArtifactScraper|Parsing artifact substat: elementalmastery+63
2026-09-29 07:56:35.320|DEBUG|ArtifactScraper|Parsing artifact substat: critrate+14.4%
2026-09-29 07:56:35.320|DEBUG|ArtifactScraper|Parsing artifact substat: elementalmastery+16
2026-09-29 07:56:35.320|DEBUG|ArtifactScraper|Parsing artifact substat: hp+538
2026-09-29 07:56:35.320|DEBUG|ArtifactScraper|Parsing artifact substat: def+42
2026-09-29 07:56:35.605|DEBUG|ArtifactScraper|Parsing artifact substat: energyrecharge+11.0%
2026-09-29 07:56:35.605|DEBUG|ArtifactScraper|Parsing artifact substat: hp+14.0%
2026-09-29 07:56:35.605|DEBUG|ArtifactScraper|Parsing artifact substat: def+12.4%
2026-09-29 07:56:35.605|DEBUG|ArtifactScraper|Parsing artifact substat: atk+19
2026-09-29 07:56:35.621|DEBUG|ArtifactScraper|Parsing artifact substat: hp+299
2026-09-29 07:56:35.621|DEBUG|ArtifactScraper|Parsing artifact substat: hp+11.1%
2026-09-29 07:56:35.621|DEBUG|ArtifactScraper|Parsing artifact substat: atk+13.4%
2026-09-29 07:56:35.621|DEBUG|ArtifactScraper|Parsing artifact substat: elementalmastery+68
2026-09-29 07:56:35.861|DEBUG|ArtifactScraper|Parsing artifact substat: hp+747
2026-09-29 07:56:35.861|DEBUG|ArtifactScraper|Parsing artifact substat: hp+5.3%
2026-09-29 07:56:35.861|DEBUG|ArtifactScraper|Parsing artifact substat: critrate+9.3%
2026-09-29 07:56:35.879|ERROR|UserInterface|Unable to validate information for artifact ID#136
2026-09-29 07:56:35.879|ERROR|UserInterface|Invalid artifact level
Artifact ID: 136
Slot: sands
Set: NoblesseOblige
Rarity: 5
Level: 24
Main Stat: enerRech_
Substat 1: hp + 747
Substat 2: hp_ + 5,3%
Substat 3: critRate_ + 9,3%
Locked: False
Equipped character: Bennett

2026-09-29 07:56:36.178|DEBUG|ArtifactScraper|Parsing artifact substat: hp+747
2026-09-29 07:56:36.178|DEBUG|ArtifactScraper|Parsing artifact substat: energyrecharge+6.5%
2026-09-29 07:56:36.178|DEBUG|ArtifactScraper|Parsing artifact substat: def+16
2026-09-29 07:56:36.196|ERROR|UserInterface|Unable to validate information for artifact ID#137
2026-09-29 07:56:36.196|ERROR|UserInterface|Invalid artifact level
Artifact ID: 137
Slot: goblet
Set: NoblesseOblige
Rarity: 5
Level: 24
Main Stat: hp_
Substat 1: hp + 747
Substat 2: enerRech_ + 6,5%
Substat 3: def + 16
Locked: False
Equipped character: Bennett

2026-09-29 07:56:36.220|DEBUG|ArtifactScraper|Parsing artifact substat: def+69
2026-09-29 07:56:36.220|DEBUG|ArtifactScraper|Parsing artifact substat: energyrecharge+12.3%
2026-09-29 07:56:36.220|DEBUG|ArtifactScraper|Parsing artifact substat: elementalmastery+58
2026-09-29 07:56:36.221|DEBUG|ArtifactScraper|Parsing artifact substat: critrate+3.1%
2026-09-29 07:56:36.469|DEBUG|ArtifactScraper|Parsing artifact substat: critrate+18.3%
2026-09-29 07:56:36.469|DEBUG|ArtifactScraper|Parsing artifact substat: hp+11.7%
2026-09-29 07:56:36.469|DEBUG|ArtifactScraper|Parsing artifact substat: atk+14
2026-09-29 07:56:36.469|DEBUG|ArtifactScraper|Parsing artifact substat: critdmg+7.0%
2026-09-29 07:56:36.492|DEBUG|ArtifactScraper|Parsing artifact substat: hp+8.2%
2026-09-29 07:56:36.492|DEBUG|ArtifactScraper|Parsing artifact substat: hp+239
2026-09-29 07:56:36.492|DEBUG|ArtifactScraper|Parsing artifact substat: atk+70
2026-09-29 07:56:36.492|DEBUG|ArtifactScraper|Parsing artifact substat: critrate+3.1%
2026-09-29 07:56:36.784|DEBUG|ArtifactScraper|Parsing artifact substat: def+39
2026-09-29 07:56:36.784|DEBUG|ArtifactScraper|Parsing artifact substat: critdmg+17.1%
2026-09-29 07:56:36.784|DEBUG|ArtifactScraper|Parsing artifact substat: hp+13.4%
2026-09-29 07:56:36.784|DEBUG|ArtifactScraper|Parsing artifact substat: hp+209
2026-09-29 07:56:36.832|DEBUG|ArtifactScraper|Parsing artifact substat: def+19.7%
2026-09-29 07:56:36.832|DEBUG|ArtifactScraper|Parsing artifact substat: energyrecharge+11.7%
2026-09-29 07:56:36.832|DEBUG|ArtifactScraper|Parsing artifact substat: def+19
2026-09-29 07:56:36.832|DEBUG|ArtifactScraper|Parsing artifact substat: hp+478
2026-09-29 07:56:37.069|DEBUG|ArtifactScraper|Parsing artifact substat: energyrecharge+10.4%
2026-09-29 07:56:37.069|DEBUG|ArtifactScraper|Parsing artifact substat: hp+807
2026-09-29 07:56:37.069|DEBUG|ArtifactScraper|Parsing artifact substat: critrate+3.9%
2026-09-29 07:56:37.069|DEBUG|ArtifactScraper|Parsing artifact substat: def+60
2026-09-29 07:56:37.146|DEBUG|ArtifactScraper|Parsing artifact substat: def+14.6%
2026-09-29 07:56:37.146|DEBUG|ArtifactScraper|Parsing artifact substat: atk+8.7%
2026-09-29 07:56:37.146|DEBUG|ArtifactScraper|Parsing artifact substat: atk+33
2026-09-29 07:56:37.146|DEBUG|ArtifactScraper|Parsing artifact substat: def+37
2026-09-29 07:56:37.376|DEBUG|ArtifactScraper|Parsing artifact substat: def+60
2026-09-29 07:56:37.376|DEBUG|ArtifactScraper|Parsing artifact substat: elementalmastery+44
2026-09-29 07:56:37.376|DEBUG|ArtifactScraper|Parsing artifact substat: critrate+6.2%
2026-09-29 07:56:37.376|DEBUG|ArtifactScraper|Parsing artifact substat: atk+4.7%
2026-09-29 07:56:37.654|DEBUG|ArtifactScraper|Parsing artifact substat: atk+8.7%
2026-09-29 07:56:37.654|DEBUG|ArtifactScraper|Parsing artifact substat: atk+31
2026-09-29 07:56:37.654|DEBUG|ArtifactScraper|Parsing artifact substat: hp+16.9%
2026-09-29 07:56:37.654|DEBUG|ArtifactScraper|Parsing artifact substat: hp+418
2026-09-29 07:56:37.707|DEBUG|ArtifactScraper|Parsing artifact substat: atk+18
2026-09-29 07:56:37.707|DEBUG|ArtifactScraper|Parsing artifact substat: critdmg+13.2%
2026-09-29 07:56:37.707|DEBUG|ArtifactScraper|Parsing artifact substat: def+5.1%
2026-09-29 07:56:37.707|DEBUG|ArtifactScraper|Parsing artifact substat: hp+22.2%
2026-09-29 07:56:38.012|DEBUG|ArtifactScraper|Parsing artifact substat: atk+9.9%
2026-09-29 07:56:38.012|DEBUG|ArtifactScraper|Parsing artifact substat: hp+5.8%
2026-09-29 07:56:38.012|DEBUG|ArtifactScraper|Parsing artifact substat: critrate+10.5%
2026-09-29 07:56:38.012|DEBUG|ArtifactScraper|Parsing artifact substat: elementalmastery+40
2026-09-29 07:56:38.033|DEBUG|ArtifactScraper|Parsing artifact substat: critrate+10.9%
2026-09-29 07:56:38.033|DEBUG|ArtifactScraper|Parsing artifact substat: critdmg+12.4%
2026-09-29 07:56:38.033|DEBUG|ArtifactScraper|Parsing artifact substat: hp+508
2026-09-29 07:56:38.033|DEBUG|ArtifactScraper|Parsing artifact substat: energyrecharge+5.8%
2026-09-29 07:56:38.277|DEBUG|ArtifactScraper|Parsing artifact substat: hp+478
2026-09-29 07:56:38.277|DEBUG|ArtifactScraper|Parsing artifact substat: hp+9.3%
2026-09-29 07:56:38.277|DEBUG|ArtifactScraper|Parsing artifact substat: critdmg+7.8%
2026-09-29 07:56:38.277|DEBUG|ArtifactScraper|Parsing artifact substat: def+58
2026-09-29 07:56:38.340|DEBUG|ArtifactScraper|Parsing artifact substat: critrate+3.5%
2026-09-29 07:56:38.340|DEBUG|ArtifactScraper|Parsing artifact substat: atk+31
2026-09-29 07:56:38.340|DEBUG|ArtifactScraper|Parsing artifact substat: atk+15.2%
2026-09-29 07:56:38.340|DEBUG|ArtifactScraper|Parsing artifact substat: hp+9.9%
2026-09-29 07:56:38.641|DEBUG|ArtifactScraper|Parsing artifact substat: def+20.4%
2026-09-29 07:56:38.641|DEBUG|ArtifactScraper|Parsing artifact substat: critdmg+7.0%
2026-09-29 07:56:38.641|DEBUG|ArtifactScraper|Parsing artifact substat: energyrecharge+9.1%
2026-09-29 07:56:38.641|DEBUG|ArtifactScraper|Parsing artifact substat: hp+9.3%
2026-09-29 07:56:38.705|DEBUG|ArtifactScraper|Parsing artifact substat: elementalmastery+44
2026-09-29 07:56:38.705|DEBUG|ArtifactScraper|Parsing artifact substat: critrate+3.9%
2026-09-29 07:56:38.705|DEBUG|ArtifactScraper|Parsing artifact substat: critdmg+13.2%
2026-09-29 07:56:38.705|DEBUG|ArtifactScraper|Parsing artifact substat: hp+747
2026-09-29 07:56:38.896|DEBUG|ArtifactScraper|Parsing artifact substat: energyrecharge+5.8%
2026-09-29 07:56:38.896|DEBUG|ArtifactScraper|Parsing artifact substat: def+16
2026-09-29 07:56:38.896|DEBUG|ArtifactScraper|Parsing artifact substat: critrate+10.5%
2026-09-29 07:56:38.896|DEBUG|ArtifactScraper|Parsing artifact substat: atk+47
2026-09-29 07:56:39.037|DEBUG|ArtifactScraper|Parsing artifact substat: def+12.4%
2026-09-29 07:56:39.037|DEBUG|ArtifactScraper|Parsing artifact substat: critrate+9.3%
2026-09-29 07:56:39.037|DEBUG|ArtifactScraper|Parsing artifact substat: critdmg+7.8%
2026-09-29 07:56:39.037|DEBUG|ArtifactScraper|Parsing artifact substat: atk+10.5%
2026-09-29 07:56:39.213|DEBUG|ArtifactScraper|Parsing artifact substat: hp+239
2026-09-29 07:56:39.213|DEBUG|ArtifactScraper|Parsing artifact substat: def+16
2026-09-29 07:56:39.213|DEBUG|ArtifactScraper|Parsing artifact substat: hp+11.7%
2026-09-29 07:56:39.213|DEBUG|ArtifactScraper|Parsing artifact substat: atk+86
2026-09-29 07:56:39.358|DEBUG|ArtifactScraper|Parsing artifact substat: def+35
2026-09-29 07:56:39.358|DEBUG|ArtifactScraper|Parsing artifact substat: atk+4.7%
2026-09-29 07:56:39.358|DEBUG|ArtifactScraper|Parsing artifact substat: hp+926
2026-09-29 07:56:39.358|DEBUG|ArtifactScraper|Parsing artifact substat: critdmg+14.0%
2026-09-29 07:56:39.395|DEBUG|ArtifactScraper|Finished queuing page of artifacts. Scrolling...
2026-09-29 07:56:39.557|DEBUG|ArtifactScraper|Parsing artifact substat: energyrecharge+6.5%
2026-09-29 07:56:39.557|DEBUG|ArtifactScraper|Parsing artifact substat: atk+14.6%
2026-09-29 07:56:39.557|DEBUG|ArtifactScraper|Parsing artifact substat: def+63
2026-09-29 07:56:39.557|DEBUG|ArtifactScraper|Parsing artifact substat: critdmg+7.8%
2026-09-29 07:56:39.648|DEBUG|ArtifactScraper|Parsing artifact substat: def+21
2026-09-29 07:56:39.648|DEBUG|ArtifactScraper|Parsing artifact substat: hp+9.9%
2026-09-29 07:56:39.648|DEBUG|ArtifactScraper|Parsing artifact substat: atk+31
2026-09-29 07:56:39.648|DEBUG|ArtifactScraper|Parsing artifact substat: energyrecharge+9.7%
2026-09-29 07:56:41.488|DEBUG|ArtifactScraper|Scanning artifact page 6
2026-09-29 07:56:41.488|DEBUG|ArtifactScraper|Located 32 possible item locations on page.
2026-09-29 07:56:41.933|DEBUG|ArtifactScraper|Parsing artifact substat: critrate+6.2%
2026-09-29 07:56:41.933|DEBUG|ArtifactScraper|Parsing artifact substat: critdmg+7.8%
2026-09-29 07:56:41.933|DEBUG|ArtifactScraper|Parsing artifact substat: energyrecharge+10.4%
2026-09-29 07:56:41.959|ERROR|UserInterface|Unable to validate information for artifact ID#160
2026-09-29 07:56:41.959|ERROR|UserInterface|Invalid artifact level
Artifact ID: 160
Slot: flower
Set: EmblemOfSeveredFate
Rarity: 5
Level: 24
Main Stat: hp
Substat 1: critRate_ + 6,2%
Substat 2: critDMG_ + 7,8%
Substat 3: enerRech_ + 10,4%
Locked: False
Equipped character: Xingqiu

2026-09-29 07:56:42.102|DEBUG|ArtifactScraper|Parsing artifact substat: atk+7.9%
2026-09-29 07:56:42.102|DEBUG|ArtifactScraper|Parsing artifact substat: hp+191
2026-09-29 07:56:42.102|DEBUG|ArtifactScraper|Parsing artifact substat: energyrecharge+4.1%
2026-09-29 07:56:42.102|DEBUG|ArtifactScraper|Parsing artifact substat: hp+7.9%
2026-09-29 07:56:42.291|DEBUG|ArtifactScraper|Parsing artifact substat: elementalmastery+17
2026-09-29 07:56:42.291|DEBUG|ArtifactScraper|Parsing artifact substat: energyrecharge+8.8%
2026-09-29 07:56:42.291|DEBUG|ArtifactScraper|Parsing artifact substat: hp+382
2026-09-29 07:56:42.291|DEBUG|ArtifactScraper|Parsing artifact substat: def+17
2026-09-29 07:56:42.612|DEBUG|ArtifactScraper|Parsing artifact substat: elementalmastery+13
2026-09-29 07:56:42.612|DEBUG|ArtifactScraper|Parsing artifact substat: critrate+4.4%
2026-09-29 07:56:42.612|DEBUG|ArtifactScraper|Parsing artifact substat: atk+11
2026-09-29 07:56:42.612|DEBUG|ArtifactScraper|Parsing artifact substat: hp+7.9%
2026-09-29 07:56:42.659|DEBUG|ArtifactScraper|Parsing artifact substat: critrate+2.5%
2026-09-29 07:56:42.659|DEBUG|ArtifactScraper|Parsing artifact substat: def+13
2026-09-29 07:56:42.659|DEBUG|ArtifactScraper|Parsing artifact substat: atk+37
2026-09-29 07:56:42.659|DEBUG|ArtifactScraper|Parsing artifact substat: elementalmastery+26
2026-09-29 07:56:42.991|DEBUG|ArtifactScraper|Parsing artifact substat: atk+7.0%
2026-09-29 07:56:42.991|DEBUG|ArtifactScraper|Parsing artifact substat: atk+14
2026-09-29 07:56:42.991|DEBUG|ArtifactScraper|Parsing artifact substat: hp+191
2026-09-29 07:56:42.991|DEBUG|ArtifactScraper|Parsing artifact substat: hp+7.5%
2026-09-29 07:56:43.014|DEBUG|ArtifactScraper|Parsing artifact substat: def+13
2026-09-29 07:56:43.014|DEBUG|ArtifactScraper|Parsing artifact substat: def+10.5%
2026-09-29 07:56:43.014|DEBUG|ArtifactScraper|Parsing artifact substat: critrate+5.9%
2026-09-29 07:56:43.014|DEBUG|ArtifactScraper|Parsing artifact substat: elementalmastery+15
2026-09-29 07:56:43.292|DEBUG|ArtifactScraper|Parsing artifact substat: critdmg+5.0%
2026-09-29 07:56:43.292|DEBUG|ArtifactScraper|Parsing artifact substat: elementalmastery+32
2026-09-29 07:56:43.292|DEBUG|ArtifactScraper|Parsing artifact substat: def+30
2026-09-29 07:56:43.292|DEBUG|ArtifactScraper|Parsing artifact substat: atk+4.7%
2026-09-29 07:56:43.385|DEBUG|ArtifactScraper|Parsing artifact substat: critrate+2.5%
2026-09-29 07:56:43.385|DEBUG|ArtifactScraper|Parsing artifact substat: critdmg+5.0%
2026-09-29 07:56:43.385|DEBUG|ArtifactScraper|Parsing artifact substat: energyrecharge+7.8%
2026-09-29 07:56:43.385|DEBUG|ArtifactScraper|Parsing artifact substat: hp+9.3%
2026-09-29 07:56:43.665|DEBUG|ArtifactScraper|Parsing artifact substat: def+31
2026-09-29 07:56:43.665|DEBUG|ArtifactScraper|Parsing artifact substat: critdmg+9.3%
2026-09-29 07:56:43.665|DEBUG|ArtifactScraper|Parsing artifact substat: atk+3.7%
2026-09-29 07:56:43.665|DEBUG|ArtifactScraper|Parsing artifact substat: energyrecharge+4.7%
2026-09-29 07:56:43.762|DEBUG|ArtifactScraper|Parsing artifact substat: def+4.1%
2026-09-29 07:56:43.762|DEBUG|ArtifactScraper|Parsing artifact substat: energyrecharge+8.8%
2026-09-29 07:56:43.762|DEBUG|ArtifactScraper|Parsing artifact substat: def+19
2026-09-29 07:56:43.762|DEBUG|ArtifactScraper|Parsing artifact substat: hp+382
2026-09-29 07:56:43.910|DEBUG|ArtifactScraper|Parsing artifact substat: critdmg+23.0%
2026-09-29 07:56:43.910|DEBUG|ArtifactScraper|Parsing artifact substat: elementalmastery+19
2026-09-29 07:56:43.910|DEBUG|ArtifactScraper|Parsing artifact substat: hp+4.7%
2026-09-29 07:56:43.910|DEBUG|ArtifactScraper|Parsing artifact substat: atk+4.2%
2026-09-29 07:56:44.126|DEBUG|ArtifactScraper|Parsing artifact substat: atk+10.7%
2026-09-29 07:56:44.126|DEBUG|ArtifactScraper|Parsing artifact substat: critrate+3.1%
2026-09-29 07:56:44.127|DEBUG|ArtifactScraper|Parsing artifact substat: energyrecharge+4.7%
2026-09-29 07:56:44.127|DEBUG|ArtifactScraper|Parsing artifact substat: def+17
2026-09-29 07:56:44.267|DEBUG|ArtifactScraper|Parsing artifact substat: atk+12
2026-09-29 07:56:44.267|DEBUG|ArtifactScraper|Parsing artifact substat: critdmg+10.0%
2026-09-29 07:56:44.267|DEBUG|ArtifactScraper|Parsing artifact substat: atk+4.2%
2026-09-29 07:56:44.267|DEBUG|ArtifactScraper|Parsing artifact substat: def+11.1%
2026-09-29 07:56:44.533|DEBUG|ArtifactScraper|Parsing artifact substat: hp+7.9%
2026-09-29 07:56:44.533|DEBUG|ArtifactScraper|Parsing artifact substat: energyrecharge+4.1%
2026-09-29 07:56:44.533|DEBUG|ArtifactScraper|Parsing artifact substat: critrate+4.7%
2026-09-29 07:56:44.533|DEBUG|ArtifactScraper|Parsing artifact substat: critdmg+6.2%
2026-09-29 07:56:44.597|DEBUG|ArtifactScraper|Parsing artifact substat: atk+7.9%
2026-09-29 07:56:44.597|DEBUG|ArtifactScraper|Parsing artifact substat: def+4.1%
2026-09-29 07:56:44.597|DEBUG|ArtifactScraper|Parsing artifact substat: energyrecharge+5.2%
2026-09-29 07:56:44.597|DEBUG|ArtifactScraper|Parsing artifact substat: def+13
2026-09-29 07:56:44.816|DEBUG|ArtifactScraper|Parsing artifact substat: energyrecharge+4.1%
2026-09-29 07:56:44.816|DEBUG|ArtifactScraper|Parsing artifact substat: def+30
2026-09-29 07:56:44.816|DEBUG|ArtifactScraper|Parsing artifact substat: atk+31
2026-09-29 07:56:44.816|DEBUG|ArtifactScraper|Parsing artifact substat: def+5.8%
2026-09-29 07:56:45.006|DEBUG|ArtifactScraper|Parsing artifact substat: elementalmastery+14
2026-09-29 07:56:45.006|DEBUG|ArtifactScraper|Parsing artifact substat: hp+129
2026-09-29 07:56:45.006|DEBUG|ArtifactScraper|Parsing artifact substat: atk+3.5%
2026-09-29 07:56:45.006|DEBUG|ArtifactScraper|Parsing artifact substat: hp+2.5%
2026-09-29 07:56:45.138|DEBUG|ArtifactScraper|Parsing artifact substat: critrate+2.1%
2026-09-29 07:56:45.138|DEBUG|ArtifactScraper|Parsing artifact substat: critdmg+4.2%
2026-09-29 07:56:45.138|DEBUG|ArtifactScraper|Parsing artifact substat: def+11
2026-09-29 07:56:45.138|DEBUG|ArtifactScraper|Parsing artifact substat: def+3.5%
2026-09-29 07:56:45.376|DEBUG|ArtifactScraper|Parsing artifact substat: elementalmastery+14
2026-09-29 07:56:45.376|DEBUG|ArtifactScraper|Parsing artifact substat: atk+7
2026-09-29 07:56:45.376|DEBUG|ArtifactScraper|Parsing artifact substat: def+8.3%
2026-09-29 07:56:45.376|DEBUG|ArtifactScraper|Parsing artifact substat: hp+115
2026-09-29 07:56:45.503|DEBUG|ArtifactScraper|Parsing artifact substat: elementalmastery+19
2026-09-29 07:56:45.503|DEBUG|ArtifactScraper|Parsing artifact substat: atk+16
2026-09-29 07:56:45.503|DEBUG|ArtifactScraper|Parsing artifact substat: energyrecharge+5.2%
2026-09-29 07:56:45.503|DEBUG|ArtifactScraper|Parsing artifact substat: def+42
2026-09-29 07:56:45.750|DEBUG|ArtifactScraper|Parsing artifact substat: critrate+6.2%
2026-09-29 07:56:45.750|DEBUG|ArtifactScraper|Parsing artifact substat: atk+5.8%
2026-09-29 07:56:45.750|DEBUG|ArtifactScraper|Parsing artifact substat: def+5.8%
2026-09-29 07:56:45.750|DEBUG|ArtifactScraper|Parsing artifact substat: critdmg+13.2%
2026-09-29 07:56:45.919|DEBUG|ArtifactScraper|Parsing artifact substat: atk+19
2026-09-29 07:56:45.919|DEBUG|ArtifactScraper|Parsing artifact substat: hp+4.7%
2026-09-29 07:56:45.919|DEBUG|ArtifactScraper|Parsing artifact substat: atk+8.7%
2026-09-29 07:56:45.919|DEBUG|ArtifactScraper|Parsing artifact substat: def+5.8%
2026-09-29 07:56:46.202|DEBUG|ArtifactScraper|Parsing artifact substat: energyrecharge+5.2%
2026-09-29 07:56:46.202|DEBUG|ArtifactScraper|Parsing artifact substat: def+5.8%
2026-09-29 07:56:46.202|DEBUG|ArtifactScraper|Parsing artifact substat: critdmg+5.6%
2026-09-29 07:56:46.202|DEBUG|ArtifactScraper|Parsing artifact substat: hp+239
2026-09-29 07:56:46.347|DEBUG|ArtifactScraper|Parsing artifact substat: elementalmastery+14
2026-09-29 07:56:46.347|DEBUG|ArtifactScraper|Parsing artifact substat: hp+3.2%
2026-09-29 07:56:46.347|DEBUG|ArtifactScraper|Parsing artifact substat: def+3.5%
2026-09-29 07:56:46.661|DEBUG|ArtifactScraper|Parsing artifact substat: def+21
2026-09-29 07:56:46.661|DEBUG|ArtifactScraper|Parsing artifact substat: hp+5.8%
2026-09-29 07:56:46.661|DEBUG|ArtifactScraper|Parsing artifact substat: energyrecharge+4.5%
2026-09-29 07:56:46.661|DEBUG|ArtifactScraper|Parsing artifact substat: atk+5.8%(unactivated)
2026-09-29 07:56:46.661|DEBUG|ArtifactScraper|Parsing artifact substat: elementalmastery+14
2026-09-29 07:56:46.661|DEBUG|ArtifactScraper|Parsing artifact substat: energyrecharge+3.1%
2026-09-29 07:56:46.661|DEBUG|ArtifactScraper|Parsing artifact substat: def+9
2026-09-29 07:56:47.063|DEBUG|ArtifactScraper|Parsing artifact substat: energyrecharge+6.5%
2026-09-29 07:56:47.063|DEBUG|ArtifactScraper|Parsing artifact substat: atk+5.3%
2026-09-29 07:56:47.063|DEBUG|ArtifactScraper|Parsing artifact substat: def+19
2026-09-29 07:56:47.063|DEBUG|ArtifactScraper|Parsing artifact substat: elementalmastery+21
2026-09-29 07:56:47.139|DEBUG|ArtifactScraper|Finished queuing page of artifacts. Scrolling...
2026-09-29 07:56:47.204|DEBUG|ArtifactScraper|Parsing artifact substat: def+23
2026-09-29 07:56:47.204|DEBUG|ArtifactScraper|Parsing artifact substat: atk+14
2026-09-29 07:56:47.204|DEBUG|ArtifactScraper|Parsing artifact substat: def+5.8%
2026-09-29 07:56:47.204|DEBUG|ArtifactScraper|Parsing artifact substat: critdmg+7.0%(unactivated)
2026-09-29 07:56:47.218|DEBUG|ArtifactScraper|Parsing artifact substat: atk+5.3%
2026-09-29 07:56:47.218|DEBUG|ArtifactScraper|Parsing artifact substat: elementalmastery+16
2026-09-29 07:56:47.218|DEBUG|ArtifactScraper|Parsing artifact substat: atk+18
2026-09-29 07:56:47.218|DEBUG|ArtifactScraper|Parsing artifact substat: hp+4.7%(unactivated)
2026-09-29 07:56:47.508|DEBUG|ArtifactScraper|Parsing artifact substat: elementalmastery+23
2026-09-29 07:56:47.508|DEBUG|ArtifactScraper|Parsing artifact substat: def+19
2026-09-29 07:56:47.508|DEBUG|ArtifactScraper|Parsing artifact substat: energyrecharge+6.5%
2026-09-29 07:56:47.508|DEBUG|ArtifactScraper|Parsing artifact substat: atk+4.7%(unactivated)
2026-09-29 07:56:47.577|DEBUG|ArtifactScraper|Parsing artifact substat: hp+5.8%
2026-09-29 07:56:47.577|DEBUG|ArtifactScraper|Parsing artifact substat: atk+5.3%
2026-09-29 07:56:47.577|DEBUG|ArtifactScraper|Parsing artifact substat: hp+269
2026-09-29 07:56:47.577|DEBUG|ArtifactScraper|Parsing artifact substat: energyrecharge+5.8%
2026-09-29 07:56:49.539|DEBUG|ArtifactScraper|Scanning artifact page 7
2026-09-29 07:56:49.539|DEBUG|ArtifactScraper|Located 32 possible item locations on page.
2026-09-29 07:56:50.211|DEBUG|ArtifactScraper|Parsing artifact substat: hp+5.8%
2026-09-29 07:56:50.211|DEBUG|ArtifactScraper|Parsing artifact substat: energyrecharge+5.2%
2026-09-29 07:56:50.211|DEBUG|ArtifactScraper|Parsing artifact substat: def+6.6%
2026-09-29 07:56:50.211|DEBUG|ArtifactScraper|Parsing artifact substat: critrate+3.5%(unactivated)
2026-09-29 07:56:50.223|DEBUG|ArtifactScraper|Parsing artifact substat: energyrecharge+5.2%
2026-09-29 07:56:50.223|DEBUG|ArtifactScraper|Parsing artifact substat: hp+209
2026-09-29 07:56:50.223|DEBUG|ArtifactScraper|Parsing artifact substat: critrate+3.9%
2026-09-29 07:56:50.223|DEBUG|ArtifactScraper|Parsing artifact substat: def+5.8%(unactivated)
2026-09-29 07:56:50.594|DEBUG|ArtifactScraper|Parsing artifact substat: elementalmastery+16
2026-09-29 07:56:50.594|DEBUG|ArtifactScraper|Parsing artifact substat: def+23
2026-09-29 07:56:50.594|DEBUG|ArtifactScraper|Parsing artifact substat: energyrecharge+5.2%
2026-09-29 07:56:50.594|DEBUG|ArtifactScraper|Parsing artifact substat: hp+4.1%(unactivated)
2026-09-29 07:56:50.609|DEBUG|ArtifactScraper|Parsing artifact substat: elementalmastery+16
2026-09-29 07:56:50.609|DEBUG|ArtifactScraper|Parsing artifact substat: def+21
2026-09-29 07:56:50.609|DEBUG|ArtifactScraper|Parsing artifact substat: atk+4.7%
2026-09-29 07:56:50.609|DEBUG|ArtifactScraper|Parsing artifact substat: hp+269(unactivated)
2026-09-29 07:56:50.872|DEBUG|ArtifactScraper|Parsing artifact substat: atk+4.1%
2026-09-29 07:56:50.872|DEBUG|ArtifactScraper|Parsing artifact substat: hp+5.8%
2026-09-29 07:56:50.872|DEBUG|ArtifactScraper|Parsing artifact substat: def+5.8%
2026-09-29 07:56:50.872|DEBUG|ArtifactScraper|Parsing artifact substat: def+21(unactivated)
2026-09-29 07:56:51.014|DEBUG|ArtifactScraper|Parsing artifact substat: energyrecharge+6.5%
2026-09-29 07:56:51.014|DEBUG|ArtifactScraper|Parsing artifact substat: def+23
2026-09-29 07:56:51.014|DEBUG|ArtifactScraper|Parsing artifact substat: critdmg+6.2%
2026-09-29 07:56:51.014|DEBUG|ArtifactScraper|Parsing artifact substat: elementalmastery+23
2026-09-29 07:56:51.326|DEBUG|ArtifactScraper|Parsing artifact substat: def+16
2026-09-29 07:56:51.326|DEBUG|ArtifactScraper|Parsing artifact substat: hp+239
2026-09-29 07:56:51.326|DEBUG|ArtifactScraper|Parsing artifact substat: atk+14
2026-09-29 07:56:51.326|DEBUG|ArtifactScraper|Parsing artifact substat: hp+4.1%(unactivated)
2026-09-29 07:56:51.346|DEBUG|ArtifactScraper|Parsing artifact substat: energyrecharge+4.5%
2026-09-29 07:56:51.346|DEBUG|ArtifactScraper|Parsing artifact substat: atk+5.8%
2026-09-29 07:56:51.346|DEBUG|ArtifactScraper|Parsing artifact substat: def+5.8%
2026-09-29 07:56:51.346|DEBUG|ArtifactScraper|Parsing artifact substat: hp+209(unactivated)
2026-09-29 07:56:51.518|DEBUG|ArtifactScraper|Parsing artifact substat: elementalmastery+23
2026-09-29 07:56:51.518|DEBUG|ArtifactScraper|Parsing artifact substat: atk+4.7%
2026-09-29 07:56:51.518|DEBUG|ArtifactScraper|Parsing artifact substat: atk+14
2026-09-29 07:56:51.518|DEBUG|ArtifactScraper|Parsing artifact substat: critrate+3.1%(unactivated)
2026-09-29 07:56:51.757|DEBUG|ArtifactScraper|Parsing artifact substat: atk+14
2026-09-29 07:56:51.757|DEBUG|ArtifactScraper|Parsing artifact substat: energyrecharge+4.5%
2026-09-29 07:56:51.757|DEBUG|ArtifactScraper|Parsing artifact substat: hp+239
2026-09-29 07:56:51.757|DEBUG|ArtifactScraper|Parsing artifact substat: def+5.1%
2026-09-29 07:56:51.784|DEBUG|ArtifactScraper|Parsing artifact substat: atk+5.8%
2026-09-29 07:56:51.784|DEBUG|ArtifactScraper|Parsing artifact substat: energyrecharge+6.5%
2026-09-29 07:56:51.784|DEBUG|ArtifactScraper|Parsing artifact substat: def+16
2026-09-29 07:56:51.784|DEBUG|ArtifactScraper|Parsing artifact substat: elementalmastery+21
2026-09-29 07:56:52.179|DEBUG|ArtifactScraper|Parsing artifact substat: hp+239
2026-09-29 07:56:52.179|DEBUG|ArtifactScraper|Parsing artifact substat: elementalmastery+19
2026-09-29 07:56:52.179|DEBUG|ArtifactScraper|Parsing artifact substat: atk+14
2026-09-29 07:56:52.179|DEBUG|ArtifactScraper|Parsing artifact substat: critrate+2.7%(unactivated)
2026-09-29 07:56:52.206|DEBUG|ArtifactScraper|Parsing artifact substat: energyrecharge+6.5%
2026-09-29 07:56:52.206|DEBUG|ArtifactScraper|Parsing artifact substat: critrate+3.5%
2026-09-29 07:56:52.206|DEBUG|ArtifactScraper|Parsing artifact substat: def+5.8%
2026-09-29 07:56:52.206|DEBUG|ArtifactScraper|Parsing artifact substat: atk+16(unactivated)
2026-09-29 07:56:52.483|DEBUG|ArtifactScraper|Parsing artifact substat: elementalmastery+19
2026-09-29 07:56:52.483|DEBUG|ArtifactScraper|Parsing artifact substat: atk+19
2026-09-29 07:56:52.483|DEBUG|ArtifactScraper|Parsing artifact substat: hp+299
2026-09-29 07:56:52.483|DEBUG|ArtifactScraper|Parsing artifact substat: critdmg+7.8%(unactivated)
2026-09-29 07:56:52.580|DEBUG|ArtifactScraper|Parsing artifact substat: critdmg+7.8%
2026-09-29 07:56:52.580|DEBUG|ArtifactScraper|Parsing artifact substat: hp+209
2026-09-29 07:56:52.580|DEBUG|ArtifactScraper|Parsing artifact substat: atk+5.8%
2026-09-29 07:56:52.580|DEBUG|ArtifactScraper|Parsing artifact substat: energyrecharge+5.8%
2026-09-29 07:56:52.858|DEBUG|ArtifactScraper|Parsing artifact substat: def+21
2026-09-29 07:56:52.858|DEBUG|ArtifactScraper|Parsing artifact substat: critrate+3.9%
2026-09-29 07:56:52.858|DEBUG|ArtifactScraper|Parsing artifact substat: hp+269
2026-09-29 07:56:52.858|DEBUG|ArtifactScraper|Parsing artifact substat: atk+16
2026-09-29 07:56:52.947|DEBUG|ArtifactScraper|Parsing artifact substat: critrate+3.1%
2026-09-29 07:56:52.947|DEBUG|ArtifactScraper|Parsing artifact substat: atk+18
2026-09-29 07:56:52.947|DEBUG|ArtifactScraper|Parsing artifact substat: energyrecharge+6.5%
2026-09-29 07:56:52.947|DEBUG|ArtifactScraper|Parsing artifact substat: atk+4.1%(unactivated)
2026-09-29 07:56:53.032|DEBUG|ArtifactScraper|Parsing artifact substat: hp+299
2026-09-29 07:56:53.032|DEBUG|ArtifactScraper|Parsing artifact substat: def+6.6%
2026-09-29 07:56:53.032|DEBUG|ArtifactScraper|Parsing artifact substat: def+16
2026-09-29 07:56:53.032|DEBUG|ArtifactScraper|Parsing artifact substat: atk+5.8%(unactivated)
2026-09-29 07:56:53.271|DEBUG|ArtifactScraper|Parsing artifact substat: def+21
2026-09-29 07:56:53.271|DEBUG|ArtifactScraper|Parsing artifact substat: hp+5.3%
2026-09-29 07:56:53.271|DEBUG|ArtifactScraper|Parsing artifact substat: atk+4.1%
2026-09-29 07:56:53.271|DEBUG|ArtifactScraper|Parsing artifact substat: elementalmastery+23
2026-09-29 07:56:53.365|DEBUG|ArtifactScraper|Parsing artifact substat: atk+4.7%
2026-09-29 07:56:53.365|DEBUG|ArtifactScraper|Parsing artifact substat: energyrecharge+5.8%
2026-09-29 07:56:53.365|DEBUG|ArtifactScraper|Parsing artifact substat: atk+14
2026-09-29 07:56:53.365|DEBUG|ArtifactScraper|Parsing artifact substat: hp+239(unactivated)
2026-09-29 07:56:53.658|DEBUG|ArtifactScraper|Parsing artifact substat: hp+239
2026-09-29 07:56:53.658|DEBUG|ArtifactScraper|Parsing artifact substat: def+21
2026-09-29 07:56:53.658|DEBUG|ArtifactScraper|Parsing artifact substat: atk+19
2026-09-29 07:56:53.658|DEBUG|ArtifactScraper|Parsing artifact substat: def+5.8%(unactivated)
2026-09-29 07:56:53.723|DEBUG|ArtifactScraper|Parsing artifact substat: critrate+2.7%
2026-09-29 07:56:53.723|DEBUG|ArtifactScraper|Parsing artifact substat: def+5.8%
2026-09-29 07:56:53.723|DEBUG|ArtifactScraper|Parsing artifact substat: atk+4.1%
2026-09-29 07:56:53.723|DEBUG|ArtifactScraper|Parsing artifact substat: critdmg+5.4%(unactivated)
2026-09-29 07:56:54.010|DEBUG|ArtifactScraper|Parsing artifact substat: def+21
2026-09-29 07:56:54.010|DEBUG|ArtifactScraper|Parsing artifact substat: hp+4.1%
2026-09-29 07:56:54.010|DEBUG|ArtifactScraper|Parsing artifact substat: atk+4.7%
2026-09-29 07:56:54.010|DEBUG|ArtifactScraper|Parsing artifact substat: atk+14(unactivated)
2026-09-29 07:56:54.081|DEBUG|ArtifactScraper|Parsing artifact substat: elementalmastery+23
2026-09-29 07:56:54.081|DEBUG|ArtifactScraper|Parsing artifact substat: def+5.1%
2026-09-29 07:56:54.081|DEBUG|ArtifactScraper|Parsing artifact substat: energyrecharge+5.2%
2026-09-29 07:56:54.081|DEBUG|ArtifactScraper|Parsing artifact substat: atk+19(unactivated)
2026-09-29 07:56:54.394|DEBUG|ArtifactScraper|Parsing artifact substat: hp+5.8%
2026-09-29 07:56:54.394|DEBUG|ArtifactScraper|Parsing artifact substat: critrate+3.1%
2026-09-29 07:56:54.394|DEBUG|ArtifactScraper|Parsing artifact substat: critdmg+7.8%
2026-09-29 07:56:54.394|DEBUG|ArtifactScraper|Parsing artifact substat: def+6.6%
2026-09-29 07:56:54.416|DEBUG|ArtifactScraper|Parsing artifact substat: energyrecharge+6.5%
2026-09-29 07:56:54.416|DEBUG|ArtifactScraper|Parsing artifact substat: def+19
2026-09-29 07:56:54.416|DEBUG|ArtifactScraper|Parsing artifact substat: elementalmastery+19
2026-09-29 07:56:54.416|DEBUG|ArtifactScraper|Parsing artifact substat: critdmg+7.8%(unactivated)
2026-09-29 07:56:54.731|DEBUG|ArtifactScraper|Parsing artifact substat: elementalmastery+19
2026-09-29 07:56:54.731|DEBUG|ArtifactScraper|Parsing artifact substat: hp+299
2026-09-29 07:56:54.731|DEBUG|ArtifactScraper|Parsing artifact substat: def+23
2026-09-29 07:56:54.731|DEBUG|ArtifactScraper|Parsing artifact substat: energyrecharge+5.2%
2026-09-29 07:56:54.790|DEBUG|ArtifactScraper|Parsing artifact substat: energyrecharge+4.5%
2026-09-29 07:56:54.790|DEBUG|ArtifactScraper|Parsing artifact substat: hp+299
2026-09-29 07:56:54.790|DEBUG|ArtifactScraper|Parsing artifact substat: critdmg+5.4%
2026-09-29 07:56:54.790|DEBUG|ArtifactScraper|Parsing artifact substat: def+19(unactivated)
2026-09-29 07:56:55.048|DEBUG|ArtifactScraper|Finished queuing page of artifacts. Scrolling...
2026-09-29 07:56:55.060|DEBUG|ArtifactScraper|Parsing artifact substat: critrate+3.1%
2026-09-29 07:56:55.060|DEBUG|ArtifactScraper|Parsing artifact substat: hp+299
2026-09-29 07:56:55.060|DEBUG|ArtifactScraper|Parsing artifact substat: atk+5.8%
2026-09-29 07:56:55.060|DEBUG|ArtifactScraper|Parsing artifact substat: energyrecharge+4.5%
2026-09-29 07:56:55.141|DEBUG|ArtifactScraper|Parsing artifact substat: energyrecharge+4.5%
2026-09-29 07:56:55.141|DEBUG|ArtifactScraper|Parsing artifact substat: def+6.6%
2026-09-29 07:56:55.141|DEBUG|ArtifactScraper|Parsing artifact substat: critdmg+7.8%
2026-09-29 07:56:55.141|DEBUG|ArtifactScraper|Parsing artifact substat: elementalmastery+19
2026-09-29 07:56:55.448|DEBUG|ArtifactScraper|Parsing artifact substat: hp+5.3%
2026-09-29 07:56:55.448|DEBUG|ArtifactScraper|Parsing artifact substat: energyrecharge+5.2%
2026-09-29 07:56:55.448|DEBUG|ArtifactScraper|Parsing artifact substat: def+19
2026-09-29 07:56:55.448|DEBUG|ArtifactScraper|Parsing artifact substat: def+6.6%(unactivated)
2026-09-29 07:56:55.464|DEBUG|ArtifactScraper|Parsing artifact substat: hp+299
2026-09-29 07:56:55.464|DEBUG|ArtifactScraper|Parsing artifact substat: energyrecharge+5.8%
2026-09-29 07:56:55.464|DEBUG|ArtifactScraper|Parsing artifact substat: def+21
2026-09-29 07:56:55.464|DEBUG|ArtifactScraper|Parsing artifact substat: critdmg+7.0%(unactivated)
2026-09-29 07:56:57.280|DEBUG|ArtifactScraper|Scanning artifact page 8
2026-09-29 07:56:57.280|DEBUG|ArtifactScraper|Located 32 possible item locations on page.
2026-09-29 07:56:57.785|DEBUG|ArtifactScraper|Parsing artifact substat: critrate+3.1%
2026-09-29 07:56:57.785|DEBUG|ArtifactScraper|Parsing artifact substat: def+5.8%
2026-09-29 07:56:57.785|DEBUG|ArtifactScraper|Parsing artifact substat: energyrecharge+6.5%
2026-09-29 07:56:57.785|DEBUG|ArtifactScraper|Parsing artifact substat: def+23(unactivated)
2026-09-29 07:56:57.815|DEBUG|ArtifactScraper|Parsing artifact substat: hp+209
2026-09-29 07:56:57.815|DEBUG|ArtifactScraper|Parsing artifact substat: critrate+3.9%
2026-09-29 07:56:57.815|DEBUG|ArtifactScraper|Parsing artifact substat: atk+4.7%
2026-09-29 07:56:57.815|DEBUG|ArtifactScraper|Parsing artifact substat: energyrecharge+6.5%
2026-09-29 07:56:58.046|DEBUG|ArtifactScraper|Parsing artifact substat: def+5.8%
2026-09-29 07:56:58.046|DEBUG|ArtifactScraper|Parsing artifact substat: def+23
2026-09-29 07:56:58.046|DEBUG|ArtifactScraper|Parsing artifact substat: critrate+3.5%
2026-09-29 07:56:58.046|DEBUG|ArtifactScraper|Parsing artifact substat: hp+4.1%
2026-09-29 07:56:58.345|DEBUG|ArtifactScraper|Parsing artifact substat: atk+5.3%
2026-09-29 07:56:58.345|DEBUG|ArtifactScraper|Parsing artifact substat: def+21
2026-09-29 07:56:58.345|DEBUG|ArtifactScraper|Parsing artifact substat: elementalmastery+19
2026-09-29 07:56:58.345|DEBUG|ArtifactScraper|Parsing artifact substat: critdmg+7.8%
2026-09-29 07:56:58.410|DEBUG|ArtifactScraper|Parsing artifact substat: def+7.3%
2026-09-29 07:56:58.410|DEBUG|ArtifactScraper|Parsing artifact substat: def+21
2026-09-29 07:56:58.410|DEBUG|ArtifactScraper|Parsing artifact substat: critdmg+7.8%
2026-09-29 07:56:58.410|DEBUG|ArtifactScraper|Parsing artifact substat: hp+209(unactivated)
2026-09-29 07:56:58.649|DEBUG|ArtifactScraper|Parsing artifact substat: critrate+3.1%
2026-09-29 07:56:58.649|DEBUG|ArtifactScraper|Parsing artifact substat: hp+4.7%
2026-09-29 07:56:58.649|DEBUG|ArtifactScraper|Parsing artifact substat: def+6.6%
2026-09-29 07:56:58.649|DEBUG|ArtifactScraper|Parsing artifact substat: hp+299(unactivated)
2026-09-29 07:56:58.764|DEBUG|ArtifactScraper|Parsing artifact substat: critrate+3.9%
2026-09-29 07:56:58.764|DEBUG|ArtifactScraper|Parsing artifact substat: critdmg+5.4%
2026-09-29 07:56:58.764|DEBUG|ArtifactScraper|Parsing artifact substat: def+5.1%
2026-09-29 07:56:58.764|DEBUG|ArtifactScraper|Parsing artifact substat: hp+209(unactivated)
2026-09-29 07:56:58.977|DEBUG|ArtifactScraper|Parsing artifact substat: energyrecharge+5.8%
2026-09-29 07:56:58.977|DEBUG|ArtifactScraper|Parsing artifact substat: def+23
2026-09-29 07:56:58.977|DEBUG|ArtifactScraper|Parsing artifact substat: def+7.3%
2026-09-29 07:56:58.977|DEBUG|ArtifactScraper|Parsing artifact substat: atk+16(unactivated)
2026-09-29 07:56:59.156|DEBUG|ArtifactScraper|Parsing artifact substat: atk+16
2026-09-29 07:56:59.156|DEBUG|ArtifactScraper|Parsing artifact substat: def+16
2026-09-29 07:56:59.156|DEBUG|ArtifactScraper|Parsing artifact substat: hp+5.3%
2026-09-29 07:56:59.156|DEBUG|ArtifactScraper|Parsing artifact substat: hp+209(unactivated)
2026-09-29 07:56:59.323|DEBUG|ArtifactScraper|Parsing artifact substat: hp+239
2026-09-29 07:56:59.323|DEBUG|ArtifactScraper|Parsing artifact substat: hp+4.1%
2026-09-29 07:56:59.323|DEBUG|ArtifactScraper|Parsing artifact substat: energyrecharge+6.5%
2026-09-29 07:56:59.323|DEBUG|ArtifactScraper|Parsing artifact substat: atk+14(unactivated)
2026-09-29 07:56:59.516|DEBUG|ArtifactScraper|Parsing artifact substat: atk+18
2026-09-29 07:56:59.516|DEBUG|ArtifactScraper|Parsing artifact substat: hp+4.1%
2026-09-29 07:56:59.516|DEBUG|ArtifactScraper|Parsing artifact substat: hp+239
2026-09-29 07:56:59.516|DEBUG|ArtifactScraper|Parsing artifact substat: elementalmastery+21
2026-09-29 07:56:59.620|DEBUG|ArtifactScraper|Parsing artifact substat: elementalmastery+23
2026-09-29 07:56:59.620|DEBUG|ArtifactScraper|Parsing artifact substat: atk+5.3%
2026-09-29 07:56:59.620|DEBUG|ArtifactScraper|Parsing artifact substat: hp+269
2026-09-29 07:56:59.620|DEBUG|ArtifactScraper|Parsing artifact substat: def+19(unactivated)
2026-09-29 07:56:59.870|DEBUG|ArtifactScraper|Parsing artifact substat: atk+16
2026-09-29 07:56:59.870|DEBUG|ArtifactScraper|Parsing artifact substat: def+7.3%
2026-09-29 07:56:59.870|DEBUG|ArtifactScraper|Parsing artifact substat: elementalmastery+23
2026-09-29 07:56:59.870|DEBUG|ArtifactScraper|Parsing artifact substat: def+21(unactivated)
2026-09-29 07:56:59.925|DEBUG|ArtifactScraper|Parsing artifact substat: elementalmastery+19
2026-09-29 07:56:59.925|DEBUG|ArtifactScraper|Parsing artifact substat: atk+16
2026-09-29 07:56:59.925|DEBUG|ArtifactScraper|Parsing artifact substat: critdmg+6.2%
2026-09-29 07:56:59.925|DEBUG|ArtifactScraper|Parsing artifact substat: def+5.1%
2026-09-29 07:57:00.250|DEBUG|ArtifactScraper|Parsing artifact substat: atk+14
2026-09-29 07:57:00.250|DEBUG|ArtifactScraper|Parsing artifact substat: def+5.8%
2026-09-29 07:57:00.250|DEBUG|ArtifactScraper|Parsing artifact substat: elementalmastery+21
2026-09-29 07:57:00.250|DEBUG|ArtifactScraper|Parsing artifact substat: atk+4.7%(unactivated)
2026-09-29 07:57:00.277|DEBUG|ArtifactScraper|Parsing artifact substat: atk+5.3%
2026-09-29 07:57:00.277|DEBUG|ArtifactScraper|Parsing artifact substat: def+23
2026-09-29 07:57:00.277|DEBUG|ArtifactScraper|Parsing artifact substat: hp+5.8%
2026-09-29 07:57:00.277|DEBUG|ArtifactScraper|Parsing artifact substat: def+6.6%(unactivated)
2026-09-29 07:57:00.514|DEBUG|ArtifactScraper|Parsing artifact substat: def+19
2026-09-29 07:57:00.514|DEBUG|ArtifactScraper|Parsing artifact substat: hp+5.3%
2026-09-29 07:57:00.514|DEBUG|ArtifactScraper|Parsing artifact substat: elementalmastery+19
2026-09-29 07:57:00.514|DEBUG|ArtifactScraper|Parsing artifact substat: atk+18(unactivated)
2026-09-29 07:57:00.645|DEBUG|ArtifactScraper|Parsing artifact substat: energyrecharge+5.8%
2026-09-29 07:57:00.645|DEBUG|ArtifactScraper|Parsing artifact substat: elementalmastery+16
2026-09-29 07:57:00.645|DEBUG|ArtifactScraper|Parsing artifact substat: hp+4.7%
2026-09-29 07:57:00.645|DEBUG|ArtifactScraper|Parsing artifact substat: critrate+3.1%(unactivated)
2026-09-29 07:57:00.876|DEBUG|ArtifactScraper|Parsing artifact substat: energyrecharge+6.5%
2026-09-29 07:57:00.876|DEBUG|ArtifactScraper|Parsing artifact substat: def+16
2026-09-29 07:57:00.876|DEBUG|ArtifactScraper|Parsing artifact substat: hp+5.3%
2026-09-29 07:57:00.877|DEBUG|ArtifactScraper|Parsing artifact substat: atk+18(unactivated)
2026-09-29 07:57:01.032|DEBUG|ArtifactScraper|Parsing artifact substat: def+19
2026-09-29 07:57:01.032|DEBUG|ArtifactScraper|Parsing artifact substat: atk+4.1%
2026-09-29 07:57:01.032|DEBUG|ArtifactScraper|Parsing artifact substat: critdmg+7.8%
2026-09-29 07:57:01.032|DEBUG|ArtifactScraper|Parsing artifact substat: critrate+3.9%(unactivated)
2026-09-29 07:57:01.169|DEBUG|ArtifactScraper|Parsing artifact substat: elementalmastery+19
2026-09-29 07:57:01.169|DEBUG|ArtifactScraper|Parsing artifact substat: hp+4.7%
2026-09-29 07:57:01.169|DEBUG|ArtifactScraper|Parsing artifact substat: critdmg+7.8%
2026-09-29 07:57:01.169|DEBUG|ArtifactScraper|Parsing artifact substat: atk+5.3%(unactivated)
2026-09-29 07:57:01.378|DEBUG|ArtifactScraper|Parsing artifact substat: hp+299
2026-09-29 07:57:01.378|DEBUG|ArtifactScraper|Parsing artifact substat: def+5.8%
2026-09-29 07:57:01.378|DEBUG|ArtifactScraper|Parsing artifact substat: critrate+3.9%
2026-09-29 07:57:01.378|DEBUG|ArtifactScraper|Parsing artifact substat: atk+5.3%(unactivated)
2026-09-29 07:57:01.524|DEBUG|ArtifactScraper|Parsing artifact substat: elementalmastery+21
2026-09-29 07:57:01.524|DEBUG|ArtifactScraper|Parsing artifact substat: critdmg+7.0%
2026-09-29 07:57:01.524|DEBUG|ArtifactScraper|Parsing artifact substat: hp+5.8%
2026-09-29 07:57:01.524|DEBUG|ArtifactScraper|Parsing artifact substat: energyrecharge+5.8%
2026-09-29 07:57:01.712|DEBUG|ArtifactScraper|Parsing artifact substat: hp+209
2026-09-29 07:57:01.712|DEBUG|ArtifactScraper|Parsing artifact substat: def+7.3%
2026-09-29 07:57:01.712|DEBUG|ArtifactScraper|Parsing artifact substat: atk+19
2026-09-29 07:57:01.712|DEBUG|ArtifactScraper|Parsing artifact substat: elementalmastery+21
2026-09-29 07:57:01.783|DEBUG|ArtifactScraper|Parsing artifact substat: atk+19
2026-09-29 07:57:01.783|DEBUG|ArtifactScraper|Parsing artifact substat: def+16
2026-09-29 07:57:01.783|DEBUG|ArtifactScraper|Parsing artifact substat: hp+269
2026-09-29 07:57:01.783|DEBUG|ArtifactScraper|Parsing artifact substat: critrate+3.1%(unactivated)
2026-09-29 07:57:02.077|DEBUG|ArtifactScraper|Parsing artifact substat: hp+239
2026-09-29 07:57:02.077|DEBUG|ArtifactScraper|Parsing artifact substat: def+5.8%
2026-09-29 07:57:02.077|DEBUG|ArtifactScraper|Parsing artifact substat: atk+4.1%
2026-09-29 07:57:02.077|DEBUG|ArtifactScraper|Parsing artifact substat: def+21(unactivated)
2026-09-29 07:57:02.135|DEBUG|ArtifactScraper|Parsing artifact substat: hp+5.3%
2026-09-29 07:57:02.135|DEBUG|ArtifactScraper|Parsing artifact substat: hp+269
2026-09-29 07:57:02.135|DEBUG|ArtifactScraper|Parsing artifact substat: def+21
2026-09-29 07:57:02.135|DEBUG|ArtifactScraper|Parsing artifact substat: atk+18(unactivated)
2026-09-29 07:57:02.453|DEBUG|ArtifactScraper|Parsing artifact substat: energyrecharge+6.5%
2026-09-29 07:57:02.453|DEBUG|ArtifactScraper|Parsing artifact substat: critrate+3.1%
2026-09-29 07:57:02.453|DEBUG|ArtifactScraper|Parsing artifact substat: elementalmastery+21
2026-09-29 07:57:02.453|DEBUG|ArtifactScraper|Parsing artifact substat: atk+16(unactivated)
2026-09-29 07:57:02.507|DEBUG|ArtifactScraper|Parsing artifact substat: elementalmastery+23
2026-09-29 07:57:02.507|DEBUG|ArtifactScraper|Parsing artifact substat: atk+19
2026-09-29 07:57:02.507|DEBUG|ArtifactScraper|Parsing artifact substat: hp+5.3%
2026-09-29 07:57:02.507|DEBUG|ArtifactScraper|Parsing artifact substat: energyrecharge+6.5%
2026-09-29 07:57:02.685|DEBUG|ArtifactScraper|Parsing artifact substat: atk+14
2026-09-29 07:57:02.685|DEBUG|ArtifactScraper|Parsing artifact substat: hp+269
2026-09-29 07:57:02.685|DEBUG|ArtifactScraper|Parsing artifact substat: critrate+3.5%
2026-09-29 07:57:02.685|DEBUG|ArtifactScraper|Parsing artifact substat: energyrecharge+6.5%
2026-09-29 07:57:02.697|DEBUG|ArtifactScraper|Finished queuing page of artifacts. Scrolling...
2026-09-29 07:57:02.834|DEBUG|ArtifactScraper|Parsing artifact substat: atk+19
2026-09-29 07:57:02.834|DEBUG|ArtifactScraper|Parsing artifact substat: hp+269
2026-09-29 07:57:02.834|DEBUG|ArtifactScraper|Parsing artifact substat: hp+5.3%
2026-09-29 07:57:02.834|DEBUG|ArtifactScraper|Parsing artifact substat: elementalmastery+19
2026-09-29 07:57:03.017|DEBUG|ArtifactScraper|Parsing artifact substat: energyrecharge+4.5%
2026-09-29 07:57:03.017|DEBUG|ArtifactScraper|Parsing artifact substat: hp+239
2026-09-29 07:57:03.017|DEBUG|ArtifactScraper|Parsing artifact substat: critrate+3.1%
2026-09-29 07:57:03.017|DEBUG|ArtifactScraper|Parsing artifact substat: atk+14(unactivated)
2026-09-29 07:57:04.691|DEBUG|ArtifactScraper|Scanning artifact page 9
2026-09-29 07:57:04.691|DEBUG|ArtifactScraper|Located 32 possible item locations on page.
2026-09-29 07:57:05.084|DEBUG|ArtifactScraper|Parsing artifact substat: elementalmastery+23
2026-09-29 07:57:05.084|DEBUG|ArtifactScraper|Parsing artifact substat: atk+19
2026-09-29 07:57:05.084|DEBUG|ArtifactScraper|Parsing artifact substat: critrate+3.1%
2026-09-29 07:57:05.084|DEBUG|ArtifactScraper|Parsing artifact substat: critdmg+6.2%(unactivated)
2026-09-29 07:57:05.402|DEBUG|ArtifactScraper|Parsing artifact substat: elementalmastery+16
2026-09-29 07:57:05.402|DEBUG|ArtifactScraper|Parsing artifact substat: hp+269
2026-09-29 07:57:05.402|DEBUG|ArtifactScraper|Parsing artifact substat: atk+4.7%
2026-09-29 07:57:05.402|DEBUG|ArtifactScraper|Parsing artifact substat: atk+19
2026-09-29 07:57:05.413|DEBUG|ArtifactScraper|Parsing artifact substat: atk+16
2026-09-29 07:57:05.413|DEBUG|ArtifactScraper|Parsing artifact substat: hp+299
2026-09-29 07:57:05.413|DEBUG|ArtifactScraper|Parsing artifact substat: energyrecharge+4.5%
2026-09-29 07:57:05.413|DEBUG|ArtifactScraper|Parsing artifact substat: def+21(unactivated)
2026-09-29 07:57:05.767|DEBUG|ArtifactScraper|Parsing artifact substat: energyrecharge+5.2%
2026-09-29 07:57:05.767|DEBUG|ArtifactScraper|Parsing artifact substat: def+5.1%
2026-09-29 07:57:05.767|DEBUG|ArtifactScraper|Parsing artifact substat: def+21
2026-09-29 07:57:05.767|DEBUG|ArtifactScraper|Parsing artifact substat: elementalmastery+16
2026-09-29 07:57:05.795|DEBUG|ArtifactScraper|Parsing artifact substat: atk+5.8%
2026-09-29 07:57:05.795|DEBUG|ArtifactScraper|Parsing artifact substat: def+5.8%
2026-09-29 07:57:05.795|DEBUG|ArtifactScraper|Parsing artifact substat: def+21
2026-09-29 07:57:05.795|DEBUG|ArtifactScraper|Parsing artifact substat: hp+239(unactivated)
2026-09-29 07:57:06.030|DEBUG|ArtifactScraper|Parsing artifact substat: hp+239
2026-09-29 07:57:06.030|DEBUG|ArtifactScraper|Parsing artifact substat: def+21
2026-09-29 07:57:06.030|DEBUG|ArtifactScraper|Parsing artifact substat: energyrecharge+4.5%
2026-09-29 07:57:06.030|DEBUG|ArtifactScraper|Parsing artifact substat: atk+16(unactivated)
2026-09-29 07:57:06.160|DEBUG|ArtifactScraper|Parsing artifact substat: energyrecharge+5.2%
2026-09-29 07:57:06.160|DEBUG|ArtifactScraper|Parsing artifact substat: atk+16
2026-09-29 07:57:06.160|DEBUG|ArtifactScraper|Parsing artifact substat: def+23
2026-09-29 07:57:06.160|DEBUG|ArtifactScraper|Parsing artifact substat: critrate+2.7%(unactivated)
2026-09-29 07:57:06.394|DEBUG|ArtifactScraper|Parsing artifact substat: energyrecharge+5.8%
2026-09-29 07:57:06.394|DEBUG|ArtifactScraper|Parsing artifact substat: atk+18
2026-09-29 07:57:06.394|DEBUG|ArtifactScraper|Parsing artifact substat: elementalmastery+19
2026-09-29 07:57:06.394|DEBUG|ArtifactScraper|Parsing artifact substat: critrate+3.5%(unactivated)
2026-09-29 07:57:06.476|DEBUG|ArtifactScraper|Parsing artifact substat: hp+5.3%
2026-09-29 07:57:06.476|DEBUG|ArtifactScraper|Parsing artifact substat: atk+19
2026-09-29 07:57:06.476|DEBUG|ArtifactScraper|Parsing artifact substat: def+19
2026-09-29 07:57:06.476|DEBUG|ArtifactScraper|Parsing artifact substat: atk+4.1%(unactivated)
2026-09-29 07:57:06.717|DEBUG|ArtifactScraper|Parsing artifact substat: critrate+3.5%
2026-09-29 07:57:06.717|DEBUG|ArtifactScraper|Parsing artifact substat: def+7.3%
2026-09-29 07:57:06.717|DEBUG|ArtifactScraper|Parsing artifact substat: def+23
2026-09-29 07:57:06.717|DEBUG|ArtifactScraper|Parsing artifact substat: atk+4.7%(unactivated)
2026-09-29 07:57:06.828|DEBUG|ArtifactScraper|Parsing artifact substat: atk+5.3%
2026-09-29 07:57:06.828|DEBUG|ArtifactScraper|Parsing artifact substat: hp+4.7%
2026-09-29 07:57:06.828|DEBUG|ArtifactScraper|Parsing artifact substat: elementalmastery+23
2026-09-29 07:57:06.828|DEBUG|ArtifactScraper|Parsing artifact substat: critdmg+7.8%(unactivated)
2026-09-29 07:57:07.080|DEBUG|ArtifactScraper|Parsing artifact substat: critrate+2.7%
2026-09-29 07:57:07.080|DEBUG|ArtifactScraper|Parsing artifact substat: critdmg+5.4%
2026-09-29 07:57:07.080|DEBUG|ArtifactScraper|Parsing artifact substat: def+5.1%
2026-09-29 07:57:07.080|DEBUG|ArtifactScraper|Parsing artifact substat: atk+4.7%(unactivated)
2026-09-29 07:57:07.137|DEBUG|ArtifactScraper|Parsing artifact substat: atk+5.3%
2026-09-29 07:57:07.137|DEBUG|ArtifactScraper|Parsing artifact substat: def+16
2026-09-29 07:57:07.137|DEBUG|ArtifactScraper|Parsing artifact substat: hp+4.7%
2026-09-29 07:57:07.137|DEBUG|ArtifactScraper|Parsing artifact substat: critrate+3.9%
2026-09-29 07:57:07.437|DEBUG|ArtifactScraper|Parsing artifact substat: elementalmastery+21
2026-09-29 07:57:07.437|DEBUG|ArtifactScraper|Parsing artifact substat: hp+299
2026-09-29 07:57:07.437|DEBUG|ArtifactScraper|Parsing artifact substat: def+23
2026-09-29 07:57:07.437|DEBUG|ArtifactScraper|Parsing artifact substat: energyrecharge+5.8%
2026-09-29 07:57:07.498|DEBUG|ArtifactScraper|Parsing artifact substat: elementalmastery+23
2026-09-29 07:57:07.498|DEBUG|ArtifactScraper|Parsing artifact substat: critrate+3.5%
2026-09-29 07:57:07.498|DEBUG|ArtifactScraper|Parsing artifact substat: hp+5.8%
2026-09-29 07:57:07.498|DEBUG|ArtifactScraper|Parsing artifact substat: atk+14(unactivated)
2026-09-29 07:57:07.717|DEBUG|ArtifactScraper|Parsing artifact substat: elementalmastery+16
2026-09-29 07:57:07.717|DEBUG|ArtifactScraper|Parsing artifact substat: atk+18
2026-09-29 07:57:07.717|DEBUG|ArtifactScraper|Parsing artifact substat: energyrecharge+5.8%
2026-09-29 07:57:07.717|DEBUG|ArtifactScraper|Parsing artifact substat: critrate+3.9%
2026-09-29 07:57:07.824|DEBUG|ArtifactScraper|Parsing artifact substat: critrate+3.5%
2026-09-29 07:57:07.824|DEBUG|ArtifactScraper|Parsing artifact substat: def+21
2026-09-29 07:57:07.824|DEBUG|ArtifactScraper|Parsing artifact substat: atk+4.7%
2026-09-29 07:57:07.824|DEBUG|ArtifactScraper|Parsing artifact substat: elementalmastery+21
2026-09-29 07:57:08.032|DEBUG|ArtifactScraper|Parsing artifact substat: hp+4.1%
2026-09-29 07:57:08.032|DEBUG|ArtifactScraper|Parsing artifact substat: def+19
2026-09-29 07:57:08.032|DEBUG|ArtifactScraper|Parsing artifact substat: def+6.6%
2026-09-29 07:57:08.032|DEBUG|ArtifactScraper|Parsing artifact substat: elementalmastery+19
2026-09-29 07:57:08.203|DEBUG|ArtifactScraper|Parsing artifact substat: energyrecharge+5.2%
2026-09-29 07:57:08.203|DEBUG|ArtifactScraper|Parsing artifact substat: critrate+3.5%
2026-09-29 07:57:08.203|DEBUG|ArtifactScraper|Parsing artifact substat: hp+4.1%
2026-09-29 07:57:08.203|DEBUG|ArtifactScraper|Parsing artifact substat: hp+239(unactivated)
2026-09-29 07:57:08.363|DEBUG|ArtifactScraper|Parsing artifact substat: hp+5.3%
2026-09-29 07:57:08.363|DEBUG|ArtifactScraper|Parsing artifact substat: energyrecharge+4.5%
2026-09-29 07:57:08.363|DEBUG|ArtifactScraper|Parsing artifact substat: atk+14
2026-09-29 07:57:08.363|DEBUG|ArtifactScraper|Parsing artifact substat: def+21(unactivated)
2026-09-29 07:57:08.545|DEBUG|ArtifactScraper|Parsing artifact substat: def+7.3%
2026-09-29 07:57:08.545|DEBUG|ArtifactScraper|Parsing artifact substat: hp+209
2026-09-29 07:57:08.545|DEBUG|ArtifactScraper|Parsing artifact substat: critrate+2.7%
2026-09-29 07:57:08.545|DEBUG|ArtifactScraper|Parsing artifact substat: elementalmastery+19
2026-09-29 07:57:08.727|DEBUG|ArtifactScraper|Parsing artifact substat: critrate+3.1%
2026-09-29 07:57:08.727|DEBUG|ArtifactScraper|Parsing artifact substat: energyrecharge+5.8%
2026-09-29 07:57:08.727|DEBUG|ArtifactScraper|Parsing artifact substat: hp+4.7%
2026-09-29 07:57:08.727|DEBUG|ArtifactScraper|Parsing artifact substat: def+6.6%(unactivated)
2026-09-29 07:57:08.829|DEBUG|ArtifactScraper|Parsing artifact substat: hp+239
2026-09-29 07:57:08.829|DEBUG|ArtifactScraper|Parsing artifact substat: elementalmastery+16
2026-09-29 07:57:08.830|DEBUG|ArtifactScraper|Parsing artifact substat: def+19
2026-09-29 07:57:08.830|DEBUG|ArtifactScraper|Parsing artifact substat: atk+14(unactivated)
2026-09-29 07:57:09.013|DEBUG|ArtifactScraper|Parsing artifact substat: hp+239
2026-09-29 07:57:09.013|DEBUG|ArtifactScraper|Parsing artifact substat: energyrecharge+5.8%
2026-09-29 07:57:09.013|DEBUG|ArtifactScraper|Parsing artifact substat: hp+5.3%
2026-09-29 07:57:09.013|DEBUG|ArtifactScraper|Parsing artifact substat: atk+5.3%
2026-09-29 07:57:09.324|DEBUG|ArtifactScraper|Parsing artifact substat: critdmg+7.8%
2026-09-29 07:57:09.324|DEBUG|ArtifactScraper|Parsing artifact substat: atk+18
2026-09-29 07:57:09.324|DEBUG|ArtifactScraper|Parsing artifact substat: hp+209
2026-09-29 07:57:09.324|DEBUG|ArtifactScraper|Parsing artifact substat: elementalmastery+16
2026-09-29 07:57:09.368|DEBUG|ArtifactScraper|Parsing artifact substat: energyrecharge+5.2%
2026-09-29 07:57:09.368|DEBUG|ArtifactScraper|Parsing artifact substat: atk+18
2026-09-29 07:57:09.368|DEBUG|ArtifactScraper|Parsing artifact substat: elementalmastery+23
2026-09-29 07:57:09.368|DEBUG|ArtifactScraper|Parsing artifact substat: def+16
2026-09-29 07:57:09.648|DEBUG|ArtifactScraper|Parsing artifact substat: hp+4.1%
2026-09-29 07:57:09.648|DEBUG|ArtifactScraper|Parsing artifact substat: atk+18
2026-09-29 07:57:09.648|DEBUG|ArtifactScraper|Parsing artifact substat: def+21
2026-09-29 07:57:09.648|DEBUG|ArtifactScraper|Parsing artifact substat: critrate+3.9%(unactivated)
2026-09-29 07:57:09.679|DEBUG|ArtifactScraper|Parsing artifact substat: def+6.6%
2026-09-29 07:57:09.679|DEBUG|ArtifactScraper|Parsing artifact substat: atk+5.8%
2026-09-29 07:57:09.679|DEBUG|ArtifactScraper|Parsing artifact substat: critrate+2.7%
2026-09-29 07:57:09.679|DEBUG|ArtifactScraper|Parsing artifact substat: elementalmastery+23
2026-09-29 07:57:09.942|DEBUG|ArtifactScraper|Parsing artifact substat: atk+16
2026-09-29 07:57:09.942|DEBUG|ArtifactScraper|Parsing artifact substat: def+5.8%
2026-09-29 07:57:09.942|DEBUG|ArtifactScraper|Parsing artifact substat: def+19
2026-09-29 07:57:09.942|DEBUG|ArtifactScraper|Parsing artifact substat: atk+4.1%(unactivated)
2026-09-29 07:57:10.019|DEBUG|ArtifactScraper|Parsing artifact substat: elementalmastery+21
2026-09-29 07:57:10.019|DEBUG|ArtifactScraper|Parsing artifact substat: atk+16
2026-09-29 07:57:10.019|DEBUG|ArtifactScraper|Parsing artifact substat: def+21
2026-09-29 07:57:10.019|DEBUG|ArtifactScraper|Parsing artifact substat: critdmg+7.8%(unactivated)
2026-09-29 07:57:10.037|DEBUG|ArtifactScraper|Finished queuing page of artifacts. Scrolling...
2026-09-29 07:57:10.283|DEBUG|ArtifactScraper|Parsing artifact substat: critdmg+5.4%
2026-09-29 07:57:10.283|DEBUG|ArtifactScraper|Parsing artifact substat: energyrecharge+4.5%
2026-09-29 07:57:10.283|DEBUG|ArtifactScraper|Parsing artifact substat: critrate+3.1%
2026-09-29 07:57:10.283|DEBUG|ArtifactScraper|Parsing artifact substat: def+5.1%(unactivated)
2026-09-29 07:57:10.343|DEBUG|ArtifactScraper|Parsing artifact substat: hp+5.3%
2026-09-29 07:57:10.343|DEBUG|ArtifactScraper|Parsing artifact substat: elementalmastery+23
2026-09-29 07:57:10.343|DEBUG|ArtifactScraper|Parsing artifact substat: hp+269
2026-09-29 07:57:10.343|DEBUG|ArtifactScraper|Parsing artifact substat: critrate+3.1%
2026-09-29 07:57:12.098|DEBUG|ArtifactScraper|Scanning artifact page 10
2026-09-29 07:57:12.098|DEBUG|ArtifactScraper|Located 32 possible item locations on page.
2026-09-29 07:57:12.614|DEBUG|ArtifactScraper|Parsing artifact substat: def+23
2026-09-29 07:57:12.614|DEBUG|ArtifactScraper|Parsing artifact substat: hp+209
2026-09-29 07:57:12.614|DEBUG|ArtifactScraper|Parsing artifact substat: critdmg+7.8%
2026-09-29 07:57:12.614|DEBUG|ArtifactScraper|Parsing artifact substat: energyrecharge+5.2%
2026-09-29 07:57:12.767|DEBUG|ArtifactScraper|Parsing artifact substat: atk+5.8%
2026-09-29 07:57:12.767|DEBUG|ArtifactScraper|Parsing artifact substat: def+5.8%
2026-09-29 07:57:12.767|DEBUG|ArtifactScraper|Parsing artifact substat: critdmg+7.8%
2026-09-29 07:57:12.767|DEBUG|ArtifactScraper|Parsing artifact substat: hp+5.3%(unactivated)
2026-09-29 07:57:12.965|DEBUG|ArtifactScraper|Parsing artifact substat: critdmg+7.0%
2026-09-29 07:57:12.965|DEBUG|ArtifactScraper|Parsing artifact substat: def+19
2026-09-29 07:57:12.965|DEBUG|ArtifactScraper|Parsing artifact substat: def+6.6%
2026-09-29 07:57:12.965|DEBUG|ArtifactScraper|Parsing artifact substat: energyrecharge+5.8%
2026-09-29 07:57:13.147|DEBUG|ArtifactScraper|Parsing artifact substat: hp+299
2026-09-29 07:57:13.147|DEBUG|ArtifactScraper|Parsing artifact substat: critrate+2.7%
2026-09-29 07:57:13.147|DEBUG|ArtifactScraper|Parsing artifact substat: def+19
2026-09-29 07:57:13.147|DEBUG|ArtifactScraper|Parsing artifact substat: hp+5.3%(unactivated)
2026-09-29 07:57:13.247|DEBUG|ArtifactScraper|Parsing artifact substat: atk+5.8%
2026-09-29 07:57:13.247|DEBUG|ArtifactScraper|Parsing artifact substat: critdmg+6.2%
2026-09-29 07:57:13.247|DEBUG|ArtifactScraper|Parsing artifact substat: atk+19
2026-09-29 07:57:13.247|DEBUG|ArtifactScraper|Parsing artifact substat: elementalmastery+23
2026-09-29 07:57:13.532|DEBUG|ArtifactScraper|Parsing artifact substat: critrate+3.1%
2026-09-29 07:57:13.532|DEBUG|ArtifactScraper|Parsing artifact substat: hp+269
2026-09-29 07:57:13.532|DEBUG|ArtifactScraper|Parsing artifact substat: atk+4.1%
2026-09-29 07:57:13.532|DEBUG|ArtifactScraper|Parsing artifact substat: def+21(unactivated)
2026-09-29 07:57:13.633|DEBUG|ArtifactScraper|Parsing artifact substat: def+19
2026-09-29 07:57:13.633|DEBUG|ArtifactScraper|Parsing artifact substat: atk+4.7%
2026-09-29 07:57:13.633|DEBUG|ArtifactScraper|Parsing artifact substat: elementalmastery+21
2026-09-29 07:57:13.633|DEBUG|ArtifactScraper|Parsing artifact substat: hp+209(unactivated)
2026-09-29 07:57:13.911|DEBUG|ArtifactScraper|Parsing artifact substat: elementalmastery+19
2026-09-29 07:57:13.911|DEBUG|ArtifactScraper|Parsing artifact substat: atk+19
2026-09-29 07:57:13.911|DEBUG|ArtifactScraper|Parsing artifact substat: def+21
2026-09-29 07:57:13.911|DEBUG|ArtifactScraper|Parsing artifact substat: atk+5.3%(unactivated)
2026-09-29 07:57:14.047|DEBUG|ArtifactScraper|Parsing artifact substat: hp+299
2026-09-29 07:57:14.047|DEBUG|ArtifactScraper|Parsing artifact substat: elementalmastery+16
2026-09-29 07:57:14.047|DEBUG|ArtifactScraper|Parsing artifact substat: def+23
2026-09-29 07:57:14.047|DEBUG|ArtifactScraper|Parsing artifact substat: atk+4.1%(unactivated)
2026-09-29 07:57:14.237|DEBUG|ArtifactScraper|Parsing artifact substat: energyrecharge+5.8%
2026-09-29 07:57:14.237|DEBUG|ArtifactScraper|Parsing artifact substat: hp+209
2026-09-29 07:57:14.237|DEBUG|ArtifactScraper|Parsing artifact substat: atk+4.7%
2026-09-29 07:57:14.237|DEBUG|ArtifactScraper|Parsing artifact substat: def+6.6%(unactivated)
2026-09-29 07:57:14.358|DEBUG|ArtifactScraper|Parsing artifact substat: energyrecharge+4.5%
2026-09-29 07:57:14.358|DEBUG|ArtifactScraper|Parsing artifact substat: critrate+3.1%
2026-09-29 07:57:14.358|DEBUG|ArtifactScraper|Parsing artifact substat: atk+14
2026-09-29 07:57:14.358|DEBUG|ArtifactScraper|Parsing artifact substat: def+21(unactivated)
2026-09-29 07:57:14.639|DEBUG|ArtifactScraper|Parsing artifact substat: energyrecharge+6.5%
2026-09-29 07:57:14.639|DEBUG|ArtifactScraper|Parsing artifact substat: atk+18
2026-09-29 07:57:14.639|DEBUG|ArtifactScraper|Parsing artifact substat: hp+4.1%
2026-09-29 07:57:14.639|DEBUG|ArtifactScraper|Parsing artifact substat: elementalmastery+16
2026-09-29 07:57:14.693|DEBUG|ArtifactScraper|Parsing artifact substat: def+5.8%
2026-09-29 07:57:14.693|DEBUG|ArtifactScraper|Parsing artifact substat: def+21
2026-09-29 07:57:14.693|DEBUG|ArtifactScraper|Parsing artifact substat: atk+4.1%
2026-09-29 07:57:14.693|DEBUG|ArtifactScraper|Parsing artifact substat: elementalmastery+21
2026-09-29 07:57:15.035|DEBUG|ArtifactScraper|Parsing artifact substat: hp+269
2026-09-29 07:57:15.035|DEBUG|ArtifactScraper|Parsing artifact substat: atk+5.8%
2026-09-29 07:57:15.035|DEBUG|ArtifactScraper|Parsing artifact substat: def+7.3%
2026-09-29 07:57:15.035|DEBUG|ArtifactScraper|Parsing artifact substat: def+19(unactivated)
2026-09-29 07:57:15.035|DEBUG|ArtifactScraper|Parsing artifact substat: hp+239
2026-09-29 07:57:15.035|DEBUG|ArtifactScraper|Parsing artifact substat: hp+5.8%
2026-09-29 07:57:15.035|DEBUG|ArtifactScraper|Parsing artifact substat: def+19
2026-09-29 07:57:15.035|DEBUG|ArtifactScraper|Parsing artifact substat: energyrecharge+5.8%
2026-09-29 07:57:15.409|DEBUG|ArtifactScraper|Parsing artifact substat: elementalmastery+19
2026-09-29 07:57:15.409|DEBUG|ArtifactScraper|Parsing artifact substat: energyrecharge+4.5%
2026-09-29 07:57:15.409|DEBUG|ArtifactScraper|Parsing artifact substat: def+23
2026-09-29 07:57:15.409|DEBUG|ArtifactScraper|Parsing artifact substat: critrate+3.1%(unactivated)
2026-09-29 07:57:15.440|DEBUG|ArtifactScraper|Parsing artifact substat: def+5.1%
2026-09-29 07:57:15.440|DEBUG|ArtifactScraper|Parsing artifact substat: hp+209
2026-09-29 07:57:15.440|DEBUG|ArtifactScraper|Parsing artifact substat: critdmg+6.2%
2026-09-29 07:57:15.440|DEBUG|ArtifactScraper|Parsing artifact substat: atk+18
2026-09-29 07:57:15.771|DEBUG|ArtifactScraper|Parsing artifact substat: critdmg+7.8%
2026-09-29 07:57:15.771|DEBUG|ArtifactScraper|Parsing artifact substat: atk+19
2026-09-29 07:57:15.771|DEBUG|ArtifactScraper|Parsing artifact substat: atk+4.1%
2026-09-29 07:57:15.771|DEBUG|ArtifactScraper|Parsing artifact substat: hp+5.3%(unactivated)
2026-09-29 07:57:15.867|DEBUG|ArtifactScraper|Parsing artifact substat: def+5.8%
2026-09-29 07:57:15.867|DEBUG|ArtifactScraper|Parsing artifact substat: hp+4.7%
2026-09-29 07:57:15.867|DEBUG|ArtifactScraper|Parsing artifact substat: atk+18
2026-09-29 07:57:15.867|DEBUG|ArtifactScraper|Parsing artifact substat: hp+239(unactivated)
2026-09-29 07:57:15.923|DEBUG|ArtifactScraper|Parsing artifact substat: def+19
2026-09-29 07:57:15.923|DEBUG|ArtifactScraper|Parsing artifact substat: elementalmastery+21
2026-09-29 07:57:15.923|DEBUG|ArtifactScraper|Parsing artifact substat: hp+5.8%
2026-09-29 07:57:15.923|DEBUG|ArtifactScraper|Parsing artifact substat: critdmg+5.4%(unactivated)
2026-09-29 07:57:16.236|DEBUG|ArtifactScraper|Parsing artifact substat: atk+19
2026-09-29 07:57:16.236|DEBUG|ArtifactScraper|Parsing artifact substat: critdmg+5.4%
2026-09-29 07:57:16.236|DEBUG|ArtifactScraper|Parsing artifact substat: critrate+3.1%
2026-09-29 07:57:16.236|DEBUG|ArtifactScraper|Parsing artifact substat: elementalmastery+21
2026-09-29 07:57:16.311|DEBUG|ArtifactScraper|Parsing artifact substat: elementalmastery+23
2026-09-29 07:57:16.311|DEBUG|ArtifactScraper|Parsing artifact substat: def+16
2026-09-29 07:57:16.311|DEBUG|ArtifactScraper|Parsing artifact substat: hp+5.8%
2026-09-29 07:57:16.311|DEBUG|ArtifactScraper|Parsing artifact substat: def+6.6%
2026-09-29 07:57:16.668|DEBUG|ArtifactScraper|Parsing artifact substat: atk+18
2026-09-29 07:57:16.668|DEBUG|ArtifactScraper|Parsing artifact substat: def+21
2026-09-29 07:57:16.668|DEBUG|ArtifactScraper|Parsing artifact substat: def+7.3%
2026-09-29 07:57:16.668|DEBUG|ArtifactScraper|Parsing artifact substat: hp+5.3%(unactivated)
2026-09-29 07:57:16.795|DEBUG|ArtifactScraper|Parsing artifact substat: energyrecharge+5.2%
2026-09-29 07:57:16.795|DEBUG|ArtifactScraper|Parsing artifact substat: def+21
2026-09-29 07:57:16.795|DEBUG|ArtifactScraper|Parsing artifact substat: critdmg+7.0%
2026-09-29 07:57:16.795|DEBUG|ArtifactScraper|Parsing artifact substat: def+6.6%(unactivated)
2026-09-29 07:57:16.866|DEBUG|ArtifactScraper|Parsing artifact substat: hp+4.1%
2026-09-29 07:57:16.866|DEBUG|ArtifactScraper|Parsing artifact substat: critrate+2.7%
2026-09-29 07:57:16.866|DEBUG|ArtifactScraper|Parsing artifact substat: critdmg+6.2%
2026-09-29 07:57:16.866|DEBUG|ArtifactScraper|Parsing artifact substat: energyrecharge+4.5%
2026-09-29 07:57:17.256|DEBUG|ArtifactScraper|Parsing artifact substat: critdmg+6.2%
2026-09-29 07:57:17.256|DEBUG|ArtifactScraper|Parsing artifact substat: elementalmastery+21
2026-09-29 07:57:17.256|DEBUG|ArtifactScraper|Parsing artifact substat: def+23
2026-09-29 07:57:17.256|DEBUG|ArtifactScraper|Parsing artifact substat: critrate+2.7%(unactivated)
2026-09-29 07:57:17.362|DEBUG|ArtifactScraper|Parsing artifact substat: energyrecharge+4.5%
2026-09-29 07:57:17.362|DEBUG|ArtifactScraper|Parsing artifact substat: hp+4.1%
2026-09-29 07:57:17.362|DEBUG|ArtifactScraper|Parsing artifact substat: def+6.6%
2026-09-29 07:57:17.362|DEBUG|ArtifactScraper|Parsing artifact substat: def+19(unactivated)
2026-09-29 07:57:17.412|DEBUG|ArtifactScraper|Parsing artifact substat: energyrecharge+5.8%
2026-09-29 07:57:17.412|DEBUG|ArtifactScraper|Parsing artifact substat: hp+5.3%
2026-09-29 07:57:17.412|DEBUG|ArtifactScraper|Parsing artifact substat: def+6.6%
2026-09-29 07:57:17.412|DEBUG|ArtifactScraper|Parsing artifact substat: def+23(unactivated)
2026-09-29 07:57:17.628|DEBUG|ArtifactScraper|Finished queuing page of artifacts. Scrolling...
2026-09-29 07:57:17.786|DEBUG|ArtifactScraper|Parsing artifact substat: hp+269
2026-09-29 07:57:17.786|DEBUG|ArtifactScraper|Parsing artifact substat: def+6.6%
2026-09-29 07:57:17.786|DEBUG|ArtifactScraper|Parsing artifact substat: hp+5.8%
2026-09-29 07:57:17.786|DEBUG|ArtifactScraper|Parsing artifact substat: def+19(unactivated)
2026-09-29 07:57:17.898|DEBUG|ArtifactScraper|Parsing artifact substat: critdmg+7.0%
2026-09-29 07:57:17.898|DEBUG|ArtifactScraper|Parsing artifact substat: def+23
2026-09-29 07:57:17.898|DEBUG|ArtifactScraper|Parsing artifact substat: energyrecharge+5.2%
2026-09-29 07:57:17.898|DEBUG|ArtifactScraper|Parsing artifact substat: def+6.6%(unactivated)
2026-09-29 07:57:17.949|DEBUG|ArtifactScraper|Parsing artifact substat: def+5.1%
2026-09-29 07:57:17.949|DEBUG|ArtifactScraper|Parsing artifact substat: hp+5.8%
2026-09-29 07:57:17.949|DEBUG|ArtifactScraper|Parsing artifact substat: critrate+2.7%
2026-09-29 07:57:17.949|DEBUG|ArtifactScraper|Parsing artifact substat: hp+299(unactivated)
2026-09-29 07:57:18.218|DEBUG|ArtifactScraper|Parsing artifact substat: elementalmastery+19
2026-09-29 07:57:18.218|DEBUG|ArtifactScraper|Parsing artifact substat: hp+269
2026-09-29 07:57:18.218|DEBUG|ArtifactScraper|Parsing artifact substat: def+23
2026-09-29 07:57:18.218|DEBUG|ArtifactScraper|Parsing artifact substat: atk+19(unactivated)
2026-09-29 07:57:20.157|DEBUG|ArtifactScraper|Scanning artifact page 11
2026-09-29 07:57:20.157|DEBUG|ArtifactScraper|Located 32 possible item locations on page.
2026-09-29 07:57:20.588|DEBUG|ArtifactScraper|Parsing artifact substat: critdmg+7.0%
2026-09-29 07:57:20.588|DEBUG|ArtifactScraper|Parsing artifact substat: hp+209
2026-09-29 07:57:20.588|DEBUG|ArtifactScraper|Parsing artifact substat: def+21
2026-09-29 07:57:20.588|DEBUG|ArtifactScraper|Parsing artifact substat: atk+19(unactivated)
2026-09-29 07:57:20.854|DEBUG|ArtifactScraper|Parsing artifact substat: hp+5.8%
2026-09-29 07:57:20.854|DEBUG|ArtifactScraper|Parsing artifact substat: hp+239
2026-09-29 07:57:20.854|DEBUG|ArtifactScraper|Parsing artifact substat: elementalmastery+16
2026-09-29 07:57:20.854|DEBUG|ArtifactScraper|Parsing artifact substat: atk+16(unactivated)
2026-09-29 07:57:21.166|DEBUG|ArtifactScraper|Parsing artifact substat: hp+209
2026-09-29 07:57:21.166|DEBUG|ArtifactScraper|Parsing artifact substat: atk+14
2026-09-29 07:57:21.166|DEBUG|ArtifactScraper|Parsing artifact substat: critdmg+6.2%
2026-09-29 07:57:21.166|DEBUG|ArtifactScraper|Parsing artifact substat: def+23(unactivated)
2026-09-29 07:57:21.213|DEBUG|ArtifactScraper|Parsing artifact substat: elementalmastery+21
2026-09-29 07:57:21.213|DEBUG|ArtifactScraper|Parsing artifact substat: hp+209
2026-09-29 07:57:21.213|DEBUG|ArtifactScraper|Parsing artifact substat: hp+5.8%
2026-09-29 07:57:21.213|DEBUG|ArtifactScraper|Parsing artifact substat: atk+19
2026-09-29 07:57:21.543|DEBUG|ArtifactScraper|Parsing artifact substat: elementalmastery+23
2026-09-29 07:57:21.543|DEBUG|ArtifactScraper|Parsing artifact substat: def+7.3%
2026-09-29 07:57:21.543|DEBUG|ArtifactScraper|Parsing artifact substat: atk+4.7%
2026-09-29 07:57:21.543|DEBUG|ArtifactScraper|Parsing artifact substat: hp+209(unactivated)
2026-09-29 07:57:21.588|DEBUG|ArtifactScraper|Parsing artifact substat: hp+239
2026-09-29 07:57:21.588|DEBUG|ArtifactScraper|Parsing artifact substat: elementalmastery+21
2026-09-29 07:57:21.588|DEBUG|ArtifactScraper|Parsing artifact substat: critdmg+5.4%
2026-09-29 07:57:21.588|DEBUG|ArtifactScraper|Parsing artifact substat: hp+4.7%(unactivated)
2026-09-29 07:57:21.888|DEBUG|ArtifactScraper|Parsing artifact substat: def+21
2026-09-29 07:57:21.888|DEBUG|ArtifactScraper|Parsing artifact substat: atk+4.1%
2026-09-29 07:57:21.888|DEBUG|ArtifactScraper|Parsing artifact substat: energyrecharge+5.2%
2026-09-29 07:57:21.888|DEBUG|ArtifactScraper|Parsing artifact substat: hp+5.3%(unactivated)
2026-09-29 07:57:21.954|DEBUG|ArtifactScraper|Parsing artifact substat: def+16
2026-09-29 07:57:21.954|DEBUG|ArtifactScraper|Parsing artifact substat: atk+4.7%
2026-09-29 07:57:21.954|DEBUG|ArtifactScraper|Parsing artifact substat: hp+299
2026-09-29 07:57:21.954|DEBUG|ArtifactScraper|Parsing artifact substat: hp+4.7%(unactivated)
2026-09-29 07:57:22.321|DEBUG|ArtifactScraper|Parsing artifact substat: def+21
2026-09-29 07:57:22.321|DEBUG|ArtifactScraper|Parsing artifact substat: atk+16
2026-09-29 07:57:22.321|DEBUG|ArtifactScraper|Parsing artifact substat: atk+5.8%
2026-09-29 07:57:22.321|DEBUG|ArtifactScraper|Parsing artifact substat: critrate+2.7%(unactivated)
2026-09-29 07:57:22.384|DEBUG|ArtifactScraper|Parsing artifact substat: hp+269
2026-09-29 07:57:22.384|DEBUG|ArtifactScraper|Parsing artifact substat: elementalmastery+16
2026-09-29 07:57:22.384|DEBUG|ArtifactScraper|Parsing artifact substat: critrate+2.7%
2026-09-29 07:57:22.384|DEBUG|ArtifactScraper|Parsing artifact substat: critdmg+5.4%(unactivated)
2026-09-29 07:57:22.422|DEBUG|ArtifactScraper|Parsing artifact substat: atk+14
2026-09-29 07:57:22.422|DEBUG|ArtifactScraper|Parsing artifact substat: energyrecharge+5.2%
2026-09-29 07:57:22.422|DEBUG|ArtifactScraper|Parsing artifact substat: def+5.8%
2026-09-29 07:57:22.422|DEBUG|ArtifactScraper|Parsing artifact substat: elementalmastery+21
2026-09-29 07:57:22.719|DEBUG|ArtifactScraper|Parsing artifact substat: def+16
2026-09-29 07:57:22.719|DEBUG|ArtifactScraper|Parsing artifact substat: hp+209
2026-09-29 07:57:22.719|DEBUG|ArtifactScraper|Parsing artifact substat: elementalmastery+21
2026-09-29 07:57:22.719|DEBUG|ArtifactScraper|Parsing artifact substat: atk+5.8%
2026-09-29 07:57:22.790|DEBUG|ArtifactScraper|Parsing artifact substat: def+7.3%
2026-09-29 07:57:22.790|DEBUG|ArtifactScraper|Parsing artifact substat: critrate+3.1%
2026-09-29 07:57:22.790|DEBUG|ArtifactScraper|Parsing artifact substat: hp+4.1%
2026-09-29 07:57:22.790|DEBUG|ArtifactScraper|Parsing artifact substat: energyrecharge+5.8%
2026-09-29 07:57:23.175|DEBUG|ArtifactScraper|Parsing artifact substat: critrate+3.1%
2026-09-29 07:57:23.175|DEBUG|ArtifactScraper|Parsing artifact substat: def+21
2026-09-29 07:57:23.175|DEBUG|ArtifactScraper|Parsing artifact substat: critdmg+6.2%
2026-09-29 07:57:23.175|DEBUG|ArtifactScraper|Parsing artifact substat: atk+18(unactivated)
2026-09-29 07:57:23.215|DEBUG|ArtifactScraper|Parsing artifact substat: elementalmastery+19
2026-09-29 07:57:23.215|DEBUG|ArtifactScraper|Parsing artifact substat: hp+4.1%
2026-09-29 07:57:23.215|DEBUG|ArtifactScraper|Parsing artifact substat: def+21
2026-09-29 07:57:23.215|DEBUG|ArtifactScraper|Parsing artifact substat: energyrecharge+4.5%
2026-09-29 07:57:23.623|DEBUG|ArtifactScraper|Parsing artifact substat: atk+4.7%
2026-09-29 07:57:23.623|DEBUG|ArtifactScraper|Parsing artifact substat: hp+4.1%
2026-09-29 07:57:23.623|DEBUG|ArtifactScraper|Parsing artifact substat: elementalmastery+19
2026-09-29 07:57:23.623|DEBUG|ArtifactScraper|Parsing artifact substat: critrate+3.5%(unactivated)
2026-09-29 07:57:23.631|DEBUG|ArtifactScraper|Parsing artifact substat: atk+18
2026-09-29 07:57:23.631|DEBUG|ArtifactScraper|Parsing artifact substat: def+7.3%
2026-09-29 07:57:23.631|DEBUG|ArtifactScraper|Parsing artifact substat: atk+5.8%
2026-09-29 07:57:23.631|DEBUG|ArtifactScraper|Parsing artifact substat: energyrecharge+4.5%
2026-09-29 07:57:23.656|DEBUG|ArtifactScraper|Parsing artifact substat: atk+18
2026-09-29 07:57:23.656|DEBUG|ArtifactScraper|Parsing artifact substat: def+7.3%
2026-09-29 07:57:23.656|DEBUG|ArtifactScraper|Parsing artifact substat: atk+5.8%
2026-09-29 07:57:23.656|DEBUG|ArtifactScraper|Parsing artifact substat: energyrecharge+4.5%
2026-09-29 07:57:24.070|DEBUG|ArtifactScraper|Parsing artifact substat: energyrecharge+4.5%
2026-09-29 07:57:24.070|DEBUG|ArtifactScraper|Parsing artifact substat: atk+5.3%
2026-09-29 07:57:24.070|DEBUG|ArtifactScraper|Parsing artifact substat: hp+4.7%
2026-09-29 07:57:24.070|DEBUG|ArtifactScraper|Parsing artifact substat: critdmg+5.4%(unactivated)
2026-09-29 07:57:24.089|DEBUG|ArtifactScraper|Parsing artifact substat: elementalmastery+23
2026-09-29 07:57:24.089|DEBUG|ArtifactScraper|Parsing artifact substat: energyrecharge+4.5%
2026-09-29 07:57:24.089|DEBUG|ArtifactScraper|Parsing artifact substat: hp+5.3%
2026-09-29 07:57:24.089|DEBUG|ArtifactScraper|Parsing artifact substat: critrate+2.7%(unactivated)
2026-09-29 07:57:24.351|DEBUG|ArtifactScraper|Parsing artifact substat: atk+4.7%
2026-09-29 07:57:24.351|DEBUG|ArtifactScraper|Parsing artifact substat: def+7.3%
2026-09-29 07:57:24.351|DEBUG|ArtifactScraper|Parsing artifact substat: def+23
2026-09-29 07:57:24.351|DEBUG|ArtifactScraper|Parsing artifact substat: critrate+3.5%(unactivated)
2026-09-29 07:57:24.530|DEBUG|ArtifactScraper|Parsing artifact substat: def+5.8%
2026-09-29 07:57:24.530|DEBUG|ArtifactScraper|Parsing artifact substat: hp+269
2026-09-29 07:57:24.530|DEBUG|ArtifactScraper|Parsing artifact substat: def+16
2026-09-29 07:57:24.530|DEBUG|ArtifactScraper|Parsing artifact substat: hp+4.7%(unactivated)
2026-09-29 07:57:24.566|DEBUG|ArtifactScraper|Parsing artifact substat: atk+4.1%
2026-09-29 07:57:24.566|DEBUG|ArtifactScraper|Parsing artifact substat: def+23
2026-09-29 07:57:24.566|DEBUG|ArtifactScraper|Parsing artifact substat: energyrecharge+6.5%
2026-09-29 07:57:24.566|DEBUG|ArtifactScraper|Parsing artifact substat: hp+269(unactivated)
2026-09-29 07:57:24.766|DEBUG|ArtifactScraper|Parsing artifact substat: hp+239
2026-09-29 07:57:24.766|DEBUG|ArtifactScraper|Parsing artifact substat: def+21
2026-09-29 07:57:24.766|DEBUG|ArtifactScraper|Parsing artifact substat: critrate+2.7%
2026-09-29 07:57:24.766|DEBUG|ArtifactScraper|Parsing artifact substat: critdmg+5.4%
2026-09-29 07:57:24.926|DEBUG|ArtifactScraper|Parsing artifact substat: atk+18
2026-09-29 07:57:24.926|DEBUG|ArtifactScraper|Parsing artifact substat: atk+5.8%
2026-09-29 07:57:24.926|DEBUG|ArtifactScraper|Parsing artifact substat: def+7.3%
2026-09-29 07:57:24.926|DEBUG|ArtifactScraper|Parsing artifact substat: elementalmastery+16
2026-09-29 07:57:25.257|DEBUG|ArtifactScraper|Parsing artifact substat: critdmg+6.2%
2026-09-29 07:57:25.257|DEBUG|ArtifactScraper|Parsing artifact substat: elementalmastery+19
2026-09-29 07:57:25.257|DEBUG|ArtifactScraper|Parsing artifact substat: hp+269
2026-09-29 07:57:25.257|DEBUG|ArtifactScraper|Parsing artifact substat: critrate+3.1%(unactivated)
2026-09-29 07:57:25.257|DEBUG|ArtifactScraper|Parsing artifact substat: energyrecharge+6.5%
2026-09-29 07:57:25.257|DEBUG|ArtifactScraper|Parsing artifact substat: hp+5.3%
2026-09-29 07:57:25.257|DEBUG|ArtifactScraper|Parsing artifact substat: atk+19
2026-09-29 07:57:25.257|DEBUG|ArtifactScraper|Parsing artifact substat: def+16
2026-09-29 07:57:25.383|DEBUG|ArtifactScraper|Parsing artifact substat: hp+209
2026-09-29 07:57:25.383|DEBUG|ArtifactScraper|Parsing artifact substat: energyrecharge+5.2%
2026-09-29 07:57:25.383|DEBUG|ArtifactScraper|Parsing artifact substat: def+7.3%
2026-09-29 07:57:25.383|DEBUG|ArtifactScraper|Parsing artifact substat: hp+4.7%(unactivated)
2026-09-29 07:57:25.660|DEBUG|ArtifactScraper|Parsing artifact substat: critrate+3.5%
2026-09-29 07:57:25.660|DEBUG|ArtifactScraper|Parsing artifact substat: hp+209
2026-09-29 07:57:25.660|DEBUG|ArtifactScraper|Parsing artifact substat: hp+4.7%
2026-09-29 07:57:25.660|DEBUG|ArtifactScraper|Parsing artifact substat: elementalmastery+23
2026-09-29 07:57:25.660|DEBUG|ArtifactScraper|Finished queuing page of artifacts. Scrolling...
2026-09-29 07:57:25.815|DEBUG|ArtifactScraper|Parsing artifact substat: energyrecharge+6.5%
2026-09-29 07:57:25.815|DEBUG|ArtifactScraper|Parsing artifact substat: critrate+3.5%
2026-09-29 07:57:25.815|DEBUG|ArtifactScraper|Parsing artifact substat: def+23
2026-09-29 07:57:25.815|DEBUG|ArtifactScraper|Parsing artifact substat: elementalmastery+16
2026-09-29 07:57:25.955|DEBUG|ArtifactScraper|Parsing artifact substat: hp+239
2026-09-29 07:57:25.955|DEBUG|ArtifactScraper|Parsing artifact substat: def+21
2026-09-29 07:57:25.955|DEBUG|ArtifactScraper|Parsing artifact substat: critdmg+7.0%
2026-09-29 07:57:25.955|DEBUG|ArtifactScraper|Parsing artifact substat: def+5.1%(unactivated)
2026-09-29 07:57:26.054|DEBUG|ArtifactScraper|Parsing artifact substat: def+21
2026-09-29 07:57:26.054|DEBUG|ArtifactScraper|Parsing artifact substat: hp+269
2026-09-29 07:57:26.054|DEBUG|ArtifactScraper|Parsing artifact substat: hp+4.7%
2026-09-29 07:57:26.054|DEBUG|ArtifactScraper|Parsing artifact substat: def+5.1%(unactivated)
2026-09-29 07:57:27.756|DEBUG|ArtifactScraper|Scanning artifact page 12
2026-09-29 07:57:27.756|DEBUG|ArtifactScraper|Located 32 possible item locations on page.
2026-09-29 07:57:28.110|DEBUG|ArtifactScraper|Parsing artifact substat: hp+269
2026-09-29 07:57:28.110|DEBUG|ArtifactScraper|Parsing artifact substat: def+23
2026-09-29 07:57:28.110|DEBUG|ArtifactScraper|Parsing artifact substat: atk+4.1%
2026-09-29 07:57:28.110|DEBUG|ArtifactScraper|Parsing artifact substat: hp+4.1%(unactivated)
2026-09-29 07:57:28.300|DEBUG|ArtifactScraper|Parsing artifact substat: def+23
2026-09-29 07:57:28.300|DEBUG|ArtifactScraper|Parsing artifact substat: energyrecharge+5.2%
2026-09-29 07:57:28.300|DEBUG|ArtifactScraper|Parsing artifact substat: atk+18
2026-09-29 07:57:28.300|DEBUG|ArtifactScraper|Parsing artifact substat: hp+209(unactivated)
2026-09-29 07:57:28.604|DEBUG|ArtifactScraper|Parsing artifact substat: atk+16
2026-09-29 07:57:28.604|DEBUG|ArtifactScraper|Parsing artifact substat: critrate+2.7%
2026-09-29 07:57:28.604|DEBUG|ArtifactScraper|Parsing artifact substat: def+6.6%
2026-09-29 07:57:28.604|DEBUG|ArtifactScraper|Parsing artifact substat: hp+299(unactivated)
2026-09-29 07:57:28.692|DEBUG|ArtifactScraper|Parsing artifact substat: elementalmastery+16
2026-09-29 07:57:28.692|DEBUG|ArtifactScraper|Parsing artifact substat: atk+18
2026-09-29 07:57:28.692|DEBUG|ArtifactScraper|Parsing artifact substat: def+23
2026-09-29 07:57:28.692|DEBUG|ArtifactScraper|Parsing artifact substat: critdmg+7.0%(unactivated)
2026-09-29 07:57:28.939|DEBUG|ArtifactScraper|Parsing artifact substat: atk+18
2026-09-29 07:57:28.939|DEBUG|ArtifactScraper|Parsing artifact substat: def+16
2026-09-29 07:57:28.939|DEBUG|ArtifactScraper|Parsing artifact substat: hp+299
2026-09-29 07:57:28.939|DEBUG|ArtifactScraper|Parsing artifact substat: critdmg+7.0%(unactivated)
2026-09-29 07:57:29.017|DEBUG|ArtifactScraper|Parsing artifact substat: critdmg+7.8%
2026-09-29 07:57:29.017|DEBUG|ArtifactScraper|Parsing artifact substat: hp+4.1%
2026-09-29 07:57:29.017|DEBUG|ArtifactScraper|Parsing artifact substat: def+5.1%
2026-09-29 07:57:29.017|DEBUG|ArtifactScraper|Parsing artifact substat: critrate+3.5%
2026-09-29 07:57:29.279|DEBUG|ArtifactScraper|Parsing artifact substat: hp+5.3%
2026-09-29 07:57:29.279|DEBUG|ArtifactScraper|Parsing artifact substat: atk+4.7%
2026-09-29 07:57:29.279|DEBUG|ArtifactScraper|Parsing artifact substat: atk+18
2026-09-29 07:57:29.279|DEBUG|ArtifactScraper|Parsing artifact substat: hp+239(unactivated)
2026-09-29 07:57:29.355|DEBUG|ArtifactScraper|Parsing artifact substat: hp+299
2026-09-29 07:57:29.355|DEBUG|ArtifactScraper|Parsing artifact substat: atk+19
2026-09-29 07:57:29.355|DEBUG|ArtifactScraper|Parsing artifact substat: elementalmastery+16
2026-09-29 07:57:29.355|DEBUG|ArtifactScraper|Parsing artifact substat: def+23
2026-09-29 07:57:29.561|DEBUG|ArtifactScraper|Parsing artifact substat: hp+5.3%
2026-09-29 07:57:29.561|DEBUG|ArtifactScraper|Parsing artifact substat: atk+16
2026-09-29 07:57:29.561|DEBUG|ArtifactScraper|Parsing artifact substat: def+6.6%
2026-09-29 07:57:29.561|DEBUG|ArtifactScraper|Parsing artifact substat: energyrecharge+4.5%
2026-09-29 07:57:29.729|DEBUG|ArtifactScraper|Parsing artifact substat: critrate+3.5%
2026-09-29 07:57:29.729|DEBUG|ArtifactScraper|Parsing artifact substat: def+23
2026-09-29 07:57:29.729|DEBUG|ArtifactScraper|Parsing artifact substat: elementalmastery+16
2026-09-29 07:57:29.729|DEBUG|ArtifactScraper|Parsing artifact substat: def+5.8%(unactivated)
2026-09-29 07:57:29.854|DEBUG|ArtifactScraper|Parsing artifact substat: def+23
2026-09-29 07:57:29.854|DEBUG|ArtifactScraper|Parsing artifact substat: critrate+2.7%
2026-09-29 07:57:29.854|DEBUG|ArtifactScraper|Parsing artifact substat: hp+209
2026-09-29 07:57:29.854|DEBUG|ArtifactScraper|Parsing artifact substat: elementalmastery+19
2026-09-29 07:57:30.074|DEBUG|ArtifactScraper|Parsing artifact substat: energyrecharge+6.5%
2026-09-29 07:57:30.074|DEBUG|ArtifactScraper|Parsing artifact substat: def+19
2026-09-29 07:57:30.074|DEBUG|ArtifactScraper|Parsing artifact substat: elementalmastery+16
2026-09-29 07:57:30.074|DEBUG|ArtifactScraper|Parsing artifact substat: atk+5.3%(unactivated)
2026-09-29 07:57:30.402|DEBUG|ArtifactScraper|Parsing artifact substat: def+16
2026-09-29 07:57:30.402|DEBUG|ArtifactScraper|Parsing artifact substat: def+5.1%
2026-09-29 07:57:30.402|DEBUG|ArtifactScraper|Parsing artifact substat: energyrecharge+4.5%
2026-09-29 07:57:30.402|DEBUG|ArtifactScraper|Parsing artifact substat: elementalmastery+23
2026-09-29 07:57:30.439|DEBUG|ArtifactScraper|Parsing artifact substat: energyrecharge+5.8%
2026-09-29 07:57:30.439|DEBUG|ArtifactScraper|Parsing artifact substat: hp+5.3%
2026-09-29 07:57:30.439|DEBUG|ArtifactScraper|Parsing artifact substat: atk+14
2026-09-29 07:57:30.439|DEBUG|ArtifactScraper|Parsing artifact substat: hp+299(unactivated)
2026-09-29 07:57:30.718|DEBUG|ArtifactScraper|Parsing artifact substat: def+16
2026-09-29 07:57:30.718|DEBUG|ArtifactScraper|Parsing artifact substat: atk+19
2026-09-29 07:57:30.718|DEBUG|ArtifactScraper|Parsing artifact substat: critrate+3.5%
2026-09-29 07:57:30.718|DEBUG|ArtifactScraper|Parsing artifact substat: atk+5.8%(unactivated)
2026-09-29 07:57:30.729|DEBUG|ArtifactScraper|Parsing artifact substat: def+19
2026-09-29 07:57:30.729|DEBUG|ArtifactScraper|Parsing artifact substat: atk+16
2026-09-29 07:57:30.729|DEBUG|ArtifactScraper|Parsing artifact substat: critdmg+7.0%
2026-09-29 07:57:30.729|DEBUG|ArtifactScraper|Parsing artifact substat: elementalmastery+23
2026-09-29 07:57:31.004|DEBUG|ArtifactScraper|Parsing artifact substat: def+5.1%
2026-09-29 07:57:31.004|DEBUG|ArtifactScraper|Parsing artifact substat: def+23
2026-09-29 07:57:31.004|DEBUG|ArtifactScraper|Parsing artifact substat: atk+18
2026-09-29 07:57:31.004|DEBUG|ArtifactScraper|Parsing artifact substat: hp+4.7%
2026-09-29 07:57:31.078|DEBUG|ArtifactScraper|Parsing artifact substat: hp+5.3%
2026-09-29 07:57:31.078|DEBUG|ArtifactScraper|Parsing artifact substat: def+23
2026-09-29 07:57:31.078|DEBUG|ArtifactScraper|Parsing artifact substat: elementalmastery+16
2026-09-29 07:57:31.078|DEBUG|ArtifactScraper|Parsing artifact substat: energyrecharge+6.5%
2026-09-29 07:57:31.344|DEBUG|ArtifactScraper|Parsing artifact substat: critdmg+7.0%
2026-09-29 07:57:31.344|DEBUG|ArtifactScraper|Parsing artifact substat: energyrecharge+4.5%
2026-09-29 07:57:31.344|DEBUG|ArtifactScraper|Parsing artifact substat: atk+18
2026-09-29 07:57:31.344|DEBUG|ArtifactScraper|Parsing artifact substat: hp+4.7%
2026-09-29 07:57:31.463|DEBUG|ArtifactScraper|Parsing artifact substat: energyrecharge+5.8%
2026-09-29 07:57:31.463|DEBUG|ArtifactScraper|Parsing artifact substat: def+16
2026-09-29 07:57:31.463|DEBUG|ArtifactScraper|Parsing artifact substat: hp+5.3%
2026-09-29 07:57:31.463|DEBUG|ArtifactScraper|Parsing artifact substat: atk+5.8%(unactivated)
2026-09-29 07:57:31.614|DEBUG|ArtifactScraper|Parsing artifact substat: atk+16
2026-09-29 07:57:31.614|DEBUG|ArtifactScraper|Parsing artifact substat: critdmg+5.4%
2026-09-29 07:57:31.614|DEBUG|ArtifactScraper|Parsing artifact substat: def+6.6%
2026-09-29 07:57:31.614|DEBUG|ArtifactScraper|Parsing artifact substat: hp+5.8%(unactivated)
2026-09-29 07:57:31.823|DEBUG|ArtifactScraper|Parsing artifact substat: energyrecharge+4.5%
2026-09-29 07:57:31.823|DEBUG|ArtifactScraper|Parsing artifact substat: def+5.8%
2026-09-29 07:57:31.823|DEBUG|ArtifactScraper|Parsing artifact substat: atk+19
2026-09-29 07:57:31.823|DEBUG|ArtifactScraper|Parsing artifact substat: hp+4.7%(unactivated)
2026-09-29 07:57:31.937|DEBUG|ArtifactScraper|Parsing artifact substat: hp+4.7%
2026-09-29 07:57:31.937|DEBUG|ArtifactScraper|Parsing artifact substat: energyrecharge+5.8%
2026-09-29 07:57:31.937|DEBUG|ArtifactScraper|Parsing artifact substat: atk+16
2026-09-29 07:57:31.937|DEBUG|ArtifactScraper|Parsing artifact substat: def+21(unactivated)
2026-09-29 07:57:32.166|DEBUG|ArtifactScraper|Parsing artifact substat: energyrecharge+5.8%
2026-09-29 07:57:32.166|DEBUG|ArtifactScraper|Parsing artifact substat: def+19
2026-09-29 07:57:32.166|DEBUG|ArtifactScraper|Parsing artifact substat: def+6.6%
2026-09-29 07:57:32.166|DEBUG|ArtifactScraper|Parsing artifact substat: atk+18(unactivated)
2026-09-29 07:57:32.303|DEBUG|ArtifactScraper|Parsing artifact substat: elementalmastery+23
2026-09-29 07:57:32.303|DEBUG|ArtifactScraper|Parsing artifact substat: def+5.1%
2026-09-29 07:57:32.303|DEBUG|ArtifactScraper|Parsing artifact substat: hp+269
2026-09-29 07:57:32.303|DEBUG|ArtifactScraper|Parsing artifact substat: energyrecharge+5.2%
2026-09-29 07:57:32.474|DEBUG|ArtifactScraper|Parsing artifact substat: def+6.6%
2026-09-29 07:57:32.474|DEBUG|ArtifactScraper|Parsing artifact substat: hp+209
2026-09-29 07:57:32.474|DEBUG|ArtifactScraper|Parsing artifact substat: energyrecharge+4.5%
2026-09-29 07:57:32.474|DEBUG|ArtifactScraper|Parsing artifact substat: def+16
2026-09-29 07:57:32.559|DEBUG|ArtifactScraper|Parsing artifact substat: def+19
2026-09-29 07:57:32.559|DEBUG|ArtifactScraper|Parsing artifact substat: def+6.6%
2026-09-29 07:57:32.559|DEBUG|ArtifactScraper|Parsing artifact substat: hp+239
2026-09-29 07:57:32.559|DEBUG|ArtifactScraper|Parsing artifact substat: atk+4.7%
2026-09-29 07:57:32.784|DEBUG|ArtifactScraper|Parsing artifact substat: critrate+3.5%
2026-09-29 07:57:32.784|DEBUG|ArtifactScraper|Parsing artifact substat: hp+299
2026-09-29 07:57:32.784|DEBUG|ArtifactScraper|Parsing artifact substat: def+6.6%
2026-09-29 07:57:32.784|DEBUG|ArtifactScraper|Parsing artifact substat: energyrecharge+5.2%
2026-09-29 07:57:33.089|DEBUG|ArtifactScraper|Parsing artifact substat: hp+4.7%
2026-09-29 07:57:33.089|DEBUG|ArtifactScraper|Parsing artifact substat: energyrecharge+6.5%
2026-09-29 07:57:33.089|DEBUG|ArtifactScraper|Parsing artifact substat: def+21
2026-09-29 07:57:33.089|DEBUG|ArtifactScraper|Parsing artifact substat: hp+299
2026-09-29 07:57:33.140|DEBUG|ArtifactScraper|Finished queuing page of artifacts. Scrolling...
2026-09-29 07:57:33.140|DEBUG|ArtifactScraper|Parsing artifact substat: atk+5.3%
2026-09-29 07:57:33.140|DEBUG|ArtifactScraper|Parsing artifact substat: def+6.6%
2026-09-29 07:57:33.140|DEBUG|ArtifactScraper|Parsing artifact substat: critrate+3.9%
2026-09-29 07:57:33.140|DEBUG|ArtifactScraper|Parsing artifact substat: elementalmastery+23
2026-09-29 07:57:33.426|DEBUG|ArtifactScraper|Parsing artifact substat: def+6.6%
2026-09-29 07:57:33.426|DEBUG|ArtifactScraper|Parsing artifact substat: atk+4.7%
2026-09-29 07:57:33.426|DEBUG|ArtifactScraper|Parsing artifact substat: hp+209
2026-09-29 07:57:33.426|DEBUG|ArtifactScraper|Parsing artifact substat: def+16(unactivated)
2026-09-29 07:57:33.472|DEBUG|ArtifactScraper|Parsing artifact substat: elementalmastery+23
2026-09-29 07:57:33.472|DEBUG|ArtifactScraper|Parsing artifact substat: def+21
2026-09-29 07:57:33.472|DEBUG|ArtifactScraper|Parsing artifact substat: energyrecharge+5.8%
2026-09-29 07:57:33.472|DEBUG|ArtifactScraper|Parsing artifact substat: critdmg+7.8%(unactivated)
2026-09-29 07:57:33.739|DEBUG|ArtifactScraper|Scrolled back one
2026-09-29 07:57:35.155|DEBUG|ArtifactScraper|Scanning artifact page 13
2026-09-29 07:57:35.155|DEBUG|ArtifactScraper|Located 32 possible item locations on page.
2026-09-29 07:57:35.549|DEBUG|ArtifactScraper|Parsing artifact substat: def+16
2026-09-29 07:57:35.549|DEBUG|ArtifactScraper|Parsing artifact substat: atk+5.3%
2026-09-29 07:57:35.549|DEBUG|ArtifactScraper|Parsing artifact substat: elementalmastery+19
2026-09-29 07:57:35.549|DEBUG|ArtifactScraper|Parsing artifact substat: energyrecharge+5.8%
2026-09-29 07:57:35.733|DEBUG|ArtifactScraper|Parsing artifact substat: hp+269
2026-09-29 07:57:35.733|DEBUG|ArtifactScraper|Parsing artifact substat: atk+5.8%
2026-09-29 07:57:35.733|DEBUG|ArtifactScraper|Parsing artifact substat: hp+5.3%
2026-09-29 07:57:35.733|DEBUG|ArtifactScraper|Parsing artifact substat: energyrecharge+5.2%
2026-09-29 07:57:36.046|DEBUG|ArtifactScraper|Parsing artifact substat: def+23
2026-09-29 07:57:36.046|DEBUG|ArtifactScraper|Parsing artifact substat: atk+5.8%
2026-09-29 07:57:36.046|DEBUG|ArtifactScraper|Parsing artifact substat: critrate+3.1%
2026-09-29 07:57:36.046|DEBUG|ArtifactScraper|Parsing artifact substat: hp+5.8%(unactivated)
2026-09-29 07:57:36.072|DEBUG|ArtifactScraper|Parsing artifact substat: def+16
2026-09-29 07:57:36.072|DEBUG|ArtifactScraper|Parsing artifact substat: hp+239
2026-09-29 07:57:36.072|DEBUG|ArtifactScraper|Parsing artifact substat: def+5.1%
2026-09-29 07:57:36.072|DEBUG|ArtifactScraper|Parsing artifact substat: critdmg+7.0%(unactivated)
2026-09-29 07:57:36.344|DEBUG|ArtifactScraper|Parsing artifact substat: critdmg+7.8%
2026-09-29 07:57:36.344|DEBUG|ArtifactScraper|Parsing artifact substat: def+5.1%
2026-09-29 07:57:36.344|DEBUG|ArtifactScraper|Parsing artifact substat: def+21
2026-09-29 07:57:36.344|DEBUG|ArtifactScraper|Parsing artifact substat: hp+299(unactivated)
2026-09-29 07:57:36.649|DEBUG|ArtifactScraper|Parsing artifact substat: def+19
2026-09-29 07:57:36.649|DEBUG|ArtifactScraper|Parsing artifact substat: atk+4.1%
2026-09-29 07:57:36.649|DEBUG|ArtifactScraper|Parsing artifact substat: hp+5.3%
2026-09-29 07:57:36.649|DEBUG|ArtifactScraper|Parsing artifact substat: energyrecharge+4.5%
2026-09-29 07:57:36.649|DEBUG|ArtifactScraper|Parsing artifact substat: hp+239
2026-09-29 07:57:36.649|DEBUG|ArtifactScraper|Parsing artifact substat: def+19
2026-09-29 07:57:36.649|DEBUG|ArtifactScraper|Parsing artifact substat: elementalmastery+21
2026-09-29 07:57:36.649|DEBUG|ArtifactScraper|Parsing artifact substat: energyrecharge+5.8%
2026-09-29 07:57:36.949|DEBUG|ArtifactScraper|Parsing artifact substat: def+6.6%
2026-09-29 07:57:36.949|DEBUG|ArtifactScraper|Parsing artifact substat: atk+5.3%
2026-09-29 07:57:36.949|DEBUG|ArtifactScraper|Parsing artifact substat: critrate+3.1%
2026-09-29 07:57:36.949|DEBUG|ArtifactScraper|Parsing artifact substat: energyrecharge+6.5%
2026-09-29 07:57:36.994|DEBUG|ArtifactScraper|Parsing artifact substat: def+5.8%
2026-09-29 07:57:36.994|DEBUG|ArtifactScraper|Parsing artifact substat: hp+209
2026-09-29 07:57:36.994|DEBUG|ArtifactScraper|Parsing artifact substat: def+23
2026-09-29 07:57:36.994|DEBUG|ArtifactScraper|Parsing artifact substat: elementalmastery+16
2026-09-29 07:57:37.264|DEBUG|ArtifactScraper|Parsing artifact substat: hp+239
2026-09-29 07:57:37.264|DEBUG|ArtifactScraper|Parsing artifact substat: critrate+2.7%
2026-09-29 07:57:37.264|DEBUG|ArtifactScraper|Parsing artifact substat: elementalmastery+19
2026-09-29 07:57:37.264|DEBUG|ArtifactScraper|Parsing artifact substat: hp+4.7%
2026-09-29 07:57:37.297|DEBUG|ArtifactScraper|Parsing artifact substat: critrate+3.5%
2026-09-29 07:57:37.297|DEBUG|ArtifactScraper|Parsing artifact substat: def+5.1%
2026-09-29 07:57:37.297|DEBUG|ArtifactScraper|Parsing artifact substat: critdmg+5.4%
2026-09-29 07:57:37.297|DEBUG|ArtifactScraper|Parsing artifact substat: energyrecharge+4.5%
2026-09-29 07:57:37.580|DEBUG|ArtifactScraper|Parsing artifact substat: def+21
2026-09-29 07:57:37.580|DEBUG|ArtifactScraper|Parsing artifact substat: def+7.3%
2026-09-29 07:57:37.581|DEBUG|ArtifactScraper|Parsing artifact substat: atk+19
2026-09-29 07:57:37.581|DEBUG|ArtifactScraper|Parsing artifact substat: atk+5.8%(unactivated)
2026-09-29 07:57:37.620|DEBUG|ArtifactScraper|Parsing artifact substat: atk+19
2026-09-29 07:57:37.620|DEBUG|ArtifactScraper|Parsing artifact substat: hp+4.1%
2026-09-29 07:57:37.620|DEBUG|ArtifactScraper|Parsing artifact substat: hp+209
2026-09-29 07:57:37.620|DEBUG|ArtifactScraper|Parsing artifact substat: def+6.6%(unactivated)
2026-09-29 07:57:37.848|DEBUG|ArtifactScraper|Parsing artifact substat: elementalmastery+16
2026-09-29 07:57:37.848|DEBUG|ArtifactScraper|Parsing artifact substat: def+19
2026-09-29 07:57:37.848|DEBUG|ArtifactScraper|Parsing artifact substat: atk+14
2026-09-29 07:57:37.848|DEBUG|ArtifactScraper|Parsing artifact substat: hp+269(unactivated)
2026-09-29 07:57:37.968|DEBUG|ArtifactScraper|Parsing artifact substat: energyrecharge+4.5%
2026-09-29 07:57:37.968|DEBUG|ArtifactScraper|Parsing artifact substat: critdmg+7.8%
2026-09-29 07:57:37.968|DEBUG|ArtifactScraper|Parsing artifact substat: def+7.3%
2026-09-29 07:57:37.968|DEBUG|ArtifactScraper|Parsing artifact substat: def+23(unactivated)
2026-09-29 07:57:38.145|DEBUG|ArtifactScraper|Parsing artifact substat: atk+16
2026-09-29 07:57:38.145|DEBUG|ArtifactScraper|Parsing artifact substat: hp+4.7%
2026-09-29 07:57:38.145|DEBUG|ArtifactScraper|Parsing artifact substat: atk+4.7%
2026-09-29 07:57:38.145|DEBUG|ArtifactScraper|Parsing artifact substat: critrate+3.5%
2026-09-29 07:57:38.327|DEBUG|ArtifactScraper|Parsing artifact substat: hp+239
2026-09-29 07:57:38.327|DEBUG|ArtifactScraper|Parsing artifact substat: elementalmastery+16
2026-09-29 07:57:38.327|DEBUG|ArtifactScraper|Parsing artifact substat: critrate+3.1%
2026-09-29 07:57:38.327|DEBUG|ArtifactScraper|Parsing artifact substat: hp+4.7%(unactivated)
2026-09-29 07:57:38.473|DEBUG|ArtifactScraper|Parsing artifact substat: critdmg+5.4%
2026-09-29 07:57:38.473|DEBUG|ArtifactScraper|Parsing artifact substat: atk+5.3%
2026-09-29 07:57:38.473|DEBUG|ArtifactScraper|Parsing artifact substat: hp+4.1%
2026-09-29 07:57:38.473|DEBUG|ArtifactScraper|Parsing artifact substat: elementalmastery+16
2026-09-29 07:57:38.627|DEBUG|ArtifactScraper|Parsing artifact substat: atk+16
2026-09-29 07:57:38.627|DEBUG|ArtifactScraper|Parsing artifact substat: hp+209
2026-09-29 07:57:38.627|DEBUG|ArtifactScraper|Parsing artifact substat: def+16
2026-09-29 07:57:38.627|DEBUG|ArtifactScraper|Parsing artifact substat: hp+5.3%(unactivated)
2026-09-29 07:57:38.810|DEBUG|ArtifactScraper|Parsing artifact substat: def+16
2026-09-29 07:57:38.810|DEBUG|ArtifactScraper|Parsing artifact substat: hp+209
2026-09-29 07:57:38.810|DEBUG|ArtifactScraper|Parsing artifact substat: elementalmastery+21
2026-09-29 07:57:38.810|DEBUG|ArtifactScraper|Parsing artifact substat: def+5.8%(unactivated)
2026-09-29 07:57:38.972|DEBUG|ArtifactScraper|Parsing artifact substat: energyrecharge+4.5%
2026-09-29 07:57:38.972|DEBUG|ArtifactScraper|Parsing artifact substat: elementalmastery+23
2026-09-29 07:57:38.972|DEBUG|ArtifactScraper|Parsing artifact substat: atk+4.7%
2026-09-29 07:57:38.972|DEBUG|ArtifactScraper|Parsing artifact substat: atk+18
2026-09-29 07:57:39.140|DEBUG|ArtifactScraper|Parsing artifact substat: atk+18
2026-09-29 07:57:39.140|DEBUG|ArtifactScraper|Parsing artifact substat: hp+239
2026-09-29 07:57:39.140|DEBUG|ArtifactScraper|Parsing artifact substat: def+19
2026-09-29 07:57:39.140|DEBUG|ArtifactScraper|Parsing artifact substat: energyrecharge+5.8%
2026-09-29 07:57:39.316|DEBUG|ArtifactScraper|Parsing artifact substat: elementalmastery+16
2026-09-29 07:57:39.316|DEBUG|ArtifactScraper|Parsing artifact substat: hp+4.1%
2026-09-29 07:57:39.316|DEBUG|ArtifactScraper|Parsing artifact substat: hp+269
2026-09-29 07:57:39.316|DEBUG|ArtifactScraper|Parsing artifact substat: critrate+2.7%
2026-09-29 07:57:39.490|DEBUG|ArtifactScraper|Parsing artifact substat: elementalmastery+19
2026-09-29 07:57:39.490|DEBUG|ArtifactScraper|Parsing artifact substat: critrate+3.9%
2026-09-29 07:57:39.490|DEBUG|ArtifactScraper|Parsing artifact substat: def+7.3%
2026-09-29 07:57:39.490|DEBUG|ArtifactScraper|Parsing artifact substat: atk+19
2026-09-29 07:57:39.660|DEBUG|ArtifactScraper|Parsing artifact substat: atk+16
2026-09-29 07:57:39.660|DEBUG|ArtifactScraper|Parsing artifact substat: elementalmastery+23
2026-09-29 07:57:39.660|DEBUG|ArtifactScraper|Parsing artifact substat: atk+4.1%
2026-09-29 07:57:39.660|DEBUG|ArtifactScraper|Parsing artifact substat: energyrecharge+5.8%
2026-09-29 07:57:39.817|DEBUG|ArtifactScraper|Parsing artifact substat: elementalmastery+16
2026-09-29 07:57:39.817|DEBUG|ArtifactScraper|Parsing artifact substat: hp+299
2026-09-29 07:57:39.817|DEBUG|ArtifactScraper|Parsing artifact substat: atk+18
2026-09-29 07:57:39.817|DEBUG|ArtifactScraper|Parsing artifact substat: hp+5.8%(unactivated)
2026-09-29 07:57:40.008|DEBUG|ArtifactScraper|Parsing artifact substat: def+7.3%
2026-09-29 07:57:40.008|DEBUG|ArtifactScraper|Parsing artifact substat: atk+18
2026-09-29 07:57:40.008|DEBUG|ArtifactScraper|Parsing artifact substat: elementalmastery+16
2026-09-29 07:57:40.008|DEBUG|ArtifactScraper|Parsing artifact substat: critrate+3.9%(unactivated)
2026-09-29 07:57:40.243|DEBUG|ArtifactScraper|Parsing artifact substat: def+16
2026-09-29 07:57:40.243|DEBUG|ArtifactScraper|Parsing artifact substat: hp+5.3%
2026-09-29 07:57:40.243|DEBUG|ArtifactScraper|Parsing artifact substat: atk+4.7%
2026-09-29 07:57:40.243|DEBUG|ArtifactScraper|Parsing artifact substat: critdmg+7.0%(unactivated)
2026-09-29 07:57:40.368|DEBUG|ArtifactScraper|Parsing artifact substat: energyrecharge+4.5%
2026-09-29 07:57:40.368|DEBUG|ArtifactScraper|Parsing artifact substat: def+7.3%
2026-09-29 07:57:40.368|DEBUG|ArtifactScraper|Parsing artifact substat: def+16
2026-09-29 07:57:40.368|DEBUG|ArtifactScraper|Parsing artifact substat: atk+14(unactivated)
2026-09-29 07:57:40.542|DEBUG|ArtifactScraper|Finished queuing page of artifacts. Scrolling...
2026-09-29 07:57:40.600|DEBUG|ArtifactScraper|Parsing artifact substat: def+5.8%
2026-09-29 07:57:40.600|DEBUG|ArtifactScraper|Parsing artifact substat: elementalmastery+19
2026-09-29 07:57:40.600|DEBUG|ArtifactScraper|Parsing artifact substat: def+21
2026-09-29 07:57:40.600|DEBUG|ArtifactScraper|Parsing artifact substat: atk+14(unactivated)
2026-09-29 07:57:40.705|DEBUG|ArtifactScraper|Parsing artifact substat: hp+269
2026-09-29 07:57:40.705|DEBUG|ArtifactScraper|Parsing artifact substat: def+7.3%
2026-09-29 07:57:40.705|DEBUG|ArtifactScraper|Parsing artifact substat: atk+4.7%
2026-09-29 07:57:40.705|DEBUG|ArtifactScraper|Parsing artifact substat: energyrecharge+5.2%
2026-09-29 07:57:40.903|DEBUG|ArtifactScraper|Parsing artifact substat: critrate+3.5%
2026-09-29 07:57:40.903|DEBUG|ArtifactScraper|Parsing artifact substat: hp+4.1%
2026-09-29 07:57:40.903|DEBUG|ArtifactScraper|Parsing artifact substat: atk+4.1%
2026-09-29 07:57:40.903|DEBUG|ArtifactScraper|Parsing artifact substat: elementalmastery+23
2026-09-29 07:57:42.777|DEBUG|ArtifactScraper|Scanning artifact page 14
2026-09-29 07:57:42.777|DEBUG|ArtifactScraper|Located 32 possible item locations on page.
2026-09-29 07:57:43.208|DEBUG|ArtifactScraper|Parsing artifact substat: def+19
2026-09-29 07:57:43.208|DEBUG|ArtifactScraper|Parsing artifact substat: hp+4.7%
2026-09-29 07:57:43.208|DEBUG|ArtifactScraper|Parsing artifact substat: critrate+3.9%
2026-09-29 07:57:43.208|DEBUG|ArtifactScraper|Parsing artifact substat: hp+209
2026-09-29 07:57:43.521|DEBUG|ArtifactScraper|Parsing artifact substat: hp+239
2026-09-29 07:57:43.521|DEBUG|ArtifactScraper|Parsing artifact substat: critdmg+7.8%
2026-09-29 07:57:43.521|DEBUG|ArtifactScraper|Parsing artifact substat: atk+4.1%
2026-09-29 07:57:43.521|DEBUG|ArtifactScraper|Parsing artifact substat: hp+5.8%(unactivated)
2026-09-29 07:57:43.680|DEBUG|ArtifactScraper|Parsing artifact substat: critdmg+6.2%
2026-09-29 07:57:43.680|DEBUG|ArtifactScraper|Parsing artifact substat: critrate+3.1%
2026-09-29 07:57:43.680|DEBUG|ArtifactScraper|Parsing artifact substat: atk+14
2026-09-29 07:57:43.680|DEBUG|ArtifactScraper|Parsing artifact substat: hp+239(unactivated)
2026-09-29 07:57:43.868|DEBUG|ArtifactScraper|Parsing artifact substat: def+19
2026-09-29 07:57:43.868|DEBUG|ArtifactScraper|Parsing artifact substat: elementalmastery+19
2026-09-29 07:57:43.868|DEBUG|ArtifactScraper|Parsing artifact substat: energyrecharge+6.5%
2026-09-29 07:57:43.868|DEBUG|ArtifactScraper|Parsing artifact substat: critrate+3.5%(unactivated)
2026-09-29 07:57:44.090|DEBUG|ArtifactScraper|Parsing artifact substat: critrate+3.9%
2026-09-29 07:57:44.090|DEBUG|ArtifactScraper|Parsing artifact substat: energyrecharge+4.5%
2026-09-29 07:57:44.090|DEBUG|ArtifactScraper|Parsing artifact substat: atk+4.1%
2026-09-29 07:57:44.090|DEBUG|ArtifactScraper|Parsing artifact substat: atk+19(unactivated)
2026-09-29 07:57:44.153|DEBUG|ArtifactScraper|Parsing artifact substat: def+7.3%
2026-09-29 07:57:44.153|DEBUG|ArtifactScraper|Parsing artifact substat: hp+209
2026-09-29 07:57:44.153|DEBUG|ArtifactScraper|Parsing artifact substat: critdmg+7.0%
2026-09-29 07:57:44.153|DEBUG|ArtifactScraper|Parsing artifact substat: energyrecharge+5.2%
2026-09-29 07:57:44.516|DEBUG|ArtifactScraper|Parsing artifact substat: critrate+3.1%
2026-09-29 07:57:44.516|DEBUG|ArtifactScraper|Parsing artifact substat: def+5.8%
2026-09-29 07:57:44.516|DEBUG|ArtifactScraper|Parsing artifact substat: hp+5.3%
2026-09-29 07:57:44.516|DEBUG|ArtifactScraper|Parsing artifact substat: critdmg+7.0%(unactivated)
2026-09-29 07:57:44.531|DEBUG|ArtifactScraper|Parsing artifact substat: energyrecharge+5.2%
2026-09-29 07:57:44.531|DEBUG|ArtifactScraper|Parsing artifact substat: def+23
2026-09-29 07:57:44.531|DEBUG|ArtifactScraper|Parsing artifact substat: critrate+2.7%
2026-09-29 07:57:44.531|DEBUG|ArtifactScraper|Parsing artifact substat: def+5.1%
2026-09-29 07:57:44.821|DEBUG|ArtifactScraper|Parsing artifact substat: atk+14
2026-09-29 07:57:44.821|DEBUG|ArtifactScraper|Parsing artifact substat: elementalmastery+19
2026-09-29 07:57:44.821|DEBUG|ArtifactScraper|Parsing artifact substat: energyrecharge+4.5%
2026-09-29 07:57:44.821|DEBUG|ArtifactScraper|Parsing artifact substat: def+16
2026-09-29 07:57:44.970|DEBUG|ArtifactScraper|Parsing artifact substat: elementalmastery+21
2026-09-29 07:57:44.970|DEBUG|ArtifactScraper|Parsing artifact substat: hp+4.7%
2026-09-29 07:57:44.970|DEBUG|ArtifactScraper|Parsing artifact substat: energyrecharge+6.5%
2026-09-29 07:57:44.970|DEBUG|ArtifactScraper|Parsing artifact substat: critrate+3.9%(unactivated)
2026-09-29 07:57:45.252|DEBUG|ArtifactScraper|Parsing artifact substat: atk+5.8%
2026-09-29 07:57:45.252|DEBUG|ArtifactScraper|Parsing artifact substat: critrate+3.1%
2026-09-29 07:57:45.252|DEBUG|ArtifactScraper|Parsing artifact substat: hp+5.8%
2026-09-29 07:57:45.252|DEBUG|ArtifactScraper|Parsing artifact substat: def+19(unactivated)
2026-09-29 07:57:45.296|DEBUG|ArtifactScraper|Parsing artifact substat: atk+4.7%
2026-09-29 07:57:45.296|DEBUG|ArtifactScraper|Parsing artifact substat: elementalmastery+19
2026-09-29 07:57:45.296|DEBUG|ArtifactScraper|Parsing artifact substat: energyrecharge+5.2%
2026-09-29 07:57:45.296|DEBUG|ArtifactScraper|Parsing artifact substat: critrate+3.5%(unactivated)
2026-09-29 07:57:45.427|DEBUG|ArtifactScraper|Parsing artifact substat: atk+4.1%
2026-09-29 07:57:45.427|DEBUG|ArtifactScraper|Parsing artifact substat: def+23
2026-09-29 07:57:45.427|DEBUG|ArtifactScraper|Parsing artifact substat: atk+14
2026-09-29 07:57:45.427|DEBUG|ArtifactScraper|Parsing artifact substat: critrate+2.7%(unactivated)
2026-09-29 07:57:45.675|DEBUG|ArtifactScraper|Parsing artifact substat: def+6.6%
2026-09-29 07:57:45.675|DEBUG|ArtifactScraper|Parsing artifact substat: atk+4.7%
2026-09-29 07:57:45.675|DEBUG|ArtifactScraper|Parsing artifact substat: hp+5.3%
2026-09-29 07:57:45.675|DEBUG|ArtifactScraper|Parsing artifact substat: def+23(unactivated)
2026-09-29 07:57:45.731|DEBUG|ArtifactScraper|Parsing artifact substat: atk+18
2026-09-29 07:57:45.731|DEBUG|ArtifactScraper|Parsing artifact substat: critrate+3.5%
2026-09-29 07:57:45.731|DEBUG|ArtifactScraper|Parsing artifact substat: hp+5.3%
2026-09-29 07:57:45.731|DEBUG|ArtifactScraper|Parsing artifact substat: def+6.6%(unactivated)
2026-09-29 07:57:46.101|DEBUG|ArtifactScraper|Parsing artifact substat: energyrecharge+5.2%
2026-09-29 07:57:46.101|DEBUG|ArtifactScraper|Parsing artifact substat: hp+4.7%
2026-09-29 07:57:46.101|DEBUG|ArtifactScraper|Parsing artifact substat: def+7.3%
2026-09-29 07:57:46.101|DEBUG|ArtifactScraper|Parsing artifact substat: atk+4.7%
2026-09-29 07:57:46.101|DEBUG|ArtifactScraper|Parsing artifact substat: critrate+3.9%
2026-09-29 07:57:46.101|DEBUG|ArtifactScraper|Parsing artifact substat: atk+14
2026-09-29 07:57:46.101|DEBUG|ArtifactScraper|Parsing artifact substat: elementalmastery+16
2026-09-29 07:57:46.101|DEBUG|ArtifactScraper|Parsing artifact substat: energyrecharge+4.5%
2026-09-29 07:57:46.362|DEBUG|ArtifactScraper|Parsing artifact substat: def+5.8%
2026-09-29 07:57:46.362|DEBUG|ArtifactScraper|Parsing artifact substat: hp+4.7%
2026-09-29 07:57:46.362|DEBUG|ArtifactScraper|Parsing artifact substat: def+16
2026-09-29 07:57:46.362|DEBUG|ArtifactScraper|Parsing artifact substat: energyrecharge+4.5%
2026-09-29 07:57:46.499|DEBUG|ArtifactScraper|Parsing artifact substat: def+21
2026-09-29 07:57:46.499|DEBUG|ArtifactScraper|Parsing artifact substat: atk+14
2026-09-29 07:57:46.499|DEBUG|ArtifactScraper|Parsing artifact substat: atk+4.1%
2026-09-29 07:57:46.499|DEBUG|ArtifactScraper|Parsing artifact substat: elementalmastery+16
2026-09-29 07:57:46.777|DEBUG|ArtifactScraper|Parsing artifact substat: def+5.1%
2026-09-29 07:57:46.777|DEBUG|ArtifactScraper|Parsing artifact substat: atk+14
2026-09-29 07:57:46.777|DEBUG|ArtifactScraper|Parsing artifact substat: def+21
2026-09-29 07:57:46.777|DEBUG|ArtifactScraper|Parsing artifact substat: hp+4.7%(unactivated)
2026-09-29 07:57:46.813|DEBUG|ArtifactScraper|Parsing artifact substat: energyrecharge+5.8%
2026-09-29 07:57:46.813|DEBUG|ArtifactScraper|Parsing artifact substat: elementalmastery+16
2026-09-29 07:57:46.813|DEBUG|ArtifactScraper|Parsing artifact substat: critrate+3.9%
2026-09-29 07:57:46.813|DEBUG|ArtifactScraper|Parsing artifact substat: def+19(unactivated)
2026-09-29 07:57:47.141|DEBUG|ArtifactScraper|Parsing artifact substat: hp+4.1%
2026-09-29 07:57:47.141|DEBUG|ArtifactScraper|Parsing artifact substat: hp+269
2026-09-29 07:57:47.141|DEBUG|ArtifactScraper|Parsing artifact substat: atk+5.8%
2026-09-29 07:57:47.141|DEBUG|ArtifactScraper|Parsing artifact substat: def+21
2026-09-29 07:57:47.168|DEBUG|ArtifactScraper|Parsing artifact substat: hp+4.1%
2026-09-29 07:57:47.168|DEBUG|ArtifactScraper|Parsing artifact substat: def+5.1%
2026-09-29 07:57:47.168|DEBUG|ArtifactScraper|Parsing artifact substat: def+21
2026-09-29 07:57:47.168|DEBUG|ArtifactScraper|Parsing artifact substat: critrate+3.5%(unactivated)
2026-09-29 07:57:47.439|DEBUG|ArtifactScraper|Parsing artifact substat: atk+4.1%
2026-09-29 07:57:47.439|DEBUG|ArtifactScraper|Parsing artifact substat: def+23
2026-09-29 07:57:47.439|DEBUG|ArtifactScraper|Parsing artifact substat: def+6.6%
2026-09-29 07:57:47.439|DEBUG|ArtifactScraper|Parsing artifact substat: hp+299
2026-09-29 07:57:47.569|DEBUG|ArtifactScraper|Parsing artifact substat: elementalmastery+21
2026-09-29 07:57:47.569|DEBUG|ArtifactScraper|Parsing artifact substat: atk+4.7%
2026-09-29 07:57:47.569|DEBUG|ArtifactScraper|Parsing artifact substat: hp+4.7%
2026-09-29 07:57:47.569|DEBUG|ArtifactScraper|Parsing artifact substat: energyrecharge+4.5%
2026-09-29 07:57:47.894|DEBUG|ArtifactScraper|Parsing artifact substat: def+23
2026-09-29 07:57:47.894|DEBUG|ArtifactScraper|Parsing artifact substat: critrate+3.5%
2026-09-29 07:57:47.894|DEBUG|ArtifactScraper|Parsing artifact substat: energyrecharge+5.8%
2026-09-29 07:57:47.894|DEBUG|ArtifactScraper|Parsing artifact substat: hp+4.1%(unactivated)
2026-09-29 07:57:47.911|DEBUG|ArtifactScraper|Parsing artifact substat: def+16
2026-09-29 07:57:47.911|DEBUG|ArtifactScraper|Parsing artifact substat: energyrecharge+6.5%
2026-09-29 07:57:47.911|DEBUG|ArtifactScraper|Parsing artifact substat: def+7.3%
2026-09-29 07:57:47.911|DEBUG|ArtifactScraper|Parsing artifact substat: atk+4.7%(unactivated)
2026-09-29 07:57:48.043|DEBUG|ArtifactScraper|Parsing artifact substat: atk+4.1%
2026-09-29 07:57:48.043|DEBUG|ArtifactScraper|Parsing artifact substat: elementalmastery+16
2026-09-29 07:57:48.043|DEBUG|ArtifactScraper|Parsing artifact substat: critrate+3.1%
2026-09-29 07:57:48.043|DEBUG|ArtifactScraper|Parsing artifact substat: def+16(unactivated)
2026-09-29 07:57:48.318|DEBUG|ArtifactScraper|Finished queuing page of artifacts. Scrolling...
2026-09-29 07:57:48.318|DEBUG|ArtifactScraper|Parsing artifact substat: atk+4.7%
2026-09-29 07:57:48.318|DEBUG|ArtifactScraper|Parsing artifact substat: def+5.8%
2026-09-29 07:57:48.318|DEBUG|ArtifactScraper|Parsing artifact substat: elementalmastery+23
2026-09-29 07:57:48.318|DEBUG|ArtifactScraper|Parsing artifact substat: def+16(unactivated)
2026-09-29 07:57:48.381|DEBUG|ArtifactScraper|Parsing artifact substat: energyrecharge+4.5%
2026-09-29 07:57:48.381|DEBUG|ArtifactScraper|Parsing artifact substat: hp+239
2026-09-29 07:57:48.381|DEBUG|ArtifactScraper|Parsing artifact substat: elementalmastery+16
2026-09-29 07:57:48.381|DEBUG|ArtifactScraper|Parsing artifact substat: critdmg+7.8%(unactivated)
2026-09-29 07:57:48.726|DEBUG|ArtifactScraper|Parsing artifact substat: critdmg+7.0%
2026-09-29 07:57:48.726|DEBUG|ArtifactScraper|Parsing artifact substat: atk+4.1%
2026-09-29 07:57:48.726|DEBUG|ArtifactScraper|Parsing artifact substat: def+21
2026-09-29 07:57:48.726|DEBUG|ArtifactScraper|Parsing artifact substat: hp+269(unactivated)
2026-09-29 07:57:48.726|DEBUG|ArtifactScraper|Parsing artifact substat: def+16
2026-09-29 07:57:48.726|DEBUG|ArtifactScraper|Parsing artifact substat: elementalmastery+21
2026-09-29 07:57:48.726|DEBUG|ArtifactScraper|Parsing artifact substat: hp+209
2026-09-29 07:57:48.726|DEBUG|ArtifactScraper|Parsing artifact substat: energyrecharge+4.5%
2026-09-29 07:57:50.673|DEBUG|ArtifactScraper|Scanning artifact page 15
2026-09-29 07:57:50.673|DEBUG|ArtifactScraper|Located 32 possible item locations on page.
2026-09-29 07:57:51.096|DEBUG|ArtifactScraper|Parsing artifact substat: critdmg+7.0%
2026-09-29 07:57:51.096|DEBUG|ArtifactScraper|Parsing artifact substat: def+7.3%
2026-09-29 07:57:51.096|DEBUG|ArtifactScraper|Parsing artifact substat: hp+4.1%
2026-09-29 07:57:51.096|DEBUG|ArtifactScraper|Parsing artifact substat: energyrecharge+4.5%
2026-09-29 07:57:51.392|DEBUG|ArtifactScraper|Parsing artifact substat: critrate+3.1%
2026-09-29 07:57:51.393|DEBUG|ArtifactScraper|Parsing artifact substat: hp+5.3%
2026-09-29 07:57:51.393|DEBUG|ArtifactScraper|Parsing artifact substat: def+16
2026-09-29 07:57:51.393|DEBUG|ArtifactScraper|Parsing artifact substat: energyrecharge+6.5%
2026-09-29 07:57:51.586|DEBUG|ArtifactScraper|Parsing artifact substat: def+19
2026-09-29 07:57:51.586|DEBUG|ArtifactScraper|Parsing artifact substat: atk+4.7%
2026-09-29 07:57:51.586|DEBUG|ArtifactScraper|Parsing artifact substat: def+5.8%
2026-09-29 07:57:51.586|DEBUG|ArtifactScraper|Parsing artifact substat: energyrecharge+5.8%
2026-09-29 07:57:51.774|DEBUG|ArtifactScraper|Parsing artifact substat: def+16
2026-09-29 07:57:51.774|DEBUG|ArtifactScraper|Parsing artifact substat: critrate+3.9%
2026-09-29 07:57:51.774|DEBUG|ArtifactScraper|Parsing artifact substat: energyrecharge+5.8%
2026-09-29 07:57:51.774|DEBUG|ArtifactScraper|Parsing artifact substat: def+7.3%(unactivated)
2026-09-29 07:57:52.049|DEBUG|ArtifactScraper|Parsing artifact substat: hp+4.1%
2026-09-29 07:57:52.049|DEBUG|ArtifactScraper|Parsing artifact substat: atk+5.8%
2026-09-29 07:57:52.049|DEBUG|ArtifactScraper|Parsing artifact substat: hp+239
2026-09-29 07:57:52.049|DEBUG|ArtifactScraper|Parsing artifact substat: critrate+3.1%(unactivated)
2026-09-29 07:57:52.110|DEBUG|ArtifactScraper|Parsing artifact substat: hp+5.3%
2026-09-29 07:57:52.110|DEBUG|ArtifactScraper|Parsing artifact substat: elementalmastery+16
2026-09-29 07:57:52.110|DEBUG|ArtifactScraper|Parsing artifact substat: def+23
2026-09-29 07:57:52.110|DEBUG|ArtifactScraper|Parsing artifact substat: hp+299(unactivated)
2026-09-29 07:57:52.235|DEBUG|ArtifactScraper|Parsing artifact substat: hp+5.3%
2026-09-29 07:57:52.235|DEBUG|ArtifactScraper|Parsing artifact substat: def+6.6%
2026-09-29 07:57:52.235|DEBUG|ArtifactScraper|Parsing artifact substat: elementalmastery+19
2026-09-29 07:57:52.235|DEBUG|ArtifactScraper|Parsing artifact substat: def+21(unactivated)
2026-09-29 07:57:52.470|DEBUG|ArtifactScraper|Parsing artifact substat: energyrecharge+6.5%
2026-09-29 07:57:52.470|DEBUG|ArtifactScraper|Parsing artifact substat: hp+209
2026-09-29 07:57:52.471|DEBUG|ArtifactScraper|Parsing artifact substat: elementalmastery+19
2026-09-29 07:57:52.471|DEBUG|ArtifactScraper|Parsing artifact substat: critrate+2.7%
2026-09-29 07:57:52.648|DEBUG|ArtifactScraper|Parsing artifact substat: critrate+3.1%
2026-09-29 07:57:52.648|DEBUG|ArtifactScraper|Parsing artifact substat: critdmg+7.0%
2026-09-29 07:57:52.648|DEBUG|ArtifactScraper|Parsing artifact substat: hp+4.7%
2026-09-29 07:57:52.648|DEBUG|ArtifactScraper|Parsing artifact substat: def+23(unactivated)
2026-09-29 07:57:52.778|DEBUG|ArtifactScraper|Parsing artifact substat: critdmg+5.4%
2026-09-29 07:57:52.778|DEBUG|ArtifactScraper|Parsing artifact substat: atk+16
2026-09-29 07:57:52.778|DEBUG|ArtifactScraper|Parsing artifact substat: hp+4.1%
2026-09-29 07:57:52.778|DEBUG|ArtifactScraper|Parsing artifact substat: elementalmastery+16
2026-09-29 07:57:53.091|DEBUG|ArtifactScraper|Parsing artifact substat: hp+239
2026-09-29 07:57:53.091|DEBUG|ArtifactScraper|Parsing artifact substat: elementalmastery+16
2026-09-29 07:57:53.091|DEBUG|ArtifactScraper|Parsing artifact substat: critdmg+7.0%
2026-09-29 07:57:53.091|DEBUG|ArtifactScraper|Parsing artifact substat: critrate+3.1%(unactivated)
2026-09-29 07:57:53.127|DEBUG|ArtifactScraper|Parsing artifact substat: def+6.6%
2026-09-29 07:57:53.127|DEBUG|ArtifactScraper|Parsing artifact substat: hp+5.3%
2026-09-29 07:57:53.127|DEBUG|ArtifactScraper|Parsing artifact substat: hp+299
2026-09-29 07:57:53.127|DEBUG|ArtifactScraper|Parsing artifact substat: energyrecharge+6.5%
2026-09-29 07:57:53.443|DEBUG|ArtifactScraper|Parsing artifact substat: atk+18
2026-09-29 07:57:53.443|DEBUG|ArtifactScraper|Parsing artifact substat: hp+4.7%
2026-09-29 07:57:53.443|DEBUG|ArtifactScraper|Parsing artifact substat: elementalmastery+23
2026-09-29 07:57:53.443|DEBUG|ArtifactScraper|Parsing artifact substat: critrate+3.9%
2026-09-29 07:57:53.443|DEBUG|ArtifactScraper|Parsing artifact substat: def+16
2026-09-29 07:57:53.443|DEBUG|ArtifactScraper|Parsing artifact substat: atk+5.3%
2026-09-29 07:57:53.443|DEBUG|ArtifactScraper|Parsing artifact substat: def+5.8%
2026-09-29 07:57:53.443|DEBUG|ArtifactScraper|Parsing artifact substat: atk+18
2026-09-29 07:57:53.776|DEBUG|ArtifactScraper|Parsing artifact substat: hp+4.1%
2026-09-29 07:57:53.776|DEBUG|ArtifactScraper|Parsing artifact substat: def+23
2026-09-29 07:57:53.776|DEBUG|ArtifactScraper|Parsing artifact substat: elementalmastery+16
2026-09-29 07:57:53.776|DEBUG|ArtifactScraper|Parsing artifact substat: hp+269(unactivated)
2026-09-29 07:57:53.849|DEBUG|ArtifactScraper|Parsing artifact substat: critdmg+7.8%
2026-09-29 07:57:53.849|DEBUG|ArtifactScraper|Parsing artifact substat: atk+14
2026-09-29 07:57:53.849|DEBUG|ArtifactScraper|Parsing artifact substat: atk+5.3%
2026-09-29 07:57:53.849|DEBUG|ArtifactScraper|Parsing artifact substat: def+16(unactivated)
2026-09-29 07:57:54.195|DEBUG|ArtifactScraper|Parsing artifact substat: energyrecharge+5.2%
2026-09-29 07:57:54.195|DEBUG|ArtifactScraper|Parsing artifact substat: def+19
2026-09-29 07:57:54.195|DEBUG|ArtifactScraper|Parsing artifact substat: critdmg+7.0%
2026-09-29 07:57:54.195|DEBUG|ArtifactScraper|Parsing artifact substat: atk+4.7%(unactivated)
2026-09-29 07:57:54.236|DEBUG|ArtifactScraper|Parsing artifact substat: def+16
2026-09-29 07:57:54.236|DEBUG|ArtifactScraper|Parsing artifact substat: atk+4.1%
2026-09-29 07:57:54.236|DEBUG|ArtifactScraper|Parsing artifact substat: atk+18
2026-09-29 07:57:54.236|DEBUG|ArtifactScraper|Parsing artifact substat: critrate+2.7%(unactivated)
2026-09-29 07:57:54.308|DEBUG|ArtifactScraper|Parsing artifact substat: atk+18
2026-09-29 07:57:54.308|DEBUG|ArtifactScraper|Parsing artifact substat: hp+5.3%
2026-09-29 07:57:54.308|DEBUG|ArtifactScraper|Parsing artifact substat: atk+4.7%
2026-09-29 07:57:54.308|DEBUG|ArtifactScraper|Parsing artifact substat: def+23(unactivated)
2026-09-29 07:57:54.633|DEBUG|ArtifactScraper|Parsing artifact substat: energyrecharge+6.5%
2026-09-29 07:57:54.633|DEBUG|ArtifactScraper|Parsing artifact substat: hp+4.1%
2026-09-29 07:57:54.633|DEBUG|ArtifactScraper|Parsing artifact substat: def+6.6%
2026-09-29 07:57:54.633|DEBUG|ArtifactScraper|Parsing artifact substat: hp+269(unactivated)
2026-09-29 07:57:54.650|DEBUG|ArtifactScraper|Parsing artifact substat: atk+16
2026-09-29 07:57:54.650|DEBUG|ArtifactScraper|Parsing artifact substat: def+23
2026-09-29 07:57:54.650|DEBUG|ArtifactScraper|Parsing artifact substat: atk+5.8%
2026-09-29 07:57:54.650|DEBUG|ArtifactScraper|Parsing artifact substat: elementalmastery+23
2026-09-29 07:57:55.006|DEBUG|ArtifactScraper|Parsing artifact substat: atk+19
2026-09-29 07:57:55.006|DEBUG|ArtifactScraper|Parsing artifact substat: elementalmastery+16
2026-09-29 07:57:55.006|DEBUG|ArtifactScraper|Parsing artifact substat: atk+5.8%
2026-09-29 07:57:55.006|DEBUG|ArtifactScraper|Parsing artifact substat: def+6.6%(unactivated)
2026-09-29 07:57:55.040|DEBUG|ArtifactScraper|Parsing artifact substat: energyrecharge+5.2%
2026-09-29 07:57:55.040|DEBUG|ArtifactScraper|Parsing artifact substat: hp+4.7%
2026-09-29 07:57:55.040|DEBUG|ArtifactScraper|Parsing artifact substat: atk+4.7%
2026-09-29 07:57:55.040|DEBUG|ArtifactScraper|Parsing artifact substat: def+21(unactivated)
2026-09-29 07:57:55.343|DEBUG|ArtifactScraper|Parsing artifact substat: atk+14
2026-09-29 07:57:55.343|DEBUG|ArtifactScraper|Parsing artifact substat: hp+269
2026-09-29 07:57:55.343|DEBUG|ArtifactScraper|Parsing artifact substat: energyrecharge+6.5%
2026-09-29 07:57:55.343|DEBUG|ArtifactScraper|Parsing artifact substat: elementalmastery+21
2026-09-29 07:57:55.449|DEBUG|ArtifactScraper|Parsing artifact substat: elementalmastery+23
2026-09-29 07:57:55.449|DEBUG|ArtifactScraper|Parsing artifact substat: def+7.3%
2026-09-29 07:57:55.449|DEBUG|ArtifactScraper|Parsing artifact substat: critdmg+5.4%
2026-09-29 07:57:55.449|DEBUG|ArtifactScraper|Parsing artifact substat: hp+269(unactivated)
2026-09-29 07:57:55.744|DEBUG|ArtifactScraper|Parsing artifact substat: hp+299
2026-09-29 07:57:55.744|DEBUG|ArtifactScraper|Parsing artifact substat: atk+5.8%
2026-09-29 07:57:55.744|DEBUG|ArtifactScraper|Parsing artifact substat: def+5.8%
2026-09-29 07:57:55.744|DEBUG|ArtifactScraper|Parsing artifact substat: def+21(unactivated)
2026-09-29 07:57:55.806|DEBUG|ArtifactScraper|Parsing artifact substat: hp+5.8%
2026-09-29 07:57:55.806|DEBUG|ArtifactScraper|Parsing artifact substat: def+5.1%
2026-09-29 07:57:55.806|DEBUG|ArtifactScraper|Parsing artifact substat: hp+269
2026-09-29 07:57:55.806|DEBUG|ArtifactScraper|Parsing artifact substat: critrate+3.1%(unactivated)
2026-09-29 07:57:55.945|DEBUG|ArtifactScraper|Parsing artifact substat: def+16
2026-09-29 07:57:55.945|DEBUG|ArtifactScraper|Parsing artifact substat: hp+299
2026-09-29 07:57:55.945|DEBUG|ArtifactScraper|Parsing artifact substat: elementalmastery+23
2026-09-29 07:57:55.945|DEBUG|ArtifactScraper|Parsing artifact substat: atk+19(unactivated)
2026-09-29 07:57:56.179|DEBUG|ArtifactScraper|Parsing artifact substat: def+6.6%
2026-09-29 07:57:56.179|DEBUG|ArtifactScraper|Parsing artifact substat: atk+5.8%
2026-09-29 07:57:56.179|DEBUG|ArtifactScraper|Parsing artifact substat: def+19
2026-09-29 07:57:56.179|DEBUG|ArtifactScraper|Parsing artifact substat: hp+299(unactivated)
2026-09-29 07:57:56.226|DEBUG|ArtifactScraper|Parsing artifact substat: atk+4.1%
2026-09-29 07:57:56.226|DEBUG|ArtifactScraper|Parsing artifact substat: hp+299
2026-09-29 07:57:56.226|DEBUG|ArtifactScraper|Parsing artifact substat: atk+18
2026-09-29 07:57:56.226|DEBUG|ArtifactScraper|Parsing artifact substat: def+19(unactivated)
2026-09-29 07:57:56.251|DEBUG|ArtifactScraper|Finished queuing page of artifacts. Scrolling...
2026-09-29 07:57:56.528|DEBUG|ArtifactScraper|Parsing artifact substat: critrate+3.5%
2026-09-29 07:57:56.528|DEBUG|ArtifactScraper|Parsing artifact substat: def+16
2026-09-29 07:57:56.528|DEBUG|ArtifactScraper|Parsing artifact substat: hp+299
2026-09-29 07:57:56.528|DEBUG|ArtifactScraper|Parsing artifact substat: atk+16
2026-09-29 07:57:56.577|DEBUG|ArtifactScraper|Parsing artifact substat: def+5.8%
2026-09-29 07:57:56.577|DEBUG|ArtifactScraper|Parsing artifact substat: elementalmastery+16
2026-09-29 07:57:56.577|DEBUG|ArtifactScraper|Parsing artifact substat: atk+14
2026-09-29 07:57:56.577|DEBUG|ArtifactScraper|Parsing artifact substat: def+16
2026-09-29 07:57:58.264|DEBUG|ArtifactScraper|Scanning artifact page 16
2026-09-29 07:57:58.264|DEBUG|ArtifactScraper|Located 32 possible item locations on page.
2026-09-29 07:57:58.688|DEBUG|ArtifactScraper|Parsing artifact substat: critdmg+6.2%
2026-09-29 07:57:58.688|DEBUG|ArtifactScraper|Parsing artifact substat: atk+16
2026-09-29 07:57:58.688|DEBUG|ArtifactScraper|Parsing artifact substat: elementalmastery+19
2026-09-29 07:57:58.688|DEBUG|ArtifactScraper|Parsing artifact substat: hp+299(unactivated)
2026-09-29 07:57:58.839|DEBUG|ArtifactScraper|Parsing artifact substat: def+21
2026-09-29 07:57:58.839|DEBUG|ArtifactScraper|Parsing artifact substat: atk+5.3%
2026-09-29 07:57:58.839|DEBUG|ArtifactScraper|Parsing artifact substat: energyrecharge+5.8%
2026-09-29 07:57:58.839|DEBUG|ArtifactScraper|Parsing artifact substat: atk+14(unactivated)
2026-09-29 07:57:59.161|DEBUG|ArtifactScraper|Parsing artifact substat: def+21
2026-09-29 07:57:59.161|DEBUG|ArtifactScraper|Parsing artifact substat: atk+19
2026-09-29 07:57:59.161|DEBUG|ArtifactScraper|Parsing artifact substat: critdmg+7.8%
2026-09-29 07:57:59.161|DEBUG|ArtifactScraper|Parsing artifact substat: hp+269(unactivated)
2026-09-29 07:57:59.265|DEBUG|ArtifactScraper|Parsing artifact substat: hp+5.8%
2026-09-29 07:57:59.265|DEBUG|ArtifactScraper|Parsing artifact substat: energyrecharge+4.5%
2026-09-29 07:57:59.265|DEBUG|ArtifactScraper|Parsing artifact substat: critrate+3.9%
2026-09-29 07:57:59.265|DEBUG|ArtifactScraper|Parsing artifact substat: def+23(unactivated)
2026-09-29 07:57:59.465|DEBUG|ArtifactScraper|Parsing artifact substat: atk+5.3%
2026-09-29 07:57:59.465|DEBUG|ArtifactScraper|Parsing artifact substat: def+23
2026-09-29 07:57:59.465|DEBUG|ArtifactScraper|Parsing artifact substat: atk+18
2026-09-29 07:57:59.465|DEBUG|ArtifactScraper|Parsing artifact substat: hp+269(unactivated)
2026-09-29 07:57:59.619|DEBUG|ArtifactScraper|Parsing artifact substat: def+19
2026-09-29 07:57:59.619|DEBUG|ArtifactScraper|Parsing artifact substat: hp+5.8%
2026-09-29 07:57:59.619|DEBUG|ArtifactScraper|Parsing artifact substat: energyrecharge+5.8%
2026-09-29 07:57:59.619|DEBUG|ArtifactScraper|Parsing artifact substat: critdmg+5.4%(unactivated)
2026-09-29 07:57:59.770|DEBUG|ArtifactScraper|Parsing artifact substat: hp+239
2026-09-29 07:57:59.770|DEBUG|ArtifactScraper|Parsing artifact substat: def+19
2026-09-29 07:57:59.770|DEBUG|ArtifactScraper|Parsing artifact substat: def+5.8%
2026-09-29 07:57:59.770|DEBUG|ArtifactScraper|Parsing artifact substat: elementalmastery+21
2026-09-29 07:58:00.000|DEBUG|ArtifactScraper|Parsing artifact substat: critrate+3.9%
2026-09-29 07:58:00.000|DEBUG|ArtifactScraper|Parsing artifact substat: energyrecharge+5.2%
2026-09-29 07:58:00.000|DEBUG|ArtifactScraper|Parsing artifact substat: def+19
2026-09-29 07:58:00.000|DEBUG|ArtifactScraper|Parsing artifact substat: elementalmastery+16
2026-09-29 07:58:00.103|DEBUG|ArtifactScraper|Parsing artifact substat: critdmg+5.4%
2026-09-29 07:58:00.103|DEBUG|ArtifactScraper|Parsing artifact substat: def+21
2026-09-29 07:58:00.103|DEBUG|ArtifactScraper|Parsing artifact substat: critrate+2.7%
2026-09-29 07:58:00.103|DEBUG|ArtifactScraper|Parsing artifact substat: atk+5.3%
2026-09-29 07:58:00.316|DEBUG|ArtifactScraper|Parsing artifact substat: def+21
2026-09-29 07:58:00.316|DEBUG|ArtifactScraper|Parsing artifact substat: def+5.8%
2026-09-29 07:58:00.316|DEBUG|ArtifactScraper|Parsing artifact substat: atk+14
2026-09-29 07:58:00.316|DEBUG|ArtifactScraper|Parsing artifact substat: elementalmastery+23
2026-09-29 07:58:00.459|DEBUG|ArtifactScraper|Parsing artifact substat: atk+19
2026-09-29 07:58:00.459|DEBUG|ArtifactScraper|Parsing artifact substat: atk+5.8%
2026-09-29 07:58:00.459|DEBUG|ArtifactScraper|Parsing artifact substat: elementalmastery+19
2026-09-29 07:58:00.459|DEBUG|ArtifactScraper|Parsing artifact substat: def+5.1%(unactivated)
2026-09-29 07:58:00.577|DEBUG|ArtifactScraper|Parsing artifact substat: def+19
2026-09-29 07:58:00.577|DEBUG|ArtifactScraper|Parsing artifact substat: atk+18
2026-09-29 07:58:00.577|DEBUG|ArtifactScraper|Parsing artifact substat: critrate+3.1%
2026-09-29 07:58:00.577|DEBUG|ArtifactScraper|Parsing artifact substat: elementalmastery+21
2026-09-29 07:58:00.762|DEBUG|ArtifactScraper|Parsing artifact substat: atk+18
2026-09-29 07:58:00.762|DEBUG|ArtifactScraper|Parsing artifact substat: atk+5.3%
2026-09-29 07:58:00.762|DEBUG|ArtifactScraper|Parsing artifact substat: def+6.6%
2026-09-29 07:58:00.762|DEBUG|ArtifactScraper|Parsing artifact substat: critrate+3.5%(unactivated)
2026-09-29 07:58:01.072|DEBUG|ArtifactScraper|Parsing artifact substat: def+16
2026-09-29 07:58:01.072|DEBUG|ArtifactScraper|Parsing artifact substat: atk+19
2026-09-29 07:58:01.072|DEBUG|ArtifactScraper|Parsing artifact substat: critrate+3.1%
2026-09-29 07:58:01.072|DEBUG|ArtifactScraper|Parsing artifact substat: elementalmastery+23
2026-09-29 07:58:01.182|DEBUG|ArtifactScraper|Parsing artifact substat: critdmg+7.0%
2026-09-29 07:58:01.182|DEBUG|ArtifactScraper|Parsing artifact substat: energyrecharge+4.5%
2026-09-29 07:58:01.182|DEBUG|ArtifactScraper|Parsing artifact substat: atk+16
2026-09-29 07:58:01.182|DEBUG|ArtifactScraper|Parsing artifact substat: def+5.1%(unactivated)
2026-09-29 07:58:01.414|DEBUG|ArtifactScraper|Parsing artifact substat: elementalmastery+21
2026-09-29 07:58:01.414|DEBUG|ArtifactScraper|Parsing artifact substat: atk+18
2026-09-29 07:58:01.414|DEBUG|ArtifactScraper|Parsing artifact substat: atk+5.8%
2026-09-29 07:58:01.414|DEBUG|ArtifactScraper|Parsing artifact substat: def+6.6%(unactivated)
2026-09-29 07:58:01.444|DEBUG|ArtifactScraper|Parsing artifact substat: energyrecharge+5.2%
2026-09-29 07:58:01.444|DEBUG|ArtifactScraper|Parsing artifact substat: def+23
2026-09-29 07:58:01.444|DEBUG|ArtifactScraper|Parsing artifact substat: atk+14
2026-09-29 07:58:01.444|DEBUG|ArtifactScraper|Parsing artifact substat: elementalmastery+23
2026-09-29 07:58:01.757|DEBUG|ArtifactScraper|Parsing artifact substat: atk+16
2026-09-29 07:58:01.757|DEBUG|ArtifactScraper|Parsing artifact substat: energyrecharge+6.5%
2026-09-29 07:58:01.757|DEBUG|ArtifactScraper|Parsing artifact substat: def+16
2026-09-29 07:58:01.757|DEBUG|ArtifactScraper|Parsing artifact substat: atk+4.1%(unactivated)
2026-09-29 07:58:01.815|DEBUG|ArtifactScraper|Parsing artifact substat: elementalmastery+21
2026-09-29 07:58:01.815|DEBUG|ArtifactScraper|Parsing artifact substat: hp+239
2026-09-29 07:58:01.815|DEBUG|ArtifactScraper|Parsing artifact substat: critdmg+7.8%
2026-09-29 07:58:01.815|DEBUG|ArtifactScraper|Parsing artifact substat: atk+5.8%(unactivated)
2026-09-29 07:58:02.053|DEBUG|ArtifactScraper|Parsing artifact substat: def+19
2026-09-29 07:58:02.053|DEBUG|ArtifactScraper|Parsing artifact substat: def+6.6%
2026-09-29 07:58:02.053|DEBUG|ArtifactScraper|Parsing artifact substat: critdmg+7.8%
2026-09-29 07:58:02.053|DEBUG|ArtifactScraper|Parsing artifact substat: energyrecharge+5.2%
2026-09-29 07:58:02.120|DEBUG|ArtifactScraper|Parsing artifact substat: hp+269
2026-09-29 07:58:02.120|DEBUG|ArtifactScraper|Parsing artifact substat: atk+4.7%
2026-09-29 07:58:02.120|DEBUG|ArtifactScraper|Parsing artifact substat: critrate+3.9%
2026-09-29 07:58:02.120|DEBUG|ArtifactScraper|Parsing artifact substat: energyrecharge+6.5%
2026-09-29 07:58:02.418|DEBUG|ArtifactScraper|Parsing artifact substat: critrate+3.9%
2026-09-29 07:58:02.418|DEBUG|ArtifactScraper|Parsing artifact substat: hp+299
2026-09-29 07:58:02.418|DEBUG|ArtifactScraper|Parsing artifact substat: critdmg+6.2%
2026-09-29 07:58:02.418|DEBUG|ArtifactScraper|Parsing artifact substat: atk+4.7%(unactivated)
2026-09-29 07:58:02.451|DEBUG|ArtifactScraper|Parsing artifact substat: def+16
2026-09-29 07:58:02.451|DEBUG|ArtifactScraper|Parsing artifact substat: hp+209
2026-09-29 07:58:02.451|DEBUG|ArtifactScraper|Parsing artifact substat: atk+5.8%
2026-09-29 07:58:02.451|DEBUG|ArtifactScraper|Parsing artifact substat: hp+5.8%(unactivated)
2026-09-29 07:58:02.720|DEBUG|ArtifactScraper|Parsing artifact substat: critdmg+5.4%
2026-09-29 07:58:02.720|DEBUG|ArtifactScraper|Parsing artifact substat: elementalmastery+16
2026-09-29 07:58:02.720|DEBUG|ArtifactScraper|Parsing artifact substat: def+19
2026-09-29 07:58:02.720|DEBUG|ArtifactScraper|Parsing artifact substat: hp+5.8%(unactivated)
2026-09-29 07:58:02.808|DEBUG|ArtifactScraper|Parsing artifact substat: atk+5.3%
2026-09-29 07:58:02.808|DEBUG|ArtifactScraper|Parsing artifact substat: critdmg+7.8%
2026-09-29 07:58:02.808|DEBUG|ArtifactScraper|Parsing artifact substat: hp+269
2026-09-29 07:58:02.808|DEBUG|ArtifactScraper|Parsing artifact substat: energyrecharge+5.8%
2026-09-29 07:58:03.041|DEBUG|ArtifactScraper|Parsing artifact substat: hp+239
2026-09-29 07:58:03.041|DEBUG|ArtifactScraper|Parsing artifact substat: def+19
2026-09-29 07:58:03.041|DEBUG|ArtifactScraper|Parsing artifact substat: energyrecharge+5.8%
2026-09-29 07:58:03.041|DEBUG|ArtifactScraper|Parsing artifact substat: atk+4.1%(unactivated)
2026-09-29 07:58:03.163|DEBUG|ArtifactScraper|Parsing artifact substat: def+19
2026-09-29 07:58:03.163|DEBUG|ArtifactScraper|Parsing artifact substat: hp+5.3%
2026-09-29 07:58:03.163|DEBUG|ArtifactScraper|Parsing artifact substat: critdmg+6.2%
2026-09-29 07:58:03.163|DEBUG|ArtifactScraper|Parsing artifact substat: def+7.3%(unactivated)
2026-09-29 07:58:03.358|DEBUG|ArtifactScraper|Parsing artifact substat: elementalmastery+19
2026-09-29 07:58:03.358|DEBUG|ArtifactScraper|Parsing artifact substat: critdmg+6.2%
2026-09-29 07:58:03.358|DEBUG|ArtifactScraper|Parsing artifact substat: def+7.3%
2026-09-29 07:58:03.358|DEBUG|ArtifactScraper|Parsing artifact substat: atk+4.1%(unactivated)
2026-09-29 07:58:03.497|DEBUG|ArtifactScraper|Parsing artifact substat: def+16
2026-09-29 07:58:03.497|DEBUG|ArtifactScraper|Parsing artifact substat: critrate+3.5%
2026-09-29 07:58:03.497|DEBUG|ArtifactScraper|Parsing artifact substat: atk+5.8%
2026-09-29 07:58:03.497|DEBUG|ArtifactScraper|Parsing artifact substat: elementalmastery+19
2026-09-29 07:58:03.679|DEBUG|ArtifactScraper|Finished queuing page of artifacts. Scrolling...
2026-09-29 07:58:03.679|DEBUG|ArtifactScraper|Parsing artifact substat: hp+209
2026-09-29 07:58:03.679|DEBUG|ArtifactScraper|Parsing artifact substat: critrate+3.5%
2026-09-29 07:58:03.679|DEBUG|ArtifactScraper|Parsing artifact substat: hp+4.1%
2026-09-29 07:58:03.679|DEBUG|ArtifactScraper|Parsing artifact substat: def+16(unactivated)
2026-09-29 07:58:03.866|DEBUG|ArtifactScraper|Parsing artifact substat: def+19
2026-09-29 07:58:03.866|DEBUG|ArtifactScraper|Parsing artifact substat: elementalmastery+19
2026-09-29 07:58:03.866|DEBUG|ArtifactScraper|Parsing artifact substat: critdmg+7.0%
2026-09-29 07:58:03.866|DEBUG|ArtifactScraper|Parsing artifact substat: atk+5.8%(unactivated)
2026-09-29 07:58:03.990|DEBUG|ArtifactScraper|Parsing artifact substat: elementalmastery+19
2026-09-29 07:58:03.990|DEBUG|ArtifactScraper|Parsing artifact substat: hp+4.1%
2026-09-29 07:58:03.990|DEBUG|ArtifactScraper|Parsing artifact substat: critrate+3.9%
2026-09-29 07:58:03.990|DEBUG|ArtifactScraper|Parsing artifact substat: atk+19
2026-09-29 07:58:05.645|DEBUG|ArtifactScraper|Scanning artifact page 17
2026-09-29 07:58:05.645|DEBUG|ArtifactScraper|Located 32 possible item locations on page.
2026-09-29 07:58:06.013|DEBUG|ArtifactScraper|Parsing artifact substat: critrate+3.9%
2026-09-29 07:58:06.013|DEBUG|ArtifactScraper|Parsing artifact substat: energyrecharge+5.2%
2026-09-29 07:58:06.013|DEBUG|ArtifactScraper|Parsing artifact substat: atk+16
2026-09-29 07:58:06.013|DEBUG|ArtifactScraper|Parsing artifact substat: def+21
2026-09-29 07:58:06.195|DEBUG|ArtifactScraper|Parsing artifact substat: hp+269
2026-09-29 07:58:06.195|DEBUG|ArtifactScraper|Parsing artifact substat: elementalmastery+23
2026-09-29 07:58:06.195|DEBUG|ArtifactScraper|Parsing artifact substat: critdmg+7.0%
2026-09-29 07:58:06.195|DEBUG|ArtifactScraper|Parsing artifact substat: def+16(unactivated)
2026-09-29 07:58:06.455|DEBUG|ArtifactScraper|Parsing artifact substat: critdmg+7.0%
2026-09-29 07:58:06.455|DEBUG|ArtifactScraper|Parsing artifact substat: hp+5.8%
2026-09-29 07:58:06.455|DEBUG|ArtifactScraper|Parsing artifact substat: energyrecharge+4.5%
2026-09-29 07:58:06.455|DEBUG|ArtifactScraper|Parsing artifact substat: def+23(unactivated)
2026-09-29 07:58:06.593|DEBUG|ArtifactScraper|Parsing artifact substat: hp+4.1%
2026-09-29 07:58:06.593|DEBUG|ArtifactScraper|Parsing artifact substat: def+21
2026-09-29 07:58:06.593|DEBUG|ArtifactScraper|Parsing artifact substat: elementalmastery+16
2026-09-29 07:58:06.593|DEBUG|ArtifactScraper|Parsing artifact substat: energyrecharge+4.5%
2026-09-29 07:58:06.737|DEBUG|ArtifactScraper|Parsing artifact substat: def+16
2026-09-29 07:58:06.737|DEBUG|ArtifactScraper|Parsing artifact substat: def+5.1%
2026-09-29 07:58:06.737|DEBUG|ArtifactScraper|Parsing artifact substat: hp+299
2026-09-29 07:58:06.737|DEBUG|ArtifactScraper|Parsing artifact substat: hp+4.1%
2026-09-29 07:58:06.926|DEBUG|ArtifactScraper|Parsing artifact substat: elementalmastery+19
2026-09-29 07:58:06.926|DEBUG|ArtifactScraper|Parsing artifact substat: atk+18
2026-09-29 07:58:06.926|DEBUG|ArtifactScraper|Parsing artifact substat: hp+239
2026-09-29 07:58:06.926|DEBUG|ArtifactScraper|Parsing artifact substat: atk+5.8%(unactivated)
2026-09-29 07:58:07.064|DEBUG|ArtifactScraper|Parsing artifact substat: energyrecharge+5.8%
2026-09-29 07:58:07.065|DEBUG|ArtifactScraper|Parsing artifact substat: def+5.1%
2026-09-29 07:58:07.065|DEBUG|ArtifactScraper|Parsing artifact substat: hp+4.7%
2026-09-29 07:58:07.065|DEBUG|ArtifactScraper|Parsing artifact substat: def+16(unactivated)
2026-09-29 07:58:07.272|DEBUG|ArtifactScraper|Parsing artifact substat: atk+14
2026-09-29 07:58:07.272|DEBUG|ArtifactScraper|Parsing artifact substat: critdmg+7.0%
2026-09-29 07:58:07.272|DEBUG|ArtifactScraper|Parsing artifact substat: elementalmastery+23
2026-09-29 07:58:07.272|DEBUG|ArtifactScraper|Parsing artifact substat: def+19(unactivated)
2026-09-29 07:58:07.368|DEBUG|ArtifactScraper|Parsing artifact substat: atk+18
2026-09-29 07:58:07.368|DEBUG|ArtifactScraper|Parsing artifact substat: def+23
2026-09-29 07:58:07.368|DEBUG|ArtifactScraper|Parsing artifact substat: hp+239
2026-09-29 07:58:07.368|DEBUG|ArtifactScraper|Parsing artifact substat: elementalmastery+23
2026-09-29 07:58:07.578|DEBUG|ArtifactScraper|Parsing artifact substat: elementalmastery+19
2026-09-29 07:58:07.578|DEBUG|ArtifactScraper|Parsing artifact substat: atk+4.7%
2026-09-29 07:58:07.578|DEBUG|ArtifactScraper|Parsing artifact substat: def+21
2026-09-29 07:58:07.578|DEBUG|ArtifactScraper|Parsing artifact substat: def+7.3%(unactivated)
2026-09-29 07:58:07.679|DEBUG|ArtifactScraper|Parsing artifact substat: atk+5.3%
2026-09-29 07:58:07.679|DEBUG|ArtifactScraper|Parsing artifact substat: hp+209
2026-09-29 07:58:07.679|DEBUG|ArtifactScraper|Parsing artifact substat: critrate+3.1%
2026-09-29 07:58:07.679|DEBUG|ArtifactScraper|Parsing artifact substat: def+23(unactivated)
2026-09-29 07:58:07.870|DEBUG|ArtifactScraper|Parsing artifact substat: def+19
2026-09-29 07:58:07.870|DEBUG|ArtifactScraper|Parsing artifact substat: atk+19
2026-09-29 07:58:07.870|DEBUG|ArtifactScraper|Parsing artifact substat: critdmg+7.0%
2026-09-29 07:58:07.870|DEBUG|ArtifactScraper|Parsing artifact substat: hp+269(unactivated)
2026-09-29 07:58:08.133|DEBUG|ArtifactScraper|Parsing artifact substat: def+6.6%
2026-09-29 07:58:08.133|DEBUG|ArtifactScraper|Parsing artifact substat: def+19
2026-09-29 07:58:08.133|DEBUG|ArtifactScraper|Parsing artifact substat: elementalmastery+19
2026-09-29 07:58:08.133|DEBUG|ArtifactScraper|Parsing artifact substat: critdmg+6.2%
2026-09-29 07:58:08.199|DEBUG|ArtifactScraper|Parsing artifact substat: hp+4.7%
2026-09-29 07:58:08.199|DEBUG|ArtifactScraper|Parsing artifact substat: atk+5.8%
2026-09-29 07:58:08.199|DEBUG|ArtifactScraper|Parsing artifact substat: critrate+2.7%
2026-09-29 07:58:08.199|DEBUG|ArtifactScraper|Parsing artifact substat: atk+14
2026-09-29 07:58:08.481|DEBUG|ArtifactScraper|Parsing artifact substat: hp+5.8%
2026-09-29 07:58:08.481|DEBUG|ArtifactScraper|Parsing artifact substat: def+7.3%
2026-09-29 07:58:08.481|DEBUG|ArtifactScraper|Parsing artifact substat: atk+19
2026-09-29 07:58:08.481|DEBUG|ArtifactScraper|Parsing artifact substat: energyrecharge+6.5%
2026-09-29 07:58:08.574|DEBUG|ArtifactScraper|Parsing artifact substat: critrate+3.9%
2026-09-29 07:58:08.574|DEBUG|ArtifactScraper|Parsing artifact substat: elementalmastery+21
2026-09-29 07:58:08.574|DEBUG|ArtifactScraper|Parsing artifact substat: def+16
2026-09-29 07:58:08.574|DEBUG|ArtifactScraper|Parsing artifact substat: critdmg+6.2%(unactivated)
2026-09-29 07:58:08.799|DEBUG|ArtifactScraper|Parsing artifact substat: hp+209
2026-09-29 07:58:08.799|DEBUG|ArtifactScraper|Parsing artifact substat: def+16
2026-09-29 07:58:08.799|DEBUG|ArtifactScraper|Parsing artifact substat: atk+5.8%
2026-09-29 07:58:08.799|DEBUG|ArtifactScraper|Parsing artifact substat: hp+4.7%(unactivated)
2026-09-29 07:58:08.974|DEBUG|ArtifactScraper|Parsing artifact substat: energyrecharge+4.5%
2026-09-29 07:58:08.974|DEBUG|ArtifactScraper|Parsing artifact substat: hp+5.3%
2026-09-29 07:58:08.974|DEBUG|ArtifactScraper|Parsing artifact substat: critrate+3.9%
2026-09-29 07:58:08.974|DEBUG|ArtifactScraper|Parsing artifact substat: hp+209(unactivated)
2026-09-29 07:58:09.093|DEBUG|ArtifactScraper|Parsing artifact substat: critdmg+5.4%
2026-09-29 07:58:09.093|DEBUG|ArtifactScraper|Parsing artifact substat: hp+269
2026-09-29 07:58:09.093|DEBUG|ArtifactScraper|Parsing artifact substat: atk+4.1%
2026-09-29 07:58:09.093|DEBUG|ArtifactScraper|Parsing artifact substat: def+5.8%(unactivated)
2026-09-29 07:58:09.305|DEBUG|ArtifactScraper|Parsing artifact substat: atk+19
2026-09-29 07:58:09.305|DEBUG|ArtifactScraper|Parsing artifact substat: elementalmastery+19
2026-09-29 07:58:09.305|DEBUG|ArtifactScraper|Parsing artifact substat: def+6.6%
2026-09-29 07:58:09.305|DEBUG|ArtifactScraper|Parsing artifact substat: def+19
2026-09-29 07:58:09.408|DEBUG|ArtifactScraper|Parsing artifact substat: atk+19
2026-09-29 07:58:09.408|DEBUG|ArtifactScraper|Parsing artifact substat: hp+209
2026-09-29 07:58:09.408|DEBUG|ArtifactScraper|Parsing artifact substat: hp+4.1%
2026-09-29 07:58:09.409|DEBUG|ArtifactScraper|Parsing artifact substat: energyrecharge+4.5%
2026-09-29 07:58:09.636|DEBUG|ArtifactScraper|Parsing artifact substat: hp+4.7%
2026-09-29 07:58:09.636|DEBUG|ArtifactScraper|Parsing artifact substat: atk+18
2026-09-29 07:58:09.636|DEBUG|ArtifactScraper|Parsing artifact substat: atk+4.1%
2026-09-29 07:58:09.636|DEBUG|ArtifactScraper|Parsing artifact substat: elementalmastery+16
2026-09-29 07:58:09.799|DEBUG|ArtifactScraper|Parsing artifact substat: hp+239
2026-09-29 07:58:09.799|DEBUG|ArtifactScraper|Parsing artifact substat: critdmg+5.4%
2026-09-29 07:58:09.799|DEBUG|ArtifactScraper|Parsing artifact substat: elementalmastery+16
2026-09-29 07:58:09.799|DEBUG|ArtifactScraper|Parsing artifact substat: def+21(unactivated)
2026-09-29 07:58:09.953|DEBUG|ArtifactScraper|Parsing artifact substat: hp+269
2026-09-29 07:58:09.953|DEBUG|ArtifactScraper|Parsing artifact substat: def+5.8%
2026-09-29 07:58:09.953|DEBUG|ArtifactScraper|Parsing artifact substat: critdmg+7.8%
2026-09-29 07:58:09.953|DEBUG|ArtifactScraper|Parsing artifact substat: atk+5.8%(unactivated)
2026-09-29 07:58:10.136|DEBUG|ArtifactScraper|Parsing artifact substat: atk+19
2026-09-29 07:58:10.136|DEBUG|ArtifactScraper|Parsing artifact substat: def+21
2026-09-29 07:58:10.136|DEBUG|ArtifactScraper|Parsing artifact substat: def+6.6%
2026-09-29 07:58:10.136|DEBUG|ArtifactScraper|Parsing artifact substat: hp+5.3%(unactivated)
2026-09-29 07:58:10.330|DEBUG|ArtifactScraper|Parsing artifact substat: elementalmastery+16
2026-09-29 07:58:10.330|DEBUG|ArtifactScraper|Parsing artifact substat: def+16
2026-09-29 07:58:10.330|DEBUG|ArtifactScraper|Parsing artifact substat: atk+19
2026-09-29 07:58:10.330|DEBUG|ArtifactScraper|Parsing artifact substat: critrate+3.1%(unactivated)
2026-09-29 07:58:10.461|DEBUG|ArtifactScraper|Parsing artifact substat: atk+16
2026-09-29 07:58:10.461|DEBUG|ArtifactScraper|Parsing artifact substat: hp+209
2026-09-29 07:58:10.461|DEBUG|ArtifactScraper|Parsing artifact substat: energyrecharge+6.5%
2026-09-29 07:58:10.461|DEBUG|ArtifactScraper|Parsing artifact substat: atk+5.8%
2026-09-29 07:58:10.681|DEBUG|ArtifactScraper|Parsing artifact substat: atk+18
2026-09-29 07:58:10.681|DEBUG|ArtifactScraper|Parsing artifact substat: atk+4.7%
2026-09-29 07:58:10.681|DEBUG|ArtifactScraper|Parsing artifact substat: def+23
2026-09-29 07:58:10.681|DEBUG|ArtifactScraper|Parsing artifact substat: hp+5.3%(unactivated)
2026-09-29 07:58:10.790|DEBUG|ArtifactScraper|Parsing artifact substat: def+16
2026-09-29 07:58:10.790|DEBUG|ArtifactScraper|Parsing artifact substat: critrate+2.7%
2026-09-29 07:58:10.790|DEBUG|ArtifactScraper|Parsing artifact substat: atk+16
2026-09-29 07:58:10.790|DEBUG|ArtifactScraper|Parsing artifact substat: atk+5.3%(unactivated)
2026-09-29 07:58:10.974|DEBUG|ArtifactScraper|Finished queuing page of artifacts. Scrolling...
2026-09-29 07:58:11.038|DEBUG|ArtifactScraper|Parsing artifact substat: hp+209
2026-09-29 07:58:11.038|DEBUG|ArtifactScraper|Parsing artifact substat: hp+5.8%
2026-09-29 07:58:11.038|DEBUG|ArtifactScraper|Parsing artifact substat: def+5.8%
2026-09-29 07:58:11.038|DEBUG|ArtifactScraper|Parsing artifact substat: energyrecharge+5.8%
2026-09-29 07:58:11.153|DEBUG|ArtifactScraper|Parsing artifact substat: hp+4.1%
2026-09-29 07:58:11.153|DEBUG|ArtifactScraper|Parsing artifact substat: def+21
2026-09-29 07:58:11.153|DEBUG|ArtifactScraper|Parsing artifact substat: energyrecharge+6.5%
2026-09-29 07:58:11.153|DEBUG|ArtifactScraper|Parsing artifact substat: atk+19(unactivated)
2026-09-29 07:58:11.330|DEBUG|ArtifactScraper|Parsing artifact substat: hp+5.3%
2026-09-29 07:58:11.330|DEBUG|ArtifactScraper|Parsing artifact substat: def+7.3%
2026-09-29 07:58:11.330|DEBUG|ArtifactScraper|Parsing artifact substat: def+21
2026-09-29 07:58:11.330|DEBUG|ArtifactScraper|Parsing artifact substat: critdmg+6.2%(unactivated)
2026-09-29 07:58:13.330|DEBUG|ArtifactScraper|Scanning artifact page 18
2026-09-29 07:58:13.330|DEBUG|ArtifactScraper|Located 32 possible item locations on page.
2026-09-29 07:58:13.822|DEBUG|ArtifactScraper|Parsing artifact substat: critrate+2.7%
2026-09-29 07:58:13.822|DEBUG|ArtifactScraper|Parsing artifact substat: atk+14
2026-09-29 07:58:13.822|DEBUG|ArtifactScraper|Parsing artifact substat: elementalmastery+21
2026-09-29 07:58:13.822|DEBUG|ArtifactScraper|Parsing artifact substat: energyrecharge+4.5%
2026-09-29 07:58:14.061|DEBUG|ArtifactScraper|Parsing artifact substat: elementalmastery+23
2026-09-29 07:58:14.061|DEBUG|ArtifactScraper|Parsing artifact substat: energyrecharge+6.5%
2026-09-29 07:58:14.061|DEBUG|ArtifactScraper|Parsing artifact substat: critdmg+7.8%
2026-09-29 07:58:14.061|DEBUG|ArtifactScraper|Parsing artifact substat: atk+14
2026-09-29 07:58:14.199|DEBUG|ArtifactScraper|Parsing artifact substat: hp+4.1%
2026-09-29 07:58:14.199|DEBUG|ArtifactScraper|Parsing artifact substat: atk+19
2026-09-29 07:58:14.199|DEBUG|ArtifactScraper|Parsing artifact substat: hp+239
2026-09-29 07:58:14.199|DEBUG|ArtifactScraper|Parsing artifact substat: critrate+2.7%(unactivated)
2026-09-29 07:58:14.494|DEBUG|ArtifactScraper|Parsing artifact substat: elementalmastery+19
2026-09-29 07:58:14.494|DEBUG|ArtifactScraper|Parsing artifact substat: energyrecharge+6.5%
2026-09-29 07:58:14.494|DEBUG|ArtifactScraper|Parsing artifact substat: atk+4.7%
2026-09-29 07:58:14.494|DEBUG|ArtifactScraper|Parsing artifact substat: def+23(unactivated)
2026-09-29 07:58:14.559|DEBUG|ArtifactScraper|Parsing artifact substat: energyrecharge+6.5%
2026-09-29 07:58:14.559|DEBUG|ArtifactScraper|Parsing artifact substat: atk+18
2026-09-29 07:58:14.559|DEBUG|ArtifactScraper|Parsing artifact substat: elementalmastery+23
2026-09-29 07:58:14.559|DEBUG|ArtifactScraper|Parsing artifact substat: def+7.3%(unactivated)
2026-09-29 07:58:14.840|DEBUG|ArtifactScraper|Parsing artifact substat: def+16
2026-09-29 07:58:14.840|DEBUG|ArtifactScraper|Parsing artifact substat: energyrecharge+5.2%
2026-09-29 07:58:14.840|DEBUG|ArtifactScraper|Parsing artifact substat: atk+5.8%
2026-09-29 07:58:14.840|DEBUG|ArtifactScraper|Parsing artifact substat: critdmg+6.2%
2026-09-29 07:58:14.878|DEBUG|ArtifactScraper|Parsing artifact substat: def+23
2026-09-29 07:58:14.878|DEBUG|ArtifactScraper|Parsing artifact substat: def+7.3%
2026-09-29 07:58:14.878|DEBUG|ArtifactScraper|Parsing artifact substat: atk+14
2026-09-29 07:58:14.878|DEBUG|ArtifactScraper|Parsing artifact substat: atk+5.8%(unactivated)
2026-09-29 07:58:15.226|DEBUG|ArtifactScraper|Parsing artifact substat: def+5.1%
2026-09-29 07:58:15.226|DEBUG|ArtifactScraper|Parsing artifact substat: def+5.8%
2026-09-29 07:58:15.226|DEBUG|ArtifactScraper|Parsing artifact substat: def+23
2026-09-29 07:58:15.226|DEBUG|ArtifactScraper|Parsing artifact substat: hp+5.3%
2026-09-29 07:58:15.226|DEBUG|ArtifactScraper|Parsing artifact substat: energyrecharge+6.5%
2026-09-29 07:58:15.226|DEBUG|ArtifactScraper|Parsing artifact substat: atk+18
2026-09-29 07:58:15.226|DEBUG|ArtifactScraper|Parsing artifact substat: critrate+3.5%(unactivated)
2026-09-29 07:58:15.226|DEBUG|ArtifactScraper|Parsing artifact substat: atk+16(unactivated)
2026-09-29 07:58:15.537|DEBUG|ArtifactScraper|Parsing artifact substat: atk+19
2026-09-29 07:58:15.537|DEBUG|ArtifactScraper|Parsing artifact substat: elementalmastery+16
2026-09-29 07:58:15.537|DEBUG|ArtifactScraper|Parsing artifact substat: critdmg+7.8%
2026-09-29 07:58:15.537|DEBUG|ArtifactScraper|Parsing artifact substat: def+16(unactivated)
2026-09-29 07:58:15.632|DEBUG|ArtifactScraper|Parsing artifact substat: atk+19
2026-09-29 07:58:15.632|DEBUG|ArtifactScraper|Parsing artifact substat: def+19
2026-09-29 07:58:15.632|DEBUG|ArtifactScraper|Parsing artifact substat: critdmg+6.2%
2026-09-29 07:58:15.632|DEBUG|ArtifactScraper|Parsing artifact substat: energyrecharge+6.5%
2026-09-29 07:58:15.933|DEBUG|ArtifactScraper|Parsing artifact substat: hp+239
2026-09-29 07:58:15.933|DEBUG|ArtifactScraper|Parsing artifact substat: atk+5.8%
2026-09-29 07:58:15.933|DEBUG|ArtifactScraper|Parsing artifact substat: elementalmastery+19
2026-09-29 07:58:15.933|DEBUG|ArtifactScraper|Parsing artifact substat: energyrecharge+4.5%
2026-09-29 07:58:15.958|DEBUG|ArtifactScraper|Parsing artifact substat: hp+299
2026-09-29 07:58:15.958|DEBUG|ArtifactScraper|Parsing artifact substat: critdmg+6.2%
2026-09-29 07:58:15.958|DEBUG|ArtifactScraper|Parsing artifact substat: hp+5.8%
2026-09-29 07:58:15.958|DEBUG|ArtifactScraper|Parsing artifact substat: def+21(unactivated)
2026-09-29 07:58:16.308|DEBUG|ArtifactScraper|Parsing artifact substat: def+23
2026-09-29 07:58:16.308|DEBUG|ArtifactScraper|Parsing artifact substat: atk+5.8%
2026-09-29 07:58:16.308|DEBUG|ArtifactScraper|Parsing artifact substat: hp+239
2026-09-29 07:58:16.308|DEBUG|ArtifactScraper|Parsing artifact substat: hp+4.1%(unactivated)
2026-09-29 07:58:16.315|DEBUG|ArtifactScraper|Parsing artifact substat: hp+5.3%
2026-09-29 07:58:16.315|DEBUG|ArtifactScraper|Parsing artifact substat: elementalmastery+23
2026-09-29 07:58:16.315|DEBUG|ArtifactScraper|Parsing artifact substat: critrate+3.1%
2026-09-29 07:58:16.315|DEBUG|ArtifactScraper|Parsing artifact substat: atk+5.3%(unactivated)
2026-09-29 07:58:16.588|DEBUG|ArtifactScraper|Parsing artifact substat: hp+269
2026-09-29 07:58:16.588|DEBUG|ArtifactScraper|Parsing artifact substat: atk+4.1%
2026-09-29 07:58:16.588|DEBUG|ArtifactScraper|Parsing artifact substat: def+21
2026-09-29 07:58:16.588|DEBUG|ArtifactScraper|Parsing artifact substat: def+7.3%(unactivated)
2026-09-29 07:58:16.693|DEBUG|ArtifactScraper|Parsing artifact substat: hp+5.3%
2026-09-29 07:58:16.693|DEBUG|ArtifactScraper|Parsing artifact substat: def+23
2026-09-29 07:58:16.693|DEBUG|ArtifactScraper|Parsing artifact substat: hp+209
2026-09-29 07:58:16.693|DEBUG|ArtifactScraper|Parsing artifact substat: energyrecharge+5.2%
2026-09-29 07:58:16.976|DEBUG|ArtifactScraper|Parsing artifact substat: hp+239
2026-09-29 07:58:16.976|DEBUG|ArtifactScraper|Parsing artifact substat: def+19
2026-09-29 07:58:16.976|DEBUG|ArtifactScraper|Parsing artifact substat: def+5.8%
2026-09-29 07:58:16.976|DEBUG|ArtifactScraper|Parsing artifact substat: energyrecharge+5.8%
2026-09-29 07:58:17.005|DEBUG|ArtifactScraper|Parsing artifact substat: elementalmastery+16
2026-09-29 07:58:17.005|DEBUG|ArtifactScraper|Parsing artifact substat: hp+299
2026-09-29 07:58:17.005|DEBUG|ArtifactScraper|Parsing artifact substat: def+23
2026-09-29 07:58:17.005|DEBUG|ArtifactScraper|Parsing artifact substat: critrate+3.1%(unactivated)
2026-09-29 07:58:17.342|DEBUG|ArtifactScraper|Parsing artifact substat: hp+5.8%
2026-09-29 07:58:17.342|DEBUG|ArtifactScraper|Parsing artifact substat: energyrecharge+5.8%
2026-09-29 07:58:17.342|DEBUG|ArtifactScraper|Parsing artifact substat: elementalmastery+19
2026-09-29 07:58:17.342|DEBUG|ArtifactScraper|Parsing artifact substat: def+16
2026-09-29 07:58:17.353|DEBUG|ArtifactScraper|Parsing artifact substat: def+23
2026-09-29 07:58:17.353|DEBUG|ArtifactScraper|Parsing artifact substat: elementalmastery+23
2026-09-29 07:58:17.353|DEBUG|ArtifactScraper|Parsing artifact substat: def+7.3%
2026-09-29 07:58:17.353|DEBUG|ArtifactScraper|Parsing artifact substat: hp+239
2026-09-29 07:58:17.654|DEBUG|ArtifactScraper|Parsing artifact substat: atk+18
2026-09-29 07:58:17.654|DEBUG|ArtifactScraper|Parsing artifact substat: atk+5.3%
2026-09-29 07:58:17.654|DEBUG|ArtifactScraper|Parsing artifact substat: energyrecharge+5.2%
2026-09-29 07:58:17.654|DEBUG|ArtifactScraper|Parsing artifact substat: def+21(unactivated)
2026-09-29 07:58:17.715|DEBUG|ArtifactScraper|Parsing artifact substat: def+19
2026-09-29 07:58:17.715|DEBUG|ArtifactScraper|Parsing artifact substat: hp+4.1%
2026-09-29 07:58:17.715|DEBUG|ArtifactScraper|Parsing artifact substat: atk+14
2026-09-29 07:58:17.715|DEBUG|ArtifactScraper|Parsing artifact substat: elementalmastery+21
2026-09-29 07:58:18.000|DEBUG|ArtifactScraper|Parsing artifact substat: hp+239
2026-09-29 07:58:18.000|DEBUG|ArtifactScraper|Parsing artifact substat: atk+5.8%
2026-09-29 07:58:18.000|DEBUG|ArtifactScraper|Parsing artifact substat: hp+4.7%
2026-09-29 07:58:18.000|DEBUG|ArtifactScraper|Parsing artifact substat: atk+19(unactivated)
2026-09-29 07:58:18.094|DEBUG|ArtifactScraper|Parsing artifact substat: energyrecharge+5.2%
2026-09-29 07:58:18.094|DEBUG|ArtifactScraper|Parsing artifact substat: critrate+3.9%
2026-09-29 07:58:18.094|DEBUG|ArtifactScraper|Parsing artifact substat: atk+5.8%
2026-09-29 07:58:18.094|DEBUG|ArtifactScraper|Parsing artifact substat: hp+299(unactivated)
2026-09-29 07:58:18.364|DEBUG|ArtifactScraper|Parsing artifact substat: energyrecharge+5.8%
2026-09-29 07:58:18.364|DEBUG|ArtifactScraper|Parsing artifact substat: hp+299
2026-09-29 07:58:18.364|DEBUG|ArtifactScraper|Parsing artifact substat: def+23
2026-09-29 07:58:18.364|DEBUG|ArtifactScraper|Parsing artifact substat: atk+14(unactivated)
2026-09-29 07:58:18.407|DEBUG|ArtifactScraper|Parsing artifact substat: elementalmastery+21
2026-09-29 07:58:18.407|DEBUG|ArtifactScraper|Parsing artifact substat: critdmg+7.8%
2026-09-29 07:58:18.407|DEBUG|ArtifactScraper|Parsing artifact substat: def+21
2026-09-29 07:58:18.407|DEBUG|ArtifactScraper|Parsing artifact substat: atk+4.1%(unactivated)
2026-09-29 07:58:18.752|DEBUG|ArtifactScraper|Parsing artifact substat: def+19
2026-09-29 07:58:18.752|DEBUG|ArtifactScraper|Parsing artifact substat: hp+299
2026-09-29 07:58:18.752|DEBUG|ArtifactScraper|Parsing artifact substat: elementalmastery+19
2026-09-29 07:58:18.752|DEBUG|ArtifactScraper|Parsing artifact substat: def+5.8%
2026-09-29 07:58:18.797|DEBUG|ArtifactScraper|Parsing artifact substat: energyrecharge+5.2%
2026-09-29 07:58:18.797|DEBUG|ArtifactScraper|Parsing artifact substat: def+19
2026-09-29 07:58:18.797|DEBUG|ArtifactScraper|Parsing artifact substat: atk+16
2026-09-29 07:58:18.797|DEBUG|ArtifactScraper|Parsing artifact substat: atk+5.8%(unactivated)
2026-09-29 07:58:18.843|DEBUG|ArtifactScraper|Finished queuing page of artifacts. Scrolling...
2026-09-29 07:58:19.191|DEBUG|ArtifactScraper|Parsing artifact substat: critrate+3.5%
2026-09-29 07:58:19.191|DEBUG|ArtifactScraper|Parsing artifact substat: atk+5.3%
2026-09-29 07:58:19.191|DEBUG|ArtifactScraper|Parsing artifact substat: critdmg+7.8%
2026-09-29 07:58:19.191|DEBUG|ArtifactScraper|Parsing artifact substat: energyrecharge+6.5%
2026-09-29 07:58:19.264|DEBUG|ArtifactScraper|Parsing artifact substat: atk+18
2026-09-29 07:58:19.264|DEBUG|ArtifactScraper|Parsing artifact substat: hp+299
2026-09-29 07:58:19.264|DEBUG|ArtifactScraper|Parsing artifact substat: elementalmastery+23
2026-09-29 07:58:19.264|DEBUG|ArtifactScraper|Parsing artifact substat: def+5.1%(unactivated)
2026-09-29 07:58:19.308|DEBUG|ArtifactScraper|Parsing artifact substat: def+21
2026-09-29 07:58:19.308|DEBUG|ArtifactScraper|Parsing artifact substat: atk+5.8%
2026-09-29 07:58:19.308|DEBUG|ArtifactScraper|Parsing artifact substat: elementalmastery+16
2026-09-29 07:58:19.308|DEBUG|ArtifactScraper|Parsing artifact substat: atk+18(unactivated)
2026-09-29 07:58:21.370|DEBUG|ArtifactScraper|Scanning artifact page 19
2026-09-29 07:58:21.370|DEBUG|ArtifactScraper|Located 32 possible item locations on page.
2026-09-29 07:58:21.902|DEBUG|ArtifactScraper|Parsing artifact substat: def+7.3%
2026-09-29 07:58:21.902|DEBUG|ArtifactScraper|Parsing artifact substat: critdmg+7.8%
2026-09-29 07:58:21.902|DEBUG|ArtifactScraper|Parsing artifact substat: atk+4.1%
2026-09-29 07:58:21.902|DEBUG|ArtifactScraper|Parsing artifact substat: hp+269(unactivated)
2026-09-29 07:58:21.999|DEBUG|ArtifactScraper|Parsing artifact substat: energyrecharge+5.2%
2026-09-29 07:58:21.999|DEBUG|ArtifactScraper|Parsing artifact substat: atk+4.7%
2026-09-29 07:58:21.999|DEBUG|ArtifactScraper|Parsing artifact substat: hp+209
2026-09-29 07:58:21.999|DEBUG|ArtifactScraper|Parsing artifact substat: critdmg+7.8%
2026-09-29 07:58:22.243|DEBUG|ArtifactScraper|Parsing artifact substat: hp+239
2026-09-29 07:58:22.243|DEBUG|ArtifactScraper|Parsing artifact substat: energyrecharge+6.5%
2026-09-29 07:58:22.243|DEBUG|ArtifactScraper|Parsing artifact substat: hp+5.3%
2026-09-29 07:58:22.243|DEBUG|ArtifactScraper|Parsing artifact substat: critdmg+7.0%
2026-09-29 07:58:22.430|DEBUG|ArtifactScraper|Parsing artifact substat: elementalmastery+19
2026-09-29 07:58:22.430|DEBUG|ArtifactScraper|Parsing artifact substat: energyrecharge+6.5%
2026-09-29 07:58:22.430|DEBUG|ArtifactScraper|Parsing artifact substat: def+21
2026-09-29 07:58:22.430|DEBUG|ArtifactScraper|Parsing artifact substat: critdmg+7.8%(unactivated)
2026-09-29 07:58:22.502|DEBUG|ArtifactScraper|Parsing artifact substat: def+21
2026-09-29 07:58:22.502|DEBUG|ArtifactScraper|Parsing artifact substat: hp+5.8%
2026-09-29 07:58:22.502|DEBUG|ArtifactScraper|Parsing artifact substat: atk+18
2026-09-29 07:58:22.502|DEBUG|ArtifactScraper|Parsing artifact substat: hp+239(unactivated)
2026-09-29 07:58:22.809|DEBUG|ArtifactScraper|Parsing artifact substat: energyrecharge+6.5%
2026-09-29 07:58:22.809|DEBUG|ArtifactScraper|Parsing artifact substat: atk+16
2026-09-29 07:58:22.809|DEBUG|ArtifactScraper|Parsing artifact substat: hp+269
2026-09-29 07:58:22.809|DEBUG|ArtifactScraper|Parsing artifact substat: hp+5.8%(unactivated)
2026-09-29 07:58:22.884|DEBUG|ArtifactScraper|Parsing artifact substat: elementalmastery+16
2026-09-29 07:58:22.884|DEBUG|ArtifactScraper|Parsing artifact substat: atk+18
2026-09-29 07:58:22.884|DEBUG|ArtifactScraper|Parsing artifact substat: def+21
2026-09-29 07:58:22.884|DEBUG|ArtifactScraper|Parsing artifact substat: atk+5.8%(unactivated)
2026-09-29 07:58:23.167|DEBUG|ArtifactScraper|Parsing artifact substat: atk+5.8%
2026-09-29 07:58:23.167|DEBUG|ArtifactScraper|Parsing artifact substat: critrate+2.7%
2026-09-29 07:58:23.167|DEBUG|ArtifactScraper|Parsing artifact substat: atk+19
2026-09-29 07:58:23.167|DEBUG|ArtifactScraper|Parsing artifact substat: def+5.1%(unactivated)
2026-09-29 07:58:23.320|DEBUG|ArtifactScraper|Parsing artifact substat: critrate+3.5%
2026-09-29 07:58:23.320|DEBUG|ArtifactScraper|Parsing artifact substat: elementalmastery+21
2026-09-29 07:58:23.320|DEBUG|ArtifactScraper|Parsing artifact substat: energyrecharge+6.5%
2026-09-29 07:58:23.320|DEBUG|ArtifactScraper|Parsing artifact substat: atk+4.7%(unactivated)
2026-09-29 07:58:23.442|DEBUG|ArtifactScraper|Parsing artifact substat: def+6.6%
2026-09-29 07:58:23.442|DEBUG|ArtifactScraper|Parsing artifact substat: energyrecharge+6.5%
2026-09-29 07:58:23.442|DEBUG|ArtifactScraper|Parsing artifact substat: atk+5.8%
2026-09-29 07:58:23.442|DEBUG|ArtifactScraper|Parsing artifact substat: atk+18(unactivated)
2026-09-29 07:58:23.681|DEBUG|ArtifactScraper|Parsing artifact substat: def+7.3%
2026-09-29 07:58:23.681|DEBUG|ArtifactScraper|Parsing artifact substat: def+23
2026-09-29 07:58:23.681|DEBUG|ArtifactScraper|Parsing artifact substat: atk+18
2026-09-29 07:58:23.681|DEBUG|ArtifactScraper|Parsing artifact substat: energyrecharge+6.5%
2026-09-29 07:58:23.808|DEBUG|ArtifactScraper|Parsing artifact substat: hp+299
2026-09-29 07:58:23.808|DEBUG|ArtifactScraper|Parsing artifact substat: def+16
2026-09-29 07:58:23.808|DEBUG|ArtifactScraper|Parsing artifact substat: hp+5.8%
2026-09-29 07:58:23.808|DEBUG|ArtifactScraper|Parsing artifact substat: critdmg+5.4%(unactivated)
2026-09-29 07:58:24.074|DEBUG|ArtifactScraper|Parsing artifact substat: hp+269
2026-09-29 07:58:24.074|DEBUG|ArtifactScraper|Parsing artifact substat: def+21
2026-09-29 07:58:24.074|DEBUG|ArtifactScraper|Parsing artifact substat: hp+4.1%
2026-09-29 07:58:24.074|DEBUG|ArtifactScraper|Parsing artifact substat: energyrecharge+4.5%
2026-09-29 07:58:24.114|DEBUG|ArtifactScraper|Parsing artifact substat: hp+209
2026-09-29 07:58:24.114|DEBUG|ArtifactScraper|Parsing artifact substat: energyrecharge+4.5%
2026-09-29 07:58:24.114|DEBUG|ArtifactScraper|Parsing artifact substat: critrate+3.1%
2026-09-29 07:58:24.114|DEBUG|ArtifactScraper|Parsing artifact substat: atk+4.7%(unactivated)
2026-09-29 07:58:24.442|DEBUG|ArtifactScraper|Parsing artifact substat: critdmg+5.4%
2026-09-29 07:58:24.442|DEBUG|ArtifactScraper|Parsing artifact substat: atk+14
2026-09-29 07:58:24.442|DEBUG|ArtifactScraper|Parsing artifact substat: hp+269
2026-09-29 07:58:24.442|DEBUG|ArtifactScraper|Parsing artifact substat: critrate+3.1%
2026-09-29 07:58:24.542|DEBUG|ArtifactScraper|Parsing artifact substat: energyrecharge+4.5%
2026-09-29 07:58:24.542|DEBUG|ArtifactScraper|Parsing artifact substat: def+6.6%
2026-09-29 07:58:24.542|DEBUG|ArtifactScraper|Parsing artifact substat: elementalmastery+23
2026-09-29 07:58:24.542|DEBUG|ArtifactScraper|Parsing artifact substat: critdmg+6.2%(unactivated)
2026-09-29 07:58:24.776|DEBUG|ArtifactScraper|Parsing artifact substat: atk+18
2026-09-29 07:58:24.776|DEBUG|ArtifactScraper|Parsing artifact substat: energyrecharge+5.8%
2026-09-29 07:58:24.776|DEBUG|ArtifactScraper|Parsing artifact substat: def+23
2026-09-29 07:58:24.776|DEBUG|ArtifactScraper|Parsing artifact substat: critrate+3.1%(unactivated)
2026-09-29 07:58:24.837|DEBUG|ArtifactScraper|Parsing artifact substat: hp+239
2026-09-29 07:58:24.837|DEBUG|ArtifactScraper|Parsing artifact substat: energyrecharge+5.2%
2026-09-29 07:58:24.837|DEBUG|ArtifactScraper|Parsing artifact substat: elementalmastery+21
2026-09-29 07:58:24.837|DEBUG|ArtifactScraper|Parsing artifact substat: def+21
2026-09-29 07:58:25.150|DEBUG|ArtifactScraper|Parsing artifact substat: hp+5.8%
2026-09-29 07:58:25.150|DEBUG|ArtifactScraper|Parsing artifact substat: critdmg+7.8%
2026-09-29 07:58:25.150|DEBUG|ArtifactScraper|Parsing artifact substat: atk+5.8%
2026-09-29 07:58:25.150|DEBUG|ArtifactScraper|Parsing artifact substat: elementalmastery+19
2026-09-29 07:58:25.200|DEBUG|ArtifactScraper|Parsing artifact substat: hp+269
2026-09-29 07:58:25.200|DEBUG|ArtifactScraper|Parsing artifact substat: critdmg+7.0%
2026-09-29 07:58:25.200|DEBUG|ArtifactScraper|Parsing artifact substat: def+6.6%
2026-09-29 07:58:25.200|DEBUG|ArtifactScraper|Parsing artifact substat: energyrecharge+5.8%
2026-09-29 07:58:25.461|DEBUG|ArtifactScraper|Parsing artifact substat: hp+299
2026-09-29 07:58:25.461|DEBUG|ArtifactScraper|Parsing artifact substat: hp+4.1%
2026-09-29 07:58:25.461|DEBUG|ArtifactScraper|Parsing artifact substat: def+16
2026-09-29 07:58:25.461|DEBUG|ArtifactScraper|Parsing artifact substat: elementalmastery+23
2026-09-29 07:58:25.511|DEBUG|ArtifactScraper|Parsing artifact substat: atk+14
2026-09-29 07:58:25.511|DEBUG|ArtifactScraper|Parsing artifact substat: def+6.6%
2026-09-29 07:58:25.511|DEBUG|ArtifactScraper|Parsing artifact substat: def+23
2026-09-29 07:58:25.511|DEBUG|ArtifactScraper|Parsing artifact substat: critdmg+7.0%
2026-09-29 07:58:25.818|DEBUG|ArtifactScraper|Parsing artifact substat: def+16
2026-09-29 07:58:25.818|DEBUG|ArtifactScraper|Parsing artifact substat: hp+4.1%
2026-09-29 07:58:25.818|DEBUG|ArtifactScraper|Parsing artifact substat: atk+14
2026-09-29 07:58:25.818|DEBUG|ArtifactScraper|Parsing artifact substat: critdmg+7.0%(unactivated)
2026-09-29 07:58:25.918|DEBUG|ArtifactScraper|Parsing artifact substat: critdmg+7.0%
2026-09-29 07:58:25.918|DEBUG|ArtifactScraper|Parsing artifact substat: atk+19
2026-09-29 07:58:25.918|DEBUG|ArtifactScraper|Parsing artifact substat: elementalmastery+21
2026-09-29 07:58:25.918|DEBUG|ArtifactScraper|Parsing artifact substat: hp+209(unactivated)
2026-09-29 07:58:26.081|DEBUG|ArtifactScraper|Parsing artifact substat: atk+14
2026-09-29 07:58:26.081|DEBUG|ArtifactScraper|Parsing artifact substat: critrate+3.9%
2026-09-29 07:58:26.081|DEBUG|ArtifactScraper|Parsing artifact substat: atk+4.1%
2026-09-29 07:58:26.081|DEBUG|ArtifactScraper|Parsing artifact substat: hp+239(unactivated)
2026-09-29 07:58:26.279|DEBUG|ArtifactScraper|Parsing artifact substat: hp+269
2026-09-29 07:58:26.279|DEBUG|ArtifactScraper|Parsing artifact substat: def+19
2026-09-29 07:58:26.279|DEBUG|ArtifactScraper|Parsing artifact substat: critrate+3.9%
2026-09-29 07:58:26.279|DEBUG|ArtifactScraper|Parsing artifact substat: atk+19(unactivated)
2026-09-29 07:58:26.430|DEBUG|ArtifactScraper|Parsing artifact substat: atk+18
2026-09-29 07:58:26.430|DEBUG|ArtifactScraper|Parsing artifact substat: def+6.6%
2026-09-29 07:58:26.430|DEBUG|ArtifactScraper|Parsing artifact substat: def+19
2026-09-29 07:58:26.430|DEBUG|ArtifactScraper|Parsing artifact substat: energyrecharge+4.5%
2026-09-29 07:58:26.641|DEBUG|ArtifactScraper|Parsing artifact substat: critrate+3.9%
2026-09-29 07:58:26.641|DEBUG|ArtifactScraper|Parsing artifact substat: energyrecharge+5.8%
2026-09-29 07:58:26.641|DEBUG|ArtifactScraper|Parsing artifact substat: hp+4.7%
2026-09-29 07:58:26.641|DEBUG|ArtifactScraper|Parsing artifact substat: def+16
2026-09-29 07:58:26.777|DEBUG|ArtifactScraper|Parsing artifact substat: atk+14
2026-09-29 07:58:26.777|DEBUG|ArtifactScraper|Parsing artifact substat: hp+269
2026-09-29 07:58:26.777|DEBUG|ArtifactScraper|Parsing artifact substat: hp+5.3%
2026-09-29 07:58:26.777|DEBUG|ArtifactScraper|Parsing artifact substat: def+19(unactivated)
2026-09-29 07:58:26.934|DEBUG|ArtifactScraper|Finished queuing page of artifacts. Scrolling...
2026-09-29 07:58:26.968|DEBUG|ArtifactScraper|Parsing artifact substat: critdmg+5.4%
2026-09-29 07:58:26.968|DEBUG|ArtifactScraper|Parsing artifact substat: hp+299
2026-09-29 07:58:26.968|DEBUG|ArtifactScraper|Parsing artifact substat: elementalmastery+19
2026-09-29 07:58:26.968|DEBUG|ArtifactScraper|Parsing artifact substat: def+7.3%(unactivated)
2026-09-29 07:58:27.109|DEBUG|ArtifactScraper|Parsing artifact substat: atk+14
2026-09-29 07:58:27.109|DEBUG|ArtifactScraper|Parsing artifact substat: def+5.1%
2026-09-29 07:58:27.109|DEBUG|ArtifactScraper|Parsing artifact substat: critrate+3.5%
2026-09-29 07:58:27.109|DEBUG|ArtifactScraper|Parsing artifact substat: energyrecharge+6.5%
2026-09-29 07:58:27.227|DEBUG|ArtifactScraper|Parsing artifact substat: hp+239
2026-09-29 07:58:27.227|DEBUG|ArtifactScraper|Parsing artifact substat: elementalmastery+16
2026-09-29 07:58:27.227|DEBUG|ArtifactScraper|Parsing artifact substat: hp+4.7%
2026-09-29 07:58:27.227|DEBUG|ArtifactScraper|Parsing artifact substat: energyrecharge+6.5%
2026-09-29 07:58:28.921|DEBUG|ArtifactScraper|Scanning artifact page 20
2026-09-29 07:58:28.921|DEBUG|ArtifactScraper|Located 32 possible item locations on page.
2026-09-29 07:58:29.293|DEBUG|ArtifactScraper|Parsing artifact substat: atk+5.8%
2026-09-29 07:58:29.293|DEBUG|ArtifactScraper|Parsing artifact substat: atk+19
2026-09-29 07:58:29.293|DEBUG|ArtifactScraper|Parsing artifact substat: energyrecharge+5.8%
2026-09-29 07:58:29.293|DEBUG|ArtifactScraper|Parsing artifact substat: critdmg+7.0%(unactivated)
2026-09-29 07:58:29.553|DEBUG|ArtifactScraper|Parsing artifact substat: critrate+3.5%
2026-09-29 07:58:29.553|DEBUG|ArtifactScraper|Parsing artifact substat: critdmg+5.4%
2026-09-29 07:58:29.553|DEBUG|ArtifactScraper|Parsing artifact substat: atk+5.8%
2026-09-29 07:58:29.553|DEBUG|ArtifactScraper|Parsing artifact substat: hp+269(unactivated)
2026-09-29 07:58:29.764|DEBUG|ArtifactScraper|Parsing artifact substat: critrate+3.9%
2026-09-29 07:58:29.764|DEBUG|ArtifactScraper|Parsing artifact substat: energyrecharge+5.8%
2026-09-29 07:58:29.764|DEBUG|ArtifactScraper|Parsing artifact substat: critdmg+5.4%
2026-09-29 07:58:29.764|DEBUG|ArtifactScraper|Parsing artifact substat: hp+269(unactivated)
2026-09-29 07:58:29.861|DEBUG|ArtifactScraper|Parsing artifact substat: critdmg+5.4%
2026-09-29 07:58:29.861|DEBUG|ArtifactScraper|Parsing artifact substat: atk+16
2026-09-29 07:58:29.861|DEBUG|ArtifactScraper|Parsing artifact substat: atk+4.7%
2026-09-29 07:58:29.861|DEBUG|ArtifactScraper|Parsing artifact substat: hp+5.8%(unactivated)
2026-09-29 07:58:30.135|DEBUG|ArtifactScraper|Parsing artifact substat: critdmg+6.2%
2026-09-29 07:58:30.135|DEBUG|ArtifactScraper|Parsing artifact substat: critrate+3.9%
2026-09-29 07:58:30.135|DEBUG|ArtifactScraper|Parsing artifact substat: elementalmastery+23
2026-09-29 07:58:30.135|DEBUG|ArtifactScraper|Parsing artifact substat: def+5.8%(unactivated)
2026-09-29 07:58:30.216|DEBUG|ArtifactScraper|Parsing artifact substat: energyrecharge+5.2%
2026-09-29 07:58:30.216|DEBUG|ArtifactScraper|Parsing artifact substat: critrate+3.5%
2026-09-29 07:58:30.216|DEBUG|ArtifactScraper|Parsing artifact substat: elementalmastery+16
2026-09-29 07:58:30.216|DEBUG|ArtifactScraper|Parsing artifact substat: atk+19
2026-09-29 07:58:30.457|DEBUG|ArtifactScraper|Parsing artifact substat: energyrecharge+5.2%
2026-09-29 07:58:30.457|DEBUG|ArtifactScraper|Parsing artifact substat: def+5.8%
2026-09-29 07:58:30.457|DEBUG|ArtifactScraper|Parsing artifact substat: elementalmastery+23
2026-09-29 07:58:30.457|DEBUG|ArtifactScraper|Parsing artifact substat: critrate+3.5%(unactivated)
2026-09-29 07:58:30.553|DEBUG|ArtifactScraper|Parsing artifact substat: def+7.3%
2026-09-29 07:58:30.553|DEBUG|ArtifactScraper|Parsing artifact substat: atk+19
2026-09-29 07:58:30.553|DEBUG|ArtifactScraper|Parsing artifact substat: hp+5.8%
2026-09-29 07:58:30.553|DEBUG|ArtifactScraper|Parsing artifact substat: energyrecharge+6.5%
2026-09-29 07:58:30.720|DEBUG|ArtifactScraper|Parsing artifact substat: critdmg+7.8%
2026-09-29 07:58:30.720|DEBUG|ArtifactScraper|Parsing artifact substat: def+21
2026-09-29 07:58:30.720|DEBUG|ArtifactScraper|Parsing artifact substat: atk+19
2026-09-29 07:58:30.720|DEBUG|ArtifactScraper|Parsing artifact substat: energyrecharge+6.5%
2026-09-29 07:58:30.859|DEBUG|ArtifactScraper|Parsing artifact substat: atk+18
2026-09-29 07:58:30.859|DEBUG|ArtifactScraper|Parsing artifact substat: def+23
2026-09-29 07:58:30.859|DEBUG|ArtifactScraper|Parsing artifact substat: hp+4.1%
2026-09-29 07:58:30.859|DEBUG|ArtifactScraper|Parsing artifact substat: critdmg+7.8%(unactivated)
2026-09-29 07:58:31.047|DEBUG|ArtifactScraper|Parsing artifact substat: def+21
2026-09-29 07:58:31.047|DEBUG|ArtifactScraper|Parsing artifact substat: hp+5.3%
2026-09-29 07:58:31.047|DEBUG|ArtifactScraper|Parsing artifact substat: critdmg+7.8%
2026-09-29 07:58:31.047|DEBUG|ArtifactScraper|Parsing artifact substat: def+5.8%(unactivated)
2026-09-29 07:58:31.298|DEBUG|ArtifactScraper|Parsing artifact substat: atk+5.8%
2026-09-29 07:58:31.298|DEBUG|ArtifactScraper|Parsing artifact substat: energyrecharge+4.5%
2026-09-29 07:58:31.298|DEBUG|ArtifactScraper|Parsing artifact substat: hp+209
2026-09-29 07:58:31.298|DEBUG|ArtifactScraper|Parsing artifact substat: elementalmastery+19
2026-09-29 07:58:31.421|DEBUG|ArtifactScraper|Parsing artifact substat: hp+209
2026-09-29 07:58:31.421|DEBUG|ArtifactScraper|Parsing artifact substat: critdmg+6.2%
2026-09-29 07:58:31.421|DEBUG|ArtifactScraper|Parsing artifact substat: hp+5.8%
2026-09-29 07:58:31.421|DEBUG|ArtifactScraper|Parsing artifact substat: energyrecharge+6.5%
2026-09-29 07:58:31.628|DEBUG|ArtifactScraper|Parsing artifact substat: elementalmastery+23
2026-09-29 07:58:31.628|DEBUG|ArtifactScraper|Parsing artifact substat: hp+5.3%
2026-09-29 07:58:31.628|DEBUG|ArtifactScraper|Parsing artifact substat: def+21
2026-09-29 07:58:31.628|DEBUG|ArtifactScraper|Parsing artifact substat: hp+299(unactivated)
2026-09-29 07:58:31.761|DEBUG|ArtifactScraper|Parsing artifact substat: def+16
2026-09-29 07:58:31.761|DEBUG|ArtifactScraper|Parsing artifact substat: atk+5.8%
2026-09-29 07:58:31.761|DEBUG|ArtifactScraper|Parsing artifact substat: hp+239
2026-09-29 07:58:31.761|DEBUG|ArtifactScraper|Parsing artifact substat: energyrecharge+6.5%
2026-09-29 07:58:31.866|DEBUG|ArtifactScraper|Parsing artifact substat: hp+4.1%
2026-09-29 07:58:31.866|DEBUG|ArtifactScraper|Parsing artifact substat: critrate+3.5%
2026-09-29 07:58:31.866|DEBUG|ArtifactScraper|Parsing artifact substat: atk+14
2026-09-29 07:58:31.866|DEBUG|ArtifactScraper|Parsing artifact substat: def+21(unactivated)
2026-09-29 07:58:32.063|DEBUG|ArtifactScraper|Parsing artifact substat: atk+5.8%
2026-09-29 07:58:32.063|DEBUG|ArtifactScraper|Parsing artifact substat: elementalmastery+23
2026-09-29 07:58:32.063|DEBUG|ArtifactScraper|Parsing artifact substat: def+19
2026-09-29 07:58:32.063|DEBUG|ArtifactScraper|Parsing artifact substat: energyrecharge+4.5%
2026-09-29 07:58:32.366|DEBUG|ArtifactScraper|Parsing artifact substat: atk+5.3%
2026-09-29 07:58:32.366|DEBUG|ArtifactScraper|Parsing artifact substat: critrate+3.1%
2026-09-29 07:58:32.366|DEBUG|ArtifactScraper|Parsing artifact substat: hp+299
2026-09-29 07:58:32.366|DEBUG|ArtifactScraper|Parsing artifact substat: energyrecharge+5.8%
2026-09-29 07:58:32.446|DEBUG|ArtifactScraper|Parsing artifact substat: hp+269
2026-09-29 07:58:32.446|DEBUG|ArtifactScraper|Parsing artifact substat: atk+14
2026-09-29 07:58:32.446|DEBUG|ArtifactScraper|Parsing artifact substat: def+7.3%
2026-09-29 07:58:32.446|DEBUG|ArtifactScraper|Parsing artifact substat: elementalmastery+21
2026-09-29 07:58:32.703|DEBUG|ArtifactScraper|Parsing artifact substat: hp+299
2026-09-29 07:58:32.703|DEBUG|ArtifactScraper|Parsing artifact substat: hp+4.1%
2026-09-29 07:58:32.703|DEBUG|ArtifactScraper|Parsing artifact substat: elementalmastery+23
2026-09-29 07:58:32.703|DEBUG|ArtifactScraper|Parsing artifact substat: atk+18(unactivated)
2026-09-29 07:58:32.758|DEBUG|ArtifactScraper|Parsing artifact substat: atk+4.1%
2026-09-29 07:58:32.758|DEBUG|ArtifactScraper|Parsing artifact substat: def+23
2026-09-29 07:58:32.758|DEBUG|ArtifactScraper|Parsing artifact substat: atk+19
2026-09-29 07:58:32.758|DEBUG|ArtifactScraper|Parsing artifact substat: critrate+2.7%(unactivated)
2026-09-29 07:58:33.002|DEBUG|ArtifactScraper|Parsing artifact substat: hp+4.7%
2026-09-29 07:58:33.002|DEBUG|ArtifactScraper|Parsing artifact substat: atk+5.8%
2026-09-29 07:58:33.002|DEBUG|ArtifactScraper|Parsing artifact substat: energyrecharge+5.2%
2026-09-29 07:58:33.002|DEBUG|ArtifactScraper|Parsing artifact substat: elementalmastery+19
2026-09-29 07:58:33.074|DEBUG|ArtifactScraper|Parsing artifact substat: hp+299
2026-09-29 07:58:33.074|DEBUG|ArtifactScraper|Parsing artifact substat: def+23
2026-09-29 07:58:33.074|DEBUG|ArtifactScraper|Parsing artifact substat: atk+18
2026-09-29 07:58:33.074|DEBUG|ArtifactScraper|Parsing artifact substat: atk+4.7%(unactivated)
2026-09-29 07:58:33.254|DEBUG|ArtifactScraper|Parsing artifact substat: hp+239
2026-09-29 07:58:33.254|DEBUG|ArtifactScraper|Parsing artifact substat: critdmg+5.4%
2026-09-29 07:58:33.254|DEBUG|ArtifactScraper|Parsing artifact substat: atk+16
2026-09-29 07:58:33.254|DEBUG|ArtifactScraper|Parsing artifact substat: elementalmastery+21
2026-09-29 07:58:33.581|DEBUG|ArtifactScraper|Parsing artifact substat: hp+209
2026-09-29 07:58:33.581|DEBUG|ArtifactScraper|Parsing artifact substat: atk+5.8%
2026-09-29 07:58:33.581|DEBUG|ArtifactScraper|Parsing artifact substat: def+5.1%
2026-09-29 07:58:33.581|DEBUG|ArtifactScraper|Parsing artifact substat: elementalmastery+16
2026-09-29 07:58:33.581|DEBUG|ArtifactScraper|Parsing artifact substat: hp+4.1%
2026-09-29 07:58:33.581|DEBUG|ArtifactScraper|Parsing artifact substat: elementalmastery+21
2026-09-29 07:58:33.581|DEBUG|ArtifactScraper|Parsing artifact substat: critrate+3.5%
2026-09-29 07:58:33.581|DEBUG|ArtifactScraper|Parsing artifact substat: def+23(unactivated)
2026-09-29 07:58:33.914|DEBUG|ArtifactScraper|Parsing artifact substat: def+23
2026-09-29 07:58:33.914|DEBUG|ArtifactScraper|Parsing artifact substat: atk+14
2026-09-29 07:58:33.914|DEBUG|ArtifactScraper|Parsing artifact substat: critrate+3.1%
2026-09-29 07:58:33.914|DEBUG|ArtifactScraper|Parsing artifact substat: def+7.3%
2026-09-29 07:58:33.942|DEBUG|ArtifactScraper|Parsing artifact substat: critdmg+6.2%
2026-09-29 07:58:33.942|DEBUG|ArtifactScraper|Parsing artifact substat: atk+4.7%
2026-09-29 07:58:33.942|DEBUG|ArtifactScraper|Parsing artifact substat: hp+5.3%
2026-09-29 07:58:33.942|DEBUG|ArtifactScraper|Parsing artifact substat: def+19(unactivated)
2026-09-29 07:58:34.188|DEBUG|ArtifactScraper|Parsing artifact substat: atk+19
2026-09-29 07:58:34.188|DEBUG|ArtifactScraper|Parsing artifact substat: elementalmastery+19
2026-09-29 07:58:34.188|DEBUG|ArtifactScraper|Parsing artifact substat: hp+239
2026-09-29 07:58:34.188|DEBUG|ArtifactScraper|Parsing artifact substat: atk+4.7%
2026-09-29 07:58:34.290|DEBUG|ArtifactScraper|Finished queuing page of artifacts. Scrolling...
2026-09-29 07:58:34.313|DEBUG|ArtifactScraper|Parsing artifact substat: elementalmastery+19
2026-09-29 07:58:34.313|DEBUG|ArtifactScraper|Parsing artifact substat: energyrecharge+6.5%
2026-09-29 07:58:34.313|DEBUG|ArtifactScraper|Parsing artifact substat: atk+14
2026-09-29 07:58:34.313|DEBUG|ArtifactScraper|Parsing artifact substat: def+19(unactivated)
2026-09-29 07:58:34.478|DEBUG|ArtifactScraper|Parsing artifact substat: atk+18
2026-09-29 07:58:34.478|DEBUG|ArtifactScraper|Parsing artifact substat: atk+5.3%
2026-09-29 07:58:34.478|DEBUG|ArtifactScraper|Parsing artifact substat: hp+4.7%
2026-09-29 07:58:34.478|DEBUG|ArtifactScraper|Parsing artifact substat: def+16(unactivated)
2026-09-29 07:58:34.613|DEBUG|ArtifactScraper|Parsing artifact substat: def+16
2026-09-29 07:58:34.613|DEBUG|ArtifactScraper|Parsing artifact substat: atk+16
2026-09-29 07:58:34.613|DEBUG|ArtifactScraper|Parsing artifact substat: critrate+3.9%
2026-09-29 07:58:34.613|DEBUG|ArtifactScraper|Parsing artifact substat: energyrecharge+6.5%
2026-09-29 07:58:36.310|DEBUG|ArtifactScraper|Scanning artifact page 21
2026-09-29 07:58:36.310|DEBUG|ArtifactScraper|Located 32 possible item locations on page.
2026-09-29 07:58:36.675|DEBUG|ArtifactScraper|Parsing artifact substat: energyrecharge+4.5%
2026-09-29 07:58:36.675|DEBUG|ArtifactScraper|Parsing artifact substat: hp+4.1%
2026-09-29 07:58:36.675|DEBUG|ArtifactScraper|Parsing artifact substat: def+19
2026-09-29 07:58:36.675|DEBUG|ArtifactScraper|Parsing artifact substat: elementalmastery+21
2026-09-29 07:58:36.920|DEBUG|ArtifactScraper|Parsing artifact substat: hp+5.8%
2026-09-29 07:58:36.920|DEBUG|ArtifactScraper|Parsing artifact substat: atk+5.8%
2026-09-29 07:58:36.920|DEBUG|ArtifactScraper|Parsing artifact substat: atk+14
2026-09-29 07:58:36.920|DEBUG|ArtifactScraper|Parsing artifact substat: elementalmastery+23
2026-09-29 07:58:37.127|DEBUG|ArtifactScraper|Parsing artifact substat: atk+5.3%
2026-09-29 07:58:37.127|DEBUG|ArtifactScraper|Parsing artifact substat: critrate+3.1%
2026-09-29 07:58:37.127|DEBUG|ArtifactScraper|Parsing artifact substat: energyrecharge+5.2%
2026-09-29 07:58:37.127|DEBUG|ArtifactScraper|Parsing artifact substat: critdmg+5.4%(unactivated)
2026-09-29 07:58:37.231|DEBUG|ArtifactScraper|Parsing artifact substat: def+5.1%
2026-09-29 07:58:37.231|DEBUG|ArtifactScraper|Parsing artifact substat: atk+5.3%
2026-09-29 07:58:37.231|DEBUG|ArtifactScraper|Parsing artifact substat: critrate+3.9%
2026-09-29 07:58:37.231|DEBUG|ArtifactScraper|Parsing artifact substat: hp+4.1%(unactivated)
2026-09-29 07:58:37.396|DEBUG|ArtifactScraper|Parsing artifact substat: atk+19
2026-09-29 07:58:37.396|DEBUG|ArtifactScraper|Parsing artifact substat: energyrecharge+5.8%
2026-09-29 07:58:37.396|DEBUG|ArtifactScraper|Parsing artifact substat: def+5.1%
2026-09-29 07:58:37.396|DEBUG|ArtifactScraper|Parsing artifact substat: hp+5.8%
2026-09-29 07:58:37.510|DEBUG|ArtifactScraper|Parsing artifact substat: hp+5.8%
2026-09-29 07:58:37.510|DEBUG|ArtifactScraper|Parsing artifact substat: def+5.1%
2026-09-29 07:58:37.510|DEBUG|ArtifactScraper|Parsing artifact substat: def+16
2026-09-29 07:58:37.510|DEBUG|ArtifactScraper|Parsing artifact substat: atk+14
2026-09-29 07:58:37.712|DEBUG|ArtifactScraper|Parsing artifact substat: atk+19
2026-09-29 07:58:37.712|DEBUG|ArtifactScraper|Parsing artifact substat: energyrecharge+5.2%
2026-09-29 07:58:37.712|DEBUG|ArtifactScraper|Parsing artifact substat: elementalmastery+16
2026-09-29 07:58:37.712|DEBUG|ArtifactScraper|Parsing artifact substat: hp+5.8%(unactivated)
2026-09-29 07:58:37.967|DEBUG|ArtifactScraper|Parsing artifact substat: atk+18
2026-09-29 07:58:37.967|DEBUG|ArtifactScraper|Parsing artifact substat: hp+4.1%
2026-09-29 07:58:37.967|DEBUG|ArtifactScraper|Parsing artifact substat: def+16
2026-09-29 07:58:37.967|DEBUG|ArtifactScraper|Parsing artifact substat: atk+5.8%(unactivated)
2026-09-29 07:58:38.083|DEBUG|ArtifactScraper|Parsing artifact substat: def+16
2026-09-29 07:58:38.083|DEBUG|ArtifactScraper|Parsing artifact substat: hp+4.1%
2026-09-29 07:58:38.083|DEBUG|ArtifactScraper|Parsing artifact substat: atk+18
2026-09-29 07:58:38.083|DEBUG|ArtifactScraper|Parsing artifact substat: critrate+3.5%(unactivated)
2026-09-29 07:58:38.286|DEBUG|ArtifactScraper|Parsing artifact substat: atk+19
2026-09-29 07:58:38.286|DEBUG|ArtifactScraper|Parsing artifact substat: critdmg+7.0%
2026-09-29 07:58:38.286|DEBUG|ArtifactScraper|Parsing artifact substat: def+5.8%
2026-09-29 07:58:38.286|DEBUG|ArtifactScraper|Parsing artifact substat: hp+4.7%(unactivated)
2026-09-29 07:58:38.419|DEBUG|ArtifactScraper|Parsing artifact substat: def+23
2026-09-29 07:58:38.419|DEBUG|ArtifactScraper|Parsing artifact substat: energyrecharge+4.5%
2026-09-29 07:58:38.419|DEBUG|ArtifactScraper|Parsing artifact substat: atk+18
2026-09-29 07:58:38.419|DEBUG|ArtifactScraper|Parsing artifact substat: atk+5.3%(unactivated)
2026-09-29 07:58:38.570|DEBUG|ArtifactScraper|Parsing artifact substat: def+19
2026-09-29 07:58:38.570|DEBUG|ArtifactScraper|Parsing artifact substat: energyrecharge+4.5%
2026-09-29 07:58:38.570|DEBUG|ArtifactScraper|Parsing artifact substat: atk+4.1%
2026-09-29 07:58:38.570|DEBUG|ArtifactScraper|Parsing artifact substat: atk+16(unactivated)
2026-09-29 07:58:38.740|DEBUG|ArtifactScraper|Parsing artifact substat: atk+4.1%
2026-09-29 07:58:38.740|DEBUG|ArtifactScraper|Parsing artifact substat: def+19
2026-09-29 07:58:38.740|DEBUG|ArtifactScraper|Parsing artifact substat: elementalmastery+21
2026-09-29 07:58:38.740|DEBUG|ArtifactScraper|Parsing artifact substat: def+7.3%(unactivated)
2026-09-29 07:58:38.899|DEBUG|ArtifactScraper|Parsing artifact substat: energyrecharge+5.8%
2026-09-29 07:58:38.899|DEBUG|ArtifactScraper|Parsing artifact substat: critrate+2.7%
2026-09-29 07:58:38.899|DEBUG|ArtifactScraper|Parsing artifact substat: hp+5.3%
2026-09-29 07:58:38.899|DEBUG|ArtifactScraper|Parsing artifact substat: critdmg+7.8%(unactivated)
2026-09-29 07:58:39.041|DEBUG|ArtifactScraper|Parsing artifact substat: hp+4.1%
2026-09-29 07:58:39.041|DEBUG|ArtifactScraper|Parsing artifact substat: def+19
2026-09-29 07:58:39.041|DEBUG|ArtifactScraper|Parsing artifact substat: hp+269
2026-09-29 07:58:39.041|DEBUG|ArtifactScraper|Parsing artifact substat: elementalmastery+21
2026-09-29 07:58:39.210|DEBUG|ArtifactScraper|Parsing artifact substat: def+5.8%
2026-09-29 07:58:39.210|DEBUG|ArtifactScraper|Parsing artifact substat: def+21
2026-09-29 07:58:39.210|DEBUG|ArtifactScraper|Parsing artifact substat: hp+5.8%
2026-09-29 07:58:39.210|DEBUG|ArtifactScraper|Parsing artifact substat: atk+5.8%(unactivated)
2026-09-29 07:58:39.518|DEBUG|ArtifactScraper|Parsing artifact substat: def+5.1%
2026-09-29 07:58:39.518|DEBUG|ArtifactScraper|Parsing artifact substat: energyrecharge+4.5%
2026-09-29 07:58:39.518|DEBUG|ArtifactScraper|Parsing artifact substat: def+19
2026-09-29 07:58:39.518|DEBUG|ArtifactScraper|Parsing artifact substat: hp+5.3%(unactivated)
2026-09-29 07:58:39.633|DEBUG|ArtifactScraper|Parsing artifact substat: critrate+2.7%
2026-09-29 07:58:39.633|DEBUG|ArtifactScraper|Parsing artifact substat: def+16
2026-09-29 07:58:39.633|DEBUG|ArtifactScraper|Parsing artifact substat: energyrecharge+6.5%
2026-09-29 07:58:39.633|DEBUG|ArtifactScraper|Parsing artifact substat: def+5.8%(unactivated)
2026-09-29 07:58:39.862|DEBUG|ArtifactScraper|Parsing artifact substat: energyrecharge+5.8%
2026-09-29 07:58:39.862|DEBUG|ArtifactScraper|Parsing artifact substat: atk+18
2026-09-29 07:58:39.862|DEBUG|ArtifactScraper|Parsing artifact substat: def+23
2026-09-29 07:58:39.862|DEBUG|ArtifactScraper|Parsing artifact substat: critdmg+7.8%(unactivated)
2026-09-29 07:58:39.950|DEBUG|ArtifactScraper|Parsing artifact substat: energyrecharge+5.8%
2026-09-29 07:58:39.950|DEBUG|ArtifactScraper|Parsing artifact substat: critrate+3.5%
2026-09-29 07:58:39.950|DEBUG|ArtifactScraper|Parsing artifact substat: def+23
2026-09-29 07:58:39.950|DEBUG|ArtifactScraper|Parsing artifact substat: atk+5.8%
2026-09-29 07:58:40.158|DEBUG|ArtifactScraper|Parsing artifact substat: atk+16
2026-09-29 07:58:40.158|DEBUG|ArtifactScraper|Parsing artifact substat: def+5.1%
2026-09-29 07:58:40.158|DEBUG|ArtifactScraper|Parsing artifact substat: def+19
2026-09-29 07:58:40.159|DEBUG|ArtifactScraper|Parsing artifact substat: energyrecharge+5.2%
2026-09-29 07:58:40.292|DEBUG|ArtifactScraper|Parsing artifact substat: atk+16
2026-09-29 07:58:40.292|DEBUG|ArtifactScraper|Parsing artifact substat: hp+269
2026-09-29 07:58:40.292|DEBUG|ArtifactScraper|Parsing artifact substat: elementalmastery+19
2026-09-29 07:58:40.292|DEBUG|ArtifactScraper|Parsing artifact substat: def+21(unactivated)
2026-09-29 07:58:40.431|DEBUG|ArtifactScraper|Parsing artifact substat: hp+269
2026-09-29 07:58:40.431|DEBUG|ArtifactScraper|Parsing artifact substat: def+7.3%
2026-09-29 07:58:40.431|DEBUG|ArtifactScraper|Parsing artifact substat: atk+5.8%
2026-09-29 07:58:40.431|DEBUG|ArtifactScraper|Parsing artifact substat: energyrecharge+4.5%
2026-09-29 07:58:40.613|DEBUG|ArtifactScraper|Parsing artifact substat: atk+5.8%
2026-09-29 07:58:40.613|DEBUG|ArtifactScraper|Parsing artifact substat: def+19
2026-09-29 07:58:40.613|DEBUG|ArtifactScraper|Parsing artifact substat: hp+5.3%
2026-09-29 07:58:40.613|DEBUG|ArtifactScraper|Parsing artifact substat: def+7.3%(unactivated)
2026-09-29 07:58:40.778|DEBUG|ArtifactScraper|Parsing artifact substat: atk+16
2026-09-29 07:58:40.778|DEBUG|ArtifactScraper|Parsing artifact substat: def+16
2026-09-29 07:58:40.778|DEBUG|ArtifactScraper|Parsing artifact substat: energyrecharge+5.2%
2026-09-29 07:58:40.778|DEBUG|ArtifactScraper|Parsing artifact substat: hp+239(unactivated)
2026-09-29 07:58:40.920|DEBUG|ArtifactScraper|Parsing artifact substat: energyrecharge+6.5%
2026-09-29 07:58:40.920|DEBUG|ArtifactScraper|Parsing artifact substat: atk+16
2026-09-29 07:58:40.920|DEBUG|ArtifactScraper|Parsing artifact substat: hp+269
2026-09-29 07:58:40.920|DEBUG|ArtifactScraper|Parsing artifact substat: hp+5.8%(unactivated)
2026-09-29 07:58:41.207|DEBUG|ArtifactScraper|Parsing artifact substat: def+16
2026-09-29 07:58:41.207|DEBUG|ArtifactScraper|Parsing artifact substat: elementalmastery+21
2026-09-29 07:58:41.207|DEBUG|ArtifactScraper|Parsing artifact substat: hp+5.3%
2026-09-29 07:58:41.207|DEBUG|ArtifactScraper|Parsing artifact substat: hp+239(unactivated)
2026-09-29 07:58:41.336|DEBUG|ArtifactScraper|Parsing artifact substat: atk+16
2026-09-29 07:58:41.336|DEBUG|ArtifactScraper|Parsing artifact substat: hp+209
2026-09-29 07:58:41.336|DEBUG|ArtifactScraper|Parsing artifact substat: def+5.1%
2026-09-29 07:58:41.336|DEBUG|ArtifactScraper|Parsing artifact substat: energyrecharge+6.5%
2026-09-29 07:58:41.500|DEBUG|ArtifactScraper|Parsing artifact substat: def+19
2026-09-29 07:58:41.500|DEBUG|ArtifactScraper|Parsing artifact substat: atk+4.7%
2026-09-29 07:58:41.500|DEBUG|ArtifactScraper|Parsing artifact substat: atk+18
2026-09-29 07:58:41.500|DEBUG|ArtifactScraper|Parsing artifact substat: hp+209(unactivated)
2026-09-29 07:58:41.638|DEBUG|ArtifactScraper|Parsing artifact substat: hp+4.7%
2026-09-29 07:58:41.638|DEBUG|ArtifactScraper|Parsing artifact substat: def+23
2026-09-29 07:58:41.638|DEBUG|ArtifactScraper|Parsing artifact substat: critdmg+7.0%
2026-09-29 07:58:41.638|DEBUG|ArtifactScraper|Parsing artifact substat: def+5.8%(unactivated)
2026-09-29 07:58:41.655|DEBUG|ArtifactScraper|Finished queuing page of artifacts. Scrolling...
2026-09-29 07:58:41.791|DEBUG|ArtifactScraper|Parsing artifact substat: def+6.6%
2026-09-29 07:58:41.791|DEBUG|ArtifactScraper|Parsing artifact substat: def+16
2026-09-29 07:58:41.791|DEBUG|ArtifactScraper|Parsing artifact substat: elementalmastery+16
2026-09-29 07:58:41.791|DEBUG|ArtifactScraper|Parsing artifact substat: critrate+2.7%(unactivated)
2026-09-29 07:58:41.952|DEBUG|ArtifactScraper|Parsing artifact substat: hp+269
2026-09-29 07:58:41.952|DEBUG|ArtifactScraper|Parsing artifact substat: energyrecharge+4.5%
2026-09-29 07:58:41.952|DEBUG|ArtifactScraper|Parsing artifact substat: def+16
2026-09-29 07:58:41.952|DEBUG|ArtifactScraper|Parsing artifact substat: hp+4.1%
2026-09-29 07:58:44.095|DEBUG|ArtifactScraper|Scanning artifact page 22
2026-09-29 07:58:44.095|DEBUG|ArtifactScraper|Located 32 possible item locations on page.
2026-09-29 07:58:44.581|DEBUG|ArtifactScraper|Parsing artifact substat: def+5.8%
2026-09-29 07:58:44.581|DEBUG|ArtifactScraper|Parsing artifact substat: def+16
2026-09-29 07:58:44.581|DEBUG|ArtifactScraper|Parsing artifact substat: hp+4.1%
2026-09-29 07:58:44.581|DEBUG|ArtifactScraper|Parsing artifact substat: energyrecharge+4.5%
2026-09-29 07:58:44.761|DEBUG|ArtifactScraper|Parsing artifact substat: critrate+3.9%
2026-09-29 07:58:44.761|DEBUG|ArtifactScraper|Parsing artifact substat: def+23
2026-09-29 07:58:44.761|DEBUG|ArtifactScraper|Parsing artifact substat: elementalmastery+16
2026-09-29 07:58:44.761|DEBUG|ArtifactScraper|Parsing artifact substat: atk+5.3%(unactivated)
2026-09-29 07:58:44.954|DEBUG|ArtifactScraper|Parsing artifact substat: critrate+2.7%
2026-09-29 07:58:44.954|DEBUG|ArtifactScraper|Parsing artifact substat: energyrecharge+5.2%
2026-09-29 07:58:44.954|DEBUG|ArtifactScraper|Parsing artifact substat: atk+18
2026-09-29 07:58:44.954|DEBUG|ArtifactScraper|Parsing artifact substat: hp+239(unactivated)
2026-09-29 07:58:45.163|DEBUG|ArtifactScraper|Parsing artifact substat: energyrecharge+4.5%
2026-09-29 07:58:45.163|DEBUG|ArtifactScraper|Parsing artifact substat: def+21
2026-09-29 07:58:45.163|DEBUG|ArtifactScraper|Parsing artifact substat: elementalmastery+16
2026-09-29 07:58:45.163|DEBUG|ArtifactScraper|Parsing artifact substat: hp+4.1%(unactivated)
2026-09-29 07:58:45.364|DEBUG|ArtifactScraper|Parsing artifact substat: atk+14
2026-09-29 07:58:45.364|DEBUG|ArtifactScraper|Parsing artifact substat: def+5.8%
2026-09-29 07:58:45.364|DEBUG|ArtifactScraper|Parsing artifact substat: energyrecharge+5.2%
2026-09-29 07:58:45.364|DEBUG|ArtifactScraper|Parsing artifact substat: def+19(unactivated)
2026-09-29 07:58:45.510|DEBUG|ArtifactScraper|Parsing artifact substat: elementalmastery+21
2026-09-29 07:58:45.510|DEBUG|ArtifactScraper|Parsing artifact substat: atk+14
2026-09-29 07:58:45.510|DEBUG|ArtifactScraper|Parsing artifact substat: critrate+3.1%
2026-09-29 07:58:45.510|DEBUG|ArtifactScraper|Parsing artifact substat: def+7.3%(unactivated)
2026-09-29 07:58:45.743|DEBUG|ArtifactScraper|Parsing artifact substat: def+23
2026-09-29 07:58:45.743|DEBUG|ArtifactScraper|Parsing artifact substat: hp+239
2026-09-29 07:58:45.743|DEBUG|ArtifactScraper|Parsing artifact substat: atk+16
2026-09-29 07:58:45.743|DEBUG|ArtifactScraper|Parsing artifact substat: critdmg+5.4%(unactivated)
2026-09-29 07:58:45.844|DEBUG|ArtifactScraper|Parsing artifact substat: critdmg+7.0%
2026-09-29 07:58:45.844|DEBUG|ArtifactScraper|Parsing artifact substat: elementalmastery+23
2026-09-29 07:58:45.844|DEBUG|ArtifactScraper|Parsing artifact substat: hp+239
2026-09-29 07:58:45.844|DEBUG|ArtifactScraper|Parsing artifact substat: def+6.6%(unactivated)
2026-09-29 07:58:46.146|DEBUG|ArtifactScraper|Parsing artifact substat: elementalmastery+23
2026-09-29 07:58:46.146|DEBUG|ArtifactScraper|Parsing artifact substat: critdmg+7.8%
2026-09-29 07:58:46.146|DEBUG|ArtifactScraper|Parsing artifact substat: def+5.1%
2026-09-29 07:58:46.146|DEBUG|ArtifactScraper|Parsing artifact substat: atk+14(unactivated)
2026-09-29 07:58:46.161|DEBUG|ArtifactScraper|Parsing artifact substat: hp+239
2026-09-29 07:58:46.161|DEBUG|ArtifactScraper|Parsing artifact substat: critrate+3.9%
2026-09-29 07:58:46.161|DEBUG|ArtifactScraper|Parsing artifact substat: critdmg+7.8%
2026-09-29 07:58:46.161|DEBUG|ArtifactScraper|Parsing artifact substat: atk+18(unactivated)
2026-09-29 07:58:46.499|DEBUG|ArtifactScraper|Parsing artifact substat: def+5.1%
2026-09-29 07:58:46.499|DEBUG|ArtifactScraper|Parsing artifact substat: elementalmastery+16
2026-09-29 07:58:46.499|DEBUG|ArtifactScraper|Parsing artifact substat: atk+5.8%
2026-09-29 07:58:46.499|DEBUG|ArtifactScraper|Parsing artifact substat: atk+18(unactivated)
2026-09-29 07:58:46.531|DEBUG|ArtifactScraper|Parsing artifact substat: def+5.8%
2026-09-29 07:58:46.531|DEBUG|ArtifactScraper|Parsing artifact substat: atk+14
2026-09-29 07:58:46.531|DEBUG|ArtifactScraper|Parsing artifact substat: critdmg+7.0%
2026-09-29 07:58:46.531|DEBUG|ArtifactScraper|Parsing artifact substat: hp+4.1%(unactivated)
2026-09-29 07:58:46.850|DEBUG|ArtifactScraper|Parsing artifact substat: hp+269
2026-09-29 07:58:46.850|DEBUG|ArtifactScraper|Parsing artifact substat: atk+5.8%
2026-09-29 07:58:46.850|DEBUG|ArtifactScraper|Parsing artifact substat: elementalmastery+23
2026-09-29 07:58:46.850|DEBUG|ArtifactScraper|Parsing artifact substat: critdmg+5.4%(unactivated)
2026-09-29 07:58:46.901|DEBUG|ArtifactScraper|Parsing artifact substat: energyrecharge+6.5%
2026-09-29 07:58:46.901|DEBUG|ArtifactScraper|Parsing artifact substat: def+6.6%
2026-09-29 07:58:46.901|DEBUG|ArtifactScraper|Parsing artifact substat: hp+4.1%
2026-09-29 07:58:46.901|DEBUG|ArtifactScraper|Parsing artifact substat: def+21(unactivated)
2026-09-29 07:58:47.222|DEBUG|ArtifactScraper|Parsing artifact substat: critrate+3.1%
2026-09-29 07:58:47.222|DEBUG|ArtifactScraper|Parsing artifact substat: critdmg+7.0%
2026-09-29 07:58:47.222|DEBUG|ArtifactScraper|Parsing artifact substat: hp+209
2026-09-29 07:58:47.222|DEBUG|ArtifactScraper|Parsing artifact substat: def+21(unactivated)
2026-09-29 07:58:47.257|DEBUG|ArtifactScraper|Parsing artifact substat: def+5.1%
2026-09-29 07:58:47.257|DEBUG|ArtifactScraper|Parsing artifact substat: def+16
2026-09-29 07:58:47.257|DEBUG|ArtifactScraper|Parsing artifact substat: hp+209
2026-09-29 07:58:47.257|DEBUG|ArtifactScraper|Parsing artifact substat: critdmg+5.4%
2026-09-29 07:58:47.368|DEBUG|ArtifactScraper|Parsing artifact substat: energyrecharge+5.8%
2026-09-29 07:58:47.368|DEBUG|ArtifactScraper|Parsing artifact substat: def+21
2026-09-29 07:58:47.368|DEBUG|ArtifactScraper|Parsing artifact substat: critrate+3.9%
2026-09-29 07:58:47.368|DEBUG|ArtifactScraper|Parsing artifact substat: atk+18(unactivated)
2026-09-29 07:58:47.652|DEBUG|ArtifactScraper|Parsing artifact substat: energyrecharge+6.5%
2026-09-29 07:58:47.652|DEBUG|ArtifactScraper|Parsing artifact substat: atk+14
2026-09-29 07:58:47.652|DEBUG|ArtifactScraper|Parsing artifact substat: def+6.6%
2026-09-29 07:58:47.652|DEBUG|ArtifactScraper|Parsing artifact substat: hp+239(unactivated)
2026-09-29 07:58:47.688|DEBUG|ArtifactScraper|Parsing artifact substat: elementalmastery+23
2026-09-29 07:58:47.688|DEBUG|ArtifactScraper|Parsing artifact substat: energyrecharge+6.5%
2026-09-29 07:58:47.688|DEBUG|ArtifactScraper|Parsing artifact substat: def+16
2026-09-29 07:58:47.688|DEBUG|ArtifactScraper|Parsing artifact substat: critrate+3.5%(unactivated)
2026-09-29 07:58:47.986|DEBUG|ArtifactScraper|Parsing artifact substat: energyrecharge+6.5%
2026-09-29 07:58:47.986|DEBUG|ArtifactScraper|Parsing artifact substat: atk+19
2026-09-29 07:58:47.986|DEBUG|ArtifactScraper|Parsing artifact substat: hp+5.3%
2026-09-29 07:58:47.986|DEBUG|ArtifactScraper|Parsing artifact substat: atk+4.1%
2026-09-29 07:58:48.040|DEBUG|ArtifactScraper|Parsing artifact substat: critdmg+7.0%
2026-09-29 07:58:48.040|DEBUG|ArtifactScraper|Parsing artifact substat: def+21
2026-09-29 07:58:48.040|DEBUG|ArtifactScraper|Parsing artifact substat: atk+19
2026-09-29 07:58:48.040|DEBUG|ArtifactScraper|Parsing artifact substat: hp+4.1%(unactivated)
2026-09-29 07:58:48.352|DEBUG|ArtifactScraper|Parsing artifact substat: energyrecharge+4.5%
2026-09-29 07:58:48.352|DEBUG|ArtifactScraper|Parsing artifact substat: hp+209
2026-09-29 07:58:48.352|DEBUG|ArtifactScraper|Parsing artifact substat: critrate+3.1%
2026-09-29 07:58:48.352|DEBUG|ArtifactScraper|Parsing artifact substat: atk+5.8%(unactivated)
2026-09-29 07:58:48.432|DEBUG|ArtifactScraper|Parsing artifact substat: elementalmastery+21
2026-09-29 07:58:48.432|DEBUG|ArtifactScraper|Parsing artifact substat: energyrecharge+6.5%
2026-09-29 07:58:48.432|DEBUG|ArtifactScraper|Parsing artifact substat: critrate+3.9%
2026-09-29 07:58:48.432|DEBUG|ArtifactScraper|Parsing artifact substat: def+5.8%(unactivated)
2026-09-29 07:58:48.690|DEBUG|ArtifactScraper|Parsing artifact substat: elementalmastery+19
2026-09-29 07:58:48.690|DEBUG|ArtifactScraper|Parsing artifact substat: critrate+3.1%
2026-09-29 07:58:48.690|DEBUG|ArtifactScraper|Parsing artifact substat: def+7.3%
2026-09-29 07:58:48.690|DEBUG|ArtifactScraper|Parsing artifact substat: atk+4.1%
2026-09-29 07:58:48.750|DEBUG|ArtifactScraper|Parsing artifact substat: critdmg+6.2%
2026-09-29 07:58:48.750|DEBUG|ArtifactScraper|Parsing artifact substat: atk+5.8%
2026-09-29 07:58:48.750|DEBUG|ArtifactScraper|Parsing artifact substat: critrate+3.1%
2026-09-29 07:58:48.750|DEBUG|ArtifactScraper|Parsing artifact substat: def+19(unactivated)
2026-09-29 07:58:49.072|DEBUG|ArtifactScraper|Parsing artifact substat: critdmg+5.4%
2026-09-29 07:58:49.072|DEBUG|ArtifactScraper|Parsing artifact substat: def+23
2026-09-29 07:58:49.072|DEBUG|ArtifactScraper|Parsing artifact substat: atk+4.1%
2026-09-29 07:58:49.072|DEBUG|ArtifactScraper|Parsing artifact substat: atk+16(unactivated)
2026-09-29 07:58:49.092|DEBUG|ArtifactScraper|Parsing artifact substat: atk+5.8%
2026-09-29 07:58:49.092|DEBUG|ArtifactScraper|Parsing artifact substat: critdmg+7.8%
2026-09-29 07:58:49.092|DEBUG|ArtifactScraper|Parsing artifact substat: energyrecharge+5.8%
2026-09-29 07:58:49.092|DEBUG|ArtifactScraper|Parsing artifact substat: atk+16(unactivated)
2026-09-29 07:58:49.409|DEBUG|ArtifactScraper|Parsing artifact substat: atk+18
2026-09-29 07:58:49.409|DEBUG|ArtifactScraper|Parsing artifact substat: def+5.1%
2026-09-29 07:58:49.409|DEBUG|ArtifactScraper|Parsing artifact substat: atk+4.1%
2026-09-29 07:58:49.409|DEBUG|ArtifactScraper|Parsing artifact substat: critrate+2.7%(unactivated)
2026-09-29 07:58:49.491|DEBUG|ArtifactScraper|Parsing artifact substat: def+16
2026-09-29 07:58:49.491|DEBUG|ArtifactScraper|Parsing artifact substat: energyrecharge+5.2%
2026-09-29 07:58:49.491|DEBUG|ArtifactScraper|Parsing artifact substat: elementalmastery+19
2026-09-29 07:58:49.491|DEBUG|ArtifactScraper|Parsing artifact substat: atk+4.7%(unactivated)
2026-09-29 07:58:49.542|DEBUG|ArtifactScraper|Finished queuing page of artifacts. Scrolling...
2026-09-29 07:58:49.767|DEBUG|ArtifactScraper|Parsing artifact substat: atk+5.8%
2026-09-29 07:58:49.767|DEBUG|ArtifactScraper|Parsing artifact substat: atk+19
2026-09-29 07:58:49.767|DEBUG|ArtifactScraper|Parsing artifact substat: critrate+2.7%
2026-09-29 07:58:49.767|DEBUG|ArtifactScraper|Parsing artifact substat: def+6.6%(unactivated)
2026-09-29 07:58:49.801|DEBUG|ArtifactScraper|Parsing artifact substat: atk+4.7%
2026-09-29 07:58:49.801|DEBUG|ArtifactScraper|Parsing artifact substat: def+19
2026-09-29 07:58:49.801|DEBUG|ArtifactScraper|Parsing artifact substat: def+7.3%
2026-09-29 07:58:49.801|DEBUG|ArtifactScraper|Parsing artifact substat: energyrecharge+6.5%
2026-09-29 07:58:49.878|DEBUG|ArtifactScraper|Parsing artifact substat: def+21
2026-09-29 07:58:49.878|DEBUG|ArtifactScraper|Parsing artifact substat: def+5.8%
2026-09-29 07:58:49.878|DEBUG|ArtifactScraper|Parsing artifact substat: critrate+3.9%
2026-09-29 07:58:49.878|DEBUG|ArtifactScraper|Parsing artifact substat: energyrecharge+4.5%
2026-09-29 07:58:51.889|DEBUG|ArtifactScraper|Scanning artifact page 23
2026-09-29 07:58:51.889|DEBUG|ArtifactScraper|Located 32 possible item locations on page.
2026-09-29 07:58:52.387|DEBUG|ArtifactScraper|Parsing artifact substat: critrate+2.7%
2026-09-29 07:58:52.387|DEBUG|ArtifactScraper|Parsing artifact substat: hp+5.8%
2026-09-29 07:58:52.387|DEBUG|ArtifactScraper|Parsing artifact substat: def+19
2026-09-29 07:58:52.387|DEBUG|ArtifactScraper|Parsing artifact substat: atk+14
2026-09-29 07:58:52.516|DEBUG|ArtifactScraper|Parsing artifact substat: atk+16
2026-09-29 07:58:52.516|DEBUG|ArtifactScraper|Parsing artifact substat: def+5.1%
2026-09-29 07:58:52.516|DEBUG|ArtifactScraper|Parsing artifact substat: hp+5.3%
2026-09-29 07:58:52.516|DEBUG|ArtifactScraper|Parsing artifact substat: elementalmastery+23
2026-09-29 07:58:52.712|DEBUG|ArtifactScraper|Parsing artifact substat: critrate+3.5%
2026-09-29 07:58:52.712|DEBUG|ArtifactScraper|Parsing artifact substat: def+6.6%
2026-09-29 07:58:52.712|DEBUG|ArtifactScraper|Parsing artifact substat: atk+18
2026-09-29 07:58:52.712|DEBUG|ArtifactScraper|Parsing artifact substat: hp+4.7%
2026-09-29 07:58:52.900|DEBUG|ArtifactScraper|Parsing artifact substat: energyrecharge+6.5%
2026-09-29 07:58:52.900|DEBUG|ArtifactScraper|Parsing artifact substat: def+23
2026-09-29 07:58:52.900|DEBUG|ArtifactScraper|Parsing artifact substat: hp+4.1%
2026-09-29 07:58:52.900|DEBUG|ArtifactScraper|Parsing artifact substat: atk+18(unactivated)
2026-09-29 07:58:53.068|DEBUG|ArtifactScraper|Parsing artifact substat: hp+4.1%
2026-09-29 07:58:53.068|DEBUG|ArtifactScraper|Parsing artifact substat: energyrecharge+4.5%
2026-09-29 07:58:53.068|DEBUG|ArtifactScraper|Parsing artifact substat: elementalmastery+23
2026-09-29 07:58:53.068|DEBUG|ArtifactScraper|Parsing artifact substat: def+21(unactivated)
2026-09-29 07:58:53.265|DEBUG|ArtifactScraper|Parsing artifact substat: def+23
2026-09-29 07:58:53.265|DEBUG|ArtifactScraper|Parsing artifact substat: atk+4.7%
2026-09-29 07:58:53.265|DEBUG|ArtifactScraper|Parsing artifact substat: elementalmastery+21
2026-09-29 07:58:53.265|DEBUG|ArtifactScraper|Parsing artifact substat: atk+18(unactivated)
2026-09-29 07:58:53.440|DEBUG|ArtifactScraper|Parsing artifact substat: critrate+3.1%
2026-09-29 07:58:53.440|DEBUG|ArtifactScraper|Parsing artifact substat: def+23
2026-09-29 07:58:53.440|DEBUG|ArtifactScraper|Parsing artifact substat: def+5.8%
2026-09-29 07:58:53.440|DEBUG|ArtifactScraper|Parsing artifact substat: hp+5.3%(unactivated)
2026-09-29 07:58:53.636|DEBUG|ArtifactScraper|Parsing artifact substat: atk+18
2026-09-29 07:58:53.636|DEBUG|ArtifactScraper|Parsing artifact substat: def+19
2026-09-29 07:58:53.636|DEBUG|ArtifactScraper|Parsing artifact substat: elementalmastery+23
2026-09-29 07:58:53.636|DEBUG|ArtifactScraper|Parsing artifact substat: energyrecharge+6.5%
2026-09-29 07:58:53.810|DEBUG|ArtifactScraper|Parsing artifact substat: atk+19
2026-09-29 07:58:53.810|DEBUG|ArtifactScraper|Parsing artifact substat: def+16
2026-09-29 07:58:53.810|DEBUG|ArtifactScraper|Parsing artifact substat: def+6.6%
2026-09-29 07:58:53.810|DEBUG|ArtifactScraper|Parsing artifact substat: atk+4.7%(unactivated)
2026-09-29 07:58:53.914|DEBUG|ArtifactScraper|Parsing artifact substat: hp+4.1%
2026-09-29 07:58:53.914|DEBUG|ArtifactScraper|Parsing artifact substat: atk+14
2026-09-29 07:58:53.914|DEBUG|ArtifactScraper|Parsing artifact substat: elementalmastery+21
2026-09-29 07:58:53.914|DEBUG|ArtifactScraper|Parsing artifact substat: critrate+2.7%(unactivated)
2026-09-29 07:58:54.168|DEBUG|ArtifactScraper|Parsing artifact substat: energyrecharge+4.5%
2026-09-29 07:58:54.168|DEBUG|ArtifactScraper|Parsing artifact substat: def+21
2026-09-29 07:58:54.168|DEBUG|ArtifactScraper|Parsing artifact substat: atk+18
2026-09-29 07:58:54.168|DEBUG|ArtifactScraper|Parsing artifact substat: hp+5.3%(unactivated)
2026-09-29 07:58:54.280|DEBUG|ArtifactScraper|Parsing artifact substat: elementalmastery+16
2026-09-29 07:58:54.280|DEBUG|ArtifactScraper|Parsing artifact substat: atk+14
2026-09-29 07:58:54.280|DEBUG|ArtifactScraper|Parsing artifact substat: def+5.1%
2026-09-29 07:58:54.280|DEBUG|ArtifactScraper|Parsing artifact substat: def+16(unactivated)
2026-09-29 07:58:54.579|DEBUG|ArtifactScraper|Parsing artifact substat: def+5.8%
2026-09-29 07:58:54.579|DEBUG|ArtifactScraper|Parsing artifact substat: elementalmastery+19
2026-09-29 07:58:54.579|DEBUG|ArtifactScraper|Parsing artifact substat: atk+14
2026-09-29 07:58:54.580|DEBUG|ArtifactScraper|Parsing artifact substat: critdmg+5.4%(unactivated)
2026-09-29 07:58:54.660|DEBUG|ArtifactScraper|Parsing artifact substat: atk+19
2026-09-29 07:58:54.660|DEBUG|ArtifactScraper|Parsing artifact substat: hp+4.1%
2026-09-29 07:58:54.660|DEBUG|ArtifactScraper|Parsing artifact substat: atk+4.1%
2026-09-29 07:58:54.660|DEBUG|ArtifactScraper|Parsing artifact substat: elementalmastery+23
2026-09-29 07:58:54.820|DEBUG|ArtifactScraper|Parsing artifact substat: hp+4.1%
2026-09-29 07:58:54.820|DEBUG|ArtifactScraper|Parsing artifact substat: atk+4.7%
2026-09-29 07:58:54.820|DEBUG|ArtifactScraper|Parsing artifact substat: atk+16
2026-09-29 07:58:54.820|DEBUG|ArtifactScraper|Parsing artifact substat: elementalmastery+19
2026-09-29 07:58:54.976|DEBUG|ArtifactScraper|Parsing artifact substat: def+23
2026-09-29 07:58:54.976|DEBUG|ArtifactScraper|Parsing artifact substat: elementalmastery+16
2026-09-29 07:58:54.976|DEBUG|ArtifactScraper|Parsing artifact substat: hp+5.8%
2026-09-29 07:58:54.976|DEBUG|ArtifactScraper|Parsing artifact substat: critrate+3.9%(unactivated)
2026-09-29 07:58:55.215|DEBUG|ArtifactScraper|Parsing artifact substat: def+7.3%
2026-09-29 07:58:55.215|DEBUG|ArtifactScraper|Parsing artifact substat: elementalmastery+21
2026-09-29 07:58:55.215|DEBUG|ArtifactScraper|Parsing artifact substat: atk+19
2026-09-29 07:58:55.215|DEBUG|ArtifactScraper|Parsing artifact substat: critdmg+5.4%(unactivated)
2026-09-29 07:58:55.324|DEBUG|ArtifactScraper|Parsing artifact substat: hp+209
2026-09-29 07:58:55.324|DEBUG|ArtifactScraper|Parsing artifact substat: atk+5.8%
2026-09-29 07:58:55.324|DEBUG|ArtifactScraper|Parsing artifact substat: energyrecharge+5.2%
2026-09-29 07:58:55.324|DEBUG|ArtifactScraper|Parsing artifact substat: critrate+3.5%(unactivated)
2026-09-29 07:58:55.612|DEBUG|ArtifactScraper|Parsing artifact substat: def+5.8%
2026-09-29 07:58:55.612|DEBUG|ArtifactScraper|Parsing artifact substat: critrate+3.1%
2026-09-29 07:58:55.612|DEBUG|ArtifactScraper|Parsing artifact substat: hp+299
2026-09-29 07:58:55.612|DEBUG|ArtifactScraper|Parsing artifact substat: atk+5.8%(unactivated)
2026-09-29 07:58:55.629|DEBUG|ArtifactScraper|Parsing artifact substat: def+5.8%
2026-09-29 07:58:55.629|DEBUG|ArtifactScraper|Parsing artifact substat: atk+5.8%
2026-09-29 07:58:55.629|DEBUG|ArtifactScraper|Parsing artifact substat: critrate+3.9%
2026-09-29 07:58:55.629|DEBUG|ArtifactScraper|Parsing artifact substat: hp+299(unactivated)
2026-09-29 07:58:55.990|DEBUG|ArtifactScraper|Parsing artifact substat: atk+4.1%
2026-09-29 07:58:55.990|DEBUG|ArtifactScraper|Parsing artifact substat: hp+4.7%
2026-09-29 07:58:55.990|DEBUG|ArtifactScraper|Parsing artifact substat: energyrecharge+4.5%
2026-09-29 07:58:55.990|DEBUG|ArtifactScraper|Parsing artifact substat: def+7.3%(unactivated)
2026-09-29 07:58:56.005|DEBUG|ArtifactScraper|Parsing artifact substat: energyrecharge+5.8%
2026-09-29 07:58:56.005|DEBUG|ArtifactScraper|Parsing artifact substat: def+21
2026-09-29 07:58:56.005|DEBUG|ArtifactScraper|Parsing artifact substat: critrate+3.9%
2026-09-29 07:58:56.005|DEBUG|ArtifactScraper|Parsing artifact substat: def+7.3%(unactivated)
2026-09-29 07:58:56.289|DEBUG|ArtifactScraper|Parsing artifact substat: def+16
2026-09-29 07:58:56.289|DEBUG|ArtifactScraper|Parsing artifact substat: energyrecharge+4.5%
2026-09-29 07:58:56.289|DEBUG|ArtifactScraper|Parsing artifact substat: hp+5.8%
2026-09-29 07:58:56.289|DEBUG|ArtifactScraper|Parsing artifact substat: critrate+2.7%(unactivated)
2026-09-29 07:58:56.376|DEBUG|ArtifactScraper|Parsing artifact substat: critdmg+7.8%
2026-09-29 07:58:56.376|DEBUG|ArtifactScraper|Parsing artifact substat: hp+239
2026-09-29 07:58:56.376|DEBUG|ArtifactScraper|Parsing artifact substat: atk+4.1%
2026-09-29 07:58:56.378|DEBUG|ArtifactScraper|Parsing artifact substat: def+19(unactivated)
2026-09-29 07:58:56.677|DEBUG|ArtifactScraper|Parsing artifact substat: def+5.8%
2026-09-29 07:58:56.677|DEBUG|ArtifactScraper|Parsing artifact substat: critdmg+7.8%
2026-09-29 07:58:56.677|DEBUG|ArtifactScraper|Parsing artifact substat: atk+4.7%
2026-09-29 07:58:56.677|DEBUG|ArtifactScraper|Parsing artifact substat: critrate+3.1%(unactivated)
2026-09-29 07:58:56.690|DEBUG|ArtifactScraper|Parsing artifact substat: atk+5.3%
2026-09-29 07:58:56.690|DEBUG|ArtifactScraper|Parsing artifact substat: energyrecharge+5.8%
2026-09-29 07:58:56.690|DEBUG|ArtifactScraper|Parsing artifact substat: def+19
2026-09-29 07:58:56.690|DEBUG|ArtifactScraper|Parsing artifact substat: hp+269(unactivated)
2026-09-29 07:58:57.012|DEBUG|ArtifactScraper|Parsing artifact substat: critrate+3.5%
2026-09-29 07:58:57.012|DEBUG|ArtifactScraper|Parsing artifact substat: hp+209
2026-09-29 07:58:57.012|DEBUG|ArtifactScraper|Parsing artifact substat: energyrecharge+4.5%
2026-09-29 07:58:57.012|DEBUG|ArtifactScraper|Parsing artifact substat: def+6.6%(unactivated)
2026-09-29 07:58:57.029|DEBUG|ArtifactScraper|Parsing artifact substat: hp+4.1%
2026-09-29 07:58:57.029|DEBUG|ArtifactScraper|Parsing artifact substat: def+23
2026-09-29 07:58:57.029|DEBUG|ArtifactScraper|Parsing artifact substat: energyrecharge+4.5%
2026-09-29 07:58:57.029|DEBUG|ArtifactScraper|Parsing artifact substat: atk+5.8%(unactivated)
2026-09-29 07:58:57.324|DEBUG|ArtifactScraper|Finished queuing page of artifacts. Scrolling...
2026-09-29 07:58:57.343|DEBUG|ArtifactScraper|Parsing artifact substat: atk+5.8%
2026-09-29 07:58:57.343|DEBUG|ArtifactScraper|Parsing artifact substat: def+23
2026-09-29 07:58:57.343|DEBUG|ArtifactScraper|Parsing artifact substat: elementalmastery+23
2026-09-29 07:58:57.343|DEBUG|ArtifactScraper|Parsing artifact substat: energyrecharge+6.5%
2026-09-29 07:58:57.343|DEBUG|ArtifactScraper|Parsing artifact substat: energyrecharge+5.8%
2026-09-29 07:58:57.346|DEBUG|ArtifactScraper|Parsing artifact substat: elementalmastery+23
2026-09-29 07:58:57.346|DEBUG|ArtifactScraper|Parsing artifact substat: hp+5.3%
2026-09-29 07:58:57.346|DEBUG|ArtifactScraper|Parsing artifact substat: critdmg+5.4%(unactivated)
2026-09-29 07:58:57.651|DEBUG|ArtifactScraper|Parsing artifact substat: hp+239
2026-09-29 07:58:57.651|DEBUG|ArtifactScraper|Parsing artifact substat: def+6.6%
2026-09-29 07:58:57.651|DEBUG|ArtifactScraper|Parsing artifact substat: energyrecharge+5.8%
2026-09-29 07:58:57.651|DEBUG|ArtifactScraper|Parsing artifact substat: critdmg+7.8%(unactivated)
2026-09-29 07:58:57.669|DEBUG|ArtifactScraper|Parsing artifact substat: atk+5.8%
2026-09-29 07:58:57.669|DEBUG|ArtifactScraper|Parsing artifact substat: critdmg+6.2%
2026-09-29 07:58:57.669|DEBUG|ArtifactScraper|Parsing artifact substat: def+19
2026-09-29 07:58:57.669|DEBUG|ArtifactScraper|Parsing artifact substat: energyrecharge+4.5%
2026-09-29 07:58:59.349|DEBUG|ArtifactScraper|Scanning artifact page 24
2026-09-29 07:58:59.349|DEBUG|ArtifactScraper|Located 32 possible item locations on page.
2026-09-29 07:58:59.699|DEBUG|ArtifactScraper|Parsing artifact substat: hp+299
2026-09-29 07:58:59.699|DEBUG|ArtifactScraper|Parsing artifact substat: def+16
2026-09-29 07:58:59.699|DEBUG|ArtifactScraper|Parsing artifact substat: critrate+2.7%
2026-09-29 07:58:59.699|DEBUG|ArtifactScraper|Parsing artifact substat: hp+5.3%
2026-09-29 07:58:59.911|DEBUG|ArtifactScraper|Parsing artifact substat: def+19
2026-09-29 07:58:59.911|DEBUG|ArtifactScraper|Parsing artifact substat: hp+239
2026-09-29 07:58:59.911|DEBUG|ArtifactScraper|Parsing artifact substat: def+5.1%
2026-09-29 07:58:59.911|DEBUG|ArtifactScraper|Parsing artifact substat: atk+4.7%(unactivated)
2026-09-29 07:59:00.220|DEBUG|ArtifactScraper|Parsing artifact substat: atk+4.7%
2026-09-29 07:59:00.220|DEBUG|ArtifactScraper|Parsing artifact substat: def+23
2026-09-29 07:59:00.220|DEBUG|ArtifactScraper|Parsing artifact substat: elementalmastery+21
2026-09-29 07:59:00.221|DEBUG|ArtifactScraper|Parsing artifact substat: hp+4.7%(unactivated)
2026-09-29 07:59:00.267|DEBUG|ArtifactScraper|Parsing artifact substat: def+23
2026-09-29 07:59:00.267|DEBUG|ArtifactScraper|Parsing artifact substat: elementalmastery+19
2026-09-29 07:59:00.267|DEBUG|ArtifactScraper|Parsing artifact substat: hp+5.3%
2026-09-29 07:59:00.267|DEBUG|ArtifactScraper|Parsing artifact substat: atk+4.7%(unactivated)
2026-09-29 07:59:00.504|DEBUG|ArtifactScraper|Parsing artifact substat: elementalmastery+21
2026-09-29 07:59:00.504|DEBUG|ArtifactScraper|Parsing artifact substat: def+7.3%
2026-09-29 07:59:00.504|DEBUG|ArtifactScraper|Parsing artifact substat: atk+4.1%
2026-09-29 07:59:00.504|DEBUG|ArtifactScraper|Parsing artifact substat: def+19(unactivated)
2026-09-29 07:59:00.801|DEBUG|ArtifactScraper|Parsing artifact substat: def+5.1%
2026-09-29 07:59:00.801|DEBUG|ArtifactScraper|Parsing artifact substat: atk+5.3%
2026-09-29 07:59:00.801|DEBUG|ArtifactScraper|Parsing artifact substat: hp+269
2026-09-29 07:59:00.801|DEBUG|ArtifactScraper|Parsing artifact substat: elementalmastery+23
2026-09-29 07:59:00.849|DEBUG|ArtifactScraper|Parsing artifact substat: elementalmastery+16
2026-09-29 07:59:00.849|DEBUG|ArtifactScraper|Parsing artifact substat: def+23
2026-09-29 07:59:00.849|DEBUG|ArtifactScraper|Parsing artifact substat: hp+209
2026-09-29 07:59:00.849|DEBUG|ArtifactScraper|Parsing artifact substat: energyrecharge+5.2%
2026-09-29 07:59:01.103|DEBUG|ArtifactScraper|Parsing artifact substat: energyrecharge+5.2%
2026-09-29 07:59:01.103|DEBUG|ArtifactScraper|Parsing artifact substat: def+7.3%
2026-09-29 07:59:01.103|DEBUG|ArtifactScraper|Parsing artifact substat: hp+209
2026-09-29 07:59:01.103|DEBUG|ArtifactScraper|Parsing artifact substat: elementalmastery+23
2026-09-29 07:59:01.147|DEBUG|ArtifactScraper|Parsing artifact substat: elementalmastery+16
2026-09-29 07:59:01.147|DEBUG|ArtifactScraper|Parsing artifact substat: hp+269
2026-09-29 07:59:01.147|DEBUG|ArtifactScraper|Parsing artifact substat: atk+4.7%
2026-09-29 07:59:01.147|DEBUG|ArtifactScraper|Parsing artifact substat: def+5.8%(unactivated)
2026-09-29 07:59:01.448|DEBUG|ArtifactScraper|Parsing artifact substat: elementalmastery+23
2026-09-29 07:59:01.448|DEBUG|ArtifactScraper|Parsing artifact substat: def+16
2026-09-29 07:59:01.448|DEBUG|ArtifactScraper|Parsing artifact substat: hp+209
2026-09-29 07:59:01.448|DEBUG|ArtifactScraper|Parsing artifact substat: energyrecharge+5.2%
2026-09-29 07:59:01.466|DEBUG|ArtifactScraper|Parsing artifact substat: elementalmastery+19
2026-09-29 07:59:01.466|DEBUG|ArtifactScraper|Parsing artifact substat: def+23
2026-09-29 07:59:01.466|DEBUG|ArtifactScraper|Parsing artifact substat: energyrecharge+5.8%
2026-09-29 07:59:01.466|DEBUG|ArtifactScraper|Parsing artifact substat: hp+239(unactivated)
2026-09-29 07:59:01.735|DEBUG|ArtifactScraper|Parsing artifact substat: def+16
2026-09-29 07:59:01.735|DEBUG|ArtifactScraper|Parsing artifact substat: atk+4.1%
2026-09-29 07:59:01.735|DEBUG|ArtifactScraper|Parsing artifact substat: def+7.3%
2026-09-29 07:59:01.735|DEBUG|ArtifactScraper|Parsing artifact substat: elementalmastery+19
2026-09-29 07:59:01.784|DEBUG|ArtifactScraper|Parsing artifact substat: def+21
2026-09-29 07:59:01.784|DEBUG|ArtifactScraper|Parsing artifact substat: hp+5.8%
2026-09-29 07:59:01.784|DEBUG|ArtifactScraper|Parsing artifact substat: def+5.1%
2026-09-29 07:59:01.784|DEBUG|ArtifactScraper|Parsing artifact substat: hp+209(unactivated)
2026-09-29 07:59:02.006|DEBUG|ArtifactScraper|Parsing artifact substat: def+5.1%
2026-09-29 07:59:02.006|DEBUG|ArtifactScraper|Parsing artifact substat: hp+299
2026-09-29 07:59:02.006|DEBUG|ArtifactScraper|Parsing artifact substat: def+23
2026-09-29 07:59:02.006|DEBUG|ArtifactScraper|Parsing artifact substat: atk+4.1%(unactivated)
2026-09-29 07:59:02.292|DEBUG|ArtifactScraper|Parsing artifact substat: hp+4.1%
2026-09-29 07:59:02.292|DEBUG|ArtifactScraper|Parsing artifact substat: def+5.1%
2026-09-29 07:59:02.292|DEBUG|ArtifactScraper|Parsing artifact substat: critdmg+5.4%
2026-09-29 07:59:02.292|DEBUG|ArtifactScraper|Parsing artifact substat: def+23
2026-09-29 07:59:02.344|DEBUG|ArtifactScraper|Parsing artifact substat: atk+16
2026-09-29 07:59:02.344|DEBUG|ArtifactScraper|Parsing artifact substat: elementalmastery+21
2026-09-29 07:59:02.344|DEBUG|ArtifactScraper|Parsing artifact substat: critdmg+7.8%
2026-09-29 07:59:02.344|DEBUG|ArtifactScraper|Parsing artifact substat: critrate+3.1%(unactivated)
2026-09-29 07:59:02.602|DEBUG|ArtifactScraper|Parsing artifact substat: atk+4.7%
2026-09-29 07:59:02.602|DEBUG|ArtifactScraper|Parsing artifact substat: hp+209
2026-09-29 07:59:02.602|DEBUG|ArtifactScraper|Parsing artifact substat: critrate+2.7%
2026-09-29 07:59:02.602|DEBUG|ArtifactScraper|Parsing artifact substat: energyrecharge+6.5%
2026-09-29 07:59:02.656|DEBUG|ArtifactScraper|Parsing artifact substat: hp+4.1%
2026-09-29 07:59:02.656|DEBUG|ArtifactScraper|Parsing artifact substat: def+5.1%
2026-09-29 07:59:02.656|DEBUG|ArtifactScraper|Parsing artifact substat: energyrecharge+5.2%
2026-09-29 07:59:02.656|DEBUG|ArtifactScraper|Parsing artifact substat: critrate+3.5%(unactivated)
2026-09-29 07:59:02.898|DEBUG|ArtifactScraper|Parsing artifact substat: def+16
2026-09-29 07:59:02.898|DEBUG|ArtifactScraper|Parsing artifact substat: hp+209
2026-09-29 07:59:02.898|DEBUG|ArtifactScraper|Parsing artifact substat: hp+4.7%
2026-09-29 07:59:02.898|DEBUG|ArtifactScraper|Parsing artifact substat: energyrecharge+5.8%
2026-09-29 07:59:02.951|DEBUG|ArtifactScraper|Parsing artifact substat: hp+269
2026-09-29 07:59:02.951|DEBUG|ArtifactScraper|Parsing artifact substat: energyrecharge+6.5%
2026-09-29 07:59:02.951|DEBUG|ArtifactScraper|Parsing artifact substat: def+19
2026-09-29 07:59:02.951|DEBUG|ArtifactScraper|Parsing artifact substat: def+6.6%
2026-09-29 07:59:03.191|DEBUG|ArtifactScraper|Parsing artifact substat: energyrecharge+6.5%
2026-09-29 07:59:03.191|DEBUG|ArtifactScraper|Parsing artifact substat: atk+14
2026-09-29 07:59:03.191|DEBUG|ArtifactScraper|Parsing artifact substat: def+23
2026-09-29 07:59:03.191|DEBUG|ArtifactScraper|Parsing artifact substat: elementalmastery+21
2026-09-29 07:59:03.438|DEBUG|ArtifactScraper|Parsing artifact substat: hp+209
2026-09-29 07:59:03.438|DEBUG|ArtifactScraper|Parsing artifact substat: def+19
2026-09-29 07:59:03.438|DEBUG|ArtifactScraper|Parsing artifact substat: hp+5.3%
2026-09-29 07:59:03.438|DEBUG|ArtifactScraper|Parsing artifact substat: atk+14
2026-09-29 07:59:03.494|DEBUG|ArtifactScraper|Parsing artifact substat: def+6.6%
2026-09-29 07:59:03.494|DEBUG|ArtifactScraper|Parsing artifact substat: def+21
2026-09-29 07:59:03.494|DEBUG|ArtifactScraper|Parsing artifact substat: elementalmastery+23
2026-09-29 07:59:03.494|DEBUG|ArtifactScraper|Parsing artifact substat: atk+16(unactivated)
2026-09-29 07:59:03.733|DEBUG|ArtifactScraper|Parsing artifact substat: atk+14
2026-09-29 07:59:03.733|DEBUG|ArtifactScraper|Parsing artifact substat: def+16
2026-09-29 07:59:03.733|DEBUG|ArtifactScraper|Parsing artifact substat: atk+4.1%
2026-09-29 07:59:03.733|DEBUG|ArtifactScraper|Parsing artifact substat: hp+299(unactivated)
2026-09-29 07:59:03.793|DEBUG|ArtifactScraper|Parsing artifact substat: atk+14
2026-09-29 07:59:03.793|DEBUG|ArtifactScraper|Parsing artifact substat: def+16
2026-09-29 07:59:03.793|DEBUG|ArtifactScraper|Parsing artifact substat: critdmg+7.0%
2026-09-29 07:59:03.793|DEBUG|ArtifactScraper|Parsing artifact substat: def+5.1%(unactivated)
2026-09-29 07:59:04.017|DEBUG|ArtifactScraper|Parsing artifact substat: def+6.6%
2026-09-29 07:59:04.017|DEBUG|ArtifactScraper|Parsing artifact substat: energyrecharge+5.8%
2026-09-29 07:59:04.017|DEBUG|ArtifactScraper|Parsing artifact substat: def+19
2026-09-29 07:59:04.017|DEBUG|ArtifactScraper|Parsing artifact substat: hp+269(unactivated)
2026-09-29 07:59:04.323|DEBUG|ArtifactScraper|Parsing artifact substat: energyrecharge+6.5%
2026-09-29 07:59:04.323|DEBUG|ArtifactScraper|Parsing artifact substat: def+19
2026-09-29 07:59:04.323|DEBUG|ArtifactScraper|Parsing artifact substat: critdmg+5.4%
2026-09-29 07:59:04.323|DEBUG|ArtifactScraper|Parsing artifact substat: elementalmastery+16
2026-09-29 07:59:04.333|DEBUG|ArtifactScraper|Parsing artifact substat: elementalmastery+23
2026-09-29 07:59:04.333|DEBUG|ArtifactScraper|Parsing artifact substat: critrate+3.9%
2026-09-29 07:59:04.333|DEBUG|ArtifactScraper|Parsing artifact substat: def+16
2026-09-29 07:59:04.333|DEBUG|ArtifactScraper|Parsing artifact substat: atk+19(unactivated)
2026-09-29 07:59:04.632|DEBUG|ArtifactScraper|Parsing artifact substat: def+23
2026-09-29 07:59:04.632|DEBUG|ArtifactScraper|Parsing artifact substat: energyrecharge+6.5%
2026-09-29 07:59:04.632|DEBUG|ArtifactScraper|Parsing artifact substat: hp+239
2026-09-29 07:59:04.632|DEBUG|ArtifactScraper|Parsing artifact substat: elementalmastery+21
2026-09-29 07:59:04.652|DEBUG|ArtifactScraper|Parsing artifact substat: atk+4.1%
2026-09-29 07:59:04.652|DEBUG|ArtifactScraper|Parsing artifact substat: atk+14
2026-09-29 07:59:04.652|DEBUG|ArtifactScraper|Parsing artifact substat: hp+269
2026-09-29 07:59:04.652|DEBUG|ArtifactScraper|Parsing artifact substat: energyrecharge+4.5%
2026-09-29 07:59:04.712|DEBUG|ArtifactScraper|Finished queuing page of artifacts. Scrolling...
2026-09-29 07:59:04.873|DEBUG|ArtifactScraper|Parsing artifact substat: def+21
2026-09-29 07:59:04.873|DEBUG|ArtifactScraper|Parsing artifact substat: hp+209
2026-09-29 07:59:04.873|DEBUG|ArtifactScraper|Parsing artifact substat: atk+19
2026-09-29 07:59:04.873|DEBUG|ArtifactScraper|Parsing artifact substat: critdmg+5.4%(unactivated)
2026-09-29 07:59:05.128|DEBUG|ArtifactScraper|Parsing artifact substat: atk+16
2026-09-29 07:59:05.128|DEBUG|ArtifactScraper|Parsing artifact substat: hp+209
2026-09-29 07:59:05.128|DEBUG|ArtifactScraper|Parsing artifact substat: elementalmastery+19
2026-09-29 07:59:05.128|DEBUG|ArtifactScraper|Parsing artifact substat: atk+4.7%(unactivated)
2026-09-29 07:59:05.315|DEBUG|ArtifactScraper|Scrolled back one
2026-09-29 07:59:06.702|DEBUG|ArtifactScraper|Scanning artifact page 25
2026-09-29 07:59:06.702|DEBUG|ArtifactScraper|Located 32 possible item locations on page.
2026-09-29 07:59:07.175|DEBUG|ArtifactScraper|Parsing artifact substat: hp+4.7%
2026-09-29 07:59:07.175|DEBUG|ArtifactScraper|Parsing artifact substat: def+19
2026-09-29 07:59:07.175|DEBUG|ArtifactScraper|Parsing artifact substat: critdmg+6.2%
2026-09-29 07:59:07.175|DEBUG|ArtifactScraper|Parsing artifact substat: atk+14(unactivated)
2026-09-29 07:59:07.258|DEBUG|ArtifactScraper|Parsing artifact substat: atk+14
2026-09-29 07:59:07.258|DEBUG|ArtifactScraper|Parsing artifact substat: elementalmastery+16
2026-09-29 07:59:07.258|DEBUG|ArtifactScraper|Parsing artifact substat: def+23
2026-09-29 07:59:07.258|DEBUG|ArtifactScraper|Parsing artifact substat: atk+4.1%(unactivated)
2026-09-29 07:59:07.428|DEBUG|ArtifactScraper|Parsing artifact substat: energyrecharge+4.5%
2026-09-29 07:59:07.428|DEBUG|ArtifactScraper|Parsing artifact substat: atk+18
2026-09-29 07:59:07.428|DEBUG|ArtifactScraper|Parsing artifact substat: def+21
2026-09-29 07:59:07.428|DEBUG|ArtifactScraper|Parsing artifact substat: hp+5.3%(unactivated)
2026-09-29 07:59:07.726|DEBUG|ArtifactScraper|Parsing artifact substat: elementalmastery+19
2026-09-29 07:59:07.726|DEBUG|ArtifactScraper|Parsing artifact substat: hp+239
2026-09-29 07:59:07.726|DEBUG|ArtifactScraper|Parsing artifact substat: critdmg+6.2%
2026-09-29 07:59:07.726|DEBUG|ArtifactScraper|Parsing artifact substat: atk+16(unactivated)
2026-09-29 07:59:07.814|DEBUG|ArtifactScraper|Parsing artifact substat: critrate+2.7%
2026-09-29 07:59:07.814|DEBUG|ArtifactScraper|Parsing artifact substat: atk+19
2026-09-29 07:59:07.814|DEBUG|ArtifactScraper|Parsing artifact substat: def+23
2026-09-29 07:59:07.814|DEBUG|ArtifactScraper|Parsing artifact substat: def+5.1%(unactivated)
2026-09-29 07:59:08.023|DEBUG|ArtifactScraper|Parsing artifact substat: hp+209
2026-09-29 07:59:08.023|DEBUG|ArtifactScraper|Parsing artifact substat: def+16
2026-09-29 07:59:08.023|DEBUG|ArtifactScraper|Parsing artifact substat: atk+4.7%
2026-09-29 07:59:08.023|DEBUG|ArtifactScraper|Parsing artifact substat: atk+16(unactivated)
2026-09-29 07:59:08.141|DEBUG|ArtifactScraper|Parsing artifact substat: hp+209
2026-09-29 07:59:08.141|DEBUG|ArtifactScraper|Parsing artifact substat: critrate+2.7%
2026-09-29 07:59:08.141|DEBUG|ArtifactScraper|Parsing artifact substat: def+7.3%
2026-09-29 07:59:08.141|DEBUG|ArtifactScraper|Parsing artifact substat: energyrecharge+6.5%
2026-09-29 07:59:08.347|DEBUG|ArtifactScraper|Parsing artifact substat: atk+19
2026-09-29 07:59:08.347|DEBUG|ArtifactScraper|Parsing artifact substat: def+6.6%
2026-09-29 07:59:08.347|DEBUG|ArtifactScraper|Parsing artifact substat: atk+5.3%
2026-09-29 07:59:08.347|DEBUG|ArtifactScraper|Parsing artifact substat: def+19(unactivated)
2026-09-29 07:59:08.495|DEBUG|ArtifactScraper|Parsing artifact substat: elementalmastery+16
2026-09-29 07:59:08.495|DEBUG|ArtifactScraper|Parsing artifact substat: atk+18
2026-09-29 07:59:08.495|DEBUG|ArtifactScraper|Parsing artifact substat: energyrecharge+6.5%
2026-09-29 07:59:08.495|DEBUG|ArtifactScraper|Parsing artifact substat: def+23(unactivated)
2026-09-29 07:59:08.602|DEBUG|ArtifactScraper|Parsing artifact substat: hp+5.3%
2026-09-29 07:59:08.602|DEBUG|ArtifactScraper|Parsing artifact substat: def+16
2026-09-29 07:59:08.602|DEBUG|ArtifactScraper|Parsing artifact substat: critrate+3.9%
2026-09-29 07:59:08.602|DEBUG|ArtifactScraper|Parsing artifact substat: elementalmastery+21
2026-09-29 07:59:08.761|DEBUG|ArtifactScraper|Parsing artifact substat: atk+14
2026-09-29 07:59:08.761|DEBUG|ArtifactScraper|Parsing artifact substat: def+5.8%
2026-09-29 07:59:08.761|DEBUG|ArtifactScraper|Parsing artifact substat: def+23
2026-09-29 07:59:08.761|DEBUG|ArtifactScraper|Parsing artifact substat: hp+269(unactivated)
2026-09-29 07:59:09.031|DEBUG|ArtifactScraper|Parsing artifact substat: def+23
2026-09-29 07:59:09.031|DEBUG|ArtifactScraper|Parsing artifact substat: atk+19
2026-09-29 07:59:09.031|DEBUG|ArtifactScraper|Parsing artifact substat: hp+4.1%
2026-09-29 07:59:09.031|DEBUG|ArtifactScraper|Parsing artifact substat: def+5.8%
2026-09-29 07:59:09.140|DEBUG|ArtifactScraper|Parsing artifact substat: hp+4.7%
2026-09-29 07:59:09.140|DEBUG|ArtifactScraper|Parsing artifact substat: critdmg+7.0%
2026-09-29 07:59:09.140|DEBUG|ArtifactScraper|Parsing artifact substat: hp+299
2026-09-29 07:59:09.140|DEBUG|ArtifactScraper|Parsing artifact substat: atk+18
2026-09-29 07:59:09.344|DEBUG|ArtifactScraper|Parsing artifact substat: hp+269
2026-09-29 07:59:09.344|DEBUG|ArtifactScraper|Parsing artifact substat: atk+4.7%
2026-09-29 07:59:09.344|DEBUG|ArtifactScraper|Parsing artifact substat: energyrecharge+6.5%
2026-09-29 07:59:09.344|DEBUG|ArtifactScraper|Parsing artifact substat: def+6.6%
2026-09-29 07:59:09.459|DEBUG|ArtifactScraper|Parsing artifact substat: atk+4.1%
2026-09-29 07:59:09.459|DEBUG|ArtifactScraper|Parsing artifact substat: energyrecharge+6.5%
2026-09-29 07:59:09.459|DEBUG|ArtifactScraper|Parsing artifact substat: hp+269
2026-09-29 07:59:09.459|DEBUG|ArtifactScraper|Parsing artifact substat: hp+5.3%
2026-09-29 07:59:09.652|DEBUG|ArtifactScraper|Parsing artifact substat: energyrecharge+5.8%
2026-09-29 07:59:09.652|DEBUG|ArtifactScraper|Parsing artifact substat: elementalmastery+16
2026-09-29 07:59:09.652|DEBUG|ArtifactScraper|Parsing artifact substat: hp+5.3%
2026-09-29 07:59:09.652|DEBUG|ArtifactScraper|Parsing artifact substat: atk+4.7%
2026-09-29 07:59:09.955|DEBUG|ArtifactScraper|Parsing artifact substat: atk+5.3%
2026-09-29 07:59:09.955|DEBUG|ArtifactScraper|Parsing artifact substat: def+21
2026-09-29 07:59:09.955|DEBUG|ArtifactScraper|Parsing artifact substat: atk+14
2026-09-29 07:59:09.955|DEBUG|ArtifactScraper|Parsing artifact substat: hp+299(unactivated)
2026-09-29 07:59:09.969|DEBUG|ArtifactScraper|Parsing artifact substat: def+16
2026-09-29 07:59:09.969|DEBUG|ArtifactScraper|Parsing artifact substat: hp+4.1%
2026-09-29 07:59:09.969|DEBUG|ArtifactScraper|Parsing artifact substat: energyrecharge+5.8%
2026-09-29 07:59:09.969|DEBUG|ArtifactScraper|Parsing artifact substat: atk+18(unactivated)
2026-09-29 07:59:10.295|DEBUG|ArtifactScraper|Parsing artifact substat: hp+5.3%
2026-09-29 07:59:10.295|DEBUG|ArtifactScraper|Parsing artifact substat: critdmg+7.8%
2026-09-29 07:59:10.295|DEBUG|ArtifactScraper|Parsing artifact substat: hp+299
2026-09-29 07:59:10.295|DEBUG|ArtifactScraper|Parsing artifact substat: energyrecharge+6.5%
2026-09-29 07:59:10.304|DEBUG|ArtifactScraper|Parsing artifact substat: def+5.8%
2026-09-29 07:59:10.304|DEBUG|ArtifactScraper|Parsing artifact substat: critrate+3.5%
2026-09-29 07:59:10.304|DEBUG|ArtifactScraper|Parsing artifact substat: def+23
2026-09-29 07:59:10.304|DEBUG|ArtifactScraper|Parsing artifact substat: critdmg+7.8%(unactivated)
2026-09-29 07:59:10.595|DEBUG|ArtifactScraper|Parsing artifact substat: energyrecharge+5.2%
2026-09-29 07:59:10.595|DEBUG|ArtifactScraper|Parsing artifact substat: critdmg+7.0%
2026-09-29 07:59:10.595|DEBUG|ArtifactScraper|Parsing artifact substat: def+16
2026-09-29 07:59:10.596|DEBUG|ArtifactScraper|Parsing artifact substat: critrate+2.7%(unactivated)
2026-09-29 07:59:10.635|DEBUG|ArtifactScraper|Parsing artifact substat: def+23
2026-09-29 07:59:10.635|DEBUG|ArtifactScraper|Parsing artifact substat: hp+269
2026-09-29 07:59:10.635|DEBUG|ArtifactScraper|Parsing artifact substat: atk+18
2026-09-29 07:59:10.635|DEBUG|ArtifactScraper|Parsing artifact substat: atk+4.7%(unactivated)
2026-09-29 07:59:10.862|DEBUG|ArtifactScraper|Parsing artifact substat: def+16
2026-09-29 07:59:10.862|DEBUG|ArtifactScraper|Parsing artifact substat: energyrecharge+5.8%
2026-09-29 07:59:10.862|DEBUG|ArtifactScraper|Parsing artifact substat: atk+4.1%
2026-09-29 07:59:10.862|DEBUG|ArtifactScraper|Parsing artifact substat: atk+19(unactivated)
2026-09-29 07:59:11.196|DEBUG|ArtifactScraper|Parsing artifact substat: atk+4.7%
2026-09-29 07:59:11.196|DEBUG|ArtifactScraper|Parsing artifact substat: critrate+3.1%
2026-09-29 07:59:11.196|DEBUG|ArtifactScraper|Parsing artifact substat: def+16
2026-09-29 07:59:11.196|DEBUG|ArtifactScraper|Parsing artifact substat: hp+4.7%(unactivated)
2026-09-29 07:59:11.206|DEBUG|ArtifactScraper|Parsing artifact substat: def+6.6%
2026-09-29 07:59:11.206|DEBUG|ArtifactScraper|Parsing artifact substat: elementalmastery+21
2026-09-29 07:59:11.206|DEBUG|ArtifactScraper|Parsing artifact substat: hp+5.8%
2026-09-29 07:59:11.206|DEBUG|ArtifactScraper|Parsing artifact substat: critrate+3.5%(unactivated)
2026-09-29 07:59:11.493|DEBUG|ArtifactScraper|Parsing artifact substat: hp+269
2026-09-29 07:59:11.493|DEBUG|ArtifactScraper|Parsing artifact substat: atk+16
2026-09-29 07:59:11.493|DEBUG|ArtifactScraper|Parsing artifact substat: energyrecharge+5.8%
2026-09-29 07:59:11.493|DEBUG|ArtifactScraper|Parsing artifact substat: atk+4.1%(unactivated)
2026-09-29 07:59:11.522|DEBUG|ArtifactScraper|Parsing artifact substat: hp+299
2026-09-29 07:59:11.522|DEBUG|ArtifactScraper|Parsing artifact substat: critdmg+5.4%
2026-09-29 07:59:11.522|DEBUG|ArtifactScraper|Parsing artifact substat: atk+16
2026-09-29 07:59:11.522|DEBUG|ArtifactScraper|Parsing artifact substat: atk+4.1%(unactivated)
2026-09-29 07:59:11.834|DEBUG|ArtifactScraper|Parsing artifact substat: def+21
2026-09-29 07:59:11.834|DEBUG|ArtifactScraper|Parsing artifact substat: energyrecharge+4.5%
2026-09-29 07:59:11.834|DEBUG|ArtifactScraper|Parsing artifact substat: hp+4.7%
2026-09-29 07:59:11.834|DEBUG|ArtifactScraper|Parsing artifact substat: atk+16(unactivated)
2026-09-29 07:59:11.834|DEBUG|ArtifactScraper|Parsing artifact substat: def+23
2026-09-29 07:59:11.834|DEBUG|ArtifactScraper|Parsing artifact substat: critrate+3.5%
2026-09-29 07:59:11.834|DEBUG|ArtifactScraper|Parsing artifact substat: atk+19
2026-09-29 07:59:11.834|DEBUG|ArtifactScraper|Parsing artifact substat: hp+4.7%(unactivated)
2026-09-29 07:59:12.030|DEBUG|ArtifactScraper|Finished queuing page of artifacts. Scrolling...
2026-09-29 07:59:12.199|DEBUG|ArtifactScraper|Parsing artifact substat: energyrecharge+6.5%
2026-09-29 07:59:12.199|DEBUG|ArtifactScraper|Parsing artifact substat: elementalmastery+16
2026-09-29 07:59:12.199|DEBUG|ArtifactScraper|Parsing artifact substat: atk+16
2026-09-29 07:59:12.199|DEBUG|ArtifactScraper|Parsing artifact substat: critdmg+5.4%(unactivated)
2026-09-29 07:59:12.245|DEBUG|ArtifactScraper|Parsing artifact substat: energyrecharge+5.2%
2026-09-29 07:59:12.245|DEBUG|ArtifactScraper|Parsing artifact substat: critrate+2.7%
2026-09-29 07:59:12.245|DEBUG|ArtifactScraper|Parsing artifact substat: hp+299
2026-09-29 07:59:12.245|DEBUG|ArtifactScraper|Parsing artifact substat: hp+5.8%(unactivated)
2026-09-29 07:59:12.435|DEBUG|ArtifactScraper|Parsing artifact substat: atk+5.3%
2026-09-29 07:59:12.435|DEBUG|ArtifactScraper|Parsing artifact substat: atk+18
2026-09-29 07:59:12.435|DEBUG|ArtifactScraper|Parsing artifact substat: def+21
2026-09-29 07:59:12.435|DEBUG|ArtifactScraper|Parsing artifact substat: critrate+3.9%(unactivated)
2026-09-29 07:59:14.396|DEBUG|ArtifactScraper|Scanning artifact page 26
2026-09-29 07:59:14.396|DEBUG|ArtifactScraper|Located 32 possible item locations on page.
2026-09-29 07:59:14.782|DEBUG|ArtifactScraper|Parsing artifact substat: def+5.1%
2026-09-29 07:59:14.782|DEBUG|ArtifactScraper|Parsing artifact substat: atk+16
2026-09-29 07:59:14.782|DEBUG|ArtifactScraper|Parsing artifact substat: elementalmastery+23
2026-09-29 07:59:14.782|DEBUG|ArtifactScraper|Parsing artifact substat: def+16
2026-09-29 07:59:15.075|DEBUG|ArtifactScraper|Parsing artifact substat: def+23
2026-09-29 07:59:15.075|DEBUG|ArtifactScraper|Parsing artifact substat: hp+239
2026-09-29 07:59:15.075|DEBUG|ArtifactScraper|Parsing artifact substat: atk+18
2026-09-29 07:59:15.075|DEBUG|ArtifactScraper|Parsing artifact substat: elementalmastery+16
2026-09-29 07:59:15.173|DEBUG|ArtifactScraper|Parsing artifact substat: def+23
2026-09-29 07:59:15.174|DEBUG|ArtifactScraper|Parsing artifact substat: critdmg+7.0%
2026-09-29 07:59:15.174|DEBUG|ArtifactScraper|Parsing artifact substat: atk+16
2026-09-29 07:59:15.174|DEBUG|ArtifactScraper|Parsing artifact substat: atk+4.1%
2026-09-29 07:59:15.381|DEBUG|ArtifactScraper|Parsing artifact substat: hp+209
2026-09-29 07:59:15.381|DEBUG|ArtifactScraper|Parsing artifact substat: atk+16
2026-09-29 07:59:15.381|DEBUG|ArtifactScraper|Parsing artifact substat: def+5.1%
2026-09-29 07:59:15.381|DEBUG|ArtifactScraper|Parsing artifact substat: critrate+3.5%
2026-09-29 07:59:15.501|DEBUG|ArtifactScraper|Parsing artifact substat: atk+16
2026-09-29 07:59:15.501|DEBUG|ArtifactScraper|Parsing artifact substat: atk+4.1%
2026-09-29 07:59:15.501|DEBUG|ArtifactScraper|Parsing artifact substat: def+16
2026-09-29 07:59:15.501|DEBUG|ArtifactScraper|Parsing artifact substat: def+5.8%
2026-09-29 07:59:15.685|DEBUG|ArtifactScraper|Parsing artifact substat: def+16
2026-09-29 07:59:15.685|DEBUG|ArtifactScraper|Parsing artifact substat: hp+209
2026-09-29 07:59:15.685|DEBUG|ArtifactScraper|Parsing artifact substat: atk+18
2026-09-29 07:59:15.685|DEBUG|ArtifactScraper|Parsing artifact substat: hp+4.1%
2026-09-29 07:59:15.892|DEBUG|ArtifactScraper|Parsing artifact substat: def+16
2026-09-29 07:59:15.892|DEBUG|ArtifactScraper|Parsing artifact substat: energyrecharge+4.5%
2026-09-29 07:59:15.893|DEBUG|ArtifactScraper|Parsing artifact substat: atk+19
2026-09-29 07:59:15.893|DEBUG|ArtifactScraper|Parsing artifact substat: hp+209
2026-09-29 07:59:16.147|DEBUG|ArtifactScraper|Parsing artifact substat: atk+4.1%
2026-09-29 07:59:16.147|DEBUG|ArtifactScraper|Parsing artifact substat: def+23
2026-09-29 07:59:16.147|DEBUG|ArtifactScraper|Parsing artifact substat: elementalmastery+19
2026-09-29 07:59:16.147|DEBUG|ArtifactScraper|Parsing artifact substat: atk+16(unactivated)
2026-09-29 07:59:16.255|DEBUG|ArtifactScraper|Parsing artifact substat: def+19
2026-09-29 07:59:16.255|DEBUG|ArtifactScraper|Parsing artifact substat: hp+209
2026-09-29 07:59:16.255|DEBUG|ArtifactScraper|Parsing artifact substat: hp+4.1%
2026-09-29 07:59:16.255|DEBUG|ArtifactScraper|Parsing artifact substat: def+6.6%(unactivated)
2026-09-29 07:59:16.515|DEBUG|ArtifactScraper|Parsing artifact substat: def+23
2026-09-29 07:59:16.515|DEBUG|ArtifactScraper|Parsing artifact substat: elementalmastery+16
2026-09-29 07:59:16.515|DEBUG|ArtifactScraper|Parsing artifact substat: hp+299
2026-09-29 07:59:16.515|DEBUG|ArtifactScraper|Parsing artifact substat: energyrecharge+6.5%
2026-09-29 07:59:16.566|DEBUG|ArtifactScraper|Parsing artifact substat: hp+209
2026-09-29 07:59:16.566|DEBUG|ArtifactScraper|Parsing artifact substat: atk+5.3%
2026-09-29 07:59:16.566|DEBUG|ArtifactScraper|Parsing artifact substat: hp+4.1%
2026-09-29 07:59:16.566|DEBUG|ArtifactScraper|Parsing artifact substat: elementalmastery+21
2026-09-29 07:59:16.887|DEBUG|ArtifactScraper|Parsing artifact substat: hp+269
2026-09-29 07:59:16.887|DEBUG|ArtifactScraper|Parsing artifact substat: atk+18
2026-09-29 07:59:16.887|DEBUG|ArtifactScraper|Parsing artifact substat: atk+4.1%
2026-09-29 07:59:16.887|DEBUG|ArtifactScraper|Parsing artifact substat: def+19(unactivated)
2026-09-29 07:59:16.918|DEBUG|ArtifactScraper|Parsing artifact substat: hp+4.1%
2026-09-29 07:59:16.918|DEBUG|ArtifactScraper|Parsing artifact substat: hp+269
2026-09-29 07:59:16.918|DEBUG|ArtifactScraper|Parsing artifact substat: elementalmastery+16
2026-09-29 07:59:16.918|DEBUG|ArtifactScraper|Parsing artifact substat: critdmg+5.4%(unactivated)
2026-09-29 07:59:17.200|DEBUG|ArtifactScraper|Parsing artifact substat: hp+239
2026-09-29 07:59:17.200|DEBUG|ArtifactScraper|Parsing artifact substat: def+5.8%
2026-09-29 07:59:17.200|DEBUG|ArtifactScraper|Parsing artifact substat: critrate+3.9%
2026-09-29 07:59:17.200|DEBUG|ArtifactScraper|Parsing artifact substat: atk+18(unactivated)
2026-09-29 07:59:17.322|DEBUG|ArtifactScraper|Parsing artifact substat: critdmg+6.2%
2026-09-29 07:59:17.322|DEBUG|ArtifactScraper|Parsing artifact substat: energyrecharge+4.5%
2026-09-29 07:59:17.322|DEBUG|ArtifactScraper|Parsing artifact substat: atk+19
2026-09-29 07:59:17.322|DEBUG|ArtifactScraper|Parsing artifact substat: elementalmastery+16
2026-09-29 07:59:17.451|DEBUG|ArtifactScraper|Parsing artifact substat: hp+269
2026-09-29 07:59:17.451|DEBUG|ArtifactScraper|Parsing artifact substat: def+6.6%
2026-09-29 07:59:17.451|DEBUG|ArtifactScraper|Parsing artifact substat: def+21
2026-09-29 07:59:17.451|DEBUG|ArtifactScraper|Parsing artifact substat: atk+19
2026-09-29 07:59:17.706|DEBUG|ArtifactScraper|Parsing artifact substat: def+19
2026-09-29 07:59:17.706|DEBUG|ArtifactScraper|Parsing artifact substat: energyrecharge+4.5%
2026-09-29 07:59:17.706|DEBUG|ArtifactScraper|Parsing artifact substat: atk+18
2026-09-29 07:59:17.706|DEBUG|ArtifactScraper|Parsing artifact substat: atk+5.3%(unactivated)
2026-09-29 07:59:17.832|DEBUG|ArtifactScraper|Parsing artifact substat: energyrecharge+5.2%
2026-09-29 07:59:17.832|DEBUG|ArtifactScraper|Parsing artifact substat: hp+239
2026-09-29 07:59:17.832|DEBUG|ArtifactScraper|Parsing artifact substat: critrate+3.9%
2026-09-29 07:59:17.832|DEBUG|ArtifactScraper|Parsing artifact substat: def+19(unactivated)
2026-09-29 07:59:18.098|DEBUG|ArtifactScraper|Parsing artifact substat: hp+4.7%
2026-09-29 07:59:18.098|DEBUG|ArtifactScraper|Parsing artifact substat: atk+16
2026-09-29 07:59:18.098|DEBUG|ArtifactScraper|Parsing artifact substat: critdmg+5.4%
2026-09-29 07:59:18.098|DEBUG|ArtifactScraper|Parsing artifact substat: critrate+3.9%(unactivated)
2026-09-29 07:59:18.121|DEBUG|ArtifactScraper|Parsing artifact substat: def+16
2026-09-29 07:59:18.121|DEBUG|ArtifactScraper|Parsing artifact substat: energyrecharge+5.8%
2026-09-29 07:59:18.121|DEBUG|ArtifactScraper|Parsing artifact substat: atk+4.7%
2026-09-29 07:59:18.121|DEBUG|ArtifactScraper|Parsing artifact substat: critrate+2.7%(unactivated)
2026-09-29 07:59:18.476|DEBUG|ArtifactScraper|Parsing artifact substat: hp+269
2026-09-29 07:59:18.476|DEBUG|ArtifactScraper|Parsing artifact substat: atk+14
2026-09-29 07:59:18.476|DEBUG|ArtifactScraper|Parsing artifact substat: energyrecharge+5.8%
2026-09-29 07:59:18.476|DEBUG|ArtifactScraper|Parsing artifact substat: def+5.1%
2026-09-29 07:59:18.511|DEBUG|ArtifactScraper|Parsing artifact substat: critrate+3.1%
2026-09-29 07:59:18.511|DEBUG|ArtifactScraper|Parsing artifact substat: critdmg+5.4%
2026-09-29 07:59:18.511|DEBUG|ArtifactScraper|Parsing artifact substat: elementalmastery+16
2026-09-29 07:59:18.511|DEBUG|ArtifactScraper|Parsing artifact substat: atk+16(unactivated)
2026-09-29 07:59:18.694|DEBUG|ArtifactScraper|Parsing artifact substat: atk+16
2026-09-29 07:59:18.694|DEBUG|ArtifactScraper|Parsing artifact substat: def+21
2026-09-29 07:59:18.694|DEBUG|ArtifactScraper|Parsing artifact substat: hp+269
2026-09-29 07:59:18.694|DEBUG|ArtifactScraper|Parsing artifact substat: hp+4.7%
2026-09-29 07:59:18.823|DEBUG|ArtifactScraper|Parsing artifact substat: hp+239
2026-09-29 07:59:18.823|DEBUG|ArtifactScraper|Parsing artifact substat: critrate+2.7%
2026-09-29 07:59:18.823|DEBUG|ArtifactScraper|Parsing artifact substat: atk+5.8%
2026-09-29 07:59:18.823|DEBUG|ArtifactScraper|Parsing artifact substat: atk+16
2026-09-29 07:59:19.048|DEBUG|ArtifactScraper|Parsing artifact substat: def+23
2026-09-29 07:59:19.048|DEBUG|ArtifactScraper|Parsing artifact substat: hp+209
2026-09-29 07:59:19.048|DEBUG|ArtifactScraper|Parsing artifact substat: atk+18
2026-09-29 07:59:19.048|DEBUG|ArtifactScraper|Parsing artifact substat: elementalmastery+23
2026-09-29 07:59:19.174|DEBUG|ArtifactScraper|Parsing artifact substat: elementalmastery+19
2026-09-29 07:59:19.174|DEBUG|ArtifactScraper|Parsing artifact substat: atk+5.8%
2026-09-29 07:59:19.174|DEBUG|ArtifactScraper|Parsing artifact substat: hp+299
2026-09-29 07:59:19.174|DEBUG|ArtifactScraper|Parsing artifact substat: critrate+2.7%(unactivated)
2026-09-29 07:59:19.422|DEBUG|ArtifactScraper|Parsing artifact substat: hp+4.1%
2026-09-29 07:59:19.422|DEBUG|ArtifactScraper|Parsing artifact substat: energyrecharge+4.5%
2026-09-29 07:59:19.422|DEBUG|ArtifactScraper|Parsing artifact substat: def+19
2026-09-29 07:59:19.422|DEBUG|ArtifactScraper|Parsing artifact substat: elementalmastery+19
2026-09-29 07:59:19.554|DEBUG|ArtifactScraper|Parsing artifact substat: atk+5.3%
2026-09-29 07:59:19.554|DEBUG|ArtifactScraper|Parsing artifact substat: hp+299
2026-09-29 07:59:19.554|DEBUG|ArtifactScraper|Parsing artifact substat: def+16
2026-09-29 07:59:19.554|DEBUG|ArtifactScraper|Parsing artifact substat: critdmg+6.2%(unactivated)
2026-09-29 07:59:19.703|DEBUG|ArtifactScraper|Parsing artifact substat: atk+18
2026-09-29 07:59:19.703|DEBUG|ArtifactScraper|Parsing artifact substat: def+7.3%
2026-09-29 07:59:19.703|DEBUG|ArtifactScraper|Parsing artifact substat: def+16
2026-09-29 07:59:19.703|DEBUG|ArtifactScraper|Parsing artifact substat: energyrecharge+4.5%
2026-09-29 07:59:19.822|DEBUG|ArtifactScraper|Finished queuing page of artifacts. Scrolling...
2026-09-29 07:59:19.942|DEBUG|ArtifactScraper|Parsing artifact substat: critdmg+5.4%
2026-09-29 07:59:19.942|DEBUG|ArtifactScraper|Parsing artifact substat: def+5.8%
2026-09-29 07:59:19.942|DEBUG|ArtifactScraper|Parsing artifact substat: energyrecharge+6.5%
2026-09-29 07:59:19.942|DEBUG|ArtifactScraper|Parsing artifact substat: def+23(unactivated)
2026-09-29 07:59:20.048|DEBUG|ArtifactScraper|Parsing artifact substat: elementalmastery+21
2026-09-29 07:59:20.049|DEBUG|ArtifactScraper|Parsing artifact substat: critrate+3.5%
2026-09-29 07:59:20.049|DEBUG|ArtifactScraper|Parsing artifact substat: def+23
2026-09-29 07:59:20.049|DEBUG|ArtifactScraper|Parsing artifact substat: hp+209(unactivated)
2026-09-29 07:59:20.270|DEBUG|ArtifactScraper|Parsing artifact substat: hp+209
2026-09-29 07:59:20.270|DEBUG|ArtifactScraper|Parsing artifact substat: def+16
2026-09-29 07:59:20.270|DEBUG|ArtifactScraper|Parsing artifact substat: critdmg+5.4%
2026-09-29 07:59:20.270|DEBUG|ArtifactScraper|Parsing artifact substat: hp+4.1%(unactivated)
2026-09-29 07:59:22.364|DEBUG|ArtifactScraper|Scanning artifact page 27
2026-09-29 07:59:22.364|DEBUG|ArtifactScraper|Located 32 possible item locations on page.
2026-09-29 07:59:22.888|DEBUG|ArtifactScraper|Parsing artifact substat: energyrecharge+4.5%
2026-09-29 07:59:22.888|DEBUG|ArtifactScraper|Parsing artifact substat: elementalmastery+19
2026-09-29 07:59:22.888|DEBUG|ArtifactScraper|Parsing artifact substat: critdmg+7.8%
2026-09-29 07:59:22.888|DEBUG|ArtifactScraper|Parsing artifact substat: def+21(unactivated)
2026-09-29 07:59:22.976|DEBUG|ArtifactScraper|Parsing artifact substat: def+19
2026-09-29 07:59:22.976|DEBUG|ArtifactScraper|Parsing artifact substat: atk+5.8%
2026-09-29 07:59:22.976|DEBUG|ArtifactScraper|Parsing artifact substat: hp+209
2026-09-29 07:59:22.976|DEBUG|ArtifactScraper|Parsing artifact substat: atk+16(unactivated)
2026-09-29 07:59:23.217|DEBUG|ArtifactScraper|Parsing artifact substat: def+16
2026-09-29 07:59:23.217|DEBUG|ArtifactScraper|Parsing artifact substat: elementalmastery+21
2026-09-29 07:59:23.217|DEBUG|ArtifactScraper|Parsing artifact substat: def+6.6%
2026-09-29 07:59:23.217|DEBUG|ArtifactScraper|Parsing artifact substat: atk+18(unactivated)
2026-09-29 07:59:23.346|DEBUG|ArtifactScraper|Parsing artifact substat: atk+16
2026-09-29 07:59:23.346|DEBUG|ArtifactScraper|Parsing artifact substat: def+16
2026-09-29 07:59:23.346|DEBUG|ArtifactScraper|Parsing artifact substat: def+7.3%
2026-09-29 07:59:23.346|DEBUG|ArtifactScraper|Parsing artifact substat: critrate+3.5%(unactivated)
2026-09-29 07:59:23.528|DEBUG|ArtifactScraper|Parsing artifact substat: hp+209
2026-09-29 07:59:23.528|DEBUG|ArtifactScraper|Parsing artifact substat: atk+18
2026-09-29 07:59:23.528|DEBUG|ArtifactScraper|Parsing artifact substat: elementalmastery+23
2026-09-29 07:59:23.528|DEBUG|ArtifactScraper|Parsing artifact substat: def+16(unactivated)
2026-09-29 07:59:23.736|DEBUG|ArtifactScraper|Parsing artifact substat: elementalmastery+21
2026-09-29 07:59:23.736|DEBUG|ArtifactScraper|Parsing artifact substat: def+16
2026-09-29 07:59:23.736|DEBUG|ArtifactScraper|Parsing artifact substat: critrate+3.5%
2026-09-29 07:59:23.736|DEBUG|ArtifactScraper|Parsing artifact substat: def+5.8%(unactivated)
2026-09-29 07:59:23.842|DEBUG|ArtifactScraper|Parsing artifact substat: atk+14
2026-09-29 07:59:23.842|DEBUG|ArtifactScraper|Parsing artifact substat: elementalmastery+21
2026-09-29 07:59:23.842|DEBUG|ArtifactScraper|Parsing artifact substat: hp+209
2026-09-29 07:59:23.842|DEBUG|ArtifactScraper|Parsing artifact substat: hp+5.3%(unactivated)
2026-09-29 07:59:24.091|DEBUG|ArtifactScraper|Parsing artifact substat: hp+239
2026-09-29 07:59:24.091|DEBUG|ArtifactScraper|Parsing artifact substat: atk+19
2026-09-29 07:59:24.091|DEBUG|ArtifactScraper|Parsing artifact substat: hp+4.1%
2026-09-29 07:59:24.091|DEBUG|ArtifactScraper|Parsing artifact substat: critrate+3.9%(unactivated)
2026-09-29 07:59:24.242|DEBUG|ArtifactScraper|Parsing artifact substat: atk+5.3%
2026-09-29 07:59:24.242|DEBUG|ArtifactScraper|Parsing artifact substat: def+7.3%
2026-09-29 07:59:24.242|DEBUG|ArtifactScraper|Parsing artifact substat: elementalmastery+19
2026-09-29 07:59:24.242|DEBUG|ArtifactScraper|Parsing artifact substat: hp+209(unactivated)
2026-09-29 07:59:24.422|DEBUG|ArtifactScraper|Parsing artifact substat: critrate+2.7%
2026-09-29 07:59:24.422|DEBUG|ArtifactScraper|Parsing artifact substat: hp+4.7%
2026-09-29 07:59:24.422|DEBUG|ArtifactScraper|Parsing artifact substat: def+21
2026-09-29 07:59:24.422|DEBUG|ArtifactScraper|Parsing artifact substat: critdmg+6.2%
2026-09-29 07:59:24.608|DEBUG|ArtifactScraper|Parsing artifact substat: critrate+3.1%
2026-09-29 07:59:24.608|DEBUG|ArtifactScraper|Parsing artifact substat: atk+4.1%
2026-09-29 07:59:24.608|DEBUG|ArtifactScraper|Parsing artifact substat: def+19
2026-09-29 07:59:24.608|DEBUG|ArtifactScraper|Parsing artifact substat: def+6.6%
2026-09-29 07:59:24.691|DEBUG|ArtifactScraper|Parsing artifact substat: atk+14
2026-09-29 07:59:24.691|DEBUG|ArtifactScraper|Parsing artifact substat: critdmg+7.0%
2026-09-29 07:59:24.691|DEBUG|ArtifactScraper|Parsing artifact substat: def+19
2026-09-29 07:59:24.691|DEBUG|ArtifactScraper|Parsing artifact substat: atk+4.1%
2026-09-29 07:59:24.978|DEBUG|ArtifactScraper|Parsing artifact substat: energyrecharge+4.5%
2026-09-29 07:59:24.978|DEBUG|ArtifactScraper|Parsing artifact substat: def+16
2026-09-29 07:59:24.978|DEBUG|ArtifactScraper|Parsing artifact substat: atk+4.7%
2026-09-29 07:59:24.978|DEBUG|ArtifactScraper|Parsing artifact substat: critdmg+6.2%(unactivated)
2026-09-29 07:59:25.060|DEBUG|ArtifactScraper|Parsing artifact substat: def+21
2026-09-29 07:59:25.060|DEBUG|ArtifactScraper|Parsing artifact substat: critrate+2.7%
2026-09-29 07:59:25.060|DEBUG|ArtifactScraper|Parsing artifact substat: atk+14
2026-09-29 07:59:25.060|DEBUG|ArtifactScraper|Parsing artifact substat: atk+5.3%(unactivated)
2026-09-29 07:59:25.359|DEBUG|ArtifactScraper|Parsing artifact substat: critrate+2.7%
2026-09-29 07:59:25.359|DEBUG|ArtifactScraper|Parsing artifact substat: atk+4.1%
2026-09-29 07:59:25.359|DEBUG|ArtifactScraper|Parsing artifact substat: def+6.6%
2026-09-29 07:59:25.359|DEBUG|ArtifactScraper|Parsing artifact substat: elementalmastery+21
2026-09-29 07:59:25.369|DEBUG|ArtifactScraper|Parsing artifact substat: def+23
2026-09-29 07:59:25.369|DEBUG|ArtifactScraper|Parsing artifact substat: atk+18
2026-09-29 07:59:25.369|DEBUG|ArtifactScraper|Parsing artifact substat: atk+5.3%
2026-09-29 07:59:25.369|DEBUG|ArtifactScraper|Parsing artifact substat: critrate+3.5%(unactivated)
2026-09-29 07:59:25.700|DEBUG|ArtifactScraper|Parsing artifact substat: critrate+3.1%
2026-09-29 07:59:25.700|DEBUG|ArtifactScraper|Parsing artifact substat: def+6.6%
2026-09-29 07:59:25.700|DEBUG|ArtifactScraper|Parsing artifact substat: atk+4.7%
2026-09-29 07:59:25.700|DEBUG|ArtifactScraper|Parsing artifact substat: hp+5.3%(unactivated)
2026-09-29 07:59:25.731|DEBUG|ArtifactScraper|Parsing artifact substat: def+5.8%
2026-09-29 07:59:25.731|DEBUG|ArtifactScraper|Parsing artifact substat: critrate+3.9%
2026-09-29 07:59:25.731|DEBUG|ArtifactScraper|Parsing artifact substat: elementalmastery+21
2026-09-29 07:59:25.731|DEBUG|ArtifactScraper|Parsing artifact substat: hp+5.3%
2026-09-29 07:59:25.990|DEBUG|ArtifactScraper|Parsing artifact substat: atk+4.1%
2026-09-29 07:59:25.990|DEBUG|ArtifactScraper|Parsing artifact substat: def+6.6%
2026-09-29 07:59:25.990|DEBUG|ArtifactScraper|Parsing artifact substat: elementalmastery+23
2026-09-29 07:59:25.990|DEBUG|ArtifactScraper|Parsing artifact substat: def+19
2026-09-29 07:59:26.057|DEBUG|ArtifactScraper|Parsing artifact substat: def+5.8%
2026-09-29 07:59:26.057|DEBUG|ArtifactScraper|Parsing artifact substat: elementalmastery+16
2026-09-29 07:59:26.057|DEBUG|ArtifactScraper|Parsing artifact substat: hp+4.7%
2026-09-29 07:59:26.057|DEBUG|ArtifactScraper|Parsing artifact substat: atk+5.8%
2026-09-29 07:59:26.365|DEBUG|ArtifactScraper|Parsing artifact substat: energyrecharge+6.5%
2026-09-29 07:59:26.365|DEBUG|ArtifactScraper|Parsing artifact substat: atk+4.7%
2026-09-29 07:59:26.365|DEBUG|ArtifactScraper|Parsing artifact substat: def+16
2026-09-29 07:59:26.365|DEBUG|ArtifactScraper|Parsing artifact substat: elementalmastery+23
2026-09-29 07:59:26.430|DEBUG|ArtifactScraper|Parsing artifact substat: hp+5.3%
2026-09-29 07:59:26.430|DEBUG|ArtifactScraper|Parsing artifact substat: atk+4.7%
2026-09-29 07:59:26.430|DEBUG|ArtifactScraper|Parsing artifact substat: def+21
2026-09-29 07:59:26.430|DEBUG|ArtifactScraper|Parsing artifact substat: energyrecharge+6.5%
2026-09-29 07:59:26.635|DEBUG|ArtifactScraper|Parsing artifact substat: def+19
2026-09-29 07:59:26.635|DEBUG|ArtifactScraper|Parsing artifact substat: elementalmastery+16
2026-09-29 07:59:26.635|DEBUG|ArtifactScraper|Parsing artifact substat: hp+5.3%
2026-09-29 07:59:26.635|DEBUG|ArtifactScraper|Parsing artifact substat: atk+4.7%
2026-09-29 07:59:26.737|DEBUG|ArtifactScraper|Parsing artifact substat: critdmg+6.2%
2026-09-29 07:59:26.737|DEBUG|ArtifactScraper|Parsing artifact substat: def+6.6%
2026-09-29 07:59:26.737|DEBUG|ArtifactScraper|Parsing artifact substat: hp+4.1%
2026-09-29 07:59:26.737|DEBUG|ArtifactScraper|Parsing artifact substat: def+16(unactivated)
2026-09-29 07:59:26.981|DEBUG|ArtifactScraper|Parsing artifact substat: energyrecharge+5.8%
2026-09-29 07:59:26.981|DEBUG|ArtifactScraper|Parsing artifact substat: def+7.3%
2026-09-29 07:59:26.981|DEBUG|ArtifactScraper|Parsing artifact substat: atk+5.3%
2026-09-29 07:59:26.981|DEBUG|ArtifactScraper|Parsing artifact substat: elementalmastery+19
2026-09-29 07:59:27.102|DEBUG|ArtifactScraper|Parsing artifact substat: energyrecharge+6.5%
2026-09-29 07:59:27.102|DEBUG|ArtifactScraper|Parsing artifact substat: atk+16
2026-09-29 07:59:27.102|DEBUG|ArtifactScraper|Parsing artifact substat: critrate+2.7%
2026-09-29 07:59:27.102|DEBUG|ArtifactScraper|Parsing artifact substat: elementalmastery+16
2026-09-29 07:59:27.270|DEBUG|ArtifactScraper|Parsing artifact substat: critrate+3.9%
2026-09-29 07:59:27.270|DEBUG|ArtifactScraper|Parsing artifact substat: atk+16
2026-09-29 07:59:27.270|DEBUG|ArtifactScraper|Parsing artifact substat: hp+4.7%
2026-09-29 07:59:27.270|DEBUG|ArtifactScraper|Parsing artifact substat: def+21(unactivated)
2026-09-29 07:59:27.432|DEBUG|ArtifactScraper|Parsing artifact substat: atk+18
2026-09-29 07:59:27.432|DEBUG|ArtifactScraper|Parsing artifact substat: def+5.8%
2026-09-29 07:59:27.432|DEBUG|ArtifactScraper|Parsing artifact substat: atk+4.1%
2026-09-29 07:59:27.432|DEBUG|ArtifactScraper|Parsing artifact substat: energyrecharge+4.5%
2026-09-29 07:59:27.591|DEBUG|ArtifactScraper|Parsing artifact substat: elementalmastery+16
2026-09-29 07:59:27.591|DEBUG|ArtifactScraper|Parsing artifact substat: critdmg+5.4%
2026-09-29 07:59:27.591|DEBUG|ArtifactScraper|Parsing artifact substat: atk+5.3%
2026-09-29 07:59:27.591|DEBUG|ArtifactScraper|Parsing artifact substat: hp+299(unactivated)
2026-09-29 07:59:27.789|DEBUG|ArtifactScraper|Parsing artifact substat: energyrecharge+4.5%
2026-09-29 07:59:27.789|DEBUG|ArtifactScraper|Parsing artifact substat: elementalmastery+19
2026-09-29 07:59:27.789|DEBUG|ArtifactScraper|Parsing artifact substat: atk+4.7%
2026-09-29 07:59:27.789|DEBUG|ArtifactScraper|Parsing artifact substat: hp+299(unactivated)
2026-09-29 07:59:27.789|DEBUG|ArtifactScraper|Finished queuing page of artifacts. Scrolling...
2026-09-29 07:59:27.917|DEBUG|ArtifactScraper|Parsing artifact substat: hp+209
2026-09-29 07:59:27.917|DEBUG|ArtifactScraper|Parsing artifact substat: hp+4.7%
2026-09-29 07:59:27.917|DEBUG|ArtifactScraper|Parsing artifact substat: atk+4.1%
2026-09-29 07:59:27.917|DEBUG|ArtifactScraper|Parsing artifact substat: critrate+2.7%(unactivated)
2026-09-29 07:59:28.092|DEBUG|ArtifactScraper|Parsing artifact substat: critrate+3.9%
2026-09-29 07:59:28.092|DEBUG|ArtifactScraper|Parsing artifact substat: def+21
2026-09-29 07:59:28.092|DEBUG|ArtifactScraper|Parsing artifact substat: hp+4.7%
2026-09-29 07:59:28.092|DEBUG|ArtifactScraper|Parsing artifact substat: atk+4.7%(unactivated)
2026-09-29 07:59:29.793|DEBUG|ArtifactScraper|Scanning artifact page 28
2026-09-29 07:59:29.793|DEBUG|ArtifactScraper|Located 32 possible item locations on page.
2026-09-29 07:59:30.162|DEBUG|ArtifactScraper|Parsing artifact substat: atk+5.3%
2026-09-29 07:59:30.162|DEBUG|ArtifactScraper|Parsing artifact substat: energyrecharge+4.5%
2026-09-29 07:59:30.162|DEBUG|ArtifactScraper|Parsing artifact substat: hp+239
2026-09-29 07:59:30.162|DEBUG|ArtifactScraper|Parsing artifact substat: critrate+3.9%(unactivated)
2026-09-29 07:59:30.396|DEBUG|ArtifactScraper|Parsing artifact substat: hp+209
2026-09-29 07:59:30.396|DEBUG|ArtifactScraper|Parsing artifact substat: def+16
2026-09-29 07:59:30.396|DEBUG|ArtifactScraper|Parsing artifact substat: atk+4.1%
2026-09-29 07:59:30.396|DEBUG|ArtifactScraper|Parsing artifact substat: critrate+3.5%(unactivated)
2026-09-29 07:59:30.574|DEBUG|ArtifactScraper|Parsing artifact substat: hp+209
2026-09-29 07:59:30.574|DEBUG|ArtifactScraper|Parsing artifact substat: critdmg+5.4%
2026-09-29 07:59:30.574|DEBUG|ArtifactScraper|Parsing artifact substat: elementalmastery+23
2026-09-29 07:59:30.574|DEBUG|ArtifactScraper|Parsing artifact substat: atk+4.7%(unactivated)
2026-09-29 07:59:30.712|DEBUG|ArtifactScraper|Parsing artifact substat: hp+209
2026-09-29 07:59:30.712|DEBUG|ArtifactScraper|Parsing artifact substat: def+5.1%
2026-09-29 07:59:30.712|DEBUG|ArtifactScraper|Parsing artifact substat: atk+4.1%
2026-09-29 07:59:30.712|DEBUG|ArtifactScraper|Parsing artifact substat: critdmg+5.4%(unactivated)
2026-09-29 07:59:30.867|DEBUG|ArtifactScraper|Parsing artifact substat: critdmg+7.8%
2026-09-29 07:59:30.867|DEBUG|ArtifactScraper|Parsing artifact substat: def+23
2026-09-29 07:59:30.867|DEBUG|ArtifactScraper|Parsing artifact substat: elementalmastery+23
2026-09-29 07:59:30.867|DEBUG|ArtifactScraper|Parsing artifact substat: hp+5.3%
2026-09-29 07:59:31.165|DEBUG|ArtifactScraper|Parsing artifact substat: energyrecharge+4.5%
2026-09-29 07:59:31.165|DEBUG|ArtifactScraper|Parsing artifact substat: def+21
2026-09-29 07:59:31.165|DEBUG|ArtifactScraper|Parsing artifact substat: elementalmastery+16
2026-09-29 07:59:31.165|DEBUG|ArtifactScraper|Parsing artifact substat: hp+299
2026-09-29 07:59:31.256|DEBUG|ArtifactScraper|Parsing artifact substat: critdmg+7.8%
2026-09-29 07:59:31.256|DEBUG|ArtifactScraper|Parsing artifact substat: hp+5.8%
2026-09-29 07:59:31.256|DEBUG|ArtifactScraper|Parsing artifact substat: elementalmastery+23
2026-09-29 07:59:31.256|DEBUG|ArtifactScraper|Parsing artifact substat: def+6.6%
2026-09-29 07:59:31.463|DEBUG|ArtifactScraper|Parsing artifact substat: hp+209
2026-09-29 07:59:31.463|DEBUG|ArtifactScraper|Parsing artifact substat: hp+4.7%
2026-09-29 07:59:31.463|DEBUG|ArtifactScraper|Parsing artifact substat: def+19
2026-09-29 07:59:31.463|DEBUG|ArtifactScraper|Parsing artifact substat: atk+5.8%
2026-09-29 07:59:31.564|DEBUG|ArtifactScraper|Parsing artifact substat: def+5.1%
2026-09-29 07:59:31.564|DEBUG|ArtifactScraper|Parsing artifact substat: hp+4.1%
2026-09-29 07:59:31.564|DEBUG|ArtifactScraper|Parsing artifact substat: critdmg+7.8%
2026-09-29 07:59:31.564|DEBUG|ArtifactScraper|Parsing artifact substat: hp+269
2026-09-29 07:59:31.756|DEBUG|ArtifactScraper|Parsing artifact substat: hp+209
2026-09-29 07:59:31.756|DEBUG|ArtifactScraper|Parsing artifact substat: def+16
2026-09-29 07:59:31.756|DEBUG|ArtifactScraper|Parsing artifact substat: atk+4.1%
2026-09-29 07:59:31.756|DEBUG|ArtifactScraper|Parsing artifact substat: energyrecharge+5.2%
2026-09-29 07:59:32.068|DEBUG|ArtifactScraper|Parsing artifact substat: hp+299
2026-09-29 07:59:32.068|DEBUG|ArtifactScraper|Parsing artifact substat: def+21
2026-09-29 07:59:32.068|DEBUG|ArtifactScraper|Parsing artifact substat: hp+4.1%
2026-09-29 07:59:32.068|DEBUG|ArtifactScraper|Parsing artifact substat: critrate+3.5%
2026-09-29 07:59:32.090|DEBUG|ArtifactScraper|Parsing artifact substat: elementalmastery+19
2026-09-29 07:59:32.090|DEBUG|ArtifactScraper|Parsing artifact substat: hp+4.1%
2026-09-29 07:59:32.090|DEBUG|ArtifactScraper|Parsing artifact substat: def+23
2026-09-29 07:59:32.090|DEBUG|ArtifactScraper|Parsing artifact substat: critrate+3.1%
2026-09-29 07:59:32.435|DEBUG|ArtifactScraper|Parsing artifact substat: elementalmastery+19
2026-09-29 07:59:32.435|DEBUG|ArtifactScraper|Parsing artifact substat: hp+5.3%
2026-09-29 07:59:32.435|DEBUG|ArtifactScraper|Parsing artifact substat: def+6.6%
2026-09-29 07:59:32.435|DEBUG|ArtifactScraper|Parsing artifact substat: atk+4.7%(unactivated)
2026-09-29 07:59:32.442|DEBUG|ArtifactScraper|Parsing artifact substat: elementalmastery+23
2026-09-29 07:59:32.442|DEBUG|ArtifactScraper|Parsing artifact substat: atk+5.3%
2026-09-29 07:59:32.442|DEBUG|ArtifactScraper|Parsing artifact substat: hp+4.1%
2026-09-29 07:59:32.442|DEBUG|ArtifactScraper|Parsing artifact substat: def+16(unactivated)
2026-09-29 07:59:32.678|DEBUG|ArtifactScraper|Parsing artifact substat: hp+269
2026-09-29 07:59:32.678|DEBUG|ArtifactScraper|Parsing artifact substat: hp+5.3%
2026-09-29 07:59:32.678|DEBUG|ArtifactScraper|Parsing artifact substat: def+21
2026-09-29 07:59:32.678|DEBUG|ArtifactScraper|Parsing artifact substat: elementalmastery+23
2026-09-29 07:59:32.794|DEBUG|ArtifactScraper|Parsing artifact substat: hp+5.3%
2026-09-29 07:59:32.794|DEBUG|ArtifactScraper|Parsing artifact substat: critrate+3.1%
2026-09-29 07:59:32.794|DEBUG|ArtifactScraper|Parsing artifact substat: elementalmastery+16
2026-09-29 07:59:32.794|DEBUG|ArtifactScraper|Parsing artifact substat: def+21(unactivated)
2026-09-29 07:59:33.010|DEBUG|ArtifactScraper|Parsing artifact substat: def+23
2026-09-29 07:59:33.010|DEBUG|ArtifactScraper|Parsing artifact substat: hp+4.1%
2026-09-29 07:59:33.010|DEBUG|ArtifactScraper|Parsing artifact substat: elementalmastery+23
2026-09-29 07:59:33.010|DEBUG|ArtifactScraper|Parsing artifact substat: hp+299(unactivated)
2026-09-29 07:59:33.145|DEBUG|ArtifactScraper|Parsing artifact substat: def+23
2026-09-29 07:59:33.145|DEBUG|ArtifactScraper|Parsing artifact substat: energyrecharge+5.8%
2026-09-29 07:59:33.145|DEBUG|ArtifactScraper|Parsing artifact substat: critrate+3.9%
2026-09-29 07:59:33.145|DEBUG|ArtifactScraper|Parsing artifact substat: elementalmastery+23
2026-09-29 07:59:33.326|DEBUG|ArtifactScraper|Parsing artifact substat: def+19
2026-09-29 07:59:33.326|DEBUG|ArtifactScraper|Parsing artifact substat: hp+4.1%
2026-09-29 07:59:33.326|DEBUG|ArtifactScraper|Parsing artifact substat: energyrecharge+4.5%
2026-09-29 07:59:33.326|DEBUG|ArtifactScraper|Parsing artifact substat: atk+5.8%(unactivated)
2026-09-29 07:59:33.514|DEBUG|ArtifactScraper|Parsing artifact substat: def+16
2026-09-29 07:59:33.514|DEBUG|ArtifactScraper|Parsing artifact substat: elementalmastery+16
2026-09-29 07:59:33.514|DEBUG|ArtifactScraper|Parsing artifact substat: hp+239
2026-09-29 07:59:33.514|DEBUG|ArtifactScraper|Parsing artifact substat: critdmg+5.4%(unactivated)
2026-09-29 07:59:33.602|DEBUG|ArtifactScraper|Parsing artifact substat: def+23
2026-09-29 07:59:33.602|DEBUG|ArtifactScraper|Parsing artifact substat: critrate+3.9%
2026-09-29 07:59:33.602|DEBUG|ArtifactScraper|Parsing artifact substat: def+7.3%
2026-09-29 07:59:33.602|DEBUG|ArtifactScraper|Parsing artifact substat: elementalmastery+23
2026-09-29 07:59:33.850|DEBUG|ArtifactScraper|Parsing artifact substat: def+6.6%
2026-09-29 07:59:33.850|DEBUG|ArtifactScraper|Parsing artifact substat: def+16
2026-09-29 07:59:33.850|DEBUG|ArtifactScraper|Parsing artifact substat: critrate+2.7%
2026-09-29 07:59:33.850|DEBUG|ArtifactScraper|Parsing artifact substat: hp+269(unactivated)
2026-09-29 07:59:33.968|DEBUG|ArtifactScraper|Parsing artifact substat: elementalmastery+21
2026-09-29 07:59:33.968|DEBUG|ArtifactScraper|Parsing artifact substat: hp+4.1%
2026-09-29 07:59:33.968|DEBUG|ArtifactScraper|Parsing artifact substat: energyrecharge+5.8%
2026-09-29 07:59:33.968|DEBUG|ArtifactScraper|Parsing artifact substat: critrate+2.7%(unactivated)
2026-09-29 07:59:34.185|DEBUG|ArtifactScraper|Parsing artifact substat: hp+4.7%
2026-09-29 07:59:34.185|DEBUG|ArtifactScraper|Parsing artifact substat: critdmg+6.2%
2026-09-29 07:59:34.185|DEBUG|ArtifactScraper|Parsing artifact substat: def+23
2026-09-29 07:59:34.185|DEBUG|ArtifactScraper|Parsing artifact substat: hp+209(unactivated)
2026-09-29 07:59:34.303|DEBUG|ArtifactScraper|Parsing artifact substat: def+21
2026-09-29 07:59:34.303|DEBUG|ArtifactScraper|Parsing artifact substat: hp+239
2026-09-29 07:59:34.303|DEBUG|ArtifactScraper|Parsing artifact substat: atk+5.3%
2026-09-29 07:59:34.303|DEBUG|ArtifactScraper|Parsing artifact substat: elementalmastery+16
2026-09-29 07:59:34.483|DEBUG|ArtifactScraper|Parsing artifact substat: hp+209
2026-09-29 07:59:34.483|DEBUG|ArtifactScraper|Parsing artifact substat: energyrecharge+5.2%
2026-09-29 07:59:34.483|DEBUG|ArtifactScraper|Parsing artifact substat: atk+4.7%
2026-09-29 07:59:34.483|DEBUG|ArtifactScraper|Parsing artifact substat: def+16(unactivated)
2026-09-29 07:59:34.628|DEBUG|ArtifactScraper|Parsing artifact substat: def+16
2026-09-29 07:59:34.628|DEBUG|ArtifactScraper|Parsing artifact substat: atk+4.1%
2026-09-29 07:59:34.628|DEBUG|ArtifactScraper|Parsing artifact substat: def+5.1%
2026-09-29 07:59:34.628|DEBUG|ArtifactScraper|Parsing artifact substat: hp+299(unactivated)
2026-09-29 07:59:34.774|DEBUG|ArtifactScraper|Parsing artifact substat: hp+299
2026-09-29 07:59:34.774|DEBUG|ArtifactScraper|Parsing artifact substat: def+6.6%
2026-09-29 07:59:34.774|DEBUG|ArtifactScraper|Parsing artifact substat: hp+5.3%
2026-09-29 07:59:34.774|DEBUG|ArtifactScraper|Parsing artifact substat: elementalmastery+16
2026-09-29 07:59:34.972|DEBUG|ArtifactScraper|Parsing artifact substat: hp+209
2026-09-29 07:59:34.972|DEBUG|ArtifactScraper|Parsing artifact substat: elementalmastery+16
2026-09-29 07:59:34.972|DEBUG|ArtifactScraper|Parsing artifact substat: critrate+2.7%
2026-09-29 07:59:34.972|DEBUG|ArtifactScraper|Parsing artifact substat: energyrecharge+6.5%
2026-09-29 07:59:35.100|DEBUG|ArtifactScraper|Parsing artifact substat: def+23
2026-09-29 07:59:35.100|DEBUG|ArtifactScraper|Parsing artifact substat: hp+239
2026-09-29 07:59:35.100|DEBUG|ArtifactScraper|Parsing artifact substat: energyrecharge+5.2%
2026-09-29 07:59:35.100|DEBUG|ArtifactScraper|Parsing artifact substat: def+7.3%(unactivated)
2026-09-29 07:59:35.147|DEBUG|ArtifactScraper|Finished queuing page of artifacts. Scrolling...
2026-09-29 07:59:35.300|DEBUG|ArtifactScraper|Parsing artifact substat: hp+299
2026-09-29 07:59:35.300|DEBUG|ArtifactScraper|Parsing artifact substat: hp+4.1%
2026-09-29 07:59:35.300|DEBUG|ArtifactScraper|Parsing artifact substat: critdmg+6.2%
2026-09-29 07:59:35.300|DEBUG|ArtifactScraper|Parsing artifact substat: energyrecharge+4.5%
2026-09-29 07:59:35.423|DEBUG|ArtifactScraper|Parsing artifact substat: critdmg+6.2%
2026-09-29 07:59:35.423|DEBUG|ArtifactScraper|Parsing artifact substat: hp+4.7%
2026-09-29 07:59:35.423|DEBUG|ArtifactScraper|Parsing artifact substat: def+21
2026-09-29 07:59:35.423|DEBUG|ArtifactScraper|Parsing artifact substat: def+7.3%(unactivated)
2026-09-29 07:59:37.128|DEBUG|ArtifactScraper|Scanning artifact page 29
2026-09-29 07:59:37.128|DEBUG|ArtifactScraper|Located 32 possible item locations on page.
2026-09-29 07:59:37.587|DEBUG|ArtifactScraper|Parsing artifact substat: critdmg+7.8%
2026-09-29 07:59:37.587|DEBUG|ArtifactScraper|Parsing artifact substat: hp+209
2026-09-29 07:59:37.587|DEBUG|ArtifactScraper|Parsing artifact substat: energyrecharge+6.5%
2026-09-29 07:59:37.587|DEBUG|ArtifactScraper|Parsing artifact substat: elementalmastery+21
2026-09-29 07:59:37.793|DEBUG|ArtifactScraper|Parsing artifact substat: def+16
2026-09-29 07:59:37.793|DEBUG|ArtifactScraper|Parsing artifact substat: def+5.1%
2026-09-29 07:59:37.793|DEBUG|ArtifactScraper|Parsing artifact substat: hp+239
2026-09-29 07:59:37.793|DEBUG|ArtifactScraper|Parsing artifact substat: elementalmastery+21
2026-09-29 07:59:37.907|DEBUG|ArtifactScraper|Parsing artifact substat: hp+5.8%
2026-09-29 07:59:37.907|DEBUG|ArtifactScraper|Parsing artifact substat: elementalmastery+23
2026-09-29 07:59:37.907|DEBUG|ArtifactScraper|Parsing artifact substat: atk+5.8%
2026-09-29 07:59:37.907|DEBUG|ArtifactScraper|Parsing artifact substat: def+5.1%(unactivated)
2026-09-29 07:59:38.150|DEBUG|ArtifactScraper|Parsing artifact substat: elementalmastery+21
2026-09-29 07:59:38.150|DEBUG|ArtifactScraper|Parsing artifact substat: atk+5.3%
2026-09-29 07:59:38.150|DEBUG|ArtifactScraper|Parsing artifact substat: hp+5.3%
2026-09-29 07:59:38.150|DEBUG|ArtifactScraper|Parsing artifact substat: energyrecharge+6.5%
2026-09-29 07:59:38.236|DEBUG|ArtifactScraper|Parsing artifact substat: hp+299
2026-09-29 07:59:38.236|DEBUG|ArtifactScraper|Parsing artifact substat: energyrecharge+5.2%
2026-09-29 07:59:38.236|DEBUG|ArtifactScraper|Parsing artifact substat: def+19
2026-09-29 07:59:38.236|DEBUG|ArtifactScraper|Parsing artifact substat: atk+5.3%(unactivated)
2026-09-29 07:59:38.491|DEBUG|ArtifactScraper|Parsing artifact substat: def+6.6%
2026-09-29 07:59:38.491|DEBUG|ArtifactScraper|Parsing artifact substat: def+21
2026-09-29 07:59:38.491|DEBUG|ArtifactScraper|Parsing artifact substat: energyrecharge+6.5%
2026-09-29 07:59:38.491|DEBUG|ArtifactScraper|Parsing artifact substat: atk+4.7%(unactivated)
2026-09-29 07:59:38.595|DEBUG|ArtifactScraper|Parsing artifact substat: hp+269
2026-09-29 07:59:38.595|DEBUG|ArtifactScraper|Parsing artifact substat: def+5.1%
2026-09-29 07:59:38.595|DEBUG|ArtifactScraper|Parsing artifact substat: critdmg+7.0%
2026-09-29 07:59:38.595|DEBUG|ArtifactScraper|Parsing artifact substat: hp+5.3%(unactivated)
2026-09-29 07:59:38.753|DEBUG|ArtifactScraper|Parsing artifact substat: hp+269
2026-09-29 07:59:38.753|DEBUG|ArtifactScraper|Parsing artifact substat: elementalmastery+16
2026-09-29 07:59:38.753|DEBUG|ArtifactScraper|Parsing artifact substat: critrate+3.5%
2026-09-29 07:59:38.753|DEBUG|ArtifactScraper|Parsing artifact substat: critdmg+7.0%
2026-09-29 07:59:38.938|DEBUG|ArtifactScraper|Parsing artifact substat: def+7.3%
2026-09-29 07:59:38.938|DEBUG|ArtifactScraper|Parsing artifact substat: def+16
2026-09-29 07:59:38.938|DEBUG|ArtifactScraper|Parsing artifact substat: critrate+2.7%
2026-09-29 07:59:38.938|DEBUG|ArtifactScraper|Parsing artifact substat: energyrecharge+6.5%
2026-09-29 07:59:39.068|DEBUG|ArtifactScraper|Parsing artifact substat: def+16
2026-09-29 07:59:39.068|DEBUG|ArtifactScraper|Parsing artifact substat: hp+5.3%
2026-09-29 07:59:39.068|DEBUG|ArtifactScraper|Parsing artifact substat: energyrecharge+6.5%
2026-09-29 07:59:39.068|DEBUG|ArtifactScraper|Parsing artifact substat: hp+239
2026-09-29 07:59:39.322|DEBUG|ArtifactScraper|Parsing artifact substat: elementalmastery+23
2026-09-29 07:59:39.322|DEBUG|ArtifactScraper|Parsing artifact substat: critrate+3.9%
2026-09-29 07:59:39.322|DEBUG|ArtifactScraper|Parsing artifact substat: critdmg+5.4%
2026-09-29 07:59:39.322|DEBUG|ArtifactScraper|Parsing artifact substat: atk+16(unactivated)
2026-09-29 07:59:39.418|DEBUG|ArtifactScraper|Parsing artifact substat: critdmg+7.0%
2026-09-29 07:59:39.418|DEBUG|ArtifactScraper|Parsing artifact substat: hp+4.1%
2026-09-29 07:59:39.418|DEBUG|ArtifactScraper|Parsing artifact substat: def+23
2026-09-29 07:59:39.418|DEBUG|ArtifactScraper|Parsing artifact substat: elementalmastery+16
2026-09-29 07:59:39.621|DEBUG|ArtifactScraper|Parsing artifact substat: hp+269
2026-09-29 07:59:39.621|DEBUG|ArtifactScraper|Parsing artifact substat: critrate+3.9%
2026-09-29 07:59:39.621|DEBUG|ArtifactScraper|Parsing artifact substat: def+23
2026-09-29 07:59:39.621|DEBUG|ArtifactScraper|Parsing artifact substat: energyrecharge+5.8%
2026-09-29 07:59:39.765|DEBUG|ArtifactScraper|Parsing artifact substat: critdmg+7.0%
2026-09-29 07:59:39.765|DEBUG|ArtifactScraper|Parsing artifact substat: critrate+3.9%
2026-09-29 07:59:39.765|DEBUG|ArtifactScraper|Parsing artifact substat: hp+4.7%
2026-09-29 07:59:39.765|DEBUG|ArtifactScraper|Parsing artifact substat: elementalmastery+21
2026-09-29 07:59:39.922|DEBUG|ArtifactScraper|Parsing artifact substat: atk+5.8%
2026-09-29 07:59:39.922|DEBUG|ArtifactScraper|Parsing artifact substat: hp+239
2026-09-29 07:59:39.922|DEBUG|ArtifactScraper|Parsing artifact substat: def+7.3%
2026-09-29 07:59:39.922|DEBUG|ArtifactScraper|Parsing artifact substat: critrate+2.7%(unactivated)
2026-09-29 07:59:40.118|DEBUG|ArtifactScraper|Parsing artifact substat: hp+5.3%
2026-09-29 07:59:40.118|DEBUG|ArtifactScraper|Parsing artifact substat: def+5.8%
2026-09-29 07:59:40.118|DEBUG|ArtifactScraper|Parsing artifact substat: critrate+3.1%
2026-09-29 07:59:40.118|DEBUG|ArtifactScraper|Parsing artifact substat: critdmg+6.2%(unactivated)
2026-09-29 07:59:40.259|DEBUG|ArtifactScraper|Parsing artifact substat: hp+209
2026-09-29 07:59:40.259|DEBUG|ArtifactScraper|Parsing artifact substat: critdmg+7.0%
2026-09-29 07:59:40.259|DEBUG|ArtifactScraper|Parsing artifact substat: critrate+3.1%
2026-09-29 07:59:40.259|DEBUG|ArtifactScraper|Parsing artifact substat: def+23(unactivated)
2026-09-29 07:59:40.458|DEBUG|ArtifactScraper|Parsing artifact substat: critdmg+5.4%
2026-09-29 07:59:40.458|DEBUG|ArtifactScraper|Parsing artifact substat: hp+299
2026-09-29 07:59:40.458|DEBUG|ArtifactScraper|Parsing artifact substat: atk+18
2026-09-29 07:59:40.458|DEBUG|ArtifactScraper|Parsing artifact substat: hp+5.8%(unactivated)
2026-09-29 07:59:40.649|DEBUG|ArtifactScraper|Parsing artifact substat: atk+4.1%
2026-09-29 07:59:40.649|DEBUG|ArtifactScraper|Parsing artifact substat: energyrecharge+6.5%
2026-09-29 07:59:40.649|DEBUG|ArtifactScraper|Parsing artifact substat: def+19
2026-09-29 07:59:40.649|DEBUG|ArtifactScraper|Parsing artifact substat: critrate+2.7%(unactivated)
2026-09-29 07:59:40.758|DEBUG|ArtifactScraper|Parsing artifact substat: energyrecharge+5.2%
2026-09-29 07:59:40.758|DEBUG|ArtifactScraper|Parsing artifact substat: def+7.3%
2026-09-29 07:59:40.758|DEBUG|ArtifactScraper|Parsing artifact substat: hp+299
2026-09-29 07:59:40.758|DEBUG|ArtifactScraper|Parsing artifact substat: critdmg+7.8%(unactivated)
2026-09-29 07:59:40.973|DEBUG|ArtifactScraper|Parsing artifact substat: critdmg+7.0%
2026-09-29 07:59:40.973|DEBUG|ArtifactScraper|Parsing artifact substat: atk+16
2026-09-29 07:59:40.973|DEBUG|ArtifactScraper|Parsing artifact substat: def+16
2026-09-29 07:59:40.973|DEBUG|ArtifactScraper|Parsing artifact substat: hp+239
2026-09-29 07:59:41.157|DEBUG|ArtifactScraper|Parsing artifact substat: energyrecharge+6.5%
2026-09-29 07:59:41.157|DEBUG|ArtifactScraper|Parsing artifact substat: def+23
2026-09-29 07:59:41.157|DEBUG|ArtifactScraper|Parsing artifact substat: critdmg+5.4%
2026-09-29 07:59:41.157|DEBUG|ArtifactScraper|Parsing artifact substat: atk+5.8%
2026-09-29 07:59:41.314|DEBUG|ArtifactScraper|Parsing artifact substat: def+21
2026-09-29 07:59:41.314|DEBUG|ArtifactScraper|Parsing artifact substat: critdmg+7.8%
2026-09-29 07:59:41.314|DEBUG|ArtifactScraper|Parsing artifact substat: atk+16
2026-09-29 07:59:41.314|DEBUG|ArtifactScraper|Parsing artifact substat: hp+269
2026-09-29 07:59:41.510|DEBUG|ArtifactScraper|Parsing artifact substat: energyrecharge+5.2%
2026-09-29 07:59:41.510|DEBUG|ArtifactScraper|Parsing artifact substat: def+6.6%
2026-09-29 07:59:41.510|DEBUG|ArtifactScraper|Parsing artifact substat: atk+14
2026-09-29 07:59:41.510|DEBUG|ArtifactScraper|Parsing artifact substat: hp+299
2026-09-29 07:59:41.645|DEBUG|ArtifactScraper|Parsing artifact substat: def+5.8%
2026-09-29 07:59:41.645|DEBUG|ArtifactScraper|Parsing artifact substat: atk+4.1%
2026-09-29 07:59:41.645|DEBUG|ArtifactScraper|Parsing artifact substat: atk+19
2026-09-29 07:59:41.645|DEBUG|ArtifactScraper|Parsing artifact substat: elementalmastery+16
2026-09-29 07:59:41.851|DEBUG|ArtifactScraper|Parsing artifact substat: atk+19
2026-09-29 07:59:41.851|DEBUG|ArtifactScraper|Parsing artifact substat: hp+209
2026-09-29 07:59:41.851|DEBUG|ArtifactScraper|Parsing artifact substat: def+5.8%
2026-09-29 07:59:41.851|DEBUG|ArtifactScraper|Parsing artifact substat: energyrecharge+5.2%
2026-09-29 07:59:42.006|DEBUG|ArtifactScraper|Parsing artifact substat: def+23
2026-09-29 07:59:42.006|DEBUG|ArtifactScraper|Parsing artifact substat: def+5.8%
2026-09-29 07:59:42.006|DEBUG|ArtifactScraper|Parsing artifact substat: hp+299
2026-09-29 07:59:42.006|DEBUG|ArtifactScraper|Parsing artifact substat: energyrecharge+4.5%
2026-09-29 07:59:42.192|DEBUG|ArtifactScraper|Parsing artifact substat: hp+5.3%
2026-09-29 07:59:42.192|DEBUG|ArtifactScraper|Parsing artifact substat: atk+4.1%
2026-09-29 07:59:42.192|DEBUG|ArtifactScraper|Parsing artifact substat: hp+209
2026-09-29 07:59:42.192|DEBUG|ArtifactScraper|Parsing artifact substat: atk+19
2026-09-29 07:59:42.358|DEBUG|ArtifactScraper|Parsing artifact substat: def+16
2026-09-29 07:59:42.358|DEBUG|ArtifactScraper|Parsing artifact substat: hp+209
2026-09-29 07:59:42.358|DEBUG|ArtifactScraper|Parsing artifact substat: hp+4.7%
2026-09-29 07:59:42.358|DEBUG|ArtifactScraper|Parsing artifact substat: atk+19(unactivated)
2026-09-29 07:59:42.526|DEBUG|ArtifactScraper|Finished queuing page of artifacts. Scrolling...
2026-09-29 07:59:42.552|DEBUG|ArtifactScraper|Parsing artifact substat: def+19
2026-09-29 07:59:42.552|DEBUG|ArtifactScraper|Parsing artifact substat: hp+4.7%
2026-09-29 07:59:42.552|DEBUG|ArtifactScraper|Parsing artifact substat: atk+5.8%
2026-09-29 07:59:42.552|DEBUG|ArtifactScraper|Parsing artifact substat: energyrecharge+5.8%
2026-09-29 07:59:42.745|DEBUG|ArtifactScraper|Parsing artifact substat: hp+299
2026-09-29 07:59:42.745|DEBUG|ArtifactScraper|Parsing artifact substat: energyrecharge+6.5%
2026-09-29 07:59:42.745|DEBUG|ArtifactScraper|Parsing artifact substat: atk+16
2026-09-29 07:59:42.745|DEBUG|ArtifactScraper|Parsing artifact substat: def+16(unactivated)
2026-09-29 07:59:42.864|DEBUG|ArtifactScraper|Parsing artifact substat: def+21
2026-09-29 07:59:42.864|DEBUG|ArtifactScraper|Parsing artifact substat: def+5.1%
2026-09-29 07:59:42.864|DEBUG|ArtifactScraper|Parsing artifact substat: atk+5.8%
2026-09-29 07:59:42.864|DEBUG|ArtifactScraper|Parsing artifact substat: energyrecharge+5.2%
2026-09-29 07:59:44.907|DEBUG|ArtifactScraper|Scanning artifact page 30
2026-09-29 07:59:44.907|DEBUG|ArtifactScraper|Located 32 possible item locations on page.
2026-09-29 07:59:45.398|DEBUG|ArtifactScraper|Parsing artifact substat: def+19
2026-09-29 07:59:45.398|DEBUG|ArtifactScraper|Parsing artifact substat: hp+239
2026-09-29 07:59:45.398|DEBUG|ArtifactScraper|Parsing artifact substat: hp+5.8%
2026-09-29 07:59:45.398|DEBUG|ArtifactScraper|Parsing artifact substat: elementalmastery+23
2026-09-29 07:59:45.479|DEBUG|ArtifactScraper|Parsing artifact substat: atk+19
2026-09-29 07:59:45.479|DEBUG|ArtifactScraper|Parsing artifact substat: def+16
2026-09-29 07:59:45.479|DEBUG|ArtifactScraper|Parsing artifact substat: hp+5.3%
2026-09-29 07:59:45.479|DEBUG|ArtifactScraper|Parsing artifact substat: def+5.1%
2026-09-29 07:59:45.684|DEBUG|ArtifactScraper|Parsing artifact substat: hp+5.3%
2026-09-29 07:59:45.684|DEBUG|ArtifactScraper|Parsing artifact substat: atk+4.7%
2026-09-29 07:59:45.684|DEBUG|ArtifactScraper|Parsing artifact substat: critdmg+5.4%
2026-09-29 07:59:45.684|DEBUG|ArtifactScraper|Parsing artifact substat: atk+16
2026-09-29 07:59:46.004|DEBUG|ArtifactScraper|Parsing artifact substat: atk+19
2026-09-29 07:59:46.004|DEBUG|ArtifactScraper|Parsing artifact substat: def+21
2026-09-29 07:59:46.004|DEBUG|ArtifactScraper|Parsing artifact substat: hp+269
2026-09-29 07:59:46.004|DEBUG|ArtifactScraper|Parsing artifact substat: critdmg+6.2%(unactivated)
2026-09-29 07:59:46.108|DEBUG|ArtifactScraper|Parsing artifact substat: atk+4.1%
2026-09-29 07:59:46.108|DEBUG|ArtifactScraper|Parsing artifact substat: def+16
2026-09-29 07:59:46.108|DEBUG|ArtifactScraper|Parsing artifact substat: hp+4.1%
2026-09-29 07:59:46.108|DEBUG|ArtifactScraper|Parsing artifact substat: critdmg+7.8%(unactivated)
2026-09-29 07:59:46.317|DEBUG|ArtifactScraper|Parsing artifact substat: critdmg+6.2%
2026-09-29 07:59:46.317|DEBUG|ArtifactScraper|Parsing artifact substat: hp+4.7%
2026-09-29 07:59:46.317|DEBUG|ArtifactScraper|Parsing artifact substat: elementalmastery+19
2026-09-29 07:59:46.317|DEBUG|ArtifactScraper|Parsing artifact substat: atk+19(unactivated)
2026-09-29 07:59:46.483|DEBUG|ArtifactScraper|Parsing artifact substat: atk+16
2026-09-29 07:59:46.483|DEBUG|ArtifactScraper|Parsing artifact substat: hp+269
2026-09-29 07:59:46.483|DEBUG|ArtifactScraper|Parsing artifact substat: def+16
2026-09-29 07:59:46.483|DEBUG|ArtifactScraper|Parsing artifact substat: critdmg+5.4%(unactivated)
2026-09-29 07:59:46.670|DEBUG|ArtifactScraper|Parsing artifact substat: atk+18
2026-09-29 07:59:46.670|DEBUG|ArtifactScraper|Parsing artifact substat: critdmg+6.2%
2026-09-29 07:59:46.670|DEBUG|ArtifactScraper|Parsing artifact substat: energyrecharge+6.5%
2026-09-29 07:59:46.670|DEBUG|ArtifactScraper|Parsing artifact substat: critrate+3.9%(unactivated)
2026-09-29 07:59:46.851|DEBUG|ArtifactScraper|Parsing artifact substat: critrate+3.1%
2026-09-29 07:59:46.851|DEBUG|ArtifactScraper|Parsing artifact substat: def+5.8%
2026-09-29 07:59:46.851|DEBUG|ArtifactScraper|Parsing artifact substat: hp+239
2026-09-29 07:59:46.851|DEBUG|ArtifactScraper|Parsing artifact substat: energyrecharge+6.5%
2026-09-29 07:59:46.955|DEBUG|ArtifactScraper|Parsing artifact substat: atk+18
2026-09-29 07:59:46.955|DEBUG|ArtifactScraper|Parsing artifact substat: def+5.8%
2026-09-29 07:59:46.955|DEBUG|ArtifactScraper|Parsing artifact substat: critdmg+5.4%
2026-09-29 07:59:46.955|DEBUG|ArtifactScraper|Parsing artifact substat: critrate+3.1%(unactivated)
2026-09-29 07:59:47.246|DEBUG|ArtifactScraper|Parsing artifact substat: hp+4.7%
2026-09-29 07:59:47.246|DEBUG|ArtifactScraper|Parsing artifact substat: energyrecharge+5.2%
2026-09-29 07:59:47.246|DEBUG|ArtifactScraper|Parsing artifact substat: atk+14
2026-09-29 07:59:47.246|DEBUG|ArtifactScraper|Parsing artifact substat: def+23(unactivated)
2026-09-29 07:59:47.331|DEBUG|ArtifactScraper|Parsing artifact substat: atk+16
2026-09-29 07:59:47.331|DEBUG|ArtifactScraper|Parsing artifact substat: def+5.8%
2026-09-29 07:59:47.331|DEBUG|ArtifactScraper|Parsing artifact substat: elementalmastery+16
2026-09-29 07:59:47.331|DEBUG|ArtifactScraper|Parsing artifact substat: atk+4.7%(unactivated)
2026-09-29 07:59:47.583|DEBUG|ArtifactScraper|Parsing artifact substat: critdmg+5.4%
2026-09-29 07:59:47.583|DEBUG|ArtifactScraper|Parsing artifact substat: def+23
2026-09-29 07:59:47.583|DEBUG|ArtifactScraper|Parsing artifact substat: hp+209
2026-09-29 07:59:47.583|DEBUG|ArtifactScraper|Parsing artifact substat: critrate+3.5%(unactivated)
2026-09-29 07:59:47.751|DEBUG|ArtifactScraper|Parsing artifact substat: hp+209
2026-09-29 07:59:47.751|DEBUG|ArtifactScraper|Parsing artifact substat: energyrecharge+4.5%
2026-09-29 07:59:47.751|DEBUG|ArtifactScraper|Parsing artifact substat: elementalmastery+16
2026-09-29 07:59:47.751|DEBUG|ArtifactScraper|Parsing artifact substat: def+16(unactivated)
2026-09-29 07:59:47.846|DEBUG|ArtifactScraper|Parsing artifact substat: atk+16
2026-09-29 07:59:47.846|DEBUG|ArtifactScraper|Parsing artifact substat: hp+209
2026-09-29 07:59:47.846|DEBUG|ArtifactScraper|Parsing artifact substat: def+19
2026-09-29 07:59:47.846|DEBUG|ArtifactScraper|Parsing artifact substat: atk+4.1%(unactivated)
2026-09-29 07:59:48.108|DEBUG|ArtifactScraper|Parsing artifact substat: hp+4.7%
2026-09-29 07:59:48.108|DEBUG|ArtifactScraper|Parsing artifact substat: atk+16
2026-09-29 07:59:48.108|DEBUG|ArtifactScraper|Parsing artifact substat: critrate+2.7%
2026-09-29 07:59:48.108|DEBUG|ArtifactScraper|Parsing artifact substat: energyrecharge+5.8%
2026-09-29 07:59:48.236|DEBUG|ArtifactScraper|Parsing artifact substat: atk+5.3%
2026-09-29 07:59:48.236|DEBUG|ArtifactScraper|Parsing artifact substat: energyrecharge+5.8%
2026-09-29 07:59:48.236|DEBUG|ArtifactScraper|Parsing artifact substat: def+6.6%
2026-09-29 07:59:48.236|DEBUG|ArtifactScraper|Parsing artifact substat: critrate+2.7%(unactivated)
2026-09-29 07:59:48.463|DEBUG|ArtifactScraper|Parsing artifact substat: hp+209
2026-09-29 07:59:48.463|DEBUG|ArtifactScraper|Parsing artifact substat: critdmg+7.0%
2026-09-29 07:59:48.463|DEBUG|ArtifactScraper|Parsing artifact substat: hp+5.8%
2026-09-29 07:59:48.463|DEBUG|ArtifactScraper|Parsing artifact substat: atk+16
2026-09-29 07:59:48.501|DEBUG|ArtifactScraper|Parsing artifact substat: energyrecharge+4.5%
2026-09-29 07:59:48.502|DEBUG|ArtifactScraper|Parsing artifact substat: def+6.6%
2026-09-29 07:59:48.502|DEBUG|ArtifactScraper|Parsing artifact substat: hp+209
2026-09-29 07:59:48.502|DEBUG|ArtifactScraper|Parsing artifact substat: atk+18
2026-09-29 07:59:48.886|DEBUG|ArtifactScraper|Parsing artifact substat: energyrecharge+4.5%
2026-09-29 07:59:48.886|DEBUG|ArtifactScraper|Parsing artifact substat: hp+5.8%
2026-09-29 07:59:48.886|DEBUG|ArtifactScraper|Parsing artifact substat: critrate+3.9%
2026-09-29 07:59:48.886|DEBUG|ArtifactScraper|Parsing artifact substat: atk+4.1%(unactivated)
2026-09-29 07:59:48.894|DEBUG|ArtifactScraper|Parsing artifact substat: def+16
2026-09-29 07:59:48.894|DEBUG|ArtifactScraper|Parsing artifact substat: elementalmastery+19
2026-09-29 07:59:48.894|DEBUG|ArtifactScraper|Parsing artifact substat: atk+16
2026-09-29 07:59:48.894|DEBUG|ArtifactScraper|Parsing artifact substat: energyrecharge+5.8%
2026-09-29 07:59:49.158|DEBUG|ArtifactScraper|Parsing artifact substat: def+23
2026-09-29 07:59:49.158|DEBUG|ArtifactScraper|Parsing artifact substat: hp+5.8%
2026-09-29 07:59:49.158|DEBUG|ArtifactScraper|Parsing artifact substat: critdmg+5.4%
2026-09-29 07:59:49.158|DEBUG|ArtifactScraper|Parsing artifact substat: energyrecharge+5.8%
2026-09-29 07:59:49.284|DEBUG|ArtifactScraper|Parsing artifact substat: def+6.6%
2026-09-29 07:59:49.284|DEBUG|ArtifactScraper|Parsing artifact substat: atk+19
2026-09-29 07:59:49.284|DEBUG|ArtifactScraper|Parsing artifact substat: def+16
2026-09-29 07:59:49.284|DEBUG|ArtifactScraper|Parsing artifact substat: elementalmastery+23
2026-09-29 07:59:49.591|DEBUG|ArtifactScraper|Parsing artifact substat: hp+5.8%
2026-09-29 07:59:49.591|DEBUG|ArtifactScraper|Parsing artifact substat: hp+299
2026-09-29 07:59:49.591|DEBUG|ArtifactScraper|Parsing artifact substat: critrate+2.7%
2026-09-29 07:59:49.591|DEBUG|ArtifactScraper|Parsing artifact substat: energyrecharge+6.5%
2026-09-29 07:59:49.591|DEBUG|ArtifactScraper|Parsing artifact substat: def+6.6%(unactivated)
2026-09-29 07:59:49.591|DEBUG|ArtifactScraper|Parsing artifact substat: hp+4.1%
2026-09-29 07:59:49.591|DEBUG|ArtifactScraper|Parsing artifact substat: hp+269
2026-09-29 07:59:49.591|DEBUG|ArtifactScraper|Parsing artifact substat: def+21(unactivated)
2026-09-29 07:59:50.006|DEBUG|ArtifactScraper|Parsing artifact substat: def+21
2026-09-29 07:59:50.006|DEBUG|ArtifactScraper|Parsing artifact substat: atk+14
2026-09-29 07:59:50.006|DEBUG|ArtifactScraper|Parsing artifact substat: elementalmastery+21
2026-09-29 07:59:50.006|DEBUG|ArtifactScraper|Parsing artifact substat: critdmg+7.0%(unactivated)
2026-09-29 07:59:50.034|DEBUG|ArtifactScraper|Parsing artifact substat: hp+5.3%
2026-09-29 07:59:50.034|DEBUG|ArtifactScraper|Parsing artifact substat: energyrecharge+4.5%
2026-09-29 07:59:50.034|DEBUG|ArtifactScraper|Parsing artifact substat: def+16
2026-09-29 07:59:50.034|DEBUG|ArtifactScraper|Parsing artifact substat: hp+239(unactivated)
2026-09-29 07:59:50.306|DEBUG|ArtifactScraper|Parsing artifact substat: atk+5.8%
2026-09-29 07:59:50.306|DEBUG|ArtifactScraper|Parsing artifact substat: hp+4.1%
2026-09-29 07:59:50.306|DEBUG|ArtifactScraper|Parsing artifact substat: atk+14
2026-09-29 07:59:50.306|DEBUG|ArtifactScraper|Parsing artifact substat: critdmg+7.8%(unactivated)
2026-09-29 07:59:50.434|DEBUG|ArtifactScraper|Finished queuing page of artifacts. Scrolling...
2026-09-29 07:59:50.471|DEBUG|ArtifactScraper|Parsing artifact substat: atk+16
2026-09-29 07:59:50.471|DEBUG|ArtifactScraper|Parsing artifact substat: def+16
2026-09-29 07:59:50.471|DEBUG|ArtifactScraper|Parsing artifact substat: energyrecharge+5.8%
2026-09-29 07:59:50.471|DEBUG|ArtifactScraper|Parsing artifact substat: critrate+2.7%(unactivated)
2026-09-29 07:59:50.471|DEBUG|ArtifactScraper|Parsing artifact substat: hp+239
2026-09-29 07:59:50.487|DEBUG|ArtifactScraper|Parsing artifact substat: def+7.3%
2026-09-29 07:59:50.487|DEBUG|ArtifactScraper|Parsing artifact substat: elementalmastery+16
2026-09-29 07:59:50.487|DEBUG|ArtifactScraper|Parsing artifact substat: def+21(unactivated)
2026-09-29 07:59:50.714|DEBUG|ArtifactScraper|Parsing artifact substat: hp+209
2026-09-29 07:59:50.714|DEBUG|ArtifactScraper|Parsing artifact substat: atk+19
2026-09-29 07:59:50.714|DEBUG|ArtifactScraper|Parsing artifact substat: critrate+3.5%
2026-09-29 07:59:50.714|DEBUG|ArtifactScraper|Parsing artifact substat: hp+4.7%(unactivated)
2026-09-29 07:59:50.851|DEBUG|ArtifactScraper|Parsing artifact substat: def+16
2026-09-29 07:59:50.851|DEBUG|ArtifactScraper|Parsing artifact substat: hp+269
2026-09-29 07:59:50.851|DEBUG|ArtifactScraper|Parsing artifact substat: critdmg+7.8%
2026-09-29 07:59:50.851|DEBUG|ArtifactScraper|Parsing artifact substat: atk+5.3%
2026-09-29 07:59:53.039|DEBUG|ArtifactScraper|Scanning artifact page 31
2026-09-29 07:59:53.039|DEBUG|ArtifactScraper|Located 32 possible item locations on page.
2026-09-29 07:59:53.473|DEBUG|ArtifactScraper|Parsing artifact substat: hp+209
2026-09-29 07:59:53.473|DEBUG|ArtifactScraper|Parsing artifact substat: critdmg+7.0%
2026-09-29 07:59:53.473|DEBUG|ArtifactScraper|Parsing artifact substat: elementalmastery+19
2026-09-29 07:59:53.473|DEBUG|ArtifactScraper|Parsing artifact substat: hp+4.7%
2026-09-29 07:59:53.662|DEBUG|ArtifactScraper|Parsing artifact substat: def+6.6%
2026-09-29 07:59:53.662|DEBUG|ArtifactScraper|Parsing artifact substat: atk+18
2026-09-29 07:59:53.662|DEBUG|ArtifactScraper|Parsing artifact substat: critdmg+5.4%
2026-09-29 07:59:53.662|DEBUG|ArtifactScraper|Parsing artifact substat: hp+239
2026-09-29 07:59:53.889|DEBUG|ArtifactScraper|Parsing artifact substat: def+23
2026-09-29 07:59:53.889|DEBUG|ArtifactScraper|Parsing artifact substat: energyrecharge+6.5%
2026-09-29 07:59:53.889|DEBUG|ArtifactScraper|Parsing artifact substat: atk+19
2026-09-29 07:59:53.889|DEBUG|ArtifactScraper|Parsing artifact substat: def+6.6%
2026-09-29 07:59:54.123|DEBUG|ArtifactScraper|Parsing artifact substat: energyrecharge+4.5%
2026-09-29 07:59:54.123|DEBUG|ArtifactScraper|Parsing artifact substat: critrate+3.1%
2026-09-29 07:59:54.123|DEBUG|ArtifactScraper|Parsing artifact substat: hp+209
2026-09-29 07:59:54.123|DEBUG|ArtifactScraper|Parsing artifact substat: def+19(unactivated)
2026-09-29 07:59:54.292|DEBUG|ArtifactScraper|Parsing artifact substat: elementalmastery+19
2026-09-29 07:59:54.292|DEBUG|ArtifactScraper|Parsing artifact substat: energyrecharge+5.2%
2026-09-29 07:59:54.292|DEBUG|ArtifactScraper|Parsing artifact substat: hp+239
2026-09-29 07:59:54.292|DEBUG|ArtifactScraper|Parsing artifact substat: atk+5.8%(unactivated)
2026-09-29 07:59:54.538|DEBUG|ArtifactScraper|Parsing artifact substat: elementalmastery+21
2026-09-29 07:59:54.538|DEBUG|ArtifactScraper|Parsing artifact substat: critdmg+7.8%
2026-09-29 07:59:54.538|DEBUG|ArtifactScraper|Parsing artifact substat: def+16
2026-09-29 07:59:54.538|DEBUG|ArtifactScraper|Parsing artifact substat: energyrecharge+5.8%
2026-09-29 07:59:54.562|DEBUG|ArtifactScraper|Parsing artifact substat: def+23
2026-09-29 07:59:54.562|DEBUG|ArtifactScraper|Parsing artifact substat: atk+19
2026-09-29 07:59:54.562|DEBUG|ArtifactScraper|Parsing artifact substat: hp+269
2026-09-29 07:59:54.562|DEBUG|ArtifactScraper|Parsing artifact substat: critrate+3.9%(unactivated)
2026-09-29 07:59:54.943|DEBUG|ArtifactScraper|Parsing artifact substat: energyrecharge+4.5%
2026-09-29 07:59:54.943|DEBUG|ArtifactScraper|Parsing artifact substat: def+23
2026-09-29 07:59:54.943|DEBUG|ArtifactScraper|Parsing artifact substat: hp+299
2026-09-29 07:59:54.943|DEBUG|ArtifactScraper|Parsing artifact substat: def+5.8%(unactivated)
2026-09-29 07:59:54.943|DEBUG|ArtifactScraper|Parsing artifact substat: hp+5.8%
2026-09-29 07:59:54.943|DEBUG|ArtifactScraper|Parsing artifact substat: energyrecharge+5.2%
2026-09-29 07:59:54.943|DEBUG|ArtifactScraper|Parsing artifact substat: atk+4.1%
2026-09-29 07:59:54.943|DEBUG|ArtifactScraper|Parsing artifact substat: critdmg+7.8%(unactivated)
2026-09-29 07:59:55.203|DEBUG|ArtifactScraper|Parsing artifact substat: hp+269
2026-09-29 07:59:55.203|DEBUG|ArtifactScraper|Parsing artifact substat: def+21
2026-09-29 07:59:55.203|DEBUG|ArtifactScraper|Parsing artifact substat: def+5.8%
2026-09-29 07:59:55.203|DEBUG|ArtifactScraper|Parsing artifact substat: atk+18(unactivated)
2026-09-29 07:59:55.384|DEBUG|ArtifactScraper|Parsing artifact substat: hp+5.3%
2026-09-29 07:59:55.384|DEBUG|ArtifactScraper|Parsing artifact substat: hp+269
2026-09-29 07:59:55.384|DEBUG|ArtifactScraper|Parsing artifact substat: elementalmastery+19
2026-09-29 07:59:55.384|DEBUG|ArtifactScraper|Parsing artifact substat: critrate+2.7%(unactivated)
2026-09-29 07:59:55.655|DEBUG|ArtifactScraper|Parsing artifact substat: atk+4.1%
2026-09-29 07:59:55.655|DEBUG|ArtifactScraper|Parsing artifact substat: energyrecharge+5.8%
2026-09-29 07:59:55.655|DEBUG|ArtifactScraper|Parsing artifact substat: def+21
2026-09-29 07:59:55.655|DEBUG|ArtifactScraper|Parsing artifact substat: hp+5.3%(unactivated)
2026-09-29 07:59:55.659|DEBUG|ArtifactScraper|Parsing artifact substat: critrate+3.5%
2026-09-29 07:59:55.659|DEBUG|ArtifactScraper|Parsing artifact substat: hp+299
2026-09-29 07:59:55.659|DEBUG|ArtifactScraper|Parsing artifact substat: energyrecharge+6.5%
2026-09-29 07:59:55.659|DEBUG|ArtifactScraper|Parsing artifact substat: atk+16(unactivated)
2026-09-29 07:59:55.772|DEBUG|ArtifactScraper|Parsing artifact substat: atk+19
2026-09-29 07:59:55.772|DEBUG|ArtifactScraper|Parsing artifact substat: hp+269
2026-09-29 07:59:55.772|DEBUG|ArtifactScraper|Parsing artifact substat: hp+5.8%
2026-09-29 07:59:55.772|DEBUG|ArtifactScraper|Parsing artifact substat: def+19(unactivated)
2026-09-29 07:59:56.072|DEBUG|ArtifactScraper|Parsing artifact substat: atk+16
2026-09-29 07:59:56.072|DEBUG|ArtifactScraper|Parsing artifact substat: elementalmastery+16
2026-09-29 07:59:56.072|DEBUG|ArtifactScraper|Parsing artifact substat: energyrecharge+4.5%
2026-09-29 07:59:56.072|DEBUG|ArtifactScraper|Parsing artifact substat: def+21(unactivated)
2026-09-29 07:59:56.121|DEBUG|ArtifactScraper|Parsing artifact substat: hp+239
2026-09-29 07:59:56.121|DEBUG|ArtifactScraper|Parsing artifact substat: def+23
2026-09-29 07:59:56.121|DEBUG|ArtifactScraper|Parsing artifact substat: atk+16
2026-09-29 07:59:56.121|DEBUG|ArtifactScraper|Parsing artifact substat: elementalmastery+16
2026-09-29 07:59:56.426|DEBUG|ArtifactScraper|Parsing artifact substat: hp+239
2026-09-29 07:59:56.426|DEBUG|ArtifactScraper|Parsing artifact substat: atk+4.1%
2026-09-29 07:59:56.426|DEBUG|ArtifactScraper|Parsing artifact substat: def+19
2026-09-29 07:59:56.426|DEBUG|ArtifactScraper|Parsing artifact substat: atk+19(unactivated)
2026-09-29 07:59:56.536|DEBUG|ArtifactScraper|Parsing artifact substat: energyrecharge+6.5%
2026-09-29 07:59:56.536|DEBUG|ArtifactScraper|Parsing artifact substat: elementalmastery+19
2026-09-29 07:59:56.536|DEBUG|ArtifactScraper|Parsing artifact substat: atk+19
2026-09-29 07:59:56.536|DEBUG|ArtifactScraper|Parsing artifact substat: critdmg+7.8%(unactivated)
2026-09-29 07:59:56.796|DEBUG|ArtifactScraper|Parsing artifact substat: atk+16
2026-09-29 07:59:56.796|DEBUG|ArtifactScraper|Parsing artifact substat: elementalmastery+19
2026-09-29 07:59:56.796|DEBUG|ArtifactScraper|Parsing artifact substat: hp+5.8%
2026-09-29 07:59:56.796|DEBUG|ArtifactScraper|Parsing artifact substat: hp+269(unactivated)
2026-09-29 07:59:56.805|DEBUG|ArtifactScraper|Parsing artifact substat: atk+5.8%
2026-09-29 07:59:56.805|DEBUG|ArtifactScraper|Parsing artifact substat: energyrecharge+6.5%
2026-09-29 07:59:56.805|DEBUG|ArtifactScraper|Parsing artifact substat: atk+18
2026-09-29 07:59:56.805|DEBUG|ArtifactScraper|Parsing artifact substat: def+5.8%(unactivated)
2026-09-29 07:59:57.162|DEBUG|ArtifactScraper|Parsing artifact substat: energyrecharge+4.5%
2026-09-29 07:59:57.162|DEBUG|ArtifactScraper|Parsing artifact substat: atk+16
2026-09-29 07:59:57.162|DEBUG|ArtifactScraper|Parsing artifact substat: elementalmastery+23
2026-09-29 07:59:57.162|DEBUG|ArtifactScraper|Parsing artifact substat: def+21(unactivated)
2026-09-29 07:59:57.185|DEBUG|ArtifactScraper|Parsing artifact substat: def+23
2026-09-29 07:59:57.185|DEBUG|ArtifactScraper|Parsing artifact substat: energyrecharge+6.5%
2026-09-29 07:59:57.185|DEBUG|ArtifactScraper|Parsing artifact substat: elementalmastery+21
2026-09-29 07:59:57.185|DEBUG|ArtifactScraper|Parsing artifact substat: hp+209(unactivated)
2026-09-29 07:59:57.455|DEBUG|ArtifactScraper|Parsing artifact substat: atk+5.8%
2026-09-29 07:59:57.455|DEBUG|ArtifactScraper|Parsing artifact substat: critdmg+7.8%
2026-09-29 07:59:57.455|DEBUG|ArtifactScraper|Parsing artifact substat: energyrecharge+5.2%
2026-09-29 07:59:57.455|DEBUG|ArtifactScraper|Parsing artifact substat: elementalmastery+19
2026-09-29 07:59:57.506|DEBUG|ArtifactScraper|Parsing artifact substat: energyrecharge+6.5%
2026-09-29 07:59:57.506|DEBUG|ArtifactScraper|Parsing artifact substat: hp+269
2026-09-29 07:59:57.506|DEBUG|ArtifactScraper|Parsing artifact substat: def+19
2026-09-29 07:59:57.506|DEBUG|ArtifactScraper|Parsing artifact substat: atk+4.1%(unactivated)
2026-09-29 07:59:57.776|DEBUG|ArtifactScraper|Parsing artifact substat: atk+4.1%
2026-09-29 07:59:57.776|DEBUG|ArtifactScraper|Parsing artifact substat: def+16
2026-09-29 07:59:57.776|DEBUG|ArtifactScraper|Parsing artifact substat: atk+14
2026-09-29 07:59:57.776|DEBUG|ArtifactScraper|Parsing artifact substat: energyrecharge+5.2%
2026-09-29 07:59:57.839|DEBUG|ArtifactScraper|Parsing artifact substat: critdmg+7.8%
2026-09-29 07:59:57.839|DEBUG|ArtifactScraper|Parsing artifact substat: atk+4.7%
2026-09-29 07:59:57.839|DEBUG|ArtifactScraper|Parsing artifact substat: atk+19
2026-09-29 07:59:57.839|DEBUG|ArtifactScraper|Parsing artifact substat: energyrecharge+5.8%
2026-09-29 07:59:58.077|DEBUG|ArtifactScraper|Parsing artifact substat: energyrecharge+6.5%
2026-09-29 07:59:58.077|DEBUG|ArtifactScraper|Parsing artifact substat: def+16
2026-09-29 07:59:58.077|DEBUG|ArtifactScraper|Parsing artifact substat: critrate+3.5%
2026-09-29 07:59:58.077|DEBUG|ArtifactScraper|Parsing artifact substat: elementalmastery+16
2026-09-29 07:59:58.199|DEBUG|ArtifactScraper|Parsing artifact substat: energyrecharge+6.5%
2026-09-29 07:59:58.199|DEBUG|ArtifactScraper|Parsing artifact substat: atk+4.7%
2026-09-29 07:59:58.199|DEBUG|ArtifactScraper|Parsing artifact substat: def+23
2026-09-29 07:59:58.199|DEBUG|ArtifactScraper|Parsing artifact substat: atk+19(unactivated)
2026-09-29 07:59:58.393|DEBUG|ArtifactScraper|Parsing artifact substat: elementalmastery+16
2026-09-29 07:59:58.393|DEBUG|ArtifactScraper|Parsing artifact substat: critrate+3.5%
2026-09-29 07:59:58.393|DEBUG|ArtifactScraper|Parsing artifact substat: hp+5.3%
2026-09-29 07:59:58.393|DEBUG|ArtifactScraper|Parsing artifact substat: critdmg+7.0%(unactivated)
2026-09-29 07:59:58.522|DEBUG|ArtifactScraper|Parsing artifact substat: hp+5.3%
2026-09-29 07:59:58.522|DEBUG|ArtifactScraper|Parsing artifact substat: critdmg+5.4%
2026-09-29 07:59:58.522|DEBUG|ArtifactScraper|Parsing artifact substat: atk+19
2026-09-29 07:59:58.522|DEBUG|ArtifactScraper|Parsing artifact substat: energyrecharge+4.5%
2026-09-29 07:59:58.546|DEBUG|ArtifactScraper|Finished queuing page of artifacts. Scrolling...
2026-09-29 07:59:58.629|DEBUG|ArtifactScraper|Parsing artifact substat: def+21
2026-09-29 07:59:58.629|DEBUG|ArtifactScraper|Parsing artifact substat: atk+19
2026-09-29 07:59:58.629|DEBUG|ArtifactScraper|Parsing artifact substat: hp+4.7%
2026-09-29 07:59:58.629|DEBUG|ArtifactScraper|Parsing artifact substat: energyrecharge+5.2%
2026-09-29 07:59:58.822|DEBUG|ArtifactScraper|Parsing artifact substat: def+5.8%
2026-09-29 07:59:58.822|DEBUG|ArtifactScraper|Parsing artifact substat: energyrecharge+5.8%
2026-09-29 07:59:58.822|DEBUG|ArtifactScraper|Parsing artifact substat: def+23
2026-09-29 07:59:58.822|DEBUG|ArtifactScraper|Parsing artifact substat: elementalmastery+21
2026-09-29 08:00:00.528|DEBUG|ArtifactScraper|Scanning artifact page 32
2026-09-29 08:00:00.528|DEBUG|ArtifactScraper|Located 32 possible item locations on page.
2026-09-29 08:00:00.902|DEBUG|ArtifactScraper|Parsing artifact substat: critdmg+7.8%
2026-09-29 08:00:00.902|DEBUG|ArtifactScraper|Parsing artifact substat: elementalmastery+21
2026-09-29 08:00:00.902|DEBUG|ArtifactScraper|Parsing artifact substat: hp+5.3%
2026-09-29 08:00:00.902|DEBUG|ArtifactScraper|Parsing artifact substat: def+7.3%(unactivated)
2026-09-29 08:00:01.168|DEBUG|ArtifactScraper|Parsing artifact substat: energyrecharge+4.5%
2026-09-29 08:00:01.168|DEBUG|ArtifactScraper|Parsing artifact substat: def+5.8%
2026-09-29 08:00:01.168|DEBUG|ArtifactScraper|Parsing artifact substat: def+19
2026-09-29 08:00:01.168|DEBUG|ArtifactScraper|Parsing artifact substat: critrate+3.5%(unactivated)
2026-09-29 08:00:01.258|DEBUG|ArtifactScraper|Parsing artifact substat: critrate+3.5%
2026-09-29 08:00:01.258|DEBUG|ArtifactScraper|Parsing artifact substat: def+16
2026-09-29 08:00:01.258|DEBUG|ArtifactScraper|Parsing artifact substat: hp+209
2026-09-29 08:00:01.258|DEBUG|ArtifactScraper|Parsing artifact substat: atk+4.1%(unactivated)
2026-09-29 08:00:01.459|DEBUG|ArtifactScraper|Parsing artifact substat: hp+4.7%
2026-09-29 08:00:01.459|DEBUG|ArtifactScraper|Parsing artifact substat: critdmg+6.2%
2026-09-29 08:00:01.459|DEBUG|ArtifactScraper|Parsing artifact substat: def+21
2026-09-29 08:00:01.459|DEBUG|ArtifactScraper|Parsing artifact substat: hp+269
2026-09-29 08:00:01.571|DEBUG|ArtifactScraper|Parsing artifact substat: hp+269
2026-09-29 08:00:01.571|DEBUG|ArtifactScraper|Parsing artifact substat: def+16
2026-09-29 08:00:01.571|DEBUG|ArtifactScraper|Parsing artifact substat: hp+4.7%
2026-09-29 08:00:01.571|DEBUG|ArtifactScraper|Parsing artifact substat: critrate+3.9%(unactivated)
2026-09-29 08:00:01.736|DEBUG|ArtifactScraper|Parsing artifact substat: hp+299
2026-09-29 08:00:01.736|DEBUG|ArtifactScraper|Parsing artifact substat: def+19
2026-09-29 08:00:01.736|DEBUG|ArtifactScraper|Parsing artifact substat: hp+5.8%
2026-09-29 08:00:01.736|DEBUG|ArtifactScraper|Parsing artifact substat: elementalmastery+21
2026-09-29 08:00:02.033|DEBUG|ArtifactScraper|Parsing artifact substat: elementalmastery+19
2026-09-29 08:00:02.033|DEBUG|ArtifactScraper|Parsing artifact substat: critdmg+7.0%
2026-09-29 08:00:02.033|DEBUG|ArtifactScraper|Parsing artifact substat: def+21
2026-09-29 08:00:02.033|DEBUG|ArtifactScraper|Parsing artifact substat: atk+4.1%(unactivated)
2026-09-29 08:00:02.171|DEBUG|ArtifactScraper|Parsing artifact substat: hp+4.1%
2026-09-29 08:00:02.171|DEBUG|ArtifactScraper|Parsing artifact substat: critrate+3.1%
2026-09-29 08:00:02.171|DEBUG|ArtifactScraper|Parsing artifact substat: def+19
2026-09-29 08:00:02.171|DEBUG|ArtifactScraper|Parsing artifact substat: critdmg+7.0%(unactivated)
2026-09-29 08:00:02.318|DEBUG|ArtifactScraper|Parsing artifact substat: critrate+2.7%
2026-09-29 08:00:02.318|DEBUG|ArtifactScraper|Parsing artifact substat: hp+209
2026-09-29 08:00:02.318|DEBUG|ArtifactScraper|Parsing artifact substat: def+23
2026-09-29 08:00:02.318|DEBUG|ArtifactScraper|Parsing artifact substat: critdmg+7.8%(unactivated)
2026-09-29 08:00:02.530|DEBUG|ArtifactScraper|Parsing artifact substat: critdmg+7.8%
2026-09-29 08:00:02.530|DEBUG|ArtifactScraper|Parsing artifact substat: critrate+3.9%
2026-09-29 08:00:02.530|DEBUG|ArtifactScraper|Parsing artifact substat: energyrecharge+5.2%
2026-09-29 08:00:02.530|DEBUG|ArtifactScraper|Parsing artifact substat: def+21(unactivated)
2026-09-29 08:00:02.569|DEBUG|ArtifactScraper|Parsing artifact substat: atk+14
2026-09-29 08:00:02.569|DEBUG|ArtifactScraper|Parsing artifact substat: hp+209
2026-09-29 08:00:02.569|DEBUG|ArtifactScraper|Parsing artifact substat: atk+5.8%
2026-09-29 08:00:02.569|DEBUG|ArtifactScraper|Parsing artifact substat: def+23
2026-09-29 08:00:02.821|DEBUG|ArtifactScraper|Parsing artifact substat: energyrecharge+4.5%
2026-09-29 08:00:02.821|DEBUG|ArtifactScraper|Parsing artifact substat: def+6.6%
2026-09-29 08:00:02.821|DEBUG|ArtifactScraper|Parsing artifact substat: atk+16
2026-09-29 08:00:02.821|DEBUG|ArtifactScraper|Parsing artifact substat: def+23
2026-09-29 08:00:03.119|DEBUG|ArtifactScraper|Parsing artifact substat: atk+5.3%
2026-09-29 08:00:03.119|DEBUG|ArtifactScraper|Parsing artifact substat: def+7.3%
2026-09-29 08:00:03.119|DEBUG|ArtifactScraper|Parsing artifact substat: def+23
2026-09-29 08:00:03.119|DEBUG|ArtifactScraper|Parsing artifact substat: elementalmastery+19
2026-09-29 08:00:03.164|DEBUG|ArtifactScraper|Parsing artifact substat: def+16
2026-09-29 08:00:03.164|DEBUG|ArtifactScraper|Parsing artifact substat: hp+269
2026-09-29 08:00:03.164|DEBUG|ArtifactScraper|Parsing artifact substat: energyrecharge+5.8%
2026-09-29 08:00:03.164|DEBUG|ArtifactScraper|Parsing artifact substat: critrate+3.1%(unactivated)
2026-09-29 08:00:03.438|DEBUG|ArtifactScraper|Parsing artifact substat: def+7.3%
2026-09-29 08:00:03.438|DEBUG|ArtifactScraper|Parsing artifact substat: hp+209
2026-09-29 08:00:03.438|DEBUG|ArtifactScraper|Parsing artifact substat: critdmg+5.4%
2026-09-29 08:00:03.438|DEBUG|ArtifactScraper|Parsing artifact substat: atk+14(unactivated)
2026-09-29 08:00:03.449|DEBUG|ArtifactScraper|Parsing artifact substat: def+6.6%
2026-09-29 08:00:03.449|DEBUG|ArtifactScraper|Parsing artifact substat: hp+269
2026-09-29 08:00:03.449|DEBUG|ArtifactScraper|Parsing artifact substat: elementalmastery+23
2026-09-29 08:00:03.449|DEBUG|ArtifactScraper|Parsing artifact substat: def+21(unactivated)
2026-09-29 08:00:03.735|DEBUG|ArtifactScraper|Parsing artifact substat: hp+269
2026-09-29 08:00:03.735|DEBUG|ArtifactScraper|Parsing artifact substat: def+5.8%
2026-09-29 08:00:03.735|DEBUG|ArtifactScraper|Parsing artifact substat: atk+16
2026-09-29 08:00:03.735|DEBUG|ArtifactScraper|Parsing artifact substat: atk+4.1%(unactivated)
2026-09-29 08:00:03.799|DEBUG|ArtifactScraper|Parsing artifact substat: critdmg+7.8%
2026-09-29 08:00:03.799|DEBUG|ArtifactScraper|Parsing artifact substat: energyrecharge+4.5%
2026-09-29 08:00:03.799|DEBUG|ArtifactScraper|Parsing artifact substat: atk+18
2026-09-29 08:00:03.799|DEBUG|ArtifactScraper|Parsing artifact substat: elementalmastery+21
2026-09-29 08:00:04.040|DEBUG|ArtifactScraper|Parsing artifact substat: hp+239
2026-09-29 08:00:04.040|DEBUG|ArtifactScraper|Parsing artifact substat: hp+5.8%
2026-09-29 08:00:04.040|DEBUG|ArtifactScraper|Parsing artifact substat: critrate+2.7%
2026-09-29 08:00:04.040|DEBUG|ArtifactScraper|Parsing artifact substat: elementalmastery+16
2026-09-29 08:00:04.145|DEBUG|ArtifactScraper|Parsing artifact substat: atk+18
2026-09-29 08:00:04.145|DEBUG|ArtifactScraper|Parsing artifact substat: hp+5.8%
2026-09-29 08:00:04.145|DEBUG|ArtifactScraper|Parsing artifact substat: hp+239
2026-09-29 08:00:04.145|DEBUG|ArtifactScraper|Parsing artifact substat: elementalmastery+16
2026-09-29 08:00:04.351|DEBUG|ArtifactScraper|Parsing artifact substat: elementalmastery+23
2026-09-29 08:00:04.351|DEBUG|ArtifactScraper|Parsing artifact substat: atk+19
2026-09-29 08:00:04.351|DEBUG|ArtifactScraper|Parsing artifact substat: hp+299
2026-09-29 08:00:04.351|DEBUG|ArtifactScraper|Parsing artifact substat: def+23(unactivated)
2026-09-29 08:00:04.509|DEBUG|ArtifactScraper|Parsing artifact substat: def+16
2026-09-29 08:00:04.509|DEBUG|ArtifactScraper|Parsing artifact substat: atk+16
2026-09-29 08:00:04.509|DEBUG|ArtifactScraper|Parsing artifact substat: hp+299
2026-09-29 08:00:04.509|DEBUG|ArtifactScraper|Parsing artifact substat: critrate+2.7%(unactivated)
2026-09-29 08:00:04.656|DEBUG|ArtifactScraper|Parsing artifact substat: atk+19
2026-09-29 08:00:04.656|DEBUG|ArtifactScraper|Parsing artifact substat: def+21
2026-09-29 08:00:04.656|DEBUG|ArtifactScraper|Parsing artifact substat: elementalmastery+19
2026-09-29 08:00:04.656|DEBUG|ArtifactScraper|Parsing artifact substat: hp+4.7%(unactivated)
2026-09-29 08:00:04.848|DEBUG|ArtifactScraper|Parsing artifact substat: critrate+2.7%
2026-09-29 08:00:04.848|DEBUG|ArtifactScraper|Parsing artifact substat: def+21
2026-09-29 08:00:04.848|DEBUG|ArtifactScraper|Parsing artifact substat: hp+4.1%
2026-09-29 08:00:04.848|DEBUG|ArtifactScraper|Parsing artifact substat: critdmg+7.8%(unactivated)
2026-09-29 08:00:04.986|DEBUG|ArtifactScraper|Parsing artifact substat: critdmg+7.8%
2026-09-29 08:00:04.986|DEBUG|ArtifactScraper|Parsing artifact substat: atk+19
2026-09-29 08:00:04.986|DEBUG|ArtifactScraper|Parsing artifact substat: hp+4.1%
2026-09-29 08:00:04.986|DEBUG|ArtifactScraper|Parsing artifact substat: energyrecharge+5.8%
2026-09-29 08:00:05.209|DEBUG|ArtifactScraper|Parsing artifact substat: critdmg+7.0%
2026-09-29 08:00:05.209|DEBUG|ArtifactScraper|Parsing artifact substat: def+5.1%
2026-09-29 08:00:05.209|DEBUG|ArtifactScraper|Parsing artifact substat: atk+19
2026-09-29 08:00:05.209|DEBUG|ArtifactScraper|Parsing artifact substat: hp+209(unactivated)
2026-09-29 08:00:05.389|DEBUG|ArtifactScraper|Parsing artifact substat: atk+16
2026-09-29 08:00:05.389|DEBUG|ArtifactScraper|Parsing artifact substat: critdmg+5.4%
2026-09-29 08:00:05.389|DEBUG|ArtifactScraper|Parsing artifact substat: elementalmastery+19
2026-09-29 08:00:05.389|DEBUG|ArtifactScraper|Parsing artifact substat: def+6.6%(unactivated)
2026-09-29 08:00:05.553|DEBUG|ArtifactScraper|Parsing artifact substat: hp+209
2026-09-29 08:00:05.553|DEBUG|ArtifactScraper|Parsing artifact substat: hp+4.7%
2026-09-29 08:00:05.553|DEBUG|ArtifactScraper|Parsing artifact substat: elementalmastery+16
2026-09-29 08:00:05.553|DEBUG|ArtifactScraper|Parsing artifact substat: atk+19(unactivated)
2026-09-29 08:00:05.724|DEBUG|ArtifactScraper|Parsing artifact substat: atk+16
2026-09-29 08:00:05.724|DEBUG|ArtifactScraper|Parsing artifact substat: critrate+3.1%
2026-09-29 08:00:05.724|DEBUG|ArtifactScraper|Parsing artifact substat: def+7.3%
2026-09-29 08:00:05.724|DEBUG|ArtifactScraper|Parsing artifact substat: def+21(unactivated)
2026-09-29 08:00:05.861|DEBUG|ArtifactScraper|Finished queuing page of artifacts. Scrolling...
2026-09-29 08:00:05.906|DEBUG|ArtifactScraper|Parsing artifact substat: hp+299
2026-09-29 08:00:05.906|DEBUG|ArtifactScraper|Parsing artifact substat: atk+19
2026-09-29 08:00:05.906|DEBUG|ArtifactScraper|Parsing artifact substat: critdmg+6.2%
2026-09-29 08:00:05.906|DEBUG|ArtifactScraper|Parsing artifact substat: def+7.3%(unactivated)
2026-09-29 08:00:05.970|DEBUG|ArtifactScraper|Parsing artifact substat: atk+4.7%
2026-09-29 08:00:05.970|DEBUG|ArtifactScraper|Parsing artifact substat: hp+4.7%
2026-09-29 08:00:05.970|DEBUG|ArtifactScraper|Parsing artifact substat: atk+16
2026-09-29 08:00:05.970|DEBUG|ArtifactScraper|Parsing artifact substat: def+7.3%
2026-09-29 08:00:06.226|DEBUG|ArtifactScraper|Parsing artifact substat: hp+209
2026-09-29 08:00:06.226|DEBUG|ArtifactScraper|Parsing artifact substat: elementalmastery+23
2026-09-29 08:00:06.226|DEBUG|ArtifactScraper|Parsing artifact substat: critrate+3.1%
2026-09-29 08:00:06.226|DEBUG|ArtifactScraper|Parsing artifact substat: atk+5.3%(unactivated)
2026-09-29 08:00:07.832|DEBUG|ArtifactScraper|Scanning artifact page 33
2026-09-29 08:00:07.832|DEBUG|ArtifactScraper|Located 32 possible item locations on page.
2026-09-29 08:00:08.312|DEBUG|ArtifactScraper|Parsing artifact substat: energyrecharge+4.5%
2026-09-29 08:00:08.312|DEBUG|ArtifactScraper|Parsing artifact substat: hp+4.7%
2026-09-29 08:00:08.312|DEBUG|ArtifactScraper|Parsing artifact substat: elementalmastery+23
2026-09-29 08:00:08.312|DEBUG|ArtifactScraper|Parsing artifact substat: atk+14(unactivated)
2026-09-29 08:00:08.621|DEBUG|ArtifactScraper|Parsing artifact substat: atk+14
2026-09-29 08:00:08.621|DEBUG|ArtifactScraper|Parsing artifact substat: energyrecharge+6.5%
2026-09-29 08:00:08.621|DEBUG|ArtifactScraper|Parsing artifact substat: def+23
2026-09-29 08:00:08.621|DEBUG|ArtifactScraper|Parsing artifact substat: hp+4.1%(unactivated)
2026-09-29 08:00:08.621|DEBUG|ArtifactScraper|Parsing artifact substat: elementalmastery+16
2026-09-29 08:00:08.621|DEBUG|ArtifactScraper|Parsing artifact substat: atk+14
2026-09-29 08:00:08.621|DEBUG|ArtifactScraper|Parsing artifact substat: hp+299
2026-09-29 08:00:08.621|DEBUG|ArtifactScraper|Parsing artifact substat: atk+5.8%
2026-09-29 08:00:08.905|DEBUG|ArtifactScraper|Parsing artifact substat: def+16
2026-09-29 08:00:08.905|DEBUG|ArtifactScraper|Parsing artifact substat: atk+14
2026-09-29 08:00:08.905|DEBUG|ArtifactScraper|Parsing artifact substat: hp+209
2026-09-29 08:00:08.905|DEBUG|ArtifactScraper|Parsing artifact substat: hp+5.8%
2026-09-29 08:00:08.978|DEBUG|ArtifactScraper|Parsing artifact substat: atk+5.3%
2026-09-29 08:00:08.978|DEBUG|ArtifactScraper|Parsing artifact substat: hp+4.1%
2026-09-29 08:00:08.978|DEBUG|ArtifactScraper|Parsing artifact substat: critrate+3.5%
2026-09-29 08:00:08.978|DEBUG|ArtifactScraper|Parsing artifact substat: elementalmastery+23
2026-09-29 08:00:09.232|DEBUG|ArtifactScraper|Parsing artifact substat: critdmg+7.8%
2026-09-29 08:00:09.232|DEBUG|ArtifactScraper|Parsing artifact substat: hp+269
2026-09-29 08:00:09.232|DEBUG|ArtifactScraper|Parsing artifact substat: hp+4.7%
2026-09-29 08:00:09.232|DEBUG|ArtifactScraper|Parsing artifact substat: elementalmastery+16
2026-09-29 08:00:09.315|DEBUG|ArtifactScraper|Parsing artifact substat: hp+269
2026-09-29 08:00:09.315|DEBUG|ArtifactScraper|Parsing artifact substat: hp+5.8%
2026-09-29 08:00:09.315|DEBUG|ArtifactScraper|Parsing artifact substat: def+16
2026-09-29 08:00:09.315|DEBUG|ArtifactScraper|Parsing artifact substat: atk+14(unactivated)
2026-09-29 08:00:09.537|DEBUG|ArtifactScraper|Parsing artifact substat: def+5.8%
2026-09-29 08:00:09.537|DEBUG|ArtifactScraper|Parsing artifact substat: critrate+3.9%
2026-09-29 08:00:09.537|DEBUG|ArtifactScraper|Parsing artifact substat: atk+16
2026-09-29 08:00:09.537|DEBUG|ArtifactScraper|Parsing artifact substat: elementalmastery+16
2026-09-29 08:00:09.680|DEBUG|ArtifactScraper|Parsing artifact substat: atk+16
2026-09-29 08:00:09.680|DEBUG|ArtifactScraper|Parsing artifact substat: atk+4.7%
2026-09-29 08:00:09.680|DEBUG|ArtifactScraper|Parsing artifact substat: def+5.1%
2026-09-29 08:00:09.680|DEBUG|ArtifactScraper|Parsing artifact substat: hp+269(unactivated)
2026-09-29 08:00:09.850|DEBUG|ArtifactScraper|Parsing artifact substat: critdmg+7.8%
2026-09-29 08:00:09.850|DEBUG|ArtifactScraper|Parsing artifact substat: def+5.8%
2026-09-29 08:00:09.850|DEBUG|ArtifactScraper|Parsing artifact substat: hp+239
2026-09-29 08:00:09.850|DEBUG|ArtifactScraper|Parsing artifact substat: atk+19(unactivated)
2026-09-29 08:00:10.034|DEBUG|ArtifactScraper|Parsing artifact substat: elementalmastery+16
2026-09-29 08:00:10.034|DEBUG|ArtifactScraper|Parsing artifact substat: atk+4.7%
2026-09-29 08:00:10.034|DEBUG|ArtifactScraper|Parsing artifact substat: critdmg+6.2%
2026-09-29 08:00:10.034|DEBUG|ArtifactScraper|Parsing artifact substat: energyrecharge+5.8%
2026-09-29 08:00:10.182|DEBUG|ArtifactScraper|Parsing artifact substat: hp+5.8%
2026-09-29 08:00:10.182|DEBUG|ArtifactScraper|Parsing artifact substat: elementalmastery+19
2026-09-29 08:00:10.182|DEBUG|ArtifactScraper|Parsing artifact substat: def+5.1%
2026-09-29 08:00:10.182|DEBUG|ArtifactScraper|Parsing artifact substat: def+21(unactivated)
2026-09-29 08:00:10.332|DEBUG|ArtifactScraper|Parsing artifact substat: def+6.6%
2026-09-29 08:00:10.332|DEBUG|ArtifactScraper|Parsing artifact substat: atk+14
2026-09-29 08:00:10.332|DEBUG|ArtifactScraper|Parsing artifact substat: hp+4.1%
2026-09-29 08:00:10.332|DEBUG|ArtifactScraper|Parsing artifact substat: def+21(unactivated)
2026-09-29 08:00:10.489|DEBUG|ArtifactScraper|Parsing artifact substat: hp+5.3%
2026-09-29 08:00:10.489|DEBUG|ArtifactScraper|Parsing artifact substat: atk+4.1%
2026-09-29 08:00:10.489|DEBUG|ArtifactScraper|Parsing artifact substat: def+7.3%
2026-09-29 08:00:10.489|DEBUG|ArtifactScraper|Parsing artifact substat: elementalmastery+23
2026-09-29 08:00:10.660|DEBUG|ArtifactScraper|Parsing artifact substat: def+19
2026-09-29 08:00:10.660|DEBUG|ArtifactScraper|Parsing artifact substat: hp+239
2026-09-29 08:00:10.660|DEBUG|ArtifactScraper|Parsing artifact substat: energyrecharge+5.2%
2026-09-29 08:00:10.660|DEBUG|ArtifactScraper|Parsing artifact substat: atk+14(unactivated)
2026-09-29 08:00:10.894|DEBUG|ArtifactScraper|Parsing artifact substat: hp+4.1%
2026-09-29 08:00:10.894|DEBUG|ArtifactScraper|Parsing artifact substat: critrate+3.1%
2026-09-29 08:00:10.894|DEBUG|ArtifactScraper|Parsing artifact substat: def+16
2026-09-29 08:00:10.894|DEBUG|ArtifactScraper|Parsing artifact substat: elementalmastery+16
2026-09-29 08:00:11.091|DEBUG|ArtifactScraper|Parsing artifact substat: def+5.8%
2026-09-29 08:00:11.091|DEBUG|ArtifactScraper|Parsing artifact substat: def+19
2026-09-29 08:00:11.091|DEBUG|ArtifactScraper|Parsing artifact substat: energyrecharge+6.5%
2026-09-29 08:00:11.091|DEBUG|ArtifactScraper|Parsing artifact substat: hp+299(unactivated)
2026-09-29 08:00:11.210|DEBUG|ArtifactScraper|Parsing artifact substat: def+16
2026-09-29 08:00:11.210|DEBUG|ArtifactScraper|Parsing artifact substat: hp+5.3%
2026-09-29 08:00:11.210|DEBUG|ArtifactScraper|Parsing artifact substat: critdmg+5.4%
2026-09-29 08:00:11.210|DEBUG|ArtifactScraper|Parsing artifact substat: atk+19(unactivated)
2026-09-29 08:00:11.415|DEBUG|ArtifactScraper|Parsing artifact substat: atk+18
2026-09-29 08:00:11.415|DEBUG|ArtifactScraper|Parsing artifact substat: atk+4.7%
2026-09-29 08:00:11.415|DEBUG|ArtifactScraper|Parsing artifact substat: hp+4.1%
2026-09-29 08:00:11.415|DEBUG|ArtifactScraper|Parsing artifact substat: critdmg+5.4%
2026-09-29 08:00:11.529|DEBUG|ArtifactScraper|Parsing artifact substat: atk+5.3%
2026-09-29 08:00:11.529|DEBUG|ArtifactScraper|Parsing artifact substat: def+23
2026-09-29 08:00:11.529|DEBUG|ArtifactScraper|Parsing artifact substat: critdmg+6.2%
2026-09-29 08:00:11.529|DEBUG|ArtifactScraper|Parsing artifact substat: atk+19(unactivated)
2026-09-29 08:00:11.786|DEBUG|ArtifactScraper|Parsing artifact substat: energyrecharge+5.8%
2026-09-29 08:00:11.786|DEBUG|ArtifactScraper|Parsing artifact substat: elementalmastery+21
2026-09-29 08:00:11.786|DEBUG|ArtifactScraper|Parsing artifact substat: def+23
2026-09-29 08:00:11.786|DEBUG|ArtifactScraper|Parsing artifact substat: atk+5.3%(unactivated)
2026-09-29 08:00:11.912|DEBUG|ArtifactScraper|Parsing artifact substat: hp+299
2026-09-29 08:00:11.912|DEBUG|ArtifactScraper|Parsing artifact substat: elementalmastery+21
2026-09-29 08:00:11.912|DEBUG|ArtifactScraper|Parsing artifact substat: def+6.6%
2026-09-29 08:00:11.912|DEBUG|ArtifactScraper|Parsing artifact substat: def+19(unactivated)
2026-09-29 08:00:12.096|DEBUG|ArtifactScraper|Parsing artifact substat: elementalmastery+19
2026-09-29 08:00:12.096|DEBUG|ArtifactScraper|Parsing artifact substat: hp+299
2026-09-29 08:00:12.096|DEBUG|ArtifactScraper|Parsing artifact substat: def+5.1%
2026-09-29 08:00:12.096|DEBUG|ArtifactScraper|Parsing artifact substat: atk+19
2026-09-29 08:00:12.315|DEBUG|ArtifactScraper|Parsing artifact substat: atk+18
2026-09-29 08:00:12.315|DEBUG|ArtifactScraper|Parsing artifact substat: elementalmastery+21
2026-09-29 08:00:12.315|DEBUG|ArtifactScraper|Parsing artifact substat: def+16
2026-09-29 08:00:12.315|DEBUG|ArtifactScraper|Parsing artifact substat: hp+269(unactivated)
2026-09-29 08:00:12.421|DEBUG|ArtifactScraper|Parsing artifact substat: critrate+3.1%
2026-09-29 08:00:12.421|DEBUG|ArtifactScraper|Parsing artifact substat: atk+18
2026-09-29 08:00:12.421|DEBUG|ArtifactScraper|Parsing artifact substat: hp+4.7%
2026-09-29 08:00:12.421|DEBUG|ArtifactScraper|Parsing artifact substat: critdmg+6.2%
2026-09-29 08:00:12.713|DEBUG|ArtifactScraper|Parsing artifact substat: elementalmastery+19
2026-09-29 08:00:12.713|DEBUG|ArtifactScraper|Parsing artifact substat: critrate+3.5%
2026-09-29 08:00:12.713|DEBUG|ArtifactScraper|Parsing artifact substat: energyrecharge+5.2%
2026-09-29 08:00:12.713|DEBUG|ArtifactScraper|Parsing artifact substat: atk+5.3%
2026-09-29 08:00:12.833|DEBUG|ArtifactScraper|Parsing artifact substat: def+7.3%
2026-09-29 08:00:12.833|DEBUG|ArtifactScraper|Parsing artifact substat: critrate+2.7%
2026-09-29 08:00:12.833|DEBUG|ArtifactScraper|Parsing artifact substat: energyrecharge+4.5%
2026-09-29 08:00:12.833|DEBUG|ArtifactScraper|Parsing artifact substat: elementalmastery+23
2026-09-29 08:00:13.024|DEBUG|ArtifactScraper|Parsing artifact substat: energyrecharge+5.8%
2026-09-29 08:00:13.024|DEBUG|ArtifactScraper|Parsing artifact substat: elementalmastery+19
2026-09-29 08:00:13.024|DEBUG|ArtifactScraper|Parsing artifact substat: atk+5.8%
2026-09-29 08:00:13.024|DEBUG|ArtifactScraper|Parsing artifact substat: atk+14
2026-09-29 08:00:13.110|DEBUG|ArtifactScraper|Parsing artifact substat: critdmg+5.4%
2026-09-29 08:00:13.110|DEBUG|ArtifactScraper|Parsing artifact substat: elementalmastery+23
2026-09-29 08:00:13.110|DEBUG|ArtifactScraper|Parsing artifact substat: def+21
2026-09-29 08:00:13.110|DEBUG|ArtifactScraper|Parsing artifact substat: atk+4.1%
2026-09-29 08:00:13.263|DEBUG|ArtifactScraper|Finished queuing page of artifacts. Scrolling...
2026-09-29 08:00:13.388|DEBUG|ArtifactScraper|Parsing artifact substat: critrate+3.1%
2026-09-29 08:00:13.388|DEBUG|ArtifactScraper|Parsing artifact substat: def+5.1%
2026-09-29 08:00:13.388|DEBUG|ArtifactScraper|Parsing artifact substat: critdmg+7.8%
2026-09-29 08:00:13.388|DEBUG|ArtifactScraper|Parsing artifact substat: def+23
2026-09-29 08:00:13.458|DEBUG|ArtifactScraper|Parsing artifact substat: elementalmastery+16
2026-09-29 08:00:13.458|DEBUG|ArtifactScraper|Parsing artifact substat: def+21
2026-09-29 08:00:13.458|DEBUG|ArtifactScraper|Parsing artifact substat: critdmg+7.8%
2026-09-29 08:00:13.458|DEBUG|ArtifactScraper|Parsing artifact substat: atk+14
2026-09-29 08:00:13.695|DEBUG|ArtifactScraper|Parsing artifact substat: critdmg+7.8%
2026-09-29 08:00:13.695|DEBUG|ArtifactScraper|Parsing artifact substat: def+21
2026-09-29 08:00:13.695|DEBUG|ArtifactScraper|Parsing artifact substat: elementalmastery+23
2026-09-29 08:00:13.695|DEBUG|ArtifactScraper|Parsing artifact substat: hp+4.7%
2026-09-29 08:00:15.642|DEBUG|ArtifactScraper|Scanning artifact page 34
2026-09-29 08:00:15.642|DEBUG|ArtifactScraper|Located 32 possible item locations on page.
2026-09-29 08:00:16.087|DEBUG|ArtifactScraper|Parsing artifact substat: critdmg+7.0%
2026-09-29 08:00:16.087|DEBUG|ArtifactScraper|Parsing artifact substat: energyrecharge+6.5%
2026-09-29 08:00:16.087|DEBUG|ArtifactScraper|Parsing artifact substat: def+6.6%
2026-09-29 08:00:16.087|DEBUG|ArtifactScraper|Parsing artifact substat: atk+4.7%
2026-09-29 08:00:16.363|DEBUG|ArtifactScraper|Parsing artifact substat: def+23
2026-09-29 08:00:16.363|DEBUG|ArtifactScraper|Parsing artifact substat: atk+18
2026-09-29 08:00:16.363|DEBUG|ArtifactScraper|Parsing artifact substat: atk+4.7%
2026-09-29 08:00:16.363|DEBUG|ArtifactScraper|Parsing artifact substat: elementalmastery+21
2026-09-29 08:00:16.463|DEBUG|ArtifactScraper|Parsing artifact substat: critrate+3.9%
2026-09-29 08:00:16.463|DEBUG|ArtifactScraper|Parsing artifact substat: hp+4.1%
2026-09-29 08:00:16.463|DEBUG|ArtifactScraper|Parsing artifact substat: atk+19
2026-09-29 08:00:16.463|DEBUG|ArtifactScraper|Parsing artifact substat: elementalmastery+23
2026-09-29 08:00:16.714|DEBUG|ArtifactScraper|Parsing artifact substat: atk+14
2026-09-29 08:00:16.714|DEBUG|ArtifactScraper|Parsing artifact substat: elementalmastery+16
2026-09-29 08:00:16.714|DEBUG|ArtifactScraper|Parsing artifact substat: atk+5.8%
2026-09-29 08:00:16.714|DEBUG|ArtifactScraper|Parsing artifact substat: def+16
2026-09-29 08:00:16.865|DEBUG|ArtifactScraper|Parsing artifact substat: critdmg+6.2%
2026-09-29 08:00:16.865|DEBUG|ArtifactScraper|Parsing artifact substat: def+16
2026-09-29 08:00:16.865|DEBUG|ArtifactScraper|Parsing artifact substat: atk+5.8%
2026-09-29 08:00:16.865|DEBUG|ArtifactScraper|Parsing artifact substat: critrate+3.9%
2026-09-29 08:00:17.004|DEBUG|ArtifactScraper|Parsing artifact substat: atk+14
2026-09-29 08:00:17.004|DEBUG|ArtifactScraper|Parsing artifact substat: hp+5.3%
2026-09-29 08:00:17.004|DEBUG|ArtifactScraper|Parsing artifact substat: atk+5.8%
2026-09-29 08:00:17.004|DEBUG|ArtifactScraper|Parsing artifact substat: elementalmastery+16
2026-09-29 08:00:17.308|DEBUG|ArtifactScraper|Parsing artifact substat: def+23
2026-09-29 08:00:17.308|DEBUG|ArtifactScraper|Parsing artifact substat: atk+5.8%
2026-09-29 08:00:17.308|DEBUG|ArtifactScraper|Parsing artifact substat: hp+4.1%
2026-09-29 08:00:17.308|DEBUG|ArtifactScraper|Parsing artifact substat: elementalmastery+16
2026-09-29 08:00:17.480|DEBUG|ArtifactScraper|Parsing artifact substat: energyrecharge+5.2%
2026-09-29 08:00:17.480|DEBUG|ArtifactScraper|Parsing artifact substat: critdmg+5.4%
2026-09-29 08:00:17.480|DEBUG|ArtifactScraper|Parsing artifact substat: atk+16
2026-09-29 08:00:17.480|DEBUG|ArtifactScraper|Parsing artifact substat: critrate+2.7%(unactivated)
2026-09-29 08:00:17.752|DEBUG|ArtifactScraper|Parsing artifact substat: hp+4.1%
2026-09-29 08:00:17.752|DEBUG|ArtifactScraper|Parsing artifact substat: energyrecharge+6.5%
2026-09-29 08:00:17.752|DEBUG|ArtifactScraper|Parsing artifact substat: def+7.3%
2026-09-29 08:00:17.752|DEBUG|ArtifactScraper|Parsing artifact substat: elementalmastery+16
2026-09-29 08:00:17.776|DEBUG|ArtifactScraper|Parsing artifact substat: def+16
2026-09-29 08:00:17.776|DEBUG|ArtifactScraper|Parsing artifact substat: hp+5.8%
2026-09-29 08:00:17.776|DEBUG|ArtifactScraper|Parsing artifact substat: atk+16
2026-09-29 08:00:17.776|DEBUG|ArtifactScraper|Parsing artifact substat: elementalmastery+21
2026-09-29 08:00:17.975|DEBUG|ArtifactScraper|Parsing artifact substat: critdmg+7.0%
2026-09-29 08:00:17.975|DEBUG|ArtifactScraper|Parsing artifact substat: def+19
2026-09-29 08:00:17.975|DEBUG|ArtifactScraper|Parsing artifact substat: atk+4.1%
2026-09-29 08:00:17.975|DEBUG|ArtifactScraper|Parsing artifact substat: hp+5.8%(unactivated)
2026-09-29 08:00:18.210|DEBUG|ArtifactScraper|Parsing artifact substat: atk+18
2026-09-29 08:00:18.210|DEBUG|ArtifactScraper|Parsing artifact substat: elementalmastery+19
2026-09-29 08:00:18.210|DEBUG|ArtifactScraper|Parsing artifact substat: atk+4.7%
2026-09-29 08:00:18.210|DEBUG|ArtifactScraper|Parsing artifact substat: def+5.1%(unactivated)
2026-09-29 08:00:18.466|DEBUG|ArtifactScraper|Parsing artifact substat: elementalmastery+19
2026-09-29 08:00:18.466|DEBUG|ArtifactScraper|Parsing artifact substat: energyrecharge+5.8%
2026-09-29 08:00:18.466|DEBUG|ArtifactScraper|Parsing artifact substat: def+6.6%
2026-09-29 08:00:18.466|DEBUG|ArtifactScraper|Parsing artifact substat: critrate+2.7%(unactivated)
2026-09-29 08:00:18.531|DEBUG|ArtifactScraper|Parsing artifact substat: atk+5.3%
2026-09-29 08:00:18.531|DEBUG|ArtifactScraper|Parsing artifact substat: def+6.6%
2026-09-29 08:00:18.531|DEBUG|ArtifactScraper|Parsing artifact substat: energyrecharge+4.5%
2026-09-29 08:00:18.531|DEBUG|ArtifactScraper|Parsing artifact substat: critrate+3.5%(unactivated)
2026-09-29 08:00:18.662|DEBUG|ArtifactScraper|Parsing artifact substat: energyrecharge+6.5%
2026-09-29 08:00:18.662|DEBUG|ArtifactScraper|Parsing artifact substat: atk+4.7%
2026-09-29 08:00:18.662|DEBUG|ArtifactScraper|Parsing artifact substat: def+5.1%
2026-09-29 08:00:18.662|DEBUG|ArtifactScraper|Parsing artifact substat: critrate+3.9%(unactivated)
2026-09-29 08:00:18.862|DEBUG|ArtifactScraper|Parsing artifact substat: hp+4.1%
2026-09-29 08:00:18.862|DEBUG|ArtifactScraper|Parsing artifact substat: def+23
2026-09-29 08:00:18.862|DEBUG|ArtifactScraper|Parsing artifact substat: critrate+2.7%
2026-09-29 08:00:18.862|DEBUG|ArtifactScraper|Parsing artifact substat: elementalmastery+16
2026-09-29 08:00:19.101|DEBUG|ArtifactScraper|Parsing artifact substat: def+7.3%
2026-09-29 08:00:19.101|DEBUG|ArtifactScraper|Parsing artifact substat: critdmg+7.0%
2026-09-29 08:00:19.101|DEBUG|ArtifactScraper|Parsing artifact substat: energyrecharge+5.8%
2026-09-29 08:00:19.101|DEBUG|ArtifactScraper|Parsing artifact substat: critrate+3.9%(unactivated)
2026-09-29 08:00:19.205|DEBUG|ArtifactScraper|Parsing artifact substat: energyrecharge+5.2%
2026-09-29 08:00:19.205|DEBUG|ArtifactScraper|Parsing artifact substat: atk+4.7%
2026-09-29 08:00:19.205|DEBUG|ArtifactScraper|Parsing artifact substat: atk+18
2026-09-29 08:00:19.205|DEBUG|ArtifactScraper|Parsing artifact substat: critdmg+6.2%(unactivated)
2026-09-29 08:00:19.506|DEBUG|ArtifactScraper|Parsing artifact substat: hp+4.1%
2026-09-29 08:00:19.506|DEBUG|ArtifactScraper|Parsing artifact substat: elementalmastery+23
2026-09-29 08:00:19.506|DEBUG|ArtifactScraper|Parsing artifact substat: atk+14
2026-09-29 08:00:19.506|DEBUG|ArtifactScraper|Parsing artifact substat: critrate+3.5%(unactivated)
2026-09-29 08:00:19.565|DEBUG|ArtifactScraper|Parsing artifact substat: energyrecharge+5.8%
2026-09-29 08:00:19.565|DEBUG|ArtifactScraper|Parsing artifact substat: elementalmastery+19
2026-09-29 08:00:19.565|DEBUG|ArtifactScraper|Parsing artifact substat: atk+4.7%
2026-09-29 08:00:19.565|DEBUG|ArtifactScraper|Parsing artifact substat: atk+19(unactivated)
2026-09-29 08:00:19.878|DEBUG|ArtifactScraper|Parsing artifact substat: critdmg+7.0%
2026-09-29 08:00:19.878|DEBUG|ArtifactScraper|Parsing artifact substat: elementalmastery+19
2026-09-29 08:00:19.878|DEBUG|ArtifactScraper|Parsing artifact substat: def+5.1%
2026-09-29 08:00:19.878|DEBUG|ArtifactScraper|Parsing artifact substat: atk+16(unactivated)
2026-09-29 08:00:19.909|DEBUG|ArtifactScraper|Parsing artifact substat: atk+19
2026-09-29 08:00:19.909|DEBUG|ArtifactScraper|Parsing artifact substat: elementalmastery+21
2026-09-29 08:00:19.909|DEBUG|ArtifactScraper|Parsing artifact substat: critdmg+7.8%
2026-09-29 08:00:19.909|DEBUG|ArtifactScraper|Parsing artifact substat: energyrecharge+4.5%
2026-09-29 08:00:20.252|DEBUG|ArtifactScraper|Parsing artifact substat: critdmg+7.0%
2026-09-29 08:00:20.252|DEBUG|ArtifactScraper|Parsing artifact substat: elementalmastery+16
2026-09-29 08:00:20.252|DEBUG|ArtifactScraper|Parsing artifact substat: def+16
2026-09-29 08:00:20.252|DEBUG|ArtifactScraper|Parsing artifact substat: hp+4.7%(unactivated)
2026-09-29 08:00:20.308|DEBUG|ArtifactScraper|Parsing artifact substat: critdmg+6.2%
2026-09-29 08:00:20.308|DEBUG|ArtifactScraper|Parsing artifact substat: energyrecharge+5.2%
2026-09-29 08:00:20.308|DEBUG|ArtifactScraper|Parsing artifact substat: def+7.3%
2026-09-29 08:00:20.308|DEBUG|ArtifactScraper|Parsing artifact substat: critrate+3.5%(unactivated)
2026-09-29 08:00:20.719|DEBUG|ArtifactScraper|Parsing artifact substat: hp+5.8%
2026-09-29 08:00:20.719|DEBUG|ArtifactScraper|Parsing artifact substat: critrate+3.5%
2026-09-29 08:00:20.719|DEBUG|ArtifactScraper|Parsing artifact substat: critdmg+6.2%
2026-09-29 08:00:20.719|DEBUG|ArtifactScraper|Parsing artifact substat: atk+4.7%(unactivated)
2026-09-29 08:00:20.736|DEBUG|ArtifactScraper|Parsing artifact substat: def+5.1%
2026-09-29 08:00:20.736|DEBUG|ArtifactScraper|Parsing artifact substat: def+21
2026-09-29 08:00:20.736|DEBUG|ArtifactScraper|Parsing artifact substat: critrate+2.7%
2026-09-29 08:00:20.736|DEBUG|ArtifactScraper|Parsing artifact substat: critdmg+5.4%(unactivated)
2026-09-29 08:00:20.858|DEBUG|ArtifactScraper|Parsing artifact substat: energyrecharge+5.8%
2026-09-29 08:00:20.858|DEBUG|ArtifactScraper|Parsing artifact substat: atk+14
2026-09-29 08:00:20.858|DEBUG|ArtifactScraper|Parsing artifact substat: elementalmastery+21
2026-09-29 08:00:20.858|DEBUG|ArtifactScraper|Parsing artifact substat: critdmg+7.0%(unactivated)
2026-09-29 08:00:21.185|DEBUG|ArtifactScraper|Parsing artifact substat: hp+4.1%
2026-09-29 08:00:21.185|DEBUG|ArtifactScraper|Parsing artifact substat: critrate+3.1%
2026-09-29 08:00:21.185|DEBUG|ArtifactScraper|Parsing artifact substat: critdmg+6.2%
2026-09-29 08:00:21.185|DEBUG|ArtifactScraper|Parsing artifact substat: atk+19(unactivated)
2026-09-29 08:00:21.206|DEBUG|ArtifactScraper|Parsing artifact substat: def+16
2026-09-29 08:00:21.206|DEBUG|ArtifactScraper|Parsing artifact substat: critrate+3.9%
2026-09-29 08:00:21.206|DEBUG|ArtifactScraper|Parsing artifact substat: elementalmastery+16
2026-09-29 08:00:21.206|DEBUG|ArtifactScraper|Parsing artifact substat: hp+4.1%(unactivated)
2026-09-29 08:00:21.297|DEBUG|ArtifactScraper|Parsing artifact substat: def+23
2026-09-29 08:00:21.297|DEBUG|ArtifactScraper|Parsing artifact substat: atk+5.3%
2026-09-29 08:00:21.297|DEBUG|ArtifactScraper|Parsing artifact substat: hp+4.7%
2026-09-29 08:00:21.297|DEBUG|ArtifactScraper|Parsing artifact substat: critrate+3.5%(unactivated)
2026-09-29 08:00:21.303|DEBUG|ArtifactScraper|Finished queuing page of artifacts. Scrolling...
2026-09-29 08:00:21.611|DEBUG|ArtifactScraper|Parsing artifact substat: def+16
2026-09-29 08:00:21.611|DEBUG|ArtifactScraper|Parsing artifact substat: elementalmastery+16
2026-09-29 08:00:21.611|DEBUG|ArtifactScraper|Parsing artifact substat: critdmg+7.0%
2026-09-29 08:00:21.611|DEBUG|ArtifactScraper|Parsing artifact substat: critrate+3.5%(unactivated)
2026-09-29 08:00:21.681|DEBUG|ArtifactScraper|Parsing artifact substat: def+21
2026-09-29 08:00:21.681|DEBUG|ArtifactScraper|Parsing artifact substat: atk+5.8%
2026-09-29 08:00:21.681|DEBUG|ArtifactScraper|Parsing artifact substat: energyrecharge+6.5%
2026-09-29 08:00:21.681|DEBUG|ArtifactScraper|Parsing artifact substat: elementalmastery+19
2026-09-29 08:00:23.877|DEBUG|ArtifactScraper|Scanning artifact page 35
2026-09-29 08:00:23.877|DEBUG|ArtifactScraper|Located 32 possible item locations on page.
2026-09-29 08:00:24.342|DEBUG|ArtifactScraper|Parsing artifact substat: elementalmastery+21
2026-09-29 08:00:24.342|DEBUG|ArtifactScraper|Parsing artifact substat: critdmg+7.8%
2026-09-29 08:00:24.342|DEBUG|ArtifactScraper|Parsing artifact substat: atk+16
2026-09-29 08:00:24.342|DEBUG|ArtifactScraper|Parsing artifact substat: energyrecharge+6.5%
2026-09-29 08:00:24.606|DEBUG|ArtifactScraper|Parsing artifact substat: elementalmastery+19
2026-09-29 08:00:24.606|DEBUG|ArtifactScraper|Parsing artifact substat: energyrecharge+5.2%
2026-09-29 08:00:24.606|DEBUG|ArtifactScraper|Parsing artifact substat: atk+19
2026-09-29 08:00:24.606|DEBUG|ArtifactScraper|Parsing artifact substat: critdmg+6.2%(unactivated)
2026-09-29 08:00:24.706|DEBUG|ArtifactScraper|Parsing artifact substat: elementalmastery+23
2026-09-29 08:00:24.706|DEBUG|ArtifactScraper|Parsing artifact substat: atk+5.3%
2026-09-29 08:00:24.706|DEBUG|ArtifactScraper|Parsing artifact substat: hp+4.7%
2026-09-29 08:00:24.706|DEBUG|ArtifactScraper|Parsing artifact substat: def+21(unactivated)
2026-09-29 08:00:25.003|DEBUG|ArtifactScraper|Parsing artifact substat: atk+18
2026-09-29 08:00:25.003|DEBUG|ArtifactScraper|Parsing artifact substat: elementalmastery+19
2026-09-29 08:00:25.003|DEBUG|ArtifactScraper|Parsing artifact substat: critrate+2.7%
2026-09-29 08:00:25.003|DEBUG|ArtifactScraper|Parsing artifact substat: energyrecharge+5.2%
2026-09-29 08:00:25.124|DEBUG|ArtifactScraper|Parsing artifact substat: critrate+3.1%
2026-09-29 08:00:25.124|DEBUG|ArtifactScraper|Parsing artifact substat: atk+5.3%
2026-09-29 08:00:25.124|DEBUG|ArtifactScraper|Parsing artifact substat: energyrecharge+5.2%
2026-09-29 08:00:25.124|DEBUG|ArtifactScraper|Parsing artifact substat: def+21(unactivated)
2026-09-29 08:00:25.302|DEBUG|ArtifactScraper|Parsing artifact substat: def+16
2026-09-29 08:00:25.302|DEBUG|ArtifactScraper|Parsing artifact substat: critdmg+6.2%
2026-09-29 08:00:25.302|DEBUG|ArtifactScraper|Parsing artifact substat: hp+5.8%
2026-09-29 08:00:25.302|DEBUG|ArtifactScraper|Parsing artifact substat: critrate+3.9%(unactivated)
2026-09-29 08:00:25.402|DEBUG|ArtifactScraper|Parsing artifact substat: atk+5.3%
2026-09-29 08:00:25.402|DEBUG|ArtifactScraper|Parsing artifact substat: critrate+3.1%
2026-09-29 08:00:25.402|DEBUG|ArtifactScraper|Parsing artifact substat: hp+5.8%
2026-09-29 08:00:25.402|DEBUG|ArtifactScraper|Parsing artifact substat: atk+18(unactivated)
2026-09-29 08:00:25.692|DEBUG|ArtifactScraper|Parsing artifact substat: critrate+3.5%
2026-09-29 08:00:25.692|DEBUG|ArtifactScraper|Parsing artifact substat: critdmg+7.0%
2026-09-29 08:00:25.692|DEBUG|ArtifactScraper|Parsing artifact substat: atk+16
2026-09-29 08:00:25.692|DEBUG|ArtifactScraper|Parsing artifact substat: elementalmastery+21
2026-09-29 08:00:25.766|DEBUG|ArtifactScraper|Parsing artifact substat: critrate+3.1%
2026-09-29 08:00:25.766|DEBUG|ArtifactScraper|Parsing artifact substat: atk+16
2026-09-29 08:00:25.766|DEBUG|ArtifactScraper|Parsing artifact substat: critdmg+7.0%
2026-09-29 08:00:25.766|DEBUG|ArtifactScraper|Parsing artifact substat: def+19(unactivated)
2026-09-29 08:00:26.091|DEBUG|ArtifactScraper|Parsing artifact substat: energyrecharge+5.8%
2026-09-29 08:00:26.091|DEBUG|ArtifactScraper|Parsing artifact substat: hp+4.1%
2026-09-29 08:00:26.091|DEBUG|ArtifactScraper|Parsing artifact substat: atk+5.8%
2026-09-29 08:00:26.091|DEBUG|ArtifactScraper|Parsing artifact substat: atk+18
2026-09-29 08:00:26.091|DEBUG|ArtifactScraper|Parsing artifact substat: atk+14
2026-09-29 08:00:26.091|DEBUG|ArtifactScraper|Parsing artifact substat: energyrecharge+6.5%
2026-09-29 08:00:26.091|DEBUG|ArtifactScraper|Parsing artifact substat: critrate+3.1%
2026-09-29 08:00:26.091|DEBUG|ArtifactScraper|Parsing artifact substat: elementalmastery+21
2026-09-29 08:00:26.421|DEBUG|ArtifactScraper|Parsing artifact substat: elementalmastery+19
2026-09-29 08:00:26.421|DEBUG|ArtifactScraper|Parsing artifact substat: def+5.8%
2026-09-29 08:00:26.421|DEBUG|ArtifactScraper|Parsing artifact substat: atk+16
2026-09-29 08:00:26.421|DEBUG|ArtifactScraper|Parsing artifact substat: def+23
2026-09-29 08:00:26.486|DEBUG|ArtifactScraper|Parsing artifact substat: def+5.1%
2026-09-29 08:00:26.487|DEBUG|ArtifactScraper|Parsing artifact substat: energyrecharge+5.2%
2026-09-29 08:00:26.487|DEBUG|ArtifactScraper|Parsing artifact substat: critdmg+7.8%
2026-09-29 08:00:26.487|DEBUG|ArtifactScraper|Parsing artifact substat: atk+18
2026-09-29 08:00:26.766|DEBUG|ArtifactScraper|Parsing artifact substat: energyrecharge+4.5%
2026-09-29 08:00:26.766|DEBUG|ArtifactScraper|Parsing artifact substat: hp+4.7%
2026-09-29 08:00:26.766|DEBUG|ArtifactScraper|Parsing artifact substat: atk+19
2026-09-29 08:00:26.766|DEBUG|ArtifactScraper|Parsing artifact substat: elementalmastery+21
2026-09-29 08:00:26.790|DEBUG|ArtifactScraper|Parsing artifact substat: def+5.8%
2026-09-29 08:00:26.790|DEBUG|ArtifactScraper|Parsing artifact substat: atk+4.1%
2026-09-29 08:00:26.790|DEBUG|ArtifactScraper|Parsing artifact substat: def+21
2026-09-29 08:00:26.790|DEBUG|ArtifactScraper|Parsing artifact substat: hp+5.8%
2026-09-29 08:00:27.118|DEBUG|ArtifactScraper|Parsing artifact substat: def+7.3%
2026-09-29 08:00:27.118|DEBUG|ArtifactScraper|Parsing artifact substat: atk+14
2026-09-29 08:00:27.118|DEBUG|ArtifactScraper|Parsing artifact substat: def+21
2026-09-29 08:00:27.118|DEBUG|ArtifactScraper|Parsing artifact substat: hp+5.8%
2026-09-29 08:00:27.135|DEBUG|ArtifactScraper|Parsing artifact substat: atk+16
2026-09-29 08:00:27.135|DEBUG|ArtifactScraper|Parsing artifact substat: def+16
2026-09-29 08:00:27.135|DEBUG|ArtifactScraper|Parsing artifact substat: energyrecharge+6.5%
2026-09-29 08:00:27.135|DEBUG|ArtifactScraper|Parsing artifact substat: critdmg+5.4%
2026-09-29 08:00:27.378|DEBUG|ArtifactScraper|Parsing artifact substat: hp+4.7%
2026-09-29 08:00:27.378|DEBUG|ArtifactScraper|Parsing artifact substat: def+5.8%
2026-09-29 08:00:27.378|DEBUG|ArtifactScraper|Parsing artifact substat: atk+5.3%
2026-09-29 08:00:27.378|DEBUG|ArtifactScraper|Parsing artifact substat: atk+16
2026-09-29 08:00:27.485|DEBUG|ArtifactScraper|Parsing artifact substat: def+23
2026-09-29 08:00:27.485|DEBUG|ArtifactScraper|Parsing artifact substat: atk+4.1%
2026-09-29 08:00:27.485|DEBUG|ArtifactScraper|Parsing artifact substat: atk+19
2026-09-29 08:00:27.485|DEBUG|ArtifactScraper|Parsing artifact substat: energyrecharge+6.5%
2026-09-29 08:00:27.733|DEBUG|ArtifactScraper|Parsing artifact substat: atk+18
2026-09-29 08:00:27.733|DEBUG|ArtifactScraper|Parsing artifact substat: energyrecharge+6.5%
2026-09-29 08:00:27.733|DEBUG|ArtifactScraper|Parsing artifact substat: hp+4.1%
2026-09-29 08:00:27.733|DEBUG|ArtifactScraper|Parsing artifact substat: elementalmastery+16
2026-09-29 08:00:27.850|DEBUG|ArtifactScraper|Parsing artifact substat: energyrecharge+6.5%
2026-09-29 08:00:27.850|DEBUG|ArtifactScraper|Parsing artifact substat: atk+14
2026-09-29 08:00:27.850|DEBUG|ArtifactScraper|Parsing artifact substat: def+7.3%
2026-09-29 08:00:27.850|DEBUG|ArtifactScraper|Parsing artifact substat: atk+4.1%
2026-09-29 08:00:28.048|DEBUG|ArtifactScraper|Parsing artifact substat: atk+19
2026-09-29 08:00:28.048|DEBUG|ArtifactScraper|Parsing artifact substat: critrate+3.9%
2026-09-29 08:00:28.048|DEBUG|ArtifactScraper|Parsing artifact substat: def+21
2026-09-29 08:00:28.048|DEBUG|ArtifactScraper|Parsing artifact substat: energyrecharge+5.2%
2026-09-29 08:00:28.115|DEBUG|ArtifactScraper|Parsing artifact substat: critrate+3.9%
2026-09-29 08:00:28.115|DEBUG|ArtifactScraper|Parsing artifact substat: hp+5.8%
2026-09-29 08:00:28.115|DEBUG|ArtifactScraper|Parsing artifact substat: def+5.1%
2026-09-29 08:00:28.115|DEBUG|ArtifactScraper|Parsing artifact substat: def+19(unactivated)
2026-09-29 08:00:28.445|DEBUG|ArtifactScraper|Parsing artifact substat: def+21
2026-09-29 08:00:28.445|DEBUG|ArtifactScraper|Parsing artifact substat: energyrecharge+4.5%
2026-09-29 08:00:28.445|DEBUG|ArtifactScraper|Parsing artifact substat: critdmg+7.0%
2026-09-29 08:00:28.445|DEBUG|ArtifactScraper|Parsing artifact substat: hp+5.8%(unactivated)
2026-09-29 08:00:28.484|DEBUG|ArtifactScraper|Parsing artifact substat: atk+4.1%
2026-09-29 08:00:28.484|DEBUG|ArtifactScraper|Parsing artifact substat: def+19
2026-09-29 08:00:28.484|DEBUG|ArtifactScraper|Parsing artifact substat: energyrecharge+6.5%
2026-09-29 08:00:28.484|DEBUG|ArtifactScraper|Parsing artifact substat: def+5.1%(unactivated)
2026-09-29 08:00:28.730|DEBUG|ArtifactScraper|Parsing artifact substat: def+5.1%
2026-09-29 08:00:28.730|DEBUG|ArtifactScraper|Parsing artifact substat: critrate+3.5%
2026-09-29 08:00:28.730|DEBUG|ArtifactScraper|Parsing artifact substat: def+23
2026-09-29 08:00:28.730|DEBUG|ArtifactScraper|Parsing artifact substat: atk+16(unactivated)
2026-09-29 08:00:28.829|DEBUG|ArtifactScraper|Parsing artifact substat: hp+5.8%
2026-09-29 08:00:28.829|DEBUG|ArtifactScraper|Parsing artifact substat: energyrecharge+5.8%
2026-09-29 08:00:28.829|DEBUG|ArtifactScraper|Parsing artifact substat: critrate+3.5%
2026-09-29 08:00:28.829|DEBUG|ArtifactScraper|Parsing artifact substat: def+7.3%(unactivated)
2026-09-29 08:00:29.092|DEBUG|ArtifactScraper|Parsing artifact substat: def+23
2026-09-29 08:00:29.092|DEBUG|ArtifactScraper|Parsing artifact substat: atk+19
2026-09-29 08:00:29.092|DEBUG|ArtifactScraper|Parsing artifact substat: energyrecharge+4.5%
2026-09-29 08:00:29.092|DEBUG|ArtifactScraper|Parsing artifact substat: elementalmastery+16
2026-09-29 08:00:29.202|DEBUG|ArtifactScraper|Parsing artifact substat: def+6.6%
2026-09-29 08:00:29.202|DEBUG|ArtifactScraper|Parsing artifact substat: atk+19
2026-09-29 08:00:29.202|DEBUG|ArtifactScraper|Parsing artifact substat: atk+5.3%
2026-09-29 08:00:29.202|DEBUG|ArtifactScraper|Parsing artifact substat: def+23(unactivated)
2026-09-29 08:00:29.322|DEBUG|ArtifactScraper|Finished queuing page of artifacts. Scrolling...
2026-09-29 08:00:29.369|DEBUG|ArtifactScraper|Parsing artifact substat: atk+18
2026-09-29 08:00:29.369|DEBUG|ArtifactScraper|Parsing artifact substat: energyrecharge+6.5%
2026-09-29 08:00:29.369|DEBUG|ArtifactScraper|Parsing artifact substat: hp+5.8%
2026-09-29 08:00:29.369|DEBUG|ArtifactScraper|Parsing artifact substat: critrate+3.1%(unactivated)
2026-09-29 08:00:29.566|DEBUG|ArtifactScraper|Parsing artifact substat: atk+19
2026-09-29 08:00:29.566|DEBUG|ArtifactScraper|Parsing artifact substat: def+7.3%
2026-09-29 08:00:29.566|DEBUG|ArtifactScraper|Parsing artifact substat: def+21
2026-09-29 08:00:29.566|DEBUG|ArtifactScraper|Parsing artifact substat: critdmg+7.0%(unactivated)
2026-09-29 08:00:29.695|DEBUG|ArtifactScraper|Parsing artifact substat: atk+16
2026-09-29 08:00:29.695|DEBUG|ArtifactScraper|Parsing artifact substat: hp+4.7%
2026-09-29 08:00:29.695|DEBUG|ArtifactScraper|Parsing artifact substat: energyrecharge+5.8%
2026-09-29 08:00:29.695|DEBUG|ArtifactScraper|Parsing artifact substat: def+21(unactivated)
2026-09-29 08:00:31.489|DEBUG|ArtifactScraper|Scanning artifact page 36
2026-09-29 08:00:31.489|DEBUG|ArtifactScraper|Located 32 possible item locations on page.
2026-09-29 08:00:31.927|DEBUG|ArtifactScraper|Parsing artifact substat: def+16
2026-09-29 08:00:31.927|DEBUG|ArtifactScraper|Parsing artifact substat: critdmg+6.2%
2026-09-29 08:00:31.927|DEBUG|ArtifactScraper|Parsing artifact substat: def+6.6%
2026-09-29 08:00:31.927|DEBUG|ArtifactScraper|Parsing artifact substat: hp+4.7%(unactivated)
2026-09-29 08:00:32.049|DEBUG|ArtifactScraper|Parsing artifact substat: def+5.1%
2026-09-29 08:00:32.049|DEBUG|ArtifactScraper|Parsing artifact substat: atk+5.8%
2026-09-29 08:00:32.049|DEBUG|ArtifactScraper|Parsing artifact substat: def+21
2026-09-29 08:00:32.049|DEBUG|ArtifactScraper|Parsing artifact substat: atk+18(unactivated)
2026-09-29 08:00:32.236|DEBUG|ArtifactScraper|Parsing artifact substat: def+5.8%
2026-09-29 08:00:32.236|DEBUG|ArtifactScraper|Parsing artifact substat: atk+19
2026-09-29 08:00:32.236|DEBUG|ArtifactScraper|Parsing artifact substat: elementalmastery+23
2026-09-29 08:00:32.236|DEBUG|ArtifactScraper|Parsing artifact substat: def+19(unactivated)
2026-09-29 08:00:32.573|DEBUG|ArtifactScraper|Parsing artifact substat: critrate+2.7%
2026-09-29 08:00:32.573|DEBUG|ArtifactScraper|Parsing artifact substat: energyrecharge+5.2%
2026-09-29 08:00:32.573|DEBUG|ArtifactScraper|Parsing artifact substat: hp+5.8%
2026-09-29 08:00:32.573|DEBUG|ArtifactScraper|Parsing artifact substat: def+5.8%(unactivated)
2026-09-29 08:00:32.719|DEBUG|ArtifactScraper|Parsing artifact substat: def+16
2026-09-29 08:00:32.719|DEBUG|ArtifactScraper|Parsing artifact substat: elementalmastery+21
2026-09-29 08:00:32.719|DEBUG|ArtifactScraper|Parsing artifact substat: energyrecharge+5.8%
2026-09-29 08:00:32.721|DEBUG|ArtifactScraper|Parsing artifact substat: hp+5.8%(unactivated)
2026-09-29 08:00:32.881|DEBUG|ArtifactScraper|Parsing artifact substat: energyrecharge+5.2%
2026-09-29 08:00:32.881|DEBUG|ArtifactScraper|Parsing artifact substat: def+19
2026-09-29 08:00:32.881|DEBUG|ArtifactScraper|Parsing artifact substat: critdmg+6.2%
2026-09-29 08:00:32.881|DEBUG|ArtifactScraper|Parsing artifact substat: def+7.3%(unactivated)
2026-09-29 08:00:32.924|DEBUG|ArtifactScraper|Parsing artifact substat: atk+4.1%
2026-09-29 08:00:32.924|DEBUG|ArtifactScraper|Parsing artifact substat: def+7.3%
2026-09-29 08:00:32.924|DEBUG|ArtifactScraper|Parsing artifact substat: def+23
2026-09-29 08:00:32.924|DEBUG|ArtifactScraper|Parsing artifact substat: critrate+3.9%
2026-09-29 08:00:33.241|DEBUG|ArtifactScraper|Parsing artifact substat: def+5.1%
2026-09-29 08:00:33.241|DEBUG|ArtifactScraper|Parsing artifact substat: critrate+3.5%
2026-09-29 08:00:33.241|DEBUG|ArtifactScraper|Parsing artifact substat: hp+5.3%
2026-09-29 08:00:33.241|DEBUG|ArtifactScraper|Parsing artifact substat: elementalmastery+21
2026-09-29 08:00:33.266|DEBUG|ArtifactScraper|Parsing artifact substat: def+16
2026-09-29 08:00:33.266|DEBUG|ArtifactScraper|Parsing artifact substat: atk+4.7%
2026-09-29 08:00:33.266|DEBUG|ArtifactScraper|Parsing artifact substat: critrate+3.5%
2026-09-29 08:00:33.266|DEBUG|ArtifactScraper|Parsing artifact substat: critdmg+7.0%
2026-09-29 08:00:33.589|DEBUG|ArtifactScraper|Parsing artifact substat: atk+5.3%
2026-09-29 08:00:33.589|DEBUG|ArtifactScraper|Parsing artifact substat: def+5.1%
2026-09-29 08:00:33.589|DEBUG|ArtifactScraper|Parsing artifact substat: critdmg+6.2%
2026-09-29 08:00:33.589|DEBUG|ArtifactScraper|Parsing artifact substat: elementalmastery+23
2026-09-29 08:00:33.606|DEBUG|ArtifactScraper|Parsing artifact substat: hp+4.7%
2026-09-29 08:00:33.606|DEBUG|ArtifactScraper|Parsing artifact substat: hp+269
2026-09-29 08:00:33.606|DEBUG|ArtifactScraper|Parsing artifact substat: atk+5.8%
2026-09-29 08:00:33.606|DEBUG|ArtifactScraper|Parsing artifact substat: elementalmastery+19
2026-09-29 08:00:33.873|DEBUG|ArtifactScraper|Parsing artifact substat: hp+269
2026-09-29 08:00:33.873|DEBUG|ArtifactScraper|Parsing artifact substat: atk+4.1%
2026-09-29 08:00:33.873|DEBUG|ArtifactScraper|Parsing artifact substat: elementalmastery+16
2026-09-29 08:00:33.873|DEBUG|ArtifactScraper|Parsing artifact substat: def+19
2026-09-29 08:00:33.958|DEBUG|ArtifactScraper|Parsing artifact substat: hp+4.7%
2026-09-29 08:00:33.958|DEBUG|ArtifactScraper|Parsing artifact substat: elementalmastery+23
2026-09-29 08:00:33.958|DEBUG|ArtifactScraper|Parsing artifact substat: atk+4.1%
2026-09-29 08:00:33.958|DEBUG|ArtifactScraper|Parsing artifact substat: energyrecharge+4.5%
2026-09-29 08:00:34.238|DEBUG|ArtifactScraper|Parsing artifact substat: hp+239
2026-09-29 08:00:34.238|DEBUG|ArtifactScraper|Parsing artifact substat: critdmg+7.8%
2026-09-29 08:00:34.238|DEBUG|ArtifactScraper|Parsing artifact substat: elementalmastery+19
2026-09-29 08:00:34.238|DEBUG|ArtifactScraper|Parsing artifact substat: energyrecharge+5.2%
2026-09-29 08:00:34.366|DEBUG|ArtifactScraper|Parsing artifact substat: hp+239
2026-09-29 08:00:34.366|DEBUG|ArtifactScraper|Parsing artifact substat: elementalmastery+21
2026-09-29 08:00:34.366|DEBUG|ArtifactScraper|Parsing artifact substat: atk+4.7%
2026-09-29 08:00:34.366|DEBUG|ArtifactScraper|Parsing artifact substat: energyrecharge+6.5%
2026-09-29 08:00:34.502|DEBUG|ArtifactScraper|Parsing artifact substat: hp+209
2026-09-29 08:00:34.502|DEBUG|ArtifactScraper|Parsing artifact substat: atk+4.7%
2026-09-29 08:00:34.502|DEBUG|ArtifactScraper|Parsing artifact substat: elementalmastery+23
2026-09-29 08:00:34.502|DEBUG|ArtifactScraper|Parsing artifact substat: critrate+3.5%
2026-09-29 08:00:34.693|DEBUG|ArtifactScraper|Parsing artifact substat: hp+299
2026-09-29 08:00:34.693|DEBUG|ArtifactScraper|Parsing artifact substat: critrate+3.1%
2026-09-29 08:00:34.693|DEBUG|ArtifactScraper|Parsing artifact substat: def+5.8%
2026-09-29 08:00:34.693|DEBUG|ArtifactScraper|Parsing artifact substat: atk+5.8%
2026-09-29 08:00:34.835|DEBUG|ArtifactScraper|Parsing artifact substat: critdmg+5.4%
2026-09-29 08:00:34.835|DEBUG|ArtifactScraper|Parsing artifact substat: atk+4.1%
2026-09-29 08:00:34.835|DEBUG|ArtifactScraper|Parsing artifact substat: hp+209
2026-09-29 08:00:34.835|DEBUG|ArtifactScraper|Parsing artifact substat: def+6.6%
2026-09-29 08:00:35.049|DEBUG|ArtifactScraper|Parsing artifact substat: hp+209
2026-09-29 08:00:35.049|DEBUG|ArtifactScraper|Parsing artifact substat: elementalmastery+19
2026-09-29 08:00:35.049|DEBUG|ArtifactScraper|Parsing artifact substat: critrate+3.5%
2026-09-29 08:00:35.049|DEBUG|ArtifactScraper|Parsing artifact substat: def+19
2026-09-29 08:00:35.172|DEBUG|ArtifactScraper|Parsing artifact substat: critdmg+6.2%
2026-09-29 08:00:35.172|DEBUG|ArtifactScraper|Parsing artifact substat: energyrecharge+4.5%
2026-09-29 08:00:35.172|DEBUG|ArtifactScraper|Parsing artifact substat: elementalmastery+23
2026-09-29 08:00:35.172|DEBUG|ArtifactScraper|Parsing artifact substat: atk+4.7%
2026-09-29 08:00:35.390|DEBUG|ArtifactScraper|Parsing artifact substat: critrate+3.9%
2026-09-29 08:00:35.390|DEBUG|ArtifactScraper|Parsing artifact substat: def+23
2026-09-29 08:00:35.390|DEBUG|ArtifactScraper|Parsing artifact substat: def+6.6%
2026-09-29 08:00:35.390|DEBUG|ArtifactScraper|Parsing artifact substat: atk+4.7%
2026-09-29 08:00:35.459|DEBUG|ArtifactScraper|Parsing artifact substat: critdmg+5.4%
2026-09-29 08:00:35.459|DEBUG|ArtifactScraper|Parsing artifact substat: def+5.8%
2026-09-29 08:00:35.459|DEBUG|ArtifactScraper|Parsing artifact substat: critrate+2.7%
2026-09-29 08:00:35.459|DEBUG|ArtifactScraper|Parsing artifact substat: hp+4.7%
2026-09-29 08:00:35.731|DEBUG|ArtifactScraper|Parsing artifact substat: hp+239
2026-09-29 08:00:35.731|DEBUG|ArtifactScraper|Parsing artifact substat: critrate+3.9%
2026-09-29 08:00:35.731|DEBUG|ArtifactScraper|Parsing artifact substat: atk+5.3%
2026-09-29 08:00:35.731|DEBUG|ArtifactScraper|Parsing artifact substat: critdmg+5.4%
2026-09-29 08:00:35.815|DEBUG|ArtifactScraper|Parsing artifact substat: elementalmastery+21
2026-09-29 08:00:35.815|DEBUG|ArtifactScraper|Parsing artifact substat: energyrecharge+5.2%
2026-09-29 08:00:35.815|DEBUG|ArtifactScraper|Parsing artifact substat: critrate+3.9%
2026-09-29 08:00:35.815|DEBUG|ArtifactScraper|Parsing artifact substat: atk+5.8%
2026-09-29 08:00:36.044|DEBUG|ArtifactScraper|Parsing artifact substat: atk+5.3%
2026-09-29 08:00:36.044|DEBUG|ArtifactScraper|Parsing artifact substat: def+16
2026-09-29 08:00:36.044|DEBUG|ArtifactScraper|Parsing artifact substat: elementalmastery+23
2026-09-29 08:00:36.044|DEBUG|ArtifactScraper|Parsing artifact substat: hp+5.3%
2026-09-29 08:00:36.196|DEBUG|ArtifactScraper|Parsing artifact substat: atk+4.7%
2026-09-29 08:00:36.196|DEBUG|ArtifactScraper|Parsing artifact substat: critdmg+6.2%
2026-09-29 08:00:36.196|DEBUG|ArtifactScraper|Parsing artifact substat: elementalmastery+23
2026-09-29 08:00:36.196|DEBUG|ArtifactScraper|Parsing artifact substat: def+21(unactivated)
2026-09-29 08:00:36.353|DEBUG|ArtifactScraper|Parsing artifact substat: elementalmastery+23
2026-09-29 08:00:36.353|DEBUG|ArtifactScraper|Parsing artifact substat: atk+5.8%
2026-09-29 08:00:36.353|DEBUG|ArtifactScraper|Parsing artifact substat: critdmg+6.2%
2026-09-29 08:00:36.353|DEBUG|ArtifactScraper|Parsing artifact substat: def+6.6%(unactivated)
2026-09-29 08:00:36.535|DEBUG|ArtifactScraper|Parsing artifact substat: elementalmastery+19
2026-09-29 08:00:36.535|DEBUG|ArtifactScraper|Parsing artifact substat: hp+5.8%
2026-09-29 08:00:36.535|DEBUG|ArtifactScraper|Parsing artifact substat: def+21
2026-09-29 08:00:36.535|DEBUG|ArtifactScraper|Parsing artifact substat: hp+299(unactivated)
2026-09-29 08:00:36.633|DEBUG|ArtifactScraper|Parsing artifact substat: critrate+3.9%
2026-09-29 08:00:36.633|DEBUG|ArtifactScraper|Parsing artifact substat: atk+5.3%
2026-09-29 08:00:36.633|DEBUG|ArtifactScraper|Parsing artifact substat: def+5.8%
2026-09-29 08:00:36.633|DEBUG|ArtifactScraper|Parsing artifact substat: hp+269(unactivated)
2026-09-29 08:00:36.844|DEBUG|ArtifactScraper|Finished queuing page of artifacts. Scrolling...
2026-09-29 08:00:36.909|DEBUG|ArtifactScraper|Parsing artifact substat: elementalmastery+21
2026-09-29 08:00:36.909|DEBUG|ArtifactScraper|Parsing artifact substat: energyrecharge+5.8%
2026-09-29 08:00:36.909|DEBUG|ArtifactScraper|Parsing artifact substat: atk+5.3%
2026-09-29 08:00:36.909|DEBUG|ArtifactScraper|Parsing artifact substat: critrate+3.1%(unactivated)
2026-09-29 08:00:36.983|DEBUG|ArtifactScraper|Parsing artifact substat: hp+239
2026-09-29 08:00:36.983|DEBUG|ArtifactScraper|Parsing artifact substat: elementalmastery+21
2026-09-29 08:00:36.983|DEBUG|ArtifactScraper|Parsing artifact substat: critdmg+7.8%
2026-09-29 08:00:36.983|DEBUG|ArtifactScraper|Parsing artifact substat: atk+4.7%(unactivated)
2026-09-29 08:00:37.193|DEBUG|ArtifactScraper|Parsing artifact substat: critdmg+7.8%
2026-09-29 08:00:37.193|DEBUG|ArtifactScraper|Parsing artifact substat: hp+4.1%
2026-09-29 08:00:37.193|DEBUG|ArtifactScraper|Parsing artifact substat: elementalmastery+19
2026-09-29 08:00:37.193|DEBUG|ArtifactScraper|Parsing artifact substat: def+5.8%(unactivated)
2026-09-29 08:00:37.442|DEBUG|ArtifactScraper|Scrolled back one
2026-09-29 08:00:38.852|DEBUG|ArtifactScraper|Scanning artifact page 37
2026-09-29 08:00:38.852|DEBUG|ArtifactScraper|Located 32 possible item locations on page.
2026-09-29 08:00:39.221|DEBUG|ArtifactScraper|Parsing artifact substat: elementalmastery+16
2026-09-29 08:00:39.221|DEBUG|ArtifactScraper|Parsing artifact substat: hp+269
2026-09-29 08:00:39.221|DEBUG|ArtifactScraper|Parsing artifact substat: atk+5.3%
2026-09-29 08:00:39.221|DEBUG|ArtifactScraper|Parsing artifact substat: energyrecharge+5.8%
2026-09-29 08:00:39.497|DEBUG|ArtifactScraper|Parsing artifact substat: energyrecharge+5.2%
2026-09-29 08:00:39.497|DEBUG|ArtifactScraper|Parsing artifact substat: hp+269
2026-09-29 08:00:39.497|DEBUG|ArtifactScraper|Parsing artifact substat: critdmg+7.8%
2026-09-29 08:00:39.497|DEBUG|ArtifactScraper|Parsing artifact substat: atk+5.3%(unactivated)
2026-09-29 08:00:39.658|DEBUG|ArtifactScraper|Parsing artifact substat: energyrecharge+4.5%
2026-09-29 08:00:39.658|DEBUG|ArtifactScraper|Parsing artifact substat: critdmg+7.8%
2026-09-29 08:00:39.658|DEBUG|ArtifactScraper|Parsing artifact substat: elementalmastery+16
2026-09-29 08:00:39.658|DEBUG|ArtifactScraper|Parsing artifact substat: def+23(unactivated)
2026-09-29 08:00:39.807|DEBUG|ArtifactScraper|Parsing artifact substat: critdmg+6.2%
2026-09-29 08:00:39.807|DEBUG|ArtifactScraper|Parsing artifact substat: def+16
2026-09-29 08:00:39.807|DEBUG|ArtifactScraper|Parsing artifact substat: hp+4.7%
2026-09-29 08:00:39.807|DEBUG|ArtifactScraper|Parsing artifact substat: critrate+3.1%(unactivated)
2026-09-29 08:00:39.995|DEBUG|ArtifactScraper|Parsing artifact substat: def+23
2026-09-29 08:00:39.995|DEBUG|ArtifactScraper|Parsing artifact substat: elementalmastery+19
2026-09-29 08:00:39.995|DEBUG|ArtifactScraper|Parsing artifact substat: atk+4.1%
2026-09-29 08:00:39.995|DEBUG|ArtifactScraper|Parsing artifact substat: energyrecharge+5.2%
2026-09-29 08:00:40.106|DEBUG|ArtifactScraper|Parsing artifact substat: critrate+3.1%
2026-09-29 08:00:40.106|DEBUG|ArtifactScraper|Parsing artifact substat: hp+5.3%
2026-09-29 08:00:40.106|DEBUG|ArtifactScraper|Parsing artifact substat: def+23
2026-09-29 08:00:40.106|DEBUG|ArtifactScraper|Parsing artifact substat: elementalmastery+21
2026-09-29 08:00:40.340|DEBUG|ArtifactScraper|Parsing artifact substat: hp+239
2026-09-29 08:00:40.340|DEBUG|ArtifactScraper|Parsing artifact substat: critdmg+7.8%
2026-09-29 08:00:40.340|DEBUG|ArtifactScraper|Parsing artifact substat: critrate+3.1%
2026-09-29 08:00:40.340|DEBUG|ArtifactScraper|Parsing artifact substat: def+7.3%(unactivated)
2026-09-29 08:00:40.461|DEBUG|ArtifactScraper|Parsing artifact substat: def+5.8%
2026-09-29 08:00:40.461|DEBUG|ArtifactScraper|Parsing artifact substat: critrate+3.1%
2026-09-29 08:00:40.461|DEBUG|ArtifactScraper|Parsing artifact substat: energyrecharge+6.5%
2026-09-29 08:00:40.461|DEBUG|ArtifactScraper|Parsing artifact substat: atk+5.8%(unactivated)
2026-09-29 08:00:40.672|DEBUG|ArtifactScraper|Parsing artifact substat: critrate+2.7%
2026-09-29 08:00:40.672|DEBUG|ArtifactScraper|Parsing artifact substat: hp+299
2026-09-29 08:00:40.672|DEBUG|ArtifactScraper|Parsing artifact substat: critdmg+7.8%
2026-09-29 08:00:40.672|DEBUG|ArtifactScraper|Parsing artifact substat: elementalmastery+19
2026-09-29 08:00:40.809|DEBUG|ArtifactScraper|Parsing artifact substat: hp+299
2026-09-29 08:00:40.809|DEBUG|ArtifactScraper|Parsing artifact substat: def+6.6%
2026-09-29 08:00:40.809|DEBUG|ArtifactScraper|Parsing artifact substat: critrate+3.1%
2026-09-29 08:00:40.809|DEBUG|ArtifactScraper|Parsing artifact substat: atk+4.1%(unactivated)
2026-09-29 08:00:40.930|DEBUG|ArtifactScraper|Parsing artifact substat: hp+299
2026-09-29 08:00:40.930|DEBUG|ArtifactScraper|Parsing artifact substat: critrate+3.1%
2026-09-29 08:00:40.930|DEBUG|ArtifactScraper|Parsing artifact substat: def+16
2026-09-29 08:00:40.930|DEBUG|ArtifactScraper|Parsing artifact substat: elementalmastery+16
2026-09-29 08:00:41.194|DEBUG|ArtifactScraper|Parsing artifact substat: energyrecharge+4.5%
2026-09-29 08:00:41.194|DEBUG|ArtifactScraper|Parsing artifact substat: elementalmastery+19
2026-09-29 08:00:41.194|DEBUG|ArtifactScraper|Parsing artifact substat: atk+4.1%
2026-09-29 08:00:41.194|DEBUG|ArtifactScraper|Parsing artifact substat: hp+4.1%(unactivated)
2026-09-29 08:00:41.279|DEBUG|ArtifactScraper|Parsing artifact substat: critdmg+7.8%
2026-09-29 08:00:41.279|DEBUG|ArtifactScraper|Parsing artifact substat: hp+4.7%
2026-09-29 08:00:41.279|DEBUG|ArtifactScraper|Parsing artifact substat: def+21
2026-09-29 08:00:41.279|DEBUG|ArtifactScraper|Parsing artifact substat: atk+4.7%(unactivated)
2026-09-29 08:00:41.512|DEBUG|ArtifactScraper|Parsing artifact substat: hp+5.8%
2026-09-29 08:00:41.512|DEBUG|ArtifactScraper|Parsing artifact substat: atk+4.7%
2026-09-29 08:00:41.512|DEBUG|ArtifactScraper|Parsing artifact substat: critdmg+7.8%
2026-09-29 08:00:41.512|DEBUG|ArtifactScraper|Parsing artifact substat: critrate+3.1%(unactivated)
2026-09-29 08:00:41.798|DEBUG|ArtifactScraper|Parsing artifact substat: critdmg+7.0%
2026-09-29 08:00:41.799|DEBUG|ArtifactScraper|Parsing artifact substat: def+5.8%
2026-09-29 08:00:41.799|DEBUG|ArtifactScraper|Parsing artifact substat: atk+4.7%
2026-09-29 08:00:41.799|DEBUG|ArtifactScraper|Parsing artifact substat: hp+299(unactivated)
2026-09-29 08:00:41.848|DEBUG|ArtifactScraper|Parsing artifact substat: def+7.3%
2026-09-29 08:00:41.848|DEBUG|ArtifactScraper|Parsing artifact substat: critrate+3.5%
2026-09-29 08:00:41.848|DEBUG|ArtifactScraper|Parsing artifact substat: def+16
2026-09-29 08:00:41.848|DEBUG|ArtifactScraper|Parsing artifact substat: critdmg+7.0%(unactivated)
2026-09-29 08:00:42.187|DEBUG|ArtifactScraper|Parsing artifact substat: def+21
2026-09-29 08:00:42.187|DEBUG|ArtifactScraper|Parsing artifact substat: def+5.8%
2026-09-29 08:00:42.187|DEBUG|ArtifactScraper|Parsing artifact substat: elementalmastery+19
2026-09-29 08:00:42.187|DEBUG|ArtifactScraper|Parsing artifact substat: atk+5.3%(unactivated)
2026-09-29 08:00:42.198|DEBUG|ArtifactScraper|Parsing artifact substat: elementalmastery+19
2026-09-29 08:00:42.198|DEBUG|ArtifactScraper|Parsing artifact substat: def+21
2026-09-29 08:00:42.198|DEBUG|ArtifactScraper|Parsing artifact substat: critrate+3.5%
2026-09-29 08:00:42.198|DEBUG|ArtifactScraper|Parsing artifact substat: hp+269(unactivated)
2026-09-29 08:00:42.469|DEBUG|ArtifactScraper|Parsing artifact substat: critrate+3.5%
2026-09-29 08:00:42.469|DEBUG|ArtifactScraper|Parsing artifact substat: hp+269
2026-09-29 08:00:42.469|DEBUG|ArtifactScraper|Parsing artifact substat: def+19
2026-09-29 08:00:42.469|DEBUG|ArtifactScraper|Parsing artifact substat: hp+4.1%
2026-09-29 08:00:42.535|DEBUG|ArtifactScraper|Parsing artifact substat: def+7.3%
2026-09-29 08:00:42.535|DEBUG|ArtifactScraper|Parsing artifact substat: atk+4.1%
2026-09-29 08:00:42.535|DEBUG|ArtifactScraper|Parsing artifact substat: hp+299
2026-09-29 08:00:42.535|DEBUG|ArtifactScraper|Parsing artifact substat: hp+4.1%
2026-09-29 08:00:42.822|DEBUG|ArtifactScraper|Parsing artifact substat: atk+5.3%
2026-09-29 08:00:42.822|DEBUG|ArtifactScraper|Parsing artifact substat: def+5.8%
2026-09-29 08:00:42.822|DEBUG|ArtifactScraper|Parsing artifact substat: def+16
2026-09-29 08:00:42.822|DEBUG|ArtifactScraper|Parsing artifact substat: hp+5.8%
2026-09-29 08:00:42.864|DEBUG|ArtifactScraper|Parsing artifact substat: energyrecharge+6.5%
2026-09-29 08:00:42.864|DEBUG|ArtifactScraper|Parsing artifact substat: def+21
2026-09-29 08:00:42.864|DEBUG|ArtifactScraper|Parsing artifact substat: hp+269
2026-09-29 08:00:42.864|DEBUG|ArtifactScraper|Parsing artifact substat: elementalmastery+19
2026-09-29 08:00:43.184|DEBUG|ArtifactScraper|Parsing artifact substat: def+16
2026-09-29 08:00:43.184|DEBUG|ArtifactScraper|Parsing artifact substat: critrate+3.5%
2026-09-29 08:00:43.184|DEBUG|ArtifactScraper|Parsing artifact substat: hp+299
2026-09-29 08:00:43.184|DEBUG|ArtifactScraper|Parsing artifact substat: energyrecharge+5.2%
2026-09-29 08:00:43.213|DEBUG|ArtifactScraper|Parsing artifact substat: elementalmastery+19
2026-09-29 08:00:43.213|DEBUG|ArtifactScraper|Parsing artifact substat: hp+269
2026-09-29 08:00:43.213|DEBUG|ArtifactScraper|Parsing artifact substat: def+19
2026-09-29 08:00:43.213|DEBUG|ArtifactScraper|Parsing artifact substat: energyrecharge+5.2%
2026-09-29 08:00:43.511|DEBUG|ArtifactScraper|Parsing artifact substat: def+23
2026-09-29 08:00:43.511|DEBUG|ArtifactScraper|Parsing artifact substat: def+5.8%
2026-09-29 08:00:43.511|DEBUG|ArtifactScraper|Parsing artifact substat: hp+5.8%
2026-09-29 08:00:43.511|DEBUG|ArtifactScraper|Parsing artifact substat: elementalmastery+21
2026-09-29 08:00:43.558|DEBUG|ArtifactScraper|Parsing artifact substat: def+16
2026-09-29 08:00:43.558|DEBUG|ArtifactScraper|Parsing artifact substat: def+6.6%
2026-09-29 08:00:43.558|DEBUG|ArtifactScraper|Parsing artifact substat: hp+269
2026-09-29 08:00:43.558|DEBUG|ArtifactScraper|Parsing artifact substat: critdmg+6.2%
2026-09-29 08:00:43.841|DEBUG|ArtifactScraper|Parsing artifact substat: def+19
2026-09-29 08:00:43.841|DEBUG|ArtifactScraper|Parsing artifact substat: hp+239
2026-09-29 08:00:43.841|DEBUG|ArtifactScraper|Parsing artifact substat: energyrecharge+5.8%
2026-09-29 08:00:43.841|DEBUG|ArtifactScraper|Parsing artifact substat: hp+5.8%
2026-09-29 08:00:43.881|DEBUG|ArtifactScraper|Parsing artifact substat: hp+299
2026-09-29 08:00:43.881|DEBUG|ArtifactScraper|Parsing artifact substat: hp+5.3%
2026-09-29 08:00:43.881|DEBUG|ArtifactScraper|Parsing artifact substat: def+23
2026-09-29 08:00:43.881|DEBUG|ArtifactScraper|Parsing artifact substat: energyrecharge+5.8%
2026-09-29 08:00:44.165|DEBUG|ArtifactScraper|Parsing artifact substat: hp+239
2026-09-29 08:00:44.165|DEBUG|ArtifactScraper|Parsing artifact substat: hp+5.3%
2026-09-29 08:00:44.165|DEBUG|ArtifactScraper|Parsing artifact substat: def+21
2026-09-29 08:00:44.165|DEBUG|ArtifactScraper|Parsing artifact substat: critrate+3.9%
2026-09-29 08:00:44.208|DEBUG|ArtifactScraper|Parsing artifact substat: hp+269
2026-09-29 08:00:44.208|DEBUG|ArtifactScraper|Parsing artifact substat: elementalmastery+21
2026-09-29 08:00:44.208|DEBUG|ArtifactScraper|Parsing artifact substat: hp+4.1%
2026-09-29 08:00:44.208|DEBUG|ArtifactScraper|Parsing artifact substat: def+19
2026-09-29 08:00:44.225|DEBUG|ArtifactScraper|Finished queuing page of artifacts. Scrolling...
2026-09-29 08:00:44.510|DEBUG|ArtifactScraper|Parsing artifact substat: critrate+3.1%
2026-09-29 08:00:44.510|DEBUG|ArtifactScraper|Parsing artifact substat: def+21
2026-09-29 08:00:44.510|DEBUG|ArtifactScraper|Parsing artifact substat: energyrecharge+4.5%
2026-09-29 08:00:44.510|DEBUG|ArtifactScraper|Parsing artifact substat: def+6.6%
2026-09-29 08:00:44.536|DEBUG|ArtifactScraper|Parsing artifact substat: hp+269
2026-09-29 08:00:44.536|DEBUG|ArtifactScraper|Parsing artifact substat: atk+4.7%
2026-09-29 08:00:44.536|DEBUG|ArtifactScraper|Parsing artifact substat: hp+4.1%
2026-09-29 08:00:44.536|DEBUG|ArtifactScraper|Parsing artifact substat: def+21
2026-09-29 08:00:46.568|DEBUG|ArtifactScraper|Scanning artifact page 38
2026-09-29 08:00:46.568|DEBUG|ArtifactScraper|Located 32 possible item locations on page.
2026-09-29 08:00:47.054|DEBUG|ArtifactScraper|Parsing artifact substat: hp+209
2026-09-29 08:00:47.054|DEBUG|ArtifactScraper|Parsing artifact substat: def+7.3%
2026-09-29 08:00:47.054|DEBUG|ArtifactScraper|Parsing artifact substat: hp+4.1%
2026-09-29 08:00:47.054|DEBUG|ArtifactScraper|Parsing artifact substat: def+21
2026-09-29 08:00:47.195|DEBUG|ArtifactScraper|Parsing artifact substat: def+23
2026-09-29 08:00:47.195|DEBUG|ArtifactScraper|Parsing artifact substat: critdmg+7.0%
2026-09-29 08:00:47.195|DEBUG|ArtifactScraper|Parsing artifact substat: def+5.8%
2026-09-29 08:00:47.195|DEBUG|ArtifactScraper|Parsing artifact substat: energyrecharge+4.5%
2026-09-29 08:00:47.404|DEBUG|ArtifactScraper|Parsing artifact substat: def+5.1%
2026-09-29 08:00:47.404|DEBUG|ArtifactScraper|Parsing artifact substat: hp+4.1%
2026-09-29 08:00:47.404|DEBUG|ArtifactScraper|Parsing artifact substat: critdmg+5.4%
2026-09-29 08:00:47.404|DEBUG|ArtifactScraper|Parsing artifact substat: def+23(unactivated)
2026-09-29 08:00:47.608|DEBUG|ArtifactScraper|Parsing artifact substat: critrate+3.9%
2026-09-29 08:00:47.608|DEBUG|ArtifactScraper|Parsing artifact substat: energyrecharge+4.5%
2026-09-29 08:00:47.608|DEBUG|ArtifactScraper|Parsing artifact substat: hp+5.8%
2026-09-29 08:00:47.608|DEBUG|ArtifactScraper|Parsing artifact substat: def+21(unactivated)
2026-09-29 08:00:47.766|DEBUG|ArtifactScraper|Parsing artifact substat: def+5.8%
2026-09-29 08:00:47.766|DEBUG|ArtifactScraper|Parsing artifact substat: atk+5.8%
2026-09-29 08:00:47.766|DEBUG|ArtifactScraper|Parsing artifact substat: hp+4.1%
2026-09-29 08:00:47.766|DEBUG|ArtifactScraper|Parsing artifact substat: def+23(unactivated)
2026-09-29 08:00:48.025|DEBUG|ArtifactScraper|Parsing artifact substat: hp+4.1%
2026-09-29 08:00:48.025|DEBUG|ArtifactScraper|Parsing artifact substat: elementalmastery+21
2026-09-29 08:00:48.025|DEBUG|ArtifactScraper|Parsing artifact substat: energyrecharge+5.2%
2026-09-29 08:00:48.025|DEBUG|ArtifactScraper|Parsing artifact substat: def+21(unactivated)
2026-09-29 08:00:48.159|DEBUG|ArtifactScraper|Parsing artifact substat: energyrecharge+6.5%
2026-09-29 08:00:48.159|DEBUG|ArtifactScraper|Parsing artifact substat: hp+239
2026-09-29 08:00:48.159|DEBUG|ArtifactScraper|Parsing artifact substat: def+21
2026-09-29 08:00:48.159|DEBUG|ArtifactScraper|Parsing artifact substat: elementalmastery+19
2026-09-29 08:00:48.290|DEBUG|ArtifactScraper|Parsing artifact substat: critrate+3.1%
2026-09-29 08:00:48.290|DEBUG|ArtifactScraper|Parsing artifact substat: def+16
2026-09-29 08:00:48.290|DEBUG|ArtifactScraper|Parsing artifact substat: elementalmastery+23
2026-09-29 08:00:48.290|DEBUG|ArtifactScraper|Parsing artifact substat: atk+14
2026-09-29 08:00:48.516|DEBUG|ArtifactScraper|Parsing artifact substat: hp+5.8%
2026-09-29 08:00:48.516|DEBUG|ArtifactScraper|Parsing artifact substat: elementalmastery+19
2026-09-29 08:00:48.516|DEBUG|ArtifactScraper|Parsing artifact substat: hp+209
2026-09-29 08:00:48.516|DEBUG|ArtifactScraper|Parsing artifact substat: atk+16
2026-09-29 08:00:48.624|DEBUG|ArtifactScraper|Parsing artifact substat: hp+4.7%
2026-09-29 08:00:48.624|DEBUG|ArtifactScraper|Parsing artifact substat: critrate+3.9%
2026-09-29 08:00:48.624|DEBUG|ArtifactScraper|Parsing artifact substat: def+5.8%
2026-09-29 08:00:48.624|DEBUG|ArtifactScraper|Parsing artifact substat: hp+299
2026-09-29 08:00:48.900|DEBUG|ArtifactScraper|Parsing artifact substat: hp+299
2026-09-29 08:00:48.900|DEBUG|ArtifactScraper|Parsing artifact substat: atk+5.3%
2026-09-29 08:00:48.900|DEBUG|ArtifactScraper|Parsing artifact substat: critrate+3.5%
2026-09-29 08:00:48.900|DEBUG|ArtifactScraper|Parsing artifact substat: energyrecharge+5.2%
2026-09-29 08:00:48.918|DEBUG|ArtifactScraper|Parsing artifact substat: hp+4.1%
2026-09-29 08:00:48.918|DEBUG|ArtifactScraper|Parsing artifact substat: def+16
2026-09-29 08:00:48.918|DEBUG|ArtifactScraper|Parsing artifact substat: energyrecharge+6.5%
2026-09-29 08:00:48.918|DEBUG|ArtifactScraper|Parsing artifact substat: def+7.3%
2026-09-29 08:00:49.286|DEBUG|ArtifactScraper|Parsing artifact substat: def+19
2026-09-29 08:00:49.286|DEBUG|ArtifactScraper|Parsing artifact substat: energyrecharge+5.2%
2026-09-29 08:00:49.286|DEBUG|ArtifactScraper|Parsing artifact substat: elementalmastery+21
2026-09-29 08:00:49.286|DEBUG|ArtifactScraper|Parsing artifact substat: hp+209
2026-09-29 08:00:49.286|DEBUG|ArtifactScraper|Parsing artifact substat: hp+209
2026-09-29 08:00:49.286|DEBUG|ArtifactScraper|Parsing artifact substat: energyrecharge+5.2%
2026-09-29 08:00:49.286|DEBUG|ArtifactScraper|Parsing artifact substat: critdmg+7.0%
2026-09-29 08:00:49.286|DEBUG|ArtifactScraper|Parsing artifact substat: def+19
2026-09-29 08:00:49.531|DEBUG|ArtifactScraper|Parsing artifact substat: def+23
2026-09-29 08:00:49.531|DEBUG|ArtifactScraper|Parsing artifact substat: atk+5.3%
2026-09-29 08:00:49.531|DEBUG|ArtifactScraper|Parsing artifact substat: atk+19
2026-09-29 08:00:49.531|DEBUG|ArtifactScraper|Parsing artifact substat: critdmg+7.0%
2026-09-29 08:00:49.668|DEBUG|ArtifactScraper|Parsing artifact substat: atk+19
2026-09-29 08:00:49.668|DEBUG|ArtifactScraper|Parsing artifact substat: def+23
2026-09-29 08:00:49.668|DEBUG|ArtifactScraper|Parsing artifact substat: critdmg+7.0%
2026-09-29 08:00:49.668|DEBUG|ArtifactScraper|Parsing artifact substat: energyrecharge+5.2%
2026-09-29 08:00:49.928|DEBUG|ArtifactScraper|Parsing artifact substat: critrate+3.5%
2026-09-29 08:00:49.928|DEBUG|ArtifactScraper|Parsing artifact substat: elementalmastery+23
2026-09-29 08:00:49.928|DEBUG|ArtifactScraper|Parsing artifact substat: atk+14
2026-09-29 08:00:49.928|DEBUG|ArtifactScraper|Parsing artifact substat: critdmg+7.8%
2026-09-29 08:00:50.094|DEBUG|ArtifactScraper|Parsing artifact substat: critrate+2.7%
2026-09-29 08:00:50.094|DEBUG|ArtifactScraper|Parsing artifact substat: elementalmastery+23
2026-09-29 08:00:50.094|DEBUG|ArtifactScraper|Parsing artifact substat: hp+4.7%
2026-09-29 08:00:50.094|DEBUG|ArtifactScraper|Parsing artifact substat: atk+19(unactivated)
2026-09-29 08:00:50.226|DEBUG|ArtifactScraper|Parsing artifact substat: def+19
2026-09-29 08:00:50.226|DEBUG|ArtifactScraper|Parsing artifact substat: critdmg+7.0%
2026-09-29 08:00:50.226|DEBUG|ArtifactScraper|Parsing artifact substat: atk+14
2026-09-29 08:00:50.226|DEBUG|ArtifactScraper|Parsing artifact substat: energyrecharge+5.2%
2026-09-29 08:00:50.341|DEBUG|ArtifactScraper|Parsing artifact substat: hp+5.3%
2026-09-29 08:00:50.341|DEBUG|ArtifactScraper|Parsing artifact substat: hp+299
2026-09-29 08:00:50.341|DEBUG|ArtifactScraper|Parsing artifact substat: def+23
2026-09-29 08:00:50.341|DEBUG|ArtifactScraper|Parsing artifact substat: energyrecharge+5.8%
2026-09-29 08:00:50.516|DEBUG|ArtifactScraper|Parsing artifact substat: atk+19
2026-09-29 08:00:50.516|DEBUG|ArtifactScraper|Parsing artifact substat: energyrecharge+6.5%
2026-09-29 08:00:50.516|DEBUG|ArtifactScraper|Parsing artifact substat: critrate+3.5%
2026-09-29 08:00:50.516|DEBUG|ArtifactScraper|Parsing artifact substat: def+5.1%(unactivated)
2026-09-29 08:00:50.736|DEBUG|ArtifactScraper|Parsing artifact substat: atk+14
2026-09-29 08:00:50.736|DEBUG|ArtifactScraper|Parsing artifact substat: atk+4.7%
2026-09-29 08:00:50.736|DEBUG|ArtifactScraper|Parsing artifact substat: energyrecharge+6.5%
2026-09-29 08:00:50.736|DEBUG|ArtifactScraper|Parsing artifact substat: critdmg+7.8%(unactivated)
2026-09-29 08:00:50.889|DEBUG|ArtifactScraper|Parsing artifact substat: hp+5.8%
2026-09-29 08:00:50.889|DEBUG|ArtifactScraper|Parsing artifact substat: atk+18
2026-09-29 08:00:50.889|DEBUG|ArtifactScraper|Parsing artifact substat: critrate+2.7%
2026-09-29 08:00:50.889|DEBUG|ArtifactScraper|Parsing artifact substat: critdmg+6.2%(unactivated)
2026-09-29 08:00:51.159|DEBUG|ArtifactScraper|Parsing artifact substat: atk+19
2026-09-29 08:00:51.159|DEBUG|ArtifactScraper|Parsing artifact substat: energyrecharge+5.8%
2026-09-29 08:00:51.159|DEBUG|ArtifactScraper|Parsing artifact substat: critrate+3.9%
2026-09-29 08:00:51.159|DEBUG|ArtifactScraper|Parsing artifact substat: hp+4.7%(unactivated)
2026-09-29 08:00:51.186|DEBUG|ArtifactScraper|Parsing artifact substat: elementalmastery+23
2026-09-29 08:00:51.186|DEBUG|ArtifactScraper|Parsing artifact substat: def+21
2026-09-29 08:00:51.186|DEBUG|ArtifactScraper|Parsing artifact substat: critdmg+7.8%
2026-09-29 08:00:51.186|DEBUG|ArtifactScraper|Parsing artifact substat: hp+209(unactivated)
2026-09-29 08:00:51.541|DEBUG|ArtifactScraper|Parsing artifact substat: atk+18
2026-09-29 08:00:51.541|DEBUG|ArtifactScraper|Parsing artifact substat: atk+4.1%
2026-09-29 08:00:51.541|DEBUG|ArtifactScraper|Parsing artifact substat: hp+269
2026-09-29 08:00:51.541|DEBUG|ArtifactScraper|Parsing artifact substat: critrate+3.1%(unactivated)
2026-09-29 08:00:51.564|DEBUG|ArtifactScraper|Parsing artifact substat: energyrecharge+5.2%
2026-09-29 08:00:51.564|DEBUG|ArtifactScraper|Parsing artifact substat: hp+209
2026-09-29 08:00:51.564|DEBUG|ArtifactScraper|Parsing artifact substat: def+21
2026-09-29 08:00:51.565|DEBUG|ArtifactScraper|Parsing artifact substat: critrate+3.9%(unactivated)
2026-09-29 08:00:51.871|DEBUG|ArtifactScraper|Parsing artifact substat: energyrecharge+4.5%
2026-09-29 08:00:51.871|DEBUG|ArtifactScraper|Parsing artifact substat: def+23
2026-09-29 08:00:51.871|DEBUG|ArtifactScraper|Parsing artifact substat: elementalmastery+19
2026-09-29 08:00:51.871|DEBUG|ArtifactScraper|Parsing artifact substat: hp+299(unactivated)
2026-09-29 08:00:51.921|DEBUG|ArtifactScraper|Parsing artifact substat: hp+209
2026-09-29 08:00:51.921|DEBUG|ArtifactScraper|Parsing artifact substat: atk+14
2026-09-29 08:00:51.921|DEBUG|ArtifactScraper|Parsing artifact substat: critrate+2.7%
2026-09-29 08:00:51.921|DEBUG|ArtifactScraper|Parsing artifact substat: elementalmastery+21
2026-09-29 08:00:52.074|DEBUG|ArtifactScraper|Finished queuing page of artifacts. Scrolling...
2026-09-29 08:00:52.210|DEBUG|ArtifactScraper|Parsing artifact substat: hp+4.7%
2026-09-29 08:00:52.210|DEBUG|ArtifactScraper|Parsing artifact substat: hp+239
2026-09-29 08:00:52.210|DEBUG|ArtifactScraper|Parsing artifact substat: atk+16
2026-09-29 08:00:52.210|DEBUG|ArtifactScraper|Parsing artifact substat: critrate+3.5%(unactivated)
2026-09-29 08:00:52.261|DEBUG|ArtifactScraper|Parsing artifact substat: critrate+3.5%
2026-09-29 08:00:52.261|DEBUG|ArtifactScraper|Parsing artifact substat: critdmg+7.8%
2026-09-29 08:00:52.261|DEBUG|ArtifactScraper|Parsing artifact substat: hp+5.3%
2026-09-29 08:00:52.261|DEBUG|ArtifactScraper|Parsing artifact substat: hp+209(unactivated)
2026-09-29 08:00:52.516|DEBUG|ArtifactScraper|Parsing artifact substat: def+19
2026-09-29 08:00:52.516|DEBUG|ArtifactScraper|Parsing artifact substat: critdmg+6.2%
2026-09-29 08:00:52.516|DEBUG|ArtifactScraper|Parsing artifact substat: critrate+3.1%
2026-09-29 08:00:52.516|DEBUG|ArtifactScraper|Parsing artifact substat: atk+19(unactivated)
2026-09-29 08:00:54.450|DEBUG|ArtifactScraper|Scanning artifact page 39
2026-09-29 08:00:54.450|DEBUG|ArtifactScraper|Located 32 possible item locations on page.
2026-09-29 08:00:54.855|DEBUG|ArtifactScraper|Parsing artifact substat: elementalmastery+19
2026-09-29 08:00:54.855|DEBUG|ArtifactScraper|Parsing artifact substat: hp+209
2026-09-29 08:00:54.855|DEBUG|ArtifactScraper|Parsing artifact substat: hp+4.7%
2026-09-29 08:00:54.855|DEBUG|ArtifactScraper|Parsing artifact substat: atk+18(unactivated)
2026-09-29 08:00:55.196|DEBUG|ArtifactScraper|Parsing artifact substat: critrate+3.9%
2026-09-29 08:00:55.196|DEBUG|ArtifactScraper|Parsing artifact substat: elementalmastery+16
2026-09-29 08:00:55.196|DEBUG|ArtifactScraper|Parsing artifact substat: atk+4.1%
2026-09-29 08:00:55.196|DEBUG|ArtifactScraper|Parsing artifact substat: critdmg+6.2%(unactivated)
2026-09-29 08:00:55.451|DEBUG|ArtifactScraper|Parsing artifact substat: atk+19
2026-09-29 08:00:55.451|DEBUG|ArtifactScraper|Parsing artifact substat: hp+269
2026-09-29 08:00:55.451|DEBUG|ArtifactScraper|Parsing artifact substat: def+19
2026-09-29 08:00:55.451|DEBUG|ArtifactScraper|Parsing artifact substat: atk+4.1%
2026-09-29 08:00:55.477|DEBUG|ArtifactScraper|Parsing artifact substat: atk+4.1%
2026-09-29 08:00:55.477|DEBUG|ArtifactScraper|Parsing artifact substat: critrate+3.1%
2026-09-29 08:00:55.477|DEBUG|ArtifactScraper|Parsing artifact substat: atk+19
2026-09-29 08:00:55.477|DEBUG|ArtifactScraper|Parsing artifact substat: hp+4.7%
2026-09-29 08:00:55.802|DEBUG|ArtifactScraper|Parsing artifact substat: elementalmastery+16
2026-09-29 08:00:55.802|DEBUG|ArtifactScraper|Parsing artifact substat: atk+18
2026-09-29 08:00:55.802|DEBUG|ArtifactScraper|Parsing artifact substat: hp+209
2026-09-29 08:00:55.802|DEBUG|ArtifactScraper|Parsing artifact substat: hp+4.1%
2026-09-29 08:00:55.815|DEBUG|ArtifactScraper|Parsing artifact substat: atk+14
2026-09-29 08:00:55.815|DEBUG|ArtifactScraper|Parsing artifact substat: def+19
2026-09-29 08:00:55.815|DEBUG|ArtifactScraper|Parsing artifact substat: elementalmastery+16
2026-09-29 08:00:55.815|DEBUG|ArtifactScraper|Parsing artifact substat: atk+5.3%
2026-09-29 08:00:56.074|DEBUG|ArtifactScraper|Parsing artifact substat: def+7.3%
2026-09-29 08:00:56.074|DEBUG|ArtifactScraper|Parsing artifact substat: hp+209
2026-09-29 08:00:56.074|DEBUG|ArtifactScraper|Parsing artifact substat: atk+16
2026-09-29 08:00:56.074|DEBUG|ArtifactScraper|Parsing artifact substat: def+16
2026-09-29 08:00:56.192|DEBUG|ArtifactScraper|Parsing artifact substat: energyrecharge+4.5%
2026-09-29 08:00:56.192|DEBUG|ArtifactScraper|Parsing artifact substat: hp+299
2026-09-29 08:00:56.192|DEBUG|ArtifactScraper|Parsing artifact substat: def+7.3%
2026-09-29 08:00:56.192|DEBUG|ArtifactScraper|Parsing artifact substat: def+23
2026-09-29 08:00:56.452|DEBUG|ArtifactScraper|Parsing artifact substat: atk+18
2026-09-29 08:00:56.452|DEBUG|ArtifactScraper|Parsing artifact substat: def+16
2026-09-29 08:00:56.452|DEBUG|ArtifactScraper|Parsing artifact substat: critdmg+7.8%
2026-09-29 08:00:56.452|DEBUG|ArtifactScraper|Parsing artifact substat: atk+5.8%
2026-09-29 08:00:56.486|DEBUG|ArtifactScraper|Parsing artifact substat: energyrecharge+5.2%
2026-09-29 08:00:56.488|DEBUG|ArtifactScraper|Parsing artifact substat: elementalmastery+21
2026-09-29 08:00:56.488|DEBUG|ArtifactScraper|Parsing artifact substat: def+23
2026-09-29 08:00:56.488|DEBUG|ArtifactScraper|Parsing artifact substat: critdmg+5.4%
2026-09-29 08:00:56.832|DEBUG|ArtifactScraper|Parsing artifact substat: hp+239
2026-09-29 08:00:56.832|DEBUG|ArtifactScraper|Parsing artifact substat: critrate+2.7%
2026-09-29 08:00:56.832|DEBUG|ArtifactScraper|Parsing artifact substat: atk+4.1%
2026-09-29 08:00:56.832|DEBUG|ArtifactScraper|Parsing artifact substat: hp+4.7%
2026-09-29 08:00:56.832|DEBUG|ArtifactScraper|Parsing artifact substat: atk+19
2026-09-29 08:00:56.832|DEBUG|ArtifactScraper|Parsing artifact substat: critrate+3.5%
2026-09-29 08:00:56.832|DEBUG|ArtifactScraper|Parsing artifact substat: def+19
2026-09-29 08:00:56.832|DEBUG|ArtifactScraper|Parsing artifact substat: hp+299
2026-09-29 08:00:57.104|DEBUG|ArtifactScraper|Parsing artifact substat: atk+14
2026-09-29 08:00:57.104|DEBUG|ArtifactScraper|Parsing artifact substat: def+5.8%
2026-09-29 08:00:57.104|DEBUG|ArtifactScraper|Parsing artifact substat: def+21
2026-09-29 08:00:57.104|DEBUG|ArtifactScraper|Parsing artifact substat: critdmg+5.4%
2026-09-29 08:00:57.262|DEBUG|ArtifactScraper|Parsing artifact substat: atk+18
2026-09-29 08:00:57.262|DEBUG|ArtifactScraper|Parsing artifact substat: hp+269
2026-09-29 08:00:57.262|DEBUG|ArtifactScraper|Parsing artifact substat: energyrecharge+5.2%
2026-09-29 08:00:57.262|DEBUG|ArtifactScraper|Parsing artifact substat: elementalmastery+21
2026-09-29 08:00:57.511|DEBUG|ArtifactScraper|Parsing artifact substat: critrate+2.7%
2026-09-29 08:00:57.511|DEBUG|ArtifactScraper|Parsing artifact substat: hp+269
2026-09-29 08:00:57.511|DEBUG|ArtifactScraper|Parsing artifact substat: def+21
2026-09-29 08:00:57.511|DEBUG|ArtifactScraper|Parsing artifact substat: def+5.1%
2026-09-29 08:00:57.511|DEBUG|ArtifactScraper|Parsing artifact substat: atk+16
2026-09-29 08:00:57.511|DEBUG|ArtifactScraper|Parsing artifact substat: atk+18
2026-09-29 08:00:57.511|DEBUG|ArtifactScraper|Parsing artifact substat: def+5.1%
2026-09-29 08:00:57.511|DEBUG|ArtifactScraper|Parsing artifact substat: def+23
2026-09-29 08:00:57.666|DEBUG|ArtifactScraper|Parsing artifact substat: def+21
2026-09-29 08:00:57.666|DEBUG|ArtifactScraper|Parsing artifact substat: critdmg+7.8%
2026-09-29 08:00:57.666|DEBUG|ArtifactScraper|Parsing artifact substat: atk+14
2026-09-29 08:00:57.666|DEBUG|ArtifactScraper|Parsing artifact substat: energyrecharge+5.8%
2026-09-29 08:00:57.902|DEBUG|ArtifactScraper|Parsing artifact substat: hp+5.8%
2026-09-29 08:00:57.902|DEBUG|ArtifactScraper|Parsing artifact substat: critdmg+7.8%
2026-09-29 08:00:57.902|DEBUG|ArtifactScraper|Parsing artifact substat: elementalmastery+19
2026-09-29 08:00:57.902|DEBUG|ArtifactScraper|Parsing artifact substat: hp+209(unactivated)
2026-09-29 08:00:58.040|DEBUG|ArtifactScraper|Parsing artifact substat: atk+16
2026-09-29 08:00:58.040|DEBUG|ArtifactScraper|Parsing artifact substat: hp+299
2026-09-29 08:00:58.040|DEBUG|ArtifactScraper|Parsing artifact substat: critdmg+7.0%
2026-09-29 08:00:58.040|DEBUG|ArtifactScraper|Parsing artifact substat: elementalmastery+21
2026-09-29 08:00:58.143|DEBUG|ArtifactScraper|Parsing artifact substat: energyrecharge+5.2%
2026-09-29 08:00:58.143|DEBUG|ArtifactScraper|Parsing artifact substat: atk+4.1%
2026-09-29 08:00:58.143|DEBUG|ArtifactScraper|Parsing artifact substat: atk+18
2026-09-29 08:00:58.143|DEBUG|ArtifactScraper|Parsing artifact substat: def+5.8%(unactivated)
2026-09-29 08:00:58.367|DEBUG|ArtifactScraper|Parsing artifact substat: def+5.8%
2026-09-29 08:00:58.367|DEBUG|ArtifactScraper|Parsing artifact substat: hp+239
2026-09-29 08:00:58.367|DEBUG|ArtifactScraper|Parsing artifact substat: atk+4.7%
2026-09-29 08:00:58.367|DEBUG|ArtifactScraper|Parsing artifact substat: atk+19(unactivated)
2026-09-29 08:00:58.490|DEBUG|ArtifactScraper|Parsing artifact substat: hp+239
2026-09-29 08:00:58.490|DEBUG|ArtifactScraper|Parsing artifact substat: critdmg+7.8%
2026-09-29 08:00:58.490|DEBUG|ArtifactScraper|Parsing artifact substat: elementalmastery+21
2026-09-29 08:00:58.490|DEBUG|ArtifactScraper|Parsing artifact substat: energyrecharge+5.8%
2026-09-29 08:00:58.714|DEBUG|ArtifactScraper|Parsing artifact substat: def+21
2026-09-29 08:00:58.714|DEBUG|ArtifactScraper|Parsing artifact substat: critrate+3.1%
2026-09-29 08:00:58.714|DEBUG|ArtifactScraper|Parsing artifact substat: hp+4.1%
2026-09-29 08:00:58.714|DEBUG|ArtifactScraper|Parsing artifact substat: atk+18(unactivated)
2026-09-29 08:00:58.775|DEBUG|ArtifactScraper|Parsing artifact substat: def+5.1%
2026-09-29 08:00:58.775|DEBUG|ArtifactScraper|Parsing artifact substat: elementalmastery+21
2026-09-29 08:00:58.775|DEBUG|ArtifactScraper|Parsing artifact substat: hp+299
2026-09-29 08:00:58.775|DEBUG|ArtifactScraper|Parsing artifact substat: def+19(unactivated)
2026-09-29 08:00:59.049|DEBUG|ArtifactScraper|Parsing artifact substat: atk+18
2026-09-29 08:00:59.049|DEBUG|ArtifactScraper|Parsing artifact substat: atk+4.7%
2026-09-29 08:00:59.049|DEBUG|ArtifactScraper|Parsing artifact substat: hp+269
2026-09-29 08:00:59.049|DEBUG|ArtifactScraper|Parsing artifact substat: critdmg+5.4%(unactivated)
2026-09-29 08:00:59.366|DEBUG|ArtifactScraper|Parsing artifact substat: atk+4.1%
2026-09-29 08:00:59.366|DEBUG|ArtifactScraper|Parsing artifact substat: hp+5.8%
2026-09-29 08:00:59.366|DEBUG|ArtifactScraper|Parsing artifact substat: critdmg+7.0%
2026-09-29 08:00:59.366|DEBUG|ArtifactScraper|Parsing artifact substat: hp+239(unactivated)
2026-09-29 08:00:59.400|DEBUG|ArtifactScraper|Parsing artifact substat: critdmg+6.2%
2026-09-29 08:00:59.400|DEBUG|ArtifactScraper|Parsing artifact substat: hp+209
2026-09-29 08:00:59.400|DEBUG|ArtifactScraper|Parsing artifact substat: elementalmastery+16
2026-09-29 08:00:59.400|DEBUG|ArtifactScraper|Parsing artifact substat: atk+16(unactivated)
2026-09-29 08:00:59.644|DEBUG|ArtifactScraper|Parsing artifact substat: critdmg+7.0%
2026-09-29 08:00:59.644|DEBUG|ArtifactScraper|Parsing artifact substat: atk+14
2026-09-29 08:00:59.644|DEBUG|ArtifactScraper|Parsing artifact substat: def+16
2026-09-29 08:00:59.644|DEBUG|ArtifactScraper|Parsing artifact substat: hp+209(unactivated)
2026-09-29 08:00:59.691|DEBUG|ArtifactScraper|Parsing artifact substat: def+19
2026-09-29 08:00:59.691|DEBUG|ArtifactScraper|Parsing artifact substat: hp+269
2026-09-29 08:00:59.691|DEBUG|ArtifactScraper|Parsing artifact substat: atk+19
2026-09-29 08:00:59.691|DEBUG|ArtifactScraper|Parsing artifact substat: def+5.8%(unactivated)
2026-09-29 08:00:59.832|DEBUG|ArtifactScraper|Finished queuing page of artifacts. Scrolling...
2026-09-29 08:00:59.990|DEBUG|ArtifactScraper|Parsing artifact substat: hp+269
2026-09-29 08:00:59.990|DEBUG|ArtifactScraper|Parsing artifact substat: elementalmastery+19
2026-09-29 08:00:59.990|DEBUG|ArtifactScraper|Parsing artifact substat: def+5.8%
2026-09-29 08:00:59.990|DEBUG|ArtifactScraper|Parsing artifact substat: def+19(unactivated)
2026-09-29 08:00:59.990|DEBUG|ArtifactScraper|Parsing artifact substat: def+21
2026-09-29 08:00:59.990|DEBUG|ArtifactScraper|Parsing artifact substat: atk+18
2026-09-29 08:00:59.990|DEBUG|ArtifactScraper|Parsing artifact substat: hp+239
2026-09-29 08:00:59.990|DEBUG|ArtifactScraper|Parsing artifact substat: atk+5.8%(unactivated)
2026-09-29 08:01:00.245|DEBUG|ArtifactScraper|Parsing artifact substat: hp+239
2026-09-29 08:01:00.245|DEBUG|ArtifactScraper|Parsing artifact substat: elementalmastery+19
2026-09-29 08:01:00.245|DEBUG|ArtifactScraper|Parsing artifact substat: atk+19
2026-09-29 08:01:00.245|DEBUG|ArtifactScraper|Parsing artifact substat: def+6.6%
2026-09-29 08:01:01.836|DEBUG|ArtifactScraper|Scanning artifact page 40
2026-09-29 08:01:01.836|DEBUG|ArtifactScraper|Located 32 possible item locations on page.
2026-09-29 08:01:02.276|DEBUG|ArtifactScraper|Parsing artifact substat: atk+14
2026-09-29 08:01:02.276|DEBUG|ArtifactScraper|Parsing artifact substat: hp+209
2026-09-29 08:01:02.276|DEBUG|ArtifactScraper|Parsing artifact substat: critdmg+6.2%
2026-09-29 08:01:02.276|DEBUG|ArtifactScraper|Parsing artifact substat: elementalmastery+23
2026-09-29 08:01:02.555|DEBUG|ArtifactScraper|Parsing artifact substat: critrate+2.7%
2026-09-29 08:01:02.555|DEBUG|ArtifactScraper|Parsing artifact substat: atk+14
2026-09-29 08:01:02.555|DEBUG|ArtifactScraper|Parsing artifact substat: atk+4.1%
2026-09-29 08:01:02.555|DEBUG|ArtifactScraper|Parsing artifact substat: def+19
2026-09-29 08:01:02.618|DEBUG|ArtifactScraper|Parsing artifact substat: hp+5.8%
2026-09-29 08:01:02.618|DEBUG|ArtifactScraper|Parsing artifact substat: hp+299
2026-09-29 08:01:02.618|DEBUG|ArtifactScraper|Parsing artifact substat: critdmg+6.2%
2026-09-29 08:01:02.618|DEBUG|ArtifactScraper|Parsing artifact substat: atk+19
2026-09-29 08:01:02.901|DEBUG|ArtifactScraper|Parsing artifact substat: elementalmastery+16
2026-09-29 08:01:02.901|DEBUG|ArtifactScraper|Parsing artifact substat: energyrecharge+5.2%
2026-09-29 08:01:02.901|DEBUG|ArtifactScraper|Parsing artifact substat: hp+269
2026-09-29 08:01:02.901|DEBUG|ArtifactScraper|Parsing artifact substat: hp+4.7%
2026-09-29 08:01:02.929|DEBUG|ArtifactScraper|Parsing artifact substat: energyrecharge+5.2%
2026-09-29 08:01:02.929|DEBUG|ArtifactScraper|Parsing artifact substat: atk+19
2026-09-29 08:01:02.929|DEBUG|ArtifactScraper|Parsing artifact substat: critrate+3.1%
2026-09-29 08:01:02.929|DEBUG|ArtifactScraper|Parsing artifact substat: hp+4.1%
2026-09-29 08:01:03.214|DEBUG|ArtifactScraper|Parsing artifact substat: elementalmastery+21
2026-09-29 08:01:03.214|DEBUG|ArtifactScraper|Parsing artifact substat: def+19
2026-09-29 08:01:03.214|DEBUG|ArtifactScraper|Parsing artifact substat: atk+4.7%
2026-09-29 08:01:03.214|DEBUG|ArtifactScraper|Parsing artifact substat: def+5.8%
2026-09-29 08:01:03.295|DEBUG|ArtifactScraper|Parsing artifact substat: elementalmastery+23
2026-09-29 08:01:03.295|DEBUG|ArtifactScraper|Parsing artifact substat: energyrecharge+5.8%
2026-09-29 08:01:03.295|DEBUG|ArtifactScraper|Parsing artifact substat: def+6.6%
2026-09-29 08:01:03.295|DEBUG|ArtifactScraper|Parsing artifact substat: hp+299
2026-09-29 08:01:03.531|DEBUG|ArtifactScraper|Parsing artifact substat: atk+18
2026-09-29 08:01:03.531|DEBUG|ArtifactScraper|Parsing artifact substat: critrate+3.5%
2026-09-29 08:01:03.531|DEBUG|ArtifactScraper|Parsing artifact substat: elementalmastery+21
2026-09-29 08:01:03.531|DEBUG|ArtifactScraper|Parsing artifact substat: energyrecharge+5.8%
2026-09-29 08:01:03.631|DEBUG|ArtifactScraper|Parsing artifact substat: def+6.6%
2026-09-29 08:01:03.631|DEBUG|ArtifactScraper|Parsing artifact substat: critrate+3.9%
2026-09-29 08:01:03.631|DEBUG|ArtifactScraper|Parsing artifact substat: critdmg+5.4%
2026-09-29 08:01:03.631|DEBUG|ArtifactScraper|Parsing artifact substat: def+21
2026-09-29 08:01:03.835|DEBUG|ArtifactScraper|Parsing artifact substat: hp+269
2026-09-29 08:01:03.835|DEBUG|ArtifactScraper|Parsing artifact substat: def+23
2026-09-29 08:01:03.835|DEBUG|ArtifactScraper|Parsing artifact substat: energyrecharge+5.8%
2026-09-29 08:01:03.835|DEBUG|ArtifactScraper|Parsing artifact substat: elementalmastery+16
2026-09-29 08:01:03.958|DEBUG|ArtifactScraper|Parsing artifact substat: atk+16
2026-09-29 08:01:03.958|DEBUG|ArtifactScraper|Parsing artifact substat: hp+5.8%
2026-09-29 08:01:03.958|DEBUG|ArtifactScraper|Parsing artifact substat: def+6.6%
2026-09-29 08:01:03.958|DEBUG|ArtifactScraper|Parsing artifact substat: atk+4.7%
2026-09-29 08:01:04.159|DEBUG|ArtifactScraper|Parsing artifact substat: energyrecharge+4.5%
2026-09-29 08:01:04.159|DEBUG|ArtifactScraper|Parsing artifact substat: critdmg+5.4%
2026-09-29 08:01:04.159|DEBUG|ArtifactScraper|Parsing artifact substat: critrate+3.9%
2026-09-29 08:01:04.159|DEBUG|ArtifactScraper|Parsing artifact substat: atk+16
2026-09-29 08:01:04.326|DEBUG|ArtifactScraper|Parsing artifact substat: energyrecharge+4.5%
2026-09-29 08:01:04.326|DEBUG|ArtifactScraper|Parsing artifact substat: critdmg+7.0%
2026-09-29 08:01:04.326|DEBUG|ArtifactScraper|Parsing artifact substat: atk+4.1%
2026-09-29 08:01:04.326|DEBUG|ArtifactScraper|Parsing artifact substat: elementalmastery+19
2026-09-29 08:01:04.518|DEBUG|ArtifactScraper|Parsing artifact substat: def+23
2026-09-29 08:01:04.518|DEBUG|ArtifactScraper|Parsing artifact substat: hp+239
2026-09-29 08:01:04.518|DEBUG|ArtifactScraper|Parsing artifact substat: critrate+3.1%
2026-09-29 08:01:04.518|DEBUG|ArtifactScraper|Parsing artifact substat: energyrecharge+4.5%
2026-09-29 08:01:04.644|DEBUG|ArtifactScraper|Parsing artifact substat: critdmg+6.2%
2026-09-29 08:01:04.644|DEBUG|ArtifactScraper|Parsing artifact substat: def+23
2026-09-29 08:01:04.644|DEBUG|ArtifactScraper|Parsing artifact substat: hp+269
2026-09-29 08:01:04.644|DEBUG|ArtifactScraper|Parsing artifact substat: elementalmastery+19
2026-09-29 08:01:04.841|DEBUG|ArtifactScraper|Parsing artifact substat: atk+16
2026-09-29 08:01:04.841|DEBUG|ArtifactScraper|Parsing artifact substat: critrate+3.1%
2026-09-29 08:01:04.841|DEBUG|ArtifactScraper|Parsing artifact substat: critdmg+5.4%
2026-09-29 08:01:04.841|DEBUG|ArtifactScraper|Parsing artifact substat: hp+269
2026-09-29 08:01:04.965|DEBUG|ArtifactScraper|Parsing artifact substat: critrate+3.9%
2026-09-29 08:01:04.965|DEBUG|ArtifactScraper|Parsing artifact substat: hp+4.1%
2026-09-29 08:01:04.965|DEBUG|ArtifactScraper|Parsing artifact substat: atk+16
2026-09-29 08:01:04.965|DEBUG|ArtifactScraper|Parsing artifact substat: atk+4.1%
2026-09-29 08:01:05.158|DEBUG|ArtifactScraper|Parsing artifact substat: atk+18
2026-09-29 08:01:05.158|DEBUG|ArtifactScraper|Parsing artifact substat: critrate+3.9%
2026-09-29 08:01:05.158|DEBUG|ArtifactScraper|Parsing artifact substat: energyrecharge+6.5%
2026-09-29 08:01:05.158|DEBUG|ArtifactScraper|Parsing artifact substat: hp+299
2026-09-29 08:01:05.467|DEBUG|ArtifactScraper|Parsing artifact substat: elementalmastery+19
2026-09-29 08:01:05.467|DEBUG|ArtifactScraper|Parsing artifact substat: def+6.6%
2026-09-29 08:01:05.467|DEBUG|ArtifactScraper|Parsing artifact substat: def+23
2026-09-29 08:01:05.467|DEBUG|ArtifactScraper|Parsing artifact substat: hp+269
2026-09-29 08:01:05.493|DEBUG|ArtifactScraper|Parsing artifact substat: hp+239
2026-09-29 08:01:05.493|DEBUG|ArtifactScraper|Parsing artifact substat: atk+5.8%
2026-09-29 08:01:05.493|DEBUG|ArtifactScraper|Parsing artifact substat: atk+14
2026-09-29 08:01:05.493|DEBUG|ArtifactScraper|Parsing artifact substat: energyrecharge+5.2%
2026-09-29 08:01:05.815|DEBUG|ArtifactScraper|Parsing artifact substat: hp+5.3%
2026-09-29 08:01:05.815|DEBUG|ArtifactScraper|Parsing artifact substat: hp+269
2026-09-29 08:01:05.815|DEBUG|ArtifactScraper|Parsing artifact substat: def+21
2026-09-29 08:01:05.815|DEBUG|ArtifactScraper|Parsing artifact substat: energyrecharge+5.2%
2026-09-29 08:01:05.815|DEBUG|ArtifactScraper|Parsing artifact substat: atk+14
2026-09-29 08:01:05.815|DEBUG|ArtifactScraper|Parsing artifact substat: atk+4.1%
2026-09-29 08:01:05.815|DEBUG|ArtifactScraper|Parsing artifact substat: def+21
2026-09-29 08:01:05.815|DEBUG|ArtifactScraper|Parsing artifact substat: hp+299(unactivated)
2026-09-29 08:01:06.106|DEBUG|ArtifactScraper|Parsing artifact substat: def+23
2026-09-29 08:01:06.106|DEBUG|ArtifactScraper|Parsing artifact substat: critdmg+7.0%
2026-09-29 08:01:06.106|DEBUG|ArtifactScraper|Parsing artifact substat: atk+14
2026-09-29 08:01:06.106|DEBUG|ArtifactScraper|Parsing artifact substat: hp+269(unactivated)
2026-09-29 08:01:06.214|DEBUG|ArtifactScraper|Parsing artifact substat: atk+18
2026-09-29 08:01:06.214|DEBUG|ArtifactScraper|Parsing artifact substat: energyrecharge+4.5%
2026-09-29 08:01:06.214|DEBUG|ArtifactScraper|Parsing artifact substat: def+23
2026-09-29 08:01:06.214|DEBUG|ArtifactScraper|Parsing artifact substat: critrate+3.5%(unactivated)
2026-09-29 08:01:06.458|DEBUG|ArtifactScraper|Parsing artifact substat: elementalmastery+16
2026-09-29 08:01:06.458|DEBUG|ArtifactScraper|Parsing artifact substat: def+5.8%
2026-09-29 08:01:06.458|DEBUG|ArtifactScraper|Parsing artifact substat: critdmg+6.2%
2026-09-29 08:01:06.458|DEBUG|ArtifactScraper|Parsing artifact substat: atk+16(unactivated)
2026-09-29 08:01:06.602|DEBUG|ArtifactScraper|Parsing artifact substat: energyrecharge+5.8%
2026-09-29 08:01:06.602|DEBUG|ArtifactScraper|Parsing artifact substat: def+19
2026-09-29 08:01:06.602|DEBUG|ArtifactScraper|Parsing artifact substat: atk+19
2026-09-29 08:01:06.602|DEBUG|ArtifactScraper|Parsing artifact substat: elementalmastery+23
2026-09-29 08:01:06.738|DEBUG|ArtifactScraper|Parsing artifact substat: def+5.8%
2026-09-29 08:01:06.738|DEBUG|ArtifactScraper|Parsing artifact substat: elementalmastery+23
2026-09-29 08:01:06.738|DEBUG|ArtifactScraper|Parsing artifact substat: atk+19
2026-09-29 08:01:06.738|DEBUG|ArtifactScraper|Parsing artifact substat: atk+5.8%(unactivated)
2026-09-29 08:01:06.962|DEBUG|ArtifactScraper|Parsing artifact substat: energyrecharge+4.5%
2026-09-29 08:01:06.962|DEBUG|ArtifactScraper|Parsing artifact substat: hp+239
2026-09-29 08:01:06.962|DEBUG|ArtifactScraper|Parsing artifact substat: hp+4.1%
2026-09-29 08:01:06.962|DEBUG|ArtifactScraper|Parsing artifact substat: elementalmastery+19
2026-09-29 08:01:07.072|DEBUG|ArtifactScraper|Parsing artifact substat: critrate+3.1%
2026-09-29 08:01:07.072|DEBUG|ArtifactScraper|Parsing artifact substat: hp+209
2026-09-29 08:01:07.072|DEBUG|ArtifactScraper|Parsing artifact substat: atk+5.3%
2026-09-29 08:01:07.072|DEBUG|ArtifactScraper|Parsing artifact substat: def+5.1%(unactivated)
2026-09-29 08:01:07.243|DEBUG|ArtifactScraper|Finished queuing page of artifacts. Scrolling...
2026-09-29 08:01:07.308|DEBUG|ArtifactScraper|Parsing artifact substat: atk+18
2026-09-29 08:01:07.308|DEBUG|ArtifactScraper|Parsing artifact substat: critdmg+7.0%
2026-09-29 08:01:07.308|DEBUG|ArtifactScraper|Parsing artifact substat: hp+209
2026-09-29 08:01:07.308|DEBUG|ArtifactScraper|Parsing artifact substat: critrate+3.5%(unactivated)
2026-09-29 08:01:07.469|DEBUG|ArtifactScraper|Parsing artifact substat: elementalmastery+19
2026-09-29 08:01:07.469|DEBUG|ArtifactScraper|Parsing artifact substat: energyrecharge+4.5%
2026-09-29 08:01:07.469|DEBUG|ArtifactScraper|Parsing artifact substat: def+5.1%
2026-09-29 08:01:07.469|DEBUG|ArtifactScraper|Parsing artifact substat: critdmg+7.8%(unactivated)
2026-09-29 08:01:07.611|DEBUG|ArtifactScraper|Parsing artifact substat: elementalmastery+21
2026-09-29 08:01:07.611|DEBUG|ArtifactScraper|Parsing artifact substat: hp+269
2026-09-29 08:01:07.611|DEBUG|ArtifactScraper|Parsing artifact substat: energyrecharge+5.2%
2026-09-29 08:01:07.611|DEBUG|ArtifactScraper|Parsing artifact substat: atk+18(unactivated)
2026-09-29 08:01:09.232|DEBUG|ArtifactScraper|Scanning artifact page 41
2026-09-29 08:01:09.232|DEBUG|ArtifactScraper|Located 32 possible item locations on page.
2026-09-29 08:01:09.619|DEBUG|ArtifactScraper|Parsing artifact substat: atk+4.1%
2026-09-29 08:01:09.619|DEBUG|ArtifactScraper|Parsing artifact substat: def+7.3%
2026-09-29 08:01:09.619|DEBUG|ArtifactScraper|Parsing artifact substat: atk+18
2026-09-29 08:01:09.619|DEBUG|ArtifactScraper|Parsing artifact substat: energyrecharge+5.8%
2026-09-29 08:01:09.828|DEBUG|ArtifactScraper|Parsing artifact substat: atk+4.7%
2026-09-29 08:01:09.828|DEBUG|ArtifactScraper|Parsing artifact substat: atk+14
2026-09-29 08:01:09.828|DEBUG|ArtifactScraper|Parsing artifact substat: def+5.8%
2026-09-29 08:01:09.828|DEBUG|ArtifactScraper|Parsing artifact substat: hp+209(unactivated)
2026-09-29 08:01:09.985|DEBUG|ArtifactScraper|Parsing artifact substat: critrate+3.5%
2026-09-29 08:01:09.985|DEBUG|ArtifactScraper|Parsing artifact substat: hp+239
2026-09-29 08:01:09.985|DEBUG|ArtifactScraper|Parsing artifact substat: atk+4.7%
2026-09-29 08:01:09.985|DEBUG|ArtifactScraper|Parsing artifact substat: def+23(unactivated)
2026-09-29 08:01:10.130|DEBUG|ArtifactScraper|Parsing artifact substat: def+21
2026-09-29 08:01:10.130|DEBUG|ArtifactScraper|Parsing artifact substat: atk+5.3%
2026-09-29 08:01:10.130|DEBUG|ArtifactScraper|Parsing artifact substat: atk+16
2026-09-29 08:01:10.130|DEBUG|ArtifactScraper|Parsing artifact substat: energyrecharge+5.2%
2026-09-29 08:01:10.488|DEBUG|ArtifactScraper|Parsing artifact substat: elementalmastery+19
2026-09-29 08:01:10.488|DEBUG|ArtifactScraper|Parsing artifact substat: atk+5.3%
2026-09-29 08:01:10.488|DEBUG|ArtifactScraper|Parsing artifact substat: energyrecharge+6.5%
2026-09-29 08:01:10.488|DEBUG|ArtifactScraper|Parsing artifact substat: hp+209(unactivated)
2026-09-29 08:01:10.600|DEBUG|ArtifactScraper|Parsing artifact substat: def+16
2026-09-29 08:01:10.600|DEBUG|ArtifactScraper|Parsing artifact substat: hp+4.1%
2026-09-29 08:01:10.600|DEBUG|ArtifactScraper|Parsing artifact substat: energyrecharge+6.5%
2026-09-29 08:01:10.600|DEBUG|ArtifactScraper|Parsing artifact substat: hp+299(unactivated)
2026-09-29 08:01:10.732|DEBUG|ArtifactScraper|Parsing artifact substat: energyrecharge+5.8%
2026-09-29 08:01:10.732|DEBUG|ArtifactScraper|Parsing artifact substat: atk+19
2026-09-29 08:01:10.732|DEBUG|ArtifactScraper|Parsing artifact substat: def+19
2026-09-29 08:01:10.732|DEBUG|ArtifactScraper|Parsing artifact substat: critrate+3.1%(unactivated)
2026-09-29 08:01:10.932|DEBUG|ArtifactScraper|Parsing artifact substat: atk+16
2026-09-29 08:01:10.932|DEBUG|ArtifactScraper|Parsing artifact substat: def+5.1%
2026-09-29 08:01:10.932|DEBUG|ArtifactScraper|Parsing artifact substat: atk+5.8%
2026-09-29 08:01:10.932|DEBUG|ArtifactScraper|Parsing artifact substat: energyrecharge+4.5%
2026-09-29 08:01:11.089|DEBUG|ArtifactScraper|Parsing artifact substat: atk+18
2026-09-29 08:01:11.089|DEBUG|ArtifactScraper|Parsing artifact substat: hp+5.3%
2026-09-29 08:01:11.089|DEBUG|ArtifactScraper|Parsing artifact substat: energyrecharge+6.5%
2026-09-29 08:01:11.089|DEBUG|ArtifactScraper|Parsing artifact substat: def+23(unactivated)
2026-09-29 08:01:11.298|DEBUG|ArtifactScraper|Parsing artifact substat: hp+5.3%
2026-09-29 08:01:11.298|DEBUG|ArtifactScraper|Parsing artifact substat: hp+239
2026-09-29 08:01:11.298|DEBUG|ArtifactScraper|Parsing artifact substat: critrate+3.9%
2026-09-29 08:01:11.298|DEBUG|ArtifactScraper|Parsing artifact substat: energyrecharge+6.5%
2026-09-29 08:01:11.377|DEBUG|ArtifactScraper|Parsing artifact substat: atk+16
2026-09-29 08:01:11.377|DEBUG|ArtifactScraper|Parsing artifact substat: def+21
2026-09-29 08:01:11.377|DEBUG|ArtifactScraper|Parsing artifact substat: atk+5.3%
2026-09-29 08:01:11.377|DEBUG|ArtifactScraper|Parsing artifact substat: energyrecharge+4.5%
2026-09-29 08:01:11.653|DEBUG|ArtifactScraper|Parsing artifact substat: hp+299
2026-09-29 08:01:11.653|DEBUG|ArtifactScraper|Parsing artifact substat: def+5.1%
2026-09-29 08:01:11.653|DEBUG|ArtifactScraper|Parsing artifact substat: atk+4.7%
2026-09-29 08:01:11.653|DEBUG|ArtifactScraper|Parsing artifact substat: def+21(unactivated)
2026-09-29 08:01:11.715|DEBUG|ArtifactScraper|Parsing artifact substat: hp+5.8%
2026-09-29 08:01:11.715|DEBUG|ArtifactScraper|Parsing artifact substat: elementalmastery+16
2026-09-29 08:01:11.715|DEBUG|ArtifactScraper|Parsing artifact substat: def+16
2026-09-29 08:01:11.715|DEBUG|ArtifactScraper|Parsing artifact substat: atk+5.3%(unactivated)
2026-09-29 08:01:12.029|DEBUG|ArtifactScraper|Parsing artifact substat: atk+16
2026-09-29 08:01:12.029|DEBUG|ArtifactScraper|Parsing artifact substat: critdmg+5.4%
2026-09-29 08:01:12.029|DEBUG|ArtifactScraper|Parsing artifact substat: hp+209
2026-09-29 08:01:12.029|DEBUG|ArtifactScraper|Parsing artifact substat: energyrecharge+5.2%
2026-09-29 08:01:12.155|DEBUG|ArtifactScraper|Parsing artifact substat: energyrecharge+4.5%
2026-09-29 08:01:12.155|DEBUG|ArtifactScraper|Parsing artifact substat: elementalmastery+23
2026-09-29 08:01:12.155|DEBUG|ArtifactScraper|Parsing artifact substat: atk+5.8%
2026-09-29 08:01:12.155|DEBUG|ArtifactScraper|Parsing artifact substat: hp+269(unactivated)
2026-09-29 08:01:12.306|DEBUG|ArtifactScraper|Parsing artifact substat: atk+18
2026-09-29 08:01:12.306|DEBUG|ArtifactScraper|Parsing artifact substat: atk+4.7%
2026-09-29 08:01:12.306|DEBUG|ArtifactScraper|Parsing artifact substat: def+16
2026-09-29 08:01:12.306|DEBUG|ArtifactScraper|Parsing artifact substat: elementalmastery+23
2026-09-29 08:01:12.436|DEBUG|ArtifactScraper|Parsing artifact substat: hp+4.7%
2026-09-29 08:01:12.436|DEBUG|ArtifactScraper|Parsing artifact substat: hp+269
2026-09-29 08:01:12.436|DEBUG|ArtifactScraper|Parsing artifact substat: atk+16
2026-09-29 08:01:12.436|DEBUG|ArtifactScraper|Parsing artifact substat: critdmg+6.2%(unactivated)
2026-09-29 08:01:12.728|DEBUG|ArtifactScraper|Parsing artifact substat: atk+5.3%
2026-09-29 08:01:12.728|DEBUG|ArtifactScraper|Parsing artifact substat: critdmg+6.2%
2026-09-29 08:01:12.728|DEBUG|ArtifactScraper|Parsing artifact substat: def+7.3%
2026-09-29 08:01:12.728|DEBUG|ArtifactScraper|Parsing artifact substat: hp+4.7%(unactivated)
2026-09-29 08:01:12.830|DEBUG|ArtifactScraper|Parsing artifact substat: hp+209
2026-09-29 08:01:12.830|DEBUG|ArtifactScraper|Parsing artifact substat: def+16
2026-09-29 08:01:12.830|DEBUG|ArtifactScraper|Parsing artifact substat: energyrecharge+5.2%
2026-09-29 08:01:12.830|DEBUG|ArtifactScraper|Parsing artifact substat: elementalmastery+19
2026-09-29 08:01:13.121|DEBUG|ArtifactScraper|Parsing artifact substat: atk+19
2026-09-29 08:01:13.121|DEBUG|ArtifactScraper|Parsing artifact substat: hp+5.8%
2026-09-29 08:01:13.121|DEBUG|ArtifactScraper|Parsing artifact substat: elementalmastery+16
2026-09-29 08:01:13.121|DEBUG|ArtifactScraper|Parsing artifact substat: hp+239(unactivated)
2026-09-29 08:01:13.156|DEBUG|ArtifactScraper|Parsing artifact substat: critrate+3.5%
2026-09-29 08:01:13.156|DEBUG|ArtifactScraper|Parsing artifact substat: elementalmastery+19
2026-09-29 08:01:13.156|DEBUG|ArtifactScraper|Parsing artifact substat: atk+19
2026-09-29 08:01:13.156|DEBUG|ArtifactScraper|Parsing artifact substat: hp+299(unactivated)
2026-09-29 08:01:13.492|DEBUG|ArtifactScraper|Parsing artifact substat: def+23
2026-09-29 08:01:13.492|DEBUG|ArtifactScraper|Parsing artifact substat: hp+4.7%
2026-09-29 08:01:13.492|DEBUG|ArtifactScraper|Parsing artifact substat: atk+19
2026-09-29 08:01:13.492|DEBUG|ArtifactScraper|Parsing artifact substat: critrate+3.5%(unactivated)
2026-09-29 08:01:13.506|DEBUG|ArtifactScraper|Parsing artifact substat: atk+19
2026-09-29 08:01:13.506|DEBUG|ArtifactScraper|Parsing artifact substat: elementalmastery+23
2026-09-29 08:01:13.506|DEBUG|ArtifactScraper|Parsing artifact substat: atk+5.3%
2026-09-29 08:01:13.506|DEBUG|ArtifactScraper|Parsing artifact substat: def+5.8%
2026-09-29 08:01:13.817|DEBUG|ArtifactScraper|Parsing artifact substat: hp+269
2026-09-29 08:01:13.817|DEBUG|ArtifactScraper|Parsing artifact substat: critrate+3.5%
2026-09-29 08:01:13.817|DEBUG|ArtifactScraper|Parsing artifact substat: atk+16
2026-09-29 08:01:13.817|DEBUG|ArtifactScraper|Parsing artifact substat: elementalmastery+21
2026-09-29 08:01:13.891|DEBUG|ArtifactScraper|Parsing artifact substat: hp+299
2026-09-29 08:01:13.891|DEBUG|ArtifactScraper|Parsing artifact substat: atk+16
2026-09-29 08:01:13.891|DEBUG|ArtifactScraper|Parsing artifact substat: def+23
2026-09-29 08:01:13.891|DEBUG|ArtifactScraper|Parsing artifact substat: elementalmastery+23
2026-09-29 08:01:14.175|DEBUG|ArtifactScraper|Parsing artifact substat: def+23
2026-09-29 08:01:14.175|DEBUG|ArtifactScraper|Parsing artifact substat: elementalmastery+21
2026-09-29 08:01:14.175|DEBUG|ArtifactScraper|Parsing artifact substat: critdmg+7.0%
2026-09-29 08:01:14.175|DEBUG|ArtifactScraper|Parsing artifact substat: hp+4.7%
2026-09-29 08:01:14.175|DEBUG|ArtifactScraper|Parsing artifact substat: atk+5.8%
2026-09-29 08:01:14.175|DEBUG|ArtifactScraper|Parsing artifact substat: def+16
2026-09-29 08:01:14.175|DEBUG|ArtifactScraper|Parsing artifact substat: hp+209
2026-09-29 08:01:14.175|DEBUG|ArtifactScraper|Parsing artifact substat: def+7.3%
2026-09-29 08:01:14.562|DEBUG|ArtifactScraper|Parsing artifact substat: elementalmastery+23
2026-09-29 08:01:14.562|DEBUG|ArtifactScraper|Parsing artifact substat: atk+4.7%
2026-09-29 08:01:14.562|DEBUG|ArtifactScraper|Parsing artifact substat: critrate+3.5%
2026-09-29 08:01:14.562|DEBUG|ArtifactScraper|Parsing artifact substat: atk+16
2026-09-29 08:01:14.626|DEBUG|ArtifactScraper|Finished queuing page of artifacts. Scrolling...
2026-09-29 08:01:14.632|DEBUG|ArtifactScraper|Parsing artifact substat: hp+209
2026-09-29 08:01:14.632|DEBUG|ArtifactScraper|Parsing artifact substat: energyrecharge+5.2%
2026-09-29 08:01:14.632|DEBUG|ArtifactScraper|Parsing artifact substat: elementalmastery+23
2026-09-29 08:01:14.632|DEBUG|ArtifactScraper|Parsing artifact substat: def+23(unactivated)
2026-09-29 08:01:14.891|DEBUG|ArtifactScraper|Parsing artifact substat: hp+239
2026-09-29 08:01:14.891|DEBUG|ArtifactScraper|Parsing artifact substat: elementalmastery+21
2026-09-29 08:01:14.891|DEBUG|ArtifactScraper|Parsing artifact substat: atk+16
2026-09-29 08:01:14.891|DEBUG|ArtifactScraper|Parsing artifact substat: hp+5.8%(unactivated)
2026-09-29 08:01:14.978|DEBUG|ArtifactScraper|Parsing artifact substat: hp+209
2026-09-29 08:01:14.978|DEBUG|ArtifactScraper|Parsing artifact substat: atk+18
2026-09-29 08:01:14.978|DEBUG|ArtifactScraper|Parsing artifact substat: def+19
2026-09-29 08:01:14.978|DEBUG|ArtifactScraper|Parsing artifact substat: elementalmastery+19
2026-09-29 08:01:15.054|DEBUG|ArtifactScraper|Parsing artifact substat: def+21
2026-09-29 08:01:15.054|DEBUG|ArtifactScraper|Parsing artifact substat: critdmg+7.8%
2026-09-29 08:01:15.054|DEBUG|ArtifactScraper|Parsing artifact substat: hp+209
2026-09-29 08:01:15.054|DEBUG|ArtifactScraper|Parsing artifact substat: atk+18(unactivated)
2026-09-29 08:01:17.002|DEBUG|ArtifactScraper|Scanning artifact page 42
2026-09-29 08:01:17.002|DEBUG|ArtifactScraper|Located 32 possible item locations on page.
2026-09-29 08:01:17.563|DEBUG|ArtifactScraper|Parsing artifact substat: atk+18
2026-09-29 08:01:17.563|DEBUG|ArtifactScraper|Parsing artifact substat: critrate+2.7%
2026-09-29 08:01:17.563|DEBUG|ArtifactScraper|Parsing artifact substat: hp+269
2026-09-29 08:01:17.563|DEBUG|ArtifactScraper|Parsing artifact substat: def+16(unactivated)
2026-09-29 08:01:17.685|DEBUG|ArtifactScraper|Parsing artifact substat: def+16
2026-09-29 08:01:17.685|DEBUG|ArtifactScraper|Parsing artifact substat: elementalmastery+19
2026-09-29 08:01:17.685|DEBUG|ArtifactScraper|Parsing artifact substat: atk+18
2026-09-29 08:01:17.685|DEBUG|ArtifactScraper|Parsing artifact substat: critdmg+7.0%(unactivated)
2026-09-29 08:01:17.955|DEBUG|ArtifactScraper|Parsing artifact substat: hp+209
2026-09-29 08:01:17.955|DEBUG|ArtifactScraper|Parsing artifact substat: atk+16
2026-09-29 08:01:17.955|DEBUG|ArtifactScraper|Parsing artifact substat: elementalmastery+21
2026-09-29 08:01:17.955|DEBUG|ArtifactScraper|Parsing artifact substat: def+21(unactivated)
2026-09-29 08:01:18.037|DEBUG|ArtifactScraper|Parsing artifact substat: atk+16
2026-09-29 08:01:18.037|DEBUG|ArtifactScraper|Parsing artifact substat: energyrecharge+6.5%
2026-09-29 08:01:18.037|DEBUG|ArtifactScraper|Parsing artifact substat: def+23
2026-09-29 08:01:18.037|DEBUG|ArtifactScraper|Parsing artifact substat: critrate+3.1%(unactivated)
2026-09-29 08:01:18.358|DEBUG|ArtifactScraper|Parsing artifact substat: atk+18
2026-09-29 08:01:18.358|DEBUG|ArtifactScraper|Parsing artifact substat: critdmg+5.4%
2026-09-29 08:01:18.358|DEBUG|ArtifactScraper|Parsing artifact substat: hp+299
2026-09-29 08:01:18.358|DEBUG|ArtifactScraper|Parsing artifact substat: def+21(unactivated)
2026-09-29 08:01:18.368|DEBUG|ArtifactScraper|Parsing artifact substat: def+19
2026-09-29 08:01:18.368|DEBUG|ArtifactScraper|Parsing artifact substat: elementalmastery+19
2026-09-29 08:01:18.368|DEBUG|ArtifactScraper|Parsing artifact substat: hp+209
2026-09-29 08:01:18.368|DEBUG|ArtifactScraper|Parsing artifact substat: energyrecharge+4.5%
2026-09-29 08:01:18.708|DEBUG|ArtifactScraper|Parsing artifact substat: atk+18
2026-09-29 08:01:18.708|DEBUG|ArtifactScraper|Parsing artifact substat: elementalmastery+21
2026-09-29 08:01:18.708|DEBUG|ArtifactScraper|Parsing artifact substat: def+21
2026-09-29 08:01:18.708|DEBUG|ArtifactScraper|Parsing artifact substat: hp+239(unactivated)
2026-09-29 08:01:18.779|DEBUG|ArtifactScraper|Parsing artifact substat: hp+5.3%
2026-09-29 08:01:18.779|DEBUG|ArtifactScraper|Parsing artifact substat: hp+299
2026-09-29 08:01:18.779|DEBUG|ArtifactScraper|Parsing artifact substat: critdmg+5.4%
2026-09-29 08:01:18.779|DEBUG|ArtifactScraper|Parsing artifact substat: atk+18(unactivated)
2026-09-29 08:01:19.054|DEBUG|ArtifactScraper|Parsing artifact substat: atk+14
2026-09-29 08:01:19.054|DEBUG|ArtifactScraper|Parsing artifact substat: elementalmastery+21
2026-09-29 08:01:19.054|DEBUG|ArtifactScraper|Parsing artifact substat: hp+5.8%
2026-09-29 08:01:19.054|DEBUG|ArtifactScraper|Parsing artifact substat: energyrecharge+5.2%
2026-09-29 08:01:19.088|DEBUG|ArtifactScraper|Parsing artifact substat: hp+239
2026-09-29 08:01:19.088|DEBUG|ArtifactScraper|Parsing artifact substat: hp+4.1%
2026-09-29 08:01:19.088|DEBUG|ArtifactScraper|Parsing artifact substat: atk+18
2026-09-29 08:01:19.088|DEBUG|ArtifactScraper|Parsing artifact substat: elementalmastery+21
2026-09-29 08:01:19.436|DEBUG|ArtifactScraper|Parsing artifact substat: def+21
2026-09-29 08:01:19.436|DEBUG|ArtifactScraper|Parsing artifact substat: hp+299
2026-09-29 08:01:19.436|DEBUG|ArtifactScraper|Parsing artifact substat: def+5.8%
2026-09-29 08:01:19.436|DEBUG|ArtifactScraper|Parsing artifact substat: critrate+3.1%(unactivated)
2026-09-29 08:01:19.464|DEBUG|ArtifactScraper|Parsing artifact substat: atk+4.1%
2026-09-29 08:01:19.464|DEBUG|ArtifactScraper|Parsing artifact substat: elementalmastery+19
2026-09-29 08:01:19.464|DEBUG|ArtifactScraper|Parsing artifact substat: atk+14
2026-09-29 08:01:19.464|DEBUG|ArtifactScraper|Parsing artifact substat: hp+4.7%(unactivated)
2026-09-29 08:01:19.765|DEBUG|ArtifactScraper|Parsing artifact substat: hp+5.3%
2026-09-29 08:01:19.765|DEBUG|ArtifactScraper|Parsing artifact substat: elementalmastery+21
2026-09-29 08:01:19.765|DEBUG|ArtifactScraper|Parsing artifact substat: def+6.6%
2026-09-29 08:01:19.765|DEBUG|ArtifactScraper|Parsing artifact substat: atk+19
2026-09-29 08:01:19.801|DEBUG|ArtifactScraper|Parsing artifact substat: critrate+3.1%
2026-09-29 08:01:19.801|DEBUG|ArtifactScraper|Parsing artifact substat: hp+239
2026-09-29 08:01:19.801|DEBUG|ArtifactScraper|Parsing artifact substat: hp+4.7%
2026-09-29 08:01:19.801|DEBUG|ArtifactScraper|Parsing artifact substat: atk+18
2026-09-29 08:01:20.103|DEBUG|ArtifactScraper|Parsing artifact substat: hp+239
2026-09-29 08:01:20.103|DEBUG|ArtifactScraper|Parsing artifact substat: atk+5.3%
2026-09-29 08:01:20.103|DEBUG|ArtifactScraper|Parsing artifact substat: def+21
2026-09-29 08:01:20.103|DEBUG|ArtifactScraper|Parsing artifact substat: atk+16
2026-09-29 08:01:20.152|DEBUG|ArtifactScraper|Parsing artifact substat: def+23
2026-09-29 08:01:20.152|DEBUG|ArtifactScraper|Parsing artifact substat: hp+239
2026-09-29 08:01:20.152|DEBUG|ArtifactScraper|Parsing artifact substat: energyrecharge+6.5%
2026-09-29 08:01:20.152|DEBUG|ArtifactScraper|Parsing artifact substat: atk+16
2026-09-29 08:01:20.486|DEBUG|ArtifactScraper|Parsing artifact substat: energyrecharge+5.2%
2026-09-29 08:01:20.486|DEBUG|ArtifactScraper|Parsing artifact substat: critrate+3.1%
2026-09-29 08:01:20.486|DEBUG|ArtifactScraper|Parsing artifact substat: atk+16
2026-09-29 08:01:20.486|DEBUG|ArtifactScraper|Parsing artifact substat: atk+5.8%
2026-09-29 08:01:20.513|DEBUG|ArtifactScraper|Parsing artifact substat: critrate+3.5%
2026-09-29 08:01:20.513|DEBUG|ArtifactScraper|Parsing artifact substat: def+19
2026-09-29 08:01:20.513|DEBUG|ArtifactScraper|Parsing artifact substat: def+5.8%
2026-09-29 08:01:20.513|DEBUG|ArtifactScraper|Parsing artifact substat: atk+4.1%
2026-09-29 08:01:20.576|DEBUG|ArtifactScraper|Parsing artifact substat: def+19
2026-09-29 08:01:20.576|DEBUG|ArtifactScraper|Parsing artifact substat: hp+269
2026-09-29 08:01:20.576|DEBUG|ArtifactScraper|Parsing artifact substat: hp+4.1%
2026-09-29 08:01:20.576|DEBUG|ArtifactScraper|Parsing artifact substat: elementalmastery+19
2026-09-29 08:01:20.890|DEBUG|ArtifactScraper|Parsing artifact substat: atk+18
2026-09-29 08:01:20.890|DEBUG|ArtifactScraper|Parsing artifact substat: energyrecharge+4.5%
2026-09-29 08:01:20.890|DEBUG|ArtifactScraper|Parsing artifact substat: hp+269
2026-09-29 08:01:20.890|DEBUG|ArtifactScraper|Parsing artifact substat: elementalmastery+21
2026-09-29 08:01:20.896|DEBUG|ArtifactScraper|Parsing artifact substat: def+21
2026-09-29 08:01:20.896|DEBUG|ArtifactScraper|Parsing artifact substat: hp+209
2026-09-29 08:01:20.896|DEBUG|ArtifactScraper|Parsing artifact substat: def+7.3%
2026-09-29 08:01:20.896|DEBUG|ArtifactScraper|Parsing artifact substat: energyrecharge+4.5%
2026-09-29 08:01:21.212|DEBUG|ArtifactScraper|Parsing artifact substat: hp+269
2026-09-29 08:01:21.212|DEBUG|ArtifactScraper|Parsing artifact substat: def+23
2026-09-29 08:01:21.212|DEBUG|ArtifactScraper|Parsing artifact substat: atk+5.8%
2026-09-29 08:01:21.212|DEBUG|ArtifactScraper|Parsing artifact substat: critdmg+6.2%
2026-09-29 08:01:21.276|DEBUG|ArtifactScraper|Parsing artifact substat: critdmg+5.4%
2026-09-29 08:01:21.276|DEBUG|ArtifactScraper|Parsing artifact substat: atk+18
2026-09-29 08:01:21.276|DEBUG|ArtifactScraper|Parsing artifact substat: critrate+3.9%
2026-09-29 08:01:21.276|DEBUG|ArtifactScraper|Parsing artifact substat: hp+5.8%
2026-09-29 08:01:21.521|DEBUG|ArtifactScraper|Parsing artifact substat: atk+19
2026-09-29 08:01:21.521|DEBUG|ArtifactScraper|Parsing artifact substat: hp+299
2026-09-29 08:01:21.521|DEBUG|ArtifactScraper|Parsing artifact substat: def+23
2026-09-29 08:01:21.521|DEBUG|ArtifactScraper|Parsing artifact substat: def+7.3%
2026-09-29 08:01:21.598|DEBUG|ArtifactScraper|Parsing artifact substat: def+21
2026-09-29 08:01:21.598|DEBUG|ArtifactScraper|Parsing artifact substat: elementalmastery+19
2026-09-29 08:01:21.598|DEBUG|ArtifactScraper|Parsing artifact substat: critrate+3.5%
2026-09-29 08:01:21.598|DEBUG|ArtifactScraper|Parsing artifact substat: atk+18
2026-09-29 08:01:21.896|DEBUG|ArtifactScraper|Parsing artifact substat: energyrecharge+4.5%
2026-09-29 08:01:21.896|DEBUG|ArtifactScraper|Parsing artifact substat: hp+299
2026-09-29 08:01:21.896|DEBUG|ArtifactScraper|Parsing artifact substat: def+7.3%
2026-09-29 08:01:21.896|DEBUG|ArtifactScraper|Parsing artifact substat: atk+4.1%
2026-09-29 08:01:21.924|DEBUG|ArtifactScraper|Parsing artifact substat: atk+4.1%
2026-09-29 08:01:21.924|DEBUG|ArtifactScraper|Parsing artifact substat: atk+14
2026-09-29 08:01:21.924|DEBUG|ArtifactScraper|Parsing artifact substat: energyrecharge+5.2%
2026-09-29 08:01:21.924|DEBUG|ArtifactScraper|Parsing artifact substat: def+23
2026-09-29 08:01:22.207|DEBUG|ArtifactScraper|Parsing artifact substat: def+19
2026-09-29 08:01:22.207|DEBUG|ArtifactScraper|Parsing artifact substat: hp+5.3%
2026-09-29 08:01:22.207|DEBUG|ArtifactScraper|Parsing artifact substat: def+6.6%
2026-09-29 08:01:22.207|DEBUG|ArtifactScraper|Parsing artifact substat: atk+5.8%
2026-09-29 08:01:22.295|DEBUG|ArtifactScraper|Parsing artifact substat: energyrecharge+6.5%
2026-09-29 08:01:22.295|DEBUG|ArtifactScraper|Parsing artifact substat: atk+19
2026-09-29 08:01:22.295|DEBUG|ArtifactScraper|Parsing artifact substat: def+19
2026-09-29 08:01:22.295|DEBUG|ArtifactScraper|Parsing artifact substat: atk+4.1%(unactivated)
2026-09-29 08:01:22.472|DEBUG|ArtifactScraper|Finished queuing page of artifacts. Scrolling...
2026-09-29 08:01:22.600|DEBUG|ArtifactScraper|Parsing artifact substat: hp+239
2026-09-29 08:01:22.600|DEBUG|ArtifactScraper|Parsing artifact substat: critdmg+6.2%
2026-09-29 08:01:22.600|DEBUG|ArtifactScraper|Parsing artifact substat: elementalmastery+23
2026-09-29 08:01:22.600|DEBUG|ArtifactScraper|Parsing artifact substat: critrate+2.7%(unactivated)
2026-09-29 08:01:22.699|DEBUG|ArtifactScraper|Parsing artifact substat: critdmg+5.4%
2026-09-29 08:01:22.699|DEBUG|ArtifactScraper|Parsing artifact substat: hp+5.3%
2026-09-29 08:01:22.699|DEBUG|ArtifactScraper|Parsing artifact substat: hp+269
2026-09-29 08:01:22.699|DEBUG|ArtifactScraper|Parsing artifact substat: def+19(unactivated)
2026-09-29 08:01:22.836|DEBUG|ArtifactScraper|Parsing artifact substat: atk+14
2026-09-29 08:01:22.836|DEBUG|ArtifactScraper|Parsing artifact substat: hp+4.1%
2026-09-29 08:01:22.836|DEBUG|ArtifactScraper|Parsing artifact substat: critrate+2.7%
2026-09-29 08:01:22.836|DEBUG|ArtifactScraper|Parsing artifact substat: def+16(unactivated)
2026-09-29 08:01:24.955|DEBUG|ArtifactScraper|Scanning artifact page 43
2026-09-29 08:01:24.955|DEBUG|ArtifactScraper|Located 32 possible item locations on page.
2026-09-29 08:01:25.409|DEBUG|ArtifactScraper|Parsing artifact substat: atk+4.7%
2026-09-29 08:01:25.409|DEBUG|ArtifactScraper|Parsing artifact substat: atk+16
2026-09-29 08:01:25.409|DEBUG|ArtifactScraper|Parsing artifact substat: hp+4.1%
2026-09-29 08:01:25.409|DEBUG|ArtifactScraper|Parsing artifact substat: def+16(unactivated)
2026-09-29 08:01:25.769|DEBUG|ArtifactScraper|Parsing artifact substat: atk+14
2026-09-29 08:01:25.769|DEBUG|ArtifactScraper|Parsing artifact substat: hp+239
2026-09-29 08:01:25.769|DEBUG|ArtifactScraper|Parsing artifact substat: atk+5.8%
2026-09-29 08:01:25.769|DEBUG|ArtifactScraper|Parsing artifact substat: elementalmastery+16
2026-09-29 08:01:25.836|DEBUG|ArtifactScraper|Parsing artifact substat: elementalmastery+16
2026-09-29 08:01:25.836|DEBUG|ArtifactScraper|Parsing artifact substat: hp+4.7%
2026-09-29 08:01:25.836|DEBUG|ArtifactScraper|Parsing artifact substat: def+23
2026-09-29 08:01:25.836|DEBUG|ArtifactScraper|Parsing artifact substat: def+5.8%(unactivated)
2026-09-29 08:01:26.129|DEBUG|ArtifactScraper|Parsing artifact substat: hp+5.3%
2026-09-29 08:01:26.129|DEBUG|ArtifactScraper|Parsing artifact substat: hp+239
2026-09-29 08:01:26.129|DEBUG|ArtifactScraper|Parsing artifact substat: elementalmastery+21
2026-09-29 08:01:26.129|DEBUG|ArtifactScraper|Parsing artifact substat: def+16(unactivated)
2026-09-29 08:01:26.186|DEBUG|ArtifactScraper|Parsing artifact substat: energyrecharge+4.5%
2026-09-29 08:01:26.186|DEBUG|ArtifactScraper|Parsing artifact substat: def+7.3%
2026-09-29 08:01:26.186|DEBUG|ArtifactScraper|Parsing artifact substat: hp+4.7%
2026-09-29 08:01:26.186|DEBUG|ArtifactScraper|Parsing artifact substat: critdmg+5.4%(unactivated)
2026-09-29 08:01:26.488|DEBUG|ArtifactScraper|Parsing artifact substat: hp+5.3%
2026-09-29 08:01:26.488|DEBUG|ArtifactScraper|Parsing artifact substat: hp+299
2026-09-29 08:01:26.488|DEBUG|ArtifactScraper|Parsing artifact substat: elementalmastery+23
2026-09-29 08:01:26.488|DEBUG|ArtifactScraper|Parsing artifact substat: atk+19(unactivated)
2026-09-29 08:01:26.545|DEBUG|ArtifactScraper|Parsing artifact substat: def+5.1%
2026-09-29 08:01:26.545|DEBUG|ArtifactScraper|Parsing artifact substat: elementalmastery+19
2026-09-29 08:01:26.545|DEBUG|ArtifactScraper|Parsing artifact substat: energyrecharge+5.2%
2026-09-29 08:01:26.545|DEBUG|ArtifactScraper|Parsing artifact substat: critrate+3.9%(unactivated)
2026-09-29 08:01:26.849|DEBUG|ArtifactScraper|Parsing artifact substat: critrate+3.1%
2026-09-29 08:01:26.849|DEBUG|ArtifactScraper|Parsing artifact substat: elementalmastery+19
2026-09-29 08:01:26.849|DEBUG|ArtifactScraper|Parsing artifact substat: atk+18
2026-09-29 08:01:26.849|DEBUG|ArtifactScraper|Parsing artifact substat: critdmg+6.2%(unactivated)
2026-09-29 08:01:26.849|DEBUG|ArtifactScraper|Parsing artifact substat: atk+18
2026-09-29 08:01:26.849|DEBUG|ArtifactScraper|Parsing artifact substat: def+5.8%
2026-09-29 08:01:26.849|DEBUG|ArtifactScraper|Parsing artifact substat: def+21
2026-09-29 08:01:26.849|DEBUG|ArtifactScraper|Parsing artifact substat: critrate+2.7%(unactivated)
2026-09-29 08:01:27.149|DEBUG|ArtifactScraper|Parsing artifact substat: atk+4.1%
2026-09-29 08:01:27.149|DEBUG|ArtifactScraper|Parsing artifact substat: hp+269
2026-09-29 08:01:27.149|DEBUG|ArtifactScraper|Parsing artifact substat: def+7.3%
2026-09-29 08:01:27.149|DEBUG|ArtifactScraper|Parsing artifact substat: atk+14(unactivated)
2026-09-29 08:01:27.202|DEBUG|ArtifactScraper|Parsing artifact substat: def+16
2026-09-29 08:01:27.202|DEBUG|ArtifactScraper|Parsing artifact substat: hp+209
2026-09-29 08:01:27.202|DEBUG|ArtifactScraper|Parsing artifact substat: critrate+3.1%
2026-09-29 08:01:27.202|DEBUG|ArtifactScraper|Parsing artifact substat: critdmg+7.0%(unactivated)
2026-09-29 08:01:27.480|DEBUG|ArtifactScraper|Parsing artifact substat: critdmg+7.0%
2026-09-29 08:01:27.480|DEBUG|ArtifactScraper|Parsing artifact substat: def+6.6%
2026-09-29 08:01:27.480|DEBUG|ArtifactScraper|Parsing artifact substat: critrate+3.1%
2026-09-29 08:01:27.480|DEBUG|ArtifactScraper|Parsing artifact substat: energyrecharge+4.5%
2026-09-29 08:01:27.486|DEBUG|ArtifactScraper|Parsing artifact substat: atk+18
2026-09-29 08:01:27.486|DEBUG|ArtifactScraper|Parsing artifact substat: hp+239
2026-09-29 08:01:27.486|DEBUG|ArtifactScraper|Parsing artifact substat: elementalmastery+23
2026-09-29 08:01:27.486|DEBUG|ArtifactScraper|Parsing artifact substat: def+6.6%(unactivated)
2026-09-29 08:01:27.796|DEBUG|ArtifactScraper|Parsing artifact substat: atk+18
2026-09-29 08:01:27.796|DEBUG|ArtifactScraper|Parsing artifact substat: def+5.8%
2026-09-29 08:01:27.796|DEBUG|ArtifactScraper|Parsing artifact substat: hp+209
2026-09-29 08:01:27.796|DEBUG|ArtifactScraper|Parsing artifact substat: def+19(unactivated)
2026-09-29 08:01:27.819|DEBUG|ArtifactScraper|Parsing artifact substat: hp+269
2026-09-29 08:01:27.819|DEBUG|ArtifactScraper|Parsing artifact substat: def+6.6%
2026-09-29 08:01:27.819|DEBUG|ArtifactScraper|Parsing artifact substat: elementalmastery+16
2026-09-29 08:01:27.819|DEBUG|ArtifactScraper|Parsing artifact substat: energyrecharge+5.2%
2026-09-29 08:01:28.154|DEBUG|ArtifactScraper|Parsing artifact substat: energyrecharge+5.8%
2026-09-29 08:01:28.154|DEBUG|ArtifactScraper|Parsing artifact substat: critrate+2.7%
2026-09-29 08:01:28.154|DEBUG|ArtifactScraper|Parsing artifact substat: atk+18
2026-09-29 08:01:28.154|DEBUG|ArtifactScraper|Parsing artifact substat: atk+4.1%(unactivated)
2026-09-29 08:01:28.154|DEBUG|ArtifactScraper|Parsing artifact substat: critrate+2.7%
2026-09-29 08:01:28.154|DEBUG|ArtifactScraper|Parsing artifact substat: def+6.6%
2026-09-29 08:01:28.154|DEBUG|ArtifactScraper|Parsing artifact substat: atk+14
2026-09-29 08:01:28.154|DEBUG|ArtifactScraper|Parsing artifact substat: atk+4.1%(unactivated)
2026-09-29 08:01:28.379|DEBUG|ArtifactScraper|Parsing artifact substat: hp+5.8%
2026-09-29 08:01:28.379|DEBUG|ArtifactScraper|Parsing artifact substat: def+19
2026-09-29 08:01:28.379|DEBUG|ArtifactScraper|Parsing artifact substat: atk+14
2026-09-29 08:01:28.379|DEBUG|ArtifactScraper|Parsing artifact substat: hp+299
2026-09-29 08:01:28.484|DEBUG|ArtifactScraper|Parsing artifact substat: def+21
2026-09-29 08:01:28.484|DEBUG|ArtifactScraper|Parsing artifact substat: hp+5.3%
2026-09-29 08:01:28.484|DEBUG|ArtifactScraper|Parsing artifact substat: atk+18
2026-09-29 08:01:28.484|DEBUG|ArtifactScraper|Parsing artifact substat: elementalmastery+21
2026-09-29 08:01:28.700|DEBUG|ArtifactScraper|Parsing artifact substat: atk+19
2026-09-29 08:01:28.700|DEBUG|ArtifactScraper|Parsing artifact substat: def+16
2026-09-29 08:01:28.700|DEBUG|ArtifactScraper|Parsing artifact substat: def+6.6%
2026-09-29 08:01:28.700|DEBUG|ArtifactScraper|Parsing artifact substat: atk+5.3%
2026-09-29 08:01:28.741|DEBUG|ArtifactScraper|Parsing artifact substat: hp+209
2026-09-29 08:01:28.741|DEBUG|ArtifactScraper|Parsing artifact substat: atk+5.8%
2026-09-29 08:01:28.741|DEBUG|ArtifactScraper|Parsing artifact substat: critrate+2.7%
2026-09-29 08:01:28.741|DEBUG|ArtifactScraper|Parsing artifact substat: def+21
2026-09-29 08:01:29.028|DEBUG|ArtifactScraper|Parsing artifact substat: critrate+3.1%
2026-09-29 08:01:29.028|DEBUG|ArtifactScraper|Parsing artifact substat: def+19
2026-09-29 08:01:29.028|DEBUG|ArtifactScraper|Parsing artifact substat: elementalmastery+19
2026-09-29 08:01:29.028|DEBUG|ArtifactScraper|Parsing artifact substat: def+5.1%
2026-09-29 08:01:29.078|DEBUG|ArtifactScraper|Parsing artifact substat: energyrecharge+5.2%
2026-09-29 08:01:29.078|DEBUG|ArtifactScraper|Parsing artifact substat: critrate+3.9%
2026-09-29 08:01:29.078|DEBUG|ArtifactScraper|Parsing artifact substat: hp+299
2026-09-29 08:01:29.078|DEBUG|ArtifactScraper|Parsing artifact substat: elementalmastery+19
2026-09-29 08:01:29.286|DEBUG|ArtifactScraper|Parsing artifact substat: atk+16
2026-09-29 08:01:29.286|DEBUG|ArtifactScraper|Parsing artifact substat: def+21
2026-09-29 08:01:29.286|DEBUG|ArtifactScraper|Parsing artifact substat: hp+239
2026-09-29 08:01:29.286|DEBUG|ArtifactScraper|Parsing artifact substat: def+5.8%
2026-09-29 08:01:29.596|DEBUG|ArtifactScraper|Parsing artifact substat: def+5.8%
2026-09-29 08:01:29.596|DEBUG|ArtifactScraper|Parsing artifact substat: energyrecharge+4.5%
2026-09-29 08:01:29.596|DEBUG|ArtifactScraper|Parsing artifact substat: atk+19
2026-09-29 08:01:29.596|DEBUG|ArtifactScraper|Parsing artifact substat: def+23
2026-09-29 08:01:29.630|DEBUG|ArtifactScraper|Parsing artifact substat: elementalmastery+19
2026-09-29 08:01:29.630|DEBUG|ArtifactScraper|Parsing artifact substat: critrate+3.9%
2026-09-29 08:01:29.630|DEBUG|ArtifactScraper|Parsing artifact substat: atk+19
2026-09-29 08:01:29.630|DEBUG|ArtifactScraper|Parsing artifact substat: energyrecharge+4.5%
2026-09-29 08:01:29.918|DEBUG|ArtifactScraper|Parsing artifact substat: atk+16
2026-09-29 08:01:29.918|DEBUG|ArtifactScraper|Parsing artifact substat: critdmg+7.8%
2026-09-29 08:01:29.918|DEBUG|ArtifactScraper|Parsing artifact substat: def+19
2026-09-29 08:01:29.918|DEBUG|ArtifactScraper|Parsing artifact substat: def+7.3%
2026-09-29 08:01:29.943|DEBUG|ArtifactScraper|Parsing artifact substat: elementalmastery+19
2026-09-29 08:01:29.943|DEBUG|ArtifactScraper|Parsing artifact substat: hp+299
2026-09-29 08:01:29.943|DEBUG|ArtifactScraper|Parsing artifact substat: energyrecharge+5.8%
2026-09-29 08:01:29.943|DEBUG|ArtifactScraper|Parsing artifact substat: def+16
2026-09-29 08:01:30.171|DEBUG|ArtifactScraper|Parsing artifact substat: def+16
2026-09-29 08:01:30.171|DEBUG|ArtifactScraper|Parsing artifact substat: def+5.8%
2026-09-29 08:01:30.171|DEBUG|ArtifactScraper|Parsing artifact substat: elementalmastery+23
2026-09-29 08:01:30.171|DEBUG|ArtifactScraper|Parsing artifact substat: hp+4.1%
2026-09-29 08:01:30.308|DEBUG|ArtifactScraper|Finished queuing page of artifacts. Scrolling...
2026-09-29 08:01:30.480|DEBUG|ArtifactScraper|Parsing artifact substat: atk+14
2026-09-29 08:01:30.480|DEBUG|ArtifactScraper|Parsing artifact substat: critrate+3.5%
2026-09-29 08:01:30.480|DEBUG|ArtifactScraper|Parsing artifact substat: hp+209
2026-09-29 08:01:30.480|DEBUG|ArtifactScraper|Parsing artifact substat: def+16
2026-09-29 08:01:30.488|DEBUG|ArtifactScraper|Parsing artifact substat: hp+5.8%
2026-09-29 08:01:30.488|DEBUG|ArtifactScraper|Parsing artifact substat: atk+14
2026-09-29 08:01:30.488|DEBUG|ArtifactScraper|Parsing artifact substat: hp+209
2026-09-29 08:01:30.488|DEBUG|ArtifactScraper|Parsing artifact substat: energyrecharge+5.2%
2026-09-29 08:01:30.738|DEBUG|ArtifactScraper|Parsing artifact substat: atk+18
2026-09-29 08:01:30.738|DEBUG|ArtifactScraper|Parsing artifact substat: def+23
2026-09-29 08:01:30.738|DEBUG|ArtifactScraper|Parsing artifact substat: atk+4.7%
2026-09-29 08:01:30.738|DEBUG|ArtifactScraper|Parsing artifact substat: elementalmastery+19
2026-09-29 08:01:32.491|DEBUG|ArtifactScraper|Scanning artifact page 44
2026-09-29 08:01:32.491|DEBUG|ArtifactScraper|Located 32 possible item locations on page.
2026-09-29 08:01:33.054|DEBUG|ArtifactScraper|Parsing artifact substat: hp+239
2026-09-29 08:01:33.054|DEBUG|ArtifactScraper|Parsing artifact substat: energyrecharge+4.5%
2026-09-29 08:01:33.054|DEBUG|ArtifactScraper|Parsing artifact substat: def+19
2026-09-29 08:01:33.054|DEBUG|ArtifactScraper|Parsing artifact substat: atk+19
2026-09-29 08:01:33.073|DEBUG|ArtifactScraper|Parsing artifact substat: hp+4.7%
2026-09-29 08:01:33.073|DEBUG|ArtifactScraper|Parsing artifact substat: def+16
2026-09-29 08:01:33.073|DEBUG|ArtifactScraper|Parsing artifact substat: hp+239
2026-09-29 08:01:33.073|DEBUG|ArtifactScraper|Parsing artifact substat: def+5.1%
2026-09-29 08:01:33.367|DEBUG|ArtifactScraper|Parsing artifact substat: elementalmastery+19
2026-09-29 08:01:33.367|DEBUG|ArtifactScraper|Parsing artifact substat: hp+4.7%
2026-09-29 08:01:33.367|DEBUG|ArtifactScraper|Parsing artifact substat: def+23
2026-09-29 08:01:33.367|DEBUG|ArtifactScraper|Parsing artifact substat: energyrecharge+5.8%
2026-09-29 08:01:33.391|DEBUG|ArtifactScraper|Parsing artifact substat: hp+209
2026-09-29 08:01:33.391|DEBUG|ArtifactScraper|Parsing artifact substat: def+19
2026-09-29 08:01:33.391|DEBUG|ArtifactScraper|Parsing artifact substat: critdmg+6.2%
2026-09-29 08:01:33.391|DEBUG|ArtifactScraper|Parsing artifact substat: def+5.1%(unactivated)
2026-09-29 08:01:33.701|DEBUG|ArtifactScraper|Parsing artifact substat: hp+239
2026-09-29 08:01:33.701|DEBUG|ArtifactScraper|Parsing artifact substat: energyrecharge+4.5%
2026-09-29 08:01:33.701|DEBUG|ArtifactScraper|Parsing artifact substat: def+21
2026-09-29 08:01:33.701|DEBUG|ArtifactScraper|Parsing artifact substat: atk+18(unactivated)
2026-09-29 08:01:33.726|DEBUG|ArtifactScraper|Parsing artifact substat: atk+4.1%
2026-09-29 08:01:33.726|DEBUG|ArtifactScraper|Parsing artifact substat: hp+5.8%
2026-09-29 08:01:33.726|DEBUG|ArtifactScraper|Parsing artifact substat: critrate+3.5%
2026-09-29 08:01:33.726|DEBUG|ArtifactScraper|Parsing artifact substat: atk+19(unactivated)
2026-09-29 08:01:33.956|DEBUG|ArtifactScraper|Parsing artifact substat: atk+5.8%
2026-09-29 08:01:33.956|DEBUG|ArtifactScraper|Parsing artifact substat: def+23
2026-09-29 08:01:33.956|DEBUG|ArtifactScraper|Parsing artifact substat: critrate+3.9%
2026-09-29 08:01:33.956|DEBUG|ArtifactScraper|Parsing artifact substat: atk+14(unactivated)
2026-09-29 08:01:34.273|DEBUG|ArtifactScraper|Parsing artifact substat: atk+5.8%
2026-09-29 08:01:34.273|DEBUG|ArtifactScraper|Parsing artifact substat: def+21
2026-09-29 08:01:34.273|DEBUG|ArtifactScraper|Parsing artifact substat: hp+299
2026-09-29 08:01:34.273|DEBUG|ArtifactScraper|Parsing artifact substat: atk+16(unactivated)
2026-09-29 08:01:34.288|DEBUG|ArtifactScraper|Parsing artifact substat: hp+299
2026-09-29 08:01:34.288|DEBUG|ArtifactScraper|Parsing artifact substat: critrate+2.7%
2026-09-29 08:01:34.288|DEBUG|ArtifactScraper|Parsing artifact substat: def+5.1%
2026-09-29 08:01:34.288|DEBUG|ArtifactScraper|Parsing artifact substat: hp+4.7%(unactivated)
2026-09-29 08:01:34.553|DEBUG|ArtifactScraper|Parsing artifact substat: def+23
2026-09-29 08:01:34.553|DEBUG|ArtifactScraper|Parsing artifact substat: hp+5.8%
2026-09-29 08:01:34.553|DEBUG|ArtifactScraper|Parsing artifact substat: hp+299
2026-09-29 08:01:34.553|DEBUG|ArtifactScraper|Parsing artifact substat: atk+18(unactivated)
2026-09-29 08:01:34.611|DEBUG|ArtifactScraper|Parsing artifact substat: energyrecharge+4.5%
2026-09-29 08:01:34.611|DEBUG|ArtifactScraper|Parsing artifact substat: hp+239
2026-09-29 08:01:34.611|DEBUG|ArtifactScraper|Parsing artifact substat: def+19
2026-09-29 08:01:34.612|DEBUG|ArtifactScraper|Parsing artifact substat: elementalmastery+23
2026-09-29 08:01:34.876|DEBUG|ArtifactScraper|Parsing artifact substat: hp+269
2026-09-29 08:01:34.876|DEBUG|ArtifactScraper|Parsing artifact substat: elementalmastery+19
2026-09-29 08:01:34.876|DEBUG|ArtifactScraper|Parsing artifact substat: atk+4.7%
2026-09-29 08:01:34.876|DEBUG|ArtifactScraper|Parsing artifact substat: atk+14(unactivated)
2026-09-29 08:01:34.968|DEBUG|ArtifactScraper|Parsing artifact substat: atk+19
2026-09-29 08:01:34.968|DEBUG|ArtifactScraper|Parsing artifact substat: elementalmastery+21
2026-09-29 08:01:34.968|DEBUG|ArtifactScraper|Parsing artifact substat: atk+4.7%
2026-09-29 08:01:34.968|DEBUG|ArtifactScraper|Parsing artifact substat: critrate+3.1%(unactivated)
2026-09-29 08:01:35.153|DEBUG|ArtifactScraper|Parsing artifact substat: critdmg+7.8%
2026-09-29 08:01:35.153|DEBUG|ArtifactScraper|Parsing artifact substat: atk+5.8%
2026-09-29 08:01:35.153|DEBUG|ArtifactScraper|Parsing artifact substat: def+7.3%
2026-09-29 08:01:35.153|DEBUG|ArtifactScraper|Parsing artifact substat: atk+16(unactivated)
2026-09-29 08:01:35.341|DEBUG|ArtifactScraper|Parsing artifact substat: def+19
2026-09-29 08:01:35.341|DEBUG|ArtifactScraper|Parsing artifact substat: elementalmastery+21
2026-09-29 08:01:35.341|DEBUG|ArtifactScraper|Parsing artifact substat: energyrecharge+6.5%
2026-09-29 08:01:35.341|DEBUG|ArtifactScraper|Parsing artifact substat: def+5.1%(unactivated)
2026-09-29 08:01:35.449|DEBUG|ArtifactScraper|Parsing artifact substat: hp+209
2026-09-29 08:01:35.449|DEBUG|ArtifactScraper|Parsing artifact substat: atk+14
2026-09-29 08:01:35.449|DEBUG|ArtifactScraper|Parsing artifact substat: hp+4.1%
2026-09-29 08:01:35.449|DEBUG|ArtifactScraper|Parsing artifact substat: def+7.3%(unactivated)
2026-09-29 08:01:35.683|DEBUG|ArtifactScraper|Parsing artifact substat: hp+5.8%
2026-09-29 08:01:35.683|DEBUG|ArtifactScraper|Parsing artifact substat: def+7.3%
2026-09-29 08:01:35.683|DEBUG|ArtifactScraper|Parsing artifact substat: elementalmastery+23
2026-09-29 08:01:35.683|DEBUG|ArtifactScraper|Parsing artifact substat: def+16(unactivated)
2026-09-29 08:01:35.787|DEBUG|ArtifactScraper|Parsing artifact substat: def+6.6%
2026-09-29 08:01:35.787|DEBUG|ArtifactScraper|Parsing artifact substat: atk+19
2026-09-29 08:01:35.787|DEBUG|ArtifactScraper|Parsing artifact substat: critdmg+6.2%
2026-09-29 08:01:35.787|DEBUG|ArtifactScraper|Parsing artifact substat: hp+269(unactivated)
2026-09-29 08:01:35.995|DEBUG|ArtifactScraper|Parsing artifact substat: hp+269
2026-09-29 08:01:35.995|DEBUG|ArtifactScraper|Parsing artifact substat: atk+16
2026-09-29 08:01:35.995|DEBUG|ArtifactScraper|Parsing artifact substat: critdmg+7.8%
2026-09-29 08:01:35.995|DEBUG|ArtifactScraper|Parsing artifact substat: elementalmastery+23
2026-09-29 08:01:36.158|DEBUG|ArtifactScraper|Parsing artifact substat: energyrecharge+6.5%
2026-09-29 08:01:36.158|DEBUG|ArtifactScraper|Parsing artifact substat: atk+14
2026-09-29 08:01:36.158|DEBUG|ArtifactScraper|Parsing artifact substat: critdmg+7.8%
2026-09-29 08:01:36.159|DEBUG|ArtifactScraper|Parsing artifact substat: hp+239(unactivated)
2026-09-29 08:01:36.335|DEBUG|ArtifactScraper|Parsing artifact substat: critdmg+6.2%
2026-09-29 08:01:36.335|DEBUG|ArtifactScraper|Parsing artifact substat: critrate+3.9%
2026-09-29 08:01:36.335|DEBUG|ArtifactScraper|Parsing artifact substat: atk+5.3%
2026-09-29 08:01:36.335|DEBUG|ArtifactScraper|Parsing artifact substat: elementalmastery+16
2026-09-29 08:01:36.521|DEBUG|ArtifactScraper|Parsing artifact substat: atk+16
2026-09-29 08:01:36.521|DEBUG|ArtifactScraper|Parsing artifact substat: energyrecharge+4.5%
2026-09-29 08:01:36.521|DEBUG|ArtifactScraper|Parsing artifact substat: def+5.8%
2026-09-29 08:01:36.521|DEBUG|ArtifactScraper|Parsing artifact substat: atk+4.7%(unactivated)
2026-09-29 08:01:36.711|DEBUG|ArtifactScraper|Parsing artifact substat: def+5.8%
2026-09-29 08:01:36.711|DEBUG|ArtifactScraper|Parsing artifact substat: energyrecharge+5.2%
2026-09-29 08:01:36.711|DEBUG|ArtifactScraper|Parsing artifact substat: critdmg+6.2%
2026-09-29 08:01:36.711|DEBUG|ArtifactScraper|Parsing artifact substat: elementalmastery+21
2026-09-29 08:01:36.810|DEBUG|ArtifactScraper|Parsing artifact substat: critdmg+7.8%
2026-09-29 08:01:36.810|DEBUG|ArtifactScraper|Parsing artifact substat: def+5.1%
2026-09-29 08:01:36.810|DEBUG|ArtifactScraper|Parsing artifact substat: energyrecharge+5.8%
2026-09-29 08:01:36.810|DEBUG|ArtifactScraper|Parsing artifact substat: elementalmastery+23
2026-09-29 08:01:37.075|DEBUG|ArtifactScraper|Parsing artifact substat: def+5.1%
2026-09-29 08:01:37.075|DEBUG|ArtifactScraper|Parsing artifact substat: critdmg+6.2%
2026-09-29 08:01:37.075|DEBUG|ArtifactScraper|Parsing artifact substat: critrate+3.9%
2026-09-29 08:01:37.075|DEBUG|ArtifactScraper|Parsing artifact substat: atk+4.7%(unactivated)
2026-09-29 08:01:37.189|DEBUG|ArtifactScraper|Parsing artifact substat: energyrecharge+4.5%
2026-09-29 08:01:37.189|DEBUG|ArtifactScraper|Parsing artifact substat: elementalmastery+21
2026-09-29 08:01:37.189|DEBUG|ArtifactScraper|Parsing artifact substat: atk+16
2026-09-29 08:01:37.190|DEBUG|ArtifactScraper|Parsing artifact substat: def+19(unactivated)
2026-09-29 08:01:37.359|DEBUG|ArtifactScraper|Parsing artifact substat: atk+18
2026-09-29 08:01:37.359|DEBUG|ArtifactScraper|Parsing artifact substat: def+7.3%
2026-09-29 08:01:37.359|DEBUG|ArtifactScraper|Parsing artifact substat: def+21
2026-09-29 08:01:37.359|DEBUG|ArtifactScraper|Parsing artifact substat: hp+5.3%
2026-09-29 08:01:37.556|DEBUG|ArtifactScraper|Parsing artifact substat: elementalmastery+23
2026-09-29 08:01:37.556|DEBUG|ArtifactScraper|Parsing artifact substat: hp+299
2026-09-29 08:01:37.556|DEBUG|ArtifactScraper|Parsing artifact substat: def+21
2026-09-29 08:01:37.556|DEBUG|ArtifactScraper|Parsing artifact substat: critrate+3.9%(unactivated)
2026-09-29 08:01:37.698|DEBUG|ArtifactScraper|Parsing artifact substat: critrate+2.7%
2026-09-29 08:01:37.698|DEBUG|ArtifactScraper|Parsing artifact substat: hp+209
2026-09-29 08:01:37.698|DEBUG|ArtifactScraper|Parsing artifact substat: elementalmastery+16
2026-09-29 08:01:37.698|DEBUG|ArtifactScraper|Parsing artifact substat: critdmg+5.4%(unactivated)
2026-09-29 08:01:37.844|DEBUG|ArtifactScraper|Finished queuing page of artifacts. Scrolling...
2026-09-29 08:01:37.916|DEBUG|ArtifactScraper|Parsing artifact substat: hp+269
2026-09-29 08:01:37.916|DEBUG|ArtifactScraper|Parsing artifact substat: elementalmastery+23
2026-09-29 08:01:37.916|DEBUG|ArtifactScraper|Parsing artifact substat: def+5.8%
2026-09-29 08:01:37.916|DEBUG|ArtifactScraper|Parsing artifact substat: def+21(unactivated)
2026-09-29 08:01:38.068|DEBUG|ArtifactScraper|Parsing artifact substat: energyrecharge+5.8%
2026-09-29 08:01:38.068|DEBUG|ArtifactScraper|Parsing artifact substat: hp+299
2026-09-29 08:01:38.068|DEBUG|ArtifactScraper|Parsing artifact substat: critdmg+7.0%
2026-09-29 08:01:38.068|DEBUG|ArtifactScraper|Parsing artifact substat: def+16(unactivated)
2026-09-29 08:01:38.181|DEBUG|ArtifactScraper|Parsing artifact substat: hp+4.1%
2026-09-29 08:01:38.181|DEBUG|ArtifactScraper|Parsing artifact substat: energyrecharge+5.2%
2026-09-29 08:01:38.181|DEBUG|ArtifactScraper|Parsing artifact substat: atk+16
2026-09-29 08:01:38.197|ERROR|UserInterface|Unable to validate information for artifact ID#1407
2026-09-29 08:01:38.197|ERROR|UserInterface|Invalid artifact level
Artifact ID: 1407
Slot: sands
Set: ViridescentVenerer
Rarity: 5
Level: 24
Main Stat: eleMas
Substat 1: hp_ + 4,1%
Substat 2: enerRech_ + 5,2%
Substat 3: atk + 16
Locked: False
Equipped character: YumemizukiMizuki

2026-09-29 08:01:39.812|DEBUG|ArtifactScraper|Scanning artifact page 45
2026-09-29 08:01:39.812|DEBUG|ArtifactScraper|Located 32 possible item locations on page.
2026-09-29 08:01:40.204|DEBUG|ArtifactScraper|Parsing artifact substat: critrate+3.9%
2026-09-29 08:01:40.204|DEBUG|ArtifactScraper|Parsing artifact substat: atk+14
2026-09-29 08:01:40.204|DEBUG|ArtifactScraper|Parsing artifact substat: critdmg+7.0%
2026-09-29 08:01:40.205|DEBUG|ArtifactScraper|Parsing artifact substat: def+16
2026-09-29 08:01:40.394|DEBUG|ArtifactScraper|Parsing artifact substat: energyrecharge+6.5%
2026-09-29 08:01:40.394|DEBUG|ArtifactScraper|Parsing artifact substat: def+16
2026-09-29 08:01:40.394|DEBUG|ArtifactScraper|Parsing artifact substat: atk+16
2026-09-29 08:01:40.394|DEBUG|ArtifactScraper|Parsing artifact substat: hp+239
2026-09-29 08:01:40.522|DEBUG|ArtifactScraper|Parsing artifact substat: def+7.3%
2026-09-29 08:01:40.522|DEBUG|ArtifactScraper|Parsing artifact substat: atk+19
2026-09-29 08:01:40.522|DEBUG|ArtifactScraper|Parsing artifact substat: def+16
2026-09-29 08:01:40.522|DEBUG|ArtifactScraper|Parsing artifact substat: elementalmastery+19
2026-09-29 08:01:40.757|DEBUG|ArtifactScraper|Parsing artifact substat: elementalmastery+21
2026-09-29 08:01:40.757|DEBUG|ArtifactScraper|Parsing artifact substat: def+16
2026-09-29 08:01:40.757|DEBUG|ArtifactScraper|Parsing artifact substat: atk+14
2026-09-29 08:01:40.757|DEBUG|ArtifactScraper|Parsing artifact substat: critdmg+6.2%(unactivated)
2026-09-29 08:01:40.996|DEBUG|ArtifactScraper|Parsing artifact substat: hp+209
2026-09-29 08:01:40.996|DEBUG|ArtifactScraper|Parsing artifact substat: energyrecharge+4.5%
2026-09-29 08:01:40.996|DEBUG|ArtifactScraper|Parsing artifact substat: atk+5.3%
2026-09-29 08:01:40.996|DEBUG|ArtifactScraper|Parsing artifact substat: critrate+3.1%(unactivated)
2026-09-29 08:01:41.073|DEBUG|ArtifactScraper|Parsing artifact substat: atk+5.8%
2026-09-29 08:01:41.073|DEBUG|ArtifactScraper|Parsing artifact substat: energyrecharge+6.5%
2026-09-29 08:01:41.073|DEBUG|ArtifactScraper|Parsing artifact substat: atk+18
2026-09-29 08:01:41.073|DEBUG|ArtifactScraper|Parsing artifact substat: hp+299(unactivated)
2026-09-29 08:01:41.314|DEBUG|ArtifactScraper|Parsing artifact substat: energyrecharge+6.5%
2026-09-29 08:01:41.314|DEBUG|ArtifactScraper|Parsing artifact substat: atk+18
2026-09-29 08:01:41.314|DEBUG|ArtifactScraper|Parsing artifact substat: def+19
2026-09-29 08:01:41.314|DEBUG|ArtifactScraper|Parsing artifact substat: elementalmastery+16
2026-09-29 08:01:41.592|DEBUG|ArtifactScraper|Parsing artifact substat: energyrecharge+5.2%
2026-09-29 08:01:41.592|DEBUG|ArtifactScraper|Parsing artifact substat: atk+19
2026-09-29 08:01:41.592|DEBUG|ArtifactScraper|Parsing artifact substat: hp+4.7%
2026-09-29 08:01:41.592|DEBUG|ArtifactScraper|Parsing artifact substat: hp+269(unactivated)
2026-09-29 08:01:41.665|DEBUG|ArtifactScraper|Parsing artifact substat: def+7.3%
2026-09-29 08:01:41.665|DEBUG|ArtifactScraper|Parsing artifact substat: critrate+3.1%
2026-09-29 08:01:41.665|DEBUG|ArtifactScraper|Parsing artifact substat: energyrecharge+6.5%
2026-09-29 08:01:41.665|DEBUG|ArtifactScraper|Parsing artifact substat: hp+299(unactivated)
2026-09-29 08:01:41.979|DEBUG|ArtifactScraper|Parsing artifact substat: critdmg+7.0%
2026-09-29 08:01:41.979|DEBUG|ArtifactScraper|Parsing artifact substat: elementalmastery+16
2026-09-29 08:01:41.979|DEBUG|ArtifactScraper|Parsing artifact substat: atk+5.8%
2026-09-29 08:01:41.979|DEBUG|ArtifactScraper|Parsing artifact substat: hp+269
2026-09-29 08:01:41.979|DEBUG|ArtifactScraper|Parsing artifact substat: elementalmastery+19
2026-09-29 08:01:41.979|DEBUG|ArtifactScraper|Parsing artifact substat: def+7.3%
2026-09-29 08:01:41.979|DEBUG|ArtifactScraper|Parsing artifact substat: energyrecharge+6.5%
2026-09-29 08:01:41.979|DEBUG|ArtifactScraper|Parsing artifact substat: atk+16(unactivated)
2026-09-29 08:01:42.316|DEBUG|ArtifactScraper|Parsing artifact substat: hp+209
2026-09-29 08:01:42.316|DEBUG|ArtifactScraper|Parsing artifact substat: critrate+3.1%
2026-09-29 08:01:42.316|DEBUG|ArtifactScraper|Parsing artifact substat: def+23
2026-09-29 08:01:42.316|DEBUG|ArtifactScraper|Parsing artifact substat: energyrecharge+5.2%
2026-09-29 08:01:42.399|DEBUG|ArtifactScraper|Parsing artifact substat: energyrecharge+5.8%
2026-09-29 08:01:42.399|DEBUG|ArtifactScraper|Parsing artifact substat: hp+239
2026-09-29 08:01:42.399|DEBUG|ArtifactScraper|Parsing artifact substat: def+19
2026-09-29 08:01:42.399|DEBUG|ArtifactScraper|Parsing artifact substat: elementalmastery+19
2026-09-29 08:01:42.661|DEBUG|ArtifactScraper|Parsing artifact substat: hp+239
2026-09-29 08:01:42.661|DEBUG|ArtifactScraper|Parsing artifact substat: atk+19
2026-09-29 08:01:42.661|DEBUG|ArtifactScraper|Parsing artifact substat: hp+4.7%
2026-09-29 08:01:42.661|DEBUG|ArtifactScraper|Parsing artifact substat: atk+5.3%(unactivated)
2026-09-29 08:01:42.718|DEBUG|ArtifactScraper|Parsing artifact substat: def+19
2026-09-29 08:01:42.718|DEBUG|ArtifactScraper|Parsing artifact substat: atk+16
2026-09-29 08:01:42.718|DEBUG|ArtifactScraper|Parsing artifact substat: critrate+3.1%
2026-09-29 08:01:42.718|DEBUG|ArtifactScraper|Parsing artifact substat: energyrecharge+6.5%
2026-09-29 08:01:43.066|DEBUG|ArtifactScraper|Parsing artifact substat: def+7.3%
2026-09-29 08:01:43.066|DEBUG|ArtifactScraper|Parsing artifact substat: atk+4.1%
2026-09-29 08:01:43.066|DEBUG|ArtifactScraper|Parsing artifact substat: critdmg+5.4%
2026-09-29 08:01:43.066|DEBUG|ArtifactScraper|Parsing artifact substat: energyrecharge+5.8%
2026-09-29 08:01:43.111|DEBUG|ArtifactScraper|Parsing artifact substat: critdmg+7.8%
2026-09-29 08:01:43.111|DEBUG|ArtifactScraper|Parsing artifact substat: energyrecharge+4.5%
2026-09-29 08:01:43.111|DEBUG|ArtifactScraper|Parsing artifact substat: def+21
2026-09-29 08:01:43.111|DEBUG|ArtifactScraper|Parsing artifact substat: atk+4.7%(unactivated)
2026-09-29 08:01:43.442|DEBUG|ArtifactScraper|Parsing artifact substat: def+19
2026-09-29 08:01:43.442|DEBUG|ArtifactScraper|Parsing artifact substat: atk+4.7%
2026-09-29 08:01:43.442|DEBUG|ArtifactScraper|Parsing artifact substat: def+5.8%
2026-09-29 08:01:43.442|DEBUG|ArtifactScraper|Parsing artifact substat: elementalmastery+19
2026-09-29 08:01:43.540|DEBUG|ArtifactScraper|Parsing artifact substat: critdmg+7.8%
2026-09-29 08:01:43.540|DEBUG|ArtifactScraper|Parsing artifact substat: atk+18
2026-09-29 08:01:43.540|DEBUG|ArtifactScraper|Parsing artifact substat: hp+5.8%
2026-09-29 08:01:43.540|DEBUG|ArtifactScraper|Parsing artifact substat: critrate+3.5%(unactivated)
2026-09-29 08:01:43.576|DEBUG|ArtifactScraper|Parsing artifact substat: hp+299
2026-09-29 08:01:43.576|DEBUG|ArtifactScraper|Parsing artifact substat: critdmg+7.8%
2026-09-29 08:01:43.576|DEBUG|ArtifactScraper|Parsing artifact substat: hp+5.3%
2026-09-29 08:01:43.576|DEBUG|ArtifactScraper|Parsing artifact substat: atk+16(unactivated)
2026-09-29 08:01:43.831|DEBUG|ArtifactScraper|Parsing artifact substat: hp+239
2026-09-29 08:01:43.831|DEBUG|ArtifactScraper|Parsing artifact substat: def+23
2026-09-29 08:01:43.831|DEBUG|ArtifactScraper|Parsing artifact substat: atk+19
2026-09-29 08:01:43.831|DEBUG|ArtifactScraper|Parsing artifact substat: def+6.6%
2026-09-29 08:01:43.942|DEBUG|ArtifactScraper|Parsing artifact substat: atk+5.3%
2026-09-29 08:01:43.942|DEBUG|ArtifactScraper|Parsing artifact substat: hp+4.7%
2026-09-29 08:01:43.942|DEBUG|ArtifactScraper|Parsing artifact substat: elementalmastery+19
2026-09-29 08:01:43.942|DEBUG|ArtifactScraper|Parsing artifact substat: atk+14
2026-09-29 08:01:44.294|DEBUG|ArtifactScraper|Parsing artifact substat: critrate+3.1%
2026-09-29 08:01:44.294|DEBUG|ArtifactScraper|Parsing artifact substat: atk+16
2026-09-29 08:01:44.294|DEBUG|ArtifactScraper|Parsing artifact substat: def+23
2026-09-29 08:01:44.294|DEBUG|ArtifactScraper|Parsing artifact substat: energyrecharge+5.2%
2026-09-29 08:01:44.315|DEBUG|ArtifactScraper|Parsing artifact substat: atk+16
2026-09-29 08:01:44.315|DEBUG|ArtifactScraper|Parsing artifact substat: critrate+2.7%
2026-09-29 08:01:44.315|DEBUG|ArtifactScraper|Parsing artifact substat: energyrecharge+5.8%
2026-09-29 08:01:44.315|DEBUG|ArtifactScraper|Parsing artifact substat: atk+5.3%(unactivated)
2026-09-29 08:01:44.426|DEBUG|ArtifactScraper|Parsing artifact substat: elementalmastery+19
2026-09-29 08:01:44.426|DEBUG|ArtifactScraper|Parsing artifact substat: critrate+3.1%
2026-09-29 08:01:44.426|DEBUG|ArtifactScraper|Parsing artifact substat: hp+299
2026-09-29 08:01:44.426|DEBUG|ArtifactScraper|Parsing artifact substat: energyrecharge+5.2%
2026-09-29 08:01:44.716|DEBUG|ArtifactScraper|Parsing artifact substat: atk+14
2026-09-29 08:01:44.716|DEBUG|ArtifactScraper|Parsing artifact substat: hp+5.3%
2026-09-29 08:01:44.716|DEBUG|ArtifactScraper|Parsing artifact substat: hp+209
2026-09-29 08:01:44.716|DEBUG|ArtifactScraper|Parsing artifact substat: critdmg+5.4%(unactivated)
2026-09-29 08:01:44.773|DEBUG|ArtifactScraper|Parsing artifact substat: atk+19
2026-09-29 08:01:44.773|DEBUG|ArtifactScraper|Parsing artifact substat: atk+5.3%
2026-09-29 08:01:44.773|DEBUG|ArtifactScraper|Parsing artifact substat: energyrecharge+4.5%
2026-09-29 08:01:44.773|DEBUG|ArtifactScraper|Parsing artifact substat: critrate+3.9%(unactivated)
2026-09-29 08:01:45.133|DEBUG|ArtifactScraper|Parsing artifact substat: def+5.8%
2026-09-29 08:01:45.133|DEBUG|ArtifactScraper|Parsing artifact substat: atk+5.3%
2026-09-29 08:01:45.133|DEBUG|ArtifactScraper|Parsing artifact substat: hp+209
2026-09-29 08:01:45.133|DEBUG|ArtifactScraper|Parsing artifact substat: energyrecharge+6.5%
2026-09-29 08:01:45.133|DEBUG|ArtifactScraper|Parsing artifact substat: critrate+3.5%
2026-09-29 08:01:45.133|DEBUG|ArtifactScraper|Parsing artifact substat: def+5.1%
2026-09-29 08:01:45.133|DEBUG|ArtifactScraper|Parsing artifact substat: elementalmastery+16
2026-09-29 08:01:45.133|DEBUG|ArtifactScraper|Parsing artifact substat: hp+239(unactivated)
2026-09-29 08:01:45.236|DEBUG|ArtifactScraper|Finished queuing page of artifacts. Scrolling...
2026-09-29 08:01:45.420|DEBUG|ArtifactScraper|Parsing artifact substat: atk+4.7%
2026-09-29 08:01:45.420|DEBUG|ArtifactScraper|Parsing artifact substat: hp+239
2026-09-29 08:01:45.420|DEBUG|ArtifactScraper|Parsing artifact substat: critdmg+7.8%
2026-09-29 08:01:45.420|DEBUG|ArtifactScraper|Parsing artifact substat: atk+14(unactivated)
2026-09-29 08:01:45.550|DEBUG|ArtifactScraper|Parsing artifact substat: hp+209
2026-09-29 08:01:45.550|DEBUG|ArtifactScraper|Parsing artifact substat: def+5.8%
2026-09-29 08:01:45.550|DEBUG|ArtifactScraper|Parsing artifact substat: elementalmastery+16
2026-09-29 08:01:45.550|DEBUG|ArtifactScraper|Parsing artifact substat: energyrecharge+6.5%
2026-09-29 08:01:45.752|DEBUG|ArtifactScraper|Parsing artifact substat: hp+4.1%
2026-09-29 08:01:45.752|DEBUG|ArtifactScraper|Parsing artifact substat: energyrecharge+5.8%
2026-09-29 08:01:45.752|DEBUG|ArtifactScraper|Parsing artifact substat: atk+5.8%
2026-09-29 08:01:45.769|ERROR|UserInterface|Unable to validate information for artifact ID#1439
2026-09-29 08:01:45.769|ERROR|UserInterface|Invalid artifact level
Artifact ID: 1439
Slot: circlet
Set: ViridescentVenerer
Rarity: 5
Level: 24
Main Stat: eleMas
Substat 1: hp_ + 4,1%
Substat 2: enerRech_ + 5,8%
Substat 3: atk_ + 5,8%
Locked: False
Equipped character: YumemizukiMizuki

2026-09-29 08:01:47.562|DEBUG|ArtifactScraper|Scanning artifact page 46
2026-09-29 08:01:47.562|DEBUG|ArtifactScraper|Located 32 possible item locations on page.
2026-09-29 08:01:48.077|DEBUG|ArtifactScraper|Parsing artifact substat: def+5.8%
2026-09-29 08:01:48.077|DEBUG|ArtifactScraper|Parsing artifact substat: energyrecharge+6.5%
2026-09-29 08:01:48.077|DEBUG|ArtifactScraper|Parsing artifact substat: atk+14
2026-09-29 08:01:48.077|DEBUG|ArtifactScraper|Parsing artifact substat: critdmg+7.0%(unactivated)
2026-09-29 08:01:48.234|DEBUG|ArtifactScraper|Parsing artifact substat: atk+19
2026-09-29 08:01:48.234|DEBUG|ArtifactScraper|Parsing artifact substat: hp+5.3%
2026-09-29 08:01:48.234|DEBUG|ArtifactScraper|Parsing artifact substat: energyrecharge+6.5%
2026-09-29 08:01:48.234|DEBUG|ArtifactScraper|Parsing artifact substat: hp+299
2026-09-29 08:01:48.483|DEBUG|ArtifactScraper|Parsing artifact substat: hp+299
2026-09-29 08:01:48.483|DEBUG|ArtifactScraper|Parsing artifact substat: atk+19
2026-09-29 08:01:48.483|DEBUG|ArtifactScraper|Parsing artifact substat: energyrecharge+4.5%
2026-09-29 08:01:48.483|DEBUG|ArtifactScraper|Parsing artifact substat: atk+5.3%(unactivated)
2026-09-29 08:01:48.643|DEBUG|ArtifactScraper|Parsing artifact substat: critdmg+5.4%
2026-09-29 08:01:48.643|DEBUG|ArtifactScraper|Parsing artifact substat: atk+16
2026-09-29 08:01:48.643|DEBUG|ArtifactScraper|Parsing artifact substat: atk+4.1%
2026-09-29 08:01:48.643|DEBUG|ArtifactScraper|Parsing artifact substat: hp+209(unactivated)
2026-09-29 08:01:48.782|DEBUG|ArtifactScraper|Parsing artifact substat: energyrecharge+5.2%
2026-09-29 08:01:48.782|DEBUG|ArtifactScraper|Parsing artifact substat: elementalmastery+23
2026-09-29 08:01:48.782|DEBUG|ArtifactScraper|Parsing artifact substat: def+21
2026-09-29 08:01:48.782|DEBUG|ArtifactScraper|Parsing artifact substat: atk+16(unactivated)
2026-09-29 08:01:49.034|DEBUG|ArtifactScraper|Parsing artifact substat: atk+18
2026-09-29 08:01:49.034|DEBUG|ArtifactScraper|Parsing artifact substat: hp+5.3%
2026-09-29 08:01:49.034|DEBUG|ArtifactScraper|Parsing artifact substat: def+21
2026-09-29 08:01:49.034|DEBUG|ArtifactScraper|Parsing artifact substat: critrate+3.9%(unactivated)
2026-09-29 08:01:49.190|DEBUG|ArtifactScraper|Parsing artifact substat: elementalmastery+16
2026-09-29 08:01:49.190|DEBUG|ArtifactScraper|Parsing artifact substat: atk+19
2026-09-29 08:01:49.190|DEBUG|ArtifactScraper|Parsing artifact substat: energyrecharge+5.8%
2026-09-29 08:01:49.190|DEBUG|ArtifactScraper|Parsing artifact substat: critdmg+7.0%(unactivated)
2026-09-29 08:01:49.503|DEBUG|ArtifactScraper|Parsing artifact substat: energyrecharge+5.8%
2026-09-29 08:01:49.503|DEBUG|ArtifactScraper|Parsing artifact substat: def+5.1%
2026-09-29 08:01:49.503|DEBUG|ArtifactScraper|Parsing artifact substat: hp+239
2026-09-29 08:01:49.503|DEBUG|ArtifactScraper|Parsing artifact substat: elementalmastery+19
2026-09-29 08:01:49.503|DEBUG|ArtifactScraper|Parsing artifact substat: elementalmastery+19
2026-09-29 08:01:49.503|DEBUG|ArtifactScraper|Parsing artifact substat: atk+4.7%
2026-09-29 08:01:49.503|DEBUG|ArtifactScraper|Parsing artifact substat: energyrecharge+4.5%
2026-09-29 08:01:49.503|DEBUG|ArtifactScraper|Parsing artifact substat: def+7.3%
2026-09-29 08:01:49.605|DEBUG|ArtifactScraper|Parsing artifact substat: critdmg+7.8%
2026-09-29 08:01:49.605|DEBUG|ArtifactScraper|Parsing artifact substat: def+5.8%
2026-09-29 08:01:49.605|DEBUG|ArtifactScraper|Parsing artifact substat: hp+4.1%
2026-09-29 08:01:49.605|DEBUG|ArtifactScraper|Parsing artifact substat: atk+5.8%
2026-09-29 08:01:49.901|DEBUG|ArtifactScraper|Parsing artifact substat: atk+4.1%
2026-09-29 08:01:49.901|DEBUG|ArtifactScraper|Parsing artifact substat: elementalmastery+16
2026-09-29 08:01:49.901|DEBUG|ArtifactScraper|Parsing artifact substat: hp+4.7%
2026-09-29 08:01:49.901|DEBUG|ArtifactScraper|Parsing artifact substat: critrate+3.5%
2026-09-29 08:01:50.005|DEBUG|ArtifactScraper|Parsing artifact substat: atk+5.3%
2026-09-29 08:01:50.005|DEBUG|ArtifactScraper|Parsing artifact substat: elementalmastery+21
2026-09-29 08:01:50.005|DEBUG|ArtifactScraper|Parsing artifact substat: critdmg+7.0%
2026-09-29 08:01:50.005|DEBUG|ArtifactScraper|Parsing artifact substat: def+7.3%
2026-09-29 08:01:50.175|DEBUG|ArtifactScraper|Parsing artifact substat: critdmg+7.8%
2026-09-29 08:01:50.175|DEBUG|ArtifactScraper|Parsing artifact substat: elementalmastery+21
2026-09-29 08:01:50.175|DEBUG|ArtifactScraper|Parsing artifact substat: atk+16
2026-09-29 08:01:50.175|DEBUG|ArtifactScraper|Parsing artifact substat: atk+4.1%
2026-09-29 08:01:50.279|DEBUG|ArtifactScraper|Parsing artifact substat: atk+4.1%
2026-09-29 08:01:50.279|DEBUG|ArtifactScraper|Parsing artifact substat: def+23
2026-09-29 08:01:50.279|DEBUG|ArtifactScraper|Parsing artifact substat: atk+18
2026-09-29 08:01:50.279|DEBUG|ArtifactScraper|Parsing artifact substat: critrate+2.7%
2026-09-29 08:01:50.563|DEBUG|ArtifactScraper|Parsing artifact substat: energyrecharge+6.5%
2026-09-29 08:01:50.563|DEBUG|ArtifactScraper|Parsing artifact substat: hp+5.8%
2026-09-29 08:01:50.563|DEBUG|ArtifactScraper|Parsing artifact substat: critdmg+5.4%
2026-09-29 08:01:50.563|DEBUG|ArtifactScraper|Parsing artifact substat: atk+5.3%(unactivated)
2026-09-29 08:01:50.646|DEBUG|ArtifactScraper|Parsing artifact substat: critrate+3.9%
2026-09-29 08:01:50.646|DEBUG|ArtifactScraper|Parsing artifact substat: critdmg+6.2%
2026-09-29 08:01:50.646|DEBUG|ArtifactScraper|Parsing artifact substat: def+19
2026-09-29 08:01:50.646|DEBUG|ArtifactScraper|Parsing artifact substat: energyrecharge+6.5%
2026-09-29 08:01:50.945|DEBUG|ArtifactScraper|Parsing artifact substat: atk+5.3%
2026-09-29 08:01:50.945|DEBUG|ArtifactScraper|Parsing artifact substat: def+16
2026-09-29 08:01:50.945|DEBUG|ArtifactScraper|Parsing artifact substat: energyrecharge+4.5%
2026-09-29 08:01:50.945|DEBUG|ArtifactScraper|Parsing artifact substat: critdmg+5.4%(unactivated)
2026-09-29 08:01:50.973|DEBUG|ArtifactScraper|Parsing artifact substat: def+23
2026-09-29 08:01:50.973|DEBUG|ArtifactScraper|Parsing artifact substat: elementalmastery+16
2026-09-29 08:01:50.973|DEBUG|ArtifactScraper|Parsing artifact substat: atk+5.8%
2026-09-29 08:01:50.973|DEBUG|ArtifactScraper|Parsing artifact substat: critrate+3.9%(unactivated)
2026-09-29 08:01:51.316|DEBUG|ArtifactScraper|Parsing artifact substat: energyrecharge+5.2%
2026-09-29 08:01:51.316|DEBUG|ArtifactScraper|Parsing artifact substat: atk+4.1%
2026-09-29 08:01:51.316|DEBUG|ArtifactScraper|Parsing artifact substat: critrate+2.7%
2026-09-29 08:01:51.316|DEBUG|ArtifactScraper|Parsing artifact substat: atk+14(unactivated)
2026-09-29 08:01:51.330|DEBUG|ArtifactScraper|Parsing artifact substat: atk+4.1%
2026-09-29 08:01:51.330|DEBUG|ArtifactScraper|Parsing artifact substat: atk+16
2026-09-29 08:01:51.330|DEBUG|ArtifactScraper|Parsing artifact substat: def+16
2026-09-29 08:01:51.330|DEBUG|ArtifactScraper|Parsing artifact substat: critrate+3.9%(unactivated)
2026-09-29 08:01:51.625|DEBUG|ArtifactScraper|Parsing artifact substat: atk+4.1%
2026-09-29 08:01:51.625|DEBUG|ArtifactScraper|Parsing artifact substat: critrate+3.1%
2026-09-29 08:01:51.625|DEBUG|ArtifactScraper|Parsing artifact substat: def+7.3%
2026-09-29 08:01:51.625|DEBUG|ArtifactScraper|Parsing artifact substat: energyrecharge+4.5%
2026-09-29 08:01:51.745|DEBUG|ArtifactScraper|Parsing artifact substat: atk+5.3%
2026-09-29 08:01:51.745|DEBUG|ArtifactScraper|Parsing artifact substat: def+19
2026-09-29 08:01:51.745|DEBUG|ArtifactScraper|Parsing artifact substat: elementalmastery+19
2026-09-29 08:01:51.745|DEBUG|ArtifactScraper|Parsing artifact substat: critdmg+7.8%(unactivated)
2026-09-29 08:01:52.046|DEBUG|ArtifactScraper|Parsing artifact substat: critdmg+7.8%
2026-09-29 08:01:52.046|DEBUG|ArtifactScraper|Parsing artifact substat: elementalmastery+23
2026-09-29 08:01:52.046|DEBUG|ArtifactScraper|Parsing artifact substat: atk+4.1%
2026-09-29 08:01:52.046|DEBUG|ArtifactScraper|Parsing artifact substat: atk+14(unactivated)
2026-09-29 08:01:52.103|DEBUG|ArtifactScraper|Parsing artifact substat: energyrecharge+5.8%
2026-09-29 08:01:52.103|DEBUG|ArtifactScraper|Parsing artifact substat: critrate+3.5%
2026-09-29 08:01:52.103|DEBUG|ArtifactScraper|Parsing artifact substat: atk+14
2026-09-29 08:01:52.103|DEBUG|ArtifactScraper|Parsing artifact substat: critdmg+7.8%(unactivated)
2026-09-29 08:01:52.208|DEBUG|ArtifactScraper|Parsing artifact substat: atk+16
2026-09-29 08:01:52.208|DEBUG|ArtifactScraper|Parsing artifact substat: energyrecharge+5.2%
2026-09-29 08:01:52.208|DEBUG|ArtifactScraper|Parsing artifact substat: critrate+3.1%
2026-09-29 08:01:52.208|DEBUG|ArtifactScraper|Parsing artifact substat: atk+5.3%(unactivated)
2026-09-29 08:01:52.468|DEBUG|ArtifactScraper|Parsing artifact substat: atk+4.1%
2026-09-29 08:01:52.468|DEBUG|ArtifactScraper|Parsing artifact substat: elementalmastery+21
2026-09-29 08:01:52.468|DEBUG|ArtifactScraper|Parsing artifact substat: def+21
2026-09-29 08:01:52.468|DEBUG|ArtifactScraper|Parsing artifact substat: critrate+2.7%(unactivated)
2026-09-29 08:01:52.510|DEBUG|ArtifactScraper|Parsing artifact substat: def+23
2026-09-29 08:01:52.510|DEBUG|ArtifactScraper|Parsing artifact substat: critdmg+5.4%
2026-09-29 08:01:52.510|DEBUG|ArtifactScraper|Parsing artifact substat: hp+4.7%
2026-09-29 08:01:52.510|DEBUG|ArtifactScraper|Parsing artifact substat: critrate+3.5%(unactivated)
2026-09-29 08:01:52.862|DEBUG|ArtifactScraper|Parsing artifact substat: critrate+2.7%
2026-09-29 08:01:52.862|DEBUG|ArtifactScraper|Parsing artifact substat: atk+5.3%
2026-09-29 08:01:52.862|DEBUG|ArtifactScraper|Parsing artifact substat: atk+18
2026-09-29 08:01:52.862|DEBUG|ArtifactScraper|Parsing artifact substat: energyrecharge+5.8%
2026-09-29 08:01:52.902|DEBUG|ArtifactScraper|Parsing artifact substat: energyrecharge+5.8%
2026-09-29 08:01:52.902|DEBUG|ArtifactScraper|Parsing artifact substat: critdmg+7.8%
2026-09-29 08:01:52.902|DEBUG|ArtifactScraper|Parsing artifact substat: atk+4.1%
2026-09-29 08:01:52.902|DEBUG|ArtifactScraper|Parsing artifact substat: critrate+3.9%(unactivated)
2026-09-29 08:01:53.003|DEBUG|ArtifactScraper|Finished queuing page of artifacts. Scrolling...
2026-09-29 08:01:53.164|DEBUG|ArtifactScraper|Parsing artifact substat: atk+4.7%
2026-09-29 08:01:53.164|DEBUG|ArtifactScraper|Parsing artifact substat: critdmg+6.2%
2026-09-29 08:01:53.164|DEBUG|ArtifactScraper|Parsing artifact substat: atk+16
2026-09-29 08:01:53.164|DEBUG|ArtifactScraper|Parsing artifact substat: energyrecharge+6.5%
2026-09-29 08:01:53.285|DEBUG|ArtifactScraper|Parsing artifact substat: critrate+2.7%
2026-09-29 08:01:53.285|DEBUG|ArtifactScraper|Parsing artifact substat: hp+4.1%
2026-09-29 08:01:53.285|DEBUG|ArtifactScraper|Parsing artifact substat: elementalmastery+16
2026-09-29 08:01:53.285|DEBUG|ArtifactScraper|Parsing artifact substat: atk+5.3%(unactivated)
2026-09-29 08:01:53.510|DEBUG|ArtifactScraper|Parsing artifact substat: atk+16
2026-09-29 08:01:53.510|DEBUG|ArtifactScraper|Parsing artifact substat: hp+5.3%
2026-09-29 08:01:53.510|DEBUG|ArtifactScraper|Parsing artifact substat: atk+4.7%
2026-09-29 08:01:53.510|DEBUG|ArtifactScraper|Parsing artifact substat: critdmg+6.2%(unactivated)
2026-09-29 08:01:55.380|DEBUG|ArtifactScraper|Scanning artifact page 47
2026-09-29 08:01:55.380|DEBUG|ArtifactScraper|Located 32 possible item locations on page.
2026-09-29 08:01:55.834|DEBUG|ArtifactScraper|Parsing artifact substat: critdmg+7.0%
2026-09-29 08:01:55.834|DEBUG|ArtifactScraper|Parsing artifact substat: atk+14
2026-09-29 08:01:55.834|DEBUG|ArtifactScraper|Parsing artifact substat: atk+4.7%
2026-09-29 08:01:55.834|DEBUG|ArtifactScraper|Parsing artifact substat: hp+5.8%(unactivated)
2026-09-29 08:01:56.190|DEBUG|ArtifactScraper|Parsing artifact substat: critrate+2.7%
2026-09-29 08:01:56.190|DEBUG|ArtifactScraper|Parsing artifact substat: atk+4.7%
2026-09-29 08:01:56.190|DEBUG|ArtifactScraper|Parsing artifact substat: def+6.6%
2026-09-29 08:01:56.190|DEBUG|ArtifactScraper|Parsing artifact substat: def+23(unactivated)
2026-09-29 08:01:56.217|DEBUG|ArtifactScraper|Parsing artifact substat: atk+4.1%
2026-09-29 08:01:56.217|DEBUG|ArtifactScraper|Parsing artifact substat: critrate+3.9%
2026-09-29 08:01:56.217|DEBUG|ArtifactScraper|Parsing artifact substat: critdmg+6.2%
2026-09-29 08:01:56.217|DEBUG|ArtifactScraper|Parsing artifact substat: energyrecharge+4.5%
2026-09-29 08:01:56.516|DEBUG|ArtifactScraper|Parsing artifact substat: def+16
2026-09-29 08:01:56.518|DEBUG|ArtifactScraper|Parsing artifact substat: atk+5.8%
2026-09-29 08:01:56.518|DEBUG|ArtifactScraper|Parsing artifact substat: critrate+2.7%
2026-09-29 08:01:56.518|DEBUG|ArtifactScraper|Parsing artifact substat: hp+4.7%(unactivated)
2026-09-29 08:01:56.576|DEBUG|ArtifactScraper|Parsing artifact substat: atk+4.7%
2026-09-29 08:01:56.576|DEBUG|ArtifactScraper|Parsing artifact substat: critrate+3.9%
2026-09-29 08:01:56.576|DEBUG|ArtifactScraper|Parsing artifact substat: def+6.6%
2026-09-29 08:01:56.576|DEBUG|ArtifactScraper|Parsing artifact substat: atk+16(unactivated)
2026-09-29 08:01:56.794|DEBUG|ArtifactScraper|Parsing artifact substat: def+5.1%
2026-09-29 08:01:56.794|DEBUG|ArtifactScraper|Parsing artifact substat: hp+5.3%
2026-09-29 08:01:56.794|DEBUG|ArtifactScraper|Parsing artifact substat: def+23
2026-09-29 08:01:56.794|DEBUG|ArtifactScraper|Parsing artifact substat: atk+16
2026-09-29 08:01:56.906|DEBUG|ArtifactScraper|Parsing artifact substat: elementalmastery+19
2026-09-29 08:01:56.906|DEBUG|ArtifactScraper|Parsing artifact substat: atk+16
2026-09-29 08:01:56.906|DEBUG|ArtifactScraper|Parsing artifact substat: atk+4.1%
2026-09-29 08:01:56.906|DEBUG|ArtifactScraper|Parsing artifact substat: hp+4.1%
2026-09-29 08:01:57.095|DEBUG|ArtifactScraper|Parsing artifact substat: def+7.3%
2026-09-29 08:01:57.095|DEBUG|ArtifactScraper|Parsing artifact substat: critdmg+7.0%
2026-09-29 08:01:57.095|DEBUG|ArtifactScraper|Parsing artifact substat: hp+4.1%
2026-09-29 08:01:57.095|DEBUG|ArtifactScraper|Parsing artifact substat: def+23
2026-09-29 08:01:57.354|DEBUG|ArtifactScraper|Parsing artifact substat: def+23
2026-09-29 08:01:57.354|DEBUG|ArtifactScraper|Parsing artifact substat: atk+4.7%
2026-09-29 08:01:57.354|DEBUG|ArtifactScraper|Parsing artifact substat: energyrecharge+4.5%
2026-09-29 08:01:57.354|DEBUG|ArtifactScraper|Parsing artifact substat: atk+18
2026-09-29 08:01:57.563|DEBUG|ArtifactScraper|Parsing artifact substat: energyrecharge+5.8%
2026-09-29 08:01:57.563|DEBUG|ArtifactScraper|Parsing artifact substat: def+21
2026-09-29 08:01:57.563|DEBUG|ArtifactScraper|Parsing artifact substat: hp+5.3%
2026-09-29 08:01:57.563|DEBUG|ArtifactScraper|Parsing artifact substat: critrate+3.1%
2026-09-29 08:01:57.841|DEBUG|ArtifactScraper|Parsing artifact substat: def+19
2026-09-29 08:01:57.841|DEBUG|ArtifactScraper|Parsing artifact substat: elementalmastery+19
2026-09-29 08:01:57.841|DEBUG|ArtifactScraper|Parsing artifact substat: atk+5.3%
2026-09-29 08:01:57.841|DEBUG|ArtifactScraper|Parsing artifact substat: hp+5.8%
2026-09-29 08:01:58.018|DEBUG|ArtifactScraper|Parsing artifact substat: hp+4.1%
2026-09-29 08:01:58.018|DEBUG|ArtifactScraper|Parsing artifact substat: def+6.6%
2026-09-29 08:01:58.018|DEBUG|ArtifactScraper|Parsing artifact substat: def+23
2026-09-29 08:01:58.018|DEBUG|ArtifactScraper|Parsing artifact substat: elementalmastery+16
2026-09-29 08:01:58.051|DEBUG|ArtifactScraper|Parsing artifact substat: hp+5.8%
2026-09-29 08:01:58.051|DEBUG|ArtifactScraper|Parsing artifact substat: def+5.8%
2026-09-29 08:01:58.051|DEBUG|ArtifactScraper|Parsing artifact substat: def+19
2026-09-29 08:01:58.051|DEBUG|ArtifactScraper|Parsing artifact substat: atk+19
2026-09-29 08:01:58.319|DEBUG|ArtifactScraper|Parsing artifact substat: energyrecharge+5.2%
2026-09-29 08:01:58.319|DEBUG|ArtifactScraper|Parsing artifact substat: elementalmastery+21
2026-09-29 08:01:58.319|DEBUG|ArtifactScraper|Parsing artifact substat: critdmg+5.4%
2026-09-29 08:01:58.319|DEBUG|ArtifactScraper|Parsing artifact substat: hp+5.8%
2026-09-29 08:01:58.401|DEBUG|ArtifactScraper|Parsing artifact substat: hp+4.7%
2026-09-29 08:01:58.401|DEBUG|ArtifactScraper|Parsing artifact substat: atk+4.7%
2026-09-29 08:01:58.401|DEBUG|ArtifactScraper|Parsing artifact substat: atk+16
2026-09-29 08:01:58.401|DEBUG|ArtifactScraper|Parsing artifact substat: def+21
2026-09-29 08:01:58.733|DEBUG|ArtifactScraper|Parsing artifact substat: energyrecharge+6.5%
2026-09-29 08:01:58.733|DEBUG|ArtifactScraper|Parsing artifact substat: atk+16
2026-09-29 08:01:58.733|DEBUG|ArtifactScraper|Parsing artifact substat: def+5.8%
2026-09-29 08:01:58.733|DEBUG|ArtifactScraper|Parsing artifact substat: def+21
2026-09-29 08:01:58.749|DEBUG|ArtifactScraper|Parsing artifact substat: atk+19
2026-09-29 08:01:58.749|DEBUG|ArtifactScraper|Parsing artifact substat: hp+4.7%
2026-09-29 08:01:58.749|DEBUG|ArtifactScraper|Parsing artifact substat: critrate+3.1%
2026-09-29 08:01:58.749|DEBUG|ArtifactScraper|Parsing artifact substat: energyrecharge+5.2%
2026-09-29 08:01:59.067|DEBUG|ArtifactScraper|Parsing artifact substat: critdmg+6.2%
2026-09-29 08:01:59.067|DEBUG|ArtifactScraper|Parsing artifact substat: def+16
2026-09-29 08:01:59.067|DEBUG|ArtifactScraper|Parsing artifact substat: def+5.1%
2026-09-29 08:01:59.067|DEBUG|ArtifactScraper|Parsing artifact substat: hp+4.7%
2026-09-29 08:01:59.184|DEBUG|ArtifactScraper|Parsing artifact substat: critdmg+7.0%
2026-09-29 08:01:59.184|DEBUG|ArtifactScraper|Parsing artifact substat: elementalmastery+16
2026-09-29 08:01:59.184|DEBUG|ArtifactScraper|Parsing artifact substat: atk+18
2026-09-29 08:01:59.184|DEBUG|ArtifactScraper|Parsing artifact substat: def+6.6%
2026-09-29 08:01:59.442|DEBUG|ArtifactScraper|Parsing artifact substat: def+21
2026-09-29 08:01:59.442|DEBUG|ArtifactScraper|Parsing artifact substat: atk+5.8%
2026-09-29 08:01:59.442|DEBUG|ArtifactScraper|Parsing artifact substat: hp+4.7%
2026-09-29 08:01:59.442|DEBUG|ArtifactScraper|Parsing artifact substat: def+6.6%
2026-09-29 08:01:59.490|DEBUG|ArtifactScraper|Parsing artifact substat: critdmg+7.8%
2026-09-29 08:01:59.490|DEBUG|ArtifactScraper|Parsing artifact substat: hp+4.7%
2026-09-29 08:01:59.490|DEBUG|ArtifactScraper|Parsing artifact substat: def+19
2026-09-29 08:01:59.490|DEBUG|ArtifactScraper|Parsing artifact substat: def+7.3%
2026-09-29 08:01:59.617|DEBUG|ArtifactScraper|Parsing artifact substat: critdmg+6.2%
2026-09-29 08:01:59.617|DEBUG|ArtifactScraper|Parsing artifact substat: def+23
2026-09-29 08:01:59.617|DEBUG|ArtifactScraper|Parsing artifact substat: hp+4.7%
2026-09-29 08:01:59.617|DEBUG|ArtifactScraper|Parsing artifact substat: elementalmastery+23
2026-09-29 08:01:59.802|DEBUG|ArtifactScraper|Parsing artifact substat: def+21
2026-09-29 08:01:59.802|DEBUG|ArtifactScraper|Parsing artifact substat: atk+4.1%
2026-09-29 08:01:59.802|DEBUG|ArtifactScraper|Parsing artifact substat: hp+5.3%
2026-09-29 08:01:59.802|DEBUG|ArtifactScraper|Parsing artifact substat: atk+18
2026-09-29 08:01:59.982|DEBUG|ArtifactScraper|Parsing artifact substat: critrate+3.9%
2026-09-29 08:01:59.982|DEBUG|ArtifactScraper|Parsing artifact substat: atk+14
2026-09-29 08:01:59.982|DEBUG|ArtifactScraper|Parsing artifact substat: def+5.8%
2026-09-29 08:01:59.982|DEBUG|ArtifactScraper|Parsing artifact substat: hp+5.3%
2026-09-29 08:02:00.186|DEBUG|ArtifactScraper|Parsing artifact substat: elementalmastery+21
2026-09-29 08:02:00.186|DEBUG|ArtifactScraper|Parsing artifact substat: atk+16
2026-09-29 08:02:00.186|DEBUG|ArtifactScraper|Parsing artifact substat: energyrecharge+4.5%
2026-09-29 08:02:00.186|DEBUG|ArtifactScraper|Parsing artifact substat: critrate+2.7%
2026-09-29 08:02:00.390|DEBUG|ArtifactScraper|Parsing artifact substat: def+5.8%
2026-09-29 08:02:00.390|DEBUG|ArtifactScraper|Parsing artifact substat: def+19
2026-09-29 08:02:00.390|DEBUG|ArtifactScraper|Parsing artifact substat: elementalmastery+21
2026-09-29 08:02:00.390|DEBUG|ArtifactScraper|Parsing artifact substat: hp+4.7%
2026-09-29 08:02:00.498|DEBUG|ArtifactScraper|Parsing artifact substat: def+5.1%
2026-09-29 08:02:00.498|DEBUG|ArtifactScraper|Parsing artifact substat: def+19
2026-09-29 08:02:00.498|DEBUG|ArtifactScraper|Parsing artifact substat: atk+18
2026-09-29 08:02:00.498|DEBUG|ArtifactScraper|Parsing artifact substat: energyrecharge+6.5%
2026-09-29 08:02:00.647|DEBUG|ArtifactScraper|Parsing artifact substat: hp+5.8%
2026-09-29 08:02:00.647|DEBUG|ArtifactScraper|Parsing artifact substat: elementalmastery+16
2026-09-29 08:02:00.647|DEBUG|ArtifactScraper|Parsing artifact substat: atk+18
2026-09-29 08:02:00.647|DEBUG|ArtifactScraper|Parsing artifact substat: critrate+3.9%(unactivated)
2026-09-29 08:02:00.816|DEBUG|ArtifactScraper|Parsing artifact substat: def+16
2026-09-29 08:02:00.816|DEBUG|ArtifactScraper|Parsing artifact substat: atk+16
2026-09-29 08:02:00.816|DEBUG|ArtifactScraper|Parsing artifact substat: energyrecharge+5.2%
2026-09-29 08:02:00.816|DEBUG|ArtifactScraper|Parsing artifact substat: critrate+3.1%(unactivated)
2026-09-29 08:02:00.969|DEBUG|ArtifactScraper|Finished queuing page of artifacts. Scrolling...
2026-09-29 08:02:01.066|DEBUG|ArtifactScraper|Parsing artifact substat: hp+5.8%
2026-09-29 08:02:01.066|DEBUG|ArtifactScraper|Parsing artifact substat: def+7.3%
2026-09-29 08:02:01.066|DEBUG|ArtifactScraper|Parsing artifact substat: elementalmastery+23
2026-09-29 08:02:01.066|DEBUG|ArtifactScraper|Parsing artifact substat: atk+14(unactivated)
2026-09-29 08:02:01.164|DEBUG|ArtifactScraper|Parsing artifact substat: elementalmastery+16
2026-09-29 08:02:01.164|DEBUG|ArtifactScraper|Parsing artifact substat: energyrecharge+5.8%
2026-09-29 08:02:01.164|DEBUG|ArtifactScraper|Parsing artifact substat: def+23
2026-09-29 08:02:01.164|DEBUG|ArtifactScraper|Parsing artifact substat: hp+4.1%(unactivated)
2026-09-29 08:02:01.421|DEBUG|ArtifactScraper|Parsing artifact substat: def+6.6%
2026-09-29 08:02:01.421|DEBUG|ArtifactScraper|Parsing artifact substat: critrate+3.9%
2026-09-29 08:02:01.421|DEBUG|ArtifactScraper|Parsing artifact substat: energyrecharge+6.5%
2026-09-29 08:02:01.421|DEBUG|ArtifactScraper|Parsing artifact substat: atk+16(unactivated)
2026-09-29 08:02:03.227|DEBUG|ArtifactScraper|Scanning artifact page 48
2026-09-29 08:02:03.227|DEBUG|ArtifactScraper|Located 32 possible item locations on page.
2026-09-29 08:02:03.813|DEBUG|ArtifactScraper|Parsing artifact substat: atk+18
2026-09-29 08:02:03.813|DEBUG|ArtifactScraper|Parsing artifact substat: critdmg+7.0%
2026-09-29 08:02:03.813|DEBUG|ArtifactScraper|Parsing artifact substat: energyrecharge+6.5%
2026-09-29 08:02:03.813|DEBUG|ArtifactScraper|Parsing artifact substat: def+16(unactivated)
2026-09-29 08:02:03.875|DEBUG|ArtifactScraper|Parsing artifact substat: def+23
2026-09-29 08:02:03.875|DEBUG|ArtifactScraper|Parsing artifact substat: atk+14
2026-09-29 08:02:03.875|DEBUG|ArtifactScraper|Parsing artifact substat: hp+5.3%
2026-09-29 08:02:03.875|DEBUG|ArtifactScraper|Parsing artifact substat: critdmg+7.8%(unactivated)
2026-09-29 08:02:04.141|DEBUG|ArtifactScraper|Parsing artifact substat: elementalmastery+21
2026-09-29 08:02:04.141|DEBUG|ArtifactScraper|Parsing artifact substat: hp+4.7%
2026-09-29 08:02:04.141|DEBUG|ArtifactScraper|Parsing artifact substat: critrate+3.5%
2026-09-29 08:02:04.141|DEBUG|ArtifactScraper|Parsing artifact substat: def+19(unactivated)
2026-09-29 08:02:04.276|DEBUG|ArtifactScraper|Parsing artifact substat: def+19
2026-09-29 08:02:04.276|DEBUG|ArtifactScraper|Parsing artifact substat: hp+4.7%
2026-09-29 08:02:04.276|DEBUG|ArtifactScraper|Parsing artifact substat: elementalmastery+23
2026-09-29 08:02:04.276|DEBUG|ArtifactScraper|Parsing artifact substat: energyrecharge+5.8%
2026-09-29 08:02:04.443|DEBUG|ArtifactScraper|Parsing artifact substat: def+19
2026-09-29 08:02:04.443|DEBUG|ArtifactScraper|Parsing artifact substat: atk+16
2026-09-29 08:02:04.443|DEBUG|ArtifactScraper|Parsing artifact substat: def+5.1%
2026-09-29 08:02:04.443|DEBUG|ArtifactScraper|Parsing artifact substat: atk+4.1%(unactivated)
2026-09-29 08:02:04.662|DEBUG|ArtifactScraper|Parsing artifact substat: def+21
2026-09-29 08:02:04.662|DEBUG|ArtifactScraper|Parsing artifact substat: elementalmastery+19
2026-09-29 08:02:04.662|DEBUG|ArtifactScraper|Parsing artifact substat: hp+4.7%
2026-09-29 08:02:04.662|DEBUG|ArtifactScraper|Parsing artifact substat: atk+16(unactivated)
2026-09-29 08:02:04.789|DEBUG|ArtifactScraper|Parsing artifact substat: atk+18
2026-09-29 08:02:04.789|DEBUG|ArtifactScraper|Parsing artifact substat: def+6.6%
2026-09-29 08:02:04.789|DEBUG|ArtifactScraper|Parsing artifact substat: elementalmastery+21
2026-09-29 08:02:04.789|DEBUG|ArtifactScraper|Parsing artifact substat: def+23(unactivated)
2026-09-29 08:02:05.012|DEBUG|ArtifactScraper|Parsing artifact substat: def+5.1%
2026-09-29 08:02:05.012|DEBUG|ArtifactScraper|Parsing artifact substat: def+16
2026-09-29 08:02:05.012|DEBUG|ArtifactScraper|Parsing artifact substat: hp+5.8%
2026-09-29 08:02:05.012|DEBUG|ArtifactScraper|Parsing artifact substat: energyrecharge+5.2%
2026-09-29 08:02:05.059|DEBUG|ArtifactScraper|Parsing artifact substat: def+5.1%
2026-09-29 08:02:05.059|DEBUG|ArtifactScraper|Parsing artifact substat: critdmg+7.0%
2026-09-29 08:02:05.059|DEBUG|ArtifactScraper|Parsing artifact substat: hp+4.7%
2026-09-29 08:02:05.059|DEBUG|ArtifactScraper|Parsing artifact substat: elementalmastery+16
2026-09-29 08:02:05.363|DEBUG|ArtifactScraper|Parsing artifact substat: hp+4.1%
2026-09-29 08:02:05.363|DEBUG|ArtifactScraper|Parsing artifact substat: energyrecharge+4.5%
2026-09-29 08:02:05.363|DEBUG|ArtifactScraper|Parsing artifact substat: critdmg+5.4%
2026-09-29 08:02:05.363|DEBUG|ArtifactScraper|Parsing artifact substat: elementalmastery+16
2026-09-29 08:02:05.439|DEBUG|ArtifactScraper|Parsing artifact substat: atk+16
2026-09-29 08:02:05.439|DEBUG|ArtifactScraper|Parsing artifact substat: energyrecharge+5.8%
2026-09-29 08:02:05.439|DEBUG|ArtifactScraper|Parsing artifact substat: elementalmastery+16
2026-09-29 08:02:05.439|DEBUG|ArtifactScraper|Parsing artifact substat: critdmg+5.4%(unactivated)
2026-09-29 08:02:05.710|DEBUG|ArtifactScraper|Parsing artifact substat: elementalmastery+21
2026-09-29 08:02:05.710|DEBUG|ArtifactScraper|Parsing artifact substat: energyrecharge+5.8%
2026-09-29 08:02:05.710|DEBUG|ArtifactScraper|Parsing artifact substat: hp+5.8%
2026-09-29 08:02:05.710|DEBUG|ArtifactScraper|Parsing artifact substat: atk+19(unactivated)
2026-09-29 08:02:05.801|DEBUG|ArtifactScraper|Parsing artifact substat: def+19
2026-09-29 08:02:05.801|DEBUG|ArtifactScraper|Parsing artifact substat: energyrecharge+5.8%
2026-09-29 08:02:05.801|DEBUG|ArtifactScraper|Parsing artifact substat: def+6.6%
2026-09-29 08:02:05.801|DEBUG|ArtifactScraper|Parsing artifact substat: critrate+3.1%(unactivated)
2026-09-29 08:02:05.980|DEBUG|ArtifactScraper|Parsing artifact substat: def+23
2026-09-29 08:02:05.980|DEBUG|ArtifactScraper|Parsing artifact substat: elementalmastery+21
2026-09-29 08:02:05.980|DEBUG|ArtifactScraper|Parsing artifact substat: hp+4.7%
2026-09-29 08:02:05.980|DEBUG|ArtifactScraper|Parsing artifact substat: atk+5.3%(unactivated)
2026-09-29 08:02:06.154|DEBUG|ArtifactScraper|Parsing artifact substat: hp+4.7%
2026-09-29 08:02:06.154|DEBUG|ArtifactScraper|Parsing artifact substat: def+23
2026-09-29 08:02:06.154|DEBUG|ArtifactScraper|Parsing artifact substat: elementalmastery+21
2026-09-29 08:02:06.154|DEBUG|ArtifactScraper|Parsing artifact substat: def+7.3%(unactivated)
2026-09-29 08:02:06.292|DEBUG|ArtifactScraper|Parsing artifact substat: atk+4.1%
2026-09-29 08:02:06.292|DEBUG|ArtifactScraper|Parsing artifact substat: def+5.8%
2026-09-29 08:02:06.292|DEBUG|ArtifactScraper|Parsing artifact substat: hp+4.1%
2026-09-29 08:02:06.292|DEBUG|ArtifactScraper|Parsing artifact substat: atk+19(unactivated)
2026-09-29 08:02:06.480|DEBUG|ArtifactScraper|Parsing artifact substat: critrate+2.7%
2026-09-29 08:02:06.480|DEBUG|ArtifactScraper|Parsing artifact substat: atk+14
2026-09-29 08:02:06.480|DEBUG|ArtifactScraper|Parsing artifact substat: hp+4.1%
2026-09-29 08:02:06.480|DEBUG|ArtifactScraper|Parsing artifact substat: energyrecharge+5.8%
2026-09-29 08:02:06.571|DEBUG|ArtifactScraper|Parsing artifact substat: critdmg+5.4%
2026-09-29 08:02:06.571|DEBUG|ArtifactScraper|Parsing artifact substat: hp+4.1%
2026-09-29 08:02:06.571|DEBUG|ArtifactScraper|Parsing artifact substat: def+21
2026-09-29 08:02:06.571|DEBUG|ArtifactScraper|Parsing artifact substat: atk+19(unactivated)
2026-09-29 08:02:06.769|DEBUG|ArtifactScraper|Parsing artifact substat: def+23
2026-09-29 08:02:06.769|DEBUG|ArtifactScraper|Parsing artifact substat: atk+4.7%
2026-09-29 08:02:06.769|DEBUG|ArtifactScraper|Parsing artifact substat: hp+5.3%
2026-09-29 08:02:06.769|DEBUG|ArtifactScraper|Parsing artifact substat: atk+19(unactivated)
2026-09-29 08:02:07.082|DEBUG|ArtifactScraper|Parsing artifact substat: energyrecharge+5.2%
2026-09-29 08:02:07.082|DEBUG|ArtifactScraper|Parsing artifact substat: elementalmastery+16
2026-09-29 08:02:07.082|DEBUG|ArtifactScraper|Parsing artifact substat: def+16
2026-09-29 08:02:07.082|DEBUG|ArtifactScraper|Parsing artifact substat: def+5.1%(unactivated)
2026-09-29 08:02:07.157|DEBUG|ArtifactScraper|Parsing artifact substat: energyrecharge+5.8%
2026-09-29 08:02:07.157|DEBUG|ArtifactScraper|Parsing artifact substat: def+23
2026-09-29 08:02:07.157|DEBUG|ArtifactScraper|Parsing artifact substat: atk+5.8%
2026-09-29 08:02:07.157|DEBUG|ArtifactScraper|Parsing artifact substat: atk+18(unactivated)
2026-09-29 08:02:07.420|DEBUG|ArtifactScraper|Parsing artifact substat: atk+16
2026-09-29 08:02:07.420|DEBUG|ArtifactScraper|Parsing artifact substat: elementalmastery+19
2026-09-29 08:02:07.420|DEBUG|ArtifactScraper|Parsing artifact substat: def+21
2026-09-29 08:02:07.420|DEBUG|ArtifactScraper|Parsing artifact substat: hp+4.7%(unactivated)
2026-09-29 08:02:07.427|DEBUG|ArtifactScraper|Parsing artifact substat: hp+4.1%
2026-09-29 08:02:07.427|DEBUG|ArtifactScraper|Parsing artifact substat: atk+5.8%
2026-09-29 08:02:07.427|DEBUG|ArtifactScraper|Parsing artifact substat: atk+18
2026-09-29 08:02:07.427|DEBUG|ArtifactScraper|Parsing artifact substat: def+23(unactivated)
2026-09-29 08:02:07.775|DEBUG|ArtifactScraper|Parsing artifact substat: energyrecharge+4.5%
2026-09-29 08:02:07.775|DEBUG|ArtifactScraper|Parsing artifact substat: atk+18
2026-09-29 08:02:07.775|DEBUG|ArtifactScraper|Parsing artifact substat: critdmg+6.2%
2026-09-29 08:02:07.775|DEBUG|ArtifactScraper|Parsing artifact substat: hp+5.8%(unactivated)
2026-09-29 08:02:07.796|DEBUG|ArtifactScraper|Parsing artifact substat: def+5.1%
2026-09-29 08:02:07.796|DEBUG|ArtifactScraper|Parsing artifact substat: elementalmastery+19
2026-09-29 08:02:07.796|DEBUG|ArtifactScraper|Parsing artifact substat: energyrecharge+5.2%
2026-09-29 08:02:07.796|DEBUG|ArtifactScraper|Parsing artifact substat: atk+16(unactivated)
2026-09-29 08:02:08.051|DEBUG|ArtifactScraper|Parsing artifact substat: atk+14
2026-09-29 08:02:08.051|DEBUG|ArtifactScraper|Parsing artifact substat: elementalmastery+21
2026-09-29 08:02:08.051|DEBUG|ArtifactScraper|Parsing artifact substat: critrate+3.1%
2026-09-29 08:02:08.051|DEBUG|ArtifactScraper|Parsing artifact substat: def+5.8%(unactivated)
2026-09-29 08:02:08.122|DEBUG|ArtifactScraper|Parsing artifact substat: elementalmastery+23
2026-09-29 08:02:08.122|DEBUG|ArtifactScraper|Parsing artifact substat: atk+5.3%
2026-09-29 08:02:08.122|DEBUG|ArtifactScraper|Parsing artifact substat: atk+18
2026-09-29 08:02:08.122|DEBUG|ArtifactScraper|Parsing artifact substat: def+16(unactivated)
2026-09-29 08:02:08.360|DEBUG|ArtifactScraper|Parsing artifact substat: critdmg+5.4%
2026-09-29 08:02:08.360|DEBUG|ArtifactScraper|Parsing artifact substat: def+21
2026-09-29 08:02:08.360|DEBUG|ArtifactScraper|Parsing artifact substat: atk+4.7%
2026-09-29 08:02:08.360|DEBUG|ArtifactScraper|Parsing artifact substat: hp+4.7%
2026-09-29 08:02:08.454|DEBUG|ArtifactScraper|Parsing artifact substat: hp+4.7%
2026-09-29 08:02:08.455|DEBUG|ArtifactScraper|Parsing artifact substat: energyrecharge+6.5%
2026-09-29 08:02:08.455|DEBUG|ArtifactScraper|Parsing artifact substat: atk+5.8%
2026-09-29 08:02:08.455|DEBUG|ArtifactScraper|Parsing artifact substat: elementalmastery+19
2026-09-29 08:02:08.641|DEBUG|ArtifactScraper|Parsing artifact substat: def+21
2026-09-29 08:02:08.641|DEBUG|ArtifactScraper|Parsing artifact substat: atk+5.8%
2026-09-29 08:02:08.641|DEBUG|ArtifactScraper|Parsing artifact substat: critdmg+7.0%
2026-09-29 08:02:08.641|DEBUG|ArtifactScraper|Parsing artifact substat: def+7.3%
2026-09-29 08:02:08.659|DEBUG|ArtifactScraper|Finished queuing page of artifacts. Scrolling...
2026-09-29 08:02:08.800|DEBUG|ArtifactScraper|Parsing artifact substat: energyrecharge+4.5%
2026-09-29 08:02:08.800|DEBUG|ArtifactScraper|Parsing artifact substat: atk+4.1%
2026-09-29 08:02:08.800|DEBUG|ArtifactScraper|Parsing artifact substat: elementalmastery+16
2026-09-29 08:02:08.800|DEBUG|ArtifactScraper|Parsing artifact substat: def+19
2026-09-29 08:02:08.919|DEBUG|ArtifactScraper|Parsing artifact substat: def+16
2026-09-29 08:02:08.919|DEBUG|ArtifactScraper|Parsing artifact substat: hp+209
2026-09-29 08:02:08.919|DEBUG|ArtifactScraper|Parsing artifact substat: critrate+3.1%
2026-09-29 08:02:08.919|DEBUG|ArtifactScraper|Parsing artifact substat: atk+4.1%
2026-09-29 08:02:09.264|DEBUG|ArtifactScraper|Scrolled back one
2026-09-29 08:02:10.677|DEBUG|ArtifactScraper|Scanning artifact page 49
2026-09-29 08:02:10.677|DEBUG|ArtifactScraper|Located 32 possible item locations on page.
2026-09-29 08:02:11.124|DEBUG|ArtifactScraper|Parsing artifact substat: atk+5.8%
2026-09-29 08:02:11.124|DEBUG|ArtifactScraper|Parsing artifact substat: def+19
2026-09-29 08:02:11.124|DEBUG|ArtifactScraper|Parsing artifact substat: energyrecharge+5.8%
2026-09-29 08:02:11.124|DEBUG|ArtifactScraper|Parsing artifact substat: critrate+3.5%
2026-09-29 08:02:11.299|DEBUG|ArtifactScraper|Parsing artifact substat: energyrecharge+4.5%
2026-09-29 08:02:11.299|DEBUG|ArtifactScraper|Parsing artifact substat: critrate+2.7%
2026-09-29 08:02:11.299|DEBUG|ArtifactScraper|Parsing artifact substat: def+21
2026-09-29 08:02:11.299|DEBUG|ArtifactScraper|Parsing artifact substat: atk+4.7%
2026-09-29 08:02:11.403|DEBUG|ArtifactScraper|Parsing artifact substat: def+16
2026-09-29 08:02:11.403|DEBUG|ArtifactScraper|Parsing artifact substat: atk+5.3%
2026-09-29 08:02:11.403|DEBUG|ArtifactScraper|Parsing artifact substat: critdmg+6.2%
2026-09-29 08:02:11.403|DEBUG|ArtifactScraper|Parsing artifact substat: hp+269
2026-09-29 08:02:11.594|DEBUG|ArtifactScraper|Parsing artifact substat: critrate+3.5%
2026-09-29 08:02:11.594|DEBUG|ArtifactScraper|Parsing artifact substat: atk+4.7%
2026-09-29 08:02:11.594|DEBUG|ArtifactScraper|Parsing artifact substat: energyrecharge+5.2%
2026-09-29 08:02:11.594|DEBUG|ArtifactScraper|Parsing artifact substat: elementalmastery+21
2026-09-29 08:02:11.868|DEBUG|ArtifactScraper|Parsing artifact substat: elementalmastery+23
2026-09-29 08:02:11.868|DEBUG|ArtifactScraper|Parsing artifact substat: critdmg+7.0%
2026-09-29 08:02:11.868|DEBUG|ArtifactScraper|Parsing artifact substat: hp+4.1%
2026-09-29 08:02:11.868|DEBUG|ArtifactScraper|Parsing artifact substat: atk+4.7%
2026-09-29 08:02:12.025|DEBUG|ArtifactScraper|Parsing artifact substat: atk+5.3%
2026-09-29 08:02:12.025|DEBUG|ArtifactScraper|Parsing artifact substat: hp+4.1%
2026-09-29 08:02:12.025|DEBUG|ArtifactScraper|Parsing artifact substat: def+16
2026-09-29 08:02:12.025|DEBUG|ArtifactScraper|Parsing artifact substat: critdmg+6.2%(unactivated)
2026-09-29 08:02:12.235|DEBUG|ArtifactScraper|Parsing artifact substat: def+5.1%
2026-09-29 08:02:12.235|DEBUG|ArtifactScraper|Parsing artifact substat: energyrecharge+4.5%
2026-09-29 08:02:12.235|DEBUG|ArtifactScraper|Parsing artifact substat: elementalmastery+23
2026-09-29 08:02:12.235|DEBUG|ArtifactScraper|Parsing artifact substat: atk+5.3%(unactivated)
2026-09-29 08:02:12.391|DEBUG|ArtifactScraper|Parsing artifact substat: def+7.3%
2026-09-29 08:02:12.391|DEBUG|ArtifactScraper|Parsing artifact substat: atk+5.3%
2026-09-29 08:02:12.391|DEBUG|ArtifactScraper|Parsing artifact substat: critrate+2.7%
2026-09-29 08:02:12.391|DEBUG|ArtifactScraper|Parsing artifact substat: elementalmastery+16
2026-09-29 08:02:12.498|DEBUG|ArtifactScraper|Parsing artifact substat: critrate+3.9%
2026-09-29 08:02:12.498|DEBUG|ArtifactScraper|Parsing artifact substat: atk+4.1%
2026-09-29 08:02:12.498|DEBUG|ArtifactScraper|Parsing artifact substat: hp+209
2026-09-29 08:02:12.498|DEBUG|ArtifactScraper|Parsing artifact substat: def+21(unactivated)
2026-09-29 08:02:12.772|DEBUG|ArtifactScraper|Parsing artifact substat: critdmg+7.0%
2026-09-29 08:02:12.772|DEBUG|ArtifactScraper|Parsing artifact substat: critrate+3.5%
2026-09-29 08:02:12.772|DEBUG|ArtifactScraper|Parsing artifact substat: def+6.6%
2026-09-29 08:02:12.772|DEBUG|ArtifactScraper|Parsing artifact substat: def+16(unactivated)
2026-09-29 08:02:12.865|DEBUG|ArtifactScraper|Parsing artifact substat: atk+5.8%
2026-09-29 08:02:12.865|DEBUG|ArtifactScraper|Parsing artifact substat: critdmg+6.2%
2026-09-29 08:02:12.865|DEBUG|ArtifactScraper|Parsing artifact substat: def+16
2026-09-29 08:02:12.865|DEBUG|ArtifactScraper|Parsing artifact substat: energyrecharge+5.2%
2026-09-29 08:02:13.179|DEBUG|ArtifactScraper|Parsing artifact substat: critrate+3.9%
2026-09-29 08:02:13.179|DEBUG|ArtifactScraper|Parsing artifact substat: atk+4.7%
2026-09-29 08:02:13.179|DEBUG|ArtifactScraper|Parsing artifact substat: energyrecharge+6.5%
2026-09-29 08:02:13.179|DEBUG|ArtifactScraper|Parsing artifact substat: critdmg+7.0%(unactivated)
2026-09-29 08:02:13.294|DEBUG|ArtifactScraper|Parsing artifact substat: def+6.6%
2026-09-29 08:02:13.294|DEBUG|ArtifactScraper|Parsing artifact substat: energyrecharge+4.5%
2026-09-29 08:02:13.294|DEBUG|ArtifactScraper|Parsing artifact substat: critdmg+7.0%
2026-09-29 08:02:13.294|DEBUG|ArtifactScraper|Parsing artifact substat: critrate+3.5%(unactivated)
2026-09-29 08:02:13.447|DEBUG|ArtifactScraper|Parsing artifact substat: hp+269
2026-09-29 08:02:13.447|DEBUG|ArtifactScraper|Parsing artifact substat: critrate+3.9%
2026-09-29 08:02:13.447|DEBUG|ArtifactScraper|Parsing artifact substat: energyrecharge+6.5%
2026-09-29 08:02:13.447|DEBUG|ArtifactScraper|Parsing artifact substat: atk+4.7%(unactivated)
2026-09-29 08:02:13.596|DEBUG|ArtifactScraper|Parsing artifact substat: atk+5.8%
2026-09-29 08:02:13.596|DEBUG|ArtifactScraper|Parsing artifact substat: energyrecharge+6.5%
2026-09-29 08:02:13.596|DEBUG|ArtifactScraper|Parsing artifact substat: def+16
2026-09-29 08:02:13.596|DEBUG|ArtifactScraper|Parsing artifact substat: critrate+3.5%(unactivated)
2026-09-29 08:02:13.838|DEBUG|ArtifactScraper|Parsing artifact substat: critdmg+6.2%
2026-09-29 08:02:13.838|DEBUG|ArtifactScraper|Parsing artifact substat: atk+4.1%
2026-09-29 08:02:13.838|DEBUG|ArtifactScraper|Parsing artifact substat: elementalmastery+23
2026-09-29 08:02:13.838|DEBUG|ArtifactScraper|Parsing artifact substat: hp+5.3%(unactivated)
2026-09-29 08:02:13.926|DEBUG|ArtifactScraper|Parsing artifact substat: def+5.8%
2026-09-29 08:02:13.926|DEBUG|ArtifactScraper|Parsing artifact substat: critrate+3.5%
2026-09-29 08:02:13.926|DEBUG|ArtifactScraper|Parsing artifact substat: atk+5.3%
2026-09-29 08:02:13.926|DEBUG|ArtifactScraper|Parsing artifact substat: elementalmastery+19
2026-09-29 08:02:14.242|DEBUG|ArtifactScraper|Parsing artifact substat: critrate+3.1%
2026-09-29 08:02:14.242|DEBUG|ArtifactScraper|Parsing artifact substat: def+19
2026-09-29 08:02:14.242|DEBUG|ArtifactScraper|Parsing artifact substat: hp+4.7%
2026-09-29 08:02:14.242|DEBUG|ArtifactScraper|Parsing artifact substat: atk+4.7%(unactivated)
2026-09-29 08:02:14.256|DEBUG|ArtifactScraper|Parsing artifact substat: critdmg+7.0%
2026-09-29 08:02:14.256|DEBUG|ArtifactScraper|Parsing artifact substat: hp+209
2026-09-29 08:02:14.256|DEBUG|ArtifactScraper|Parsing artifact substat: elementalmastery+21
2026-09-29 08:02:14.256|DEBUG|ArtifactScraper|Parsing artifact substat: critrate+3.9%(unactivated)
2026-09-29 08:02:14.580|DEBUG|ArtifactScraper|Parsing artifact substat: energyrecharge+5.8%
2026-09-29 08:02:14.580|DEBUG|ArtifactScraper|Parsing artifact substat: atk+5.8%
2026-09-29 08:02:14.580|DEBUG|ArtifactScraper|Parsing artifact substat: hp+209
2026-09-29 08:02:14.580|DEBUG|ArtifactScraper|Parsing artifact substat: critdmg+7.0%(unactivated)
2026-09-29 08:02:14.633|DEBUG|ArtifactScraper|Parsing artifact substat: critrate+2.7%
2026-09-29 08:02:14.633|DEBUG|ArtifactScraper|Parsing artifact substat: def+16
2026-09-29 08:02:14.633|DEBUG|ArtifactScraper|Parsing artifact substat: hp+299
2026-09-29 08:02:14.633|DEBUG|ArtifactScraper|Parsing artifact substat: critdmg+6.2%(unactivated)
2026-09-29 08:02:14.927|DEBUG|ArtifactScraper|Parsing artifact substat: energyrecharge+5.2%
2026-09-29 08:02:14.927|DEBUG|ArtifactScraper|Parsing artifact substat: def+6.6%
2026-09-29 08:02:14.927|DEBUG|ArtifactScraper|Parsing artifact substat: critdmg+6.2%
2026-09-29 08:02:14.927|DEBUG|ArtifactScraper|Parsing artifact substat: atk+4.7%(unactivated)
2026-09-29 08:02:14.993|DEBUG|ArtifactScraper|Parsing artifact substat: critdmg+7.8%
2026-09-29 08:02:14.993|DEBUG|ArtifactScraper|Parsing artifact substat: elementalmastery+16
2026-09-29 08:02:14.993|DEBUG|ArtifactScraper|Parsing artifact substat: def+23
2026-09-29 08:02:14.993|DEBUG|ArtifactScraper|Parsing artifact substat: atk+4.7%(unactivated)
2026-09-29 08:02:15.264|DEBUG|ArtifactScraper|Parsing artifact substat: hp+5.3%
2026-09-29 08:02:15.264|DEBUG|ArtifactScraper|Parsing artifact substat: hp+269
2026-09-29 08:02:15.264|DEBUG|ArtifactScraper|Parsing artifact substat: def+21
2026-09-29 08:02:15.264|DEBUG|ArtifactScraper|Parsing artifact substat: critrate+3.9%
2026-09-29 08:02:15.288|DEBUG|ArtifactScraper|Parsing artifact substat: def+21
2026-09-29 08:02:15.288|DEBUG|ArtifactScraper|Parsing artifact substat: hp+4.7%
2026-09-29 08:02:15.288|DEBUG|ArtifactScraper|Parsing artifact substat: hp+299
2026-09-29 08:02:15.288|DEBUG|ArtifactScraper|Parsing artifact substat: critrate+3.9%
2026-09-29 08:02:15.623|DEBUG|ArtifactScraper|Parsing artifact substat: atk+4.7%
2026-09-29 08:02:15.623|DEBUG|ArtifactScraper|Parsing artifact substat: hp+209
2026-09-29 08:02:15.623|DEBUG|ArtifactScraper|Parsing artifact substat: hp+4.1%
2026-09-29 08:02:15.623|DEBUG|ArtifactScraper|Parsing artifact substat: elementalmastery+19
2026-09-29 08:02:15.652|DEBUG|ArtifactScraper|Parsing artifact substat: hp+4.7%
2026-09-29 08:02:15.652|DEBUG|ArtifactScraper|Parsing artifact substat: elementalmastery+19
2026-09-29 08:02:15.652|DEBUG|ArtifactScraper|Parsing artifact substat: def+6.6%
2026-09-29 08:02:15.652|DEBUG|ArtifactScraper|Parsing artifact substat: energyrecharge+4.5%
2026-09-29 08:02:15.877|DEBUG|ArtifactScraper|Parsing artifact substat: hp+269
2026-09-29 08:02:15.877|DEBUG|ArtifactScraper|Parsing artifact substat: def+5.1%
2026-09-29 08:02:15.877|DEBUG|ArtifactScraper|Parsing artifact substat: def+19
2026-09-29 08:02:15.877|DEBUG|ArtifactScraper|Parsing artifact substat: hp+5.3%
2026-09-29 08:02:16.014|DEBUG|ArtifactScraper|Parsing artifact substat: energyrecharge+5.2%
2026-09-29 08:02:16.014|DEBUG|ArtifactScraper|Parsing artifact substat: critrate+2.7%
2026-09-29 08:02:16.014|DEBUG|ArtifactScraper|Parsing artifact substat: def+21
2026-09-29 08:02:16.014|DEBUG|ArtifactScraper|Parsing artifact substat: hp+209
2026-09-29 08:02:16.091|DEBUG|ArtifactScraper|Finished queuing page of artifacts. Scrolling...
2026-09-29 08:02:16.227|DEBUG|ArtifactScraper|Parsing artifact substat: def+7.3%
2026-09-29 08:02:16.227|DEBUG|ArtifactScraper|Parsing artifact substat: def+16
2026-09-29 08:02:16.227|DEBUG|ArtifactScraper|Parsing artifact substat: hp+4.7%
2026-09-29 08:02:16.227|DEBUG|ArtifactScraper|Parsing artifact substat: critdmg+6.2%
2026-09-29 08:02:16.278|DEBUG|ArtifactScraper|Parsing artifact substat: atk+4.7%
2026-09-29 08:02:16.278|DEBUG|ArtifactScraper|Parsing artifact substat: hp+269
2026-09-29 08:02:16.278|DEBUG|ArtifactScraper|Parsing artifact substat: def+23
2026-09-29 08:02:16.278|DEBUG|ArtifactScraper|Parsing artifact substat: elementalmastery+23
2026-09-29 08:02:16.559|DEBUG|ArtifactScraper|Parsing artifact substat: critdmg+7.0%
2026-09-29 08:02:16.559|DEBUG|ArtifactScraper|Parsing artifact substat: elementalmastery+21
2026-09-29 08:02:16.559|DEBUG|ArtifactScraper|Parsing artifact substat: hp+209
2026-09-29 08:02:16.559|DEBUG|ArtifactScraper|Parsing artifact substat: hp+4.1%
2026-09-29 08:02:18.449|DEBUG|ArtifactScraper|Scanning artifact page 50
2026-09-29 08:02:18.449|DEBUG|ArtifactScraper|Located 32 possible item locations on page.
2026-09-29 08:02:18.925|DEBUG|ArtifactScraper|Parsing artifact substat: def+6.6%
2026-09-29 08:02:18.925|DEBUG|ArtifactScraper|Parsing artifact substat: def+21
2026-09-29 08:02:18.925|DEBUG|ArtifactScraper|Parsing artifact substat: hp+239
2026-09-29 08:02:18.925|DEBUG|ArtifactScraper|Parsing artifact substat: energyrecharge+6.5%
2026-09-29 08:02:19.218|DEBUG|ArtifactScraper|Parsing artifact substat: def+23
2026-09-29 08:02:19.218|DEBUG|ArtifactScraper|Parsing artifact substat: def+5.8%
2026-09-29 08:02:19.218|DEBUG|ArtifactScraper|Parsing artifact substat: hp+299
2026-09-29 08:02:19.218|DEBUG|ArtifactScraper|Parsing artifact substat: hp+5.3%
2026-09-29 08:02:19.258|DEBUG|ArtifactScraper|Parsing artifact substat: elementalmastery+21
2026-09-29 08:02:19.258|DEBUG|ArtifactScraper|Parsing artifact substat: def+19
2026-09-29 08:02:19.258|DEBUG|ArtifactScraper|Parsing artifact substat: critdmg+7.8%
2026-09-29 08:02:19.258|DEBUG|ArtifactScraper|Parsing artifact substat: hp+209
2026-09-29 08:02:19.531|DEBUG|ArtifactScraper|Parsing artifact substat: hp+239
2026-09-29 08:02:19.531|DEBUG|ArtifactScraper|Parsing artifact substat: def+21
2026-09-29 08:02:19.531|DEBUG|ArtifactScraper|Parsing artifact substat: def+6.6%
2026-09-29 08:02:19.531|DEBUG|ArtifactScraper|Parsing artifact substat: hp+5.8%
2026-09-29 08:02:19.594|DEBUG|ArtifactScraper|Parsing artifact substat: def+6.6%
2026-09-29 08:02:19.594|DEBUG|ArtifactScraper|Parsing artifact substat: hp+299
2026-09-29 08:02:19.594|DEBUG|ArtifactScraper|Parsing artifact substat: hp+4.7%
2026-09-29 08:02:19.594|DEBUG|ArtifactScraper|Parsing artifact substat: elementalmastery+21
2026-09-29 08:02:19.873|DEBUG|ArtifactScraper|Parsing artifact substat: hp+269
2026-09-29 08:02:19.873|DEBUG|ArtifactScraper|Parsing artifact substat: critrate+3.1%
2026-09-29 08:02:19.873|DEBUG|ArtifactScraper|Parsing artifact substat: def+23
2026-09-29 08:02:19.873|DEBUG|ArtifactScraper|Parsing artifact substat: energyrecharge+5.2%
2026-09-29 08:02:19.942|DEBUG|ArtifactScraper|Parsing artifact substat: critdmg+7.0%
2026-09-29 08:02:19.942|DEBUG|ArtifactScraper|Parsing artifact substat: def+23
2026-09-29 08:02:19.942|DEBUG|ArtifactScraper|Parsing artifact substat: hp+5.3%
2026-09-29 08:02:19.942|DEBUG|ArtifactScraper|Parsing artifact substat: def+6.6%
2026-09-29 08:02:20.196|DEBUG|ArtifactScraper|Parsing artifact substat: critrate+2.7%
2026-09-29 08:02:20.196|DEBUG|ArtifactScraper|Parsing artifact substat: energyrecharge+6.5%
2026-09-29 08:02:20.196|DEBUG|ArtifactScraper|Parsing artifact substat: elementalmastery+19
2026-09-29 08:02:20.196|DEBUG|ArtifactScraper|Parsing artifact substat: hp+5.3%
2026-09-29 08:02:20.340|DEBUG|ArtifactScraper|Parsing artifact substat: elementalmastery+21
2026-09-29 08:02:20.340|DEBUG|ArtifactScraper|Parsing artifact substat: hp+269
2026-09-29 08:02:20.340|DEBUG|ArtifactScraper|Parsing artifact substat: def+23
2026-09-29 08:02:20.340|DEBUG|ArtifactScraper|Parsing artifact substat: critrate+3.9%
2026-09-29 08:02:20.527|DEBUG|ArtifactScraper|Parsing artifact substat: elementalmastery+19
2026-09-29 08:02:20.527|DEBUG|ArtifactScraper|Parsing artifact substat: energyrecharge+6.5%
2026-09-29 08:02:20.527|DEBUG|ArtifactScraper|Parsing artifact substat: def+16
2026-09-29 08:02:20.527|DEBUG|ArtifactScraper|Parsing artifact substat: def+6.6%(unactivated)
2026-09-29 08:02:20.729|DEBUG|ArtifactScraper|Parsing artifact substat: def+23
2026-09-29 08:02:20.729|DEBUG|ArtifactScraper|Parsing artifact substat: def+6.6%
2026-09-29 08:02:20.729|DEBUG|ArtifactScraper|Parsing artifact substat: elementalmastery+19
2026-09-29 08:02:20.729|DEBUG|ArtifactScraper|Parsing artifact substat: hp+5.8%(unactivated)
2026-09-29 08:02:20.831|DEBUG|ArtifactScraper|Parsing artifact substat: hp+5.3%
2026-09-29 08:02:20.831|DEBUG|ArtifactScraper|Parsing artifact substat: def+6.6%
2026-09-29 08:02:20.831|DEBUG|ArtifactScraper|Parsing artifact substat: hp+239
2026-09-29 08:02:20.831|DEBUG|ArtifactScraper|Parsing artifact substat: critdmg+7.0%(unactivated)
2026-09-29 08:02:21.097|DEBUG|ArtifactScraper|Parsing artifact substat: atk+5.3%
2026-09-29 08:02:21.097|DEBUG|ArtifactScraper|Parsing artifact substat: def+16
2026-09-29 08:02:21.097|DEBUG|ArtifactScraper|Parsing artifact substat: hp+5.3%
2026-09-29 08:02:21.097|DEBUG|ArtifactScraper|Parsing artifact substat: elementalmastery+16
2026-09-29 08:02:21.153|DEBUG|ArtifactScraper|Parsing artifact substat: def+23
2026-09-29 08:02:21.153|DEBUG|ArtifactScraper|Parsing artifact substat: hp+4.7%
2026-09-29 08:02:21.153|DEBUG|ArtifactScraper|Parsing artifact substat: hp+209
2026-09-29 08:02:21.153|DEBUG|ArtifactScraper|Parsing artifact substat: elementalmastery+19
2026-09-29 08:02:21.475|DEBUG|ArtifactScraper|Parsing artifact substat: hp+209
2026-09-29 08:02:21.475|DEBUG|ArtifactScraper|Parsing artifact substat: def+21
2026-09-29 08:02:21.475|DEBUG|ArtifactScraper|Parsing artifact substat: def+5.8%
2026-09-29 08:02:21.475|DEBUG|ArtifactScraper|Parsing artifact substat: critrate+3.5%(unactivated)
2026-09-29 08:02:21.573|DEBUG|ArtifactScraper|Parsing artifact substat: energyrecharge+5.2%
2026-09-29 08:02:21.573|DEBUG|ArtifactScraper|Parsing artifact substat: def+21
2026-09-29 08:02:21.573|DEBUG|ArtifactScraper|Parsing artifact substat: critrate+3.9%
2026-09-29 08:02:21.573|DEBUG|ArtifactScraper|Parsing artifact substat: hp+299(unactivated)
2026-09-29 08:02:21.756|DEBUG|ArtifactScraper|Parsing artifact substat: def+19
2026-09-29 08:02:21.756|DEBUG|ArtifactScraper|Parsing artifact substat: elementalmastery+23
2026-09-29 08:02:21.756|DEBUG|ArtifactScraper|Parsing artifact substat: hp+269
2026-09-29 08:02:21.756|DEBUG|ArtifactScraper|Parsing artifact substat: atk+5.8%(unactivated)
2026-09-29 08:02:21.898|DEBUG|ArtifactScraper|Parsing artifact substat: elementalmastery+23
2026-09-29 08:02:21.898|DEBUG|ArtifactScraper|Parsing artifact substat: energyrecharge+5.2%
2026-09-29 08:02:21.898|DEBUG|ArtifactScraper|Parsing artifact substat: critdmg+6.2%
2026-09-29 08:02:21.898|DEBUG|ArtifactScraper|Parsing artifact substat: def+21(unactivated)
2026-09-29 08:02:22.148|DEBUG|ArtifactScraper|Parsing artifact substat: elementalmastery+23
2026-09-29 08:02:22.148|DEBUG|ArtifactScraper|Parsing artifact substat: def+6.6%
2026-09-29 08:02:22.148|DEBUG|ArtifactScraper|Parsing artifact substat: hp+209
2026-09-29 08:02:22.148|DEBUG|ArtifactScraper|Parsing artifact substat: hp+5.8%(unactivated)
2026-09-29 08:02:22.214|DEBUG|ArtifactScraper|Parsing artifact substat: hp+4.1%
2026-09-29 08:02:22.214|DEBUG|ArtifactScraper|Parsing artifact substat: hp+269
2026-09-29 08:02:22.214|DEBUG|ArtifactScraper|Parsing artifact substat: elementalmastery+19
2026-09-29 08:02:22.214|DEBUG|ArtifactScraper|Parsing artifact substat: def+23(unactivated)
2026-09-29 08:02:22.544|DEBUG|ArtifactScraper|Parsing artifact substat: critrate+3.1%
2026-09-29 08:02:22.544|DEBUG|ArtifactScraper|Parsing artifact substat: hp+5.3%
2026-09-29 08:02:22.544|DEBUG|ArtifactScraper|Parsing artifact substat: def+23
2026-09-29 08:02:22.544|DEBUG|ArtifactScraper|Parsing artifact substat: hp+209(unactivated)
2026-09-29 08:02:22.574|DEBUG|ArtifactScraper|Parsing artifact substat: elementalmastery+21
2026-09-29 08:02:22.574|DEBUG|ArtifactScraper|Parsing artifact substat: energyrecharge+4.5%
2026-09-29 08:02:22.574|DEBUG|ArtifactScraper|Parsing artifact substat: hp+4.1%
2026-09-29 08:02:22.574|DEBUG|ArtifactScraper|Parsing artifact substat: atk+5.3%(unactivated)
2026-09-29 08:02:22.830|DEBUG|ArtifactScraper|Parsing artifact substat: atk+5.3%
2026-09-29 08:02:22.830|DEBUG|ArtifactScraper|Parsing artifact substat: hp+299
2026-09-29 08:02:22.830|DEBUG|ArtifactScraper|Parsing artifact substat: def+21
2026-09-29 08:02:22.830|DEBUG|ArtifactScraper|Parsing artifact substat: elementalmastery+23
2026-09-29 08:02:22.909|DEBUG|ArtifactScraper|Parsing artifact substat: def+5.1%
2026-09-29 08:02:22.909|DEBUG|ArtifactScraper|Parsing artifact substat: def+16
2026-09-29 08:02:22.909|DEBUG|ArtifactScraper|Parsing artifact substat: hp+5.8%
2026-09-29 08:02:22.909|DEBUG|ArtifactScraper|Parsing artifact substat: elementalmastery+21
2026-09-29 08:02:23.235|DEBUG|ArtifactScraper|Parsing artifact substat: def+21
2026-09-29 08:02:23.235|DEBUG|ArtifactScraper|Parsing artifact substat: elementalmastery+19
2026-09-29 08:02:23.235|DEBUG|ArtifactScraper|Parsing artifact substat: hp+4.7%
2026-09-29 08:02:23.235|DEBUG|ArtifactScraper|Parsing artifact substat: atk+4.7%(unactivated)
2026-09-29 08:02:23.306|DEBUG|ArtifactScraper|Parsing artifact substat: atk+5.8%
2026-09-29 08:02:23.306|DEBUG|ArtifactScraper|Parsing artifact substat: hp+269
2026-09-29 08:02:23.306|DEBUG|ArtifactScraper|Parsing artifact substat: elementalmastery+21
2026-09-29 08:02:23.306|DEBUG|ArtifactScraper|Parsing artifact substat: def+6.6%(unactivated)
2026-09-29 08:02:23.507|DEBUG|ArtifactScraper|Parsing artifact substat: hp+5.8%
2026-09-29 08:02:23.507|DEBUG|ArtifactScraper|Parsing artifact substat: energyrecharge+6.5%
2026-09-29 08:02:23.507|DEBUG|ArtifactScraper|Parsing artifact substat: hp+299
2026-09-29 08:02:23.507|DEBUG|ArtifactScraper|Parsing artifact substat: critdmg+6.2%(unactivated)
2026-09-29 08:02:23.610|DEBUG|ArtifactScraper|Parsing artifact substat: def+16
2026-09-29 08:02:23.610|DEBUG|ArtifactScraper|Parsing artifact substat: hp+239
2026-09-29 08:02:23.610|DEBUG|ArtifactScraper|Parsing artifact substat: critrate+3.5%
2026-09-29 08:02:23.610|DEBUG|ArtifactScraper|Parsing artifact substat: energyrecharge+6.5%
2026-09-29 08:02:23.911|DEBUG|ArtifactScraper|Parsing artifact substat: def+21
2026-09-29 08:02:23.911|DEBUG|ArtifactScraper|Parsing artifact substat: critrate+3.1%
2026-09-29 08:02:23.911|DEBUG|ArtifactScraper|Parsing artifact substat: elementalmastery+19
2026-09-29 08:02:23.911|DEBUG|ArtifactScraper|Parsing artifact substat: energyrecharge+4.5%
2026-09-29 08:02:23.953|DEBUG|ArtifactScraper|Finished queuing page of artifacts. Scrolling...
2026-09-29 08:02:23.960|DEBUG|ArtifactScraper|Parsing artifact substat: hp+4.1%
2026-09-29 08:02:23.960|DEBUG|ArtifactScraper|Parsing artifact substat: hp+269
2026-09-29 08:02:23.960|DEBUG|ArtifactScraper|Parsing artifact substat: elementalmastery+19
2026-09-29 08:02:23.960|DEBUG|ArtifactScraper|Parsing artifact substat: critrate+3.9%(unactivated)
2026-09-29 08:02:24.270|DEBUG|ArtifactScraper|Parsing artifact substat: hp+269
2026-09-29 08:02:24.270|DEBUG|ArtifactScraper|Parsing artifact substat: def+5.1%
2026-09-29 08:02:24.270|DEBUG|ArtifactScraper|Parsing artifact substat: hp+4.1%
2026-09-29 08:02:24.270|DEBUG|ArtifactScraper|Parsing artifact substat: elementalmastery+23
2026-09-29 08:02:24.286|DEBUG|ArtifactScraper|Parsing artifact substat: energyrecharge+5.2%
2026-09-29 08:02:24.286|DEBUG|ArtifactScraper|Parsing artifact substat: hp+209
2026-09-29 08:02:24.286|DEBUG|ArtifactScraper|Parsing artifact substat: elementalmastery+16
2026-09-29 08:02:24.286|DEBUG|ArtifactScraper|Parsing artifact substat: critrate+3.5%(unactivated)
2026-09-29 08:02:26.422|DEBUG|ArtifactScraper|Scanning artifact page 51
2026-09-29 08:02:26.422|DEBUG|ArtifactScraper|Located 32 possible item locations on page.
2026-09-29 08:02:26.867|DEBUG|ArtifactScraper|Parsing artifact substat: hp+4.7%
2026-09-29 08:02:26.867|DEBUG|ArtifactScraper|Parsing artifact substat: hp+269
2026-09-29 08:02:26.867|DEBUG|ArtifactScraper|Parsing artifact substat: def+23
2026-09-29 08:02:26.867|DEBUG|ArtifactScraper|Parsing artifact substat: atk+5.3%(unactivated)
2026-09-29 08:02:27.236|DEBUG|ArtifactScraper|Parsing artifact substat: def+5.8%
2026-09-29 08:02:27.236|DEBUG|ArtifactScraper|Parsing artifact substat: energyrecharge+4.5%
2026-09-29 08:02:27.236|DEBUG|ArtifactScraper|Parsing artifact substat: elementalmastery+19
2026-09-29 08:02:27.236|DEBUG|ArtifactScraper|Parsing artifact substat: def+19(unactivated)
2026-09-29 08:02:27.252|DEBUG|ArtifactScraper|Parsing artifact substat: elementalmastery+21
2026-09-29 08:02:27.252|DEBUG|ArtifactScraper|Parsing artifact substat: hp+299
2026-09-29 08:02:27.252|DEBUG|ArtifactScraper|Parsing artifact substat: critdmg+5.4%
2026-09-29 08:02:27.252|DEBUG|ArtifactScraper|Parsing artifact substat: hp+4.1%(unactivated)
2026-09-29 08:02:27.510|DEBUG|ArtifactScraper|Parsing artifact substat: def+7.3%
2026-09-29 08:02:27.510|DEBUG|ArtifactScraper|Parsing artifact substat: elementalmastery+16
2026-09-29 08:02:27.510|DEBUG|ArtifactScraper|Parsing artifact substat: critdmg+7.8%
2026-09-29 08:02:27.510|DEBUG|ArtifactScraper|Parsing artifact substat: hp+5.3%(unactivated)
2026-09-29 08:02:27.624|DEBUG|ArtifactScraper|Parsing artifact substat: critrate+3.5%
2026-09-29 08:02:27.624|DEBUG|ArtifactScraper|Parsing artifact substat: def+16
2026-09-29 08:02:27.624|DEBUG|ArtifactScraper|Parsing artifact substat: energyrecharge+6.5%
2026-09-29 08:02:27.624|DEBUG|ArtifactScraper|Parsing artifact substat: elementalmastery+23
2026-09-29 08:02:27.849|DEBUG|ArtifactScraper|Parsing artifact substat: hp+4.1%
2026-09-29 08:02:27.849|DEBUG|ArtifactScraper|Parsing artifact substat: atk+4.1%
2026-09-29 08:02:27.849|DEBUG|ArtifactScraper|Parsing artifact substat: def+23
2026-09-29 08:02:27.849|DEBUG|ArtifactScraper|Parsing artifact substat: energyrecharge+5.2%
2026-09-29 08:02:27.990|DEBUG|ArtifactScraper|Parsing artifact substat: def+5.1%
2026-09-29 08:02:27.990|DEBUG|ArtifactScraper|Parsing artifact substat: energyrecharge+4.5%
2026-09-29 08:02:27.990|DEBUG|ArtifactScraper|Parsing artifact substat: def+21
2026-09-29 08:02:27.990|DEBUG|ArtifactScraper|Parsing artifact substat: atk+5.3%(unactivated)
2026-09-29 08:02:28.121|DEBUG|ArtifactScraper|Parsing artifact substat: def+21
2026-09-29 08:02:28.121|DEBUG|ArtifactScraper|Parsing artifact substat: hp+209
2026-09-29 08:02:28.121|DEBUG|ArtifactScraper|Parsing artifact substat: critrate+3.1%
2026-09-29 08:02:28.121|DEBUG|ArtifactScraper|Parsing artifact substat: def+5.1%(unactivated)
2026-09-29 08:02:28.361|DEBUG|ArtifactScraper|Parsing artifact substat: atk+4.1%
2026-09-29 08:02:28.361|DEBUG|ArtifactScraper|Parsing artifact substat: elementalmastery+19
2026-09-29 08:02:28.361|DEBUG|ArtifactScraper|Parsing artifact substat: def+23
2026-09-29 08:02:28.361|DEBUG|ArtifactScraper|Parsing artifact substat: hp+299(unactivated)
2026-09-29 08:02:28.491|DEBUG|ArtifactScraper|Parsing artifact substat: hp+209
2026-09-29 08:02:28.491|DEBUG|ArtifactScraper|Parsing artifact substat: energyrecharge+4.5%
2026-09-29 08:02:28.491|DEBUG|ArtifactScraper|Parsing artifact substat: def+5.1%
2026-09-29 08:02:28.491|DEBUG|ArtifactScraper|Parsing artifact substat: critdmg+6.2%(unactivated)
2026-09-29 08:02:28.689|DEBUG|ArtifactScraper|Parsing artifact substat: def+5.8%
2026-09-29 08:02:28.689|DEBUG|ArtifactScraper|Parsing artifact substat: hp+239
2026-09-29 08:02:28.690|DEBUG|ArtifactScraper|Parsing artifact substat: atk+4.7%
2026-09-29 08:02:28.690|DEBUG|ArtifactScraper|Parsing artifact substat: def+16(unactivated)
2026-09-29 08:02:28.831|DEBUG|ArtifactScraper|Parsing artifact substat: def+16
2026-09-29 08:02:28.831|DEBUG|ArtifactScraper|Parsing artifact substat: hp+299
2026-09-29 08:02:28.831|DEBUG|ArtifactScraper|Parsing artifact substat: energyrecharge+5.8%
2026-09-29 08:02:28.831|DEBUG|ArtifactScraper|Parsing artifact substat: hp+4.1%(unactivated)
2026-09-29 08:02:28.993|DEBUG|ArtifactScraper|Parsing artifact substat: elementalmastery+19
2026-09-29 08:02:28.993|DEBUG|ArtifactScraper|Parsing artifact substat: hp+4.7%
2026-09-29 08:02:28.993|DEBUG|ArtifactScraper|Parsing artifact substat: def+19
2026-09-29 08:02:28.993|DEBUG|ArtifactScraper|Parsing artifact substat: def+5.8%(unactivated)
2026-09-29 08:02:29.156|DEBUG|ArtifactScraper|Parsing artifact substat: hp+299
2026-09-29 08:02:29.156|DEBUG|ArtifactScraper|Parsing artifact substat: def+21
2026-09-29 08:02:29.156|DEBUG|ArtifactScraper|Parsing artifact substat: def+5.1%
2026-09-29 08:02:29.156|DEBUG|ArtifactScraper|Parsing artifact substat: hp+4.1%(unactivated)
2026-09-29 08:02:29.273|DEBUG|ArtifactScraper|Parsing artifact substat: atk+5.8%
2026-09-29 08:02:29.273|DEBUG|ArtifactScraper|Parsing artifact substat: def+5.1%
2026-09-29 08:02:29.273|DEBUG|ArtifactScraper|Parsing artifact substat: hp+4.1%
2026-09-29 08:02:29.273|DEBUG|ArtifactScraper|Parsing artifact substat: def+16(unactivated)
2026-09-29 08:02:29.475|DEBUG|ArtifactScraper|Parsing artifact substat: def+23
2026-09-29 08:02:29.475|DEBUG|ArtifactScraper|Parsing artifact substat: hp+4.1%
2026-09-29 08:02:29.475|DEBUG|ArtifactScraper|Parsing artifact substat: critdmg+5.4%
2026-09-29 08:02:29.475|DEBUG|ArtifactScraper|Parsing artifact substat: elementalmastery+16
2026-09-29 08:02:29.617|DEBUG|ArtifactScraper|Parsing artifact substat: critrate+3.1%
2026-09-29 08:02:29.617|DEBUG|ArtifactScraper|Parsing artifact substat: energyrecharge+5.2%
2026-09-29 08:02:29.617|DEBUG|ArtifactScraper|Parsing artifact substat: critdmg+6.2%
2026-09-29 08:02:29.617|DEBUG|ArtifactScraper|Parsing artifact substat: hp+299
2026-09-29 08:02:29.803|DEBUG|ArtifactScraper|Parsing artifact substat: critrate+3.5%
2026-09-29 08:02:29.803|DEBUG|ArtifactScraper|Parsing artifact substat: atk+19
2026-09-29 08:02:29.803|DEBUG|ArtifactScraper|Parsing artifact substat: critdmg+5.4%
2026-09-29 08:02:29.803|DEBUG|ArtifactScraper|Parsing artifact substat: elementalmastery+16
2026-09-29 08:02:29.936|DEBUG|ArtifactScraper|Parsing artifact substat: critrate+2.7%
2026-09-29 08:02:29.936|DEBUG|ArtifactScraper|Parsing artifact substat: atk+16
2026-09-29 08:02:29.936|DEBUG|ArtifactScraper|Parsing artifact substat: hp+269
2026-09-29 08:02:29.936|DEBUG|ArtifactScraper|Parsing artifact substat: critdmg+7.0%
2026-09-29 08:02:30.086|DEBUG|ArtifactScraper|Parsing artifact substat: energyrecharge+5.8%
2026-09-29 08:02:30.086|DEBUG|ArtifactScraper|Parsing artifact substat: critdmg+7.8%
2026-09-29 08:02:30.086|DEBUG|ArtifactScraper|Parsing artifact substat: critrate+3.9%
2026-09-29 08:02:30.086|DEBUG|ArtifactScraper|Parsing artifact substat: hp+5.8%
2026-09-29 08:02:30.358|DEBUG|ArtifactScraper|Parsing artifact substat: critrate+3.1%
2026-09-29 08:02:30.358|DEBUG|ArtifactScraper|Parsing artifact substat: critdmg+7.8%
2026-09-29 08:02:30.358|DEBUG|ArtifactScraper|Parsing artifact substat: atk+4.7%
2026-09-29 08:02:30.358|DEBUG|ArtifactScraper|Parsing artifact substat: atk+18
2026-09-29 08:02:30.531|DEBUG|ArtifactScraper|Parsing artifact substat: critrate+3.1%
2026-09-29 08:02:30.531|DEBUG|ArtifactScraper|Parsing artifact substat: critdmg+6.2%
2026-09-29 08:02:30.531|DEBUG|ArtifactScraper|Parsing artifact substat: elementalmastery+19
2026-09-29 08:02:30.531|DEBUG|ArtifactScraper|Parsing artifact substat: hp+5.3%
2026-09-29 08:02:30.640|DEBUG|ArtifactScraper|Parsing artifact substat: critrate+2.7%
2026-09-29 08:02:30.640|DEBUG|ArtifactScraper|Parsing artifact substat: atk+5.8%
2026-09-29 08:02:30.640|DEBUG|ArtifactScraper|Parsing artifact substat: def+19
2026-09-29 08:02:30.640|DEBUG|ArtifactScraper|Parsing artifact substat: critdmg+7.0%
2026-09-29 08:02:30.871|DEBUG|ArtifactScraper|Parsing artifact substat: critdmg+5.4%
2026-09-29 08:02:30.871|DEBUG|ArtifactScraper|Parsing artifact substat: energyrecharge+5.8%
2026-09-29 08:02:30.871|DEBUG|ArtifactScraper|Parsing artifact substat: hp+5.3%
2026-09-29 08:02:30.871|DEBUG|ArtifactScraper|Parsing artifact substat: atk+14(unactivated)
2026-09-29 08:02:30.962|DEBUG|ArtifactScraper|Parsing artifact substat: def+23
2026-09-29 08:02:30.962|DEBUG|ArtifactScraper|Parsing artifact substat: atk+19
2026-09-29 08:02:30.962|DEBUG|ArtifactScraper|Parsing artifact substat: atk+5.3%
2026-09-29 08:02:30.962|DEBUG|ArtifactScraper|Parsing artifact substat: critdmg+7.8%(unactivated)
2026-09-29 08:02:31.202|DEBUG|ArtifactScraper|Parsing artifact substat: hp+269
2026-09-29 08:02:31.202|DEBUG|ArtifactScraper|Parsing artifact substat: critrate+3.1%
2026-09-29 08:02:31.202|DEBUG|ArtifactScraper|Parsing artifact substat: hp+4.1%
2026-09-29 08:02:31.202|DEBUG|ArtifactScraper|Parsing artifact substat: energyrecharge+4.5%
2026-09-29 08:02:31.339|DEBUG|ArtifactScraper|Parsing artifact substat: energyrecharge+6.5%
2026-09-29 08:02:31.339|DEBUG|ArtifactScraper|Parsing artifact substat: def+16
2026-09-29 08:02:31.339|DEBUG|ArtifactScraper|Parsing artifact substat: critdmg+6.2%
2026-09-29 08:02:31.339|DEBUG|ArtifactScraper|Parsing artifact substat: critrate+2.7%(unactivated)
2026-09-29 08:02:31.466|DEBUG|ArtifactScraper|Parsing artifact substat: atk+18
2026-09-29 08:02:31.466|DEBUG|ArtifactScraper|Parsing artifact substat: critrate+3.1%
2026-09-29 08:02:31.466|DEBUG|ArtifactScraper|Parsing artifact substat: hp+5.8%
2026-09-29 08:02:31.466|DEBUG|ArtifactScraper|Parsing artifact substat: energyrecharge+5.2%
2026-09-29 08:02:31.679|DEBUG|ArtifactScraper|Parsing artifact substat: hp+269
2026-09-29 08:02:31.679|DEBUG|ArtifactScraper|Parsing artifact substat: critrate+3.1%
2026-09-29 08:02:31.679|DEBUG|ArtifactScraper|Parsing artifact substat: atk+19
2026-09-29 08:02:31.679|DEBUG|ArtifactScraper|Parsing artifact substat: atk+4.7%(unactivated)
2026-09-29 08:02:31.790|DEBUG|ArtifactScraper|Parsing artifact substat: critrate+3.5%
2026-09-29 08:02:31.790|DEBUG|ArtifactScraper|Parsing artifact substat: atk+4.1%
2026-09-29 08:02:31.790|DEBUG|ArtifactScraper|Parsing artifact substat: hp+5.3%
2026-09-29 08:02:31.790|DEBUG|ArtifactScraper|Parsing artifact substat: critdmg+7.8%(unactivated)
2026-09-29 08:02:31.832|DEBUG|ArtifactScraper|Finished queuing page of artifacts. Scrolling...
2026-09-29 08:02:32.043|DEBUG|ArtifactScraper|Parsing artifact substat: critrate+3.5%
2026-09-29 08:02:32.043|DEBUG|ArtifactScraper|Parsing artifact substat: energyrecharge+6.5%
2026-09-29 08:02:32.043|DEBUG|ArtifactScraper|Parsing artifact substat: elementalmastery+23
2026-09-29 08:02:32.043|DEBUG|ArtifactScraper|Parsing artifact substat: hp+5.3%(unactivated)
2026-09-29 08:02:32.125|DEBUG|ArtifactScraper|Parsing artifact substat: elementalmastery+23
2026-09-29 08:02:32.125|DEBUG|ArtifactScraper|Parsing artifact substat: def+16
2026-09-29 08:02:32.125|DEBUG|ArtifactScraper|Parsing artifact substat: critrate+3.1%
2026-09-29 08:02:32.125|DEBUG|ArtifactScraper|Parsing artifact substat: critdmg+6.2%(unactivated)
2026-09-29 08:02:33.786|DEBUG|ArtifactScraper|Scanning artifact page 52
2026-09-29 08:02:33.786|DEBUG|ArtifactScraper|Located 32 possible item locations on page.
2026-09-29 08:02:34.221|DEBUG|ArtifactScraper|Parsing artifact substat: critdmg+7.8%
2026-09-29 08:02:34.221|DEBUG|ArtifactScraper|Parsing artifact substat: elementalmastery+16
2026-09-29 08:02:34.221|DEBUG|ArtifactScraper|Parsing artifact substat: critrate+2.7%
2026-09-29 08:02:34.221|DEBUG|ArtifactScraper|Parsing artifact substat: hp+239(unactivated)
2026-09-29 08:02:34.364|DEBUG|ArtifactScraper|Parsing artifact substat: critrate+3.5%
2026-09-29 08:02:34.364|DEBUG|ArtifactScraper|Parsing artifact substat: atk+14
2026-09-29 08:02:34.364|DEBUG|ArtifactScraper|Parsing artifact substat: energyrecharge+5.2%
2026-09-29 08:02:34.364|DEBUG|ArtifactScraper|Parsing artifact substat: elementalmastery+16
2026-09-29 08:02:34.669|DEBUG|ArtifactScraper|Parsing artifact substat: critdmg+7.0%
2026-09-29 08:02:34.669|DEBUG|ArtifactScraper|Parsing artifact substat: energyrecharge+5.2%
2026-09-29 08:02:34.669|DEBUG|ArtifactScraper|Parsing artifact substat: critrate+3.1%
2026-09-29 08:02:34.669|DEBUG|ArtifactScraper|Parsing artifact substat: hp+4.1%(unactivated)
2026-09-29 08:02:34.835|DEBUG|ArtifactScraper|Parsing artifact substat: def+19
2026-09-29 08:02:34.835|DEBUG|ArtifactScraper|Parsing artifact substat: critrate+3.9%
2026-09-29 08:02:34.835|DEBUG|ArtifactScraper|Parsing artifact substat: energyrecharge+4.5%
2026-09-29 08:02:34.835|DEBUG|ArtifactScraper|Parsing artifact substat: hp+4.1%(unactivated)
2026-09-29 08:02:34.928|DEBUG|ArtifactScraper|Parsing artifact substat: def+21
2026-09-29 08:02:34.928|DEBUG|ArtifactScraper|Parsing artifact substat: atk+16
2026-09-29 08:02:34.928|DEBUG|ArtifactScraper|Parsing artifact substat: elementalmastery+23
2026-09-29 08:02:34.928|DEBUG|ArtifactScraper|Parsing artifact substat: atk+5.8%
2026-09-29 08:02:35.112|DEBUG|ArtifactScraper|Parsing artifact substat: atk+18
2026-09-29 08:02:35.112|DEBUG|ArtifactScraper|Parsing artifact substat: hp+4.7%
2026-09-29 08:02:35.112|DEBUG|ArtifactScraper|Parsing artifact substat: def+23
2026-09-29 08:02:35.112|DEBUG|ArtifactScraper|Parsing artifact substat: def+7.3%
2026-09-29 08:02:35.249|DEBUG|ArtifactScraper|Parsing artifact substat: atk+16
2026-09-29 08:02:35.249|DEBUG|ArtifactScraper|Parsing artifact substat: hp+269
2026-09-29 08:02:35.249|DEBUG|ArtifactScraper|Parsing artifact substat: elementalmastery+16
2026-09-29 08:02:35.249|DEBUG|ArtifactScraper|Parsing artifact substat: energyrecharge+5.8%
2026-09-29 08:02:35.424|DEBUG|ArtifactScraper|Parsing artifact substat: atk+14
2026-09-29 08:02:35.424|DEBUG|ArtifactScraper|Parsing artifact substat: def+21
2026-09-29 08:02:35.424|DEBUG|ArtifactScraper|Parsing artifact substat: def+6.6%
2026-09-29 08:02:35.424|DEBUG|ArtifactScraper|Parsing artifact substat: critdmg+7.0%
2026-09-29 08:02:35.576|DEBUG|ArtifactScraper|Parsing artifact substat: elementalmastery+19
2026-09-29 08:02:35.576|DEBUG|ArtifactScraper|Parsing artifact substat: critdmg+6.2%
2026-09-29 08:02:35.576|DEBUG|ArtifactScraper|Parsing artifact substat: hp+239
2026-09-29 08:02:35.576|DEBUG|ArtifactScraper|Parsing artifact substat: atk+4.7%
2026-09-29 08:02:35.706|DEBUG|ArtifactScraper|Parsing artifact substat: atk+4.7%
2026-09-29 08:02:35.706|DEBUG|ArtifactScraper|Parsing artifact substat: def+23
2026-09-29 08:02:35.706|DEBUG|ArtifactScraper|Parsing artifact substat: critdmg+7.0%
2026-09-29 08:02:35.706|DEBUG|ArtifactScraper|Parsing artifact substat: hp+299
2026-09-29 08:02:35.959|DEBUG|ArtifactScraper|Parsing artifact substat: atk+18
2026-09-29 08:02:35.959|DEBUG|ArtifactScraper|Parsing artifact substat: hp+239
2026-09-29 08:02:35.959|DEBUG|ArtifactScraper|Parsing artifact substat: def+16
2026-09-29 08:02:35.959|DEBUG|ArtifactScraper|Parsing artifact substat: critrate+3.5%
2026-09-29 08:02:36.159|DEBUG|ArtifactScraper|Parsing artifact substat: atk+19
2026-09-29 08:02:36.159|DEBUG|ArtifactScraper|Parsing artifact substat: elementalmastery+21
2026-09-29 08:02:36.159|DEBUG|ArtifactScraper|Parsing artifact substat: critrate+3.9%
2026-09-29 08:02:36.159|DEBUG|ArtifactScraper|Parsing artifact substat: hp+239
2026-09-29 08:02:36.278|DEBUG|ArtifactScraper|Parsing artifact substat: atk+18
2026-09-29 08:02:36.278|DEBUG|ArtifactScraper|Parsing artifact substat: elementalmastery+16
2026-09-29 08:02:36.278|DEBUG|ArtifactScraper|Parsing artifact substat: critdmg+6.2%
2026-09-29 08:02:36.278|DEBUG|ArtifactScraper|Parsing artifact substat: hp+5.3%
2026-09-29 08:02:36.466|DEBUG|ArtifactScraper|Parsing artifact substat: atk+5.8%
2026-09-29 08:02:36.466|DEBUG|ArtifactScraper|Parsing artifact substat: hp+5.3%
2026-09-29 08:02:36.466|DEBUG|ArtifactScraper|Parsing artifact substat: atk+18
2026-09-29 08:02:36.466|DEBUG|ArtifactScraper|Parsing artifact substat: def+16
2026-09-29 08:02:36.600|DEBUG|ArtifactScraper|Parsing artifact substat: def+21
2026-09-29 08:02:36.600|DEBUG|ArtifactScraper|Parsing artifact substat: energyrecharge+4.5%
2026-09-29 08:02:36.600|DEBUG|ArtifactScraper|Parsing artifact substat: hp+4.7%
2026-09-29 08:02:36.600|DEBUG|ArtifactScraper|Parsing artifact substat: atk+4.1%
2026-09-29 08:02:36.797|DEBUG|ArtifactScraper|Parsing artifact substat: critdmg+5.4%
2026-09-29 08:02:36.797|DEBUG|ArtifactScraper|Parsing artifact substat: hp+299
2026-09-29 08:02:36.797|DEBUG|ArtifactScraper|Parsing artifact substat: def+6.6%
2026-09-29 08:02:36.797|DEBUG|ArtifactScraper|Parsing artifact substat: elementalmastery+19
2026-09-29 08:02:36.899|DEBUG|ArtifactScraper|Parsing artifact substat: hp+239
2026-09-29 08:02:36.899|DEBUG|ArtifactScraper|Parsing artifact substat: def+16
2026-09-29 08:02:36.899|DEBUG|ArtifactScraper|Parsing artifact substat: atk+16
2026-09-29 08:02:36.899|DEBUG|ArtifactScraper|Parsing artifact substat: elementalmastery+21
2026-09-29 08:02:37.080|DEBUG|ArtifactScraper|Parsing artifact substat: atk+16
2026-09-29 08:02:37.080|DEBUG|ArtifactScraper|Parsing artifact substat: critdmg+7.0%
2026-09-29 08:02:37.080|DEBUG|ArtifactScraper|Parsing artifact substat: def+7.3%
2026-09-29 08:02:37.080|DEBUG|ArtifactScraper|Parsing artifact substat: def+16
2026-09-29 08:02:37.314|DEBUG|ArtifactScraper|Parsing artifact substat: elementalmastery+19
2026-09-29 08:02:37.314|DEBUG|ArtifactScraper|Parsing artifact substat: critrate+3.5%
2026-09-29 08:02:37.314|DEBUG|ArtifactScraper|Parsing artifact substat: hp+269
2026-09-29 08:02:37.314|DEBUG|ArtifactScraper|Parsing artifact substat: atk+5.8%
2026-09-29 08:02:37.481|DEBUG|ArtifactScraper|Parsing artifact substat: hp+239
2026-09-29 08:02:37.481|DEBUG|ArtifactScraper|Parsing artifact substat: energyrecharge+5.8%
2026-09-29 08:02:37.481|DEBUG|ArtifactScraper|Parsing artifact substat: critdmg+5.4%
2026-09-29 08:02:37.481|DEBUG|ArtifactScraper|Parsing artifact substat: def+19
2026-09-29 08:02:37.599|DEBUG|ArtifactScraper|Parsing artifact substat: atk+5.3%
2026-09-29 08:02:37.599|DEBUG|ArtifactScraper|Parsing artifact substat: atk+18
2026-09-29 08:02:37.599|DEBUG|ArtifactScraper|Parsing artifact substat: def+16
2026-09-29 08:02:37.599|DEBUG|ArtifactScraper|Parsing artifact substat: critrate+3.9%
2026-09-29 08:02:37.784|DEBUG|ArtifactScraper|Parsing artifact substat: hp+5.3%
2026-09-29 08:02:37.784|DEBUG|ArtifactScraper|Parsing artifact substat: def+19
2026-09-29 08:02:37.784|DEBUG|ArtifactScraper|Parsing artifact substat: hp+269
2026-09-29 08:02:37.784|DEBUG|ArtifactScraper|Parsing artifact substat: atk+4.7%
2026-09-29 08:02:37.937|DEBUG|ArtifactScraper|Parsing artifact substat: elementalmastery+16
2026-09-29 08:02:37.937|DEBUG|ArtifactScraper|Parsing artifact substat: atk+19
2026-09-29 08:02:37.937|DEBUG|ArtifactScraper|Parsing artifact substat: hp+209
2026-09-29 08:02:37.937|DEBUG|ArtifactScraper|Parsing artifact substat: energyrecharge+4.5%
2026-09-29 08:02:38.097|DEBUG|ArtifactScraper|Parsing artifact substat: energyrecharge+5.2%
2026-09-29 08:02:38.097|DEBUG|ArtifactScraper|Parsing artifact substat: hp+269
2026-09-29 08:02:38.097|DEBUG|ArtifactScraper|Parsing artifact substat: atk+19
2026-09-29 08:02:38.097|DEBUG|ArtifactScraper|Parsing artifact substat: critdmg+7.0%
2026-09-29 08:02:38.234|DEBUG|ArtifactScraper|Parsing artifact substat: energyrecharge+5.8%
2026-09-29 08:02:38.234|DEBUG|ArtifactScraper|Parsing artifact substat: hp+5.3%
2026-09-29 08:02:38.234|DEBUG|ArtifactScraper|Parsing artifact substat: def+23
2026-09-29 08:02:38.234|DEBUG|ArtifactScraper|Parsing artifact substat: hp+239
2026-09-29 08:02:38.405|DEBUG|ArtifactScraper|Parsing artifact substat: def+16
2026-09-29 08:02:38.405|DEBUG|ArtifactScraper|Parsing artifact substat: elementalmastery+16
2026-09-29 08:02:38.405|DEBUG|ArtifactScraper|Parsing artifact substat: def+7.3%
2026-09-29 08:02:38.405|DEBUG|ArtifactScraper|Parsing artifact substat: hp+239
2026-09-29 08:02:38.666|DEBUG|ArtifactScraper|Parsing artifact substat: def+23
2026-09-29 08:02:38.666|DEBUG|ArtifactScraper|Parsing artifact substat: elementalmastery+23
2026-09-29 08:02:38.666|DEBUG|ArtifactScraper|Parsing artifact substat: atk+16
2026-09-29 08:02:38.666|DEBUG|ArtifactScraper|Parsing artifact substat: critrate+3.9%
2026-09-29 08:02:38.806|DEBUG|ArtifactScraper|Parsing artifact substat: atk+18
2026-09-29 08:02:38.806|DEBUG|ArtifactScraper|Parsing artifact substat: energyrecharge+5.8%
2026-09-29 08:02:38.806|DEBUG|ArtifactScraper|Parsing artifact substat: hp+299
2026-09-29 08:02:38.806|DEBUG|ArtifactScraper|Parsing artifact substat: def+21
2026-09-29 08:02:38.962|DEBUG|ArtifactScraper|Parsing artifact substat: elementalmastery+19
2026-09-29 08:02:38.962|DEBUG|ArtifactScraper|Parsing artifact substat: hp+5.8%
2026-09-29 08:02:38.962|DEBUG|ArtifactScraper|Parsing artifact substat: def+23
2026-09-29 08:02:38.962|DEBUG|ArtifactScraper|Parsing artifact substat: hp+239
2026-09-29 08:02:39.116|DEBUG|ArtifactScraper|Parsing artifact substat: hp+5.8%
2026-09-29 08:02:39.116|DEBUG|ArtifactScraper|Parsing artifact substat: def+23
2026-09-29 08:02:39.116|DEBUG|ArtifactScraper|Parsing artifact substat: elementalmastery+19
2026-09-29 08:02:39.116|DEBUG|ArtifactScraper|Parsing artifact substat: atk+4.7%
2026-09-29 08:02:39.173|DEBUG|ArtifactScraper|Finished queuing page of artifacts. Scrolling...
2026-09-29 08:02:39.263|DEBUG|ArtifactScraper|Parsing artifact substat: hp+299
2026-09-29 08:02:39.263|DEBUG|ArtifactScraper|Parsing artifact substat: def+5.1%
2026-09-29 08:02:39.263|DEBUG|ArtifactScraper|Parsing artifact substat: critdmg+7.0%
2026-09-29 08:02:39.263|DEBUG|ArtifactScraper|Parsing artifact substat: energyrecharge+5.2%
2026-09-29 08:02:39.469|DEBUG|ArtifactScraper|Parsing artifact substat: def+21
2026-09-29 08:02:39.469|DEBUG|ArtifactScraper|Parsing artifact substat: atk+16
2026-09-29 08:02:39.469|DEBUG|ArtifactScraper|Parsing artifact substat: energyrecharge+5.2%
2026-09-29 08:02:39.469|DEBUG|ArtifactScraper|Parsing artifact substat: atk+5.3%
2026-09-29 08:02:41.153|DEBUG|ArtifactScraper|Scanning artifact page 53
2026-09-29 08:02:41.153|DEBUG|ArtifactScraper|Located 32 possible item locations on page.
2026-09-29 08:02:41.495|DEBUG|ArtifactScraper|Parsing artifact substat: hp+209
2026-09-29 08:02:41.495|DEBUG|ArtifactScraper|Parsing artifact substat: def+19
2026-09-29 08:02:41.495|DEBUG|ArtifactScraper|Parsing artifact substat: critdmg+6.2%
2026-09-29 08:02:41.495|DEBUG|ArtifactScraper|Parsing artifact substat: hp+4.7%
2026-09-29 08:02:41.743|DEBUG|ArtifactScraper|Parsing artifact substat: def+16
2026-09-29 08:02:41.743|DEBUG|ArtifactScraper|Parsing artifact substat: hp+209
2026-09-29 08:02:41.743|DEBUG|ArtifactScraper|Parsing artifact substat: elementalmastery+16
2026-09-29 08:02:41.743|DEBUG|ArtifactScraper|Parsing artifact substat: critdmg+7.8%
2026-09-29 08:02:41.888|DEBUG|ArtifactScraper|Parsing artifact substat: hp+4.7%
2026-09-29 08:02:41.888|DEBUG|ArtifactScraper|Parsing artifact substat: atk+14
2026-09-29 08:02:41.888|DEBUG|ArtifactScraper|Parsing artifact substat: elementalmastery+21
2026-09-29 08:02:41.888|DEBUG|ArtifactScraper|Parsing artifact substat: hp+239(unactivated)
2026-09-29 08:02:42.082|DEBUG|ArtifactScraper|Parsing artifact substat: atk+18
2026-09-29 08:02:42.082|DEBUG|ArtifactScraper|Parsing artifact substat: elementalmastery+23
2026-09-29 08:02:42.082|DEBUG|ArtifactScraper|Parsing artifact substat: def+16
2026-09-29 08:02:42.082|DEBUG|ArtifactScraper|Parsing artifact substat: atk+4.1%(unactivated)
2026-09-29 08:02:42.381|DEBUG|ArtifactScraper|Parsing artifact substat: critdmg+7.0%
2026-09-29 08:02:42.381|DEBUG|ArtifactScraper|Parsing artifact substat: atk+14
2026-09-29 08:02:42.381|DEBUG|ArtifactScraper|Parsing artifact substat: energyrecharge+4.5%
2026-09-29 08:02:42.381|DEBUG|ArtifactScraper|Parsing artifact substat: hp+239(unactivated)
2026-09-29 08:02:42.442|DEBUG|ArtifactScraper|Parsing artifact substat: atk+18
2026-09-29 08:02:42.442|DEBUG|ArtifactScraper|Parsing artifact substat: atk+4.1%
2026-09-29 08:02:42.442|DEBUG|ArtifactScraper|Parsing artifact substat: elementalmastery+16
2026-09-29 08:02:42.442|DEBUG|ArtifactScraper|Parsing artifact substat: hp+209
2026-09-29 08:02:42.788|DEBUG|ArtifactScraper|Parsing artifact substat: critdmg+6.2%
2026-09-29 08:02:42.788|DEBUG|ArtifactScraper|Parsing artifact substat: elementalmastery+19
2026-09-29 08:02:42.788|DEBUG|ArtifactScraper|Parsing artifact substat: critrate+2.7%
2026-09-29 08:02:42.788|DEBUG|ArtifactScraper|Parsing artifact substat: hp+239
2026-09-29 08:02:42.803|DEBUG|ArtifactScraper|Parsing artifact substat: critdmg+7.8%
2026-09-29 08:02:42.803|DEBUG|ArtifactScraper|Parsing artifact substat: hp+4.7%
2026-09-29 08:02:42.803|DEBUG|ArtifactScraper|Parsing artifact substat: hp+209
2026-09-29 08:02:42.803|DEBUG|ArtifactScraper|Parsing artifact substat: elementalmastery+23
2026-09-29 08:02:43.070|DEBUG|ArtifactScraper|Parsing artifact substat: hp+5.3%
2026-09-29 08:02:43.070|DEBUG|ArtifactScraper|Parsing artifact substat: atk+5.3%
2026-09-29 08:02:43.070|DEBUG|ArtifactScraper|Parsing artifact substat: def+21
2026-09-29 08:02:43.070|DEBUG|ArtifactScraper|Parsing artifact substat: def+7.3%
2026-09-29 08:02:43.193|DEBUG|ArtifactScraper|Parsing artifact substat: energyrecharge+5.8%
2026-09-29 08:02:43.193|DEBUG|ArtifactScraper|Parsing artifact substat: def+23
2026-09-29 08:02:43.193|DEBUG|ArtifactScraper|Parsing artifact substat: critdmg+7.8%
2026-09-29 08:02:43.193|DEBUG|ArtifactScraper|Parsing artifact substat: def+7.3%
2026-09-29 08:02:43.469|DEBUG|ArtifactScraper|Parsing artifact substat: energyrecharge+5.8%
2026-09-29 08:02:43.469|DEBUG|ArtifactScraper|Parsing artifact substat: def+7.3%
2026-09-29 08:02:43.469|DEBUG|ArtifactScraper|Parsing artifact substat: critrate+3.5%
2026-09-29 08:02:43.469|DEBUG|ArtifactScraper|Parsing artifact substat: atk+18
2026-09-29 08:02:43.497|DEBUG|ArtifactScraper|Parsing artifact substat: def+16
2026-09-29 08:02:43.497|DEBUG|ArtifactScraper|Parsing artifact substat: critdmg+5.4%
2026-09-29 08:02:43.497|DEBUG|ArtifactScraper|Parsing artifact substat: energyrecharge+5.8%
2026-09-29 08:02:43.497|DEBUG|ArtifactScraper|Parsing artifact substat: elementalmastery+21
2026-09-29 08:02:43.836|DEBUG|ArtifactScraper|Parsing artifact substat: def+23
2026-09-29 08:02:43.836|DEBUG|ArtifactScraper|Parsing artifact substat: atk+5.3%
2026-09-29 08:02:43.836|DEBUG|ArtifactScraper|Parsing artifact substat: atk+19
2026-09-29 08:02:43.836|DEBUG|ArtifactScraper|Parsing artifact substat: hp+269
2026-09-29 08:02:43.847|DEBUG|ArtifactScraper|Parsing artifact substat: hp+269
2026-09-29 08:02:43.847|DEBUG|ArtifactScraper|Parsing artifact substat: critdmg+7.8%
2026-09-29 08:02:43.847|DEBUG|ArtifactScraper|Parsing artifact substat: atk+18
2026-09-29 08:02:43.847|DEBUG|ArtifactScraper|Parsing artifact substat: def+5.8%
2026-09-29 08:02:44.151|DEBUG|ArtifactScraper|Parsing artifact substat: def+23
2026-09-29 08:02:44.151|DEBUG|ArtifactScraper|Parsing artifact substat: critrate+3.1%
2026-09-29 08:02:44.151|DEBUG|ArtifactScraper|Parsing artifact substat: elementalmastery+21
2026-09-29 08:02:44.151|DEBUG|ArtifactScraper|Parsing artifact substat: def+5.8%
2026-09-29 08:02:44.221|DEBUG|ArtifactScraper|Parsing artifact substat: hp+209
2026-09-29 08:02:44.221|DEBUG|ArtifactScraper|Parsing artifact substat: atk+14
2026-09-29 08:02:44.221|DEBUG|ArtifactScraper|Parsing artifact substat: atk+4.7%
2026-09-29 08:02:44.221|DEBUG|ArtifactScraper|Parsing artifact substat: critrate+3.1%
2026-09-29 08:02:44.516|DEBUG|ArtifactScraper|Parsing artifact substat: energyrecharge+4.5%
2026-09-29 08:02:44.516|DEBUG|ArtifactScraper|Parsing artifact substat: hp+4.7%
2026-09-29 08:02:44.516|DEBUG|ArtifactScraper|Parsing artifact substat: def+7.3%
2026-09-29 08:02:44.516|DEBUG|ArtifactScraper|Parsing artifact substat: atk+4.7%
2026-09-29 08:02:44.569|DEBUG|ArtifactScraper|Parsing artifact substat: energyrecharge+5.2%
2026-09-29 08:02:44.569|DEBUG|ArtifactScraper|Parsing artifact substat: def+7.3%
2026-09-29 08:02:44.569|DEBUG|ArtifactScraper|Parsing artifact substat: critdmg+5.4%
2026-09-29 08:02:44.569|DEBUG|ArtifactScraper|Parsing artifact substat: elementalmastery+21
2026-09-29 08:02:44.903|DEBUG|ArtifactScraper|Parsing artifact substat: critdmg+7.8%
2026-09-29 08:02:44.903|DEBUG|ArtifactScraper|Parsing artifact substat: hp+5.8%
2026-09-29 08:02:44.903|DEBUG|ArtifactScraper|Parsing artifact substat: hp+239
2026-09-29 08:02:44.903|DEBUG|ArtifactScraper|Parsing artifact substat: atk+19(unactivated)
2026-09-29 08:02:44.911|DEBUG|ArtifactScraper|Parsing artifact substat: hp+5.8%
2026-09-29 08:02:44.911|DEBUG|ArtifactScraper|Parsing artifact substat: def+23
2026-09-29 08:02:44.911|DEBUG|ArtifactScraper|Parsing artifact substat: hp+269
2026-09-29 08:02:44.911|DEBUG|ArtifactScraper|Parsing artifact substat: elementalmastery+19
2026-09-29 08:02:45.232|DEBUG|ArtifactScraper|Parsing artifact substat: hp+299
2026-09-29 08:02:45.232|DEBUG|ArtifactScraper|Parsing artifact substat: energyrecharge+4.5%
2026-09-29 08:02:45.232|DEBUG|ArtifactScraper|Parsing artifact substat: def+6.6%
2026-09-29 08:02:45.232|DEBUG|ArtifactScraper|Parsing artifact substat: elementalmastery+19
2026-09-29 08:02:45.309|DEBUG|ArtifactScraper|Parsing artifact substat: atk+5.8%
2026-09-29 08:02:45.309|DEBUG|ArtifactScraper|Parsing artifact substat: def+16
2026-09-29 08:02:45.309|DEBUG|ArtifactScraper|Parsing artifact substat: hp+239
2026-09-29 08:02:45.309|DEBUG|ArtifactScraper|Parsing artifact substat: hp+5.8%(unactivated)
2026-09-29 08:02:45.601|DEBUG|ArtifactScraper|Parsing artifact substat: atk+14
2026-09-29 08:02:45.601|DEBUG|ArtifactScraper|Parsing artifact substat: elementalmastery+23
2026-09-29 08:02:45.601|DEBUG|ArtifactScraper|Parsing artifact substat: def+21
2026-09-29 08:02:45.601|DEBUG|ArtifactScraper|Parsing artifact substat: critdmg+5.4%(unactivated)
2026-09-29 08:02:45.634|DEBUG|ArtifactScraper|Parsing artifact substat: energyrecharge+4.5%
2026-09-29 08:02:45.634|DEBUG|ArtifactScraper|Parsing artifact substat: atk+19
2026-09-29 08:02:45.634|DEBUG|ArtifactScraper|Parsing artifact substat: def+16
2026-09-29 08:02:45.634|DEBUG|ArtifactScraper|Parsing artifact substat: def+5.8%(unactivated)
2026-09-29 08:02:45.986|DEBUG|ArtifactScraper|Parsing artifact substat: elementalmastery+16
2026-09-29 08:02:45.986|DEBUG|ArtifactScraper|Parsing artifact substat: hp+239
2026-09-29 08:02:45.986|DEBUG|ArtifactScraper|Parsing artifact substat: hp+5.3%
2026-09-29 08:02:45.986|DEBUG|ArtifactScraper|Parsing artifact substat: def+5.8%(unactivated)
2026-09-29 08:02:46.035|DEBUG|ArtifactScraper|Parsing artifact substat: hp+209
2026-09-29 08:02:46.035|DEBUG|ArtifactScraper|Parsing artifact substat: energyrecharge+4.5%
2026-09-29 08:02:46.035|DEBUG|ArtifactScraper|Parsing artifact substat: def+23
2026-09-29 08:02:46.035|DEBUG|ArtifactScraper|Parsing artifact substat: critdmg+7.8%(unactivated)
2026-09-29 08:02:46.319|DEBUG|ArtifactScraper|Parsing artifact substat: atk+16
2026-09-29 08:02:46.319|DEBUG|ArtifactScraper|Parsing artifact substat: critrate+3.9%
2026-09-29 08:02:46.319|DEBUG|ArtifactScraper|Parsing artifact substat: hp+269
2026-09-29 08:02:46.319|DEBUG|ArtifactScraper|Parsing artifact substat: critdmg+7.0%(unactivated)
2026-09-29 08:02:46.382|DEBUG|ArtifactScraper|Parsing artifact substat: def+21
2026-09-29 08:02:46.382|DEBUG|ArtifactScraper|Parsing artifact substat: atk+4.1%
2026-09-29 08:02:46.382|DEBUG|ArtifactScraper|Parsing artifact substat: hp+5.3%
2026-09-29 08:02:46.382|DEBUG|ArtifactScraper|Parsing artifact substat: atk+16(unactivated)
2026-09-29 08:02:46.617|DEBUG|ArtifactScraper|Finished queuing page of artifacts. Scrolling...
2026-09-29 08:02:46.744|DEBUG|ArtifactScraper|Parsing artifact substat: def+5.1%
2026-09-29 08:02:46.744|DEBUG|ArtifactScraper|Parsing artifact substat: energyrecharge+5.8%
2026-09-29 08:02:46.744|DEBUG|ArtifactScraper|Parsing artifact substat: hp+209
2026-09-29 08:02:46.744|DEBUG|ArtifactScraper|Parsing artifact substat: elementalmastery+16
2026-09-29 08:02:46.790|DEBUG|ArtifactScraper|Parsing artifact substat: atk+5.3%
2026-09-29 08:02:46.790|DEBUG|ArtifactScraper|Parsing artifact substat: energyrecharge+5.8%
2026-09-29 08:02:46.790|DEBUG|ArtifactScraper|Parsing artifact substat: critdmg+6.2%
2026-09-29 08:02:46.790|DEBUG|ArtifactScraper|Parsing artifact substat: hp+299(unactivated)
2026-09-29 08:02:46.859|DEBUG|ArtifactScraper|Parsing artifact substat: def+21
2026-09-29 08:02:46.859|DEBUG|ArtifactScraper|Parsing artifact substat: critrate+2.7%
2026-09-29 08:02:46.859|DEBUG|ArtifactScraper|Parsing artifact substat: energyrecharge+5.2%
2026-09-29 08:02:46.859|DEBUG|ArtifactScraper|Parsing artifact substat: hp+209(unactivated)
2026-09-29 08:02:47.108|DEBUG|ArtifactScraper|Parsing artifact substat: critdmg+7.0%
2026-09-29 08:02:47.108|DEBUG|ArtifactScraper|Parsing artifact substat: def+7.3%
2026-09-29 08:02:47.108|DEBUG|ArtifactScraper|Parsing artifact substat: def+16
2026-09-29 08:02:47.108|DEBUG|ArtifactScraper|Parsing artifact substat: energyrecharge+5.2%
2026-09-29 08:02:48.954|DEBUG|ArtifactScraper|Scanning artifact page 54
2026-09-29 08:02:48.954|DEBUG|ArtifactScraper|Located 32 possible item locations on page.
2026-09-29 08:02:49.462|DEBUG|ArtifactScraper|Parsing artifact substat: hp+209
2026-09-29 08:02:49.462|DEBUG|ArtifactScraper|Parsing artifact substat: def+19
2026-09-29 08:02:49.462|DEBUG|ArtifactScraper|Parsing artifact substat: energyrecharge+5.8%
2026-09-29 08:02:49.462|DEBUG|ArtifactScraper|Parsing artifact substat: critdmg+5.4%(unactivated)
2026-09-29 08:02:49.831|DEBUG|ArtifactScraper|Parsing artifact substat: hp+209
2026-09-29 08:02:49.831|DEBUG|ArtifactScraper|Parsing artifact substat: atk+19
2026-09-29 08:02:49.831|DEBUG|ArtifactScraper|Parsing artifact substat: critrate+3.1%
2026-09-29 08:02:49.831|DEBUG|ArtifactScraper|Parsing artifact substat: def+5.1%(unactivated)
2026-09-29 08:02:49.831|DEBUG|ArtifactScraper|Parsing artifact substat: atk+4.1%
2026-09-29 08:02:49.831|DEBUG|ArtifactScraper|Parsing artifact substat: atk+18
2026-09-29 08:02:49.831|DEBUG|ArtifactScraper|Parsing artifact substat: critrate+2.7%
2026-09-29 08:02:49.831|DEBUG|ArtifactScraper|Parsing artifact substat: def+7.3%(unactivated)
2026-09-29 08:02:50.164|DEBUG|ArtifactScraper|Parsing artifact substat: energyrecharge+4.5%
2026-09-29 08:02:50.164|DEBUG|ArtifactScraper|Parsing artifact substat: critdmg+5.4%
2026-09-29 08:02:50.164|DEBUG|ArtifactScraper|Parsing artifact substat: hp+4.7%
2026-09-29 08:02:50.164|DEBUG|ArtifactScraper|Parsing artifact substat: def+21(unactivated)
2026-09-29 08:02:50.356|DEBUG|ArtifactScraper|Parsing artifact substat: energyrecharge+5.2%
2026-09-29 08:02:50.356|DEBUG|ArtifactScraper|Parsing artifact substat: hp+4.1%
2026-09-29 08:02:50.356|DEBUG|ArtifactScraper|Parsing artifact substat: elementalmastery+16
2026-09-29 08:02:50.356|DEBUG|ArtifactScraper|Parsing artifact substat: hp+299(unactivated)
2026-09-29 08:02:50.372|DEBUG|ArtifactScraper|Parsing artifact substat: elementalmastery+23
2026-09-29 08:02:50.372|DEBUG|ArtifactScraper|Parsing artifact substat: critdmg+7.8%
2026-09-29 08:02:50.372|DEBUG|ArtifactScraper|Parsing artifact substat: critrate+3.1%
2026-09-29 08:02:50.372|DEBUG|ArtifactScraper|Parsing artifact substat: def+6.6%(unactivated)
2026-09-29 08:02:50.574|DEBUG|ArtifactScraper|Parsing artifact substat: atk+16
2026-09-29 08:02:50.574|DEBUG|ArtifactScraper|Parsing artifact substat: elementalmastery+21
2026-09-29 08:02:50.574|DEBUG|ArtifactScraper|Parsing artifact substat: hp+299
2026-09-29 08:02:50.574|DEBUG|ArtifactScraper|Parsing artifact substat: hp+4.1%(unactivated)
2026-09-29 08:02:50.738|DEBUG|ArtifactScraper|Parsing artifact substat: def+6.6%
2026-09-29 08:02:50.738|DEBUG|ArtifactScraper|Parsing artifact substat: def+23
2026-09-29 08:02:50.738|DEBUG|ArtifactScraper|Parsing artifact substat: hp+5.3%
2026-09-29 08:02:50.738|DEBUG|ArtifactScraper|Parsing artifact substat: energyrecharge+5.8%
2026-09-29 08:02:51.047|DEBUG|ArtifactScraper|Parsing artifact substat: def+7.3%
2026-09-29 08:02:51.047|DEBUG|ArtifactScraper|Parsing artifact substat: energyrecharge+5.8%
2026-09-29 08:02:51.047|DEBUG|ArtifactScraper|Parsing artifact substat: elementalmastery+21
2026-09-29 08:02:51.047|DEBUG|ArtifactScraper|Parsing artifact substat: critrate+3.1%(unactivated)
2026-09-29 08:02:51.080|DEBUG|ArtifactScraper|Parsing artifact substat: def+16
2026-09-29 08:02:51.080|DEBUG|ArtifactScraper|Parsing artifact substat: elementalmastery+19
2026-09-29 08:02:51.080|DEBUG|ArtifactScraper|Parsing artifact substat: energyrecharge+4.5%
2026-09-29 08:02:51.080|DEBUG|ArtifactScraper|Parsing artifact substat: atk+14(unactivated)
2026-09-29 08:02:51.417|DEBUG|ArtifactScraper|Parsing artifact substat: critrate+3.5%
2026-09-29 08:02:51.417|DEBUG|ArtifactScraper|Parsing artifact substat: atk+18
2026-09-29 08:02:51.417|DEBUG|ArtifactScraper|Parsing artifact substat: critdmg+7.8%
2026-09-29 08:02:51.417|DEBUG|ArtifactScraper|Parsing artifact substat: hp+299(unactivated)
2026-09-29 08:02:51.453|DEBUG|ArtifactScraper|Parsing artifact substat: def+21
2026-09-29 08:02:51.453|DEBUG|ArtifactScraper|Parsing artifact substat: hp+269
2026-09-29 08:02:51.453|DEBUG|ArtifactScraper|Parsing artifact substat: elementalmastery+19
2026-09-29 08:02:51.453|DEBUG|ArtifactScraper|Parsing artifact substat: def+7.3%(unactivated)
2026-09-29 08:02:51.786|DEBUG|ArtifactScraper|Parsing artifact substat: critrate+2.7%
2026-09-29 08:02:51.786|DEBUG|ArtifactScraper|Parsing artifact substat: hp+209
2026-09-29 08:02:51.786|DEBUG|ArtifactScraper|Parsing artifact substat: def+23
2026-09-29 08:02:51.786|DEBUG|ArtifactScraper|Parsing artifact substat: critdmg+7.8%(unactivated)
2026-09-29 08:02:51.870|DEBUG|ArtifactScraper|Parsing artifact substat: atk+18
2026-09-29 08:02:51.870|DEBUG|ArtifactScraper|Parsing artifact substat: energyrecharge+5.8%
2026-09-29 08:02:51.870|DEBUG|ArtifactScraper|Parsing artifact substat: def+23
2026-09-29 08:02:51.870|DEBUG|ArtifactScraper|Parsing artifact substat: elementalmastery+16
2026-09-29 08:02:51.891|DEBUG|ArtifactScraper|Parsing artifact substat: atk+18
2026-09-29 08:02:51.891|DEBUG|ArtifactScraper|Parsing artifact substat: atk+4.1%
2026-09-29 08:02:51.891|DEBUG|ArtifactScraper|Parsing artifact substat: hp+299
2026-09-29 08:02:51.891|DEBUG|ArtifactScraper|Parsing artifact substat: elementalmastery+21
2026-09-29 08:02:52.209|DEBUG|ArtifactScraper|Parsing artifact substat: atk+18
2026-09-29 08:02:52.209|DEBUG|ArtifactScraper|Parsing artifact substat: def+5.8%
2026-09-29 08:02:52.209|DEBUG|ArtifactScraper|Parsing artifact substat: energyrecharge+5.8%
2026-09-29 08:02:52.209|DEBUG|ArtifactScraper|Parsing artifact substat: elementalmastery+19
2026-09-29 08:02:52.231|DEBUG|ArtifactScraper|Parsing artifact substat: def+5.1%
2026-09-29 08:02:52.231|DEBUG|ArtifactScraper|Parsing artifact substat: atk+5.3%
2026-09-29 08:02:52.231|DEBUG|ArtifactScraper|Parsing artifact substat: hp+239
2026-09-29 08:02:52.231|DEBUG|ArtifactScraper|Parsing artifact substat: def+19
2026-09-29 08:02:52.565|DEBUG|ArtifactScraper|Parsing artifact substat: hp+299
2026-09-29 08:02:52.565|DEBUG|ArtifactScraper|Parsing artifact substat: elementalmastery+19
2026-09-29 08:02:52.565|DEBUG|ArtifactScraper|Parsing artifact substat: energyrecharge+6.5%
2026-09-29 08:02:52.565|DEBUG|ArtifactScraper|Parsing artifact substat: atk+14
2026-09-29 08:02:52.603|DEBUG|ArtifactScraper|Parsing artifact substat: critdmg+6.2%
2026-09-29 08:02:52.603|DEBUG|ArtifactScraper|Parsing artifact substat: atk+16
2026-09-29 08:02:52.603|DEBUG|ArtifactScraper|Parsing artifact substat: atk+5.3%
2026-09-29 08:02:52.603|DEBUG|ArtifactScraper|Parsing artifact substat: elementalmastery+16
2026-09-29 08:02:52.868|DEBUG|ArtifactScraper|Parsing artifact substat: hp+239
2026-09-29 08:02:52.868|DEBUG|ArtifactScraper|Parsing artifact substat: energyrecharge+6.5%
2026-09-29 08:02:52.868|DEBUG|ArtifactScraper|Parsing artifact substat: hp+4.1%
2026-09-29 08:02:52.868|DEBUG|ArtifactScraper|Parsing artifact substat: atk+18
2026-09-29 08:02:52.928|DEBUG|ArtifactScraper|Parsing artifact substat: hp+4.7%
2026-09-29 08:02:52.928|DEBUG|ArtifactScraper|Parsing artifact substat: def+5.8%
2026-09-29 08:02:52.928|DEBUG|ArtifactScraper|Parsing artifact substat: hp+209
2026-09-29 08:02:52.928|DEBUG|ArtifactScraper|Parsing artifact substat: def+16
2026-09-29 08:02:53.233|DEBUG|ArtifactScraper|Parsing artifact substat: def+16
2026-09-29 08:02:53.233|DEBUG|ArtifactScraper|Parsing artifact substat: energyrecharge+5.2%
2026-09-29 08:02:53.233|DEBUG|ArtifactScraper|Parsing artifact substat: hp+269
2026-09-29 08:02:53.233|DEBUG|ArtifactScraper|Parsing artifact substat: atk+18
2026-09-29 08:02:53.254|DEBUG|ArtifactScraper|Parsing artifact substat: def+5.1%
2026-09-29 08:02:53.254|DEBUG|ArtifactScraper|Parsing artifact substat: critrate+2.7%
2026-09-29 08:02:53.254|DEBUG|ArtifactScraper|Parsing artifact substat: energyrecharge+5.8%
2026-09-29 08:02:53.254|DEBUG|ArtifactScraper|Parsing artifact substat: hp+239
2026-09-29 08:02:53.586|DEBUG|ArtifactScraper|Parsing artifact substat: hp+299
2026-09-29 08:02:53.586|DEBUG|ArtifactScraper|Parsing artifact substat: def+7.3%
2026-09-29 08:02:53.586|DEBUG|ArtifactScraper|Parsing artifact substat: atk+18
2026-09-29 08:02:53.586|DEBUG|ArtifactScraper|Parsing artifact substat: energyrecharge+6.5%
2026-09-29 08:02:53.602|DEBUG|ArtifactScraper|Parsing artifact substat: critrate+3.1%
2026-09-29 08:02:53.602|DEBUG|ArtifactScraper|Parsing artifact substat: atk+16
2026-09-29 08:02:53.602|DEBUG|ArtifactScraper|Parsing artifact substat: hp+239
2026-09-29 08:02:53.602|DEBUG|ArtifactScraper|Parsing artifact substat: def+19
2026-09-29 08:02:53.917|DEBUG|ArtifactScraper|Parsing artifact substat: def+23
2026-09-29 08:02:53.917|DEBUG|ArtifactScraper|Parsing artifact substat: hp+209
2026-09-29 08:02:53.917|DEBUG|ArtifactScraper|Parsing artifact substat: energyrecharge+5.2%
2026-09-29 08:02:53.917|DEBUG|ArtifactScraper|Parsing artifact substat: hp+4.1%
2026-09-29 08:02:54.014|DEBUG|ArtifactScraper|Parsing artifact substat: atk+19
2026-09-29 08:02:54.014|DEBUG|ArtifactScraper|Parsing artifact substat: critrate+3.9%
2026-09-29 08:02:54.014|DEBUG|ArtifactScraper|Parsing artifact substat: def+7.3%
2026-09-29 08:02:54.014|DEBUG|ArtifactScraper|Parsing artifact substat: elementalmastery+19
2026-09-29 08:02:54.258|DEBUG|ArtifactScraper|Parsing artifact substat: atk+5.8%
2026-09-29 08:02:54.258|DEBUG|ArtifactScraper|Parsing artifact substat: hp+269
2026-09-29 08:02:54.258|DEBUG|ArtifactScraper|Parsing artifact substat: critrate+3.1%
2026-09-29 08:02:54.258|DEBUG|ArtifactScraper|Parsing artifact substat: def+21
2026-09-29 08:02:54.277|DEBUG|ArtifactScraper|Parsing artifact substat: atk+16
2026-09-29 08:02:54.277|DEBUG|ArtifactScraper|Parsing artifact substat: hp+239
2026-09-29 08:02:54.277|DEBUG|ArtifactScraper|Parsing artifact substat: hp+5.3%
2026-09-29 08:02:54.277|DEBUG|ArtifactScraper|Parsing artifact substat: def+21
2026-09-29 08:02:54.496|DEBUG|ArtifactScraper|Finished queuing page of artifacts. Scrolling...
2026-09-29 08:02:54.612|DEBUG|ArtifactScraper|Parsing artifact substat: elementalmastery+19
2026-09-29 08:02:54.612|DEBUG|ArtifactScraper|Parsing artifact substat: hp+269
2026-09-29 08:02:54.612|DEBUG|ArtifactScraper|Parsing artifact substat: critrate+3.9%
2026-09-29 08:02:54.612|DEBUG|ArtifactScraper|Parsing artifact substat: energyrecharge+4.5%
2026-09-29 08:02:54.916|DEBUG|ArtifactScraper|Parsing artifact substat: def+19
2026-09-29 08:02:54.916|DEBUG|ArtifactScraper|Parsing artifact substat: hp+299
2026-09-29 08:02:54.916|DEBUG|ArtifactScraper|Parsing artifact substat: critrate+3.9%
2026-09-29 08:02:54.916|DEBUG|ArtifactScraper|Parsing artifact substat: energyrecharge+5.8%
2026-09-29 08:02:54.956|DEBUG|ArtifactScraper|Parsing artifact substat: atk+4.7%
2026-09-29 08:02:54.956|DEBUG|ArtifactScraper|Parsing artifact substat: elementalmastery+16
2026-09-29 08:02:54.956|DEBUG|ArtifactScraper|Parsing artifact substat: energyrecharge+5.8%
2026-09-29 08:02:54.956|DEBUG|ArtifactScraper|Parsing artifact substat: critdmg+6.2%
2026-09-29 08:02:56.854|DEBUG|ArtifactScraper|Scanning artifact page 55
2026-09-29 08:02:56.854|DEBUG|ArtifactScraper|Located 32 possible item locations on page.
2026-09-29 08:02:57.225|DEBUG|ArtifactScraper|Parsing artifact substat: def+23
2026-09-29 08:02:57.225|DEBUG|ArtifactScraper|Parsing artifact substat: hp+299
2026-09-29 08:02:57.225|DEBUG|ArtifactScraper|Parsing artifact substat: atk+14
2026-09-29 08:02:57.225|DEBUG|ArtifactScraper|Parsing artifact substat: atk+4.1%
2026-09-29 08:02:57.489|DEBUG|ArtifactScraper|Parsing artifact substat: def+5.1%
2026-09-29 08:02:57.489|DEBUG|ArtifactScraper|Parsing artifact substat: def+21
2026-09-29 08:02:57.489|DEBUG|ArtifactScraper|Parsing artifact substat: elementalmastery+16
2026-09-29 08:02:57.489|DEBUG|ArtifactScraper|Parsing artifact substat: critdmg+5.4%
2026-09-29 08:02:57.584|DEBUG|ArtifactScraper|Parsing artifact substat: critrate+2.7%
2026-09-29 08:02:57.584|DEBUG|ArtifactScraper|Parsing artifact substat: atk+16
2026-09-29 08:02:57.584|DEBUG|ArtifactScraper|Parsing artifact substat: hp+4.7%
2026-09-29 08:02:57.584|DEBUG|ArtifactScraper|Parsing artifact substat: hp+269(unactivated)
2026-09-29 08:02:57.806|DEBUG|ArtifactScraper|Parsing artifact substat: hp+269
2026-09-29 08:02:57.806|DEBUG|ArtifactScraper|Parsing artifact substat: energyrecharge+5.8%
2026-09-29 08:02:57.806|DEBUG|ArtifactScraper|Parsing artifact substat: critrate+2.7%
2026-09-29 08:02:57.806|DEBUG|ArtifactScraper|Parsing artifact substat: hp+5.3%(unactivated)
2026-09-29 08:02:58.067|DEBUG|ArtifactScraper|Parsing artifact substat: critdmg+7.0%
2026-09-29 08:02:58.067|DEBUG|ArtifactScraper|Parsing artifact substat: def+5.1%
2026-09-29 08:02:58.067|DEBUG|ArtifactScraper|Parsing artifact substat: def+16
2026-09-29 08:02:58.067|DEBUG|ArtifactScraper|Parsing artifact substat: elementalmastery+21
2026-09-29 08:02:58.144|DEBUG|ArtifactScraper|Parsing artifact substat: critdmg+7.8%
2026-09-29 08:02:58.144|DEBUG|ArtifactScraper|Parsing artifact substat: atk+5.8%
2026-09-29 08:02:58.144|DEBUG|ArtifactScraper|Parsing artifact substat: hp+5.3%
2026-09-29 08:02:58.144|DEBUG|ArtifactScraper|Parsing artifact substat: hp+209(unactivated)
2026-09-29 08:02:58.367|DEBUG|ArtifactScraper|Parsing artifact substat: hp+269
2026-09-29 08:02:58.367|DEBUG|ArtifactScraper|Parsing artifact substat: energyrecharge+6.5%
2026-09-29 08:02:58.367|DEBUG|ArtifactScraper|Parsing artifact substat: atk+16
2026-09-29 08:02:58.367|DEBUG|ArtifactScraper|Parsing artifact substat: elementalmastery+23
2026-09-29 08:02:58.704|DEBUG|ArtifactScraper|Parsing artifact substat: elementalmastery+23
2026-09-29 08:02:58.704|DEBUG|ArtifactScraper|Parsing artifact substat: def+19
2026-09-29 08:02:58.704|DEBUG|ArtifactScraper|Parsing artifact substat: hp+239
2026-09-29 08:02:58.704|DEBUG|ArtifactScraper|Parsing artifact substat: atk+16(unactivated)
2026-09-29 08:02:58.709|DEBUG|ArtifactScraper|Parsing artifact substat: atk+4.7%
2026-09-29 08:02:58.709|DEBUG|ArtifactScraper|Parsing artifact substat: hp+4.1%
2026-09-29 08:02:58.709|DEBUG|ArtifactScraper|Parsing artifact substat: energyrecharge+5.8%
2026-09-29 08:02:58.709|DEBUG|ArtifactScraper|Parsing artifact substat: def+19(unactivated)
2026-09-29 08:02:59.022|DEBUG|ArtifactScraper|Parsing artifact substat: hp+209
2026-09-29 08:02:59.022|DEBUG|ArtifactScraper|Parsing artifact substat: critrate+2.7%
2026-09-29 08:02:59.022|DEBUG|ArtifactScraper|Parsing artifact substat: atk+14
2026-09-29 08:02:59.022|DEBUG|ArtifactScraper|Parsing artifact substat: def+19(unactivated)
2026-09-29 08:02:59.075|DEBUG|ArtifactScraper|Parsing artifact substat: atk+18
2026-09-29 08:02:59.075|DEBUG|ArtifactScraper|Parsing artifact substat: hp+5.3%
2026-09-29 08:02:59.075|DEBUG|ArtifactScraper|Parsing artifact substat: critrate+2.7%
2026-09-29 08:02:59.075|DEBUG|ArtifactScraper|Parsing artifact substat: def+16(unactivated)
2026-09-29 08:02:59.351|DEBUG|ArtifactScraper|Parsing artifact substat: hp+239
2026-09-29 08:02:59.351|DEBUG|ArtifactScraper|Parsing artifact substat: elementalmastery+16
2026-09-29 08:02:59.351|DEBUG|ArtifactScraper|Parsing artifact substat: def+23
2026-09-29 08:02:59.351|DEBUG|ArtifactScraper|Parsing artifact substat: atk+19(unactivated)
2026-09-29 08:02:59.369|DEBUG|ArtifactScraper|Parsing artifact substat: def+23
2026-09-29 08:02:59.369|DEBUG|ArtifactScraper|Parsing artifact substat: atk+18
2026-09-29 08:02:59.369|DEBUG|ArtifactScraper|Parsing artifact substat: hp+269
2026-09-29 08:02:59.369|DEBUG|ArtifactScraper|Parsing artifact substat: hp+5.8%(unactivated)
2026-09-29 08:02:59.696|DEBUG|ArtifactScraper|Parsing artifact substat: atk+4.1%
2026-09-29 08:02:59.696|DEBUG|ArtifactScraper|Parsing artifact substat: def+19
2026-09-29 08:02:59.696|DEBUG|ArtifactScraper|Parsing artifact substat: energyrecharge+5.2%
2026-09-29 08:02:59.696|DEBUG|ArtifactScraper|Parsing artifact substat: hp+299(unactivated)
2026-09-29 08:02:59.708|DEBUG|ArtifactScraper|Parsing artifact substat: hp+299
2026-09-29 08:02:59.708|DEBUG|ArtifactScraper|Parsing artifact substat: def+21
2026-09-29 08:02:59.708|DEBUG|ArtifactScraper|Parsing artifact substat: hp+5.8%
2026-09-29 08:02:59.708|DEBUG|ArtifactScraper|Parsing artifact substat: critrate+2.7%(unactivated)
2026-09-29 08:02:59.994|DEBUG|ArtifactScraper|Parsing artifact substat: elementalmastery+16
2026-09-29 08:02:59.994|DEBUG|ArtifactScraper|Parsing artifact substat: hp+4.1%
2026-09-29 08:02:59.994|DEBUG|ArtifactScraper|Parsing artifact substat: def+19
2026-09-29 08:02:59.994|DEBUG|ArtifactScraper|Parsing artifact substat: atk+19(unactivated)
2026-09-29 08:03:00.032|DEBUG|ArtifactScraper|Parsing artifact substat: hp+209
2026-09-29 08:03:00.032|DEBUG|ArtifactScraper|Parsing artifact substat: def+23
2026-09-29 08:03:00.032|DEBUG|ArtifactScraper|Parsing artifact substat: hp+5.8%
2026-09-29 08:03:00.032|DEBUG|ArtifactScraper|Parsing artifact substat: elementalmastery+23
2026-09-29 08:03:00.316|DEBUG|ArtifactScraper|Parsing artifact substat: atk+19
2026-09-29 08:03:00.316|DEBUG|ArtifactScraper|Parsing artifact substat: hp+239
2026-09-29 08:03:00.316|DEBUG|ArtifactScraper|Parsing artifact substat: def+23
2026-09-29 08:03:00.316|DEBUG|ArtifactScraper|Parsing artifact substat: hp+5.3%(unactivated)
2026-09-29 08:03:00.381|DEBUG|ArtifactScraper|Parsing artifact substat: def+23
2026-09-29 08:03:00.381|DEBUG|ArtifactScraper|Parsing artifact substat: def+5.1%
2026-09-29 08:03:00.381|DEBUG|ArtifactScraper|Parsing artifact substat: hp+299
2026-09-29 08:03:00.381|DEBUG|ArtifactScraper|Parsing artifact substat: atk+4.1%(unactivated)
2026-09-29 08:03:00.598|DEBUG|ArtifactScraper|Parsing artifact substat: def+21
2026-09-29 08:03:00.598|DEBUG|ArtifactScraper|Parsing artifact substat: hp+269
2026-09-29 08:03:00.598|DEBUG|ArtifactScraper|Parsing artifact substat: atk+18
2026-09-29 08:03:00.598|DEBUG|ArtifactScraper|Parsing artifact substat: def+5.8%(unactivated)
2026-09-29 08:03:00.735|DEBUG|ArtifactScraper|Parsing artifact substat: def+16
2026-09-29 08:03:00.735|DEBUG|ArtifactScraper|Parsing artifact substat: atk+4.7%
2026-09-29 08:03:00.735|DEBUG|ArtifactScraper|Parsing artifact substat: elementalmastery+21
2026-09-29 08:03:00.735|DEBUG|ArtifactScraper|Parsing artifact substat: hp+299(unactivated)
2026-09-29 08:03:00.886|DEBUG|ArtifactScraper|Parsing artifact substat: def+21
2026-09-29 08:03:00.886|DEBUG|ArtifactScraper|Parsing artifact substat: hp+269
2026-09-29 08:03:00.886|DEBUG|ArtifactScraper|Parsing artifact substat: hp+4.7%
2026-09-29 08:03:00.886|DEBUG|ArtifactScraper|Parsing artifact substat: energyrecharge+6.5%
2026-09-29 08:03:01.070|DEBUG|ArtifactScraper|Parsing artifact substat: critdmg+7.8%
2026-09-29 08:03:01.070|DEBUG|ArtifactScraper|Parsing artifact substat: atk+19
2026-09-29 08:03:01.070|DEBUG|ArtifactScraper|Parsing artifact substat: hp+5.3%
2026-09-29 08:03:01.070|DEBUG|ArtifactScraper|Parsing artifact substat: hp+269(unactivated)
2026-09-29 08:03:01.263|DEBUG|ArtifactScraper|Parsing artifact substat: energyrecharge+4.5%
2026-09-29 08:03:01.263|DEBUG|ArtifactScraper|Parsing artifact substat: def+6.6%
2026-09-29 08:03:01.263|DEBUG|ArtifactScraper|Parsing artifact substat: atk+5.8%
2026-09-29 08:03:01.263|DEBUG|ArtifactScraper|Parsing artifact substat: critdmg+6.2%(unactivated)
2026-09-29 08:03:01.430|DEBUG|ArtifactScraper|Parsing artifact substat: atk+16
2026-09-29 08:03:01.430|DEBUG|ArtifactScraper|Parsing artifact substat: elementalmastery+21
2026-09-29 08:03:01.430|DEBUG|ArtifactScraper|Parsing artifact substat: def+6.6%
2026-09-29 08:03:01.430|DEBUG|ArtifactScraper|Parsing artifact substat: critdmg+6.2%(unactivated)
2026-09-29 08:03:01.609|DEBUG|ArtifactScraper|Parsing artifact substat: def+16
2026-09-29 08:03:01.609|DEBUG|ArtifactScraper|Parsing artifact substat: elementalmastery+16
2026-09-29 08:03:01.609|DEBUG|ArtifactScraper|Parsing artifact substat: hp+299
2026-09-29 08:03:01.609|DEBUG|ArtifactScraper|Parsing artifact substat: atk+4.1%(unactivated)
2026-09-29 08:03:01.797|DEBUG|ArtifactScraper|Parsing artifact substat: def+19
2026-09-29 08:03:01.797|DEBUG|ArtifactScraper|Parsing artifact substat: elementalmastery+21
2026-09-29 08:03:01.797|DEBUG|ArtifactScraper|Parsing artifact substat: critrate+3.9%
2026-09-29 08:03:01.797|DEBUG|ArtifactScraper|Parsing artifact substat: hp+299(unactivated)
2026-09-29 08:03:01.961|DEBUG|ArtifactScraper|Parsing artifact substat: def+16
2026-09-29 08:03:01.961|DEBUG|ArtifactScraper|Parsing artifact substat: elementalmastery+21
2026-09-29 08:03:01.961|DEBUG|ArtifactScraper|Parsing artifact substat: atk+19
2026-09-29 08:03:01.961|DEBUG|ArtifactScraper|Parsing artifact substat: critdmg+7.0%(unactivated)
2026-09-29 08:03:02.156|DEBUG|ArtifactScraper|Parsing artifact substat: def+23
2026-09-29 08:03:02.156|DEBUG|ArtifactScraper|Parsing artifact substat: elementalmastery+21
2026-09-29 08:03:02.156|DEBUG|ArtifactScraper|Parsing artifact substat: energyrecharge+6.5%
2026-09-29 08:03:02.156|DEBUG|ArtifactScraper|Parsing artifact substat: critrate+2.7%
2026-09-29 08:03:02.276|DEBUG|ArtifactScraper|Parsing artifact substat: elementalmastery+16
2026-09-29 08:03:02.276|DEBUG|ArtifactScraper|Parsing artifact substat: def+19
2026-09-29 08:03:02.276|DEBUG|ArtifactScraper|Parsing artifact substat: hp+239
2026-09-29 08:03:02.276|DEBUG|ArtifactScraper|Parsing artifact substat: atk+19
2026-09-29 08:03:02.292|DEBUG|ArtifactScraper|Finished queuing page of artifacts. Scrolling...
2026-09-29 08:03:02.498|DEBUG|ArtifactScraper|Parsing artifact substat: critdmg+6.2%
2026-09-29 08:03:02.498|DEBUG|ArtifactScraper|Parsing artifact substat: elementalmastery+16
2026-09-29 08:03:02.498|DEBUG|ArtifactScraper|Parsing artifact substat: atk+14
2026-09-29 08:03:02.498|DEBUG|ArtifactScraper|Parsing artifact substat: critrate+3.1%
2026-09-29 08:03:02.595|DEBUG|ArtifactScraper|Parsing artifact substat: atk+5.8%
2026-09-29 08:03:02.595|DEBUG|ArtifactScraper|Parsing artifact substat: atk+16
2026-09-29 08:03:02.595|DEBUG|ArtifactScraper|Parsing artifact substat: energyrecharge+5.8%
2026-09-29 08:03:02.596|DEBUG|ArtifactScraper|Parsing artifact substat: critrate+3.5%
2026-09-29 08:03:04.293|DEBUG|ArtifactScraper|Scanning artifact page 56
2026-09-29 08:03:04.293|DEBUG|ArtifactScraper|Located 32 possible item locations on page.
2026-09-29 08:03:04.657|DEBUG|ArtifactScraper|Parsing artifact substat: atk+16
2026-09-29 08:03:04.657|DEBUG|ArtifactScraper|Parsing artifact substat: elementalmastery+23
2026-09-29 08:03:04.657|DEBUG|ArtifactScraper|Parsing artifact substat: critdmg+6.2%
2026-09-29 08:03:04.657|DEBUG|ArtifactScraper|Parsing artifact substat: energyrecharge+5.8%
2026-09-29 08:03:04.858|DEBUG|ArtifactScraper|Parsing artifact substat: def+6.6%
2026-09-29 08:03:04.858|DEBUG|ArtifactScraper|Parsing artifact substat: energyrecharge+5.8%
2026-09-29 08:03:04.858|DEBUG|ArtifactScraper|Parsing artifact substat: hp+4.7%
2026-09-29 08:03:04.858|DEBUG|ArtifactScraper|Parsing artifact substat: atk+4.1%
2026-09-29 08:03:05.061|DEBUG|ArtifactScraper|Parsing artifact substat: critdmg+5.4%
2026-09-29 08:03:05.061|DEBUG|ArtifactScraper|Parsing artifact substat: elementalmastery+16
2026-09-29 08:03:05.061|DEBUG|ArtifactScraper|Parsing artifact substat: critrate+3.9%
2026-09-29 08:03:05.061|DEBUG|ArtifactScraper|Parsing artifact substat: energyrecharge+5.8%
2026-09-29 08:03:05.228|DEBUG|ArtifactScraper|Parsing artifact substat: atk+19
2026-09-29 08:03:05.228|DEBUG|ArtifactScraper|Parsing artifact substat: hp+209
2026-09-29 08:03:05.228|DEBUG|ArtifactScraper|Parsing artifact substat: atk+4.7%
2026-09-29 08:03:05.228|DEBUG|ArtifactScraper|Parsing artifact substat: def+23(unactivated)
2026-09-29 08:03:05.402|DEBUG|ArtifactScraper|Parsing artifact substat: critrate+3.9%
2026-09-29 08:03:05.402|DEBUG|ArtifactScraper|Parsing artifact substat: hp+209
2026-09-29 08:03:05.402|DEBUG|ArtifactScraper|Parsing artifact substat: atk+18
2026-09-29 08:03:05.402|DEBUG|ArtifactScraper|Parsing artifact substat: critdmg+6.2%(unactivated)
2026-09-29 08:03:05.562|DEBUG|ArtifactScraper|Parsing artifact substat: def+19
2026-09-29 08:03:05.562|DEBUG|ArtifactScraper|Parsing artifact substat: def+5.1%
2026-09-29 08:03:05.562|DEBUG|ArtifactScraper|Parsing artifact substat: energyrecharge+5.2%
2026-09-29 08:03:05.562|DEBUG|ArtifactScraper|Parsing artifact substat: atk+14(unactivated)
2026-09-29 08:03:05.774|DEBUG|ArtifactScraper|Parsing artifact substat: energyrecharge+5.2%
2026-09-29 08:03:05.774|DEBUG|ArtifactScraper|Parsing artifact substat: elementalmastery+23
2026-09-29 08:03:05.774|DEBUG|ArtifactScraper|Parsing artifact substat: critrate+3.5%
2026-09-29 08:03:05.774|DEBUG|ArtifactScraper|Parsing artifact substat: hp+5.3%(unactivated)
2026-09-29 08:03:05.890|DEBUG|ArtifactScraper|Parsing artifact substat: hp+5.3%
2026-09-29 08:03:05.890|DEBUG|ArtifactScraper|Parsing artifact substat: atk+4.1%
2026-09-29 08:03:05.890|DEBUG|ArtifactScraper|Parsing artifact substat: hp+239
2026-09-29 08:03:05.890|DEBUG|ArtifactScraper|Parsing artifact substat: critdmg+5.4%(unactivated)
2026-09-29 08:03:06.083|DEBUG|ArtifactScraper|Parsing artifact substat: atk+19
2026-09-29 08:03:06.083|DEBUG|ArtifactScraper|Parsing artifact substat: def+23
2026-09-29 08:03:06.083|DEBUG|ArtifactScraper|Parsing artifact substat: critrate+3.5%
2026-09-29 08:03:06.083|DEBUG|ArtifactScraper|Parsing artifact substat: critdmg+5.4%(unactivated)
2026-09-29 08:03:06.405|DEBUG|ArtifactScraper|Parsing artifact substat: critdmg+7.8%
2026-09-29 08:03:06.405|DEBUG|ArtifactScraper|Parsing artifact substat: energyrecharge+4.5%
2026-09-29 08:03:06.405|DEBUG|ArtifactScraper|Parsing artifact substat: hp+4.1%
2026-09-29 08:03:06.405|DEBUG|ArtifactScraper|Parsing artifact substat: hp+269(unactivated)
2026-09-29 08:03:06.487|DEBUG|ArtifactScraper|Parsing artifact substat: atk+19
2026-09-29 08:03:06.487|DEBUG|ArtifactScraper|Parsing artifact substat: critrate+3.5%
2026-09-29 08:03:06.487|DEBUG|ArtifactScraper|Parsing artifact substat: hp+4.1%
2026-09-29 08:03:06.487|DEBUG|ArtifactScraper|Parsing artifact substat: def+21(unactivated)
2026-09-29 08:03:06.757|DEBUG|ArtifactScraper|Parsing artifact substat: critdmg+5.4%
2026-09-29 08:03:06.757|DEBUG|ArtifactScraper|Parsing artifact substat: def+21
2026-09-29 08:03:06.757|DEBUG|ArtifactScraper|Parsing artifact substat: critrate+3.9%
2026-09-29 08:03:06.757|DEBUG|ArtifactScraper|Parsing artifact substat: hp+299(unactivated)
2026-09-29 08:03:06.807|DEBUG|ArtifactScraper|Parsing artifact substat: hp+209
2026-09-29 08:03:06.807|DEBUG|ArtifactScraper|Parsing artifact substat: critrate+2.7%
2026-09-29 08:03:06.807|DEBUG|ArtifactScraper|Parsing artifact substat: elementalmastery+19
2026-09-29 08:03:06.807|DEBUG|ArtifactScraper|Parsing artifact substat: critdmg+6.2%(unactivated)
2026-09-29 08:03:07.092|DEBUG|ArtifactScraper|Parsing artifact substat: atk+19
2026-09-29 08:03:07.092|DEBUG|ArtifactScraper|Parsing artifact substat: elementalmastery+19
2026-09-29 08:03:07.092|DEBUG|ArtifactScraper|Parsing artifact substat: atk+5.3%
2026-09-29 08:03:07.092|DEBUG|ArtifactScraper|Parsing artifact substat: hp+299(unactivated)
2026-09-29 08:03:07.174|DEBUG|ArtifactScraper|Parsing artifact substat: def+16
2026-09-29 08:03:07.174|DEBUG|ArtifactScraper|Parsing artifact substat: energyrecharge+6.5%
2026-09-29 08:03:07.174|DEBUG|ArtifactScraper|Parsing artifact substat: atk+5.8%
2026-09-29 08:03:07.174|DEBUG|ArtifactScraper|Parsing artifact substat: hp+5.8%(unactivated)
2026-09-29 08:03:07.356|DEBUG|ArtifactScraper|Parsing artifact substat: hp+4.1%
2026-09-29 08:03:07.356|DEBUG|ArtifactScraper|Parsing artifact substat: atk+18
2026-09-29 08:03:07.356|DEBUG|ArtifactScraper|Parsing artifact substat: def+21
2026-09-29 08:03:07.356|DEBUG|ArtifactScraper|Parsing artifact substat: elementalmastery+23
2026-09-29 08:03:07.519|DEBUG|ArtifactScraper|Parsing artifact substat: hp+239
2026-09-29 08:03:07.519|DEBUG|ArtifactScraper|Parsing artifact substat: atk+4.7%
2026-09-29 08:03:07.519|DEBUG|ArtifactScraper|Parsing artifact substat: def+5.1%
2026-09-29 08:03:07.519|DEBUG|ArtifactScraper|Parsing artifact substat: atk+19(unactivated)
2026-09-29 08:03:07.696|DEBUG|ArtifactScraper|Parsing artifact substat: hp+4.7%
2026-09-29 08:03:07.696|DEBUG|ArtifactScraper|Parsing artifact substat: atk+4.1%
2026-09-29 08:03:07.696|DEBUG|ArtifactScraper|Parsing artifact substat: atk+18
2026-09-29 08:03:07.696|DEBUG|ArtifactScraper|Parsing artifact substat: critdmg+6.2%(unactivated)
2026-09-29 08:03:07.891|DEBUG|ArtifactScraper|Parsing artifact substat: elementalmastery+16
2026-09-29 08:03:07.891|DEBUG|ArtifactScraper|Parsing artifact substat: def+7.3%
2026-09-29 08:03:07.891|DEBUG|ArtifactScraper|Parsing artifact substat: atk+4.7%
2026-09-29 08:03:07.891|DEBUG|ArtifactScraper|Parsing artifact substat: atk+18(unactivated)
2026-09-29 08:03:08.018|DEBUG|ArtifactScraper|Parsing artifact substat: elementalmastery+16
2026-09-29 08:03:08.018|DEBUG|ArtifactScraper|Parsing artifact substat: hp+5.8%
2026-09-29 08:03:08.018|DEBUG|ArtifactScraper|Parsing artifact substat: energyrecharge+5.2%
2026-09-29 08:03:08.018|DEBUG|ArtifactScraper|Parsing artifact substat: critdmg+6.2%(unactivated)
2026-09-29 08:03:08.192|DEBUG|ArtifactScraper|Parsing artifact substat: hp+209
2026-09-29 08:03:08.192|DEBUG|ArtifactScraper|Parsing artifact substat: hp+4.1%
2026-09-29 08:03:08.192|DEBUG|ArtifactScraper|Parsing artifact substat: atk+16
2026-09-29 08:03:08.192|DEBUG|ArtifactScraper|Parsing artifact substat: def+19
2026-09-29 08:03:08.355|DEBUG|ArtifactScraper|Parsing artifact substat: atk+19
2026-09-29 08:03:08.355|DEBUG|ArtifactScraper|Parsing artifact substat: energyrecharge+5.8%
2026-09-29 08:03:08.355|DEBUG|ArtifactScraper|Parsing artifact substat: hp+269
2026-09-29 08:03:08.355|DEBUG|ArtifactScraper|Parsing artifact substat: critrate+2.7%
2026-09-29 08:03:08.527|DEBUG|ArtifactScraper|Parsing artifact substat: elementalmastery+21
2026-09-29 08:03:08.527|DEBUG|ArtifactScraper|Parsing artifact substat: critrate+3.9%
2026-09-29 08:03:08.527|DEBUG|ArtifactScraper|Parsing artifact substat: def+23
2026-09-29 08:03:08.527|DEBUG|ArtifactScraper|Parsing artifact substat: atk+19
2026-09-29 08:03:08.698|DEBUG|ArtifactScraper|Parsing artifact substat: atk+16
2026-09-29 08:03:08.698|DEBUG|ArtifactScraper|Parsing artifact substat: hp+299
2026-09-29 08:03:08.698|DEBUG|ArtifactScraper|Parsing artifact substat: def+6.6%
2026-09-29 08:03:08.698|DEBUG|ArtifactScraper|Parsing artifact substat: energyrecharge+5.2%
2026-09-29 08:03:08.796|DEBUG|ArtifactScraper|Parsing artifact substat: critrate+2.7%
2026-09-29 08:03:08.796|DEBUG|ArtifactScraper|Parsing artifact substat: def+16
2026-09-29 08:03:08.796|DEBUG|ArtifactScraper|Parsing artifact substat: atk+18
2026-09-29 08:03:08.796|DEBUG|ArtifactScraper|Parsing artifact substat: hp+239
2026-09-29 08:03:08.976|DEBUG|ArtifactScraper|Parsing artifact substat: def+7.3%
2026-09-29 08:03:08.976|DEBUG|ArtifactScraper|Parsing artifact substat: def+16
2026-09-29 08:03:08.976|DEBUG|ArtifactScraper|Parsing artifact substat: hp+299
2026-09-29 08:03:08.976|DEBUG|ArtifactScraper|Parsing artifact substat: atk+19
2026-09-29 08:03:09.284|DEBUG|ArtifactScraper|Parsing artifact substat: def+19
2026-09-29 08:03:09.284|DEBUG|ArtifactScraper|Parsing artifact substat: elementalmastery+21
2026-09-29 08:03:09.284|DEBUG|ArtifactScraper|Parsing artifact substat: critdmg+6.2%
2026-09-29 08:03:09.284|DEBUG|ArtifactScraper|Parsing artifact substat: atk+14
2026-09-29 08:03:09.366|DEBUG|ArtifactScraper|Parsing artifact substat: elementalmastery+23
2026-09-29 08:03:09.366|DEBUG|ArtifactScraper|Parsing artifact substat: def+21
2026-09-29 08:03:09.366|DEBUG|ArtifactScraper|Parsing artifact substat: hp+209
2026-09-29 08:03:09.366|DEBUG|ArtifactScraper|Parsing artifact substat: critdmg+7.8%
2026-09-29 08:03:09.632|DEBUG|ArtifactScraper|Parsing artifact substat: energyrecharge+5.8%
2026-09-29 08:03:09.632|DEBUG|ArtifactScraper|Parsing artifact substat: def+5.1%
2026-09-29 08:03:09.632|DEBUG|ArtifactScraper|Parsing artifact substat: critdmg+6.2%
2026-09-29 08:03:09.632|DEBUG|ArtifactScraper|Parsing artifact substat: def+16
2026-09-29 08:03:09.689|DEBUG|ArtifactScraper|Parsing artifact substat: atk+16
2026-09-29 08:03:09.689|DEBUG|ArtifactScraper|Parsing artifact substat: atk+4.1%
2026-09-29 08:03:09.689|DEBUG|ArtifactScraper|Parsing artifact substat: def+21
2026-09-29 08:03:09.689|DEBUG|ArtifactScraper|Parsing artifact substat: energyrecharge+6.5%
2026-09-29 08:03:09.707|DEBUG|ArtifactScraper|Finished queuing page of artifacts. Scrolling...
2026-09-29 08:03:09.888|DEBUG|ArtifactScraper|Parsing artifact substat: atk+19
2026-09-29 08:03:09.888|DEBUG|ArtifactScraper|Parsing artifact substat: critrate+3.9%
2026-09-29 08:03:09.888|DEBUG|ArtifactScraper|Parsing artifact substat: energyrecharge+5.8%
2026-09-29 08:03:09.888|DEBUG|ArtifactScraper|Parsing artifact substat: def+19
2026-09-29 08:03:10.004|DEBUG|ArtifactScraper|Parsing artifact substat: energyrecharge+5.2%
2026-09-29 08:03:10.004|DEBUG|ArtifactScraper|Parsing artifact substat: hp+299
2026-09-29 08:03:10.004|DEBUG|ArtifactScraper|Parsing artifact substat: def+7.3%
2026-09-29 08:03:10.004|DEBUG|ArtifactScraper|Parsing artifact substat: hp+5.8%
2026-09-29 08:03:11.693|DEBUG|ArtifactScraper|Scanning artifact page 57
2026-09-29 08:03:11.693|DEBUG|ArtifactScraper|Located 32 possible item locations on page.
2026-09-29 08:03:12.157|DEBUG|ArtifactScraper|Parsing artifact substat: energyrecharge+6.5%
2026-09-29 08:03:12.157|DEBUG|ArtifactScraper|Parsing artifact substat: elementalmastery+23
2026-09-29 08:03:12.157|DEBUG|ArtifactScraper|Parsing artifact substat: hp+5.8%
2026-09-29 08:03:12.157|DEBUG|ArtifactScraper|Parsing artifact substat: def+19(unactivated)
2026-09-29 08:03:12.317|DEBUG|ArtifactScraper|Parsing artifact substat: def+23
2026-09-29 08:03:12.317|DEBUG|ArtifactScraper|Parsing artifact substat: elementalmastery+19
2026-09-29 08:03:12.317|DEBUG|ArtifactScraper|Parsing artifact substat: hp+239
2026-09-29 08:03:12.317|DEBUG|ArtifactScraper|Parsing artifact substat: atk+19(unactivated)
2026-09-29 08:03:12.528|DEBUG|ArtifactScraper|Parsing artifact substat: atk+5.3%
2026-09-29 08:03:12.528|DEBUG|ArtifactScraper|Parsing artifact substat: elementalmastery+23
2026-09-29 08:03:12.528|DEBUG|ArtifactScraper|Parsing artifact substat: hp+4.7%
2026-09-29 08:03:12.528|DEBUG|ArtifactScraper|Parsing artifact substat: atk+18(unactivated)
2026-09-29 08:03:12.687|DEBUG|ArtifactScraper|Parsing artifact substat: elementalmastery+21
2026-09-29 08:03:12.687|DEBUG|ArtifactScraper|Parsing artifact substat: atk+14
2026-09-29 08:03:12.687|DEBUG|ArtifactScraper|Parsing artifact substat: hp+299
2026-09-29 08:03:12.687|DEBUG|ArtifactScraper|Parsing artifact substat: def+21(unactivated)
2026-09-29 08:03:12.895|DEBUG|ArtifactScraper|Parsing artifact substat: def+7.3%
2026-09-29 08:03:12.895|DEBUG|ArtifactScraper|Parsing artifact substat: def+16
2026-09-29 08:03:12.895|DEBUG|ArtifactScraper|Parsing artifact substat: elementalmastery+21
2026-09-29 08:03:12.895|DEBUG|ArtifactScraper|Parsing artifact substat: hp+269(unactivated)
2026-09-29 08:03:13.048|DEBUG|ArtifactScraper|Parsing artifact substat: critdmg+7.8%
2026-09-29 08:03:13.048|DEBUG|ArtifactScraper|Parsing artifact substat: hp+299
2026-09-29 08:03:13.048|DEBUG|ArtifactScraper|Parsing artifact substat: atk+16
2026-09-29 08:03:13.048|DEBUG|ArtifactScraper|Parsing artifact substat: elementalmastery+21
2026-09-29 08:03:13.292|DEBUG|ArtifactScraper|Parsing artifact substat: atk+14
2026-09-29 08:03:13.292|DEBUG|ArtifactScraper|Parsing artifact substat: atk+5.3%
2026-09-29 08:03:13.292|DEBUG|ArtifactScraper|Parsing artifact substat: critdmg+7.8%
2026-09-29 08:03:13.292|DEBUG|ArtifactScraper|Parsing artifact substat: elementalmastery+23
2026-09-29 08:03:13.442|DEBUG|ArtifactScraper|Parsing artifact substat: critrate+3.1%
2026-09-29 08:03:13.442|DEBUG|ArtifactScraper|Parsing artifact substat: atk+5.8%
2026-09-29 08:03:13.442|DEBUG|ArtifactScraper|Parsing artifact substat: elementalmastery+19
2026-09-29 08:03:13.442|DEBUG|ArtifactScraper|Parsing artifact substat: def+5.1%(unactivated)
2026-09-29 08:03:13.712|DEBUG|ArtifactScraper|Parsing artifact substat: elementalmastery+23
2026-09-29 08:03:13.712|DEBUG|ArtifactScraper|Parsing artifact substat: energyrecharge+6.5%
2026-09-29 08:03:13.712|DEBUG|ArtifactScraper|Parsing artifact substat: hp+4.7%
2026-09-29 08:03:13.712|DEBUG|ArtifactScraper|Parsing artifact substat: def+21(unactivated)
2026-09-29 08:03:13.844|DEBUG|ArtifactScraper|Parsing artifact substat: atk+18
2026-09-29 08:03:13.844|DEBUG|ArtifactScraper|Parsing artifact substat: elementalmastery+19
2026-09-29 08:03:13.844|DEBUG|ArtifactScraper|Parsing artifact substat: def+21
2026-09-29 08:03:13.844|DEBUG|ArtifactScraper|Parsing artifact substat: def+5.8%(unactivated)
2026-09-29 08:03:14.001|DEBUG|ArtifactScraper|Parsing artifact substat: def+21
2026-09-29 08:03:14.001|DEBUG|ArtifactScraper|Parsing artifact substat: atk+5.8%
2026-09-29 08:03:14.001|DEBUG|ArtifactScraper|Parsing artifact substat: def+5.1%
2026-09-29 08:03:14.001|DEBUG|ArtifactScraper|Parsing artifact substat: hp+269(unactivated)
2026-09-29 08:03:14.132|DEBUG|ArtifactScraper|Parsing artifact substat: atk+19
2026-09-29 08:03:14.132|DEBUG|ArtifactScraper|Parsing artifact substat: def+21
2026-09-29 08:03:14.132|DEBUG|ArtifactScraper|Parsing artifact substat: critrate+3.1%
2026-09-29 08:03:14.132|DEBUG|ArtifactScraper|Parsing artifact substat: hp+269(unactivated)
2026-09-29 08:03:14.272|DEBUG|ArtifactScraper|Parsing artifact substat: hp+299
2026-09-29 08:03:14.272|DEBUG|ArtifactScraper|Parsing artifact substat: energyrecharge+4.5%
2026-09-29 08:03:14.272|DEBUG|ArtifactScraper|Parsing artifact substat: def+5.1%
2026-09-29 08:03:14.272|DEBUG|ArtifactScraper|Parsing artifact substat: hp+4.7%(unactivated)
2026-09-29 08:03:14.506|DEBUG|ArtifactScraper|Parsing artifact substat: def+16
2026-09-29 08:03:14.506|DEBUG|ArtifactScraper|Parsing artifact substat: atk+19
2026-09-29 08:03:14.506|DEBUG|ArtifactScraper|Parsing artifact substat: atk+4.1%
2026-09-29 08:03:14.506|DEBUG|ArtifactScraper|Parsing artifact substat: hp+5.3%(unactivated)
2026-09-29 08:03:14.636|DEBUG|ArtifactScraper|Parsing artifact substat: hp+299
2026-09-29 08:03:14.636|DEBUG|ArtifactScraper|Parsing artifact substat: atk+5.3%
2026-09-29 08:03:14.636|DEBUG|ArtifactScraper|Parsing artifact substat: def+7.3%
2026-09-29 08:03:14.636|DEBUG|ArtifactScraper|Parsing artifact substat: elementalmastery+19
2026-09-29 08:03:14.897|DEBUG|ArtifactScraper|Parsing artifact substat: elementalmastery+16
2026-09-29 08:03:14.897|DEBUG|ArtifactScraper|Parsing artifact substat: hp+269
2026-09-29 08:03:14.897|DEBUG|ArtifactScraper|Parsing artifact substat: def+7.3%
2026-09-29 08:03:14.897|DEBUG|ArtifactScraper|Parsing artifact substat: energyrecharge+6.5%
2026-09-29 08:03:15.062|DEBUG|ArtifactScraper|Parsing artifact substat: hp+299
2026-09-29 08:03:15.062|DEBUG|ArtifactScraper|Parsing artifact substat: energyrecharge+5.8%
2026-09-29 08:03:15.062|DEBUG|ArtifactScraper|Parsing artifact substat: critrate+3.1%
2026-09-29 08:03:15.062|DEBUG|ArtifactScraper|Parsing artifact substat: atk+5.3%(unactivated)
2026-09-29 08:03:15.204|DEBUG|ArtifactScraper|Parsing artifact substat: energyrecharge+5.2%
2026-09-29 08:03:15.204|DEBUG|ArtifactScraper|Parsing artifact substat: atk+4.7%
2026-09-29 08:03:15.204|DEBUG|ArtifactScraper|Parsing artifact substat: atk+14
2026-09-29 08:03:15.204|DEBUG|ArtifactScraper|Parsing artifact substat: def+19(unactivated)
2026-09-29 08:03:15.456|DEBUG|ArtifactScraper|Parsing artifact substat: elementalmastery+19
2026-09-29 08:03:15.456|DEBUG|ArtifactScraper|Parsing artifact substat: hp+5.8%
2026-09-29 08:03:15.456|DEBUG|ArtifactScraper|Parsing artifact substat: atk+5.3%
2026-09-29 08:03:15.456|DEBUG|ArtifactScraper|Parsing artifact substat: hp+269(unactivated)
2026-09-29 08:03:15.561|DEBUG|ArtifactScraper|Parsing artifact substat: critrate+2.7%
2026-09-29 08:03:15.561|DEBUG|ArtifactScraper|Parsing artifact substat: elementalmastery+21
2026-09-29 08:03:15.561|DEBUG|ArtifactScraper|Parsing artifact substat: hp+209
2026-09-29 08:03:15.561|DEBUG|ArtifactScraper|Parsing artifact substat: energyrecharge+5.8%
2026-09-29 08:03:15.854|DEBUG|ArtifactScraper|Parsing artifact substat: hp+299
2026-09-29 08:03:15.854|DEBUG|ArtifactScraper|Parsing artifact substat: atk+4.7%
2026-09-29 08:03:15.854|DEBUG|ArtifactScraper|Parsing artifact substat: atk+19
2026-09-29 08:03:15.854|DEBUG|ArtifactScraper|Parsing artifact substat: elementalmastery+21
2026-09-29 08:03:15.870|DEBUG|ArtifactScraper|Parsing artifact substat: hp+4.1%
2026-09-29 08:03:15.870|DEBUG|ArtifactScraper|Parsing artifact substat: energyrecharge+5.8%
2026-09-29 08:03:15.870|DEBUG|ArtifactScraper|Parsing artifact substat: def+7.3%
2026-09-29 08:03:15.870|DEBUG|ArtifactScraper|Parsing artifact substat: elementalmastery+16
2026-09-29 08:03:16.243|DEBUG|ArtifactScraper|Parsing artifact substat: atk+14
2026-09-29 08:03:16.243|DEBUG|ArtifactScraper|Parsing artifact substat: def+21
2026-09-29 08:03:16.243|DEBUG|ArtifactScraper|Parsing artifact substat: elementalmastery+16
2026-09-29 08:03:16.243|DEBUG|ArtifactScraper|Parsing artifact substat: critdmg+7.8%(unactivated)
2026-09-29 08:03:16.258|DEBUG|ArtifactScraper|Parsing artifact substat: def+5.1%
2026-09-29 08:03:16.258|DEBUG|ArtifactScraper|Parsing artifact substat: critdmg+5.4%
2026-09-29 08:03:16.258|DEBUG|ArtifactScraper|Parsing artifact substat: elementalmastery+23
2026-09-29 08:03:16.258|DEBUG|ArtifactScraper|Parsing artifact substat: atk+14(unactivated)
2026-09-29 08:03:16.582|DEBUG|ArtifactScraper|Parsing artifact substat: def+23
2026-09-29 08:03:16.582|DEBUG|ArtifactScraper|Parsing artifact substat: elementalmastery+23
2026-09-29 08:03:16.582|DEBUG|ArtifactScraper|Parsing artifact substat: def+5.8%
2026-09-29 08:03:16.582|DEBUG|ArtifactScraper|Parsing artifact substat: atk+14(unactivated)
2026-09-29 08:03:16.717|DEBUG|ArtifactScraper|Parsing artifact substat: atk+18
2026-09-29 08:03:16.717|DEBUG|ArtifactScraper|Parsing artifact substat: energyrecharge+6.5%
2026-09-29 08:03:16.717|DEBUG|ArtifactScraper|Parsing artifact substat: atk+4.1%
2026-09-29 08:03:16.717|DEBUG|ArtifactScraper|Parsing artifact substat: hp+269(unactivated)
2026-09-29 08:03:16.736|DEBUG|ArtifactScraper|Parsing artifact substat: elementalmastery+23
2026-09-29 08:03:16.737|DEBUG|ArtifactScraper|Parsing artifact substat: hp+209
2026-09-29 08:03:16.737|DEBUG|ArtifactScraper|Parsing artifact substat: critdmg+7.0%
2026-09-29 08:03:16.737|DEBUG|ArtifactScraper|Parsing artifact substat: def+21(unactivated)
2026-09-29 08:03:16.983|DEBUG|ArtifactScraper|Parsing artifact substat: hp+5.3%
2026-09-29 08:03:16.983|DEBUG|ArtifactScraper|Parsing artifact substat: hp+239
2026-09-29 08:03:16.983|DEBUG|ArtifactScraper|Parsing artifact substat: def+16
2026-09-29 08:03:16.983|DEBUG|ArtifactScraper|Parsing artifact substat: atk+16(unactivated)
2026-09-29 08:03:17.140|DEBUG|ArtifactScraper|Parsing artifact substat: critdmg+5.4%
2026-09-29 08:03:17.140|DEBUG|ArtifactScraper|Parsing artifact substat: elementalmastery+21
2026-09-29 08:03:17.140|DEBUG|ArtifactScraper|Parsing artifact substat: atk+19
2026-09-29 08:03:17.140|DEBUG|ArtifactScraper|Parsing artifact substat: energyrecharge+5.2%
2026-09-29 08:03:17.190|DEBUG|ArtifactScraper|Finished queuing page of artifacts. Scrolling...
2026-09-29 08:03:17.420|DEBUG|ArtifactScraper|Parsing artifact substat: atk+5.8%
2026-09-29 08:03:17.420|DEBUG|ArtifactScraper|Parsing artifact substat: atk+18
2026-09-29 08:03:17.420|DEBUG|ArtifactScraper|Parsing artifact substat: def+5.1%
2026-09-29 08:03:17.420|DEBUG|ArtifactScraper|Parsing artifact substat: energyrecharge+5.2%
2026-09-29 08:03:17.434|DEBUG|ArtifactScraper|Parsing artifact substat: def+7.3%
2026-09-29 08:03:17.434|DEBUG|ArtifactScraper|Parsing artifact substat: def+16
2026-09-29 08:03:17.434|DEBUG|ArtifactScraper|Parsing artifact substat: critdmg+5.4%
2026-09-29 08:03:17.434|DEBUG|ArtifactScraper|Parsing artifact substat: hp+269(unactivated)
2026-09-29 08:03:17.567|DEBUG|ArtifactScraper|Parsing artifact substat: def+5.8%
2026-09-29 08:03:17.567|DEBUG|ArtifactScraper|Parsing artifact substat: elementalmastery+21
2026-09-29 08:03:17.567|DEBUG|ArtifactScraper|Parsing artifact substat: def+19
2026-09-29 08:03:17.567|DEBUG|ArtifactScraper|Parsing artifact substat: critdmg+6.2%(unactivated)
2026-09-29 08:03:19.558|DEBUG|ArtifactScraper|Scanning artifact page 58
2026-09-29 08:03:19.558|DEBUG|ArtifactScraper|Located 32 possible item locations on page.
2026-09-29 08:03:20.075|DEBUG|ArtifactScraper|Parsing artifact substat: def+5.8%
2026-09-29 08:03:20.075|DEBUG|ArtifactScraper|Parsing artifact substat: energyrecharge+5.2%
2026-09-29 08:03:20.075|DEBUG|ArtifactScraper|Parsing artifact substat: hp+239
2026-09-29 08:03:20.075|DEBUG|ArtifactScraper|Parsing artifact substat: atk+18(unactivated)
2026-09-29 08:03:20.281|DEBUG|ArtifactScraper|Parsing artifact substat: atk+18
2026-09-29 08:03:20.281|DEBUG|ArtifactScraper|Parsing artifact substat: hp+239
2026-09-29 08:03:20.281|DEBUG|ArtifactScraper|Parsing artifact substat: elementalmastery+19
2026-09-29 08:03:20.281|DEBUG|ArtifactScraper|Parsing artifact substat: energyrecharge+4.5%
2026-09-29 08:03:20.434|DEBUG|ArtifactScraper|Parsing artifact substat: atk+18
2026-09-29 08:03:20.434|DEBUG|ArtifactScraper|Parsing artifact substat: energyrecharge+5.2%
2026-09-29 08:03:20.434|DEBUG|ArtifactScraper|Parsing artifact substat: elementalmastery+19
2026-09-29 08:03:20.434|DEBUG|ArtifactScraper|Parsing artifact substat: def+5.8%(unactivated)
2026-09-29 08:03:20.670|DEBUG|ArtifactScraper|Parsing artifact substat: hp+239
2026-09-29 08:03:20.670|DEBUG|ArtifactScraper|Parsing artifact substat: critdmg+7.0%
2026-09-29 08:03:20.670|DEBUG|ArtifactScraper|Parsing artifact substat: def+5.8%
2026-09-29 08:03:20.670|DEBUG|ArtifactScraper|Parsing artifact substat: hp+4.7%(unactivated)
2026-09-29 08:03:20.706|DEBUG|ArtifactScraper|Parsing artifact substat: atk+19
2026-09-29 08:03:20.706|DEBUG|ArtifactScraper|Parsing artifact substat: def+21
2026-09-29 08:03:20.706|DEBUG|ArtifactScraper|Parsing artifact substat: hp+299
2026-09-29 08:03:20.706|DEBUG|ArtifactScraper|Parsing artifact substat: atk+5.3%(unactivated)
2026-09-29 08:03:21.064|DEBUG|ArtifactScraper|Parsing artifact substat: hp+209
2026-09-29 08:03:21.065|DEBUG|ArtifactScraper|Parsing artifact substat: def+6.6%
2026-09-29 08:03:21.065|DEBUG|ArtifactScraper|Parsing artifact substat: critrate+3.5%
2026-09-29 08:03:21.065|DEBUG|ArtifactScraper|Parsing artifact substat: elementalmastery+19
2026-09-29 08:03:21.103|DEBUG|ArtifactScraper|Parsing artifact substat: atk+16
2026-09-29 08:03:21.103|DEBUG|ArtifactScraper|Parsing artifact substat: elementalmastery+16
2026-09-29 08:03:21.103|DEBUG|ArtifactScraper|Parsing artifact substat: hp+4.7%
2026-09-29 08:03:21.103|DEBUG|ArtifactScraper|Parsing artifact substat: def+5.8%(unactivated)
2026-09-29 08:03:21.373|DEBUG|ArtifactScraper|Parsing artifact substat: atk+19
2026-09-29 08:03:21.373|DEBUG|ArtifactScraper|Parsing artifact substat: atk+4.1%
2026-09-29 08:03:21.373|DEBUG|ArtifactScraper|Parsing artifact substat: critdmg+7.0%
2026-09-29 08:03:21.373|DEBUG|ArtifactScraper|Parsing artifact substat: critrate+3.9%(unactivated)
2026-09-29 08:03:21.473|DEBUG|ArtifactScraper|Parsing artifact substat: atk+14
2026-09-29 08:03:21.473|DEBUG|ArtifactScraper|Parsing artifact substat: hp+5.8%
2026-09-29 08:03:21.473|DEBUG|ArtifactScraper|Parsing artifact substat: elementalmastery+23
2026-09-29 08:03:21.473|DEBUG|ArtifactScraper|Parsing artifact substat: energyrecharge+5.2%
2026-09-29 08:03:21.772|DEBUG|ArtifactScraper|Parsing artifact substat: atk+5.3%
2026-09-29 08:03:21.772|DEBUG|ArtifactScraper|Parsing artifact substat: atk+18
2026-09-29 08:03:21.772|DEBUG|ArtifactScraper|Parsing artifact substat: def+6.6%
2026-09-29 08:03:21.772|DEBUG|ArtifactScraper|Parsing artifact substat: def+19(unactivated)
2026-09-29 08:03:21.796|DEBUG|ArtifactScraper|Parsing artifact substat: def+7.3%
2026-09-29 08:03:21.796|DEBUG|ArtifactScraper|Parsing artifact substat: atk+5.8%
2026-09-29 08:03:21.796|DEBUG|ArtifactScraper|Parsing artifact substat: energyrecharge+6.5%
2026-09-29 08:03:21.796|DEBUG|ArtifactScraper|Parsing artifact substat: critrate+3.5%(unactivated)
2026-09-29 08:03:22.160|DEBUG|ArtifactScraper|Parsing artifact substat: elementalmastery+16
2026-09-29 08:03:22.160|DEBUG|ArtifactScraper|Parsing artifact substat: def+5.1%
2026-09-29 08:03:22.160|DEBUG|ArtifactScraper|Parsing artifact substat: def+23
2026-09-29 08:03:22.160|DEBUG|ArtifactScraper|Parsing artifact substat: critdmg+7.0%(unactivated)
2026-09-29 08:03:22.192|DEBUG|ArtifactScraper|Parsing artifact substat: atk+16
2026-09-29 08:03:22.192|DEBUG|ArtifactScraper|Parsing artifact substat: critdmg+6.2%
2026-09-29 08:03:22.192|DEBUG|ArtifactScraper|Parsing artifact substat: energyrecharge+6.5%
2026-09-29 08:03:22.192|DEBUG|ArtifactScraper|Parsing artifact substat: def+21(unactivated)
2026-09-29 08:03:22.475|DEBUG|ArtifactScraper|Parsing artifact substat: def+16
2026-09-29 08:03:22.475|DEBUG|ArtifactScraper|Parsing artifact substat: elementalmastery+19
2026-09-29 08:03:22.475|DEBUG|ArtifactScraper|Parsing artifact substat: atk+14
2026-09-29 08:03:22.475|DEBUG|ArtifactScraper|Parsing artifact substat: def+7.3%(unactivated)
2026-09-29 08:03:22.565|DEBUG|ArtifactScraper|Parsing artifact substat: atk+18
2026-09-29 08:03:22.565|DEBUG|ArtifactScraper|Parsing artifact substat: def+19
2026-09-29 08:03:22.565|DEBUG|ArtifactScraper|Parsing artifact substat: energyrecharge+6.5%
2026-09-29 08:03:22.565|DEBUG|ArtifactScraper|Parsing artifact substat: def+5.1%(unactivated)
2026-09-29 08:03:22.882|DEBUG|ArtifactScraper|Parsing artifact substat: hp+4.7%
2026-09-29 08:03:22.882|DEBUG|ArtifactScraper|Parsing artifact substat: critdmg+7.0%
2026-09-29 08:03:22.882|DEBUG|ArtifactScraper|Parsing artifact substat: atk+5.3%
2026-09-29 08:03:22.882|DEBUG|ArtifactScraper|Parsing artifact substat: def+7.3%
2026-09-29 08:03:22.968|DEBUG|ArtifactScraper|Parsing artifact substat: hp+4.1%
2026-09-29 08:03:22.968|DEBUG|ArtifactScraper|Parsing artifact substat: critdmg+6.2%
2026-09-29 08:03:22.968|DEBUG|ArtifactScraper|Parsing artifact substat: def+5.8%
2026-09-29 08:03:22.968|DEBUG|ArtifactScraper|Parsing artifact substat: hp+269
2026-09-29 08:03:22.968|DEBUG|ArtifactScraper|Parsing artifact substat: critrate+2.7%
2026-09-29 08:03:22.968|DEBUG|ArtifactScraper|Parsing artifact substat: elementalmastery+19
2026-09-29 08:03:22.968|DEBUG|ArtifactScraper|Parsing artifact substat: energyrecharge+5.2%
2026-09-29 08:03:22.968|DEBUG|ArtifactScraper|Parsing artifact substat: def+21(unactivated)
2026-09-29 08:03:23.296|DEBUG|ArtifactScraper|Parsing artifact substat: energyrecharge+6.5%
2026-09-29 08:03:23.296|DEBUG|ArtifactScraper|Parsing artifact substat: critrate+3.9%
2026-09-29 08:03:23.296|DEBUG|ArtifactScraper|Parsing artifact substat: hp+209
2026-09-29 08:03:23.296|DEBUG|ArtifactScraper|Parsing artifact substat: hp+5.8%(unactivated)
2026-09-29 08:03:23.393|DEBUG|ArtifactScraper|Parsing artifact substat: elementalmastery+16
2026-09-29 08:03:23.393|DEBUG|ArtifactScraper|Parsing artifact substat: critrate+2.7%
2026-09-29 08:03:23.393|DEBUG|ArtifactScraper|Parsing artifact substat: def+6.6%
2026-09-29 08:03:23.393|DEBUG|ArtifactScraper|Parsing artifact substat: hp+4.1%(unactivated)
2026-09-29 08:03:23.675|DEBUG|ArtifactScraper|Parsing artifact substat: elementalmastery+19
2026-09-29 08:03:23.675|DEBUG|ArtifactScraper|Parsing artifact substat: atk+4.7%
2026-09-29 08:03:23.675|DEBUG|ArtifactScraper|Parsing artifact substat: def+5.1%
2026-09-29 08:03:23.675|DEBUG|ArtifactScraper|Parsing artifact substat: critrate+3.5%(unactivated)
2026-09-29 08:03:23.694|DEBUG|ArtifactScraper|Parsing artifact substat: def+6.6%
2026-09-29 08:03:23.694|DEBUG|ArtifactScraper|Parsing artifact substat: critdmg+5.4%
2026-09-29 08:03:23.694|DEBUG|ArtifactScraper|Parsing artifact substat: hp+4.7%
2026-09-29 08:03:23.694|DEBUG|ArtifactScraper|Parsing artifact substat: hp+299(unactivated)
2026-09-29 08:03:24.046|DEBUG|ArtifactScraper|Parsing artifact substat: hp+239
2026-09-29 08:03:24.046|DEBUG|ArtifactScraper|Parsing artifact substat: critrate+2.7%
2026-09-29 08:03:24.046|DEBUG|ArtifactScraper|Parsing artifact substat: hp+4.1%
2026-09-29 08:03:24.046|DEBUG|ArtifactScraper|Parsing artifact substat: def+21(unactivated)
2026-09-29 08:03:24.069|DEBUG|ArtifactScraper|Parsing artifact substat: hp+5.3%
2026-09-29 08:03:24.069|DEBUG|ArtifactScraper|Parsing artifact substat: critdmg+7.8%
2026-09-29 08:03:24.069|DEBUG|ArtifactScraper|Parsing artifact substat: def+7.3%
2026-09-29 08:03:24.069|DEBUG|ArtifactScraper|Parsing artifact substat: atk+5.8%(unactivated)
2026-09-29 08:03:24.333|DEBUG|ArtifactScraper|Parsing artifact substat: hp+239
2026-09-29 08:03:24.333|DEBUG|ArtifactScraper|Parsing artifact substat: critrate+3.9%
2026-09-29 08:03:24.333|DEBUG|ArtifactScraper|Parsing artifact substat: critdmg+5.4%
2026-09-29 08:03:24.333|DEBUG|ArtifactScraper|Parsing artifact substat: elementalmastery+19
2026-09-29 08:03:24.450|DEBUG|ArtifactScraper|Parsing artifact substat: elementalmastery+21
2026-09-29 08:03:24.450|DEBUG|ArtifactScraper|Parsing artifact substat: def+19
2026-09-29 08:03:24.450|DEBUG|ArtifactScraper|Parsing artifact substat: critdmg+7.8%
2026-09-29 08:03:24.450|DEBUG|ArtifactScraper|Parsing artifact substat: hp+4.1%(unactivated)
2026-09-29 08:03:24.806|DEBUG|ArtifactScraper|Parsing artifact substat: elementalmastery+16
2026-09-29 08:03:24.806|DEBUG|ArtifactScraper|Parsing artifact substat: atk+5.8%
2026-09-29 08:03:24.806|DEBUG|ArtifactScraper|Parsing artifact substat: hp+209
2026-09-29 08:03:24.806|DEBUG|ArtifactScraper|Parsing artifact substat: def+19(unactivated)
2026-09-29 08:03:24.838|DEBUG|ArtifactScraper|Parsing artifact substat: hp+209
2026-09-29 08:03:24.838|DEBUG|ArtifactScraper|Parsing artifact substat: elementalmastery+19
2026-09-29 08:03:24.838|DEBUG|ArtifactScraper|Parsing artifact substat: def+23
2026-09-29 08:03:24.838|DEBUG|ArtifactScraper|Parsing artifact substat: atk+5.3%(unactivated)
2026-09-29 08:03:24.956|DEBUG|ArtifactScraper|Parsing artifact substat: energyrecharge+6.5%
2026-09-29 08:03:24.956|DEBUG|ArtifactScraper|Parsing artifact substat: elementalmastery+21
2026-09-29 08:03:24.956|DEBUG|ArtifactScraper|Parsing artifact substat: hp+209
2026-09-29 08:03:24.956|DEBUG|ArtifactScraper|Parsing artifact substat: def+5.1%(unactivated)
2026-09-29 08:03:25.063|DEBUG|ArtifactScraper|Finished queuing page of artifacts. Scrolling...
2026-09-29 08:03:25.221|DEBUG|ArtifactScraper|Parsing artifact substat: def+21
2026-09-29 08:03:25.221|DEBUG|ArtifactScraper|Parsing artifact substat: hp+5.8%
2026-09-29 08:03:25.221|DEBUG|ArtifactScraper|Parsing artifact substat: def+5.8%
2026-09-29 08:03:25.221|DEBUG|ArtifactScraper|Parsing artifact substat: hp+239(unactivated)
2026-09-29 08:03:25.273|DEBUG|ArtifactScraper|Parsing artifact substat: critrate+3.9%
2026-09-29 08:03:25.273|DEBUG|ArtifactScraper|Parsing artifact substat: def+21
2026-09-29 08:03:25.273|DEBUG|ArtifactScraper|Parsing artifact substat: def+5.8%
2026-09-29 08:03:25.273|DEBUG|ArtifactScraper|Parsing artifact substat: hp+269(unactivated)
2026-09-29 08:03:25.565|DEBUG|ArtifactScraper|Parsing artifact substat: critdmg+6.2%
2026-09-29 08:03:25.565|DEBUG|ArtifactScraper|Parsing artifact substat: critrate+3.5%
2026-09-29 08:03:25.565|DEBUG|ArtifactScraper|Parsing artifact substat: atk+14
2026-09-29 08:03:25.565|DEBUG|ArtifactScraper|Parsing artifact substat: def+19
2026-09-29 08:03:27.310|DEBUG|ArtifactScraper|Scanning artifact page 59
2026-09-29 08:03:27.310|DEBUG|ArtifactScraper|Located 32 possible item locations on page.
2026-09-29 08:03:27.898|DEBUG|ArtifactScraper|Parsing artifact substat: atk+16
2026-09-29 08:03:27.898|DEBUG|ArtifactScraper|Parsing artifact substat: def+16
2026-09-29 08:03:27.898|DEBUG|ArtifactScraper|Parsing artifact substat: hp+299
2026-09-29 08:03:27.898|DEBUG|ArtifactScraper|Parsing artifact substat: hp+4.7%
2026-09-29 08:03:27.929|DEBUG|ArtifactScraper|Parsing artifact substat: def+16
2026-09-29 08:03:27.929|DEBUG|ArtifactScraper|Parsing artifact substat: hp+299
2026-09-29 08:03:27.929|DEBUG|ArtifactScraper|Parsing artifact substat: atk+19
2026-09-29 08:03:27.929|DEBUG|ArtifactScraper|Parsing artifact substat: critdmg+7.0%(unactivated)
2026-09-29 08:03:28.286|DEBUG|ArtifactScraper|Parsing artifact substat: def+19
2026-09-29 08:03:28.286|DEBUG|ArtifactScraper|Parsing artifact substat: atk+19
2026-09-29 08:03:28.286|DEBUG|ArtifactScraper|Parsing artifact substat: hp+209
2026-09-29 08:03:28.286|DEBUG|ArtifactScraper|Parsing artifact substat: hp+5.8%(unactivated)
2026-09-29 08:03:28.286|DEBUG|ArtifactScraper|Parsing artifact substat: atk+4.7%
2026-09-29 08:03:28.286|DEBUG|ArtifactScraper|Parsing artifact substat: def+19
2026-09-29 08:03:28.286|DEBUG|ArtifactScraper|Parsing artifact substat: hp+4.1%
2026-09-29 08:03:28.286|DEBUG|ArtifactScraper|Parsing artifact substat: def+6.6%(unactivated)
2026-09-29 08:03:28.572|DEBUG|ArtifactScraper|Parsing artifact substat: atk+14
2026-09-29 08:03:28.572|DEBUG|ArtifactScraper|Parsing artifact substat: hp+269
2026-09-29 08:03:28.572|DEBUG|ArtifactScraper|Parsing artifact substat: hp+4.7%
2026-09-29 08:03:28.572|DEBUG|ArtifactScraper|Parsing artifact substat: energyrecharge+5.8%
2026-09-29 08:03:28.679|DEBUG|ArtifactScraper|Parsing artifact substat: def+23
2026-09-29 08:03:28.679|DEBUG|ArtifactScraper|Parsing artifact substat: critdmg+5.4%
2026-09-29 08:03:28.679|DEBUG|ArtifactScraper|Parsing artifact substat: hp+4.1%
2026-09-29 08:03:28.679|DEBUG|ArtifactScraper|Parsing artifact substat: atk+16(unactivated)
2026-09-29 08:03:28.951|DEBUG|ArtifactScraper|Parsing artifact substat: atk+16
2026-09-29 08:03:28.951|DEBUG|ArtifactScraper|Parsing artifact substat: atk+4.7%
2026-09-29 08:03:28.951|DEBUG|ArtifactScraper|Parsing artifact substat: critrate+3.9%
2026-09-29 08:03:28.951|DEBUG|ArtifactScraper|Parsing artifact substat: hp+239(unactivated)
2026-09-29 08:03:29.103|DEBUG|ArtifactScraper|Parsing artifact substat: def+23
2026-09-29 08:03:29.103|DEBUG|ArtifactScraper|Parsing artifact substat: elementalmastery+19
2026-09-29 08:03:29.103|DEBUG|ArtifactScraper|Parsing artifact substat: hp+209
2026-09-29 08:03:29.103|DEBUG|ArtifactScraper|Parsing artifact substat: atk+16(unactivated)
2026-09-29 08:03:29.269|DEBUG|ArtifactScraper|Parsing artifact substat: energyrecharge+4.5%
2026-09-29 08:03:29.269|DEBUG|ArtifactScraper|Parsing artifact substat: critrate+3.1%
2026-09-29 08:03:29.269|DEBUG|ArtifactScraper|Parsing artifact substat: atk+4.7%
2026-09-29 08:03:29.269|DEBUG|ArtifactScraper|Parsing artifact substat: def+21(unactivated)
2026-09-29 08:03:29.319|DEBUG|ArtifactScraper|Parsing artifact substat: critdmg+5.4%
2026-09-29 08:03:29.319|DEBUG|ArtifactScraper|Parsing artifact substat: hp+269
2026-09-29 08:03:29.319|DEBUG|ArtifactScraper|Parsing artifact substat: def+23
2026-09-29 08:03:29.319|DEBUG|ArtifactScraper|Parsing artifact substat: elementalmastery+23
2026-09-29 08:03:29.635|DEBUG|ArtifactScraper|Parsing artifact substat: critdmg+7.8%
2026-09-29 08:03:29.635|DEBUG|ArtifactScraper|Parsing artifact substat: def+19
2026-09-29 08:03:29.635|DEBUG|ArtifactScraper|Parsing artifact substat: hp+4.7%
2026-09-29 08:03:29.635|DEBUG|ArtifactScraper|Parsing artifact substat: atk+4.1%
2026-09-29 08:03:29.657|DEBUG|ArtifactScraper|Parsing artifact substat: critdmg+7.8%
2026-09-29 08:03:29.657|DEBUG|ArtifactScraper|Parsing artifact substat: def+6.6%
2026-09-29 08:03:29.657|DEBUG|ArtifactScraper|Parsing artifact substat: def+19
2026-09-29 08:03:29.657|DEBUG|ArtifactScraper|Parsing artifact substat: atk+19
2026-09-29 08:03:30.007|DEBUG|ArtifactScraper|Parsing artifact substat: hp+4.7%
2026-09-29 08:03:30.007|DEBUG|ArtifactScraper|Parsing artifact substat: hp+299
2026-09-29 08:03:30.007|DEBUG|ArtifactScraper|Parsing artifact substat: atk+19
2026-09-29 08:03:30.007|DEBUG|ArtifactScraper|Parsing artifact substat: atk+4.7%(unactivated)
2026-09-29 08:03:30.044|DEBUG|ArtifactScraper|Parsing artifact substat: elementalmastery+16
2026-09-29 08:03:30.044|DEBUG|ArtifactScraper|Parsing artifact substat: atk+18
2026-09-29 08:03:30.044|DEBUG|ArtifactScraper|Parsing artifact substat: critrate+3.1%
2026-09-29 08:03:30.044|DEBUG|ArtifactScraper|Parsing artifact substat: def+23(unactivated)
2026-09-29 08:03:30.307|DEBUG|ArtifactScraper|Parsing artifact substat: elementalmastery+21
2026-09-29 08:03:30.307|DEBUG|ArtifactScraper|Parsing artifact substat: hp+299
2026-09-29 08:03:30.307|DEBUG|ArtifactScraper|Parsing artifact substat: critrate+3.9%
2026-09-29 08:03:30.307|DEBUG|ArtifactScraper|Parsing artifact substat: energyrecharge+6.5%
2026-09-29 08:03:30.368|DEBUG|ArtifactScraper|Parsing artifact substat: energyrecharge+5.8%
2026-09-29 08:03:30.368|DEBUG|ArtifactScraper|Parsing artifact substat: hp+269
2026-09-29 08:03:30.368|DEBUG|ArtifactScraper|Parsing artifact substat: def+19
2026-09-29 08:03:30.368|DEBUG|ArtifactScraper|Parsing artifact substat: atk+4.7%(unactivated)
2026-09-29 08:03:30.670|DEBUG|ArtifactScraper|Parsing artifact substat: def+7.3%
2026-09-29 08:03:30.670|DEBUG|ArtifactScraper|Parsing artifact substat: hp+269
2026-09-29 08:03:30.670|DEBUG|ArtifactScraper|Parsing artifact substat: def+16
2026-09-29 08:03:30.670|DEBUG|ArtifactScraper|Parsing artifact substat: critdmg+7.8%(unactivated)
2026-09-29 08:03:30.739|DEBUG|ArtifactScraper|Parsing artifact substat: def+19
2026-09-29 08:03:30.739|DEBUG|ArtifactScraper|Parsing artifact substat: def+5.8%
2026-09-29 08:03:30.739|DEBUG|ArtifactScraper|Parsing artifact substat: critdmg+5.4%
2026-09-29 08:03:30.739|DEBUG|ArtifactScraper|Parsing artifact substat: hp+5.8%(unactivated)
2026-09-29 08:03:30.936|DEBUG|ArtifactScraper|Parsing artifact substat: atk+19
2026-09-29 08:03:30.936|DEBUG|ArtifactScraper|Parsing artifact substat: hp+209
2026-09-29 08:03:30.936|DEBUG|ArtifactScraper|Parsing artifact substat: atk+4.7%
2026-09-29 08:03:30.936|DEBUG|ArtifactScraper|Parsing artifact substat: def+23(unactivated)
2026-09-29 08:03:31.039|DEBUG|ArtifactScraper|Parsing artifact substat: hp+4.1%
2026-09-29 08:03:31.039|DEBUG|ArtifactScraper|Parsing artifact substat: def+21
2026-09-29 08:03:31.039|DEBUG|ArtifactScraper|Parsing artifact substat: critrate+2.7%
2026-09-29 08:03:31.039|DEBUG|ArtifactScraper|Parsing artifact substat: atk+5.3%(unactivated)
2026-09-29 08:03:31.252|DEBUG|ArtifactScraper|Parsing artifact substat: def+7.3%
2026-09-29 08:03:31.252|DEBUG|ArtifactScraper|Parsing artifact substat: def+23
2026-09-29 08:03:31.252|DEBUG|ArtifactScraper|Parsing artifact substat: hp+299
2026-09-29 08:03:31.252|DEBUG|ArtifactScraper|Parsing artifact substat: hp+5.8%
2026-09-29 08:03:31.379|DEBUG|ArtifactScraper|Parsing artifact substat: def+7.3%
2026-09-29 08:03:31.379|DEBUG|ArtifactScraper|Parsing artifact substat: energyrecharge+4.5%
2026-09-29 08:03:31.379|DEBUG|ArtifactScraper|Parsing artifact substat: hp+269
2026-09-29 08:03:31.379|DEBUG|ArtifactScraper|Parsing artifact substat: atk+19
2026-09-29 08:03:31.550|DEBUG|ArtifactScraper|Parsing artifact substat: atk+16
2026-09-29 08:03:31.550|DEBUG|ArtifactScraper|Parsing artifact substat: hp+269
2026-09-29 08:03:31.550|DEBUG|ArtifactScraper|Parsing artifact substat: def+19
2026-09-29 08:03:31.550|DEBUG|ArtifactScraper|Parsing artifact substat: def+5.8%
2026-09-29 08:03:31.774|DEBUG|ArtifactScraper|Parsing artifact substat: hp+4.7%
2026-09-29 08:03:31.774|DEBUG|ArtifactScraper|Parsing artifact substat: elementalmastery+19
2026-09-29 08:03:31.774|DEBUG|ArtifactScraper|Parsing artifact substat: energyrecharge+6.5%
2026-09-29 08:03:31.774|DEBUG|ArtifactScraper|Parsing artifact substat: hp+299(unactivated)
2026-09-29 08:03:31.860|DEBUG|ArtifactScraper|Parsing artifact substat: hp+239
2026-09-29 08:03:31.860|DEBUG|ArtifactScraper|Parsing artifact substat: atk+18
2026-09-29 08:03:31.860|DEBUG|ArtifactScraper|Parsing artifact substat: atk+4.7%
2026-09-29 08:03:31.860|DEBUG|ArtifactScraper|Parsing artifact substat: def+6.6%(unactivated)
2026-09-29 08:03:32.128|DEBUG|ArtifactScraper|Parsing artifact substat: def+23
2026-09-29 08:03:32.128|DEBUG|ArtifactScraper|Parsing artifact substat: elementalmastery+16
2026-09-29 08:03:32.128|DEBUG|ArtifactScraper|Parsing artifact substat: critrate+3.5%
2026-09-29 08:03:32.128|DEBUG|ArtifactScraper|Parsing artifact substat: energyrecharge+4.5%
2026-09-29 08:03:32.193|DEBUG|ArtifactScraper|Parsing artifact substat: def+23
2026-09-29 08:03:32.193|DEBUG|ArtifactScraper|Parsing artifact substat: hp+299
2026-09-29 08:03:32.193|DEBUG|ArtifactScraper|Parsing artifact substat: hp+5.8%
2026-09-29 08:03:32.193|DEBUG|ArtifactScraper|Parsing artifact substat: atk+5.3%(unactivated)
2026-09-29 08:03:32.440|DEBUG|ArtifactScraper|Parsing artifact substat: critdmg+5.4%
2026-09-29 08:03:32.440|DEBUG|ArtifactScraper|Parsing artifact substat: critrate+3.9%
2026-09-29 08:03:32.440|DEBUG|ArtifactScraper|Parsing artifact substat: atk+19
2026-09-29 08:03:32.440|DEBUG|ArtifactScraper|Parsing artifact substat: atk+4.7%(unactivated)
2026-09-29 08:03:32.547|DEBUG|ArtifactScraper|Parsing artifact substat: energyrecharge+5.2%
2026-09-29 08:03:32.547|DEBUG|ArtifactScraper|Parsing artifact substat: atk+19
2026-09-29 08:03:32.547|DEBUG|ArtifactScraper|Parsing artifact substat: def+19
2026-09-29 08:03:32.547|DEBUG|ArtifactScraper|Parsing artifact substat: hp+209(unactivated)
2026-09-29 08:03:32.710|DEBUG|ArtifactScraper|Parsing artifact substat: def+5.1%
2026-09-29 08:03:32.710|DEBUG|ArtifactScraper|Parsing artifact substat: atk+18
2026-09-29 08:03:32.710|DEBUG|ArtifactScraper|Parsing artifact substat: def+21
2026-09-29 08:03:32.710|DEBUG|ArtifactScraper|Parsing artifact substat: hp+299(unactivated)
2026-09-29 08:03:32.748|DEBUG|ArtifactScraper|Finished queuing page of artifacts. Scrolling...
2026-09-29 08:03:32.900|DEBUG|ArtifactScraper|Parsing artifact substat: energyrecharge+5.8%
2026-09-29 08:03:32.900|DEBUG|ArtifactScraper|Parsing artifact substat: atk+16
2026-09-29 08:03:32.900|DEBUG|ArtifactScraper|Parsing artifact substat: hp+4.7%
2026-09-29 08:03:32.900|DEBUG|ArtifactScraper|Parsing artifact substat: atk+4.7%(unactivated)
2026-09-29 08:03:33.069|DEBUG|ArtifactScraper|Parsing artifact substat: elementalmastery+23
2026-09-29 08:03:33.069|DEBUG|ArtifactScraper|Parsing artifact substat: energyrecharge+5.8%
2026-09-29 08:03:33.069|DEBUG|ArtifactScraper|Parsing artifact substat: critdmg+7.8%
2026-09-29 08:03:33.069|DEBUG|ArtifactScraper|Parsing artifact substat: hp+4.7%(unactivated)
2026-09-29 08:03:34.783|DEBUG|ArtifactScraper|Scanning artifact page 60
2026-09-29 08:03:34.783|DEBUG|ArtifactScraper|Located 32 possible item locations on page.
2026-09-29 08:03:35.225|DEBUG|ArtifactScraper|Parsing artifact substat: elementalmastery+21
2026-09-29 08:03:35.225|DEBUG|ArtifactScraper|Parsing artifact substat: def+23
2026-09-29 08:03:35.225|DEBUG|ArtifactScraper|Parsing artifact substat: hp+299
2026-09-29 08:03:35.225|DEBUG|ArtifactScraper|Parsing artifact substat: critdmg+5.4%(unactivated)
2026-09-29 08:03:35.424|DEBUG|ArtifactScraper|Parsing artifact substat: def+21
2026-09-29 08:03:35.424|DEBUG|ArtifactScraper|Parsing artifact substat: critrate+3.9%
2026-09-29 08:03:35.424|DEBUG|ArtifactScraper|Parsing artifact substat: atk+14
2026-09-29 08:03:35.424|DEBUG|ArtifactScraper|Parsing artifact substat: hp+5.8%(unactivated)
2026-09-29 08:03:35.598|DEBUG|ArtifactScraper|Parsing artifact substat: critrate+3.5%
2026-09-29 08:03:35.598|DEBUG|ArtifactScraper|Parsing artifact substat: energyrecharge+5.8%
2026-09-29 08:03:35.598|DEBUG|ArtifactScraper|Parsing artifact substat: elementalmastery+21
2026-09-29 08:03:35.598|DEBUG|ArtifactScraper|Parsing artifact substat: def+7.3%(unactivated)
2026-09-29 08:03:35.753|DEBUG|ArtifactScraper|Parsing artifact substat: hp+4.7%
2026-09-29 08:03:35.753|DEBUG|ArtifactScraper|Parsing artifact substat: critdmg+7.8%
2026-09-29 08:03:35.753|DEBUG|ArtifactScraper|Parsing artifact substat: def+5.8%
2026-09-29 08:03:35.753|DEBUG|ArtifactScraper|Parsing artifact substat: hp+299(unactivated)
2026-09-29 08:03:35.916|DEBUG|ArtifactScraper|Parsing artifact substat: hp+299
2026-09-29 08:03:35.916|DEBUG|ArtifactScraper|Parsing artifact substat: elementalmastery+19
2026-09-29 08:03:35.916|DEBUG|ArtifactScraper|Parsing artifact substat: critdmg+7.8%
2026-09-29 08:03:35.916|DEBUG|ArtifactScraper|Parsing artifact substat: atk+18(unactivated)
2026-09-29 08:03:36.083|DEBUG|ArtifactScraper|Parsing artifact substat: critdmg+6.2%
2026-09-29 08:03:36.083|DEBUG|ArtifactScraper|Parsing artifact substat: hp+269
2026-09-29 08:03:36.083|DEBUG|ArtifactScraper|Parsing artifact substat: def+6.6%
2026-09-29 08:03:36.083|DEBUG|ArtifactScraper|Parsing artifact substat: critrate+2.7%(unactivated)
2026-09-29 08:03:36.228|DEBUG|ArtifactScraper|Parsing artifact substat: def+6.6%
2026-09-29 08:03:36.228|DEBUG|ArtifactScraper|Parsing artifact substat: def+23
2026-09-29 08:03:36.228|DEBUG|ArtifactScraper|Parsing artifact substat: critrate+3.9%
2026-09-29 08:03:36.228|DEBUG|ArtifactScraper|Parsing artifact substat: hp+269(unactivated)
2026-09-29 08:03:36.429|DEBUG|ArtifactScraper|Parsing artifact substat: energyrecharge+4.5%
2026-09-29 08:03:36.429|DEBUG|ArtifactScraper|Parsing artifact substat: def+7.3%
2026-09-29 08:03:36.429|DEBUG|ArtifactScraper|Parsing artifact substat: atk+5.3%
2026-09-29 08:03:36.429|DEBUG|ArtifactScraper|Parsing artifact substat: def+19(unactivated)
2026-09-29 08:03:36.691|DEBUG|ArtifactScraper|Parsing artifact substat: def+21
2026-09-29 08:03:36.691|DEBUG|ArtifactScraper|Parsing artifact substat: elementalmastery+16
2026-09-29 08:03:36.691|DEBUG|ArtifactScraper|Parsing artifact substat: energyrecharge+6.5%
2026-09-29 08:03:36.691|DEBUG|ArtifactScraper|Parsing artifact substat: hp+5.8%(unactivated)
2026-09-29 08:03:36.749|DEBUG|ArtifactScraper|Parsing artifact substat: atk+14
2026-09-29 08:03:36.749|DEBUG|ArtifactScraper|Parsing artifact substat: def+21
2026-09-29 08:03:36.749|DEBUG|ArtifactScraper|Parsing artifact substat: elementalmastery+19
2026-09-29 08:03:36.749|DEBUG|ArtifactScraper|Parsing artifact substat: def+7.3%(unactivated)
2026-09-29 08:03:37.021|DEBUG|ArtifactScraper|Parsing artifact substat: def+21
2026-09-29 08:03:37.021|DEBUG|ArtifactScraper|Parsing artifact substat: energyrecharge+4.5%
2026-09-29 08:03:37.021|DEBUG|ArtifactScraper|Parsing artifact substat: atk+19
2026-09-29 08:03:37.021|DEBUG|ArtifactScraper|Parsing artifact substat: def+5.8%(unactivated)
2026-09-29 08:03:37.112|DEBUG|ArtifactScraper|Parsing artifact substat: critdmg+7.0%
2026-09-29 08:03:37.112|DEBUG|ArtifactScraper|Parsing artifact substat: elementalmastery+19
2026-09-29 08:03:37.112|DEBUG|ArtifactScraper|Parsing artifact substat: atk+4.1%
2026-09-29 08:03:37.112|DEBUG|ArtifactScraper|Parsing artifact substat: def+23(unactivated)
2026-09-29 08:03:37.349|DEBUG|ArtifactScraper|Parsing artifact substat: def+16
2026-09-29 08:03:37.349|DEBUG|ArtifactScraper|Parsing artifact substat: critdmg+6.2%
2026-09-29 08:03:37.349|DEBUG|ArtifactScraper|Parsing artifact substat: hp+239
2026-09-29 08:03:37.349|DEBUG|ArtifactScraper|Parsing artifact substat: atk+5.8%(unactivated)
2026-09-29 08:03:37.463|DEBUG|ArtifactScraper|Parsing artifact substat: critdmg+6.2%
2026-09-29 08:03:37.463|DEBUG|ArtifactScraper|Parsing artifact substat: atk+4.1%
2026-09-29 08:03:37.463|DEBUG|ArtifactScraper|Parsing artifact substat: def+19
2026-09-29 08:03:37.463|DEBUG|ArtifactScraper|Parsing artifact substat: def+5.1%(unactivated)
2026-09-29 08:03:37.629|DEBUG|ArtifactScraper|Parsing artifact substat: critdmg+5.4%
2026-09-29 08:03:37.629|DEBUG|ArtifactScraper|Parsing artifact substat: critrate+3.9%
2026-09-29 08:03:37.629|DEBUG|ArtifactScraper|Parsing artifact substat: elementalmastery+21
2026-09-29 08:03:37.629|DEBUG|ArtifactScraper|Parsing artifact substat: hp+4.7%(unactivated)
2026-09-29 08:03:37.827|DEBUG|ArtifactScraper|Parsing artifact substat: elementalmastery+23
2026-09-29 08:03:37.827|DEBUG|ArtifactScraper|Parsing artifact substat: atk+4.1%
2026-09-29 08:03:37.827|DEBUG|ArtifactScraper|Parsing artifact substat: critrate+2.7%
2026-09-29 08:03:37.827|DEBUG|ArtifactScraper|Parsing artifact substat: critdmg+5.4%(unactivated)
2026-09-29 08:03:37.957|DEBUG|ArtifactScraper|Parsing artifact substat: energyrecharge+5.2%
2026-09-29 08:03:37.957|DEBUG|ArtifactScraper|Parsing artifact substat: elementalmastery+23
2026-09-29 08:03:37.957|DEBUG|ArtifactScraper|Parsing artifact substat: atk+5.3%
2026-09-29 08:03:37.957|DEBUG|ArtifactScraper|Parsing artifact substat: hp+269
2026-09-29 08:03:38.151|DEBUG|ArtifactScraper|Parsing artifact substat: hp+299
2026-09-29 08:03:38.151|DEBUG|ArtifactScraper|Parsing artifact substat: def+5.8%
2026-09-29 08:03:38.151|DEBUG|ArtifactScraper|Parsing artifact substat: energyrecharge+5.2%
2026-09-29 08:03:38.151|DEBUG|ArtifactScraper|Parsing artifact substat: critrate+3.5%
2026-09-29 08:03:38.322|DEBUG|ArtifactScraper|Parsing artifact substat: elementalmastery+23
2026-09-29 08:03:38.322|DEBUG|ArtifactScraper|Parsing artifact substat: critdmg+5.4%
2026-09-29 08:03:38.322|DEBUG|ArtifactScraper|Parsing artifact substat: energyrecharge+6.5%
2026-09-29 08:03:38.322|DEBUG|ArtifactScraper|Parsing artifact substat: hp+5.8%
2026-09-29 08:03:38.459|DEBUG|ArtifactScraper|Parsing artifact substat: def+7.3%
2026-09-29 08:03:38.459|DEBUG|ArtifactScraper|Parsing artifact substat: hp+299
2026-09-29 08:03:38.459|DEBUG|ArtifactScraper|Parsing artifact substat: energyrecharge+4.5%
2026-09-29 08:03:38.459|DEBUG|ArtifactScraper|Parsing artifact substat: elementalmastery+21
2026-09-29 08:03:38.641|DEBUG|ArtifactScraper|Parsing artifact substat: def+19
2026-09-29 08:03:38.641|DEBUG|ArtifactScraper|Parsing artifact substat: hp+4.1%
2026-09-29 08:03:38.641|DEBUG|ArtifactScraper|Parsing artifact substat: atk+4.1%
2026-09-29 08:03:38.641|DEBUG|ArtifactScraper|Parsing artifact substat: elementalmastery+21
2026-09-29 08:03:38.803|DEBUG|ArtifactScraper|Parsing artifact substat: hp+209
2026-09-29 08:03:38.803|DEBUG|ArtifactScraper|Parsing artifact substat: atk+5.3%
2026-09-29 08:03:38.803|DEBUG|ArtifactScraper|Parsing artifact substat: elementalmastery+21
2026-09-29 08:03:38.803|DEBUG|ArtifactScraper|Parsing artifact substat: def+6.6%(unactivated)
2026-09-29 08:03:38.962|DEBUG|ArtifactScraper|Parsing artifact substat: def+5.8%
2026-09-29 08:03:38.962|DEBUG|ArtifactScraper|Parsing artifact substat: atk+4.7%
2026-09-29 08:03:38.962|DEBUG|ArtifactScraper|Parsing artifact substat: def+23
2026-09-29 08:03:38.962|DEBUG|ArtifactScraper|Parsing artifact substat: hp+239(unactivated)
2026-09-29 08:03:39.187|DEBUG|ArtifactScraper|Parsing artifact substat: energyrecharge+5.8%
2026-09-29 08:03:39.187|DEBUG|ArtifactScraper|Parsing artifact substat: atk+14
2026-09-29 08:03:39.187|DEBUG|ArtifactScraper|Parsing artifact substat: hp+209
2026-09-29 08:03:39.187|DEBUG|ArtifactScraper|Parsing artifact substat: atk+5.3%
2026-09-29 08:03:39.517|DEBUG|ArtifactScraper|Parsing artifact substat: critdmg+7.0%
2026-09-29 08:03:39.517|DEBUG|ArtifactScraper|Parsing artifact substat: atk+14
2026-09-29 08:03:39.517|DEBUG|ArtifactScraper|Parsing artifact substat: hp+269
2026-09-29 08:03:39.517|DEBUG|ArtifactScraper|Parsing artifact substat: elementalmastery+23
2026-09-29 08:03:39.524|DEBUG|ArtifactScraper|Parsing artifact substat: critdmg+7.0%
2026-09-29 08:03:39.524|DEBUG|ArtifactScraper|Parsing artifact substat: atk+14
2026-09-29 08:03:39.524|DEBUG|ArtifactScraper|Parsing artifact substat: hp+269
2026-09-29 08:03:39.524|DEBUG|ArtifactScraper|Parsing artifact substat: elementalmastery+23
2026-09-29 08:03:39.837|DEBUG|ArtifactScraper|Parsing artifact substat: hp+5.3%
2026-09-29 08:03:39.837|DEBUG|ArtifactScraper|Parsing artifact substat: def+19
2026-09-29 08:03:39.837|DEBUG|ArtifactScraper|Parsing artifact substat: hp+239
2026-09-29 08:03:39.837|DEBUG|ArtifactScraper|Parsing artifact substat: critdmg+6.2%(unactivated)
2026-09-29 08:03:39.893|DEBUG|ArtifactScraper|Parsing artifact substat: atk+14
2026-09-29 08:03:39.893|DEBUG|ArtifactScraper|Parsing artifact substat: critrate+3.9%
2026-09-29 08:03:39.893|DEBUG|ArtifactScraper|Parsing artifact substat: elementalmastery+23
2026-09-29 08:03:39.893|DEBUG|ArtifactScraper|Parsing artifact substat: hp+5.8%(unactivated)
2026-09-29 08:03:40.143|DEBUG|ArtifactScraper|Parsing artifact substat: atk+19
2026-09-29 08:03:40.143|DEBUG|ArtifactScraper|Parsing artifact substat: def+5.8%
2026-09-29 08:03:40.143|DEBUG|ArtifactScraper|Parsing artifact substat: energyrecharge+6.5%
2026-09-29 08:03:40.143|DEBUG|ArtifactScraper|Parsing artifact substat: atk+5.3%(unactivated)
2026-09-29 08:03:40.178|DEBUG|ArtifactScraper|Parsing artifact substat: hp+299
2026-09-29 08:03:40.178|DEBUG|ArtifactScraper|Parsing artifact substat: hp+5.3%
2026-09-29 08:03:40.178|DEBUG|ArtifactScraper|Parsing artifact substat: atk+18
2026-09-29 08:03:40.178|DEBUG|ArtifactScraper|Parsing artifact substat: def+5.8%(unactivated)
2026-09-29 08:03:40.191|DEBUG|ArtifactScraper|Finished queuing page of artifacts. Scrolling...
2026-09-29 08:03:40.498|DEBUG|ArtifactScraper|Parsing artifact substat: critdmg+6.2%
2026-09-29 08:03:40.498|DEBUG|ArtifactScraper|Parsing artifact substat: def+5.1%
2026-09-29 08:03:40.498|DEBUG|ArtifactScraper|Parsing artifact substat: hp+5.8%
2026-09-29 08:03:40.498|DEBUG|ArtifactScraper|Parsing artifact substat: atk+14(unactivated)
2026-09-29 08:03:40.522|DEBUG|ArtifactScraper|Parsing artifact substat: critrate+2.7%
2026-09-29 08:03:40.522|DEBUG|ArtifactScraper|Parsing artifact substat: energyrecharge+6.5%
2026-09-29 08:03:40.522|DEBUG|ArtifactScraper|Parsing artifact substat: atk+19
2026-09-29 08:03:40.522|DEBUG|ArtifactScraper|Parsing artifact substat: hp+5.3%(unactivated)
2026-09-29 08:03:40.788|DEBUG|ArtifactScraper|Scrolled back one
2026-09-29 08:03:42.422|DEBUG|ArtifactScraper|Scanning artifact page 61
2026-09-29 08:03:42.422|DEBUG|ArtifactScraper|Located 32 possible item locations on page.
2026-09-29 08:03:42.823|DEBUG|ArtifactScraper|Parsing artifact substat: atk+14
2026-09-29 08:03:42.823|DEBUG|ArtifactScraper|Parsing artifact substat: critrate+3.9%
2026-09-29 08:03:42.823|DEBUG|ArtifactScraper|Parsing artifact substat: elementalmastery+19
2026-09-29 08:03:42.823|DEBUG|ArtifactScraper|Parsing artifact substat: def+19
2026-09-29 08:03:43.179|DEBUG|ArtifactScraper|Parsing artifact substat: def+19
2026-09-29 08:03:43.179|DEBUG|ArtifactScraper|Parsing artifact substat: hp+239
2026-09-29 08:03:43.179|DEBUG|ArtifactScraper|Parsing artifact substat: elementalmastery+19
2026-09-29 08:03:43.179|DEBUG|ArtifactScraper|Parsing artifact substat: energyrecharge+4.5%
2026-09-29 08:03:43.269|DEBUG|ArtifactScraper|Parsing artifact substat: atk+4.7%
2026-09-29 08:03:43.269|DEBUG|ArtifactScraper|Parsing artifact substat: energyrecharge+4.5%
2026-09-29 08:03:43.269|DEBUG|ArtifactScraper|Parsing artifact substat: hp+209
2026-09-29 08:03:43.269|DEBUG|ArtifactScraper|Parsing artifact substat: critdmg+6.2%(unactivated)
2026-09-29 08:03:43.500|DEBUG|ArtifactScraper|Parsing artifact substat: energyrecharge+6.5%
2026-09-29 08:03:43.500|DEBUG|ArtifactScraper|Parsing artifact substat: hp+269
2026-09-29 08:03:43.500|DEBUG|ArtifactScraper|Parsing artifact substat: atk+18
2026-09-29 08:03:43.500|DEBUG|ArtifactScraper|Parsing artifact substat: hp+5.3%(unactivated)
2026-09-29 08:03:43.693|DEBUG|ArtifactScraper|Parsing artifact substat: energyrecharge+4.5%
2026-09-29 08:03:43.693|DEBUG|ArtifactScraper|Parsing artifact substat: hp+5.8%
2026-09-29 08:03:43.693|DEBUG|ArtifactScraper|Parsing artifact substat: critdmg+7.0%
2026-09-29 08:03:43.693|DEBUG|ArtifactScraper|Parsing artifact substat: def+19(unactivated)
2026-09-29 08:03:43.810|DEBUG|ArtifactScraper|Parsing artifact substat: atk+16
2026-09-29 08:03:43.810|DEBUG|ArtifactScraper|Parsing artifact substat: hp+5.3%
2026-09-29 08:03:43.810|DEBUG|ArtifactScraper|Parsing artifact substat: critrate+3.1%
2026-09-29 08:03:43.810|DEBUG|ArtifactScraper|Parsing artifact substat: hp+269(unactivated)
2026-09-29 08:03:44.084|DEBUG|ArtifactScraper|Parsing artifact substat: hp+4.1%
2026-09-29 08:03:44.084|DEBUG|ArtifactScraper|Parsing artifact substat: hp+269
2026-09-29 08:03:44.084|DEBUG|ArtifactScraper|Parsing artifact substat: critdmg+5.4%
2026-09-29 08:03:44.084|DEBUG|ArtifactScraper|Parsing artifact substat: def+21(unactivated)
2026-09-29 08:03:44.141|DEBUG|ArtifactScraper|Parsing artifact substat: critrate+2.7%
2026-09-29 08:03:44.141|DEBUG|ArtifactScraper|Parsing artifact substat: hp+4.1%
2026-09-29 08:03:44.141|DEBUG|ArtifactScraper|Parsing artifact substat: energyrecharge+6.5%
2026-09-29 08:03:44.141|DEBUG|ArtifactScraper|Parsing artifact substat: atk+18
2026-09-29 08:03:44.444|DEBUG|ArtifactScraper|Parsing artifact substat: def+19
2026-09-29 08:03:44.444|DEBUG|ArtifactScraper|Parsing artifact substat: critrate+2.7%
2026-09-29 08:03:44.444|DEBUG|ArtifactScraper|Parsing artifact substat: hp+239
2026-09-29 08:03:44.444|DEBUG|ArtifactScraper|Parsing artifact substat: atk+18
2026-09-29 08:03:44.460|DEBUG|ArtifactScraper|Parsing artifact substat: critdmg+6.2%
2026-09-29 08:03:44.460|DEBUG|ArtifactScraper|Parsing artifact substat: critrate+3.9%
2026-09-29 08:03:44.460|DEBUG|ArtifactScraper|Parsing artifact substat: atk+18
2026-09-29 08:03:44.460|DEBUG|ArtifactScraper|Parsing artifact substat: hp+209(unactivated)
2026-09-29 08:03:44.821|DEBUG|ArtifactScraper|Parsing artifact substat: atk+12
2026-09-29 08:03:44.821|DEBUG|ArtifactScraper|Parsing artifact substat: def+19
2026-09-29 08:03:44.845|DEBUG|ArtifactScraper|Parsing artifact substat: def+15
2026-09-29 08:03:44.845|DEBUG|ArtifactScraper|Parsing artifact substat: def+5.8%
2026-09-29 08:03:45.107|DEBUG|ArtifactScraper|Parsing artifact substat: critdmg+4.4%
2026-09-29 08:03:45.107|DEBUG|ArtifactScraper|Parsing artifact substat: hp+3.7%
2026-09-29 08:03:45.217|DEBUG|ArtifactScraper|Parsing artifact substat: hp+215
2026-09-29 08:03:45.217|DEBUG|ArtifactScraper|Parsing artifact substat: critrate+3.1%
2026-09-29 08:03:45.535|DEBUG|ArtifactScraper|Parsing artifact substat: def+4.1%
2026-09-29 08:03:45.535|DEBUG|ArtifactScraper|Parsing artifact substat: atk+11
2026-09-29 08:03:45.535|DEBUG|ArtifactScraper|Parsing artifact substat: def+15
2026-09-29 08:03:45.535|DEBUG|ArtifactScraper|Parsing artifact substat: elementalmastery+19
2026-09-29 08:03:45.874|DEBUG|ArtifactScraper|Parsing artifact substat: def+17
2026-09-29 08:03:45.874|DEBUG|ArtifactScraper|Parsing artifact substat: hp+215
2026-09-29 08:03:45.976|DEBUG|ArtifactScraper|Parsing artifact substat: critrate+3.1%
2026-09-29 08:03:45.976|DEBUG|ArtifactScraper|Parsing artifact substat: energyrecharge+5.2%
2026-09-29 08:03:46.241|DEBUG|ArtifactScraper|Parsing artifact substat: hp+215
2026-09-29 08:03:46.241|DEBUG|ArtifactScraper|Parsing artifact substat: def+5.8%
2026-09-29 08:03:46.338|DEBUG|ArtifactScraper|Parsing artifact substat: critrate+2.5%
2026-09-29 08:03:46.338|DEBUG|ArtifactScraper|Parsing artifact substat: atk+4.7%
2026-09-29 08:03:46.406|DEBUG|ArtifactScraper|Parsing artifact substat: def+13
2026-09-29 08:03:46.406|DEBUG|ArtifactScraper|Parsing artifact substat: hp+191
2026-09-29 08:03:46.650|DEBUG|ArtifactScraper|Parsing artifact substat: critrate+2.8%
2026-09-29 08:03:46.650|DEBUG|ArtifactScraper|Parsing artifact substat: critdmg+5.0%
2026-09-29 08:03:46.650|DEBUG|ArtifactScraper|Parsing artifact substat: hp+3.3%
2026-09-29 08:03:46.745|DEBUG|ArtifactScraper|Parsing artifact substat: atk+2.8%
2026-09-29 08:03:47.023|DEBUG|ArtifactScraper|Parsing artifact substat: def+3.5%
2026-09-29 08:03:47.023|DEBUG|ArtifactScraper|Parsing artifact substat: def+10
2026-09-29 08:03:47.051|DEBUG|ArtifactScraper|Parsing artifact substat: def+11
2026-09-29 08:03:47.381|DEBUG|ArtifactScraper|Parsing artifact substat: elementalmastery+14
2026-09-29 08:03:47.381|DEBUG|ArtifactScraper|Parsing artifact substat: hp+115
2026-09-29 08:03:47.381|DEBUG|ArtifactScraper|Parsing artifact substat: atk+2.8%
2026-09-29 08:03:47.701|DEBUG|ArtifactScraper|Parsing artifact substat: energyrecharge+2.7%
2026-09-29 08:03:47.760|DEBUG|ArtifactScraper|Parsing artifact substat: hp+129
2026-09-29 08:03:47.760|DEBUG|ArtifactScraper|Parsing artifact substat: def+9
2026-09-29 08:03:47.859|DEBUG|ArtifactScraper|Finished queuing page of artifacts. Scrolling...
2026-09-29 08:03:48.037|DEBUG|ArtifactScraper|Parsing artifact substat: critrate+2.3%
2026-09-29 08:03:48.100|DEBUG|ArtifactScraper|Parsing artifact substat: hp+129
2026-09-29 08:03:48.365|DEBUG|ArtifactScraper|Parsing artifact substat: def+8
2026-09-29 08:03:50.039|DEBUG|ArtifactScraper|Scanning artifact page 62
2026-09-29 08:03:50.039|DEBUG|ArtifactScraper|Located 32 possible item locations on page.
2026-09-29 08:03:50.454|DEBUG|ArtifactScraper|Parsing artifact substat: def+3.9%
2026-09-29 08:03:50.650|DEBUG|ArtifactScraper|Parsing artifact substat: def+3.1%
2026-09-29 08:03:50.650|DEBUG|ArtifactScraper|Parsing artifact substat: atk+3.2%
2026-09-29 08:03:51.008|DEBUG|ArtifactScraper|Parsing artifact substat: def+3.9%
2026-09-29 08:03:51.043|DEBUG|ArtifactScraper|Parsing artifact substat: critdmg+3.3%
2026-09-29 08:03:51.355|DEBUG|ArtifactScraper|Parsing artifact substat: def+11
2026-09-29 08:03:51.355|DEBUG|ArtifactScraper|Parsing artifact substat: critrate+2.1%
2026-09-29 08:03:51.420|DEBUG|ArtifactScraper|Parsing artifact substat: elementalmastery+11
2026-09-29 08:03:51.420|DEBUG|ArtifactScraper|Parsing artifact substat: critrate+2.1%
2026-09-29 08:03:51.750|DEBUG|ArtifactScraper|Parsing artifact substat: critrate+2.1%
2026-09-29 08:03:51.758|DEBUG|ArtifactScraper|Parsing artifact substat: atk+2.8%
2026-09-29 08:03:51.758|DEBUG|ArtifactScraper|Parsing artifact substat: def+8
2026-09-29 08:03:52.081|DEBUG|ArtifactScraper|Parsing artifact substat: def+8
2026-09-29 08:03:52.081|DEBUG|ArtifactScraper|Parsing artifact substat: elementalmastery+13
2026-09-29 08:03:52.178|DEBUG|ArtifactScraper|Parsing artifact substat: hp+3.2%
2026-09-29 08:03:52.451|DEBUG|ArtifactScraper|Parsing artifact substat: def+4.4%
2026-09-29 08:03:52.502|DEBUG|ArtifactScraper|Parsing artifact substat: hp+2.5%
2026-09-29 08:03:52.590|INFO|ArtifactScraper|Stopping artifact scan based on scans queued (1967 of 1967)
2026-09-29 08:03:54.597|INFO|InventoryKamera|Done scanning artifacts
2026-09-29 08:03:54.754|DEBUG|InventoryKamera|Thread 9 exit
2026-09-29 08:03:54.800|DEBUG|InventoryKamera|Thread 10 exit
2026-09-29 08:03:54.831|DEBUG|InventoryKamera|Thread 3 exit
2026-09-29 08:03:54.831|INFO|InventoryKamera|Scanning character development materials...
2026-09-29 08:03:57.906|DEBUG|MaterialScraper|Scanned mora input: System.Collections.Generic.List`1[System.String]
2026-09-29 08:03:57.906|DEBUG|MaterialScraper|Parsed mora input: 153
2026-09-29 08:03:59.391|DEBUG|MaterialScraper|Scanning material page 1
2026-09-29 08:03:59.391|DEBUG|MaterialScraper|Located 40 possible item locations on page.
2026-09-29 08:04:06.567|DEBUG|MaterialScraper|Scanned: F/ -> Regex:  -> Parsed: 0
2026-09-29 08:04:10.173|DEBUG|MaterialScraper|Scanned: Fxx1 -> Regex: 1 -> Parsed: 1
2026-09-29 08:04:10.538|DEBUG|MaterialScraper|Scanned: KZ] -> Regex:  -> Parsed: 0
2026-09-29 08:04:11.245|DEBUG|MaterialScraper|Finished page of materials. Scrolling...
2026-09-29 08:04:13.822|DEBUG|MaterialScraper|Scanning material page 2
2026-09-29 08:04:13.822|DEBUG|MaterialScraper|Located 40 possible item locations on page.
2026-09-29 08:04:14.746|DEBUG|MaterialScraper|Scanned: [3 -> Regex: 3 -> Parsed: 3
2026-09-29 08:04:14.754|DEBUG|MaterialScraper|Scanned: [1:1 -> Regex: 11 -> Parsed: 11
2026-09-29 08:04:14.754|DEBUG|MaterialScraper|Scanned: 4:1 -> Regex: 41 -> Parsed: 41
2026-09-29 08:04:14.777|DEBUG|MaterialScraper|Scanned: 68 | -> Regex: 68 -> Parsed: 68
2026-09-29 08:04:14.798|DEBUG|MaterialScraper|Scanned: J 68 J -> Regex: 68 -> Parsed: 68
2026-09-29 08:04:14.801|DEBUG|MaterialScraper|White-text fallback scanned:  -> 
2026-09-29 08:04:14.816|DEBUG|MaterialScraper|White-text fallback scanned: fc: -> 
2026-09-29 08:04:14.846|DEBUG|MaterialScraper|White-text fallback scanned: TCC -> 
2026-09-29 08:04:14.853|DEBUG|MaterialScraper|White-text fallback scanned:  -> 
2026-09-29 08:04:16.723|DEBUG|MaterialScraper|Scanned: 2] -> Regex: 2 -> Parsed: 2
2026-09-29 08:04:17.506|DEBUG|MaterialScraper|Scanned: \:174 -> Regex: 174 -> Parsed: 174
2026-09-29 08:04:17.888|DEBUG|MaterialScraper|Scanned: pz4 -> Regex: 4 -> Parsed: 4
2026-09-29 08:04:18.268|DEBUG|MaterialScraper|Scanned: 1] -> Regex: 1 -> Parsed: 1
2026-09-29 08:04:19.783|DEBUG|MaterialScraper|Scanned: k15:] -> Regex: 15 -> Parsed: 15
2026-09-29 08:04:19.783|DEBUG|MaterialScraper|Scanned: 1-1 -> Regex: 11 -> Parsed: 11
2026-09-29 08:04:22.457|DEBUG|MaterialScraper|Scanned: 1] -> Regex: 1 -> Parsed: 1
2026-09-29 08:04:26.217|DEBUG|MaterialScraper|Finished page of materials. Scrolling...
2026-09-29 08:04:28.403|DEBUG|MaterialScraper|Scanning material page 3
2026-09-29 08:04:28.403|DEBUG|MaterialScraper|Located 40 possible item locations on page.
2026-09-29 08:04:28.571|DEBUG|MaterialScraper|Scanned: F/ -> Regex:  -> Parsed: 0
2026-09-29 08:04:29.291|DEBUG|MaterialScraper|Scanned: 117] -> Regex: 117 -> Parsed: 117
2026-09-29 08:04:30.419|DEBUG|MaterialScraper|Scanned: pLk1 -> Regex: 1 -> Parsed: 1
2026-09-29 08:04:30.426|DEBUG|MaterialScraper|Scanned: p12: x1 -> Regex: 121 -> Parsed: 121
2026-09-29 08:04:31.847|DEBUG|MaterialScraper|Scanned: 7] -> Regex: 7 -> Parsed: 7
2026-09-29 08:04:32.213|DEBUG|MaterialScraper|Scanned: 1:14] -> Regex: 114 -> Parsed: 114
2026-09-29 08:04:32.213|DEBUG|MaterialScraper|Scanned: 211] -> Regex: 211 -> Parsed: 211
2026-09-29 08:04:32.224|DEBUG|MaterialScraper|Scanned: 11] -> Regex: 11 -> Parsed: 11
2026-09-29 08:04:32.224|DEBUG|MaterialScraper|Scanned: F211) -> Regex: 211 -> Parsed: 211
2026-09-29 08:04:32.612|DEBUG|MaterialScraper|Scanned: Vax] -> Regex:  -> Parsed: 0
2026-09-29 08:04:37.182|DEBUG|MaterialScraper|Scanned: 1%] -> Regex: 1 -> Parsed: 1
2026-09-29 08:04:37.182|DEBUG|MaterialScraper|Scanned: [%] -> Regex:  -> Parsed: 0
2026-09-29 08:04:37.898|DEBUG|MaterialScraper|Scanned: F:Y1] -> Regex: 1 -> Parsed: 1
2026-09-29 08:04:37.898|DEBUG|MaterialScraper|Scanned: 1.711] -> Regex: 1711 -> Parsed: 1711
2026-09-29 08:04:39.726|DEBUG|MaterialScraper|Scanned: [1] -> Regex: 1 -> Parsed: 1
2026-09-29 08:04:39.726|DEBUG|MaterialScraper|Scanned: [1] -> Regex: 1 -> Parsed: 1
2026-09-29 08:04:39.726|DEBUG|MaterialScraper|Scanned: [1 -> Regex: 1 -> Parsed: 1
2026-09-29 08:04:39.741|DEBUG|MaterialScraper|Scanned: 4] -> Regex: 4 -> Parsed: 4
2026-09-29 08:04:39.741|DEBUG|MaterialScraper|Scanned: 4) -> Regex: 4 -> Parsed: 4
2026-09-29 08:04:39.760|DEBUG|MaterialScraper|White-text fallback scanned: a -> 
2026-09-29 08:04:39.769|DEBUG|MaterialScraper|White-text fallback scanned: "gE -> 
2026-09-29 08:04:39.769|DEBUG|MaterialScraper|White-text fallback scanned:  -> 
2026-09-29 08:04:39.769|DEBUG|MaterialScraper|White-text fallback scanned:  -> 
2026-09-29 08:04:40.112|DEBUG|MaterialScraper|Finished page of materials. Scrolling...
2026-09-29 08:04:42.527|DEBUG|MaterialScraper|Scanning material page 4
2026-09-29 08:04:42.527|DEBUG|MaterialScraper|Located 40 possible item locations on page.
2026-09-29 08:04:44.615|DEBUG|MaterialScraper|Scanned: rz -> Regex:  -> Parsed: 0
2026-09-29 08:04:44.615|DEBUG|MaterialScraper|Scanned: rz’ -> Regex:  -> Parsed: 0
2026-09-29 08:04:47.605|DEBUG|MaterialScraper|Scanned: J -> Regex:  -> Parsed: 0
2026-09-29 08:04:47.605|DEBUG|MaterialScraper|Scanned: 2] -> Regex: 2 -> Parsed: 2
2026-09-29 08:04:51.380|DEBUG|MaterialScraper|Scanned: 2] -> Regex: 2 -> Parsed: 2
2026-09-29 08:04:54.776|DEBUG|MaterialScraper|Finished page of materials. Scrolling...
2026-09-29 08:04:57.211|DEBUG|MaterialScraper|Scanning material page 5
2026-09-29 08:04:57.211|DEBUG|MaterialScraper|Located 40 possible item locations on page.
2026-09-29 08:04:58.076|DEBUG|MaterialScraper|Scanned: p44 -> Regex: 44 -> Parsed: 44
2026-09-29 08:05:03.742|DEBUG|MaterialScraper|Scanned: pz4 -> Regex: 4 -> Parsed: 4
2026-09-29 08:05:05.903|DEBUG|MaterialScraper|Scanned: pz4 -> Regex: 4 -> Parsed: 4
2026-09-29 08:05:07.699|DEBUG|MaterialScraper|Scanned: IZ4 -> Regex: 4 -> Parsed: 4
2026-09-29 08:05:08.769|DEBUG|MaterialScraper|Finished page of materials. Scrolling...
2026-09-29 08:05:10.973|DEBUG|MaterialScraper|Scanning material page 6
2026-09-29 08:05:10.973|DEBUG|MaterialScraper|Located 40 possible item locations on page.
2026-09-29 08:05:12.659|DEBUG|MaterialScraper|Scanned: EI -> Regex:  -> Parsed: 0
2026-09-29 08:05:12.659|DEBUG|MaterialScraper|Scanned: IEE -> Regex:  -> Parsed: 0
2026-09-29 08:05:19.521|DEBUG|MaterialScraper|Scanned: 1 2 -> Regex: 12 -> Parsed: 12
2026-09-29 08:05:19.521|DEBUG|MaterialScraper|Scanned: I ] -> Regex:  -> Parsed: 0
2026-09-29 08:05:19.545|DEBUG|MaterialScraper|Scanned: I 2 -> Regex: 2 -> Parsed: 2
2026-09-29 08:05:19.557|DEBUG|MaterialScraper|Scanned: I 2 -> Regex: 2 -> Parsed: 2
2026-09-29 08:05:19.573|DEBUG|MaterialScraper|Scanned: I 2 -> Regex: 2 -> Parsed: 2
2026-09-29 08:05:19.586|DEBUG|MaterialScraper|White-text fallback scanned: 1 -> 1
2026-09-29 08:05:23.270|DEBUG|MaterialScraper|Finished page of materials. Scrolling...
2026-09-29 08:05:25.901|DEBUG|MaterialScraper|Scanning material page 7
2026-09-29 08:05:25.901|DEBUG|MaterialScraper|Located 40 possible item locations on page.
2026-09-29 08:05:26.465|DEBUG|MaterialScraper|Scanned: J -> Regex:  -> Parsed: 0
2026-09-29 08:05:26.465|DEBUG|MaterialScraper|Scanned: VJ -> Regex:  -> Parsed: 0
2026-09-29 08:05:26.845|DEBUG|MaterialScraper|Scanned: J -> Regex:  -> Parsed: 0
2026-09-29 08:05:26.851|DEBUG|MaterialScraper|Scanned: VJ -> Regex:  -> Parsed: 0
2026-09-29 08:05:27.213|DEBUG|MaterialScraper|Scanned: Pz] -> Regex:  -> Parsed: 0
2026-09-29 08:05:27.213|DEBUG|MaterialScraper|Scanned: pz] -> Regex:  -> Parsed: 0
2026-09-29 08:05:27.227|DEBUG|MaterialScraper|Scanned: V4: -> Regex: 4 -> Parsed: 4
2026-09-29 08:05:27.227|DEBUG|MaterialScraper|Scanned: y4:] -> Regex: 4 -> Parsed: 4
2026-09-29 08:05:29.706|DEBUG|MaterialScraper|Scanned: pz 1 -> Regex: 1 -> Parsed: 1
2026-09-29 08:05:29.706|DEBUG|MaterialScraper|Scanned: pz: -> Regex:  -> Parsed: 0
2026-09-29 08:05:29.706|DEBUG|MaterialScraper|Scanned: PZ: -> Regex:  -> Parsed: 0
2026-09-29 08:05:30.071|DEBUG|MaterialScraper|Scanned: J -> Regex:  -> Parsed: 0
2026-09-29 08:05:30.071|DEBUG|MaterialScraper|Scanned: VJ -> Regex:  -> Parsed: 0
2026-09-29 08:05:30.822|DEBUG|MaterialScraper|Scanned: pz 1 -> Regex: 1 -> Parsed: 1
2026-09-29 08:05:30.822|DEBUG|MaterialScraper|Scanned: pz: -> Regex:  -> Parsed: 0
2026-09-29 08:05:30.839|DEBUG|MaterialScraper|Scanned: PZ: -> Regex:  -> Parsed: 0
2026-09-29 08:05:31.635|DEBUG|MaterialScraper|Scanned: 1] -> Regex: 1 -> Parsed: 1
2026-09-29 08:05:31.635|DEBUG|MaterialScraper|Scanned: 1:1 -> Regex: 11 -> Parsed: 11
2026-09-29 08:05:31.646|DEBUG|MaterialScraper|Scanned: 1:1 -> Regex: 11 -> Parsed: 11
2026-09-29 08:05:31.646|DEBUG|MaterialScraper|Scanned: 13] -> Regex: 13 -> Parsed: 13
2026-09-29 08:05:31.662|DEBUG|MaterialScraper|Scanned: 13] -> Regex: 13 -> Parsed: 13
2026-09-29 08:05:31.682|DEBUG|MaterialScraper|White-text fallback scanned: Ec -> 
2026-09-29 08:05:31.703|DEBUG|MaterialScraper|White-text fallback scanned: ig -> 
2026-09-29 08:05:31.731|DEBUG|MaterialScraper|White-text fallback scanned: ici -> 
2026-09-29 08:05:31.754|DEBUG|MaterialScraper|White-text fallback scanned: J El - -> 
2026-09-29 08:05:33.145|DEBUG|MaterialScraper|Scanned: J -> Regex:  -> Parsed: 0
2026-09-29 08:05:33.145|DEBUG|MaterialScraper|Scanned: VJ -> Regex:  -> Parsed: 0
2026-09-29 08:05:33.528|DEBUG|MaterialScraper|Scanned: EK] -> Regex:  -> Parsed: 0
2026-09-29 08:05:33.528|DEBUG|MaterialScraper|Scanned: k] -> Regex:  -> Parsed: 0
2026-09-29 08:05:33.535|DEBUG|MaterialScraper|Scanned: kK] -> Regex:  -> Parsed: 0
2026-09-29 08:05:33.535|DEBUG|MaterialScraper|Scanned: K! -> Regex:  -> Parsed: 0
2026-09-29 08:05:33.549|DEBUG|MaterialScraper|Scanned: K! -> Regex:  -> Parsed: 0
2026-09-29 08:05:33.549|DEBUG|MaterialScraper|White-text fallback scanned:  -> 
2026-09-29 08:05:33.573|DEBUG|MaterialScraper|White-text fallback scanned: — gr” = -> 
2026-09-29 08:05:33.592|DEBUG|MaterialScraper|White-text fallback scanned: —g = -> 
2026-09-29 08:05:33.624|DEBUG|MaterialScraper|White-text fallback scanned: — 4g = -> 4
2026-09-29 08:05:34.741|DEBUG|MaterialScraper|Scanned: EK] -> Regex:  -> Parsed: 0
2026-09-29 08:05:34.741|DEBUG|MaterialScraper|Scanned: k] -> Regex:  -> Parsed: 0
2026-09-29 08:05:34.741|DEBUG|MaterialScraper|Scanned: kK] -> Regex:  -> Parsed: 0
2026-09-29 08:05:34.753|DEBUG|MaterialScraper|Scanned: K! -> Regex:  -> Parsed: 0
2026-09-29 08:05:34.753|DEBUG|MaterialScraper|Scanned: K! -> Regex:  -> Parsed: 0
2026-09-29 08:05:34.753|DEBUG|MaterialScraper|White-text fallback scanned:  -> 
2026-09-29 08:05:34.781|DEBUG|MaterialScraper|White-text fallback scanned: — gr" . -> 
2026-09-29 08:05:34.799|DEBUG|MaterialScraper|White-text fallback scanned: —g = -> 
2026-09-29 08:05:34.826|DEBUG|MaterialScraper|White-text fallback scanned: — 4g = -> 4
2026-09-29 08:05:35.557|DEBUG|MaterialScraper|Scanned: 1:1 -> Regex: 11 -> Parsed: 11
2026-09-29 08:05:35.557|DEBUG|MaterialScraper|Scanned: Jf] -> Regex:  -> Parsed: 0
2026-09-29 08:05:35.566|DEBUG|MaterialScraper|Scanned: 1:1 -> Regex: 11 -> Parsed: 11
2026-09-29 08:05:35.566|DEBUG|MaterialScraper|Scanned: 1: -> Regex: 1 -> Parsed: 1
2026-09-29 08:05:35.566|DEBUG|MaterialScraper|Scanned: 1: -> Regex: 1 -> Parsed: 1
2026-09-29 08:05:35.586|DEBUG|MaterialScraper|White-text fallback scanned: fi” -> 
2026-09-29 08:05:35.605|DEBUG|MaterialScraper|White-text fallback scanned: 0 -> 0
2026-09-29 08:05:35.605|DEBUG|MaterialScraper|White-text fallback scanned:  -> 
2026-09-29 08:05:35.631|DEBUG|MaterialScraper|White-text fallback scanned: J Ty J -> 
2026-09-29 08:05:36.355|DEBUG|MaterialScraper|Scanned: 1%] -> Regex: 1 -> Parsed: 1
2026-09-29 08:05:37.084|DEBUG|MaterialScraper|Scanned: |] -> Regex:  -> Parsed: 0
2026-09-29 08:05:37.433|DEBUG|MaterialScraper|Scanned: |] -> Regex:  -> Parsed: 0
2026-09-29 08:05:38.132|DEBUG|MaterialScraper|Finished page of materials. Scrolling...
2026-09-29 08:05:40.318|DEBUG|MaterialScraper|Scanning material page 8
2026-09-29 08:05:40.318|DEBUG|MaterialScraper|Located 40 possible item locations on page.
2026-09-29 08:05:44.335|DEBUG|MaterialScraper|Scanned: p17] -> Regex: 17 -> Parsed: 17
2026-09-29 08:05:48.586|DEBUG|MaterialScraper|Scanned: I 17 I -> Regex: 17 -> Parsed: 17
2026-09-29 08:05:48.607|DEBUG|MaterialScraper|Scanned: _ 17 __ -> Regex: 17 -> Parsed: 17
2026-09-29 08:05:48.607|DEBUG|MaterialScraper|Scanned:  -> Regex:  -> Parsed: 0
2026-09-29 08:05:48.617|DEBUG|MaterialScraper|Scanned:  -> Regex:  -> Parsed: 0
2026-09-29 08:05:48.617|DEBUG|MaterialScraper|Scanned:  -> Regex:  -> Parsed: 0
2026-09-29 08:05:48.646|DEBUG|MaterialScraper|White-text fallback scanned: _ -> 
2026-09-29 08:05:48.671|DEBUG|MaterialScraper|White-text fallback scanned: _ 17 _ -> 17
2026-09-29 08:05:49.078|DEBUG|MaterialScraper|Scanned: _ 65 -> Regex: 65 -> Parsed: 65
2026-09-29 08:05:52.819|DEBUG|MaterialScraper|Finished page of materials. Scrolling...
2026-09-29 08:05:55.398|DEBUG|MaterialScraper|Scanning material page 9
2026-09-29 08:05:55.398|DEBUG|MaterialScraper|Located 40 possible item locations on page.
2026-09-29 08:06:00.970|DEBUG|MaterialScraper|Scanned: [2] -> Regex: 2 -> Parsed: 2
2026-09-29 08:06:00.975|DEBUG|MaterialScraper|Scanned: [1 -> Regex: 1 -> Parsed: 1
2026-09-29 08:06:00.975|DEBUG|MaterialScraper|Scanned: 4:1 -> Regex: 41 -> Parsed: 41
2026-09-29 08:06:03.607|DEBUG|MaterialScraper|Scanned: I 7 I -> Regex: 7 -> Parsed: 7
2026-09-29 08:06:03.623|DEBUG|MaterialScraper|Scanned: ny 7 _ -> Regex: 7 -> Parsed: 7
2026-09-29 08:06:03.658|DEBUG|MaterialScraper|Scanned: ee 7 -> Regex: 7 -> Parsed: 7
2026-09-29 08:06:03.698|DEBUG|MaterialScraper|Scanned: ——— 7 mm -> Regex: 7 -> Parsed: 7
2026-09-29 08:06:06.355|DEBUG|MaterialScraper|Scanned: J -> Regex:  -> Parsed: 0
2026-09-29 08:06:06.740|DEBUG|MaterialScraper|Scanned: [1 -> Regex: 1 -> Parsed: 1
2026-09-29 08:06:07.487|DEBUG|MaterialScraper|Scanned: 1:1 -> Regex: 11 -> Parsed: 11
2026-09-29 08:06:07.839|DEBUG|MaterialScraper|Finished page of materials. Scrolling...
2026-09-29 08:06:10.436|DEBUG|MaterialScraper|Scanning material page 10
2026-09-29 08:06:10.436|DEBUG|MaterialScraper|Located 40 possible item locations on page.
2026-09-29 08:06:11.395|DEBUG|MaterialScraper|Scanned: pz 1 -> Regex: 1 -> Parsed: 1
2026-09-29 08:06:11.395|DEBUG|MaterialScraper|Scanned: pz: -> Regex:  -> Parsed: 0
2026-09-29 08:06:11.410|DEBUG|MaterialScraper|Scanned: PZ: -> Regex:  -> Parsed: 0
2026-09-29 08:06:12.557|DEBUG|MaterialScraper|Scanned: J -> Regex:  -> Parsed: 0
2026-09-29 08:06:12.557|DEBUG|MaterialScraper|Scanned: VJ -> Regex:  -> Parsed: 0
2026-09-29 08:06:14.517|DEBUG|MaterialScraper|Scanned: 1[] -> Regex: 1 -> Parsed: 1
2026-09-29 08:06:14.522|DEBUG|MaterialScraper|Scanned: \[] -> Regex:  -> Parsed: 0
2026-09-29 08:06:15.333|DEBUG|MaterialScraper|Scanned: Pz] -> Regex:  -> Parsed: 0
2026-09-29 08:06:15.333|DEBUG|MaterialScraper|Scanned: pz] -> Regex:  -> Parsed: 0
2026-09-29 08:06:15.333|DEBUG|MaterialScraper|Scanned:  -> Regex:  -> Parsed: 0
2026-09-29 08:06:15.352|DEBUG|MaterialScraper|Scanned:  -> Regex:  -> Parsed: 0
2026-09-29 08:06:15.352|DEBUG|MaterialScraper|Scanned:  -> Regex:  -> Parsed: 0
2026-09-29 08:06:15.374|DEBUG|MaterialScraper|White-text fallback scanned: ig -> 
2026-09-29 08:06:15.378|DEBUG|MaterialScraper|White-text fallback scanned:  -> 
2026-09-29 08:06:15.378|DEBUG|MaterialScraper|White-text fallback scanned:  -> 
2026-09-29 08:06:15.401|DEBUG|MaterialScraper|White-text fallback scanned: PE] -> 
2026-09-29 08:06:15.401|ERROR|UserInterface|Failed to parse quantity for TeachingsOfKindling
2026-09-29 08:06:16.562|DEBUG|MaterialScraper|Scanned: P]] -> Regex:  -> Parsed: 0
2026-09-29 08:06:16.978|DEBUG|MaterialScraper|Scanned: EK] -> Regex:  -> Parsed: 0
2026-09-29 08:06:16.978|DEBUG|MaterialScraper|Scanned: k] -> Regex:  -> Parsed: 0
2026-09-29 08:06:16.988|DEBUG|MaterialScraper|Scanned: kK] -> Regex:  -> Parsed: 0
2026-09-29 08:06:16.988|DEBUG|MaterialScraper|Scanned: K! -> Regex:  -> Parsed: 0
2026-09-29 08:06:17.007|DEBUG|MaterialScraper|Scanned: K! -> Regex:  -> Parsed: 0
2026-09-29 08:06:17.007|DEBUG|MaterialScraper|White-text fallback scanned:  -> 
2026-09-29 08:06:17.007|DEBUG|MaterialScraper|White-text fallback scanned:  -> 
2026-09-29 08:06:17.045|DEBUG|MaterialScraper|White-text fallback scanned: —g - -> 
2026-09-29 08:06:17.090|DEBUG|MaterialScraper|White-text fallback scanned: — g -> 
2026-09-29 08:06:17.090|ERROR|UserInterface|Failed to parse quantity for PhilosophiesOfMoonlight
2026-09-29 08:06:20.153|DEBUG|MaterialScraper|Scanned: J -> Regex:  -> Parsed: 0
2026-09-29 08:06:20.159|DEBUG|MaterialScraper|Scanned: VJ -> Regex:  -> Parsed: 0
2026-09-29 08:06:20.159|DEBUG|MaterialScraper|Scanned:  -> Regex:  -> Parsed: 0
2026-09-29 08:06:20.159|DEBUG|MaterialScraper|Scanned:  -> Regex:  -> Parsed: 0
2026-09-29 08:06:20.177|DEBUG|MaterialScraper|Scanned:  -> Regex:  -> Parsed: 0
2026-09-29 08:06:20.193|DEBUG|MaterialScraper|White-text fallback scanned: Tg -> 
2026-09-29 08:06:20.213|DEBUG|MaterialScraper|White-text fallback scanned: _ F1 -. -> 1
2026-09-29 08:06:21.350|DEBUG|MaterialScraper|Scanned: E11] -> Regex: 11 -> Parsed: 11
2026-09-29 08:06:21.350|DEBUG|MaterialScraper|Scanned: K11] -> Regex: 11 -> Parsed: 11
2026-09-29 08:06:21.764|DEBUG|MaterialScraper|Scanned: EK] -> Regex:  -> Parsed: 0
2026-09-29 08:06:21.769|DEBUG|MaterialScraper|Scanned: k] -> Regex:  -> Parsed: 0
2026-09-29 08:06:21.769|DEBUG|MaterialScraper|Scanned: kK] -> Regex:  -> Parsed: 0
2026-09-29 08:06:21.785|DEBUG|MaterialScraper|Scanned: K! -> Regex:  -> Parsed: 0
2026-09-29 08:06:21.785|DEBUG|MaterialScraper|Scanned: K! -> Regex:  -> Parsed: 0
2026-09-29 08:06:21.785|DEBUG|MaterialScraper|White-text fallback scanned:  -> 
2026-09-29 08:06:21.802|DEBUG|MaterialScraper|White-text fallback scanned:  -> 
2026-09-29 08:06:21.837|DEBUG|MaterialScraper|White-text fallback scanned: —g - -> 
2026-09-29 08:06:21.873|DEBUG|MaterialScraper|White-text fallback scanned: — g -> 
2026-09-29 08:06:21.873|ERROR|UserInterface|Failed to parse quantity for PhilosophiesOfFortitude
2026-09-29 08:06:23.367|DEBUG|MaterialScraper|Finished page of materials. Scrolling...
2026-09-29 08:06:26.123|DEBUG|MaterialScraper|Scanning material page 11
2026-09-29 08:06:26.123|DEBUG|MaterialScraper|Located 40 possible item locations on page.
2026-09-29 08:06:26.701|DEBUG|MaterialScraper|Scanned: J -> Regex:  -> Parsed: 0
2026-09-29 08:06:26.705|DEBUG|MaterialScraper|Scanned: VJ -> Regex:  -> Parsed: 0
2026-09-29 08:06:26.705|DEBUG|MaterialScraper|Scanned:  -> Regex:  -> Parsed: 0
2026-09-29 08:06:26.705|DEBUG|MaterialScraper|Scanned:  -> Regex:  -> Parsed: 0
2026-09-29 08:06:26.721|DEBUG|MaterialScraper|Scanned:  -> Regex:  -> Parsed: 0
2026-09-29 08:06:26.721|DEBUG|MaterialScraper|White-text fallback scanned: Tg -> 
2026-09-29 08:06:26.754|DEBUG|MaterialScraper|White-text fallback scanned: _ F1 -. -> 1
2026-09-29 08:06:27.099|DEBUG|MaterialScraper|Scanned: 1] -> Regex: 1 -> Parsed: 1
2026-09-29 08:06:27.099|DEBUG|MaterialScraper|Scanned: 1:1 -> Regex: 11 -> Parsed: 11
2026-09-29 08:06:27.099|DEBUG|MaterialScraper|Scanned: 1:1 -> Regex: 11 -> Parsed: 11
2026-09-29 08:06:27.115|DEBUG|MaterialScraper|Scanned: 13] -> Regex: 13 -> Parsed: 13
2026-09-29 08:06:27.115|DEBUG|MaterialScraper|Scanned: 13] -> Regex: 13 -> Parsed: 13
2026-09-29 08:06:27.115|DEBUG|MaterialScraper|White-text fallback scanned:  -> 
2026-09-29 08:06:27.145|DEBUG|MaterialScraper|White-text fallback scanned: cE -> 
2026-09-29 08:06:27.145|DEBUG|MaterialScraper|White-text fallback scanned:  -> 
2026-09-29 08:06:27.190|DEBUG|MaterialScraper|White-text fallback scanned: DS 18 -> 18
2026-09-29 08:06:29.076|DEBUG|MaterialScraper|Scanned: J -> Regex:  -> Parsed: 0
2026-09-29 08:06:29.076|DEBUG|MaterialScraper|Scanned: VJ -> Regex:  -> Parsed: 0
2026-09-29 08:06:29.809|DEBUG|MaterialScraper|Scanned: pit] -> Regex:  -> Parsed: 0
2026-09-29 08:06:29.809|DEBUG|MaterialScraper|Scanned: p41] -> Regex: 41 -> Parsed: 41
2026-09-29 08:06:29.816|DEBUG|MaterialScraper|Scanned:  -> Regex:  -> Parsed: 0
2026-09-29 08:06:29.816|DEBUG|MaterialScraper|Scanned:  -> Regex:  -> Parsed: 0
2026-09-29 08:06:29.816|DEBUG|MaterialScraper|Scanned:  -> Regex:  -> Parsed: 0
2026-09-29 08:06:29.831|DEBUG|MaterialScraper|White-text fallback scanned: Bit -> 
2026-09-29 08:06:29.831|DEBUG|MaterialScraper|White-text fallback scanned: Dl -> 
2026-09-29 08:06:29.852|DEBUG|MaterialScraper|White-text fallback scanned:  -> 
2026-09-29 08:06:29.852|DEBUG|MaterialScraper|White-text fallback scanned:  -> 
2026-09-29 08:06:30.955|DEBUG|MaterialScraper|Scanned: J -> Regex:  -> Parsed: 0
2026-09-29 08:06:30.958|DEBUG|MaterialScraper|Scanned: VJ -> Regex:  -> Parsed: 0
2026-09-29 08:06:31.687|DEBUG|MaterialScraper|Scanned: J -> Regex:  -> Parsed: 0
2026-09-29 08:06:31.695|DEBUG|MaterialScraper|Scanned: ‘2 -> Regex: 2 -> Parsed: 2
2026-09-29 08:06:31.707|DEBUG|MaterialScraper|Scanned: pg -> Regex:  -> Parsed: 0
2026-09-29 08:06:31.723|DEBUG|MaterialScraper|Scanned: pg -> Regex:  -> Parsed: 0
2026-09-29 08:06:31.744|DEBUG|MaterialScraper|Scanned: I’ -> Regex:  -> Parsed: 0
2026-09-29 08:06:31.756|DEBUG|MaterialScraper|White-text fallback scanned: = -> 
2026-09-29 08:06:31.756|DEBUG|MaterialScraper|White-text fallback scanned:  -> 
2026-09-29 08:06:31.785|DEBUG|MaterialScraper|White-text fallback scanned: _— gy -> 
2026-09-29 08:06:31.835|DEBUG|MaterialScraper|White-text fallback scanned: — 2 i" -> 2
2026-09-29 08:06:32.619|DEBUG|MaterialScraper|Scanned: J -> Regex:  -> Parsed: 0
2026-09-29 08:06:32.619|DEBUG|MaterialScraper|Scanned: VJ -> Regex:  -> Parsed: 0
2026-09-29 08:06:32.999|DEBUG|MaterialScraper|Scanned: EK] -> Regex:  -> Parsed: 0
2026-09-29 08:06:33.005|DEBUG|MaterialScraper|Scanned: k] -> Regex:  -> Parsed: 0
2026-09-29 08:06:33.005|DEBUG|MaterialScraper|Scanned: kK] -> Regex:  -> Parsed: 0
2026-09-29 08:06:33.005|DEBUG|MaterialScraper|Scanned: K! -> Regex:  -> Parsed: 0
2026-09-29 08:06:33.023|DEBUG|MaterialScraper|Scanned: K! -> Regex:  -> Parsed: 0
2026-09-29 08:06:33.023|DEBUG|MaterialScraper|White-text fallback scanned:  -> 
2026-09-29 08:06:33.023|DEBUG|MaterialScraper|White-text fallback scanned:  -> 
2026-09-29 08:06:33.051|DEBUG|MaterialScraper|White-text fallback scanned: —g - -> 
2026-09-29 08:06:33.085|DEBUG|MaterialScraper|White-text fallback scanned: — g -> 
2026-09-29 08:06:33.085|ERROR|UserInterface|Failed to parse quantity for MistVeiledGoldElixir
2026-09-29 08:06:33.797|DEBUG|MaterialScraper|Scanned: 1] -> Regex: 1 -> Parsed: 1
2026-09-29 08:06:33.800|DEBUG|MaterialScraper|Scanned: 1:1 -> Regex: 11 -> Parsed: 11
2026-09-29 08:06:34.163|DEBUG|MaterialScraper|Scanned: EK] -> Regex:  -> Parsed: 0
2026-09-29 08:06:34.163|DEBUG|MaterialScraper|Scanned: k] -> Regex:  -> Parsed: 0
2026-09-29 08:06:34.163|DEBUG|MaterialScraper|Scanned: kK] -> Regex:  -> Parsed: 0
2026-09-29 08:06:34.174|DEBUG|MaterialScraper|Scanned: K! -> Regex:  -> Parsed: 0
2026-09-29 08:06:34.174|DEBUG|MaterialScraper|Scanned: K! -> Regex:  -> Parsed: 0
2026-09-29 08:06:34.174|DEBUG|MaterialScraper|White-text fallback scanned:  -> 
2026-09-29 08:06:34.174|DEBUG|MaterialScraper|White-text fallback scanned:  -> 
2026-09-29 08:06:34.207|DEBUG|MaterialScraper|White-text fallback scanned: —g - -> 
2026-09-29 08:06:34.233|DEBUG|MaterialScraper|White-text fallback scanned: — g -> 
2026-09-29 08:06:34.233|ERROR|UserInterface|Failed to parse quantity for BitOfAerosiderite
2026-09-29 08:06:35.659|DEBUG|MaterialScraper|Scanned: pit] -> Regex:  -> Parsed: 0
2026-09-29 08:06:37.487|DEBUG|MaterialScraper|Scanned: 11] -> Regex: 11 -> Parsed: 11
2026-09-29 08:06:38.218|DEBUG|MaterialScraper|Scanned: '1/ -> Regex: 1 -> Parsed: 1
2026-09-29 08:06:38.548|DEBUG|MaterialScraper|Finished page of materials. Scrolling...
2026-09-29 08:06:40.758|DEBUG|MaterialScraper|Scanning material page 12
2026-09-29 08:06:40.758|DEBUG|MaterialScraper|Located 40 possible item locations on page.
2026-09-29 08:06:41.310|DEBUG|MaterialScraper|Scanned: [4 -> Regex: 4 -> Parsed: 4
2026-09-29 08:06:41.315|DEBUG|MaterialScraper|Scanned: [J -> Regex:  -> Parsed: 0
2026-09-29 08:06:41.674|DEBUG|MaterialScraper|Scanned: F/ -> Regex:  -> Parsed: 0
2026-09-29 08:06:53.337|DEBUG|MaterialScraper|Finished page of materials. Scrolling...
2026-09-29 08:06:56.083|DEBUG|MaterialScraper|Scanning material page 13
2026-09-29 08:06:56.083|DEBUG|MaterialScraper|Located 32 possible item locations on page.
2026-09-29 08:06:56.273|DEBUG|MaterialScraper|Repeat material found. Scrolling until end
2026-09-29 08:07:00.369|DEBUG|MaterialScraper|Last material scanned, TheFrostEmperorsLament.
2026-09-29 08:07:02.386|INFO|InventoryKamera|Done scanning character development materials
2026-09-29 08:07:02.386|INFO|InventoryKamera|Scanning materials...
2026-09-29 08:07:06.778|DEBUG|MaterialScraper|Scanning material page 1
2026-09-29 08:07:06.778|DEBUG|MaterialScraper|Located 40 possible item locations on page.
2026-09-29 08:07:06.940|DEBUG|MaterialScraper|Scanned: J -> Regex:  -> Parsed: 0
2026-09-29 08:07:12.210|DEBUG|MaterialScraper|Scanned: J -> Regex:  -> Parsed: 0
2026-09-29 08:07:14.851|DEBUG|MaterialScraper|Scanned: J -> Regex:  -> Parsed: 0
2026-09-29 08:07:15.601|DEBUG|MaterialScraper|Scanned: 1:1 -> Regex: 11 -> Parsed: 11
2026-09-29 08:07:16.316|DEBUG|MaterialScraper|Scanned: [x] -> Regex:  -> Parsed: 0
2026-09-29 08:07:16.316|DEBUG|MaterialScraper|Scanned: [X] -> Regex:  -> Parsed: 0
2026-09-29 08:07:18.849|DEBUG|MaterialScraper|Finished page of materials. Scrolling...
2026-09-29 08:07:21.504|DEBUG|MaterialScraper|Scanning material page 2
2026-09-29 08:07:21.504|DEBUG|MaterialScraper|Located 40 possible item locations on page.
2026-09-29 08:07:23.181|DEBUG|MaterialScraper|Scanned: E13 -> Regex: 13 -> Parsed: 13
2026-09-29 08:07:24.710|DEBUG|MaterialScraper|Scanned: Ex] -> Regex:  -> Parsed: 0
2026-09-29 08:07:28.065|DEBUG|MaterialScraper|Scanned: Ex] -> Regex:  -> Parsed: 0
2026-09-29 08:07:33.310|DEBUG|MaterialScraper|Finished page of materials. Scrolling...
2026-09-29 08:07:35.573|DEBUG|MaterialScraper|Scanning material page 3
2026-09-29 08:07:35.573|DEBUG|MaterialScraper|Located 40 possible item locations on page.
2026-09-29 08:07:35.778|DEBUG|MaterialScraper|Scanned: [1 -> Regex: 1 -> Parsed: 1
2026-09-29 08:07:42.245|DEBUG|MaterialScraper|Scanned: [X] -> Regex:  -> Parsed: 0
2026-09-29 08:07:42.253|DEBUG|MaterialScraper|Scanned: [2] -> Regex: 2 -> Parsed: 2
2026-09-29 08:07:42.629|DEBUG|MaterialScraper|Scanned: |: -> Regex:  -> Parsed: 0
2026-09-29 08:07:47.025|DEBUG|MaterialScraper|Finished page of materials. Scrolling...
2026-09-29 08:07:49.639|DEBUG|MaterialScraper|Scanning material page 4
2026-09-29 08:07:49.639|DEBUG|MaterialScraper|Located 40 possible item locations on page.
2026-09-29 08:07:53.847|DEBUG|MaterialScraper|Scanned: iz -> Regex:  -> Parsed: 0
2026-09-29 08:07:54.598|DEBUG|MaterialScraper|Scanned: p23 -> Regex: 23 -> Parsed: 23
2026-09-29 08:07:54.598|DEBUG|MaterialScraper|Scanned: pr -> Regex:  -> Parsed: 0
2026-09-29 08:07:57.888|DEBUG|MaterialScraper|Scanned: I 4 -> Regex: 4 -> Parsed: 4
2026-09-29 08:07:57.895|DEBUG|MaterialScraper|Scanned: I 11/4 -> Regex: 114 -> Parsed: 114
2026-09-29 08:07:57.895|DEBUG|MaterialScraper|Scanned: I 112 -> Regex: 112 -> Parsed: 112
2026-09-29 08:07:57.923|DEBUG|MaterialScraper|Scanned: I 114 -> Regex: 114 -> Parsed: 114
2026-09-29 08:07:57.941|DEBUG|MaterialScraper|Scanned: I 112 -> Regex: 112 -> Parsed: 112
2026-09-29 08:07:57.941|DEBUG|MaterialScraper|White-text fallback scanned: 12 -> 12
2026-09-29 08:08:01.424|DEBUG|MaterialScraper|Finished page of materials. Scrolling...
2026-09-29 08:08:03.622|DEBUG|MaterialScraper|Scanning material page 5
2026-09-29 08:08:03.622|DEBUG|MaterialScraper|Located 40 possible item locations on page.
2026-09-29 08:08:07.642|DEBUG|MaterialScraper|Scanned: 1:1 -> Regex: 11 -> Parsed: 11
2026-09-29 08:08:08.671|DEBUG|MaterialScraper|Scanned: pz4 -> Regex: 4 -> Parsed: 4
2026-09-29 08:08:14.855|DEBUG|MaterialScraper|Finished page of materials. Scrolling...
2026-09-29 08:08:17.474|DEBUG|MaterialScraper|Scanning material page 6
2026-09-29 08:08:17.474|DEBUG|MaterialScraper|Located 40 possible item locations on page.
2026-09-29 08:08:17.948|DEBUG|MaterialScraper|Scanned: [11] -> Regex: 11 -> Parsed: 11
2026-09-29 08:08:19.029|DEBUG|MaterialScraper|Scanned: [1d -> Regex: 1 -> Parsed: 1
2026-09-29 08:08:19.034|DEBUG|MaterialScraper|Scanned: [1] -> Regex: 1 -> Parsed: 1
2026-09-29 08:08:26.043|DEBUG|MaterialScraper|Scanned: 19] -> Regex: 19 -> Parsed: 19
2026-09-29 08:08:26.049|DEBUG|MaterialScraper|Scanned: 19] -> Regex: 19 -> Parsed: 19
2026-09-29 08:08:29.208|DEBUG|MaterialScraper|Finished page of materials. Scrolling...
2026-09-29 08:08:31.321|DEBUG|MaterialScraper|Scanning material page 7
2026-09-29 08:08:31.321|DEBUG|MaterialScraper|Located 32 possible item locations on page.
2026-09-29 08:08:33.140|DEBUG|MaterialScraper|Scanned: £Y:] -> Regex:  -> Parsed: 0
2026-09-29 08:08:33.146|DEBUG|MaterialScraper|Scanned: 1/1 -> Regex: 11 -> Parsed: 11
2026-09-29 08:08:34.553|DEBUG|MaterialScraper|Scanned: kx] -> Regex:  -> Parsed: 0
2026-09-29 08:08:34.553|DEBUG|MaterialScraper|Scanned: KK] -> Regex:  -> Parsed: 0
2026-09-29 08:08:35.987|DEBUG|MaterialScraper|Scanned: I 6 I -> Regex: 6 -> Parsed: 6
2026-09-29 08:08:36.004|DEBUG|MaterialScraper|Scanned: — 6 DN -> Regex: 6 -> Parsed: 6
2026-09-29 08:08:36.021|DEBUG|MaterialScraper|Scanned: a 6 HN -> Regex: 6 -> Parsed: 6
2026-09-29 08:08:36.039|DEBUG|MaterialScraper|Scanned: 6 = -> Regex: 6 -> Parsed: 6
2026-09-29 08:08:39.841|DEBUG|MaterialScraper|Finished page of materials. Scrolling...
2026-09-29 08:08:41.977|DEBUG|MaterialScraper|Scanning material page 8
2026-09-29 08:08:41.977|DEBUG|MaterialScraper|Located 32 possible item locations on page.
2026-09-29 08:08:43.524|DEBUG|MaterialScraper|Repeat material found. Scrolling until end
2026-09-29 08:08:47.357|DEBUG|MaterialScraper|Last material scanned, RaimeiAngelfish.
2026-09-29 08:08:49.372|INFO|InventoryKamera|Done scanning materials
2026-09-29 08:08:49.387|INFO|MainForm|Data converted to GOOD
2026-09-29 08:08:49.429|INFO|MainForm|Exported data
2026-09-29 08:08:56.352|INFO|MainForm|Hotkey removed
