2026-09-29 02:15:56.699|INFO|InventoryKamera|Kamera initialized
2026-09-29 02:15:58.214|INFO|GenshinProcesor|Scraper initialized
2026-09-29 02:15:58.287|INFO|MainForm|Inventory Kamera version 1.3.17
2026-09-29 02:15:58.399|INFO|DatabaseManager|Checking for newer game data...
2026-09-29 02:15:58.610|INFO|DatabaseManager|Checking for newer game data...
2026-09-29 02:15:58.963|INFO|MainForm|Game data is up to date (7.1)
2026-09-29 02:15:59.000|INFO|MainForm|Current game data is up to date with data for 7.1
2026-09-29 02:16:30.179|INFO|MainForm|Starting scan
2026-09-29 02:16:30.179|INFO|MainForm|Hotkey registered
2026-09-29 02:16:30.179|INFO|MainForm|Scan settings: 
	Game Version Data:			 7.1
	Weapons:				 True
	Artifacts:				 True
	Characters:				 True
	Dev Items:				 True
	Materials:				 True
	Min Weapon Rarity:		 1
	Min Weapon Level:		 1
	Equip Weapons:			 True
	Min Artifact Rarity:	 1
	Min Artifact Level:		 0
	Equip Artifacts:		 True
	Delay:					 0
2026-09-29 02:16:30.245|DEBUG|Navigation|Checking for GenshinImpact.exe
2026-09-29 02:16:30.263|DEBUG|Navigation|Found GenshinImpact.exe
2026-09-29 02:16:30.263|DEBUG|Navigation|Window location (1600x900): x=160, y=101
2026-09-29 02:16:30.315|INFO|InventoryKamera|Kamera initialized
2026-09-29 02:16:30.315|INFO|MainForm|Resolution: 1600x900
2026-09-29 02:16:33.497|INFO|InventoryKamera|Logging directory reset
2026-09-29 02:16:33.521|DEBUG|InventoryKamera|Added 3 workers
2026-09-29 02:16:33.535|DEBUG|InventoryKamera|Thread #3 priority: Normal
2026-09-29 02:16:33.535|DEBUG|InventoryKamera|Thread #11 priority: Normal
2026-09-29 02:16:33.535|DEBUG|InventoryKamera|Thread #6 priority: Normal
2026-09-29 02:16:34.178|DEBUG|GenshinProcesor|8 Engines restarted
2026-09-29 02:16:34.178|INFO|GenshinProcesor|Internally set traveler custom name to sunshine
2026-09-29 02:16:34.178|INFO|GenshinProcesor|Internally set wanderer custom name to zefiro
2026-09-29 02:16:34.178|INFO|GenshinProcesor|Internally set manekin custom name to bruce
2026-09-29 02:16:34.178|INFO|GenshinProcesor|Internally set manekina custom name to astra
2026-09-29 02:16:34.178|INFO|InventoryKamera|Scanning weapons...
2026-09-29 02:16:39.574|INFO|UserInterface|Parsed 273 weapons to scan
2026-09-29 02:16:39.574|INFO|WeaponScraper|Found 273 for weapon count.
2026-09-29 02:16:39.574|DEBUG|WeaponScraper|Sorting by quality to optimize scan time.
2026-09-29 02:16:39.605|DEBUG|WeaponScraper|Inventory is sorted by quality
2026-09-29 02:16:39.605|DEBUG|WeaponScraper|Scanning weapon page 0
2026-09-29 02:16:39.605|DEBUG|WeaponScraper|Located 40 possible item locations on page.
2026-09-29 02:16:47.313|DEBUG|WeaponScraper|Finished queuing page of weapons. Scrolling...
2026-09-29 02:16:49.989|DEBUG|WeaponScraper|Scanning weapon page 1
2026-09-29 02:16:49.989|DEBUG|WeaponScraper|Located 40 possible item locations on page.
2026-09-29 02:16:56.948|DEBUG|WeaponScraper|Finished queuing page of weapons. Scrolling...
2026-09-29 02:16:59.175|DEBUG|WeaponScraper|Scanning weapon page 2
2026-09-29 02:16:59.175|DEBUG|WeaponScraper|Located 40 possible item locations on page.
2026-09-29 02:17:06.061|DEBUG|WeaponScraper|Finished queuing page of weapons. Scrolling...
2026-09-29 02:17:08.333|DEBUG|WeaponScraper|Scanning weapon page 3
2026-09-29 02:17:08.333|DEBUG|WeaponScraper|Located 40 possible item locations on page.
2026-09-29 02:17:15.443|DEBUG|WeaponScraper|Finished queuing page of weapons. Scrolling...
2026-09-29 02:17:18.044|DEBUG|WeaponScraper|Scanning weapon page 4
2026-09-29 02:17:18.044|DEBUG|WeaponScraper|Located 40 possible item locations on page.
2026-09-29 02:17:25.157|DEBUG|WeaponScraper|Finished queuing page of weapons. Scrolling...
2026-09-29 02:17:27.357|DEBUG|WeaponScraper|Scanning weapon page 5
2026-09-29 02:17:27.357|DEBUG|WeaponScraper|Located 40 possible item locations on page.
2026-09-29 02:17:34.408|DEBUG|WeaponScraper|Finished queuing page of weapons. Scrolling...
2026-09-29 02:17:37.237|DEBUG|WeaponScraper|Scanning weapon page 6
2026-09-29 02:17:37.237|DEBUG|WeaponScraper|Located 40 possible item locations on page.
2026-09-29 02:17:43.625|INFO|WeaponScraper|Stopping weapon scan based on scans queued (273 of 273)
2026-09-29 02:17:45.643|INFO|InventoryKamera|Done scanning weapons
2026-09-29 02:17:45.643|INFO|InventoryKamera|Scanning artifacts...
2026-09-29 02:17:51.200|INFO|UserInterface|Parsed 1967 artifacts to scan
2026-09-29 02:17:51.200|INFO|ArtifactScraper|Found 1967 for artifact count.
2026-09-29 02:17:51.216|DEBUG|ArtifactScraper|Scanning artifact page 1
2026-09-29 02:17:51.216|DEBUG|ArtifactScraper|Located 32 possible item locations on page.
2026-09-29 02:17:51.786|DEBUG|ArtifactScraper|Parsing artifact substat: atk+35
2026-09-29 02:17:51.786|DEBUG|ArtifactScraper|Parsing artifact substat: atk+8.7%
2026-09-29 02:17:51.786|DEBUG|ArtifactScraper|Parsing artifact substat: critrate+8.9%
2026-09-29 02:17:51.786|DEBUG|ArtifactScraper|Parsing artifact substat: def+23
2026-09-29 02:17:52.170|DEBUG|ArtifactScraper|Parsing artifact substat: critdmg+28.8%
2026-09-29 02:17:52.170|DEBUG|ArtifactScraper|Parsing artifact substat: critrate+2.7%
2026-09-29 02:17:52.170|DEBUG|ArtifactScraper|Parsing artifact substat: atk+5.8%
2026-09-29 02:17:52.170|DEBUG|ArtifactScraper|Parsing artifact substat: def+46
2026-09-29 02:17:52.287|DEBUG|ArtifactScraper|Parsing artifact substat: energyrecharge+18.1%
2026-09-29 02:17:52.287|DEBUG|ArtifactScraper|Parsing artifact substat: def+16
2026-09-29 02:17:52.287|DEBUG|ArtifactScraper|Parsing artifact substat: def+14.6%
2026-09-29 02:17:52.287|DEBUG|ArtifactScraper|Parsing artifact substat: hp+657
2026-09-29 02:17:52.625|DEBUG|ArtifactScraper|Parsing artifact substat: hp+299
2026-09-29 02:17:52.625|DEBUG|ArtifactScraper|Parsing artifact substat: hp+4.7%
2026-09-29 02:17:52.625|DEBUG|ArtifactScraper|Parsing artifact substat: atk+45
2026-09-29 02:17:52.625|DEBUG|ArtifactScraper|Parsing artifact substat: def+19.0%
2026-09-29 02:17:52.765|DEBUG|ArtifactScraper|Parsing artifact substat: elementalmastery+19
2026-09-29 02:17:52.765|DEBUG|ArtifactScraper|Parsing artifact substat: critrate+10.9%
2026-09-29 02:17:52.765|DEBUG|ArtifactScraper|Parsing artifact substat: hp+5.3%
2026-09-29 02:17:52.765|DEBUG|ArtifactScraper|Parsing artifact substat: hp+777
2026-09-29 02:17:52.886|DEBUG|ArtifactScraper|Parsing artifact substat: atk+13.4%
2026-09-29 02:17:52.886|DEBUG|ArtifactScraper|Parsing artifact substat: def+49
2026-09-29 02:17:52.886|DEBUG|ArtifactScraper|Parsing artifact substat: critdmg+7.0%
2026-09-29 02:17:52.886|DEBUG|ArtifactScraper|Parsing artifact substat: energyrecharge+5.8%
2026-09-29 02:17:53.167|DEBUG|ArtifactScraper|Parsing artifact substat: critdmg+18.7%
2026-09-29 02:17:53.167|DEBUG|ArtifactScraper|Parsing artifact substat: hp+448
2026-09-29 02:17:53.167|DEBUG|ArtifactScraper|Parsing artifact substat: critrate+3.9%
2026-09-29 02:17:53.167|DEBUG|ArtifactScraper|Parsing artifact substat: atk+9.3%
2026-09-29 02:17:53.320|DEBUG|ArtifactScraper|Parsing artifact substat: def+10.9%
2026-09-29 02:17:53.320|DEBUG|ArtifactScraper|Parsing artifact substat: elementalmastery+23
2026-09-29 02:17:53.320|DEBUG|ArtifactScraper|Parsing artifact substat: hp+21.0%
2026-09-29 02:17:53.320|DEBUG|ArtifactScraper|Parsing artifact substat: def+39
2026-09-29 02:17:53.429|DEBUG|ArtifactScraper|Parsing artifact substat: atk+64
2026-09-29 02:17:53.429|DEBUG|ArtifactScraper|Parsing artifact substat: def+21
2026-09-29 02:17:53.429|DEBUG|ArtifactScraper|Parsing artifact substat: elementalmastery+44
2026-09-29 02:17:53.429|DEBUG|ArtifactScraper|Parsing artifact substat: hp+598
2026-09-29 02:17:53.712|DEBUG|ArtifactScraper|Parsing artifact substat: hp+777
2026-09-29 02:17:53.712|DEBUG|ArtifactScraper|Parsing artifact substat: critdmg+14.0%
2026-09-29 02:17:53.712|DEBUG|ArtifactScraper|Parsing artifact substat: atk+4.1%
2026-09-29 02:17:53.712|DEBUG|ArtifactScraper|Parsing artifact substat: def+13.1%
2026-09-29 02:17:53.908|DEBUG|ArtifactScraper|Parsing artifact substat: hp+11.7%
2026-09-29 02:17:53.908|DEBUG|ArtifactScraper|Parsing artifact substat: elementalmastery+35
2026-09-29 02:17:53.908|DEBUG|ArtifactScraper|Parsing artifact substat: def+13.1%
2026-09-29 02:17:53.908|DEBUG|ArtifactScraper|Parsing artifact substat: def+37
2026-09-29 02:17:53.979|DEBUG|ArtifactScraper|Parsing artifact substat: hp+9.9%
2026-09-29 02:17:53.979|DEBUG|ArtifactScraper|Parsing artifact substat: def+44
2026-09-29 02:17:53.979|DEBUG|ArtifactScraper|Parsing artifact substat: def+20.4%
2026-09-29 02:17:53.979|DEBUG|ArtifactScraper|Parsing artifact substat: elementalmastery+37
2026-09-29 02:17:54.227|DEBUG|ArtifactScraper|Parsing artifact substat: atk+5.3%
2026-09-29 02:17:54.227|DEBUG|ArtifactScraper|Parsing artifact substat: def+60
2026-09-29 02:17:54.227|DEBUG|ArtifactScraper|Parsing artifact substat: hp+14.0%
2026-09-29 02:17:54.227|DEBUG|ArtifactScraper|Parsing artifact substat: energyrecharge+5.2%
2026-09-29 02:17:54.464|DEBUG|ArtifactScraper|Parsing artifact substat: hp+4.1%
2026-09-29 02:17:54.464|DEBUG|ArtifactScraper|Parsing artifact substat: def+39
2026-09-29 02:17:54.464|DEBUG|ArtifactScraper|Parsing artifact substat: energyrecharge+16.8%
2026-09-29 02:17:54.464|DEBUG|ArtifactScraper|Parsing artifact substat: hp+508
2026-09-29 02:17:54.535|DEBUG|ArtifactScraper|Parsing artifact substat: def+37
2026-09-29 02:17:54.535|DEBUG|ArtifactScraper|Parsing artifact substat: hp+866
2026-09-29 02:17:54.535|DEBUG|ArtifactScraper|Parsing artifact substat: energyrecharge+5.2%
2026-09-29 02:17:54.535|DEBUG|ArtifactScraper|Parsing artifact substat: hp+9.9%
2026-09-29 02:17:54.789|DEBUG|ArtifactScraper|Parsing artifact substat: critrate+3.5%
2026-09-29 02:17:54.789|DEBUG|ArtifactScraper|Parsing artifact substat: atk+33
2026-09-29 02:17:54.789|DEBUG|ArtifactScraper|Parsing artifact substat: hp+8.7%
2026-09-29 02:17:54.789|DEBUG|ArtifactScraper|Parsing artifact substat: critdmg+20.2%
2026-09-29 02:17:55.071|DEBUG|ArtifactScraper|Parsing artifact substat: def+16
2026-09-29 02:17:55.071|DEBUG|ArtifactScraper|Parsing artifact substat: atk+15.7%
2026-09-29 02:17:55.071|DEBUG|ArtifactScraper|Parsing artifact substat: energyrecharge+13.0%
2026-09-29 02:17:55.071|DEBUG|ArtifactScraper|Parsing artifact substat: hp+9.9%
2026-09-29 02:17:55.092|DEBUG|ArtifactScraper|Parsing artifact substat: energyrecharge+10.4%
2026-09-29 02:17:55.098|DEBUG|ArtifactScraper|Parsing artifact substat: critdmg+10.9%
2026-09-29 02:17:55.098|DEBUG|ArtifactScraper|Parsing artifact substat: hp+926
2026-09-29 02:17:55.098|DEBUG|ArtifactScraper|Parsing artifact substat: elementalmastery+23
2026-09-29 02:17:55.329|DEBUG|ArtifactScraper|Parsing artifact substat: elementalmastery+37
2026-09-29 02:17:55.329|DEBUG|ArtifactScraper|Parsing artifact substat: atk+54
2026-09-29 02:17:55.329|DEBUG|ArtifactScraper|Parsing artifact substat: def+44
2026-09-29 02:17:55.329|DEBUG|ArtifactScraper|Parsing artifact substat: atk+11.7%
2026-09-29 02:17:55.669|DEBUG|ArtifactScraper|Parsing artifact substat: critrate+5.8%
2026-09-29 02:17:55.669|DEBUG|ArtifactScraper|Parsing artifact substat: atk+12.8%
2026-09-29 02:17:55.669|DEBUG|ArtifactScraper|Parsing artifact substat: atk+33
2026-09-29 02:17:55.669|DEBUG|ArtifactScraper|Parsing artifact substat: def+6.6%
2026-09-29 02:17:55.705|DEBUG|ArtifactScraper|Parsing artifact substat: elementalmastery+23
2026-09-29 02:17:55.705|DEBUG|ArtifactScraper|Parsing artifact substat: hp+19.8%
2026-09-29 02:17:55.705|DEBUG|ArtifactScraper|Parsing artifact substat: hp+598
2026-09-29 02:17:55.705|DEBUG|ArtifactScraper|Parsing artifact substat: atk+5.8%
2026-09-29 02:17:55.941|DEBUG|ArtifactScraper|Parsing artifact substat: hp+299
2026-09-29 02:17:55.941|DEBUG|ArtifactScraper|Parsing artifact substat: critrate+7.0%
2026-09-29 02:17:55.941|DEBUG|ArtifactScraper|Parsing artifact substat: atk+21.0%
2026-09-29 02:17:55.941|DEBUG|ArtifactScraper|Parsing artifact substat: def+23
2026-09-29 02:17:56.415|DEBUG|ArtifactScraper|Parsing artifact substat: critdmg+7.8%
2026-09-29 02:17:56.415|DEBUG|ArtifactScraper|Parsing artifact substat: hp+16.9%
2026-09-29 02:17:56.415|DEBUG|ArtifactScraper|Parsing artifact substat: critrate+3.1%
2026-09-29 02:17:56.415|DEBUG|ArtifactScraper|Parsing artifact substat: atk+14.0%
2026-09-29 02:17:56.415|DEBUG|ArtifactScraper|Parsing artifact substat: energyrecharge+13.0%
2026-09-29 02:17:56.415|DEBUG|ArtifactScraper|Parsing artifact substat: atk+35
2026-09-29 02:17:56.415|DEBUG|ArtifactScraper|Parsing artifact substat: critdmg+14.0%
2026-09-29 02:17:56.415|DEBUG|ArtifactScraper|Parsing artifact substat: hp+9.9%
2026-09-29 02:17:56.590|DEBUG|ArtifactScraper|Parsing artifact substat: elementalmastery+19
2026-09-29 02:17:56.590|DEBUG|ArtifactScraper|Parsing artifact substat: critrate+6.6%
2026-09-29 02:17:56.590|DEBUG|ArtifactScraper|Parsing artifact substat: atk+5.3%
2026-09-29 02:17:56.590|DEBUG|ArtifactScraper|Parsing artifact substat: def+27.0%
2026-09-29 02:17:56.937|DEBUG|ArtifactScraper|Parsing artifact substat: critrate+8.9%
2026-09-29 02:17:56.937|DEBUG|ArtifactScraper|Parsing artifact substat: def+5.8%
2026-09-29 02:17:56.937|DEBUG|ArtifactScraper|Parsing artifact substat: def+42
2026-09-29 02:17:56.938|DEBUG|ArtifactScraper|Parsing artifact substat: atk+35
2026-09-29 02:17:56.968|DEBUG|ArtifactScraper|Parsing artifact substat: hp+747
2026-09-29 02:17:56.969|DEBUG|ArtifactScraper|Parsing artifact substat: def+13.9%
2026-09-29 02:17:56.969|DEBUG|ArtifactScraper|Parsing artifact substat: critdmg+7.8%
2026-09-29 02:17:56.969|DEBUG|ArtifactScraper|Parsing artifact substat: elementalmastery+40
2026-09-29 02:17:57.098|DEBUG|ArtifactScraper|Parsing artifact substat: energyrecharge+14.2%
2026-09-29 02:17:57.098|DEBUG|ArtifactScraper|Parsing artifact substat: atk+10.5%
2026-09-29 02:17:57.098|DEBUG|ArtifactScraper|Parsing artifact substat: atk+18
2026-09-29 02:17:57.098|DEBUG|ArtifactScraper|Parsing artifact substat: def+46
2026-09-29 02:17:57.198|DEBUG|ArtifactScraper|Finished queuing page of artifacts. Scrolling...
2026-09-29 02:17:57.451|DEBUG|ArtifactScraper|Parsing artifact substat: critdmg+5.4%
2026-09-29 02:17:57.451|DEBUG|ArtifactScraper|Parsing artifact substat: atk+51
2026-09-29 02:17:57.451|DEBUG|ArtifactScraper|Parsing artifact substat: def+58
2026-09-29 02:17:57.451|DEBUG|ArtifactScraper|Parsing artifact substat: energyrecharge+10.4%
2026-09-29 02:17:57.533|DEBUG|ArtifactScraper|Parsing artifact substat: critdmg+27.2%
2026-09-29 02:17:57.533|DEBUG|ArtifactScraper|Parsing artifact substat: elementalmastery+23
2026-09-29 02:17:57.533|DEBUG|ArtifactScraper|Parsing artifact substat: critrate+7.4%
2026-09-29 02:17:57.533|DEBUG|ArtifactScraper|Parsing artifact substat: def+5.8%
2026-09-29 02:17:57.647|DEBUG|ArtifactScraper|Parsing artifact substat: atk+14
2026-09-29 02:17:57.647|DEBUG|ArtifactScraper|Parsing artifact substat: atk+5.3%
2026-09-29 02:17:57.647|DEBUG|ArtifactScraper|Parsing artifact substat: hp+687
2026-09-29 02:17:57.647|DEBUG|ArtifactScraper|Parsing artifact substat: critrate+8.6%
2026-09-29 02:17:57.920|DEBUG|ArtifactScraper|Parsing artifact substat: elementalmastery+21
2026-09-29 02:17:57.920|DEBUG|ArtifactScraper|Parsing artifact substat: atk+58
2026-09-29 02:17:57.920|DEBUG|ArtifactScraper|Parsing artifact substat: energyrecharge+11.7%
2026-09-29 02:17:57.920|DEBUG|ArtifactScraper|Parsing artifact substat: def+5.8%
2026-09-29 02:18:00.021|DEBUG|ArtifactScraper|Scanning artifact page 2
2026-09-29 02:18:00.021|DEBUG|ArtifactScraper|Located 32 possible item locations on page.
2026-09-29 02:18:00.565|DEBUG|ArtifactScraper|Parsing artifact substat: def+46
2026-09-29 02:18:00.565|DEBUG|ArtifactScraper|Parsing artifact substat: atk+5.3%
2026-09-29 02:18:00.565|DEBUG|ArtifactScraper|Parsing artifact substat: critdmg+28.8%
2026-09-29 02:18:00.565|DEBUG|ArtifactScraper|Parsing artifact substat: hp+299
2026-09-29 02:18:01.105|DEBUG|ArtifactScraper|Parsing artifact substat: def+32
2026-09-29 02:18:01.105|DEBUG|ArtifactScraper|Parsing artifact substat: energyrecharge+17.5%
2026-09-29 02:18:01.105|DEBUG|ArtifactScraper|Parsing artifact substat: critrate+6.6%
2026-09-29 02:18:01.105|DEBUG|ArtifactScraper|Parsing artifact substat: atk+18
2026-09-29 02:18:01.129|DEBUG|ArtifactScraper|Parsing artifact substat: critrate+2.7%
2026-09-29 02:18:01.129|DEBUG|ArtifactScraper|Parsing artifact substat: energyrecharge+6.5%
2026-09-29 02:18:01.129|DEBUG|ArtifactScraper|Parsing artifact substat: critdmg+20.2%
2026-09-29 02:18:01.129|DEBUG|ArtifactScraper|Parsing artifact substat: atk+16.9%
2026-09-29 02:18:01.333|DEBUG|ArtifactScraper|Parsing artifact substat: atk+4.1%
2026-09-29 02:18:01.333|DEBUG|ArtifactScraper|Parsing artifact substat: hp+10.5%
2026-09-29 02:18:01.333|DEBUG|ArtifactScraper|Parsing artifact substat: atk+54
2026-09-29 02:18:01.333|DEBUG|ArtifactScraper|Parsing artifact substat: elementalmastery+42
2026-09-29 02:18:01.665|DEBUG|ArtifactScraper|Parsing artifact substat: energyrecharge+4.5%
2026-09-29 02:18:01.665|DEBUG|ArtifactScraper|Parsing artifact substat: def+28.4%
2026-09-29 02:18:01.665|DEBUG|ArtifactScraper|Parsing artifact substat: hp+239
2026-09-29 02:18:01.665|DEBUG|ArtifactScraper|Parsing artifact substat: atk+4.7%
2026-09-29 02:18:01.665|DEBUG|ArtifactScraper|Parsing artifact substat: critdmg+12.4%
2026-09-29 02:18:01.665|DEBUG|ArtifactScraper|Parsing artifact substat: critrate+12.4%
2026-09-29 02:18:01.665|DEBUG|ArtifactScraper|Parsing artifact substat: def+11.7%
2026-09-29 02:18:01.665|DEBUG|ArtifactScraper|Parsing artifact substat: hp+269
2026-09-29 02:18:01.839|DEBUG|ArtifactScraper|Parsing artifact substat: critdmg+17.1%
2026-09-29 02:18:01.839|DEBUG|ArtifactScraper|Parsing artifact substat: def+19.0%
2026-09-29 02:18:01.839|DEBUG|ArtifactScraper|Parsing artifact substat: hp+209
2026-09-29 02:18:01.839|DEBUG|ArtifactScraper|Parsing artifact substat: hp+8.7%
2026-09-29 02:18:02.213|DEBUG|ArtifactScraper|Parsing artifact substat: def+21
2026-09-29 02:18:02.213|DEBUG|ArtifactScraper|Parsing artifact substat: atk+16.3%
2026-09-29 02:18:02.213|DEBUG|ArtifactScraper|Parsing artifact substat: atk+33
2026-09-29 02:18:02.213|DEBUG|ArtifactScraper|Parsing artifact substat: hp+10.5%
2026-09-29 02:18:02.256|DEBUG|ArtifactScraper|Parsing artifact substat: def+58
2026-09-29 02:18:02.256|DEBUG|ArtifactScraper|Parsing artifact substat: atk+9.9%
2026-09-29 02:18:02.256|DEBUG|ArtifactScraper|Parsing artifact substat: hp+747
2026-09-29 02:18:02.256|DEBUG|ArtifactScraper|Parsing artifact substat: elementalmastery+23
2026-09-29 02:18:02.371|DEBUG|ArtifactScraper|Parsing artifact substat: critrate+10.1%
2026-09-29 02:18:02.371|DEBUG|ArtifactScraper|Parsing artifact substat: def+42
2026-09-29 02:18:02.371|DEBUG|ArtifactScraper|Parsing artifact substat: energyrecharge+11.0%
2026-09-29 02:18:02.371|DEBUG|ArtifactScraper|Parsing artifact substat: hp+4.7%
2026-09-29 02:18:02.855|DEBUG|ArtifactScraper|Parsing artifact substat: atk+53
2026-09-29 02:18:02.855|DEBUG|ArtifactScraper|Parsing artifact substat: elementalmastery+40
2026-09-29 02:18:02.855|DEBUG|ArtifactScraper|Parsing artifact substat: def+11.7%
2026-09-29 02:18:02.855|DEBUG|ArtifactScraper|Parsing artifact substat: energyrecharge+5.2%
2026-09-29 02:18:02.885|DEBUG|ArtifactScraper|Parsing artifact substat: atk+13.4%
2026-09-29 02:18:02.885|DEBUG|ArtifactScraper|Parsing artifact substat: critdmg+7.8%
2026-09-29 02:18:02.885|DEBUG|ArtifactScraper|Parsing artifact substat: def+19
2026-09-29 02:18:02.914|ERROR|UserInterface|Unable to validate information for artifact ID#43
2026-09-29 02:18:02.914|ERROR|UserInterface|Invalid artifact level
Artifact ID: 43
Slot: circlet
Set: GoldenTroupe
Rarity: 5
Level: 24
Main Stat: critRate_
Substat 1: atk_ + 13,4%
Substat 2: critDMG_ + 7,8%
Substat 3: def + 19
Locked: False
Equipped character: Fischl

2026-09-29 02:18:03.012|DEBUG|ArtifactScraper|Parsing artifact substat: atk+19
2026-09-29 02:18:03.012|DEBUG|ArtifactScraper|Parsing artifact substat: elementalmastery+42
2026-09-29 02:18:03.012|DEBUG|ArtifactScraper|Parsing artifact substat: energyrecharge+17.5%
2026-09-29 02:18:03.012|DEBUG|ArtifactScraper|Parsing artifact substat: atk+10.5%
2026-09-29 02:18:03.524|DEBUG|ArtifactScraper|Parsing artifact substat: hp+9.3%
2026-09-29 02:18:03.524|DEBUG|ArtifactScraper|Parsing artifact substat: elementalmastery+42
2026-09-29 02:18:03.524|DEBUG|ArtifactScraper|Parsing artifact substat: def+17.5%
2026-09-29 02:18:03.524|DEBUG|ArtifactScraper|Parsing artifact substat: def+16
2026-09-29 02:18:03.539|DEBUG|ArtifactScraper|Parsing artifact substat: critrate+7.4%
2026-09-29 02:18:03.539|DEBUG|ArtifactScraper|Parsing artifact substat: atk+33
2026-09-29 02:18:03.539|DEBUG|ArtifactScraper|Parsing artifact substat: energyrecharge+10.4%
2026-09-29 02:18:03.539|DEBUG|ArtifactScraper|Parsing artifact substat: hp+9.9%
2026-09-29 02:18:03.639|DEBUG|ArtifactScraper|Parsing artifact substat: atk+14.0%
2026-09-29 02:18:03.639|DEBUG|ArtifactScraper|Parsing artifact substat: critdmg+14.0%
2026-09-29 02:18:03.639|DEBUG|ArtifactScraper|Parsing artifact substat: def+63
2026-09-29 02:18:03.639|DEBUG|ArtifactScraper|Parsing artifact substat: elementalmastery+19
2026-09-29 02:18:04.041|DEBUG|ArtifactScraper|Parsing artifact substat: energyrecharge+11.7%
2026-09-29 02:18:04.041|DEBUG|ArtifactScraper|Parsing artifact substat: def+39
2026-09-29 02:18:04.041|DEBUG|ArtifactScraper|Parsing artifact substat: hp+538
2026-09-29 02:18:04.041|DEBUG|ArtifactScraper|Parsing artifact substat: hp+9.9%
2026-09-29 02:18:04.074|DEBUG|ArtifactScraper|Parsing artifact substat: hp+986
2026-09-29 02:18:04.074|DEBUG|ArtifactScraper|Parsing artifact substat: def+10.9%
2026-09-29 02:18:04.074|DEBUG|ArtifactScraper|Parsing artifact substat: atk+16
2026-09-29 02:18:04.074|DEBUG|ArtifactScraper|Parsing artifact substat: energyrecharge+4.5%
2026-09-29 02:18:04.123|DEBUG|ArtifactScraper|Parsing artifact substat: atk+29
2026-09-29 02:18:04.123|DEBUG|ArtifactScraper|Parsing artifact substat: def+19
2026-09-29 02:18:04.123|DEBUG|ArtifactScraper|Parsing artifact substat: critrate+13.6%
2026-09-29 02:18:04.123|DEBUG|ArtifactScraper|Parsing artifact substat: hp+239
2026-09-29 02:18:04.659|DEBUG|ArtifactScraper|Parsing artifact substat: def+16
2026-09-29 02:18:04.659|DEBUG|ArtifactScraper|Parsing artifact substat: atk+29
2026-09-29 02:18:04.659|DEBUG|ArtifactScraper|Parsing artifact substat: elementalmastery+63
2026-09-29 02:18:04.659|DEBUG|ArtifactScraper|Parsing artifact substat: critdmg+14.0%
2026-09-29 02:18:04.659|DEBUG|ArtifactScraper|Parsing artifact substat: critrate+7.0%
2026-09-29 02:18:04.659|DEBUG|ArtifactScraper|Parsing artifact substat: def+7.3%
2026-09-29 02:18:04.659|DEBUG|ArtifactScraper|Parsing artifact substat: critdmg+12.4%
2026-09-29 02:18:04.659|DEBUG|ArtifactScraper|Parsing artifact substat: hp+13.4%
2026-09-29 02:18:04.732|DEBUG|ArtifactScraper|Parsing artifact substat: def+60
2026-09-29 02:18:04.732|DEBUG|ArtifactScraper|Parsing artifact substat: critdmg+23.3%
2026-09-29 02:18:04.732|DEBUG|ArtifactScraper|Parsing artifact substat: hp+209
2026-09-29 02:18:04.732|DEBUG|ArtifactScraper|Parsing artifact substat: energyrecharge+5.8%
2026-09-29 02:18:05.218|DEBUG|ArtifactScraper|Parsing artifact substat: critdmg+13.2%
2026-09-29 02:18:05.218|DEBUG|ArtifactScraper|Parsing artifact substat: def+11.7%
2026-09-29 02:18:05.218|DEBUG|ArtifactScraper|Parsing artifact substat: def+23
2026-09-29 02:18:05.218|DEBUG|ArtifactScraper|Parsing artifact substat: hp+14.6%
2026-09-29 02:18:05.218|DEBUG|ArtifactScraper|Parsing artifact substat: elementalmastery+37
2026-09-29 02:18:05.218|DEBUG|ArtifactScraper|Parsing artifact substat: def+42
2026-09-29 02:18:05.218|DEBUG|ArtifactScraper|Parsing artifact substat: def+17.5%
2026-09-29 02:18:05.218|DEBUG|ArtifactScraper|Parsing artifact substat: energyrecharge+5.2%
2026-09-29 02:18:05.268|DEBUG|ArtifactScraper|Parsing artifact substat: def+18.2%
2026-09-29 02:18:05.268|DEBUG|ArtifactScraper|Parsing artifact substat: hp+747
2026-09-29 02:18:05.268|DEBUG|ArtifactScraper|Parsing artifact substat: critdmg+7.8%
2026-09-29 02:18:05.268|DEBUG|ArtifactScraper|Parsing artifact substat: critrate+6.2%
2026-09-29 02:18:05.730|DEBUG|ArtifactScraper|Parsing artifact substat: def+60
2026-09-29 02:18:05.730|DEBUG|ArtifactScraper|Parsing artifact substat: hp+448
2026-09-29 02:18:05.730|DEBUG|ArtifactScraper|Parsing artifact substat: critdmg+12.4%
2026-09-29 02:18:05.730|DEBUG|ArtifactScraper|Parsing artifact substat: atk+11.1%
2026-09-29 02:18:05.757|DEBUG|ArtifactScraper|Parsing artifact substat: atk+27
2026-09-29 02:18:05.757|DEBUG|ArtifactScraper|Parsing artifact substat: critdmg+21.0%
2026-09-29 02:18:05.757|DEBUG|ArtifactScraper|Parsing artifact substat: def+21
2026-09-29 02:18:05.757|DEBUG|ArtifactScraper|Parsing artifact substat: hp+11.1%
2026-09-29 02:18:05.779|DEBUG|ArtifactScraper|Parsing artifact substat: elementalmastery+40
2026-09-29 02:18:05.779|DEBUG|ArtifactScraper|Parsing artifact substat: hp+299
2026-09-29 02:18:05.779|DEBUG|ArtifactScraper|Parsing artifact substat: def+12.4%
2026-09-29 02:18:05.779|DEBUG|ArtifactScraper|Parsing artifact substat: critdmg+18.7%
2026-09-29 02:18:05.884|DEBUG|ArtifactScraper|Finished queuing page of artifacts. Scrolling...
2026-09-29 02:18:06.233|DEBUG|ArtifactScraper|Parsing artifact substat: atk+33
2026-09-29 02:18:06.233|DEBUG|ArtifactScraper|Parsing artifact substat: def+21
2026-09-29 02:18:06.234|DEBUG|ArtifactScraper|Parsing artifact substat: critrate+14.0%
2026-09-29 02:18:06.234|DEBUG|ArtifactScraper|Parsing artifact substat: elementalmastery+42
2026-09-29 02:18:06.279|DEBUG|ArtifactScraper|Parsing artifact substat: elementalmastery+42
2026-09-29 02:18:06.279|DEBUG|ArtifactScraper|Parsing artifact substat: energyrecharge+11.7%
2026-09-29 02:18:06.279|DEBUG|ArtifactScraper|Parsing artifact substat: hp+747
2026-09-29 02:18:06.279|DEBUG|ArtifactScraper|Parsing artifact substat: def+16
2026-09-29 02:18:06.309|DEBUG|ArtifactScraper|Parsing artifact substat: elementalmastery+70
2026-09-29 02:18:06.309|DEBUG|ArtifactScraper|Parsing artifact substat: critrate+7.8%
2026-09-29 02:18:06.309|DEBUG|ArtifactScraper|Parsing artifact substat: def+6.6%
2026-09-29 02:18:06.309|DEBUG|ArtifactScraper|Parsing artifact substat: atk+11.1%
2026-09-29 02:18:06.661|DEBUG|ArtifactScraper|Parsing artifact substat: critdmg+14.0%
2026-09-29 02:18:06.661|DEBUG|ArtifactScraper|Parsing artifact substat: elementalmastery+16
2026-09-29 02:18:06.661|DEBUG|ArtifactScraper|Parsing artifact substat: def+23
2026-09-29 02:18:06.661|DEBUG|ArtifactScraper|Parsing artifact substat: def+24.1%
2026-09-29 02:18:08.757|DEBUG|ArtifactScraper|Scanning artifact page 3
2026-09-29 02:18:08.757|DEBUG|ArtifactScraper|Located 32 possible item locations on page.
2026-09-29 02:18:09.321|DEBUG|ArtifactScraper|Parsing artifact substat: atk+33
2026-09-29 02:18:09.321|DEBUG|ArtifactScraper|Parsing artifact substat: hp+8.7%
2026-09-29 02:18:09.321|DEBUG|ArtifactScraper|Parsing artifact substat: critdmg+6.2%
2026-09-29 02:18:09.321|DEBUG|ArtifactScraper|Parsing artifact substat: energyrecharge+17.5%
2026-09-29 02:18:09.708|DEBUG|ArtifactScraper|Parsing artifact substat: critdmg+7.0%
2026-09-29 02:18:09.708|DEBUG|ArtifactScraper|Parsing artifact substat: atk+54
2026-09-29 02:18:09.708|DEBUG|ArtifactScraper|Parsing artifact substat: energyrecharge+12.3%
2026-09-29 02:18:09.708|DEBUG|ArtifactScraper|Parsing artifact substat: def+12.4%
2026-09-29 02:18:09.795|DEBUG|ArtifactScraper|Parsing artifact substat: energyrecharge+6.5%
2026-09-29 02:18:09.795|DEBUG|ArtifactScraper|Parsing artifact substat: def+86
2026-09-29 02:18:09.795|DEBUG|ArtifactScraper|Parsing artifact substat: hp+299
2026-09-29 02:18:09.795|DEBUG|ArtifactScraper|Parsing artifact substat: critrate+7.4%
2026-09-29 02:18:10.290|DEBUG|ArtifactScraper|Parsing artifact substat: atk+33
2026-09-29 02:18:10.290|DEBUG|ArtifactScraper|Parsing artifact substat: energyrecharge+16.2%
2026-09-29 02:18:10.290|DEBUG|ArtifactScraper|Parsing artifact substat: elementalmastery+40
2026-09-29 02:18:10.290|DEBUG|ArtifactScraper|Parsing artifact substat: hp+568
2026-09-29 02:18:10.345|DEBUG|ArtifactScraper|Parsing artifact substat: def+53
2026-09-29 02:18:10.345|DEBUG|ArtifactScraper|Parsing artifact substat: atk+8.7%
2026-09-29 02:18:10.345|DEBUG|ArtifactScraper|Parsing artifact substat: hp+717
2026-09-29 02:18:10.345|DEBUG|ArtifactScraper|Parsing artifact substat: critdmg+7.0%
2026-09-29 02:18:10.436|DEBUG|ArtifactScraper|Parsing artifact substat: elementalmastery+42
2026-09-29 02:18:10.436|DEBUG|ArtifactScraper|Parsing artifact substat: def+37
2026-09-29 02:18:10.436|DEBUG|ArtifactScraper|Parsing artifact substat: def+7.3%
2026-09-29 02:18:10.436|DEBUG|ArtifactScraper|Parsing artifact substat: atk+13.4%
2026-09-29 02:18:10.915|DEBUG|ArtifactScraper|Parsing artifact substat: atk+53
2026-09-29 02:18:10.915|DEBUG|ArtifactScraper|Parsing artifact substat: critdmg+6.2%
2026-09-29 02:18:10.915|DEBUG|ArtifactScraper|Parsing artifact substat: hp+508
2026-09-29 02:18:10.915|DEBUG|ArtifactScraper|Parsing artifact substat: energyrecharge+11.7%
2026-09-29 02:18:10.915|DEBUG|ArtifactScraper|Parsing artifact substat: critrate+10.1%
2026-09-29 02:18:10.915|DEBUG|ArtifactScraper|Parsing artifact substat: def+32
2026-09-29 02:18:10.922|DEBUG|ArtifactScraper|Parsing artifact substat: critdmg+21.0%
2026-09-29 02:18:10.922|DEBUG|ArtifactScraper|Parsing artifact substat: def+6.6%
2026-09-29 02:18:10.984|DEBUG|ArtifactScraper|Parsing artifact substat: atk+33
2026-09-29 02:18:10.984|DEBUG|ArtifactScraper|Parsing artifact substat: atk+12.8%
2026-09-29 02:18:10.984|DEBUG|ArtifactScraper|Parsing artifact substat: elementalmastery+47
2026-09-29 02:18:10.984|DEBUG|ArtifactScraper|Parsing artifact substat: critdmg+15.5%
2026-09-29 02:18:11.462|DEBUG|ArtifactScraper|Parsing artifact substat: elementalmastery+47
2026-09-29 02:18:11.462|DEBUG|ArtifactScraper|Parsing artifact substat: atk+19.8%
2026-09-29 02:18:11.462|DEBUG|ArtifactScraper|Parsing artifact substat: def+12.4%
2026-09-29 02:18:11.462|DEBUG|ArtifactScraper|Parsing artifact substat: hp+4.1%
2026-09-29 02:18:11.491|DEBUG|ArtifactScraper|Parsing artifact substat: elementalmastery+44
2026-09-29 02:18:11.491|DEBUG|ArtifactScraper|Parsing artifact substat: def+19
2026-09-29 02:18:11.491|DEBUG|ArtifactScraper|Parsing artifact substat: critdmg+13.2%
2026-09-29 02:18:11.491|DEBUG|ArtifactScraper|Parsing artifact substat: hp+717
2026-09-29 02:18:11.542|DEBUG|ArtifactScraper|Parsing artifact substat: atk+72
2026-09-29 02:18:11.542|DEBUG|ArtifactScraper|Parsing artifact substat: critdmg+7.8%
2026-09-29 02:18:11.542|DEBUG|ArtifactScraper|Parsing artifact substat: def+18.2%
2026-09-29 02:18:11.542|DEBUG|ArtifactScraper|Parsing artifact substat: energyrecharge+5.8%
2026-09-29 02:18:12.022|DEBUG|ArtifactScraper|Parsing artifact substat: def+81
2026-09-29 02:18:12.022|DEBUG|ArtifactScraper|Parsing artifact substat: elementalmastery+19
2026-09-29 02:18:12.022|DEBUG|ArtifactScraper|Parsing artifact substat: critrate+3.5%
2026-09-29 02:18:12.022|DEBUG|ArtifactScraper|Parsing artifact substat: atk+10.5%
2026-09-29 02:18:12.064|DEBUG|ArtifactScraper|Parsing artifact substat: critdmg+7.8%
2026-09-29 02:18:12.064|DEBUG|ArtifactScraper|Parsing artifact substat: def+16.0%
2026-09-29 02:18:12.064|DEBUG|ArtifactScraper|Parsing artifact substat: elementalmastery+42
2026-09-29 02:18:12.064|DEBUG|ArtifactScraper|Parsing artifact substat: critrate+7.0%
2026-09-29 02:18:12.081|DEBUG|ArtifactScraper|Parsing artifact substat: elementalmastery+84
2026-09-29 02:18:12.081|DEBUG|ArtifactScraper|Parsing artifact substat: critdmg+14.0%
2026-09-29 02:18:12.081|DEBUG|ArtifactScraper|Parsing artifact substat: atk+4.1%
2026-09-29 02:18:12.081|DEBUG|ArtifactScraper|Parsing artifact substat: def+19
2026-09-29 02:18:12.487|DEBUG|ArtifactScraper|Parsing artifact substat: hp+9.3%
2026-09-29 02:18:12.487|DEBUG|ArtifactScraper|Parsing artifact substat: atk+31
2026-09-29 02:18:12.487|DEBUG|ArtifactScraper|Parsing artifact substat: hp+508
2026-09-29 02:18:12.487|DEBUG|ArtifactScraper|Parsing artifact substat: def+37
2026-09-29 02:18:12.662|DEBUG|ArtifactScraper|Parsing artifact substat: critrate+9.3%
2026-09-29 02:18:12.662|DEBUG|ArtifactScraper|Parsing artifact substat: critdmg+29.5%
2026-09-29 02:18:12.662|DEBUG|ArtifactScraper|Parsing artifact substat: atk+19
2026-09-29 02:18:12.673|DEBUG|ArtifactScraper|Parsing artifact substat: def+39
2026-09-29 02:18:12.673|DEBUG|ArtifactScraper|Parsing artifact substat: energyrecharge+9.7%
2026-09-29 02:18:12.673|DEBUG|ArtifactScraper|Parsing artifact substat: elementalmastery+23
2026-09-29 02:18:12.673|DEBUG|ArtifactScraper|Parsing artifact substat: critrate+8.6%
2026-09-29 02:18:12.702|ERROR|UserInterface|Unable to validate information for artifact ID#80
2026-09-29 02:18:12.711|ERROR|UserInterface|Invalid artifact level
Artifact ID: 80
Slot: goblet
Set: VermillionHereafter
Rarity: 5
Level: 24
Main Stat: anemo_dmg_
Substat 1: critRate_ + 9,3%
Substat 2: critDMG_ + 29,5%
Substat 3: atk + 19
Locked: False
Equipped character: Xiao

2026-09-29 02:18:12.951|DEBUG|ArtifactScraper|Parsing artifact substat: atk+18
2026-09-29 02:18:12.951|DEBUG|ArtifactScraper|Parsing artifact substat: hp+717
2026-09-29 02:18:12.953|DEBUG|ArtifactScraper|Parsing artifact substat: def+16
2026-09-29 02:18:12.953|DEBUG|ArtifactScraper|Parsing artifact substat: atk+14.0%
2026-09-29 02:18:13.179|DEBUG|ArtifactScraper|Parsing artifact substat: atk+51
2026-09-29 02:18:13.179|DEBUG|ArtifactScraper|Parsing artifact substat: hp+4.7%
2026-09-29 02:18:13.179|DEBUG|ArtifactScraper|Parsing artifact substat: critdmg+16.3%
2026-09-29 02:18:13.179|DEBUG|ArtifactScraper|Parsing artifact substat: def+44
2026-09-29 02:18:13.239|DEBUG|ArtifactScraper|Parsing artifact substat: critdmg+7.8%
2026-09-29 02:18:13.239|DEBUG|ArtifactScraper|Parsing artifact substat: def+58
2026-09-29 02:18:13.239|DEBUG|ArtifactScraper|Parsing artifact substat: atk+14.6%
2026-09-29 02:18:13.239|DEBUG|ArtifactScraper|Parsing artifact substat: critrate+2.7%
2026-09-29 02:18:13.533|DEBUG|ArtifactScraper|Parsing artifact substat: atk+14
2026-09-29 02:18:13.533|DEBUG|ArtifactScraper|Parsing artifact substat: def+16.0%
2026-09-29 02:18:13.533|DEBUG|ArtifactScraper|Parsing artifact substat: energyrecharge+11.0%
2026-09-29 02:18:13.533|DEBUG|ArtifactScraper|Parsing artifact substat: hp+10.5%
2026-09-29 02:18:13.785|DEBUG|ArtifactScraper|Parsing artifact substat: elementalmastery+21
2026-09-29 02:18:13.785|DEBUG|ArtifactScraper|Parsing artifact substat: hp+13.4%
2026-09-29 02:18:13.785|DEBUG|ArtifactScraper|Parsing artifact substat: critdmg+13.2%
2026-09-29 02:18:13.785|DEBUG|ArtifactScraper|Parsing artifact substat: atk+37
2026-09-29 02:18:13.845|DEBUG|ArtifactScraper|Parsing artifact substat: energyrecharge+10.4%
2026-09-29 02:18:13.845|DEBUG|ArtifactScraper|Parsing artifact substat: atk+33
2026-09-29 02:18:13.845|DEBUG|ArtifactScraper|Parsing artifact substat: elementalmastery+44
2026-09-29 02:18:13.845|DEBUG|ArtifactScraper|Parsing artifact substat: def+12.4%
2026-09-29 02:18:14.025|DEBUG|ArtifactScraper|Parsing artifact substat: critrate+18.3%
2026-09-29 02:18:14.025|DEBUG|ArtifactScraper|Parsing artifact substat: critdmg+5.4%
2026-09-29 02:18:14.025|DEBUG|ArtifactScraper|Parsing artifact substat: def+42
2026-09-29 02:18:14.054|ERROR|UserInterface|Unable to validate information for artifact ID#88
2026-09-29 02:18:14.054|ERROR|UserInterface|Invalid artifact level
Artifact ID: 88
Slot: plume
Set: EmblemOfSeveredFate
Rarity: 5
Level: 24
Main Stat: atk
Substat 1: critRate_ + 18,3%
Substat 2: critDMG_ + 5,4%
Substat 3: def + 42
Locked: False
Equipped character: Xingqiu

2026-09-29 02:18:14.375|DEBUG|ArtifactScraper|Parsing artifact substat: atk+10.5%
2026-09-29 02:18:14.375|DEBUG|ArtifactScraper|Parsing artifact substat: def+46
2026-09-29 02:18:14.375|DEBUG|ArtifactScraper|Parsing artifact substat: hp+239
2026-09-29 02:18:14.375|DEBUG|ArtifactScraper|Parsing artifact substat: energyrecharge+22.0%
2026-09-29 02:18:14.432|DEBUG|ArtifactScraper|Parsing artifact substat: energyrecharge+14.2%
2026-09-29 02:18:14.432|DEBUG|ArtifactScraper|Parsing artifact substat: def+32
2026-09-29 02:18:14.432|DEBUG|ArtifactScraper|Parsing artifact substat: hp+538
2026-09-29 02:18:14.432|DEBUG|ArtifactScraper|Parsing artifact substat: critdmg+14.0%
2026-09-29 02:18:14.626|DEBUG|ArtifactScraper|Parsing artifact substat: critrate+6.6%
2026-09-29 02:18:14.626|DEBUG|ArtifactScraper|Parsing artifact substat: energyrecharge+10.4%
2026-09-29 02:18:14.626|DEBUG|ArtifactScraper|Parsing artifact substat: elementalmastery+56
2026-09-29 02:18:14.626|DEBUG|ArtifactScraper|Parsing artifact substat: def+39
2026-09-29 02:18:14.718|DEBUG|ArtifactScraper|Finished queuing page of artifacts. Scrolling...
2026-09-29 02:18:15.027|DEBUG|ArtifactScraper|Parsing artifact substat: hp+8.2%
2026-09-29 02:18:15.027|DEBUG|ArtifactScraper|Parsing artifact substat: critrate+3.5%
2026-09-29 02:18:15.027|DEBUG|ArtifactScraper|Parsing artifact substat: energyrecharge+9.1%
2026-09-29 02:18:15.027|DEBUG|ArtifactScraper|Parsing artifact substat: critdmg+22.5%
2026-09-29 02:18:15.027|DEBUG|ArtifactScraper|Parsing artifact substat: def+53
2026-09-29 02:18:15.027|DEBUG|ArtifactScraper|Parsing artifact substat: critrate+5.8%
2026-09-29 02:18:15.027|DEBUG|ArtifactScraper|Parsing artifact substat: elementalmastery+37
2026-09-29 02:18:15.027|DEBUG|ArtifactScraper|Parsing artifact substat: critdmg+7.8%
2026-09-29 02:18:15.202|DEBUG|ArtifactScraper|Parsing artifact substat: hp+4.1%
2026-09-29 02:18:15.202|DEBUG|ArtifactScraper|Parsing artifact substat: critrate+7.4%
2026-09-29 02:18:15.202|DEBUG|ArtifactScraper|Parsing artifact substat: critdmg+21.8%
2026-09-29 02:18:15.202|DEBUG|ArtifactScraper|Parsing artifact substat: atk+13.4%
2026-09-29 02:18:15.475|DEBUG|ArtifactScraper|Parsing artifact substat: def+24.1%
2026-09-29 02:18:15.475|DEBUG|ArtifactScraper|Parsing artifact substat: critdmg+7.0%
2026-09-29 02:18:15.475|DEBUG|ArtifactScraper|Parsing artifact substat: critrate+7.4%
2026-09-29 02:18:15.475|DEBUG|ArtifactScraper|Parsing artifact substat: atk+16
2026-09-29 02:18:17.742|DEBUG|ArtifactScraper|Scanning artifact page 4
2026-09-29 02:18:17.742|DEBUG|ArtifactScraper|Located 32 possible item locations on page.
2026-09-29 02:18:18.413|DEBUG|ArtifactScraper|Parsing artifact substat: elementalmastery+19
2026-09-29 02:18:18.413|DEBUG|ArtifactScraper|Parsing artifact substat: critrate+10.5%
2026-09-29 02:18:18.413|DEBUG|ArtifactScraper|Parsing artifact substat: energyrecharge+5.2%
2026-09-29 02:18:18.413|DEBUG|ArtifactScraper|Parsing artifact substat: atk+53
2026-09-29 02:18:18.553|DEBUG|ArtifactScraper|Parsing artifact substat: critrate+9.7%
2026-09-29 02:18:18.553|DEBUG|ArtifactScraper|Parsing artifact substat: elementalmastery+40
2026-09-29 02:18:18.553|DEBUG|ArtifactScraper|Parsing artifact substat: def+19
2026-09-29 02:18:18.553|DEBUG|ArtifactScraper|Parsing artifact substat: critdmg+14.8%
2026-09-29 02:18:18.858|DEBUG|ArtifactScraper|Parsing artifact substat: elementalmastery+37
2026-09-29 02:18:18.858|DEBUG|ArtifactScraper|Parsing artifact substat: def+37
2026-09-29 02:18:18.858|DEBUG|ArtifactScraper|Parsing artifact substat: atk+31
2026-09-29 02:18:18.858|DEBUG|ArtifactScraper|Parsing artifact substat: hp+747
2026-09-29 02:18:18.946|DEBUG|ArtifactScraper|Parsing artifact substat: def+42
2026-09-29 02:18:18.946|DEBUG|ArtifactScraper|Parsing artifact substat: hp+508
2026-09-29 02:18:18.946|DEBUG|ArtifactScraper|Parsing artifact substat: atk+9.3%
2026-09-29 02:18:18.946|DEBUG|ArtifactScraper|Parsing artifact substat: elementalmastery+42
2026-09-29 02:18:19.022|DEBUG|ArtifactScraper|Parsing artifact substat: atk+5.8%
2026-09-29 02:18:19.022|DEBUG|ArtifactScraper|Parsing artifact substat: critdmg+7.8%
2026-09-29 02:18:19.022|DEBUG|ArtifactScraper|Parsing artifact substat: atk+53
2026-09-29 02:18:19.022|DEBUG|ArtifactScraper|Parsing artifact substat: def+19.7%
2026-09-29 02:18:19.372|DEBUG|ArtifactScraper|Parsing artifact substat: critrate+8.6%
2026-09-29 02:18:19.372|DEBUG|ArtifactScraper|Parsing artifact substat: energyrecharge+13.0%
2026-09-29 02:18:19.372|DEBUG|ArtifactScraper|Parsing artifact substat: def+12.4%
2026-09-29 02:18:19.372|DEBUG|ArtifactScraper|Parsing artifact substat: atk+4.7%
2026-09-29 02:18:19.416|DEBUG|ArtifactScraper|Parsing artifact substat: hp+986
2026-09-29 02:18:19.416|DEBUG|ArtifactScraper|Parsing artifact substat: critrate+6.6%
2026-09-29 02:18:19.416|DEBUG|ArtifactScraper|Parsing artifact substat: atk+9.9%
2026-09-29 02:18:19.416|DEBUG|ArtifactScraper|Parsing artifact substat: energyrecharge+6.5%
2026-09-29 02:18:19.788|DEBUG|ArtifactScraper|Parsing artifact substat: atk+37
2026-09-29 02:18:19.788|DEBUG|ArtifactScraper|Parsing artifact substat: hp+717
2026-09-29 02:18:19.788|DEBUG|ArtifactScraper|Parsing artifact substat: hp+8.7%
2026-09-29 02:18:19.788|DEBUG|ArtifactScraper|Parsing artifact substat: critdmg+12.4%
2026-09-29 02:18:19.876|DEBUG|ArtifactScraper|Parsing artifact substat: critrate+3.9%
2026-09-29 02:18:19.876|DEBUG|ArtifactScraper|Parsing artifact substat: atk+5.8%
2026-09-29 02:18:19.876|DEBUG|ArtifactScraper|Parsing artifact substat: atk+33
2026-09-29 02:18:19.876|DEBUG|ArtifactScraper|Parsing artifact substat: critdmg+31.9%
2026-09-29 02:18:20.238|DEBUG|ArtifactScraper|Parsing artifact substat: atk+35
2026-09-29 02:18:20.238|DEBUG|ArtifactScraper|Parsing artifact substat: elementalmastery+40
2026-09-29 02:18:20.238|DEBUG|ArtifactScraper|Parsing artifact substat: hp+209
2026-09-29 02:18:20.238|DEBUG|ArtifactScraper|Parsing artifact substat: critdmg+21.0%
2026-09-29 02:18:20.371|DEBUG|ArtifactScraper|Parsing artifact substat: def+16.8%
2026-09-29 02:18:20.371|DEBUG|ArtifactScraper|Parsing artifact substat: critrate+7.0%
2026-09-29 02:18:20.371|DEBUG|ArtifactScraper|Parsing artifact substat: critdmg+7.8%
2026-09-29 02:18:20.371|DEBUG|ArtifactScraper|Parsing artifact substat: hp+448
2026-09-29 02:18:20.444|DEBUG|ArtifactScraper|Parsing artifact substat: critrate+7.8%
2026-09-29 02:18:20.444|DEBUG|ArtifactScraper|Parsing artifact substat: def+32
2026-09-29 02:18:20.444|DEBUG|ArtifactScraper|Parsing artifact substat: elementalmastery+47
2026-09-29 02:18:20.444|DEBUG|ArtifactScraper|Parsing artifact substat: critdmg+14.8%
2026-09-29 02:18:20.786|DEBUG|ArtifactScraper|Parsing artifact substat: def+65
2026-09-29 02:18:20.786|DEBUG|ArtifactScraper|Parsing artifact substat: def+19.0%
2026-09-29 02:18:20.786|DEBUG|ArtifactScraper|Parsing artifact substat: atk+18
2026-09-29 02:18:20.786|DEBUG|ArtifactScraper|Parsing artifact substat: critrate+2.7%
2026-09-29 02:18:21.011|DEBUG|ArtifactScraper|Parsing artifact substat: hp+687
2026-09-29 02:18:21.011|DEBUG|ArtifactScraper|Parsing artifact substat: def+37
2026-09-29 02:18:21.011|DEBUG|ArtifactScraper|Parsing artifact substat: elementalmastery+21
2026-09-29 02:18:21.011|DEBUG|ArtifactScraper|Parsing artifact substat: atk+14.6%
2026-09-29 02:18:21.105|DEBUG|ArtifactScraper|Parsing artifact substat: hp+209
2026-09-29 02:18:21.105|DEBUG|ArtifactScraper|Parsing artifact substat: elementalmastery+16
2026-09-29 02:18:21.105|DEBUG|ArtifactScraper|Parsing artifact substat: hp+15.2%
2026-09-29 02:18:21.105|DEBUG|ArtifactScraper|Parsing artifact substat: atk+45
2026-09-29 02:18:21.416|DEBUG|ArtifactScraper|Parsing artifact substat: hp+508
2026-09-29 02:18:21.416|DEBUG|ArtifactScraper|Parsing artifact substat: critrate+7.0%
2026-09-29 02:18:21.416|DEBUG|ArtifactScraper|Parsing artifact substat: energyrecharge+16.8%
2026-09-29 02:18:21.416|DEBUG|ArtifactScraper|Parsing artifact substat: elementalmastery+19
2026-09-29 02:18:21.607|DEBUG|ArtifactScraper|Parsing artifact substat: atk+19
2026-09-29 02:18:21.607|DEBUG|ArtifactScraper|Parsing artifact substat: critrate+7.8%
2026-09-29 02:18:21.607|DEBUG|ArtifactScraper|Parsing artifact substat: hp+21.0%
2026-09-29 02:18:21.607|DEBUG|ArtifactScraper|Parsing artifact substat: def+5.8%
2026-09-29 02:18:21.768|DEBUG|ArtifactScraper|Parsing artifact substat: def+37
2026-09-29 02:18:21.768|DEBUG|ArtifactScraper|Parsing artifact substat: critdmg+14.0%
2026-09-29 02:18:21.768|DEBUG|ArtifactScraper|Parsing artifact substat: elementalmastery+42
2026-09-29 02:18:21.768|DEBUG|ArtifactScraper|Parsing artifact substat: atk+35
2026-09-29 02:18:22.039|DEBUG|ArtifactScraper|Parsing artifact substat: critdmg+11.7%
2026-09-29 02:18:22.039|DEBUG|ArtifactScraper|Parsing artifact substat: def+58
2026-09-29 02:18:22.039|DEBUG|ArtifactScraper|Parsing artifact substat: hp+4.1%
2026-09-29 02:18:22.039|DEBUG|ArtifactScraper|Parsing artifact substat: critrate+6.6%
2026-09-29 02:18:22.279|DEBUG|ArtifactScraper|Parsing artifact substat: def+60
2026-09-29 02:18:22.279|DEBUG|ArtifactScraper|Parsing artifact substat: atk+5.3%
2026-09-29 02:18:22.279|DEBUG|ArtifactScraper|Parsing artifact substat: def+23.3%
2026-09-29 02:18:22.279|DEBUG|ArtifactScraper|Parsing artifact substat: elementalmastery+21
2026-09-29 02:18:22.445|DEBUG|ArtifactScraper|Parsing artifact substat: critdmg+23.3%
2026-09-29 02:18:22.445|DEBUG|ArtifactScraper|Parsing artifact substat: energyrecharge+11.0%
2026-09-29 02:18:22.445|DEBUG|ArtifactScraper|Parsing artifact substat: hp+11.7%
2026-09-29 02:18:22.445|DEBUG|ArtifactScraper|Parsing artifact substat: elementalmastery+19
2026-09-29 02:18:22.655|DEBUG|ArtifactScraper|Parsing artifact substat: def+58
2026-09-29 02:18:22.655|DEBUG|ArtifactScraper|Parsing artifact substat: energyrecharge+14.9%
2026-09-29 02:18:22.655|DEBUG|ArtifactScraper|Parsing artifact substat: critdmg+6.2%
2026-09-29 02:18:22.655|DEBUG|ArtifactScraper|Parsing artifact substat: atk+9.9%
2026-09-29 02:18:22.980|DEBUG|ArtifactScraper|Parsing artifact substat: hp+478
2026-09-29 02:18:22.980|DEBUG|ArtifactScraper|Parsing artifact substat: def+19.0%
2026-09-29 02:18:22.980|DEBUG|ArtifactScraper|Parsing artifact substat: def+19
2026-09-29 02:18:22.980|DEBUG|ArtifactScraper|Parsing artifact substat: energyrecharge+16.2%
2026-09-29 02:18:23.171|DEBUG|ArtifactScraper|Parsing artifact substat: hp+9.9%
2026-09-29 02:18:23.171|DEBUG|ArtifactScraper|Parsing artifact substat: critrate+10.5%
2026-09-29 02:18:23.171|DEBUG|ArtifactScraper|Parsing artifact substat: energyrecharge+14.9%
2026-09-29 02:18:23.172|DEBUG|ArtifactScraper|Parsing artifact substat: def+21
2026-09-29 02:18:23.299|DEBUG|ArtifactScraper|Parsing artifact substat: def+35
2026-09-29 02:18:23.299|DEBUG|ArtifactScraper|Parsing artifact substat: elementalmastery+44
2026-09-29 02:18:23.299|DEBUG|ArtifactScraper|Parsing artifact substat: critdmg+17.9%
2026-09-29 02:18:23.299|DEBUG|ArtifactScraper|Parsing artifact substat: hp+209
2026-09-29 02:18:23.505|DEBUG|ArtifactScraper|Parsing artifact substat: hp+986
2026-09-29 02:18:23.505|DEBUG|ArtifactScraper|Parsing artifact substat: hp+4.1%
2026-09-29 02:18:23.505|DEBUG|ArtifactScraper|Parsing artifact substat: critdmg+5.4%
2026-09-29 02:18:23.505|DEBUG|ArtifactScraper|Parsing artifact substat: def+37
2026-09-29 02:18:23.809|DEBUG|ArtifactScraper|Finished queuing page of artifacts. Scrolling...
2026-09-29 02:18:23.813|DEBUG|ArtifactScraper|Parsing artifact substat: critrate+3.5%
2026-09-29 02:18:23.813|DEBUG|ArtifactScraper|Parsing artifact substat: critdmg+21.8%
2026-09-29 02:18:23.813|DEBUG|ArtifactScraper|Parsing artifact substat: atk+33
2026-09-29 02:18:23.813|DEBUG|ArtifactScraper|Parsing artifact substat: energyrecharge+16.8%
2026-09-29 02:18:23.901|DEBUG|ArtifactScraper|Parsing artifact substat: def+63
2026-09-29 02:18:23.901|DEBUG|ArtifactScraper|Parsing artifact substat: energyrecharge+11.0%
2026-09-29 02:18:23.901|DEBUG|ArtifactScraper|Parsing artifact substat: critdmg+15.5%
2026-09-29 02:18:23.901|DEBUG|ArtifactScraper|Parsing artifact substat: atk+14
2026-09-29 02:18:24.020|DEBUG|ArtifactScraper|Parsing artifact substat: hp+299
2026-09-29 02:18:24.020|DEBUG|ArtifactScraper|Parsing artifact substat: atk+19.2%
2026-09-29 02:18:24.020|DEBUG|ArtifactScraper|Parsing artifact substat: atk+29
2026-09-29 02:18:24.020|DEBUG|ArtifactScraper|Parsing artifact substat: elementalmastery+35
2026-09-29 02:18:24.366|DEBUG|ArtifactScraper|Parsing artifact substat: energyrecharge+4.5%
2026-09-29 02:18:24.366|DEBUG|ArtifactScraper|Parsing artifact substat: hp+657
2026-09-29 02:18:24.366|DEBUG|ArtifactScraper|Parsing artifact substat: critrate+6.6%
2026-09-29 02:18:24.366|DEBUG|ArtifactScraper|Parsing artifact substat: atk+35
2026-09-29 02:18:24.427|DEBUG|ArtifactScraper|Parsing artifact substat: energyrecharge+10.4%
2026-09-29 02:18:24.427|DEBUG|ArtifactScraper|Parsing artifact substat: def+19.0%
2026-09-29 02:18:24.427|DEBUG|ArtifactScraper|Parsing artifact substat: critdmg+6.2%
2026-09-29 02:18:24.427|DEBUG|ArtifactScraper|Parsing artifact substat: def+44
2026-09-29 02:18:24.460|DEBUG|ArtifactScraper|Parsing artifact substat: hp+239
2026-09-29 02:18:24.460|DEBUG|ArtifactScraper|Parsing artifact substat: def+21
2026-09-29 02:18:24.460|DEBUG|ArtifactScraper|Parsing artifact substat: elementalmastery+70
2026-09-29 02:18:24.460|DEBUG|ArtifactScraper|Parsing artifact substat: atk+33
2026-09-29 02:18:26.559|DEBUG|ArtifactScraper|Scanning artifact page 5
2026-09-29 02:18:26.559|DEBUG|ArtifactScraper|Located 32 possible item locations on page.
2026-09-29 02:18:27.068|DEBUG|ArtifactScraper|Parsing artifact substat: def+14.6%
2026-09-29 02:18:27.068|DEBUG|ArtifactScraper|Parsing artifact substat: def+42
2026-09-29 02:18:27.068|DEBUG|ArtifactScraper|Parsing artifact substat: hp+777
2026-09-29 02:18:27.068|DEBUG|ArtifactScraper|Parsing artifact substat: elementalmastery+19
2026-09-29 02:18:27.453|DEBUG|ArtifactScraper|Parsing artifact substat: def+35
2026-09-29 02:18:27.453|DEBUG|ArtifactScraper|Parsing artifact substat: energyrecharge+12.3%
2026-09-29 02:18:27.453|DEBUG|ArtifactScraper|Parsing artifact substat: hp+956
2026-09-29 02:18:27.454|DEBUG|ArtifactScraper|Parsing artifact substat: atk+5.3%
2026-09-29 02:18:27.487|DEBUG|ArtifactScraper|Parsing artifact substat: hp+10.5%
2026-09-29 02:18:27.487|DEBUG|ArtifactScraper|Parsing artifact substat: elementalmastery+40
2026-09-29 02:18:27.487|DEBUG|ArtifactScraper|Parsing artifact substat: def+44
2026-09-29 02:18:27.487|DEBUG|ArtifactScraper|Parsing artifact substat: energyrecharge+14.9%
2026-09-29 02:18:27.796|DEBUG|ArtifactScraper|Parsing artifact substat: critrate+6.2%
2026-09-29 02:18:27.796|DEBUG|ArtifactScraper|Parsing artifact substat: energyrecharge+11.0%
2026-09-29 02:18:27.796|DEBUG|ArtifactScraper|Parsing artifact substat: critdmg+11.7%
2026-09-29 02:18:27.796|DEBUG|ArtifactScraper|Parsing artifact substat: def+56
2026-09-29 02:18:27.913|DEBUG|ArtifactScraper|Parsing artifact substat: hp+478
2026-09-29 02:18:27.913|DEBUG|ArtifactScraper|Parsing artifact substat: hp+9.3%
2026-09-29 02:18:27.913|DEBUG|ArtifactScraper|Parsing artifact substat: energyrecharge+5.2%
2026-09-29 02:18:27.913|DEBUG|ArtifactScraper|Parsing artifact substat: elementalmastery+63
2026-09-29 02:18:28.227|DEBUG|ArtifactScraper|Parsing artifact substat: critrate+14.4%
2026-09-29 02:18:28.227|DEBUG|ArtifactScraper|Parsing artifact substat: elementalmastery+16
2026-09-29 02:18:28.227|DEBUG|ArtifactScraper|Parsing artifact substat: hp+538
2026-09-29 02:18:28.227|DEBUG|ArtifactScraper|Parsing artifact substat: def+42
2026-09-29 02:18:28.255|DEBUG|ArtifactScraper|Parsing artifact substat: energyrecharge+11.0%
2026-09-29 02:18:28.255|DEBUG|ArtifactScraper|Parsing artifact substat: hp+14.0%
2026-09-29 02:18:28.255|DEBUG|ArtifactScraper|Parsing artifact substat: def+12.4%
2026-09-29 02:18:28.255|DEBUG|ArtifactScraper|Parsing artifact substat: atk+19
2026-09-29 02:18:28.622|DEBUG|ArtifactScraper|Parsing artifact substat: hp+299
2026-09-29 02:18:28.622|DEBUG|ArtifactScraper|Parsing artifact substat: hp+11.1%
2026-09-29 02:18:28.622|DEBUG|ArtifactScraper|Parsing artifact substat: atk+13.4%
2026-09-29 02:18:28.622|DEBUG|ArtifactScraper|Parsing artifact substat: elementalmastery+68
2026-09-29 02:18:28.671|DEBUG|ArtifactScraper|Parsing artifact substat: hp+747
2026-09-29 02:18:28.671|DEBUG|ArtifactScraper|Parsing artifact substat: hp+5.3%
2026-09-29 02:18:28.671|DEBUG|ArtifactScraper|Parsing artifact substat: critrate+9.3%
2026-09-29 02:18:28.710|ERROR|UserInterface|Unable to validate information for artifact ID#136
2026-09-29 02:18:28.710|ERROR|UserInterface|Invalid artifact level
Artifact ID: 136
Slot: sands
Set: NoblesseOblige
Rarity: 5
Level: 24
Main Stat: enerRech_
Substat 1: hp + 747
Substat 2: hp_ + 5,3%
Substat 3: critRate_ + 9,3%
Locked: False
Equipped character: Bennett

2026-09-29 02:18:29.015|DEBUG|ArtifactScraper|Parsing artifact substat: hp+747
2026-09-29 02:18:29.015|DEBUG|ArtifactScraper|Parsing artifact substat: energyrecharge+6.5%
2026-09-29 02:18:29.015|DEBUG|ArtifactScraper|Parsing artifact substat: def+16
2026-09-29 02:18:29.042|ERROR|UserInterface|Unable to validate information for artifact ID#137
2026-09-29 02:18:29.047|ERROR|UserInterface|Invalid artifact level
Artifact ID: 137
Slot: goblet
Set: NoblesseOblige
Rarity: 5
Level: 24
Main Stat: hp_
Substat 1: hp + 747
Substat 2: enerRech_ + 6,5%
Substat 3: def + 16
Locked: False
Equipped character: Bennett

2026-09-29 02:18:29.174|DEBUG|ArtifactScraper|Parsing artifact substat: def+69
2026-09-29 02:18:29.174|DEBUG|ArtifactScraper|Parsing artifact substat: energyrecharge+12.3%
2026-09-29 02:18:29.174|DEBUG|ArtifactScraper|Parsing artifact substat: elementalmastery+58
2026-09-29 02:18:29.174|DEBUG|ArtifactScraper|Parsing artifact substat: critrate+3.1%
2026-09-29 02:18:29.206|DEBUG|ArtifactScraper|Parsing artifact substat: critrate+18.3%
2026-09-29 02:18:29.206|DEBUG|ArtifactScraper|Parsing artifact substat: hp+11.7%
2026-09-29 02:18:29.206|DEBUG|ArtifactScraper|Parsing artifact substat: atk+14
2026-09-29 02:18:29.206|DEBUG|ArtifactScraper|Parsing artifact substat: critdmg+7.0%
2026-09-29 02:18:29.475|DEBUG|ArtifactScraper|Parsing artifact substat: hp+8.2%
2026-09-29 02:18:29.475|DEBUG|ArtifactScraper|Parsing artifact substat: hp+239
2026-09-29 02:18:29.475|DEBUG|ArtifactScraper|Parsing artifact substat: atk+70
2026-09-29 02:18:29.475|DEBUG|ArtifactScraper|Parsing artifact substat: critrate+3.1%
2026-09-29 02:18:29.653|DEBUG|ArtifactScraper|Parsing artifact substat: def+39
2026-09-29 02:18:29.653|DEBUG|ArtifactScraper|Parsing artifact substat: critdmg+17.1%
2026-09-29 02:18:29.653|DEBUG|ArtifactScraper|Parsing artifact substat: hp+13.4%
2026-09-29 02:18:29.653|DEBUG|ArtifactScraper|Parsing artifact substat: hp+209
2026-09-29 02:18:29.989|DEBUG|ArtifactScraper|Parsing artifact substat: energyrecharge+10.4%
2026-09-29 02:18:29.989|DEBUG|ArtifactScraper|Parsing artifact substat: hp+807
2026-09-29 02:18:29.989|DEBUG|ArtifactScraper|Parsing artifact substat: critrate+3.9%
2026-09-29 02:18:29.989|DEBUG|ArtifactScraper|Parsing artifact substat: def+60
2026-09-29 02:18:29.989|DEBUG|ArtifactScraper|Parsing artifact substat: def+19.7%
2026-09-29 02:18:29.989|DEBUG|ArtifactScraper|Parsing artifact substat: energyrecharge+11.7%
2026-09-29 02:18:29.989|DEBUG|ArtifactScraper|Parsing artifact substat: def+19
2026-09-29 02:18:29.989|DEBUG|ArtifactScraper|Parsing artifact substat: hp+478
2026-09-29 02:18:30.194|DEBUG|ArtifactScraper|Parsing artifact substat: def+14.6%
2026-09-29 02:18:30.194|DEBUG|ArtifactScraper|Parsing artifact substat: atk+8.7%
2026-09-29 02:18:30.194|DEBUG|ArtifactScraper|Parsing artifact substat: atk+33
2026-09-29 02:18:30.194|DEBUG|ArtifactScraper|Parsing artifact substat: def+37
2026-09-29 02:18:30.570|DEBUG|ArtifactScraper|Parsing artifact substat: atk+8.7%
2026-09-29 02:18:30.570|DEBUG|ArtifactScraper|Parsing artifact substat: atk+31
2026-09-29 02:18:30.570|DEBUG|ArtifactScraper|Parsing artifact substat: hp+16.9%
2026-09-29 02:18:30.570|DEBUG|ArtifactScraper|Parsing artifact substat: hp+418
2026-09-29 02:18:30.603|DEBUG|ArtifactScraper|Parsing artifact substat: def+60
2026-09-29 02:18:30.603|DEBUG|ArtifactScraper|Parsing artifact substat: elementalmastery+44
2026-09-29 02:18:30.603|DEBUG|ArtifactScraper|Parsing artifact substat: critrate+6.2%
2026-09-29 02:18:30.603|DEBUG|ArtifactScraper|Parsing artifact substat: atk+4.7%
2026-09-29 02:18:30.768|DEBUG|ArtifactScraper|Parsing artifact substat: atk+18
2026-09-29 02:18:30.768|DEBUG|ArtifactScraper|Parsing artifact substat: critdmg+13.2%
2026-09-29 02:18:30.768|DEBUG|ArtifactScraper|Parsing artifact substat: def+5.1%
2026-09-29 02:18:30.768|DEBUG|ArtifactScraper|Parsing artifact substat: hp+22.2%
2026-09-29 02:18:31.167|DEBUG|ArtifactScraper|Parsing artifact substat: atk+9.9%
2026-09-29 02:18:31.167|DEBUG|ArtifactScraper|Parsing artifact substat: hp+5.8%
2026-09-29 02:18:31.167|DEBUG|ArtifactScraper|Parsing artifact substat: critrate+10.5%
2026-09-29 02:18:31.167|DEBUG|ArtifactScraper|Parsing artifact substat: elementalmastery+40
2026-09-29 02:18:31.177|DEBUG|ArtifactScraper|Parsing artifact substat: critrate+10.9%
2026-09-29 02:18:31.177|DEBUG|ArtifactScraper|Parsing artifact substat: critdmg+12.4%
2026-09-29 02:18:31.177|DEBUG|ArtifactScraper|Parsing artifact substat: hp+508
2026-09-29 02:18:31.177|DEBUG|ArtifactScraper|Parsing artifact substat: energyrecharge+5.8%
2026-09-29 02:18:31.232|DEBUG|ArtifactScraper|Parsing artifact substat: hp+478
2026-09-29 02:18:31.232|DEBUG|ArtifactScraper|Parsing artifact substat: hp+9.3%
2026-09-29 02:18:31.232|DEBUG|ArtifactScraper|Parsing artifact substat: critdmg+7.8%
2026-09-29 02:18:31.232|DEBUG|ArtifactScraper|Parsing artifact substat: def+58
2026-09-29 02:18:31.624|DEBUG|ArtifactScraper|Parsing artifact substat: critrate+3.5%
2026-09-29 02:18:31.624|DEBUG|ArtifactScraper|Parsing artifact substat: atk+31
2026-09-29 02:18:31.624|DEBUG|ArtifactScraper|Parsing artifact substat: atk+15.2%
2026-09-29 02:18:31.624|DEBUG|ArtifactScraper|Parsing artifact substat: hp+9.9%
2026-09-29 02:18:31.686|DEBUG|ArtifactScraper|Parsing artifact substat: def+20.4%
2026-09-29 02:18:31.686|DEBUG|ArtifactScraper|Parsing artifact substat: critdmg+7.0%
2026-09-29 02:18:31.686|DEBUG|ArtifactScraper|Parsing artifact substat: energyrecharge+9.1%
2026-09-29 02:18:31.686|DEBUG|ArtifactScraper|Parsing artifact substat: hp+9.3%
2026-09-29 02:18:32.074|DEBUG|ArtifactScraper|Parsing artifact substat: elementalmastery+44
2026-09-29 02:18:32.074|DEBUG|ArtifactScraper|Parsing artifact substat: critrate+3.9%
2026-09-29 02:18:32.074|DEBUG|ArtifactScraper|Parsing artifact substat: critdmg+13.2%
2026-09-29 02:18:32.074|DEBUG|ArtifactScraper|Parsing artifact substat: hp+747
2026-09-29 02:18:32.172|DEBUG|ArtifactScraper|Parsing artifact substat: energyrecharge+5.8%
2026-09-29 02:18:32.172|DEBUG|ArtifactScraper|Parsing artifact substat: def+16
2026-09-29 02:18:32.172|DEBUG|ArtifactScraper|Parsing artifact substat: critrate+10.5%
2026-09-29 02:18:32.172|DEBUG|ArtifactScraper|Parsing artifact substat: atk+47
2026-09-29 02:18:32.210|DEBUG|ArtifactScraper|Parsing artifact substat: def+12.4%
2026-09-29 02:18:32.210|DEBUG|ArtifactScraper|Parsing artifact substat: critrate+9.3%
2026-09-29 02:18:32.210|DEBUG|ArtifactScraper|Parsing artifact substat: critdmg+7.8%
2026-09-29 02:18:32.210|DEBUG|ArtifactScraper|Parsing artifact substat: atk+10.5%
2026-09-29 02:18:32.467|DEBUG|ArtifactScraper|Finished queuing page of artifacts. Scrolling...
2026-09-29 02:18:32.543|DEBUG|ArtifactScraper|Parsing artifact substat: hp+239
2026-09-29 02:18:32.543|DEBUG|ArtifactScraper|Parsing artifact substat: def+16
2026-09-29 02:18:32.543|DEBUG|ArtifactScraper|Parsing artifact substat: hp+11.7%
2026-09-29 02:18:32.543|DEBUG|ArtifactScraper|Parsing artifact substat: atk+86
2026-09-29 02:18:32.649|DEBUG|ArtifactScraper|Parsing artifact substat: def+35
2026-09-29 02:18:32.649|DEBUG|ArtifactScraper|Parsing artifact substat: atk+4.7%
2026-09-29 02:18:32.649|DEBUG|ArtifactScraper|Parsing artifact substat: hp+926
2026-09-29 02:18:32.649|DEBUG|ArtifactScraper|Parsing artifact substat: critdmg+14.0%
2026-09-29 02:18:32.928|DEBUG|ArtifactScraper|Parsing artifact substat: energyrecharge+6.5%
2026-09-29 02:18:32.928|DEBUG|ArtifactScraper|Parsing artifact substat: atk+14.6%
2026-09-29 02:18:32.928|DEBUG|ArtifactScraper|Parsing artifact substat: def+63
2026-09-29 02:18:32.928|DEBUG|ArtifactScraper|Parsing artifact substat: critdmg+7.8%
2026-09-29 02:18:32.959|DEBUG|ArtifactScraper|Parsing artifact substat: def+21
2026-09-29 02:18:32.959|DEBUG|ArtifactScraper|Parsing artifact substat: hp+9.9%
2026-09-29 02:18:32.959|DEBUG|ArtifactScraper|Parsing artifact substat: atk+31
2026-09-29 02:18:32.959|DEBUG|ArtifactScraper|Parsing artifact substat: energyrecharge+9.7%
2026-09-29 02:18:35.217|DEBUG|ArtifactScraper|Scanning artifact page 6
2026-09-29 02:18:35.217|DEBUG|ArtifactScraper|Located 32 possible item locations on page.
2026-09-29 02:18:35.894|DEBUG|ArtifactScraper|Parsing artifact substat: atk+7.9%
2026-09-29 02:18:35.894|DEBUG|ArtifactScraper|Parsing artifact substat: hp+191
2026-09-29 02:18:35.894|DEBUG|ArtifactScraper|Parsing artifact substat: energyrecharge+4.1%
2026-09-29 02:18:35.894|DEBUG|ArtifactScraper|Parsing artifact substat: hp+7.9%
2026-09-29 02:18:35.910|DEBUG|ArtifactScraper|Parsing artifact substat: critrate+6.2%
2026-09-29 02:18:35.910|DEBUG|ArtifactScraper|Parsing artifact substat: critdmg+7.8%
2026-09-29 02:18:35.910|DEBUG|ArtifactScraper|Parsing artifact substat: energyrecharge+10.4%
2026-09-29 02:18:35.947|ERROR|UserInterface|Unable to validate information for artifact ID#160
2026-09-29 02:18:35.947|ERROR|UserInterface|Invalid artifact level
Artifact ID: 160
Slot: flower
Set: EmblemOfSeveredFate
Rarity: 5
Level: 24
Main Stat: hp
Substat 1: critRate_ + 6,2%
Substat 2: critDMG_ + 7,8%
Substat 3: enerRech_ + 10,4%
Locked: False
Equipped character: Xingqiu

2026-09-29 02:18:36.309|DEBUG|ArtifactScraper|Parsing artifact substat: elementalmastery+17
2026-09-29 02:18:36.309|DEBUG|ArtifactScraper|Parsing artifact substat: energyrecharge+8.8%
2026-09-29 02:18:36.309|DEBUG|ArtifactScraper|Parsing artifact substat: hp+382
2026-09-29 02:18:36.309|DEBUG|ArtifactScraper|Parsing artifact substat: def+17
2026-09-29 02:18:36.471|DEBUG|ArtifactScraper|Parsing artifact substat: elementalmastery+13
2026-09-29 02:18:36.471|DEBUG|ArtifactScraper|Parsing artifact substat: critrate+4.4%
2026-09-29 02:18:36.471|DEBUG|ArtifactScraper|Parsing artifact substat: atk+11
2026-09-29 02:18:36.471|DEBUG|ArtifactScraper|Parsing artifact substat: hp+7.9%
2026-09-29 02:18:36.751|DEBUG|ArtifactScraper|Parsing artifact substat: critrate+2.5%
2026-09-29 02:18:36.751|DEBUG|ArtifactScraper|Parsing artifact substat: def+13
2026-09-29 02:18:36.751|DEBUG|ArtifactScraper|Parsing artifact substat: atk+37
2026-09-29 02:18:36.751|DEBUG|ArtifactScraper|Parsing artifact substat: elementalmastery+26
2026-09-29 02:18:36.904|DEBUG|ArtifactScraper|Parsing artifact substat: def+13
2026-09-29 02:18:36.904|DEBUG|ArtifactScraper|Parsing artifact substat: def+10.5%
2026-09-29 02:18:36.904|DEBUG|ArtifactScraper|Parsing artifact substat: critrate+5.9%
2026-09-29 02:18:36.904|DEBUG|ArtifactScraper|Parsing artifact substat: elementalmastery+15
2026-09-29 02:18:36.973|DEBUG|ArtifactScraper|Parsing artifact substat: atk+7.0%
2026-09-29 02:18:36.973|DEBUG|ArtifactScraper|Parsing artifact substat: atk+14
2026-09-29 02:18:36.973|DEBUG|ArtifactScraper|Parsing artifact substat: hp+191
2026-09-29 02:18:36.973|DEBUG|ArtifactScraper|Parsing artifact substat: hp+7.5%
2026-09-29 02:18:37.296|DEBUG|ArtifactScraper|Parsing artifact substat: critdmg+5.0%
2026-09-29 02:18:37.296|DEBUG|ArtifactScraper|Parsing artifact substat: elementalmastery+32
2026-09-29 02:18:37.296|DEBUG|ArtifactScraper|Parsing artifact substat: def+30
2026-09-29 02:18:37.296|DEBUG|ArtifactScraper|Parsing artifact substat: atk+4.7%
2026-09-29 02:18:37.462|DEBUG|ArtifactScraper|Parsing artifact substat: critrate+2.5%
2026-09-29 02:18:37.462|DEBUG|ArtifactScraper|Parsing artifact substat: critdmg+5.0%
2026-09-29 02:18:37.462|DEBUG|ArtifactScraper|Parsing artifact substat: energyrecharge+7.8%
2026-09-29 02:18:37.462|DEBUG|ArtifactScraper|Parsing artifact substat: hp+9.3%
2026-09-29 02:18:37.478|DEBUG|ArtifactScraper|Parsing artifact substat: def+31
2026-09-29 02:18:37.478|DEBUG|ArtifactScraper|Parsing artifact substat: critdmg+9.3%
2026-09-29 02:18:37.478|DEBUG|ArtifactScraper|Parsing artifact substat: atk+3.7%
2026-09-29 02:18:37.478|DEBUG|ArtifactScraper|Parsing artifact substat: energyrecharge+4.7%
2026-09-29 02:18:37.784|DEBUG|ArtifactScraper|Parsing artifact substat: def+4.1%
2026-09-29 02:18:37.784|DEBUG|ArtifactScraper|Parsing artifact substat: energyrecharge+8.8%
2026-09-29 02:18:37.784|DEBUG|ArtifactScraper|Parsing artifact substat: def+19
2026-09-29 02:18:37.784|DEBUG|ArtifactScraper|Parsing artifact substat: hp+382
2026-09-29 02:18:38.003|DEBUG|ArtifactScraper|Parsing artifact substat: critdmg+23.0%
2026-09-29 02:18:38.003|DEBUG|ArtifactScraper|Parsing artifact substat: elementalmastery+19
2026-09-29 02:18:38.003|DEBUG|ArtifactScraper|Parsing artifact substat: hp+4.7%
2026-09-29 02:18:38.003|DEBUG|ArtifactScraper|Parsing artifact substat: atk+4.2%
2026-09-29 02:18:38.029|DEBUG|ArtifactScraper|Parsing artifact substat: atk+10.7%
2026-09-29 02:18:38.029|DEBUG|ArtifactScraper|Parsing artifact substat: critrate+3.1%
2026-09-29 02:18:38.029|DEBUG|ArtifactScraper|Parsing artifact substat: energyrecharge+4.7%
2026-09-29 02:18:38.029|DEBUG|ArtifactScraper|Parsing artifact substat: def+17
2026-09-29 02:18:38.350|DEBUG|ArtifactScraper|Parsing artifact substat: atk+12
2026-09-29 02:18:38.350|DEBUG|ArtifactScraper|Parsing artifact substat: critdmg+10.0%
2026-09-29 02:18:38.350|DEBUG|ArtifactScraper|Parsing artifact substat: atk+4.2%
2026-09-29 02:18:38.350|DEBUG|ArtifactScraper|Parsing artifact substat: def+11.1%
2026-09-29 02:18:38.531|DEBUG|ArtifactScraper|Parsing artifact substat: hp+7.9%
2026-09-29 02:18:38.531|DEBUG|ArtifactScraper|Parsing artifact substat: energyrecharge+4.1%
2026-09-29 02:18:38.531|DEBUG|ArtifactScraper|Parsing artifact substat: critrate+4.7%
2026-09-29 02:18:38.531|DEBUG|ArtifactScraper|Parsing artifact substat: critdmg+6.2%
2026-09-29 02:18:38.795|DEBUG|ArtifactScraper|Parsing artifact substat: atk+7.9%
2026-09-29 02:18:38.795|DEBUG|ArtifactScraper|Parsing artifact substat: def+4.1%
2026-09-29 02:18:38.795|DEBUG|ArtifactScraper|Parsing artifact substat: energyrecharge+5.2%
2026-09-29 02:18:38.795|DEBUG|ArtifactScraper|Parsing artifact substat: def+13
2026-09-29 02:18:38.852|DEBUG|ArtifactScraper|Parsing artifact substat: energyrecharge+4.1%
2026-09-29 02:18:38.852|DEBUG|ArtifactScraper|Parsing artifact substat: def+30
2026-09-29 02:18:38.852|DEBUG|ArtifactScraper|Parsing artifact substat: atk+31
2026-09-29 02:18:38.852|DEBUG|ArtifactScraper|Parsing artifact substat: def+5.8%
2026-09-29 02:18:39.076|DEBUG|ArtifactScraper|Parsing artifact substat: elementalmastery+14
2026-09-29 02:18:39.076|DEBUG|ArtifactScraper|Parsing artifact substat: hp+129
2026-09-29 02:18:39.076|DEBUG|ArtifactScraper|Parsing artifact substat: atk+3.5%
2026-09-29 02:18:39.076|DEBUG|ArtifactScraper|Parsing artifact substat: hp+2.5%
2026-09-29 02:18:39.351|DEBUG|ArtifactScraper|Parsing artifact substat: critrate+2.1%
2026-09-29 02:18:39.351|DEBUG|ArtifactScraper|Parsing artifact substat: critdmg+4.2%
2026-09-29 02:18:39.351|DEBUG|ArtifactScraper|Parsing artifact substat: def+11
2026-09-29 02:18:39.351|DEBUG|ArtifactScraper|Parsing artifact substat: def+3.5%
2026-09-29 02:18:39.377|DEBUG|ArtifactScraper|Parsing artifact substat: elementalmastery+14
2026-09-29 02:18:39.377|DEBUG|ArtifactScraper|Parsing artifact substat: atk+7
2026-09-29 02:18:39.377|DEBUG|ArtifactScraper|Parsing artifact substat: def+8.3%
2026-09-29 02:18:39.377|DEBUG|ArtifactScraper|Parsing artifact substat: hp+115
2026-09-29 02:18:39.603|DEBUG|ArtifactScraper|Parsing artifact substat: elementalmastery+19
2026-09-29 02:18:39.603|DEBUG|ArtifactScraper|Parsing artifact substat: atk+16
2026-09-29 02:18:39.603|DEBUG|ArtifactScraper|Parsing artifact substat: energyrecharge+5.2%
2026-09-29 02:18:39.603|DEBUG|ArtifactScraper|Parsing artifact substat: def+42
2026-09-29 02:18:39.879|DEBUG|ArtifactScraper|Parsing artifact substat: critrate+6.2%
2026-09-29 02:18:39.879|DEBUG|ArtifactScraper|Parsing artifact substat: atk+5.8%
2026-09-29 02:18:39.879|DEBUG|ArtifactScraper|Parsing artifact substat: def+5.8%
2026-09-29 02:18:39.879|DEBUG|ArtifactScraper|Parsing artifact substat: critdmg+13.2%
2026-09-29 02:18:39.932|DEBUG|ArtifactScraper|Parsing artifact substat: atk+19
2026-09-29 02:18:39.932|DEBUG|ArtifactScraper|Parsing artifact substat: hp+4.7%
2026-09-29 02:18:39.932|DEBUG|ArtifactScraper|Parsing artifact substat: atk+8.7%
2026-09-29 02:18:39.932|DEBUG|ArtifactScraper|Parsing artifact substat: def+5.8%
2026-09-29 02:18:40.139|DEBUG|ArtifactScraper|Parsing artifact substat: energyrecharge+5.2%
2026-09-29 02:18:40.140|DEBUG|ArtifactScraper|Parsing artifact substat: def+5.8%
2026-09-29 02:18:40.140|DEBUG|ArtifactScraper|Parsing artifact substat: critdmg+5.6%
2026-09-29 02:18:40.140|DEBUG|ArtifactScraper|Parsing artifact substat: hp+239
2026-09-29 02:18:40.436|DEBUG|ArtifactScraper|Parsing artifact substat: elementalmastery+14
2026-09-29 02:18:40.436|DEBUG|ArtifactScraper|Parsing artifact substat: hp+3.2%
2026-09-29 02:18:40.436|DEBUG|ArtifactScraper|Parsing artifact substat: def+3.5%
2026-09-29 02:18:40.705|DEBUG|ArtifactScraper|Parsing artifact substat: elementalmastery+14
2026-09-29 02:18:40.705|DEBUG|ArtifactScraper|Parsing artifact substat: energyrecharge+3.1%
2026-09-29 02:18:40.705|DEBUG|ArtifactScraper|Parsing artifact substat: def+9
2026-09-29 02:18:40.773|DEBUG|ArtifactScraper|Parsing artifact substat: def+21
2026-09-29 02:18:40.773|DEBUG|ArtifactScraper|Parsing artifact substat: hp+5.8%
2026-09-29 02:18:40.773|DEBUG|ArtifactScraper|Parsing artifact substat: energyrecharge+4.5%
2026-09-29 02:18:40.773|DEBUG|ArtifactScraper|Parsing artifact substat: atk+5.8%(unactivated)
2026-09-29 02:18:41.014|DEBUG|ArtifactScraper|Parsing artifact substat: energyrecharge+6.5%
2026-09-29 02:18:41.014|DEBUG|ArtifactScraper|Parsing artifact substat: atk+5.3%
2026-09-29 02:18:41.014|DEBUG|ArtifactScraper|Parsing artifact substat: def+19
2026-09-29 02:18:41.014|DEBUG|ArtifactScraper|Parsing artifact substat: elementalmastery+21
2026-09-29 02:18:41.173|DEBUG|ArtifactScraper|Finished queuing page of artifacts. Scrolling...
2026-09-29 02:18:41.392|DEBUG|ArtifactScraper|Parsing artifact substat: atk+5.3%
2026-09-29 02:18:41.392|DEBUG|ArtifactScraper|Parsing artifact substat: elementalmastery+16
2026-09-29 02:18:41.392|DEBUG|ArtifactScraper|Parsing artifact substat: atk+18
2026-09-29 02:18:41.392|DEBUG|ArtifactScraper|Parsing artifact substat: hp+4.7%(unactivated)
2026-09-29 02:18:41.446|DEBUG|ArtifactScraper|Parsing artifact substat: def+23
2026-09-29 02:18:41.446|DEBUG|ArtifactScraper|Parsing artifact substat: atk+14
2026-09-29 02:18:41.446|DEBUG|ArtifactScraper|Parsing artifact substat: def+5.8%
2026-09-29 02:18:41.446|DEBUG|ArtifactScraper|Parsing artifact substat: critdmg+7.0%(unactivated)
2026-09-29 02:18:41.681|DEBUG|ArtifactScraper|Parsing artifact substat: elementalmastery+23
2026-09-29 02:18:41.681|DEBUG|ArtifactScraper|Parsing artifact substat: def+19
2026-09-29 02:18:41.681|DEBUG|ArtifactScraper|Parsing artifact substat: energyrecharge+6.5%
2026-09-29 02:18:41.681|DEBUG|ArtifactScraper|Parsing artifact substat: atk+4.7%(unactivated)
2026-09-29 02:18:41.856|DEBUG|ArtifactScraper|Parsing artifact substat: hp+5.8%
2026-09-29 02:18:41.856|DEBUG|ArtifactScraper|Parsing artifact substat: atk+5.3%
2026-09-29 02:18:41.856|DEBUG|ArtifactScraper|Parsing artifact substat: hp+269
2026-09-29 02:18:41.856|DEBUG|ArtifactScraper|Parsing artifact substat: energyrecharge+5.8%
2026-09-29 02:18:44.155|DEBUG|ArtifactScraper|Scanning artifact page 7
2026-09-29 02:18:44.155|DEBUG|ArtifactScraper|Located 32 possible item locations on page.
2026-09-29 02:18:44.869|DEBUG|ArtifactScraper|Parsing artifact substat: hp+5.8%
2026-09-29 02:18:44.869|DEBUG|ArtifactScraper|Parsing artifact substat: energyrecharge+5.2%
2026-09-29 02:18:44.869|DEBUG|ArtifactScraper|Parsing artifact substat: def+6.6%
2026-09-29 02:18:44.869|DEBUG|ArtifactScraper|Parsing artifact substat: critrate+3.5%(unactivated)
2026-09-29 02:18:45.046|DEBUG|ArtifactScraper|Parsing artifact substat: energyrecharge+5.2%
2026-09-29 02:18:45.050|DEBUG|ArtifactScraper|Parsing artifact substat: hp+209
2026-09-29 02:18:45.050|DEBUG|ArtifactScraper|Parsing artifact substat: critrate+3.9%
2026-09-29 02:18:45.050|DEBUG|ArtifactScraper|Parsing artifact substat: def+5.8%(unactivated)
2026-09-29 02:18:45.573|DEBUG|ArtifactScraper|Parsing artifact substat: elementalmastery+16
2026-09-29 02:18:45.573|DEBUG|ArtifactScraper|Parsing artifact substat: def+23
2026-09-29 02:18:45.573|DEBUG|ArtifactScraper|Parsing artifact substat: energyrecharge+5.2%
2026-09-29 02:18:45.573|DEBUG|ArtifactScraper|Parsing artifact substat: hp+4.1%(unactivated)
2026-09-29 02:18:45.623|DEBUG|ArtifactScraper|Parsing artifact substat: elementalmastery+16
2026-09-29 02:18:45.623|DEBUG|ArtifactScraper|Parsing artifact substat: def+21
2026-09-29 02:18:45.623|DEBUG|ArtifactScraper|Parsing artifact substat: atk+4.7%
2026-09-29 02:18:45.623|DEBUG|ArtifactScraper|Parsing artifact substat: hp+269(unactivated)
2026-09-29 02:18:45.632|DEBUG|ArtifactScraper|Parsing artifact substat: atk+4.1%
2026-09-29 02:18:45.632|DEBUG|ArtifactScraper|Parsing artifact substat: hp+5.8%
2026-09-29 02:18:45.632|DEBUG|ArtifactScraper|Parsing artifact substat: def+5.8%
2026-09-29 02:18:45.632|DEBUG|ArtifactScraper|Parsing artifact substat: def+21(unactivated)
2026-09-29 02:18:46.286|DEBUG|ArtifactScraper|Parsing artifact substat: energyrecharge+6.5%
2026-09-29 02:18:46.286|DEBUG|ArtifactScraper|Parsing artifact substat: def+23
2026-09-29 02:18:46.286|DEBUG|ArtifactScraper|Parsing artifact substat: critdmg+6.2%
2026-09-29 02:18:46.286|DEBUG|ArtifactScraper|Parsing artifact substat: elementalmastery+23
2026-09-29 02:18:46.304|DEBUG|ArtifactScraper|Parsing artifact substat: def+16
2026-09-29 02:18:46.304|DEBUG|ArtifactScraper|Parsing artifact substat: hp+239
2026-09-29 02:18:46.304|DEBUG|ArtifactScraper|Parsing artifact substat: atk+14
2026-09-29 02:18:46.304|DEBUG|ArtifactScraper|Parsing artifact substat: hp+4.1%(unactivated)
2026-09-29 02:18:46.407|DEBUG|ArtifactScraper|Parsing artifact substat: energyrecharge+4.5%
2026-09-29 02:18:46.407|DEBUG|ArtifactScraper|Parsing artifact substat: atk+5.8%
2026-09-29 02:18:46.407|DEBUG|ArtifactScraper|Parsing artifact substat: def+5.8%
2026-09-29 02:18:46.407|DEBUG|ArtifactScraper|Parsing artifact substat: hp+209(unactivated)
2026-09-29 02:18:47.342|DEBUG|ArtifactScraper|Parsing artifact substat: atk+5.8%
2026-09-29 02:18:47.342|DEBUG|ArtifactScraper|Parsing artifact substat: energyrecharge+6.5%
2026-09-29 02:18:47.342|DEBUG|ArtifactScraper|Parsing artifact substat: def+16
2026-09-29 02:18:47.342|DEBUG|ArtifactScraper|Parsing artifact substat: elementalmastery+21
2026-09-29 02:18:47.354|DEBUG|ArtifactScraper|Parsing artifact substat: elementalmastery+23
2026-09-29 02:18:47.354|DEBUG|ArtifactScraper|Parsing artifact substat: atk+4.7%
2026-09-29 02:18:47.354|DEBUG|ArtifactScraper|Parsing artifact substat: atk+14
2026-09-29 02:18:47.354|DEBUG|ArtifactScraper|Parsing artifact substat: critrate+3.1%(unactivated)
2026-09-29 02:18:47.444|DEBUG|ArtifactScraper|Parsing artifact substat: atk+14
2026-09-29 02:18:47.444|DEBUG|ArtifactScraper|Parsing artifact substat: energyrecharge+4.5%
2026-09-29 02:18:47.444|DEBUG|ArtifactScraper|Parsing artifact substat: hp+239
2026-09-29 02:18:47.444|DEBUG|ArtifactScraper|Parsing artifact substat: def+5.1%
2026-09-29 02:18:48.095|DEBUG|ArtifactScraper|Parsing artifact substat: hp+239
2026-09-29 02:18:48.095|DEBUG|ArtifactScraper|Parsing artifact substat: elementalmastery+19
2026-09-29 02:18:48.095|DEBUG|ArtifactScraper|Parsing artifact substat: atk+14
2026-09-29 02:18:48.095|DEBUG|ArtifactScraper|Parsing artifact substat: critrate+2.7%(unactivated)
2026-09-29 02:18:48.110|DEBUG|ArtifactScraper|Parsing artifact substat: energyrecharge+6.5%
2026-09-29 02:18:48.110|DEBUG|ArtifactScraper|Parsing artifact substat: critrate+3.5%
2026-09-29 02:18:48.110|DEBUG|ArtifactScraper|Parsing artifact substat: def+5.8%
2026-09-29 02:18:48.110|DEBUG|ArtifactScraper|Parsing artifact substat: atk+16(unactivated)
2026-09-29 02:18:48.188|DEBUG|ArtifactScraper|Parsing artifact substat: elementalmastery+19
2026-09-29 02:18:48.188|DEBUG|ArtifactScraper|Parsing artifact substat: atk+19
2026-09-29 02:18:48.188|DEBUG|ArtifactScraper|Parsing artifact substat: hp+299
2026-09-29 02:18:48.188|DEBUG|ArtifactScraper|Parsing artifact substat: critdmg+7.8%(unactivated)
2026-09-29 02:18:48.664|DEBUG|ArtifactScraper|Parsing artifact substat: def+21
2026-09-29 02:18:48.664|DEBUG|ArtifactScraper|Parsing artifact substat: critrate+3.9%
2026-09-29 02:18:48.664|DEBUG|ArtifactScraper|Parsing artifact substat: hp+269
2026-09-29 02:18:48.664|DEBUG|ArtifactScraper|Parsing artifact substat: atk+16
2026-09-29 02:18:48.755|DEBUG|ArtifactScraper|Parsing artifact substat: critdmg+7.8%
2026-09-29 02:18:48.755|DEBUG|ArtifactScraper|Parsing artifact substat: hp+209
2026-09-29 02:18:48.755|DEBUG|ArtifactScraper|Parsing artifact substat: atk+5.8%
2026-09-29 02:18:48.755|DEBUG|ArtifactScraper|Parsing artifact substat: energyrecharge+5.8%
2026-09-29 02:18:48.853|DEBUG|ArtifactScraper|Parsing artifact substat: critrate+3.1%
2026-09-29 02:18:48.853|DEBUG|ArtifactScraper|Parsing artifact substat: atk+18
2026-09-29 02:18:48.853|DEBUG|ArtifactScraper|Parsing artifact substat: energyrecharge+6.5%
2026-09-29 02:18:48.853|DEBUG|ArtifactScraper|Parsing artifact substat: atk+4.1%(unactivated)
2026-09-29 02:18:49.329|DEBUG|ArtifactScraper|Parsing artifact substat: def+21
2026-09-29 02:18:49.329|DEBUG|ArtifactScraper|Parsing artifact substat: hp+5.3%
2026-09-29 02:18:49.329|DEBUG|ArtifactScraper|Parsing artifact substat: atk+4.1%
2026-09-29 02:18:49.329|DEBUG|ArtifactScraper|Parsing artifact substat: elementalmastery+23
2026-09-29 02:18:49.329|DEBUG|ArtifactScraper|Parsing artifact substat: hp+299
2026-09-29 02:18:49.329|DEBUG|ArtifactScraper|Parsing artifact substat: def+6.6%
2026-09-29 02:18:49.329|DEBUG|ArtifactScraper|Parsing artifact substat: def+16
2026-09-29 02:18:49.329|DEBUG|ArtifactScraper|Parsing artifact substat: atk+5.8%(unactivated)
2026-09-29 02:18:49.492|DEBUG|ArtifactScraper|Parsing artifact substat: atk+4.7%
2026-09-29 02:18:49.492|DEBUG|ArtifactScraper|Parsing artifact substat: energyrecharge+5.8%
2026-09-29 02:18:49.492|DEBUG|ArtifactScraper|Parsing artifact substat: atk+14
2026-09-29 02:18:49.492|DEBUG|ArtifactScraper|Parsing artifact substat: hp+239(unactivated)
2026-09-29 02:18:49.949|DEBUG|ArtifactScraper|Parsing artifact substat: hp+239
2026-09-29 02:18:49.949|DEBUG|ArtifactScraper|Parsing artifact substat: def+21
2026-09-29 02:18:49.949|DEBUG|ArtifactScraper|Parsing artifact substat: atk+19
2026-09-29 02:18:49.949|DEBUG|ArtifactScraper|Parsing artifact substat: def+5.8%(unactivated)
2026-09-29 02:18:50.037|DEBUG|ArtifactScraper|Parsing artifact substat: critrate+2.7%
2026-09-29 02:18:50.037|DEBUG|ArtifactScraper|Parsing artifact substat: def+5.8%
2026-09-29 02:18:50.037|DEBUG|ArtifactScraper|Parsing artifact substat: atk+4.1%
2026-09-29 02:18:50.037|DEBUG|ArtifactScraper|Parsing artifact substat: critdmg+5.4%(unactivated)
2026-09-29 02:18:50.186|DEBUG|ArtifactScraper|Parsing artifact substat: def+21
2026-09-29 02:18:50.186|DEBUG|ArtifactScraper|Parsing artifact substat: hp+4.1%
2026-09-29 02:18:50.186|DEBUG|ArtifactScraper|Parsing artifact substat: atk+4.7%
2026-09-29 02:18:50.186|DEBUG|ArtifactScraper|Parsing artifact substat: atk+14(unactivated)
2026-09-29 02:18:50.419|DEBUG|ArtifactScraper|Finished queuing page of artifacts. Scrolling...
2026-09-29 02:18:50.671|DEBUG|ArtifactScraper|Parsing artifact substat: elementalmastery+23
2026-09-29 02:18:50.671|DEBUG|ArtifactScraper|Parsing artifact substat: def+5.1%
2026-09-29 02:18:50.671|DEBUG|ArtifactScraper|Parsing artifact substat: energyrecharge+5.2%
2026-09-29 02:18:50.671|DEBUG|ArtifactScraper|Parsing artifact substat: atk+19(unactivated)
2026-09-29 02:18:50.786|DEBUG|ArtifactScraper|Parsing artifact substat: hp+5.8%
2026-09-29 02:18:50.786|DEBUG|ArtifactScraper|Parsing artifact substat: critrate+3.1%
2026-09-29 02:18:50.786|DEBUG|ArtifactScraper|Parsing artifact substat: critdmg+7.8%
2026-09-29 02:18:50.786|DEBUG|ArtifactScraper|Parsing artifact substat: def+6.6%
2026-09-29 02:18:50.828|DEBUG|ArtifactScraper|Parsing artifact substat: energyrecharge+6.5%
2026-09-29 02:18:50.828|DEBUG|ArtifactScraper|Parsing artifact substat: def+19
2026-09-29 02:18:50.828|DEBUG|ArtifactScraper|Parsing artifact substat: elementalmastery+19
2026-09-29 02:18:50.828|DEBUG|ArtifactScraper|Parsing artifact substat: critdmg+7.8%(unactivated)
2026-09-29 02:18:51.458|DEBUG|ArtifactScraper|Parsing artifact substat: elementalmastery+19
2026-09-29 02:18:51.458|DEBUG|ArtifactScraper|Parsing artifact substat: hp+299
2026-09-29 02:18:51.458|DEBUG|ArtifactScraper|Parsing artifact substat: def+23
2026-09-29 02:18:51.458|DEBUG|ArtifactScraper|Parsing artifact substat: energyrecharge+5.2%
2026-09-29 02:18:51.643|DEBUG|ArtifactScraper|Parsing artifact substat: energyrecharge+4.5%
2026-09-29 02:18:51.643|DEBUG|ArtifactScraper|Parsing artifact substat: hp+299
2026-09-29 02:18:51.643|DEBUG|ArtifactScraper|Parsing artifact substat: critdmg+5.4%
2026-09-29 02:18:51.643|DEBUG|ArtifactScraper|Parsing artifact substat: def+19(unactivated)
2026-09-29 02:18:51.696|DEBUG|ArtifactScraper|Parsing artifact substat: critrate+3.1%
2026-09-29 02:18:51.696|DEBUG|ArtifactScraper|Parsing artifact substat: hp+299
2026-09-29 02:18:51.696|DEBUG|ArtifactScraper|Parsing artifact substat: atk+5.8%
2026-09-29 02:18:51.696|DEBUG|ArtifactScraper|Parsing artifact substat: energyrecharge+4.5%
2026-09-29 02:18:52.109|DEBUG|ArtifactScraper|Parsing artifact substat: energyrecharge+4.5%
2026-09-29 02:18:52.109|DEBUG|ArtifactScraper|Parsing artifact substat: def+6.6%
2026-09-29 02:18:52.109|DEBUG|ArtifactScraper|Parsing artifact substat: critdmg+7.8%
2026-09-29 02:18:52.109|DEBUG|ArtifactScraper|Parsing artifact substat: elementalmastery+19
2026-09-29 02:18:52.272|DEBUG|ArtifactScraper|Parsing artifact substat: hp+299
2026-09-29 02:18:52.272|DEBUG|ArtifactScraper|Parsing artifact substat: energyrecharge+5.8%
2026-09-29 02:18:52.272|DEBUG|ArtifactScraper|Parsing artifact substat: def+21
2026-09-29 02:18:52.272|DEBUG|ArtifactScraper|Parsing artifact substat: critdmg+7.0%(unactivated)
2026-09-29 02:18:52.313|DEBUG|ArtifactScraper|Parsing artifact substat: hp+5.3%
2026-09-29 02:18:52.313|DEBUG|ArtifactScraper|Parsing artifact substat: energyrecharge+5.2%
2026-09-29 02:18:52.313|DEBUG|ArtifactScraper|Parsing artifact substat: def+19
2026-09-29 02:18:52.313|DEBUG|ArtifactScraper|Parsing artifact substat: def+6.6%(unactivated)
2026-09-29 02:18:54.264|DEBUG|ArtifactScraper|Scanning artifact page 8
2026-09-29 02:18:54.264|DEBUG|ArtifactScraper|Located 32 possible item locations on page.
2026-09-29 02:18:54.978|DEBUG|ArtifactScraper|Parsing artifact substat: critrate+3.1%
2026-09-29 02:18:54.978|DEBUG|ArtifactScraper|Parsing artifact substat: def+5.8%
2026-09-29 02:18:54.978|DEBUG|ArtifactScraper|Parsing artifact substat: energyrecharge+6.5%
2026-09-29 02:18:54.978|DEBUG|ArtifactScraper|Parsing artifact substat: def+23(unactivated)
2026-09-29 02:18:55.147|DEBUG|ArtifactScraper|Parsing artifact substat: hp+209
2026-09-29 02:18:55.147|DEBUG|ArtifactScraper|Parsing artifact substat: critrate+3.9%
2026-09-29 02:18:55.147|DEBUG|ArtifactScraper|Parsing artifact substat: atk+4.7%
2026-09-29 02:18:55.147|DEBUG|ArtifactScraper|Parsing artifact substat: energyrecharge+6.5%
2026-09-29 02:18:55.387|DEBUG|ArtifactScraper|Parsing artifact substat: def+5.8%
2026-09-29 02:18:55.387|DEBUG|ArtifactScraper|Parsing artifact substat: def+23
2026-09-29 02:18:55.387|DEBUG|ArtifactScraper|Parsing artifact substat: critrate+3.5%
2026-09-29 02:18:55.387|DEBUG|ArtifactScraper|Parsing artifact substat: hp+4.1%
2026-09-29 02:18:55.570|DEBUG|ArtifactScraper|Parsing artifact substat: atk+5.3%
2026-09-29 02:18:55.570|DEBUG|ArtifactScraper|Parsing artifact substat: def+21
2026-09-29 02:18:55.570|DEBUG|ArtifactScraper|Parsing artifact substat: elementalmastery+19
2026-09-29 02:18:55.570|DEBUG|ArtifactScraper|Parsing artifact substat: critdmg+7.8%
2026-09-29 02:18:55.742|DEBUG|ArtifactScraper|Parsing artifact substat: def+7.3%
2026-09-29 02:18:55.742|DEBUG|ArtifactScraper|Parsing artifact substat: def+21
2026-09-29 02:18:55.742|DEBUG|ArtifactScraper|Parsing artifact substat: critdmg+7.8%
2026-09-29 02:18:55.742|DEBUG|ArtifactScraper|Parsing artifact substat: hp+209(unactivated)
2026-09-29 02:18:55.947|DEBUG|ArtifactScraper|Parsing artifact substat: critrate+3.1%
2026-09-29 02:18:55.947|DEBUG|ArtifactScraper|Parsing artifact substat: hp+4.7%
2026-09-29 02:18:55.947|DEBUG|ArtifactScraper|Parsing artifact substat: def+6.6%
2026-09-29 02:18:55.947|DEBUG|ArtifactScraper|Parsing artifact substat: hp+299(unactivated)
2026-09-29 02:18:56.241|DEBUG|ArtifactScraper|Parsing artifact substat: critrate+3.9%
2026-09-29 02:18:56.241|DEBUG|ArtifactScraper|Parsing artifact substat: critdmg+5.4%
2026-09-29 02:18:56.241|DEBUG|ArtifactScraper|Parsing artifact substat: def+5.1%
2026-09-29 02:18:56.241|DEBUG|ArtifactScraper|Parsing artifact substat: hp+209(unactivated)
2026-09-29 02:18:56.410|DEBUG|ArtifactScraper|Parsing artifact substat: energyrecharge+5.8%
2026-09-29 02:18:56.410|DEBUG|ArtifactScraper|Parsing artifact substat: def+23
2026-09-29 02:18:56.410|DEBUG|ArtifactScraper|Parsing artifact substat: def+7.3%
2026-09-29 02:18:56.410|DEBUG|ArtifactScraper|Parsing artifact substat: atk+16(unactivated)
2026-09-29 02:18:56.614|DEBUG|ArtifactScraper|Parsing artifact substat: atk+16
2026-09-29 02:18:56.614|DEBUG|ArtifactScraper|Parsing artifact substat: def+16
2026-09-29 02:18:56.614|DEBUG|ArtifactScraper|Parsing artifact substat: hp+5.3%
2026-09-29 02:18:56.614|DEBUG|ArtifactScraper|Parsing artifact substat: hp+209(unactivated)
2026-09-29 02:18:56.918|DEBUG|ArtifactScraper|Parsing artifact substat: hp+239
2026-09-29 02:18:56.918|DEBUG|ArtifactScraper|Parsing artifact substat: hp+4.1%
2026-09-29 02:18:56.918|DEBUG|ArtifactScraper|Parsing artifact substat: energyrecharge+6.5%
2026-09-29 02:18:56.918|DEBUG|ArtifactScraper|Parsing artifact substat: atk+14(unactivated)
2026-09-29 02:18:57.039|DEBUG|ArtifactScraper|Parsing artifact substat: atk+18
2026-09-29 02:18:57.039|DEBUG|ArtifactScraper|Parsing artifact substat: hp+4.1%
2026-09-29 02:18:57.039|DEBUG|ArtifactScraper|Parsing artifact substat: hp+239
2026-09-29 02:18:57.039|DEBUG|ArtifactScraper|Parsing artifact substat: elementalmastery+21
2026-09-29 02:18:57.268|DEBUG|ArtifactScraper|Parsing artifact substat: elementalmastery+23
2026-09-29 02:18:57.268|DEBUG|ArtifactScraper|Parsing artifact substat: atk+5.3%
2026-09-29 02:18:57.268|DEBUG|ArtifactScraper|Parsing artifact substat: hp+269
2026-09-29 02:18:57.268|DEBUG|ArtifactScraper|Parsing artifact substat: def+19(unactivated)
2026-09-29 02:18:57.617|DEBUG|ArtifactScraper|Parsing artifact substat: atk+16
2026-09-29 02:18:57.617|DEBUG|ArtifactScraper|Parsing artifact substat: def+7.3%
2026-09-29 02:18:57.617|DEBUG|ArtifactScraper|Parsing artifact substat: elementalmastery+23
2026-09-29 02:18:57.617|DEBUG|ArtifactScraper|Parsing artifact substat: def+21(unactivated)
2026-09-29 02:18:57.659|DEBUG|ArtifactScraper|Parsing artifact substat: elementalmastery+19
2026-09-29 02:18:57.659|DEBUG|ArtifactScraper|Parsing artifact substat: atk+16
2026-09-29 02:18:57.659|DEBUG|ArtifactScraper|Parsing artifact substat: critdmg+6.2%
2026-09-29 02:18:57.659|DEBUG|ArtifactScraper|Parsing artifact substat: def+5.1%
2026-09-29 02:18:57.951|DEBUG|ArtifactScraper|Parsing artifact substat: atk+14
2026-09-29 02:18:57.951|DEBUG|ArtifactScraper|Parsing artifact substat: def+5.8%
2026-09-29 02:18:57.951|DEBUG|ArtifactScraper|Parsing artifact substat: elementalmastery+21
2026-09-29 02:18:57.951|DEBUG|ArtifactScraper|Parsing artifact substat: atk+4.7%(unactivated)
2026-09-29 02:18:58.240|DEBUG|ArtifactScraper|Parsing artifact substat: atk+5.3%
2026-09-29 02:18:58.240|DEBUG|ArtifactScraper|Parsing artifact substat: def+23
2026-09-29 02:18:58.240|DEBUG|ArtifactScraper|Parsing artifact substat: hp+5.8%
2026-09-29 02:18:58.240|DEBUG|ArtifactScraper|Parsing artifact substat: def+6.6%(unactivated)
2026-09-29 02:18:58.264|DEBUG|ArtifactScraper|Parsing artifact substat: def+19
2026-09-29 02:18:58.264|DEBUG|ArtifactScraper|Parsing artifact substat: hp+5.3%
2026-09-29 02:18:58.264|DEBUG|ArtifactScraper|Parsing artifact substat: elementalmastery+19
2026-09-29 02:18:58.264|DEBUG|ArtifactScraper|Parsing artifact substat: atk+18(unactivated)
2026-09-29 02:18:58.637|DEBUG|ArtifactScraper|Parsing artifact substat: energyrecharge+5.8%
2026-09-29 02:18:58.637|DEBUG|ArtifactScraper|Parsing artifact substat: elementalmastery+16
2026-09-29 02:18:58.637|DEBUG|ArtifactScraper|Parsing artifact substat: hp+4.7%
2026-09-29 02:18:58.637|DEBUG|ArtifactScraper|Parsing artifact substat: critrate+3.1%(unactivated)
2026-09-29 02:18:58.827|DEBUG|ArtifactScraper|Parsing artifact substat: energyrecharge+6.5%
2026-09-29 02:18:58.827|DEBUG|ArtifactScraper|Parsing artifact substat: def+16
2026-09-29 02:18:58.827|DEBUG|ArtifactScraper|Parsing artifact substat: hp+5.3%
2026-09-29 02:18:58.828|DEBUG|ArtifactScraper|Parsing artifact substat: atk+18(unactivated)
2026-09-29 02:18:58.917|DEBUG|ArtifactScraper|Parsing artifact substat: def+19
2026-09-29 02:18:58.917|DEBUG|ArtifactScraper|Parsing artifact substat: atk+4.1%
2026-09-29 02:18:58.917|DEBUG|ArtifactScraper|Parsing artifact substat: critdmg+7.8%
2026-09-29 02:18:58.917|DEBUG|ArtifactScraper|Parsing artifact substat: critrate+3.9%(unactivated)
2026-09-29 02:18:59.242|DEBUG|ArtifactScraper|Parsing artifact substat: elementalmastery+19
2026-09-29 02:18:59.242|DEBUG|ArtifactScraper|Parsing artifact substat: hp+4.7%
2026-09-29 02:18:59.242|DEBUG|ArtifactScraper|Parsing artifact substat: critdmg+7.8%
2026-09-29 02:18:59.242|DEBUG|ArtifactScraper|Parsing artifact substat: atk+5.3%(unactivated)
2026-09-29 02:18:59.523|DEBUG|ArtifactScraper|Parsing artifact substat: hp+299
2026-09-29 02:18:59.523|DEBUG|ArtifactScraper|Parsing artifact substat: def+5.8%
2026-09-29 02:18:59.523|DEBUG|ArtifactScraper|Parsing artifact substat: critrate+3.9%
2026-09-29 02:18:59.523|DEBUG|ArtifactScraper|Parsing artifact substat: atk+5.3%(unactivated)
2026-09-29 02:18:59.614|DEBUG|ArtifactScraper|Parsing artifact substat: elementalmastery+21
2026-09-29 02:18:59.627|DEBUG|ArtifactScraper|Parsing artifact substat: critdmg+7.0%
2026-09-29 02:18:59.627|DEBUG|ArtifactScraper|Parsing artifact substat: hp+5.8%
2026-09-29 02:18:59.627|DEBUG|ArtifactScraper|Parsing artifact substat: energyrecharge+5.8%
2026-09-29 02:19:00.066|DEBUG|ArtifactScraper|Parsing artifact substat: hp+209
2026-09-29 02:19:00.066|DEBUG|ArtifactScraper|Parsing artifact substat: def+7.3%
2026-09-29 02:19:00.066|DEBUG|ArtifactScraper|Parsing artifact substat: atk+19
2026-09-29 02:19:00.066|DEBUG|ArtifactScraper|Parsing artifact substat: elementalmastery+21
2026-09-29 02:19:00.313|DEBUG|ArtifactScraper|Parsing artifact substat: atk+19
2026-09-29 02:19:00.313|DEBUG|ArtifactScraper|Finished queuing page of artifacts. Scrolling...
2026-09-29 02:19:00.313|DEBUG|ArtifactScraper|Parsing artifact substat: def+16
2026-09-29 02:19:00.313|DEBUG|ArtifactScraper|Parsing artifact substat: hp+269
2026-09-29 02:19:00.313|DEBUG|ArtifactScraper|Parsing artifact substat: critrate+3.1%(unactivated)
2026-09-29 02:19:00.455|DEBUG|ArtifactScraper|Parsing artifact substat: hp+239
2026-09-29 02:19:00.455|DEBUG|ArtifactScraper|Parsing artifact substat: def+5.8%
2026-09-29 02:19:00.455|DEBUG|ArtifactScraper|Parsing artifact substat: atk+4.1%
2026-09-29 02:19:00.455|DEBUG|ArtifactScraper|Parsing artifact substat: def+21(unactivated)
2026-09-29 02:19:00.703|DEBUG|ArtifactScraper|Parsing artifact substat: hp+5.3%
2026-09-29 02:19:00.703|DEBUG|ArtifactScraper|Parsing artifact substat: hp+269
2026-09-29 02:19:00.703|DEBUG|ArtifactScraper|Parsing artifact substat: def+21
2026-09-29 02:19:00.703|DEBUG|ArtifactScraper|Parsing artifact substat: atk+18(unactivated)
2026-09-29 02:19:00.904|DEBUG|ArtifactScraper|Parsing artifact substat: hp+5.3%
2026-09-29 02:19:00.904|DEBUG|ArtifactScraper|Parsing artifact substat: hp+269
2026-09-29 02:19:00.904|DEBUG|ArtifactScraper|Parsing artifact substat: def+21
2026-09-29 02:19:00.904|DEBUG|ArtifactScraper|Parsing artifact substat: atk+18(unactivated)
2026-09-29 02:19:01.102|DEBUG|ArtifactScraper|Parsing artifact substat: elementalmastery+23
2026-09-29 02:19:01.102|DEBUG|ArtifactScraper|Parsing artifact substat: atk+19
2026-09-29 02:19:01.102|DEBUG|ArtifactScraper|Parsing artifact substat: hp+5.3%
2026-09-29 02:19:01.102|DEBUG|ArtifactScraper|Parsing artifact substat: energyrecharge+6.5%
2026-09-29 02:19:01.346|DEBUG|ArtifactScraper|Parsing artifact substat: atk+14
2026-09-29 02:19:01.346|DEBUG|ArtifactScraper|Parsing artifact substat: hp+269
2026-09-29 02:19:01.346|DEBUG|ArtifactScraper|Parsing artifact substat: critrate+3.5%
2026-09-29 02:19:01.346|DEBUG|ArtifactScraper|Parsing artifact substat: energyrecharge+6.5%
2026-09-29 02:19:01.464|DEBUG|ArtifactScraper|Parsing artifact substat: atk+19
2026-09-29 02:19:01.464|DEBUG|ArtifactScraper|Parsing artifact substat: hp+269
2026-09-29 02:19:01.464|DEBUG|ArtifactScraper|Parsing artifact substat: hp+5.3%
2026-09-29 02:19:01.464|DEBUG|ArtifactScraper|Parsing artifact substat: elementalmastery+19
2026-09-29 02:19:01.711|DEBUG|ArtifactScraper|Parsing artifact substat: energyrecharge+4.5%
2026-09-29 02:19:01.711|DEBUG|ArtifactScraper|Parsing artifact substat: hp+239
2026-09-29 02:19:01.711|DEBUG|ArtifactScraper|Parsing artifact substat: critrate+3.1%
2026-09-29 02:19:01.711|DEBUG|ArtifactScraper|Parsing artifact substat: atk+14(unactivated)
2026-09-29 02:19:03.571|DEBUG|ArtifactScraper|Scanning artifact page 9
2026-09-29 02:19:03.571|DEBUG|ArtifactScraper|Located 32 possible item locations on page.
2026-09-29 02:19:04.197|DEBUG|ArtifactScraper|Parsing artifact substat: elementalmastery+23
2026-09-29 02:19:04.197|DEBUG|ArtifactScraper|Parsing artifact substat: atk+19
2026-09-29 02:19:04.197|DEBUG|ArtifactScraper|Parsing artifact substat: critrate+3.1%
2026-09-29 02:19:04.197|DEBUG|ArtifactScraper|Parsing artifact substat: critdmg+6.2%(unactivated)
2026-09-29 02:19:04.589|DEBUG|ArtifactScraper|Parsing artifact substat: elementalmastery+16
2026-09-29 02:19:04.589|DEBUG|ArtifactScraper|Parsing artifact substat: hp+269
2026-09-29 02:19:04.589|DEBUG|ArtifactScraper|Parsing artifact substat: atk+4.7%
2026-09-29 02:19:04.589|DEBUG|ArtifactScraper|Parsing artifact substat: atk+19
2026-09-29 02:19:04.589|DEBUG|ArtifactScraper|Parsing artifact substat: atk+16
2026-09-29 02:19:04.593|DEBUG|ArtifactScraper|Parsing artifact substat: hp+299
2026-09-29 02:19:04.593|DEBUG|ArtifactScraper|Parsing artifact substat: energyrecharge+4.5%
2026-09-29 02:19:04.593|DEBUG|ArtifactScraper|Parsing artifact substat: def+21(unactivated)
2026-09-29 02:19:05.091|DEBUG|ArtifactScraper|Parsing artifact substat: energyrecharge+5.2%
2026-09-29 02:19:05.091|DEBUG|ArtifactScraper|Parsing artifact substat: def+5.1%
2026-09-29 02:19:05.091|DEBUG|ArtifactScraper|Parsing artifact substat: def+21
2026-09-29 02:19:05.091|DEBUG|ArtifactScraper|Parsing artifact substat: elementalmastery+16
2026-09-29 02:19:05.163|DEBUG|ArtifactScraper|Parsing artifact substat: atk+5.8%
2026-09-29 02:19:05.163|DEBUG|ArtifactScraper|Parsing artifact substat: def+5.8%
2026-09-29 02:19:05.163|DEBUG|ArtifactScraper|Parsing artifact substat: def+21
2026-09-29 02:19:05.163|DEBUG|ArtifactScraper|Parsing artifact substat: hp+239(unactivated)
2026-09-29 02:19:05.234|DEBUG|ArtifactScraper|Parsing artifact substat: hp+239
2026-09-29 02:19:05.234|DEBUG|ArtifactScraper|Parsing artifact substat: def+21
2026-09-29 02:19:05.234|DEBUG|ArtifactScraper|Parsing artifact substat: energyrecharge+4.5%
2026-09-29 02:19:05.234|DEBUG|ArtifactScraper|Parsing artifact substat: atk+16(unactivated)
2026-09-29 02:19:05.796|DEBUG|ArtifactScraper|Parsing artifact substat: energyrecharge+5.8%
2026-09-29 02:19:05.796|DEBUG|ArtifactScraper|Parsing artifact substat: atk+18
2026-09-29 02:19:05.796|DEBUG|ArtifactScraper|Parsing artifact substat: elementalmastery+19
2026-09-29 02:19:05.796|DEBUG|ArtifactScraper|Parsing artifact substat: critrate+3.5%(unactivated)
2026-09-29 02:19:05.827|DEBUG|ArtifactScraper|Parsing artifact substat: energyrecharge+5.2%
2026-09-29 02:19:05.827|DEBUG|ArtifactScraper|Parsing artifact substat: atk+16
2026-09-29 02:19:05.827|DEBUG|ArtifactScraper|Parsing artifact substat: def+23
2026-09-29 02:19:05.827|DEBUG|ArtifactScraper|Parsing artifact substat: critrate+2.7%(unactivated)
2026-09-29 02:19:05.833|DEBUG|ArtifactScraper|Parsing artifact substat: hp+5.3%
2026-09-29 02:19:05.833|DEBUG|ArtifactScraper|Parsing artifact substat: atk+19
2026-09-29 02:19:05.833|DEBUG|ArtifactScraper|Parsing artifact substat: def+19
2026-09-29 02:19:05.833|DEBUG|ArtifactScraper|Parsing artifact substat: atk+4.1%(unactivated)
2026-09-29 02:19:06.342|DEBUG|ArtifactScraper|Parsing artifact substat: critrate+3.5%
2026-09-29 02:19:06.342|DEBUG|ArtifactScraper|Parsing artifact substat: def+7.3%
2026-09-29 02:19:06.342|DEBUG|ArtifactScraper|Parsing artifact substat: def+23
2026-09-29 02:19:06.342|DEBUG|ArtifactScraper|Parsing artifact substat: atk+4.7%(unactivated)
2026-09-29 02:19:06.491|DEBUG|ArtifactScraper|Parsing artifact substat: atk+5.3%
2026-09-29 02:19:06.491|DEBUG|ArtifactScraper|Parsing artifact substat: hp+4.7%
2026-09-29 02:19:06.491|DEBUG|ArtifactScraper|Parsing artifact substat: elementalmastery+23
2026-09-29 02:19:06.491|DEBUG|ArtifactScraper|Parsing artifact substat: critdmg+7.8%(unactivated)
2026-09-29 02:19:06.501|DEBUG|ArtifactScraper|Parsing artifact substat: critrate+2.7%
2026-09-29 02:19:06.501|DEBUG|ArtifactScraper|Parsing artifact substat: critdmg+5.4%
2026-09-29 02:19:06.501|DEBUG|ArtifactScraper|Parsing artifact substat: def+5.1%
2026-09-29 02:19:06.501|DEBUG|ArtifactScraper|Parsing artifact substat: atk+4.7%(unactivated)
2026-09-29 02:19:06.902|DEBUG|ArtifactScraper|Parsing artifact substat: atk+5.3%
2026-09-29 02:19:06.902|DEBUG|ArtifactScraper|Parsing artifact substat: def+16
2026-09-29 02:19:06.902|DEBUG|ArtifactScraper|Parsing artifact substat: hp+4.7%
2026-09-29 02:19:06.902|DEBUG|ArtifactScraper|Parsing artifact substat: critrate+3.9%
2026-09-29 02:19:07.222|DEBUG|ArtifactScraper|Parsing artifact substat: elementalmastery+21
2026-09-29 02:19:07.222|DEBUG|ArtifactScraper|Parsing artifact substat: hp+299
2026-09-29 02:19:07.222|DEBUG|ArtifactScraper|Parsing artifact substat: def+23
2026-09-29 02:19:07.222|DEBUG|ArtifactScraper|Parsing artifact substat: energyrecharge+5.8%
2026-09-29 02:19:07.279|DEBUG|ArtifactScraper|Parsing artifact substat: elementalmastery+23
2026-09-29 02:19:07.279|DEBUG|ArtifactScraper|Parsing artifact substat: critrate+3.5%
2026-09-29 02:19:07.279|DEBUG|ArtifactScraper|Parsing artifact substat: hp+5.8%
2026-09-29 02:19:07.279|DEBUG|ArtifactScraper|Parsing artifact substat: atk+14(unactivated)
2026-09-29 02:19:07.553|DEBUG|ArtifactScraper|Parsing artifact substat: elementalmastery+16
2026-09-29 02:19:07.553|DEBUG|ArtifactScraper|Parsing artifact substat: atk+18
2026-09-29 02:19:07.553|DEBUG|ArtifactScraper|Parsing artifact substat: energyrecharge+5.8%
2026-09-29 02:19:07.553|DEBUG|ArtifactScraper|Parsing artifact substat: critrate+3.9%
2026-09-29 02:19:07.843|DEBUG|ArtifactScraper|Parsing artifact substat: critrate+3.5%
2026-09-29 02:19:07.844|DEBUG|ArtifactScraper|Parsing artifact substat: def+21
2026-09-29 02:19:07.844|DEBUG|ArtifactScraper|Parsing artifact substat: atk+4.7%
2026-09-29 02:19:07.844|DEBUG|ArtifactScraper|Parsing artifact substat: elementalmastery+21
2026-09-29 02:19:07.896|DEBUG|ArtifactScraper|Parsing artifact substat: hp+4.1%
2026-09-29 02:19:07.896|DEBUG|ArtifactScraper|Parsing artifact substat: def+19
2026-09-29 02:19:07.896|DEBUG|ArtifactScraper|Parsing artifact substat: def+6.6%
2026-09-29 02:19:07.896|DEBUG|ArtifactScraper|Parsing artifact substat: elementalmastery+19
2026-09-29 02:19:08.230|DEBUG|ArtifactScraper|Parsing artifact substat: energyrecharge+5.2%
2026-09-29 02:19:08.230|DEBUG|ArtifactScraper|Parsing artifact substat: critrate+3.5%
2026-09-29 02:19:08.230|DEBUG|ArtifactScraper|Parsing artifact substat: hp+4.1%
2026-09-29 02:19:08.230|DEBUG|ArtifactScraper|Parsing artifact substat: hp+239(unactivated)
2026-09-29 02:19:08.455|DEBUG|ArtifactScraper|Parsing artifact substat: def+7.3%
2026-09-29 02:19:08.455|DEBUG|ArtifactScraper|Parsing artifact substat: hp+209
2026-09-29 02:19:08.455|DEBUG|ArtifactScraper|Parsing artifact substat: critrate+2.7%
2026-09-29 02:19:08.455|DEBUG|ArtifactScraper|Parsing artifact substat: elementalmastery+19
2026-09-29 02:19:08.455|DEBUG|ArtifactScraper|Parsing artifact substat: hp+5.3%
2026-09-29 02:19:08.476|DEBUG|ArtifactScraper|Parsing artifact substat: energyrecharge+4.5%
2026-09-29 02:19:08.476|DEBUG|ArtifactScraper|Parsing artifact substat: atk+14
2026-09-29 02:19:08.476|DEBUG|ArtifactScraper|Parsing artifact substat: def+21(unactivated)
2026-09-29 02:19:08.831|DEBUG|ArtifactScraper|Parsing artifact substat: critrate+3.1%
2026-09-29 02:19:08.831|DEBUG|ArtifactScraper|Parsing artifact substat: energyrecharge+5.8%
2026-09-29 02:19:08.831|DEBUG|ArtifactScraper|Parsing artifact substat: hp+4.7%
2026-09-29 02:19:08.831|DEBUG|ArtifactScraper|Parsing artifact substat: def+6.6%(unactivated)
2026-09-29 02:19:09.094|DEBUG|ArtifactScraper|Parsing artifact substat: hp+239
2026-09-29 02:19:09.094|DEBUG|ArtifactScraper|Parsing artifact substat: energyrecharge+5.8%
2026-09-29 02:19:09.094|DEBUG|ArtifactScraper|Parsing artifact substat: hp+5.3%
2026-09-29 02:19:09.094|DEBUG|ArtifactScraper|Parsing artifact substat: atk+5.3%
2026-09-29 02:19:09.094|DEBUG|ArtifactScraper|Parsing artifact substat: hp+239
2026-09-29 02:19:09.094|DEBUG|ArtifactScraper|Parsing artifact substat: elementalmastery+16
2026-09-29 02:19:09.094|DEBUG|ArtifactScraper|Parsing artifact substat: def+19
2026-09-29 02:19:09.094|DEBUG|ArtifactScraper|Parsing artifact substat: atk+14(unactivated)
2026-09-29 02:19:09.457|DEBUG|ArtifactScraper|Parsing artifact substat: critdmg+7.8%
2026-09-29 02:19:09.457|DEBUG|ArtifactScraper|Parsing artifact substat: atk+18
2026-09-29 02:19:09.457|DEBUG|ArtifactScraper|Parsing artifact substat: hp+209
2026-09-29 02:19:09.457|DEBUG|ArtifactScraper|Parsing artifact substat: elementalmastery+16
2026-09-29 02:19:09.714|DEBUG|ArtifactScraper|Parsing artifact substat: energyrecharge+5.2%
2026-09-29 02:19:09.714|DEBUG|ArtifactScraper|Parsing artifact substat: atk+18
2026-09-29 02:19:09.714|DEBUG|ArtifactScraper|Parsing artifact substat: elementalmastery+23
2026-09-29 02:19:09.714|DEBUG|ArtifactScraper|Parsing artifact substat: def+16
2026-09-29 02:19:09.749|DEBUG|ArtifactScraper|Finished queuing page of artifacts. Scrolling...
2026-09-29 02:19:09.790|DEBUG|ArtifactScraper|Parsing artifact substat: hp+4.1%
2026-09-29 02:19:09.790|DEBUG|ArtifactScraper|Parsing artifact substat: atk+18
2026-09-29 02:19:09.790|DEBUG|ArtifactScraper|Parsing artifact substat: def+21
2026-09-29 02:19:09.790|DEBUG|ArtifactScraper|Parsing artifact substat: critrate+3.9%(unactivated)
2026-09-29 02:19:10.130|DEBUG|ArtifactScraper|Parsing artifact substat: def+6.6%
2026-09-29 02:19:10.130|DEBUG|ArtifactScraper|Parsing artifact substat: atk+5.8%
2026-09-29 02:19:10.130|DEBUG|ArtifactScraper|Parsing artifact substat: critrate+2.7%
2026-09-29 02:19:10.130|DEBUG|ArtifactScraper|Parsing artifact substat: elementalmastery+23
2026-09-29 02:19:10.320|DEBUG|ArtifactScraper|Parsing artifact substat: atk+16
2026-09-29 02:19:10.320|DEBUG|ArtifactScraper|Parsing artifact substat: def+5.8%
2026-09-29 02:19:10.320|DEBUG|ArtifactScraper|Parsing artifact substat: def+19
2026-09-29 02:19:10.320|DEBUG|ArtifactScraper|Parsing artifact substat: atk+4.1%(unactivated)
2026-09-29 02:19:10.392|DEBUG|ArtifactScraper|Parsing artifact substat: elementalmastery+21
2026-09-29 02:19:10.392|DEBUG|ArtifactScraper|Parsing artifact substat: atk+16
2026-09-29 02:19:10.392|DEBUG|ArtifactScraper|Parsing artifact substat: def+21
2026-09-29 02:19:10.392|DEBUG|ArtifactScraper|Parsing artifact substat: critdmg+7.8%(unactivated)
2026-09-29 02:19:10.751|DEBUG|ArtifactScraper|Parsing artifact substat: critdmg+5.4%
2026-09-29 02:19:10.751|DEBUG|ArtifactScraper|Parsing artifact substat: energyrecharge+4.5%
2026-09-29 02:19:10.751|DEBUG|ArtifactScraper|Parsing artifact substat: critrate+3.1%
2026-09-29 02:19:10.751|DEBUG|ArtifactScraper|Parsing artifact substat: def+5.1%(unactivated)
2026-09-29 02:19:10.866|DEBUG|ArtifactScraper|Parsing artifact substat: hp+5.3%
2026-09-29 02:19:10.866|DEBUG|ArtifactScraper|Parsing artifact substat: elementalmastery+23
2026-09-29 02:19:10.866|DEBUG|ArtifactScraper|Parsing artifact substat: hp+269
2026-09-29 02:19:10.866|DEBUG|ArtifactScraper|Parsing artifact substat: critrate+3.1%
2026-09-29 02:19:13.014|DEBUG|ArtifactScraper|Scanning artifact page 10
2026-09-29 02:19:13.014|DEBUG|ArtifactScraper|Located 32 possible item locations on page.
2026-09-29 02:19:13.621|DEBUG|ArtifactScraper|Parsing artifact substat: def+23
2026-09-29 02:19:13.621|DEBUG|ArtifactScraper|Parsing artifact substat: hp+209
2026-09-29 02:19:13.621|DEBUG|ArtifactScraper|Parsing artifact substat: critdmg+7.8%
2026-09-29 02:19:13.621|DEBUG|ArtifactScraper|Parsing artifact substat: energyrecharge+5.2%
2026-09-29 02:19:13.821|DEBUG|ArtifactScraper|Parsing artifact substat: atk+5.8%
2026-09-29 02:19:13.821|DEBUG|ArtifactScraper|Parsing artifact substat: def+5.8%
2026-09-29 02:19:13.821|DEBUG|ArtifactScraper|Parsing artifact substat: critdmg+7.8%
2026-09-29 02:19:13.821|DEBUG|ArtifactScraper|Parsing artifact substat: hp+5.3%(unactivated)
2026-09-29 02:19:13.997|DEBUG|ArtifactScraper|Parsing artifact substat: critdmg+7.0%
2026-09-29 02:19:13.997|DEBUG|ArtifactScraper|Parsing artifact substat: def+19
2026-09-29 02:19:13.997|DEBUG|ArtifactScraper|Parsing artifact substat: def+6.6%
2026-09-29 02:19:13.997|DEBUG|ArtifactScraper|Parsing artifact substat: energyrecharge+5.8%
2026-09-29 02:19:14.338|DEBUG|ArtifactScraper|Parsing artifact substat: hp+299
2026-09-29 02:19:14.338|DEBUG|ArtifactScraper|Parsing artifact substat: critrate+2.7%
2026-09-29 02:19:14.338|DEBUG|ArtifactScraper|Parsing artifact substat: def+19
2026-09-29 02:19:14.338|DEBUG|ArtifactScraper|Parsing artifact substat: hp+5.3%(unactivated)
2026-09-29 02:19:14.404|DEBUG|ArtifactScraper|Parsing artifact substat: atk+5.8%
2026-09-29 02:19:14.404|DEBUG|ArtifactScraper|Parsing artifact substat: critdmg+6.2%
2026-09-29 02:19:14.404|DEBUG|ArtifactScraper|Parsing artifact substat: atk+19
2026-09-29 02:19:14.404|DEBUG|ArtifactScraper|Parsing artifact substat: elementalmastery+23
2026-09-29 02:19:14.789|DEBUG|ArtifactScraper|Parsing artifact substat: critrate+3.1%
2026-09-29 02:19:14.789|DEBUG|ArtifactScraper|Parsing artifact substat: hp+269
2026-09-29 02:19:14.789|DEBUG|ArtifactScraper|Parsing artifact substat: atk+4.1%
2026-09-29 02:19:14.789|DEBUG|ArtifactScraper|Parsing artifact substat: def+21(unactivated)
2026-09-29 02:19:14.887|DEBUG|ArtifactScraper|Parsing artifact substat: def+19
2026-09-29 02:19:14.887|DEBUG|ArtifactScraper|Parsing artifact substat: atk+4.7%
2026-09-29 02:19:14.887|DEBUG|ArtifactScraper|Parsing artifact substat: elementalmastery+21
2026-09-29 02:19:14.887|DEBUG|ArtifactScraper|Parsing artifact substat: hp+209(unactivated)
2026-09-29 02:19:15.243|DEBUG|ArtifactScraper|Parsing artifact substat: elementalmastery+19
2026-09-29 02:19:15.243|DEBUG|ArtifactScraper|Parsing artifact substat: atk+19
2026-09-29 02:19:15.243|DEBUG|ArtifactScraper|Parsing artifact substat: def+21
2026-09-29 02:19:15.243|DEBUG|ArtifactScraper|Parsing artifact substat: atk+5.3%(unactivated)
2026-09-29 02:19:15.359|DEBUG|ArtifactScraper|Parsing artifact substat: hp+299
2026-09-29 02:19:15.359|DEBUG|ArtifactScraper|Parsing artifact substat: elementalmastery+16
2026-09-29 02:19:15.359|DEBUG|ArtifactScraper|Parsing artifact substat: def+23
2026-09-29 02:19:15.360|DEBUG|ArtifactScraper|Parsing artifact substat: atk+4.1%(unactivated)
2026-09-29 02:19:15.444|DEBUG|ArtifactScraper|Parsing artifact substat: energyrecharge+5.8%
2026-09-29 02:19:15.444|DEBUG|ArtifactScraper|Parsing artifact substat: hp+209
2026-09-29 02:19:15.444|DEBUG|ArtifactScraper|Parsing artifact substat: atk+4.7%
2026-09-29 02:19:15.444|DEBUG|ArtifactScraper|Parsing artifact substat: def+6.6%(unactivated)
2026-09-29 02:19:15.862|DEBUG|ArtifactScraper|Parsing artifact substat: energyrecharge+4.5%
2026-09-29 02:19:15.862|DEBUG|ArtifactScraper|Parsing artifact substat: critrate+3.1%
2026-09-29 02:19:15.862|DEBUG|ArtifactScraper|Parsing artifact substat: atk+14
2026-09-29 02:19:15.862|DEBUG|ArtifactScraper|Parsing artifact substat: def+21(unactivated)
2026-09-29 02:19:16.017|DEBUG|ArtifactScraper|Parsing artifact substat: energyrecharge+6.5%
2026-09-29 02:19:16.017|DEBUG|ArtifactScraper|Parsing artifact substat: atk+18
2026-09-29 02:19:16.017|DEBUG|ArtifactScraper|Parsing artifact substat: hp+4.1%
2026-09-29 02:19:16.017|DEBUG|ArtifactScraper|Parsing artifact substat: elementalmastery+16
2026-09-29 02:19:16.065|DEBUG|ArtifactScraper|Parsing artifact substat: def+5.8%
2026-09-29 02:19:16.065|DEBUG|ArtifactScraper|Parsing artifact substat: def+21
2026-09-29 02:19:16.065|DEBUG|ArtifactScraper|Parsing artifact substat: atk+4.1%
2026-09-29 02:19:16.065|DEBUG|ArtifactScraper|Parsing artifact substat: elementalmastery+21
2026-09-29 02:19:16.469|DEBUG|ArtifactScraper|Parsing artifact substat: hp+269
2026-09-29 02:19:16.469|DEBUG|ArtifactScraper|Parsing artifact substat: atk+5.8%
2026-09-29 02:19:16.469|DEBUG|ArtifactScraper|Parsing artifact substat: def+7.3%
2026-09-29 02:19:16.469|DEBUG|ArtifactScraper|Parsing artifact substat: def+19(unactivated)
2026-09-29 02:19:16.631|DEBUG|ArtifactScraper|Parsing artifact substat: hp+239
2026-09-29 02:19:16.631|DEBUG|ArtifactScraper|Parsing artifact substat: hp+5.8%
2026-09-29 02:19:16.631|DEBUG|ArtifactScraper|Parsing artifact substat: def+19
2026-09-29 02:19:16.631|DEBUG|ArtifactScraper|Parsing artifact substat: energyrecharge+5.8%
2026-09-29 02:19:16.789|DEBUG|ArtifactScraper|Parsing artifact substat: elementalmastery+19
2026-09-29 02:19:16.789|DEBUG|ArtifactScraper|Parsing artifact substat: energyrecharge+4.5%
2026-09-29 02:19:16.789|DEBUG|ArtifactScraper|Parsing artifact substat: def+23
2026-09-29 02:19:16.789|DEBUG|ArtifactScraper|Parsing artifact substat: critrate+3.1%(unactivated)
2026-09-29 02:19:17.046|DEBUG|ArtifactScraper|Parsing artifact substat: def+5.1%
2026-09-29 02:19:17.046|DEBUG|ArtifactScraper|Parsing artifact substat: hp+209
2026-09-29 02:19:17.046|DEBUG|ArtifactScraper|Parsing artifact substat: critdmg+6.2%
2026-09-29 02:19:17.046|DEBUG|ArtifactScraper|Parsing artifact substat: atk+18
2026-09-29 02:19:17.427|DEBUG|ArtifactScraper|Parsing artifact substat: critdmg+7.8%
2026-09-29 02:19:17.427|DEBUG|ArtifactScraper|Parsing artifact substat: atk+19
2026-09-29 02:19:17.427|DEBUG|ArtifactScraper|Parsing artifact substat: atk+4.1%
2026-09-29 02:19:17.427|DEBUG|ArtifactScraper|Parsing artifact substat: hp+5.3%(unactivated)
2026-09-29 02:19:17.427|DEBUG|ArtifactScraper|Parsing artifact substat: def+5.8%
2026-09-29 02:19:17.427|DEBUG|ArtifactScraper|Parsing artifact substat: hp+4.7%
2026-09-29 02:19:17.427|DEBUG|ArtifactScraper|Parsing artifact substat: atk+18
2026-09-29 02:19:17.427|DEBUG|ArtifactScraper|Parsing artifact substat: hp+239(unactivated)
2026-09-29 02:19:17.774|DEBUG|ArtifactScraper|Parsing artifact substat: def+19
2026-09-29 02:19:17.774|DEBUG|ArtifactScraper|Parsing artifact substat: elementalmastery+21
2026-09-29 02:19:17.774|DEBUG|ArtifactScraper|Parsing artifact substat: hp+5.8%
2026-09-29 02:19:17.774|DEBUG|ArtifactScraper|Parsing artifact substat: critdmg+5.4%(unactivated)
2026-09-29 02:19:18.104|DEBUG|ArtifactScraper|Parsing artifact substat: atk+19
2026-09-29 02:19:18.104|DEBUG|ArtifactScraper|Parsing artifact substat: critdmg+5.4%
2026-09-29 02:19:18.104|DEBUG|ArtifactScraper|Parsing artifact substat: critrate+3.1%
2026-09-29 02:19:18.104|DEBUG|ArtifactScraper|Parsing artifact substat: elementalmastery+21
2026-09-29 02:19:18.197|DEBUG|ArtifactScraper|Parsing artifact substat: elementalmastery+23
2026-09-29 02:19:18.197|DEBUG|ArtifactScraper|Parsing artifact substat: def+16
2026-09-29 02:19:18.197|DEBUG|ArtifactScraper|Parsing artifact substat: hp+5.8%
2026-09-29 02:19:18.197|DEBUG|ArtifactScraper|Parsing artifact substat: def+6.6%
2026-09-29 02:19:18.467|DEBUG|ArtifactScraper|Parsing artifact substat: atk+18
2026-09-29 02:19:18.467|DEBUG|ArtifactScraper|Parsing artifact substat: def+21
2026-09-29 02:19:18.467|DEBUG|ArtifactScraper|Parsing artifact substat: def+7.3%
2026-09-29 02:19:18.467|DEBUG|ArtifactScraper|Parsing artifact substat: hp+5.3%(unactivated)
2026-09-29 02:19:18.946|DEBUG|ArtifactScraper|Parsing artifact substat: energyrecharge+5.2%
2026-09-29 02:19:18.946|DEBUG|ArtifactScraper|Parsing artifact substat: def+21
2026-09-29 02:19:18.946|DEBUG|ArtifactScraper|Parsing artifact substat: critdmg+7.0%
2026-09-29 02:19:18.946|DEBUG|ArtifactScraper|Parsing artifact substat: def+6.6%(unactivated)
2026-09-29 02:19:18.956|DEBUG|ArtifactScraper|Parsing artifact substat: hp+4.1%
2026-09-29 02:19:18.956|DEBUG|ArtifactScraper|Parsing artifact substat: critrate+2.7%
2026-09-29 02:19:18.956|DEBUG|ArtifactScraper|Parsing artifact substat: critdmg+6.2%
2026-09-29 02:19:18.956|DEBUG|ArtifactScraper|Parsing artifact substat: energyrecharge+4.5%
2026-09-29 02:19:19.195|DEBUG|ArtifactScraper|Finished queuing page of artifacts. Scrolling...
2026-09-29 02:19:19.254|DEBUG|ArtifactScraper|Parsing artifact substat: critdmg+6.2%
2026-09-29 02:19:19.254|DEBUG|ArtifactScraper|Parsing artifact substat: elementalmastery+21
2026-09-29 02:19:19.254|DEBUG|ArtifactScraper|Parsing artifact substat: def+23
2026-09-29 02:19:19.254|DEBUG|ArtifactScraper|Parsing artifact substat: critrate+2.7%(unactivated)
2026-09-29 02:19:19.607|DEBUG|ArtifactScraper|Parsing artifact substat: energyrecharge+4.5%
2026-09-29 02:19:19.607|DEBUG|ArtifactScraper|Parsing artifact substat: hp+4.1%
2026-09-29 02:19:19.607|DEBUG|ArtifactScraper|Parsing artifact substat: def+6.6%
2026-09-29 02:19:19.607|DEBUG|ArtifactScraper|Parsing artifact substat: def+19(unactivated)
2026-09-29 02:19:19.634|DEBUG|ArtifactScraper|Parsing artifact substat: energyrecharge+5.8%
2026-09-29 02:19:19.634|DEBUG|ArtifactScraper|Parsing artifact substat: hp+5.3%
2026-09-29 02:19:19.634|DEBUG|ArtifactScraper|Parsing artifact substat: def+6.6%
2026-09-29 02:19:19.634|DEBUG|ArtifactScraper|Parsing artifact substat: def+23(unactivated)
2026-09-29 02:19:19.818|DEBUG|ArtifactScraper|Parsing artifact substat: hp+269
2026-09-29 02:19:19.818|DEBUG|ArtifactScraper|Parsing artifact substat: def+6.6%
2026-09-29 02:19:19.818|DEBUG|ArtifactScraper|Parsing artifact substat: hp+5.8%
2026-09-29 02:19:19.818|DEBUG|ArtifactScraper|Parsing artifact substat: def+19(unactivated)
2026-09-29 02:19:20.387|DEBUG|ArtifactScraper|Parsing artifact substat: critdmg+7.0%
2026-09-29 02:19:20.387|DEBUG|ArtifactScraper|Parsing artifact substat: def+23
2026-09-29 02:19:20.387|DEBUG|ArtifactScraper|Parsing artifact substat: energyrecharge+5.2%
2026-09-29 02:19:20.387|DEBUG|ArtifactScraper|Parsing artifact substat: def+6.6%(unactivated)
2026-09-29 02:19:20.394|DEBUG|ArtifactScraper|Parsing artifact substat: def+5.1%
2026-09-29 02:19:20.394|DEBUG|ArtifactScraper|Parsing artifact substat: hp+5.8%
2026-09-29 02:19:20.394|DEBUG|ArtifactScraper|Parsing artifact substat: critrate+2.7%
2026-09-29 02:19:20.394|DEBUG|ArtifactScraper|Parsing artifact substat: hp+299(unactivated)
2026-09-29 02:19:20.535|DEBUG|ArtifactScraper|Parsing artifact substat: elementalmastery+19
2026-09-29 02:19:20.535|DEBUG|ArtifactScraper|Parsing artifact substat: hp+269
2026-09-29 02:19:20.535|DEBUG|ArtifactScraper|Parsing artifact substat: def+23
2026-09-29 02:19:20.535|DEBUG|ArtifactScraper|Parsing artifact substat: atk+19(unactivated)
2026-09-29 02:19:22.723|DEBUG|ArtifactScraper|Scanning artifact page 11
2026-09-29 02:19:22.723|DEBUG|ArtifactScraper|Located 32 possible item locations on page.
2026-09-29 02:19:23.399|DEBUG|ArtifactScraper|Parsing artifact substat: critdmg+7.0%
2026-09-29 02:19:23.399|DEBUG|ArtifactScraper|Parsing artifact substat: hp+209
2026-09-29 02:19:23.399|DEBUG|ArtifactScraper|Parsing artifact substat: def+21
2026-09-29 02:19:23.399|DEBUG|ArtifactScraper|Parsing artifact substat: atk+19(unactivated)
2026-09-29 02:19:23.619|DEBUG|ArtifactScraper|Parsing artifact substat: hp+5.8%
2026-09-29 02:19:23.619|DEBUG|ArtifactScraper|Parsing artifact substat: hp+239
2026-09-29 02:19:23.619|DEBUG|ArtifactScraper|Parsing artifact substat: elementalmastery+16
2026-09-29 02:19:23.619|DEBUG|ArtifactScraper|Parsing artifact substat: atk+16(unactivated)
2026-09-29 02:19:23.877|DEBUG|ArtifactScraper|Parsing artifact substat: hp+209
2026-09-29 02:19:23.877|DEBUG|ArtifactScraper|Parsing artifact substat: atk+14
2026-09-29 02:19:23.877|DEBUG|ArtifactScraper|Parsing artifact substat: critdmg+6.2%
2026-09-29 02:19:23.877|DEBUG|ArtifactScraper|Parsing artifact substat: def+23(unactivated)
2026-09-29 02:19:24.008|DEBUG|ArtifactScraper|Parsing artifact substat: elementalmastery+21
2026-09-29 02:19:24.008|DEBUG|ArtifactScraper|Parsing artifact substat: hp+209
2026-09-29 02:19:24.008|DEBUG|ArtifactScraper|Parsing artifact substat: hp+5.8%
2026-09-29 02:19:24.008|DEBUG|ArtifactScraper|Parsing artifact substat: atk+19
2026-09-29 02:19:24.253|DEBUG|ArtifactScraper|Parsing artifact substat: elementalmastery+23
2026-09-29 02:19:24.253|DEBUG|ArtifactScraper|Parsing artifact substat: def+7.3%
2026-09-29 02:19:24.253|DEBUG|ArtifactScraper|Parsing artifact substat: atk+4.7%
2026-09-29 02:19:24.253|DEBUG|ArtifactScraper|Parsing artifact substat: hp+209(unactivated)
2026-09-29 02:19:24.632|DEBUG|ArtifactScraper|Parsing artifact substat: hp+239
2026-09-29 02:19:24.632|DEBUG|ArtifactScraper|Parsing artifact substat: elementalmastery+21
2026-09-29 02:19:24.632|DEBUG|ArtifactScraper|Parsing artifact substat: critdmg+5.4%
2026-09-29 02:19:24.632|DEBUG|ArtifactScraper|Parsing artifact substat: hp+4.7%(unactivated)
2026-09-29 02:19:24.688|DEBUG|ArtifactScraper|Parsing artifact substat: def+21
2026-09-29 02:19:24.688|DEBUG|ArtifactScraper|Parsing artifact substat: atk+4.1%
2026-09-29 02:19:24.688|DEBUG|ArtifactScraper|Parsing artifact substat: energyrecharge+5.2%
2026-09-29 02:19:24.688|DEBUG|ArtifactScraper|Parsing artifact substat: hp+5.3%(unactivated)
2026-09-29 02:19:24.906|DEBUG|ArtifactScraper|Parsing artifact substat: def+16
2026-09-29 02:19:24.906|DEBUG|ArtifactScraper|Parsing artifact substat: atk+4.7%
2026-09-29 02:19:24.906|DEBUG|ArtifactScraper|Parsing artifact substat: hp+299
2026-09-29 02:19:24.906|DEBUG|ArtifactScraper|Parsing artifact substat: hp+4.7%(unactivated)
2026-09-29 02:19:25.352|DEBUG|ArtifactScraper|Parsing artifact substat: def+21
2026-09-29 02:19:25.352|DEBUG|ArtifactScraper|Parsing artifact substat: atk+16
2026-09-29 02:19:25.352|DEBUG|ArtifactScraper|Parsing artifact substat: atk+5.8%
2026-09-29 02:19:25.352|DEBUG|ArtifactScraper|Parsing artifact substat: critrate+2.7%(unactivated)
2026-09-29 02:19:25.446|DEBUG|ArtifactScraper|Parsing artifact substat: hp+269
2026-09-29 02:19:25.446|DEBUG|ArtifactScraper|Parsing artifact substat: elementalmastery+16
2026-09-29 02:19:25.446|DEBUG|ArtifactScraper|Parsing artifact substat: critrate+2.7%
2026-09-29 02:19:25.446|DEBUG|ArtifactScraper|Parsing artifact substat: critdmg+5.4%(unactivated)
2026-09-29 02:19:25.571|DEBUG|ArtifactScraper|Parsing artifact substat: atk+14
2026-09-29 02:19:25.571|DEBUG|ArtifactScraper|Parsing artifact substat: energyrecharge+5.2%
2026-09-29 02:19:25.571|DEBUG|ArtifactScraper|Parsing artifact substat: def+5.8%
2026-09-29 02:19:25.571|DEBUG|ArtifactScraper|Parsing artifact substat: elementalmastery+21
2026-09-29 02:19:26.126|DEBUG|ArtifactScraper|Parsing artifact substat: def+16
2026-09-29 02:19:26.126|DEBUG|ArtifactScraper|Parsing artifact substat: hp+209
2026-09-29 02:19:26.126|DEBUG|ArtifactScraper|Parsing artifact substat: elementalmastery+21
2026-09-29 02:19:26.126|DEBUG|ArtifactScraper|Parsing artifact substat: atk+5.8%
2026-09-29 02:19:26.305|DEBUG|ArtifactScraper|Parsing artifact substat: def+7.3%
2026-09-29 02:19:26.305|DEBUG|ArtifactScraper|Parsing artifact substat: critrate+3.1%
2026-09-29 02:19:26.305|DEBUG|ArtifactScraper|Parsing artifact substat: hp+4.1%
2026-09-29 02:19:26.305|DEBUG|ArtifactScraper|Parsing artifact substat: energyrecharge+5.8%
2026-09-29 02:19:26.317|DEBUG|ArtifactScraper|Parsing artifact substat: critrate+3.1%
2026-09-29 02:19:26.317|DEBUG|ArtifactScraper|Parsing artifact substat: def+21
2026-09-29 02:19:26.317|DEBUG|ArtifactScraper|Parsing artifact substat: critdmg+6.2%
2026-09-29 02:19:26.317|DEBUG|ArtifactScraper|Parsing artifact substat: atk+18(unactivated)
2026-09-29 02:19:26.946|DEBUG|ArtifactScraper|Parsing artifact substat: elementalmastery+19
2026-09-29 02:19:26.946|DEBUG|ArtifactScraper|Parsing artifact substat: hp+4.1%
2026-09-29 02:19:26.946|DEBUG|ArtifactScraper|Parsing artifact substat: def+21
2026-09-29 02:19:26.946|DEBUG|ArtifactScraper|Parsing artifact substat: energyrecharge+4.5%
2026-09-29 02:19:26.986|DEBUG|ArtifactScraper|Parsing artifact substat: atk+18
2026-09-29 02:19:26.986|DEBUG|ArtifactScraper|Parsing artifact substat: def+7.3%
2026-09-29 02:19:26.986|DEBUG|ArtifactScraper|Parsing artifact substat: atk+5.8%
2026-09-29 02:19:26.986|DEBUG|ArtifactScraper|Parsing artifact substat: energyrecharge+4.5%
2026-09-29 02:19:27.063|DEBUG|ArtifactScraper|Parsing artifact substat: atk+4.7%
2026-09-29 02:19:27.063|DEBUG|ArtifactScraper|Parsing artifact substat: hp+4.1%
2026-09-29 02:19:27.063|DEBUG|ArtifactScraper|Parsing artifact substat: elementalmastery+19
2026-09-29 02:19:27.063|DEBUG|ArtifactScraper|Parsing artifact substat: critrate+3.5%(unactivated)
2026-09-29 02:19:27.558|DEBUG|ArtifactScraper|Parsing artifact substat: def+21
2026-09-29 02:19:27.558|DEBUG|ArtifactScraper|Parsing artifact substat: atk+16
2026-09-29 02:19:27.558|DEBUG|ArtifactScraper|Parsing artifact substat: energyrecharge+6.5%
2026-09-29 02:19:27.558|DEBUG|ArtifactScraper|Parsing artifact substat: critrate+3.5%(unactivated)
2026-09-29 02:19:27.721|DEBUG|ArtifactScraper|Parsing artifact substat: elementalmastery+23
2026-09-29 02:19:27.721|DEBUG|ArtifactScraper|Parsing artifact substat: energyrecharge+4.5%
2026-09-29 02:19:27.721|DEBUG|ArtifactScraper|Parsing artifact substat: hp+5.3%
2026-09-29 02:19:27.721|DEBUG|ArtifactScraper|Parsing artifact substat: critrate+2.7%(unactivated)
2026-09-29 02:19:27.774|DEBUG|ArtifactScraper|Parsing artifact substat: energyrecharge+4.5%
2026-09-29 02:19:27.774|DEBUG|ArtifactScraper|Parsing artifact substat: atk+5.3%
2026-09-29 02:19:27.774|DEBUG|ArtifactScraper|Parsing artifact substat: hp+4.7%
2026-09-29 02:19:27.774|DEBUG|ArtifactScraper|Parsing artifact substat: critdmg+5.4%(unactivated)
2026-09-29 02:19:28.185|DEBUG|ArtifactScraper|Parsing artifact substat: atk+4.7%
2026-09-29 02:19:28.185|DEBUG|ArtifactScraper|Parsing artifact substat: def+7.3%
2026-09-29 02:19:28.185|DEBUG|ArtifactScraper|Parsing artifact substat: def+23
2026-09-29 02:19:28.185|DEBUG|ArtifactScraper|Parsing artifact substat: critrate+3.5%(unactivated)
2026-09-29 02:19:28.311|DEBUG|ArtifactScraper|Parsing artifact substat: def+5.8%
2026-09-29 02:19:28.312|DEBUG|ArtifactScraper|Parsing artifact substat: hp+269
2026-09-29 02:19:28.312|DEBUG|ArtifactScraper|Parsing artifact substat: def+16
2026-09-29 02:19:28.312|DEBUG|ArtifactScraper|Parsing artifact substat: hp+4.7%(unactivated)
2026-09-29 02:19:28.365|DEBUG|ArtifactScraper|Parsing artifact substat: atk+4.1%
2026-09-29 02:19:28.365|DEBUG|ArtifactScraper|Parsing artifact substat: def+23
2026-09-29 02:19:28.365|DEBUG|ArtifactScraper|Parsing artifact substat: energyrecharge+6.5%
2026-09-29 02:19:28.365|DEBUG|ArtifactScraper|Parsing artifact substat: hp+269(unactivated)
2026-09-29 02:19:28.722|DEBUG|ArtifactScraper|Parsing artifact substat: hp+239
2026-09-29 02:19:28.722|DEBUG|ArtifactScraper|Parsing artifact substat: def+21
2026-09-29 02:19:28.722|DEBUG|ArtifactScraper|Parsing artifact substat: critrate+2.7%
2026-09-29 02:19:28.722|DEBUG|ArtifactScraper|Parsing artifact substat: critdmg+5.4%
2026-09-29 02:19:28.877|DEBUG|ArtifactScraper|Parsing artifact substat: atk+18
2026-09-29 02:19:28.877|DEBUG|ArtifactScraper|Parsing artifact substat: atk+5.8%
2026-09-29 02:19:28.877|DEBUG|ArtifactScraper|Parsing artifact substat: def+7.3%
2026-09-29 02:19:28.877|DEBUG|ArtifactScraper|Parsing artifact substat: elementalmastery+16
2026-09-29 02:19:28.964|DEBUG|ArtifactScraper|Finished queuing page of artifacts. Scrolling...
2026-09-29 02:19:28.979|DEBUG|ArtifactScraper|Parsing artifact substat: critdmg+6.2%
2026-09-29 02:19:28.979|DEBUG|ArtifactScraper|Parsing artifact substat: elementalmastery+19
2026-09-29 02:19:28.979|DEBUG|ArtifactScraper|Parsing artifact substat: hp+269
2026-09-29 02:19:28.979|DEBUG|ArtifactScraper|Parsing artifact substat: critrate+3.1%(unactivated)
2026-09-29 02:19:29.199|DEBUG|ArtifactScraper|Parsing artifact substat: energyrecharge+6.5%
2026-09-29 02:19:29.199|DEBUG|ArtifactScraper|Parsing artifact substat: hp+5.3%
2026-09-29 02:19:29.199|DEBUG|ArtifactScraper|Parsing artifact substat: atk+19
2026-09-29 02:19:29.199|DEBUG|ArtifactScraper|Parsing artifact substat: def+16
2026-09-29 02:19:29.400|DEBUG|ArtifactScraper|Parsing artifact substat: hp+209
2026-09-29 02:19:29.400|DEBUG|ArtifactScraper|Parsing artifact substat: energyrecharge+5.2%
2026-09-29 02:19:29.400|DEBUG|ArtifactScraper|Parsing artifact substat: def+7.3%
2026-09-29 02:19:29.400|DEBUG|ArtifactScraper|Parsing artifact substat: hp+4.7%(unactivated)
2026-09-29 02:19:29.486|DEBUG|ArtifactScraper|Parsing artifact substat: critrate+3.5%
2026-09-29 02:19:29.486|DEBUG|ArtifactScraper|Parsing artifact substat: hp+209
2026-09-29 02:19:29.486|DEBUG|ArtifactScraper|Parsing artifact substat: hp+4.7%
2026-09-29 02:19:29.486|DEBUG|ArtifactScraper|Parsing artifact substat: elementalmastery+23
2026-09-29 02:19:29.774|DEBUG|ArtifactScraper|Parsing artifact substat: energyrecharge+6.5%
2026-09-29 02:19:29.774|DEBUG|ArtifactScraper|Parsing artifact substat: critrate+3.5%
2026-09-29 02:19:29.774|DEBUG|ArtifactScraper|Parsing artifact substat: def+23
2026-09-29 02:19:29.774|DEBUG|ArtifactScraper|Parsing artifact substat: elementalmastery+16
2026-09-29 02:19:29.968|DEBUG|ArtifactScraper|Parsing artifact substat: hp+239
2026-09-29 02:19:29.968|DEBUG|ArtifactScraper|Parsing artifact substat: def+21
2026-09-29 02:19:29.968|DEBUG|ArtifactScraper|Parsing artifact substat: critdmg+7.0%
2026-09-29 02:19:29.968|DEBUG|ArtifactScraper|Parsing artifact substat: def+5.1%(unactivated)
2026-09-29 02:19:30.042|DEBUG|ArtifactScraper|Parsing artifact substat: def+21
2026-09-29 02:19:30.042|DEBUG|ArtifactScraper|Parsing artifact substat: hp+269
2026-09-29 02:19:30.042|DEBUG|ArtifactScraper|Parsing artifact substat: hp+4.7%
2026-09-29 02:19:30.042|DEBUG|ArtifactScraper|Parsing artifact substat: def+5.1%(unactivated)
2026-09-29 02:19:31.946|DEBUG|ArtifactScraper|Scanning artifact page 12
2026-09-29 02:19:31.946|DEBUG|ArtifactScraper|Located 32 possible item locations on page.
2026-09-29 02:19:32.504|DEBUG|ArtifactScraper|Parsing artifact substat: hp+269
2026-09-29 02:19:32.504|DEBUG|ArtifactScraper|Parsing artifact substat: def+23
2026-09-29 02:19:32.504|DEBUG|ArtifactScraper|Parsing artifact substat: atk+4.1%
2026-09-29 02:19:32.504|DEBUG|ArtifactScraper|Parsing artifact substat: hp+4.1%(unactivated)
2026-09-29 02:19:32.864|DEBUG|ArtifactScraper|Parsing artifact substat: atk+16
2026-09-29 02:19:32.864|DEBUG|ArtifactScraper|Parsing artifact substat: critrate+2.7%
2026-09-29 02:19:32.864|DEBUG|ArtifactScraper|Parsing artifact substat: def+6.6%
2026-09-29 02:19:32.864|DEBUG|ArtifactScraper|Parsing artifact substat: hp+299(unactivated)
2026-09-29 02:19:32.875|DEBUG|ArtifactScraper|Parsing artifact substat: def+23
2026-09-29 02:19:32.875|DEBUG|ArtifactScraper|Parsing artifact substat: energyrecharge+5.2%
2026-09-29 02:19:32.875|DEBUG|ArtifactScraper|Parsing artifact substat: atk+18
2026-09-29 02:19:32.875|DEBUG|ArtifactScraper|Parsing artifact substat: hp+209(unactivated)
2026-09-29 02:19:33.312|DEBUG|ArtifactScraper|Parsing artifact substat: elementalmastery+16
2026-09-29 02:19:33.312|DEBUG|ArtifactScraper|Parsing artifact substat: atk+18
2026-09-29 02:19:33.312|DEBUG|ArtifactScraper|Parsing artifact substat: def+23
2026-09-29 02:19:33.312|DEBUG|ArtifactScraper|Parsing artifact substat: critdmg+7.0%(unactivated)
2026-09-29 02:19:33.455|DEBUG|ArtifactScraper|Parsing artifact substat: atk+18
2026-09-29 02:19:33.455|DEBUG|ArtifactScraper|Parsing artifact substat: def+16
2026-09-29 02:19:33.455|DEBUG|ArtifactScraper|Parsing artifact substat: hp+299
2026-09-29 02:19:33.455|DEBUG|ArtifactScraper|Parsing artifact substat: critdmg+7.0%(unactivated)
2026-09-29 02:19:33.722|DEBUG|ArtifactScraper|Parsing artifact substat: critdmg+7.8%
2026-09-29 02:19:33.722|DEBUG|ArtifactScraper|Parsing artifact substat: hp+4.1%
2026-09-29 02:19:33.722|DEBUG|ArtifactScraper|Parsing artifact substat: def+5.1%
2026-09-29 02:19:33.722|DEBUG|ArtifactScraper|Parsing artifact substat: critrate+3.5%
2026-09-29 02:19:33.926|DEBUG|ArtifactScraper|Parsing artifact substat: hp+5.3%
2026-09-29 02:19:33.926|DEBUG|ArtifactScraper|Parsing artifact substat: atk+4.7%
2026-09-29 02:19:33.926|DEBUG|ArtifactScraper|Parsing artifact substat: atk+18
2026-09-29 02:19:33.926|DEBUG|ArtifactScraper|Parsing artifact substat: hp+239(unactivated)
2026-09-29 02:19:34.080|DEBUG|ArtifactScraper|Parsing artifact substat: hp+299
2026-09-29 02:19:34.080|DEBUG|ArtifactScraper|Parsing artifact substat: atk+19
2026-09-29 02:19:34.080|DEBUG|ArtifactScraper|Parsing artifact substat: elementalmastery+16
2026-09-29 02:19:34.080|DEBUG|ArtifactScraper|Parsing artifact substat: def+23
2026-09-29 02:19:34.299|DEBUG|ArtifactScraper|Parsing artifact substat: hp+5.3%
2026-09-29 02:19:34.299|DEBUG|ArtifactScraper|Parsing artifact substat: atk+16
2026-09-29 02:19:34.299|DEBUG|ArtifactScraper|Parsing artifact substat: def+6.6%
2026-09-29 02:19:34.299|DEBUG|ArtifactScraper|Parsing artifact substat: energyrecharge+4.5%
2026-09-29 02:19:34.787|DEBUG|ArtifactScraper|Parsing artifact substat: def+23
2026-09-29 02:19:34.787|DEBUG|ArtifactScraper|Parsing artifact substat: critrate+2.7%
2026-09-29 02:19:34.787|DEBUG|ArtifactScraper|Parsing artifact substat: hp+209
2026-09-29 02:19:34.787|DEBUG|ArtifactScraper|Parsing artifact substat: elementalmastery+19
2026-09-29 02:19:34.799|DEBUG|ArtifactScraper|Parsing artifact substat: critrate+3.5%
2026-09-29 02:19:34.799|DEBUG|ArtifactScraper|Parsing artifact substat: def+23
2026-09-29 02:19:34.799|DEBUG|ArtifactScraper|Parsing artifact substat: elementalmastery+16
2026-09-29 02:19:34.799|DEBUG|ArtifactScraper|Parsing artifact substat: def+5.8%(unactivated)
2026-09-29 02:19:34.984|DEBUG|ArtifactScraper|Parsing artifact substat: energyrecharge+6.5%
2026-09-29 02:19:34.984|DEBUG|ArtifactScraper|Parsing artifact substat: def+19
2026-09-29 02:19:34.984|DEBUG|ArtifactScraper|Parsing artifact substat: elementalmastery+16
2026-09-29 02:19:34.984|DEBUG|ArtifactScraper|Parsing artifact substat: atk+5.3%(unactivated)
2026-09-29 02:19:35.409|DEBUG|ArtifactScraper|Parsing artifact substat: energyrecharge+5.8%
2026-09-29 02:19:35.409|DEBUG|ArtifactScraper|Parsing artifact substat: hp+5.3%
2026-09-29 02:19:35.409|DEBUG|ArtifactScraper|Parsing artifact substat: atk+14
2026-09-29 02:19:35.409|DEBUG|ArtifactScraper|Parsing artifact substat: hp+299(unactivated)
2026-09-29 02:19:35.409|DEBUG|ArtifactScraper|Parsing artifact substat: def+16
2026-09-29 02:19:35.409|DEBUG|ArtifactScraper|Parsing artifact substat: def+5.1%
2026-09-29 02:19:35.409|DEBUG|ArtifactScraper|Parsing artifact substat: energyrecharge+4.5%
2026-09-29 02:19:35.409|DEBUG|ArtifactScraper|Parsing artifact substat: elementalmastery+23
2026-09-29 02:19:35.613|DEBUG|ArtifactScraper|Parsing artifact substat: def+16
2026-09-29 02:19:35.613|DEBUG|ArtifactScraper|Parsing artifact substat: atk+19
2026-09-29 02:19:35.613|DEBUG|ArtifactScraper|Parsing artifact substat: critrate+3.5%
2026-09-29 02:19:35.613|DEBUG|ArtifactScraper|Parsing artifact substat: atk+5.8%(unactivated)
2026-09-29 02:19:36.000|DEBUG|ArtifactScraper|Parsing artifact substat: def+5.1%
2026-09-29 02:19:36.000|DEBUG|ArtifactScraper|Parsing artifact substat: def+23
2026-09-29 02:19:36.000|DEBUG|ArtifactScraper|Parsing artifact substat: atk+18
2026-09-29 02:19:36.000|DEBUG|ArtifactScraper|Parsing artifact substat: hp+4.7%
2026-09-29 02:19:36.065|DEBUG|ArtifactScraper|Parsing artifact substat: def+19
2026-09-29 02:19:36.065|DEBUG|ArtifactScraper|Parsing artifact substat: atk+16
2026-09-29 02:19:36.065|DEBUG|ArtifactScraper|Parsing artifact substat: critdmg+7.0%
2026-09-29 02:19:36.065|DEBUG|ArtifactScraper|Parsing artifact substat: elementalmastery+23
2026-09-29 02:19:36.284|DEBUG|ArtifactScraper|Parsing artifact substat: hp+5.3%
2026-09-29 02:19:36.284|DEBUG|ArtifactScraper|Parsing artifact substat: def+23
2026-09-29 02:19:36.284|DEBUG|ArtifactScraper|Parsing artifact substat: elementalmastery+16
2026-09-29 02:19:36.284|DEBUG|ArtifactScraper|Parsing artifact substat: energyrecharge+6.5%
2026-09-29 02:19:36.631|DEBUG|ArtifactScraper|Parsing artifact substat: critdmg+7.0%
2026-09-29 02:19:36.631|DEBUG|ArtifactScraper|Parsing artifact substat: energyrecharge+4.5%
2026-09-29 02:19:36.631|DEBUG|ArtifactScraper|Parsing artifact substat: atk+18
2026-09-29 02:19:36.631|DEBUG|ArtifactScraper|Parsing artifact substat: hp+4.7%
2026-09-29 02:19:36.729|DEBUG|ArtifactScraper|Parsing artifact substat: energyrecharge+5.8%
2026-09-29 02:19:36.729|DEBUG|ArtifactScraper|Parsing artifact substat: def+16
2026-09-29 02:19:36.729|DEBUG|ArtifactScraper|Parsing artifact substat: hp+5.3%
2026-09-29 02:19:36.729|DEBUG|ArtifactScraper|Parsing artifact substat: atk+5.8%(unactivated)
2026-09-29 02:19:36.881|DEBUG|ArtifactScraper|Parsing artifact substat: atk+16
2026-09-29 02:19:36.881|DEBUG|ArtifactScraper|Parsing artifact substat: critdmg+5.4%
2026-09-29 02:19:36.881|DEBUG|ArtifactScraper|Parsing artifact substat: def+6.6%
2026-09-29 02:19:36.881|DEBUG|ArtifactScraper|Parsing artifact substat: hp+5.8%(unactivated)
2026-09-29 02:19:37.253|DEBUG|ArtifactScraper|Parsing artifact substat: energyrecharge+4.5%
2026-09-29 02:19:37.253|DEBUG|ArtifactScraper|Parsing artifact substat: def+5.8%
2026-09-29 02:19:37.253|DEBUG|ArtifactScraper|Parsing artifact substat: atk+19
2026-09-29 02:19:37.253|DEBUG|ArtifactScraper|Parsing artifact substat: hp+4.7%(unactivated)
2026-09-29 02:19:37.359|DEBUG|ArtifactScraper|Parsing artifact substat: hp+4.7%
2026-09-29 02:19:37.359|DEBUG|ArtifactScraper|Parsing artifact substat: energyrecharge+5.8%
2026-09-29 02:19:37.359|DEBUG|ArtifactScraper|Parsing artifact substat: atk+16
2026-09-29 02:19:37.359|DEBUG|ArtifactScraper|Parsing artifact substat: def+21(unactivated)
2026-09-29 02:19:37.545|DEBUG|ArtifactScraper|Parsing artifact substat: energyrecharge+5.8%
2026-09-29 02:19:37.545|DEBUG|ArtifactScraper|Parsing artifact substat: def+19
2026-09-29 02:19:37.545|DEBUG|ArtifactScraper|Parsing artifact substat: def+6.6%
2026-09-29 02:19:37.545|DEBUG|ArtifactScraper|Parsing artifact substat: atk+18(unactivated)
2026-09-29 02:19:37.968|DEBUG|ArtifactScraper|Parsing artifact substat: elementalmastery+23
2026-09-29 02:19:37.968|DEBUG|ArtifactScraper|Parsing artifact substat: def+5.1%
2026-09-29 02:19:37.968|DEBUG|ArtifactScraper|Parsing artifact substat: hp+269
2026-09-29 02:19:37.968|DEBUG|ArtifactScraper|Parsing artifact substat: energyrecharge+5.2%
2026-09-29 02:19:38.072|DEBUG|ArtifactScraper|Parsing artifact substat: def+6.6%
2026-09-29 02:19:38.072|DEBUG|ArtifactScraper|Parsing artifact substat: hp+209
2026-09-29 02:19:38.072|DEBUG|ArtifactScraper|Parsing artifact substat: energyrecharge+4.5%
2026-09-29 02:19:38.072|DEBUG|ArtifactScraper|Parsing artifact substat: def+16
2026-09-29 02:19:38.119|DEBUG|ArtifactScraper|Finished queuing page of artifacts. Scrolling...
2026-09-29 02:19:38.227|DEBUG|ArtifactScraper|Parsing artifact substat: def+19
2026-09-29 02:19:38.227|DEBUG|ArtifactScraper|Parsing artifact substat: def+6.6%
2026-09-29 02:19:38.227|DEBUG|ArtifactScraper|Parsing artifact substat: hp+239
2026-09-29 02:19:38.227|DEBUG|ArtifactScraper|Parsing artifact substat: atk+4.7%
2026-09-29 02:19:38.644|DEBUG|ArtifactScraper|Parsing artifact substat: critrate+3.5%
2026-09-29 02:19:38.644|DEBUG|ArtifactScraper|Parsing artifact substat: hp+299
2026-09-29 02:19:38.644|DEBUG|ArtifactScraper|Parsing artifact substat: def+6.6%
2026-09-29 02:19:38.644|DEBUG|ArtifactScraper|Parsing artifact substat: energyrecharge+5.2%
2026-09-29 02:19:38.706|DEBUG|ArtifactScraper|Scrolled back one
2026-09-29 02:19:38.734|DEBUG|ArtifactScraper|Parsing artifact substat: hp+4.7%
2026-09-29 02:19:38.734|DEBUG|ArtifactScraper|Parsing artifact substat: energyrecharge+6.5%
2026-09-29 02:19:38.734|DEBUG|ArtifactScraper|Parsing artifact substat: def+21
2026-09-29 02:19:38.734|DEBUG|ArtifactScraper|Parsing artifact substat: hp+299
2026-09-29 02:19:38.908|DEBUG|ArtifactScraper|Parsing artifact substat: atk+5.3%
2026-09-29 02:19:38.908|DEBUG|ArtifactScraper|Parsing artifact substat: def+6.6%
2026-09-29 02:19:38.908|DEBUG|ArtifactScraper|Parsing artifact substat: critrate+3.9%
2026-09-29 02:19:38.908|DEBUG|ArtifactScraper|Parsing artifact substat: elementalmastery+23
2026-09-29 02:19:39.290|DEBUG|ArtifactScraper|Parsing artifact substat: def+6.6%
2026-09-29 02:19:39.290|DEBUG|ArtifactScraper|Parsing artifact substat: atk+4.7%
2026-09-29 02:19:39.290|DEBUG|ArtifactScraper|Parsing artifact substat: hp+209
2026-09-29 02:19:39.290|DEBUG|ArtifactScraper|Parsing artifact substat: def+16(unactivated)
2026-09-29 02:19:39.290|DEBUG|ArtifactScraper|Parsing artifact substat: elementalmastery+23
2026-09-29 02:19:39.290|DEBUG|ArtifactScraper|Parsing artifact substat: def+21
2026-09-29 02:19:39.290|DEBUG|ArtifactScraper|Parsing artifact substat: energyrecharge+5.8%
2026-09-29 02:19:39.290|DEBUG|ArtifactScraper|Parsing artifact substat: critdmg+7.8%(unactivated)
2026-09-29 02:19:41.524|DEBUG|ArtifactScraper|Scanning artifact page 13
2026-09-29 02:19:41.524|DEBUG|ArtifactScraper|Located 32 possible item locations on page.
2026-09-29 02:19:42.221|DEBUG|ArtifactScraper|Parsing artifact substat: def+16
2026-09-29 02:19:42.221|DEBUG|ArtifactScraper|Parsing artifact substat: atk+5.3%
2026-09-29 02:19:42.221|DEBUG|ArtifactScraper|Parsing artifact substat: elementalmastery+19
2026-09-29 02:19:42.221|DEBUG|ArtifactScraper|Parsing artifact substat: energyrecharge+5.8%
2026-09-29 02:19:42.489|DEBUG|ArtifactScraper|Parsing artifact substat: hp+269
2026-09-29 02:19:42.489|DEBUG|ArtifactScraper|Parsing artifact substat: atk+5.8%
2026-09-29 02:19:42.489|DEBUG|ArtifactScraper|Parsing artifact substat: hp+5.3%
2026-09-29 02:19:42.489|DEBUG|ArtifactScraper|Parsing artifact substat: energyrecharge+5.2%
2026-09-29 02:19:42.653|DEBUG|ArtifactScraper|Parsing artifact substat: def+23
2026-09-29 02:19:42.653|DEBUG|ArtifactScraper|Parsing artifact substat: atk+5.8%
2026-09-29 02:19:42.653|DEBUG|ArtifactScraper|Parsing artifact substat: critrate+3.1%
2026-09-29 02:19:42.653|DEBUG|ArtifactScraper|Parsing artifact substat: hp+5.8%(unactivated)
2026-09-29 02:19:42.879|DEBUG|ArtifactScraper|Parsing artifact substat: def+16
2026-09-29 02:19:42.879|DEBUG|ArtifactScraper|Parsing artifact substat: hp+239
2026-09-29 02:19:42.879|DEBUG|ArtifactScraper|Parsing artifact substat: def+5.1%
2026-09-29 02:19:42.879|DEBUG|ArtifactScraper|Parsing artifact substat: critdmg+7.0%(unactivated)
2026-09-29 02:19:43.107|DEBUG|ArtifactScraper|Parsing artifact substat: critdmg+7.8%
2026-09-29 02:19:43.107|DEBUG|ArtifactScraper|Parsing artifact substat: def+5.1%
2026-09-29 02:19:43.107|DEBUG|ArtifactScraper|Parsing artifact substat: def+21
2026-09-29 02:19:43.107|DEBUG|ArtifactScraper|Parsing artifact substat: hp+299(unactivated)
2026-09-29 02:19:43.290|DEBUG|ArtifactScraper|Parsing artifact substat: hp+239
2026-09-29 02:19:43.290|DEBUG|ArtifactScraper|Parsing artifact substat: def+19
2026-09-29 02:19:43.290|DEBUG|ArtifactScraper|Parsing artifact substat: elementalmastery+21
2026-09-29 02:19:43.290|DEBUG|ArtifactScraper|Parsing artifact substat: energyrecharge+5.8%
2026-09-29 02:19:43.469|DEBUG|ArtifactScraper|Parsing artifact substat: def+19
2026-09-29 02:19:43.469|DEBUG|ArtifactScraper|Parsing artifact substat: atk+4.1%
2026-09-29 02:19:43.469|DEBUG|ArtifactScraper|Parsing artifact substat: hp+5.3%
2026-09-29 02:19:43.469|DEBUG|ArtifactScraper|Parsing artifact substat: energyrecharge+4.5%
2026-09-29 02:19:43.716|DEBUG|ArtifactScraper|Parsing artifact substat: def+6.6%
2026-09-29 02:19:43.716|DEBUG|ArtifactScraper|Parsing artifact substat: atk+5.3%
2026-09-29 02:19:43.716|DEBUG|ArtifactScraper|Parsing artifact substat: critrate+3.1%
2026-09-29 02:19:43.716|DEBUG|ArtifactScraper|Parsing artifact substat: energyrecharge+6.5%
2026-09-29 02:19:43.891|DEBUG|ArtifactScraper|Parsing artifact substat: def+5.8%
2026-09-29 02:19:43.891|DEBUG|ArtifactScraper|Parsing artifact substat: hp+209
2026-09-29 02:19:43.891|DEBUG|ArtifactScraper|Parsing artifact substat: def+23
2026-09-29 02:19:43.891|DEBUG|ArtifactScraper|Parsing artifact substat: elementalmastery+16
2026-09-29 02:19:44.068|DEBUG|ArtifactScraper|Parsing artifact substat: hp+239
2026-09-29 02:19:44.068|DEBUG|ArtifactScraper|Parsing artifact substat: critrate+2.7%
2026-09-29 02:19:44.068|DEBUG|ArtifactScraper|Parsing artifact substat: elementalmastery+19
2026-09-29 02:19:44.068|DEBUG|ArtifactScraper|Parsing artifact substat: hp+4.7%
2026-09-29 02:19:44.319|DEBUG|ArtifactScraper|Parsing artifact substat: critrate+3.5%
2026-09-29 02:19:44.319|DEBUG|ArtifactScraper|Parsing artifact substat: def+5.1%
2026-09-29 02:19:44.319|DEBUG|ArtifactScraper|Parsing artifact substat: critdmg+5.4%
2026-09-29 02:19:44.319|DEBUG|ArtifactScraper|Parsing artifact substat: energyrecharge+4.5%
2026-09-29 02:19:44.486|DEBUG|ArtifactScraper|Parsing artifact substat: def+21
2026-09-29 02:19:44.486|DEBUG|ArtifactScraper|Parsing artifact substat: def+7.3%
2026-09-29 02:19:44.486|DEBUG|ArtifactScraper|Parsing artifact substat: atk+19
2026-09-29 02:19:44.486|DEBUG|ArtifactScraper|Parsing artifact substat: atk+5.8%(unactivated)
2026-09-29 02:19:44.693|DEBUG|ArtifactScraper|Parsing artifact substat: atk+19
2026-09-29 02:19:44.693|DEBUG|ArtifactScraper|Parsing artifact substat: hp+4.1%
2026-09-29 02:19:44.693|DEBUG|ArtifactScraper|Parsing artifact substat: hp+209
2026-09-29 02:19:44.693|DEBUG|ArtifactScraper|Parsing artifact substat: def+6.6%(unactivated)
2026-09-29 02:19:44.908|DEBUG|ArtifactScraper|Parsing artifact substat: elementalmastery+16
2026-09-29 02:19:44.908|DEBUG|ArtifactScraper|Parsing artifact substat: def+19
2026-09-29 02:19:44.908|DEBUG|ArtifactScraper|Parsing artifact substat: atk+14
2026-09-29 02:19:44.908|DEBUG|ArtifactScraper|Parsing artifact substat: hp+269(unactivated)
2026-09-29 02:19:45.192|DEBUG|ArtifactScraper|Parsing artifact substat: energyrecharge+4.5%
2026-09-29 02:19:45.192|DEBUG|ArtifactScraper|Parsing artifact substat: critdmg+7.8%
2026-09-29 02:19:45.192|DEBUG|ArtifactScraper|Parsing artifact substat: def+7.3%
2026-09-29 02:19:45.192|DEBUG|ArtifactScraper|Parsing artifact substat: def+23(unactivated)
2026-09-29 02:19:45.254|DEBUG|ArtifactScraper|Parsing artifact substat: atk+16
2026-09-29 02:19:45.254|DEBUG|ArtifactScraper|Parsing artifact substat: hp+4.7%
2026-09-29 02:19:45.254|DEBUG|ArtifactScraper|Parsing artifact substat: atk+4.7%
2026-09-29 02:19:45.254|DEBUG|ArtifactScraper|Parsing artifact substat: critrate+3.5%
2026-09-29 02:19:45.515|DEBUG|ArtifactScraper|Parsing artifact substat: hp+239
2026-09-29 02:19:45.515|DEBUG|ArtifactScraper|Parsing artifact substat: elementalmastery+16
2026-09-29 02:19:45.515|DEBUG|ArtifactScraper|Parsing artifact substat: critrate+3.1%
2026-09-29 02:19:45.515|DEBUG|ArtifactScraper|Parsing artifact substat: hp+4.7%(unactivated)
2026-09-29 02:19:45.732|DEBUG|ArtifactScraper|Parsing artifact substat: critdmg+5.4%
2026-09-29 02:19:45.732|DEBUG|ArtifactScraper|Parsing artifact substat: atk+5.3%
2026-09-29 02:19:45.732|DEBUG|ArtifactScraper|Parsing artifact substat: hp+4.1%
2026-09-29 02:19:45.732|DEBUG|ArtifactScraper|Parsing artifact substat: elementalmastery+16
2026-09-29 02:19:45.873|DEBUG|ArtifactScraper|Parsing artifact substat: atk+16
2026-09-29 02:19:45.873|DEBUG|ArtifactScraper|Parsing artifact substat: hp+209
2026-09-29 02:19:45.873|DEBUG|ArtifactScraper|Parsing artifact substat: def+16
2026-09-29 02:19:45.873|DEBUG|ArtifactScraper|Parsing artifact substat: hp+5.3%(unactivated)
2026-09-29 02:19:46.184|DEBUG|ArtifactScraper|Parsing artifact substat: def+16
2026-09-29 02:19:46.184|DEBUG|ArtifactScraper|Parsing artifact substat: hp+209
2026-09-29 02:19:46.184|DEBUG|ArtifactScraper|Parsing artifact substat: elementalmastery+21
2026-09-29 02:19:46.184|DEBUG|ArtifactScraper|Parsing artifact substat: def+5.8%(unactivated)
2026-09-29 02:19:46.369|DEBUG|ArtifactScraper|Parsing artifact substat: energyrecharge+4.5%
2026-09-29 02:19:46.369|DEBUG|ArtifactScraper|Parsing artifact substat: elementalmastery+23
2026-09-29 02:19:46.369|DEBUG|ArtifactScraper|Parsing artifact substat: atk+4.7%
2026-09-29 02:19:46.369|DEBUG|ArtifactScraper|Parsing artifact substat: atk+18
2026-09-29 02:19:46.460|DEBUG|ArtifactScraper|Parsing artifact substat: atk+18
2026-09-29 02:19:46.460|DEBUG|ArtifactScraper|Parsing artifact substat: hp+239
2026-09-29 02:19:46.460|DEBUG|ArtifactScraper|Parsing artifact substat: def+19
2026-09-29 02:19:46.460|DEBUG|ArtifactScraper|Parsing artifact substat: energyrecharge+5.8%
2026-09-29 02:19:46.862|DEBUG|ArtifactScraper|Parsing artifact substat: elementalmastery+16
2026-09-29 02:19:46.862|DEBUG|ArtifactScraper|Parsing artifact substat: hp+4.1%
2026-09-29 02:19:46.862|DEBUG|ArtifactScraper|Parsing artifact substat: hp+269
2026-09-29 02:19:46.862|DEBUG|ArtifactScraper|Parsing artifact substat: critrate+2.7%
2026-09-29 02:19:47.080|DEBUG|ArtifactScraper|Parsing artifact substat: elementalmastery+19
2026-09-29 02:19:47.080|DEBUG|ArtifactScraper|Parsing artifact substat: critrate+3.9%
2026-09-29 02:19:47.080|DEBUG|ArtifactScraper|Parsing artifact substat: def+7.3%
2026-09-29 02:19:47.080|DEBUG|ArtifactScraper|Parsing artifact substat: atk+19
2026-09-29 02:19:47.190|DEBUG|ArtifactScraper|Parsing artifact substat: atk+16
2026-09-29 02:19:47.190|DEBUG|ArtifactScraper|Parsing artifact substat: elementalmastery+23
2026-09-29 02:19:47.190|DEBUG|ArtifactScraper|Parsing artifact substat: atk+4.1%
2026-09-29 02:19:47.190|DEBUG|ArtifactScraper|Parsing artifact substat: energyrecharge+5.8%
2026-09-29 02:19:47.467|DEBUG|ArtifactScraper|Parsing artifact substat: elementalmastery+16
2026-09-29 02:19:47.467|DEBUG|ArtifactScraper|Parsing artifact substat: hp+299
2026-09-29 02:19:47.467|DEBUG|ArtifactScraper|Parsing artifact substat: atk+18
2026-09-29 02:19:47.467|DEBUG|ArtifactScraper|Parsing artifact substat: hp+5.8%(unactivated)
2026-09-29 02:19:47.666|DEBUG|ArtifactScraper|Finished queuing page of artifacts. Scrolling...
2026-09-29 02:19:47.751|DEBUG|ArtifactScraper|Parsing artifact substat: def+7.3%
2026-09-29 02:19:47.751|DEBUG|ArtifactScraper|Parsing artifact substat: atk+18
2026-09-29 02:19:47.751|DEBUG|ArtifactScraper|Parsing artifact substat: elementalmastery+16
2026-09-29 02:19:47.751|DEBUG|ArtifactScraper|Parsing artifact substat: critrate+3.9%(unactivated)
2026-09-29 02:19:47.854|DEBUG|ArtifactScraper|Parsing artifact substat: def+16
2026-09-29 02:19:47.854|DEBUG|ArtifactScraper|Parsing artifact substat: hp+5.3%
2026-09-29 02:19:47.854|DEBUG|ArtifactScraper|Parsing artifact substat: atk+4.7%
2026-09-29 02:19:47.854|DEBUG|ArtifactScraper|Parsing artifact substat: critdmg+7.0%(unactivated)
2026-09-29 02:19:48.049|DEBUG|ArtifactScraper|Parsing artifact substat: energyrecharge+4.5%
2026-09-29 02:19:48.049|DEBUG|ArtifactScraper|Parsing artifact substat: def+7.3%
2026-09-29 02:19:48.049|DEBUG|ArtifactScraper|Parsing artifact substat: def+16
2026-09-29 02:19:48.049|DEBUG|ArtifactScraper|Parsing artifact substat: atk+14(unactivated)
2026-09-29 02:19:48.326|DEBUG|ArtifactScraper|Parsing artifact substat: def+5.8%
2026-09-29 02:19:48.326|DEBUG|ArtifactScraper|Parsing artifact substat: elementalmastery+19
2026-09-29 02:19:48.326|DEBUG|ArtifactScraper|Parsing artifact substat: def+21
2026-09-29 02:19:48.326|DEBUG|ArtifactScraper|Parsing artifact substat: atk+14(unactivated)
2026-09-29 02:19:48.450|DEBUG|ArtifactScraper|Parsing artifact substat: hp+269
2026-09-29 02:19:48.450|DEBUG|ArtifactScraper|Parsing artifact substat: def+7.3%
2026-09-29 02:19:48.450|DEBUG|ArtifactScraper|Parsing artifact substat: atk+4.7%
2026-09-29 02:19:48.450|DEBUG|ArtifactScraper|Parsing artifact substat: energyrecharge+5.2%
2026-09-29 02:19:48.590|DEBUG|ArtifactScraper|Parsing artifact substat: critrate+3.5%
2026-09-29 02:19:48.590|DEBUG|ArtifactScraper|Parsing artifact substat: hp+4.1%
2026-09-29 02:19:48.590|DEBUG|ArtifactScraper|Parsing artifact substat: atk+4.1%
2026-09-29 02:19:48.590|DEBUG|ArtifactScraper|Parsing artifact substat: elementalmastery+23
2026-09-29 02:19:50.866|DEBUG|ArtifactScraper|Scanning artifact page 14
2026-09-29 02:19:50.866|DEBUG|ArtifactScraper|Located 32 possible item locations on page.
2026-09-29 02:19:51.551|DEBUG|ArtifactScraper|Parsing artifact substat: def+19
2026-09-29 02:19:51.551|DEBUG|ArtifactScraper|Parsing artifact substat: hp+4.7%
2026-09-29 02:19:51.551|DEBUG|ArtifactScraper|Parsing artifact substat: critrate+3.9%
2026-09-29 02:19:51.551|DEBUG|ArtifactScraper|Parsing artifact substat: hp+209
2026-09-29 02:19:51.733|DEBUG|ArtifactScraper|Parsing artifact substat: hp+239
2026-09-29 02:19:51.733|DEBUG|ArtifactScraper|Parsing artifact substat: critdmg+7.8%
2026-09-29 02:19:51.733|DEBUG|ArtifactScraper|Parsing artifact substat: atk+4.1%
2026-09-29 02:19:51.733|DEBUG|ArtifactScraper|Parsing artifact substat: hp+5.8%(unactivated)
2026-09-29 02:19:52.065|DEBUG|ArtifactScraper|Parsing artifact substat: critdmg+6.2%
2026-09-29 02:19:52.065|DEBUG|ArtifactScraper|Parsing artifact substat: critrate+3.1%
2026-09-29 02:19:52.065|DEBUG|ArtifactScraper|Parsing artifact substat: atk+14
2026-09-29 02:19:52.065|DEBUG|ArtifactScraper|Parsing artifact substat: hp+239(unactivated)
2026-09-29 02:19:52.149|DEBUG|ArtifactScraper|Parsing artifact substat: def+19
2026-09-29 02:19:52.149|DEBUG|ArtifactScraper|Parsing artifact substat: elementalmastery+19
2026-09-29 02:19:52.149|DEBUG|ArtifactScraper|Parsing artifact substat: energyrecharge+6.5%
2026-09-29 02:19:52.149|DEBUG|ArtifactScraper|Parsing artifact substat: critrate+3.5%(unactivated)
2026-09-29 02:19:52.311|DEBUG|ArtifactScraper|Parsing artifact substat: critrate+3.9%
2026-09-29 02:19:52.311|DEBUG|ArtifactScraper|Parsing artifact substat: energyrecharge+4.5%
2026-09-29 02:19:52.311|DEBUG|ArtifactScraper|Parsing artifact substat: atk+4.1%
2026-09-29 02:19:52.311|DEBUG|ArtifactScraper|Parsing artifact substat: atk+19(unactivated)
2026-09-29 02:19:52.736|DEBUG|ArtifactScraper|Parsing artifact substat: def+7.3%
2026-09-29 02:19:52.736|DEBUG|ArtifactScraper|Parsing artifact substat: hp+209
2026-09-29 02:19:52.736|DEBUG|ArtifactScraper|Parsing artifact substat: critdmg+7.0%
2026-09-29 02:19:52.736|DEBUG|ArtifactScraper|Parsing artifact substat: energyrecharge+5.2%
2026-09-29 02:19:52.788|DEBUG|ArtifactScraper|Parsing artifact substat: critrate+3.1%
2026-09-29 02:19:52.788|DEBUG|ArtifactScraper|Parsing artifact substat: def+5.8%
2026-09-29 02:19:52.788|DEBUG|ArtifactScraper|Parsing artifact substat: hp+5.3%
2026-09-29 02:19:52.788|DEBUG|ArtifactScraper|Parsing artifact substat: critdmg+7.0%(unactivated)
2026-09-29 02:19:53.003|DEBUG|ArtifactScraper|Parsing artifact substat: energyrecharge+5.2%
2026-09-29 02:19:53.003|DEBUG|ArtifactScraper|Parsing artifact substat: def+23
2026-09-29 02:19:53.003|DEBUG|ArtifactScraper|Parsing artifact substat: critrate+2.7%
2026-09-29 02:19:53.003|DEBUG|ArtifactScraper|Parsing artifact substat: def+5.1%
2026-09-29 02:19:53.527|DEBUG|ArtifactScraper|Parsing artifact substat: atk+14
2026-09-29 02:19:53.527|DEBUG|ArtifactScraper|Parsing artifact substat: elementalmastery+19
2026-09-29 02:19:53.527|DEBUG|ArtifactScraper|Parsing artifact substat: energyrecharge+4.5%
2026-09-29 02:19:53.527|DEBUG|ArtifactScraper|Parsing artifact substat: def+16
2026-09-29 02:19:53.604|DEBUG|ArtifactScraper|Parsing artifact substat: elementalmastery+21
2026-09-29 02:19:53.604|DEBUG|ArtifactScraper|Parsing artifact substat: hp+4.7%
2026-09-29 02:19:53.604|DEBUG|ArtifactScraper|Parsing artifact substat: energyrecharge+6.5%
2026-09-29 02:19:53.604|DEBUG|ArtifactScraper|Parsing artifact substat: critrate+3.9%(unactivated)
2026-09-29 02:19:53.637|DEBUG|ArtifactScraper|Parsing artifact substat: atk+5.8%
2026-09-29 02:19:53.637|DEBUG|ArtifactScraper|Parsing artifact substat: critrate+3.1%
2026-09-29 02:19:53.637|DEBUG|ArtifactScraper|Parsing artifact substat: hp+5.8%
2026-09-29 02:19:53.637|DEBUG|ArtifactScraper|Parsing artifact substat: def+19(unactivated)
2026-09-29 02:19:54.173|DEBUG|ArtifactScraper|Parsing artifact substat: atk+4.1%
2026-09-29 02:19:54.173|DEBUG|ArtifactScraper|Parsing artifact substat: def+23
2026-09-29 02:19:54.173|DEBUG|ArtifactScraper|Parsing artifact substat: atk+14
2026-09-29 02:19:54.173|DEBUG|ArtifactScraper|Parsing artifact substat: critrate+2.7%(unactivated)
2026-09-29 02:19:54.173|DEBUG|ArtifactScraper|Parsing artifact substat: def+6.6%
2026-09-29 02:19:54.173|DEBUG|ArtifactScraper|Parsing artifact substat: atk+4.7%
2026-09-29 02:19:54.188|DEBUG|ArtifactScraper|Parsing artifact substat: hp+5.3%
2026-09-29 02:19:54.188|DEBUG|ArtifactScraper|Parsing artifact substat: def+23(unactivated)
2026-09-29 02:19:54.206|DEBUG|ArtifactScraper|Parsing artifact substat: atk+4.7%
2026-09-29 02:19:54.206|DEBUG|ArtifactScraper|Parsing artifact substat: elementalmastery+19
2026-09-29 02:19:54.206|DEBUG|ArtifactScraper|Parsing artifact substat: energyrecharge+5.2%
2026-09-29 02:19:54.206|DEBUG|ArtifactScraper|Parsing artifact substat: critrate+3.5%(unactivated)
2026-09-29 02:19:54.754|DEBUG|ArtifactScraper|Parsing artifact substat: hp+4.7%
2026-09-29 02:19:54.754|DEBUG|ArtifactScraper|Parsing artifact substat: def+7.3%
2026-09-29 02:19:54.754|DEBUG|ArtifactScraper|Parsing artifact substat: critrate+3.9%
2026-09-29 02:19:54.754|DEBUG|ArtifactScraper|Parsing artifact substat: energyrecharge+4.5%
2026-09-29 02:19:54.779|DEBUG|ArtifactScraper|Parsing artifact substat: atk+18
2026-09-29 02:19:54.779|DEBUG|ArtifactScraper|Parsing artifact substat: critrate+3.5%
2026-09-29 02:19:54.779|DEBUG|ArtifactScraper|Parsing artifact substat: hp+5.3%
2026-09-29 02:19:54.779|DEBUG|ArtifactScraper|Parsing artifact substat: def+6.6%(unactivated)
2026-09-29 02:19:54.793|DEBUG|ArtifactScraper|Parsing artifact substat: energyrecharge+5.2%
2026-09-29 02:19:54.793|DEBUG|ArtifactScraper|Parsing artifact substat: atk+4.7%
2026-09-29 02:19:54.793|DEBUG|ArtifactScraper|Parsing artifact substat: atk+14
2026-09-29 02:19:54.793|DEBUG|ArtifactScraper|Parsing artifact substat: elementalmastery+16
2026-09-29 02:19:55.326|DEBUG|ArtifactScraper|Parsing artifact substat: def+5.8%
2026-09-29 02:19:55.326|DEBUG|ArtifactScraper|Parsing artifact substat: hp+4.7%
2026-09-29 02:19:55.326|DEBUG|ArtifactScraper|Parsing artifact substat: def+16
2026-09-29 02:19:55.326|DEBUG|ArtifactScraper|Parsing artifact substat: energyrecharge+4.5%
2026-09-29 02:19:55.392|DEBUG|ArtifactScraper|Parsing artifact substat: def+21
2026-09-29 02:19:55.392|DEBUG|ArtifactScraper|Parsing artifact substat: atk+14
2026-09-29 02:19:55.392|DEBUG|ArtifactScraper|Parsing artifact substat: atk+4.1%
2026-09-29 02:19:55.392|DEBUG|ArtifactScraper|Parsing artifact substat: elementalmastery+16
2026-09-29 02:19:55.429|DEBUG|ArtifactScraper|Parsing artifact substat: energyrecharge+5.8%
2026-09-29 02:19:55.429|DEBUG|ArtifactScraper|Parsing artifact substat: elementalmastery+16
2026-09-29 02:19:55.429|DEBUG|ArtifactScraper|Parsing artifact substat: critrate+3.9%
2026-09-29 02:19:55.429|DEBUG|ArtifactScraper|Parsing artifact substat: def+19(unactivated)
2026-09-29 02:19:55.848|DEBUG|ArtifactScraper|Parsing artifact substat: def+5.1%
2026-09-29 02:19:55.848|DEBUG|ArtifactScraper|Parsing artifact substat: atk+14
2026-09-29 02:19:55.848|DEBUG|ArtifactScraper|Parsing artifact substat: def+21
2026-09-29 02:19:55.848|DEBUG|ArtifactScraper|Parsing artifact substat: hp+4.7%(unactivated)
2026-09-29 02:19:55.920|DEBUG|ArtifactScraper|Parsing artifact substat: hp+4.1%
2026-09-29 02:19:55.920|DEBUG|ArtifactScraper|Parsing artifact substat: hp+269
2026-09-29 02:19:55.920|DEBUG|ArtifactScraper|Parsing artifact substat: atk+5.8%
2026-09-29 02:19:55.920|DEBUG|ArtifactScraper|Parsing artifact substat: def+21
2026-09-29 02:19:55.972|DEBUG|ArtifactScraper|Parsing artifact substat: hp+4.1%
2026-09-29 02:19:55.972|DEBUG|ArtifactScraper|Parsing artifact substat: def+5.1%
2026-09-29 02:19:55.972|DEBUG|ArtifactScraper|Parsing artifact substat: def+21
2026-09-29 02:19:55.972|DEBUG|ArtifactScraper|Parsing artifact substat: critrate+3.5%(unactivated)
2026-09-29 02:19:56.394|DEBUG|ArtifactScraper|Parsing artifact substat: atk+4.1%
2026-09-29 02:19:56.394|DEBUG|ArtifactScraper|Parsing artifact substat: def+23
2026-09-29 02:19:56.394|DEBUG|ArtifactScraper|Parsing artifact substat: def+6.6%
2026-09-29 02:19:56.394|DEBUG|ArtifactScraper|Parsing artifact substat: hp+299
2026-09-29 02:19:56.497|DEBUG|ArtifactScraper|Parsing artifact substat: elementalmastery+21
2026-09-29 02:19:56.497|DEBUG|ArtifactScraper|Parsing artifact substat: atk+4.7%
2026-09-29 02:19:56.497|DEBUG|ArtifactScraper|Parsing artifact substat: hp+4.7%
2026-09-29 02:19:56.497|DEBUG|ArtifactScraper|Parsing artifact substat: energyrecharge+4.5%
2026-09-29 02:19:56.594|DEBUG|ArtifactScraper|Parsing artifact substat: def+23
2026-09-29 02:19:56.594|DEBUG|ArtifactScraper|Parsing artifact substat: critrate+3.5%
2026-09-29 02:19:56.594|DEBUG|ArtifactScraper|Parsing artifact substat: energyrecharge+5.8%
2026-09-29 02:19:56.594|DEBUG|ArtifactScraper|Parsing artifact substat: hp+4.1%(unactivated)
2026-09-29 02:19:56.827|DEBUG|ArtifactScraper|Finished queuing page of artifacts. Scrolling...
2026-09-29 02:19:57.181|DEBUG|ArtifactScraper|Parsing artifact substat: def+16
2026-09-29 02:19:57.181|DEBUG|ArtifactScraper|Parsing artifact substat: energyrecharge+6.5%
2026-09-29 02:19:57.181|DEBUG|ArtifactScraper|Parsing artifact substat: def+7.3%
2026-09-29 02:19:57.181|DEBUG|ArtifactScraper|Parsing artifact substat: atk+4.7%(unactivated)
2026-09-29 02:19:57.221|DEBUG|ArtifactScraper|Parsing artifact substat: atk+4.1%
2026-09-29 02:19:57.221|DEBUG|ArtifactScraper|Parsing artifact substat: elementalmastery+16
2026-09-29 02:19:57.221|DEBUG|ArtifactScraper|Parsing artifact substat: critrate+3.1%
2026-09-29 02:19:57.221|DEBUG|ArtifactScraper|Parsing artifact substat: def+16(unactivated)
2026-09-29 02:19:57.289|DEBUG|ArtifactScraper|Parsing artifact substat: atk+4.7%
2026-09-29 02:19:57.289|DEBUG|ArtifactScraper|Parsing artifact substat: def+5.8%
2026-09-29 02:19:57.289|DEBUG|ArtifactScraper|Parsing artifact substat: elementalmastery+23
2026-09-29 02:19:57.289|DEBUG|ArtifactScraper|Parsing artifact substat: def+16(unactivated)
2026-09-29 02:19:57.776|DEBUG|ArtifactScraper|Parsing artifact substat: def+16
2026-09-29 02:19:57.776|DEBUG|ArtifactScraper|Parsing artifact substat: elementalmastery+21
2026-09-29 02:19:57.776|DEBUG|ArtifactScraper|Parsing artifact substat: hp+209
2026-09-29 02:19:57.776|DEBUG|ArtifactScraper|Parsing artifact substat: energyrecharge+4.5%
2026-09-29 02:19:57.839|DEBUG|ArtifactScraper|Parsing artifact substat: energyrecharge+4.5%
2026-09-29 02:19:57.839|DEBUG|ArtifactScraper|Parsing artifact substat: hp+239
2026-09-29 02:19:57.839|DEBUG|ArtifactScraper|Parsing artifact substat: elementalmastery+16
2026-09-29 02:19:57.839|DEBUG|ArtifactScraper|Parsing artifact substat: critdmg+7.8%(unactivated)
2026-09-29 02:19:57.875|DEBUG|ArtifactScraper|Parsing artifact substat: critdmg+7.0%
2026-09-29 02:19:57.875|DEBUG|ArtifactScraper|Parsing artifact substat: atk+4.1%
2026-09-29 02:19:57.875|DEBUG|ArtifactScraper|Parsing artifact substat: def+21
2026-09-29 02:19:57.875|DEBUG|ArtifactScraper|Parsing artifact substat: hp+269(unactivated)
2026-09-29 02:19:59.709|DEBUG|ArtifactScraper|Scanning artifact page 15
2026-09-29 02:19:59.709|DEBUG|ArtifactScraper|Located 32 possible item locations on page.
2026-09-29 02:20:00.308|DEBUG|ArtifactScraper|Parsing artifact substat: critdmg+7.0%
2026-09-29 02:20:00.308|DEBUG|ArtifactScraper|Parsing artifact substat: def+7.3%
2026-09-29 02:20:00.308|DEBUG|ArtifactScraper|Parsing artifact substat: hp+4.1%
2026-09-29 02:20:00.308|DEBUG|ArtifactScraper|Parsing artifact substat: energyrecharge+4.5%
2026-09-29 02:20:00.723|DEBUG|ArtifactScraper|Parsing artifact substat: critrate+3.1%
2026-09-29 02:20:00.723|DEBUG|ArtifactScraper|Parsing artifact substat: hp+5.3%
2026-09-29 02:20:00.723|DEBUG|ArtifactScraper|Parsing artifact substat: def+16
2026-09-29 02:20:00.723|DEBUG|ArtifactScraper|Parsing artifact substat: energyrecharge+6.5%
2026-09-29 02:20:00.770|DEBUG|ArtifactScraper|Parsing artifact substat: def+19
2026-09-29 02:20:00.770|DEBUG|ArtifactScraper|Parsing artifact substat: atk+4.7%
2026-09-29 02:20:00.770|DEBUG|ArtifactScraper|Parsing artifact substat: def+5.8%
2026-09-29 02:20:00.770|DEBUG|ArtifactScraper|Parsing artifact substat: energyrecharge+5.8%
2026-09-29 02:20:00.905|DEBUG|ArtifactScraper|Parsing artifact substat: def+16
2026-09-29 02:20:00.905|DEBUG|ArtifactScraper|Parsing artifact substat: critrate+3.9%
2026-09-29 02:20:00.905|DEBUG|ArtifactScraper|Parsing artifact substat: energyrecharge+5.8%
2026-09-29 02:20:00.905|DEBUG|ArtifactScraper|Parsing artifact substat: def+7.3%(unactivated)
2026-09-29 02:20:01.275|DEBUG|ArtifactScraper|Parsing artifact substat: hp+4.1%
2026-09-29 02:20:01.275|DEBUG|ArtifactScraper|Parsing artifact substat: atk+5.8%
2026-09-29 02:20:01.275|DEBUG|ArtifactScraper|Parsing artifact substat: hp+239
2026-09-29 02:20:01.275|DEBUG|ArtifactScraper|Parsing artifact substat: critrate+3.1%(unactivated)
2026-09-29 02:20:01.326|DEBUG|ArtifactScraper|Parsing artifact substat: hp+5.3%
2026-09-29 02:20:01.326|DEBUG|ArtifactScraper|Parsing artifact substat: elementalmastery+16
2026-09-29 02:20:01.326|DEBUG|ArtifactScraper|Parsing artifact substat: def+23
2026-09-29 02:20:01.326|DEBUG|ArtifactScraper|Parsing artifact substat: hp+299(unactivated)
2026-09-29 02:20:01.464|DEBUG|ArtifactScraper|Parsing artifact substat: hp+5.3%
2026-09-29 02:20:01.464|DEBUG|ArtifactScraper|Parsing artifact substat: def+6.6%
2026-09-29 02:20:01.464|DEBUG|ArtifactScraper|Parsing artifact substat: elementalmastery+19
2026-09-29 02:20:01.464|DEBUG|ArtifactScraper|Parsing artifact substat: def+21(unactivated)
2026-09-29 02:20:01.838|DEBUG|ArtifactScraper|Parsing artifact substat: energyrecharge+6.5%
2026-09-29 02:20:01.838|DEBUG|ArtifactScraper|Parsing artifact substat: hp+209
2026-09-29 02:20:01.838|DEBUG|ArtifactScraper|Parsing artifact substat: elementalmastery+19
2026-09-29 02:20:01.838|DEBUG|ArtifactScraper|Parsing artifact substat: critrate+2.7%
2026-09-29 02:20:01.921|DEBUG|ArtifactScraper|Parsing artifact substat: critrate+3.1%
2026-09-29 02:20:01.921|DEBUG|ArtifactScraper|Parsing artifact substat: critdmg+7.0%
2026-09-29 02:20:01.921|DEBUG|ArtifactScraper|Parsing artifact substat: hp+4.7%
2026-09-29 02:20:01.921|DEBUG|ArtifactScraper|Parsing artifact substat: def+23(unactivated)
2026-09-29 02:20:02.010|DEBUG|ArtifactScraper|Parsing artifact substat: critdmg+5.4%
2026-09-29 02:20:02.010|DEBUG|ArtifactScraper|Parsing artifact substat: atk+16
2026-09-29 02:20:02.010|DEBUG|ArtifactScraper|Parsing artifact substat: hp+4.1%
2026-09-29 02:20:02.010|DEBUG|ArtifactScraper|Parsing artifact substat: elementalmastery+16
2026-09-29 02:20:02.398|DEBUG|ArtifactScraper|Parsing artifact substat: hp+239
2026-09-29 02:20:02.398|DEBUG|ArtifactScraper|Parsing artifact substat: elementalmastery+16
2026-09-29 02:20:02.398|DEBUG|ArtifactScraper|Parsing artifact substat: critdmg+7.0%
2026-09-29 02:20:02.398|DEBUG|ArtifactScraper|Parsing artifact substat: critrate+3.1%(unactivated)
2026-09-29 02:20:02.439|DEBUG|ArtifactScraper|Parsing artifact substat: def+6.6%
2026-09-29 02:20:02.439|DEBUG|ArtifactScraper|Parsing artifact substat: hp+5.3%
2026-09-29 02:20:02.439|DEBUG|ArtifactScraper|Parsing artifact substat: hp+299
2026-09-29 02:20:02.439|DEBUG|ArtifactScraper|Parsing artifact substat: energyrecharge+6.5%
2026-09-29 02:20:02.535|DEBUG|ArtifactScraper|Parsing artifact substat: atk+18
2026-09-29 02:20:02.535|DEBUG|ArtifactScraper|Parsing artifact substat: hp+4.7%
2026-09-29 02:20:02.535|DEBUG|ArtifactScraper|Parsing artifact substat: elementalmastery+23
2026-09-29 02:20:02.535|DEBUG|ArtifactScraper|Parsing artifact substat: critrate+3.9%
2026-09-29 02:20:02.894|DEBUG|ArtifactScraper|Parsing artifact substat: def+16
2026-09-29 02:20:02.894|DEBUG|ArtifactScraper|Parsing artifact substat: atk+5.3%
2026-09-29 02:20:02.894|DEBUG|ArtifactScraper|Parsing artifact substat: def+5.8%
2026-09-29 02:20:02.894|DEBUG|ArtifactScraper|Parsing artifact substat: atk+18
2026-09-29 02:20:02.970|DEBUG|ArtifactScraper|Parsing artifact substat: hp+4.1%
2026-09-29 02:20:02.970|DEBUG|ArtifactScraper|Parsing artifact substat: def+23
2026-09-29 02:20:02.970|DEBUG|ArtifactScraper|Parsing artifact substat: elementalmastery+16
2026-09-29 02:20:02.970|DEBUG|ArtifactScraper|Parsing artifact substat: hp+269(unactivated)
2026-09-29 02:20:03.057|DEBUG|ArtifactScraper|Parsing artifact substat: critdmg+7.8%
2026-09-29 02:20:03.057|DEBUG|ArtifactScraper|Parsing artifact substat: atk+14
2026-09-29 02:20:03.057|DEBUG|ArtifactScraper|Parsing artifact substat: atk+5.3%
2026-09-29 02:20:03.057|DEBUG|ArtifactScraper|Parsing artifact substat: def+16(unactivated)
2026-09-29 02:20:03.410|DEBUG|ArtifactScraper|Parsing artifact substat: energyrecharge+5.2%
2026-09-29 02:20:03.410|DEBUG|ArtifactScraper|Parsing artifact substat: def+19
2026-09-29 02:20:03.410|DEBUG|ArtifactScraper|Parsing artifact substat: critdmg+7.0%
2026-09-29 02:20:03.410|DEBUG|ArtifactScraper|Parsing artifact substat: atk+4.7%(unactivated)
2026-09-29 02:20:03.478|DEBUG|ArtifactScraper|Parsing artifact substat: def+16
2026-09-29 02:20:03.478|DEBUG|ArtifactScraper|Parsing artifact substat: atk+4.1%
2026-09-29 02:20:03.478|DEBUG|ArtifactScraper|Parsing artifact substat: atk+18
2026-09-29 02:20:03.478|DEBUG|ArtifactScraper|Parsing artifact substat: critrate+2.7%(unactivated)
2026-09-29 02:20:03.898|DEBUG|ArtifactScraper|Parsing artifact substat: atk+18
2026-09-29 02:20:03.898|DEBUG|ArtifactScraper|Parsing artifact substat: hp+5.3%
2026-09-29 02:20:03.898|DEBUG|ArtifactScraper|Parsing artifact substat: atk+4.7%
2026-09-29 02:20:03.898|DEBUG|ArtifactScraper|Parsing artifact substat: def+23(unactivated)
2026-09-29 02:20:03.973|DEBUG|ArtifactScraper|Parsing artifact substat: energyrecharge+6.5%
2026-09-29 02:20:03.973|DEBUG|ArtifactScraper|Parsing artifact substat: hp+4.1%
2026-09-29 02:20:03.973|DEBUG|ArtifactScraper|Parsing artifact substat: def+6.6%
2026-09-29 02:20:03.973|DEBUG|ArtifactScraper|Parsing artifact substat: hp+269(unactivated)
2026-09-29 02:20:04.056|DEBUG|ArtifactScraper|Parsing artifact substat: atk+16
2026-09-29 02:20:04.056|DEBUG|ArtifactScraper|Parsing artifact substat: def+23
2026-09-29 02:20:04.056|DEBUG|ArtifactScraper|Parsing artifact substat: atk+5.8%
2026-09-29 02:20:04.056|DEBUG|ArtifactScraper|Parsing artifact substat: elementalmastery+23
2026-09-29 02:20:04.509|DEBUG|ArtifactScraper|Parsing artifact substat: atk+19
2026-09-29 02:20:04.509|DEBUG|ArtifactScraper|Parsing artifact substat: elementalmastery+16
2026-09-29 02:20:04.509|DEBUG|ArtifactScraper|Parsing artifact substat: atk+5.8%
2026-09-29 02:20:04.509|DEBUG|ArtifactScraper|Parsing artifact substat: def+6.6%(unactivated)
2026-09-29 02:20:04.546|DEBUG|ArtifactScraper|Parsing artifact substat: energyrecharge+5.2%
2026-09-29 02:20:04.546|DEBUG|ArtifactScraper|Parsing artifact substat: hp+4.7%
2026-09-29 02:20:04.546|DEBUG|ArtifactScraper|Parsing artifact substat: atk+4.7%
2026-09-29 02:20:04.546|DEBUG|ArtifactScraper|Parsing artifact substat: def+21(unactivated)
2026-09-29 02:20:04.644|DEBUG|ArtifactScraper|Parsing artifact substat: atk+14
2026-09-29 02:20:04.644|DEBUG|ArtifactScraper|Parsing artifact substat: hp+269
2026-09-29 02:20:04.644|DEBUG|ArtifactScraper|Parsing artifact substat: energyrecharge+6.5%
2026-09-29 02:20:04.644|DEBUG|ArtifactScraper|Parsing artifact substat: elementalmastery+21
2026-09-29 02:20:05.164|DEBUG|ArtifactScraper|Parsing artifact substat: elementalmastery+23
2026-09-29 02:20:05.164|DEBUG|ArtifactScraper|Parsing artifact substat: def+7.3%
2026-09-29 02:20:05.164|DEBUG|ArtifactScraper|Parsing artifact substat: critdmg+5.4%
2026-09-29 02:20:05.164|DEBUG|ArtifactScraper|Parsing artifact substat: hp+269(unactivated)
2026-09-29 02:20:05.173|DEBUG|ArtifactScraper|Parsing artifact substat: hp+299
2026-09-29 02:20:05.173|DEBUG|ArtifactScraper|Parsing artifact substat: atk+5.8%
2026-09-29 02:20:05.173|DEBUG|ArtifactScraper|Parsing artifact substat: def+5.8%
2026-09-29 02:20:05.173|DEBUG|ArtifactScraper|Parsing artifact substat: def+21(unactivated)
2026-09-29 02:20:05.276|DEBUG|ArtifactScraper|Parsing artifact substat: hp+5.8%
2026-09-29 02:20:05.276|DEBUG|ArtifactScraper|Parsing artifact substat: def+5.1%
2026-09-29 02:20:05.276|DEBUG|ArtifactScraper|Parsing artifact substat: hp+269
2026-09-29 02:20:05.276|DEBUG|ArtifactScraper|Parsing artifact substat: critrate+3.1%(unactivated)
2026-09-29 02:20:05.592|DEBUG|ArtifactScraper|Finished queuing page of artifacts. Scrolling...
2026-09-29 02:20:05.767|DEBUG|ArtifactScraper|Parsing artifact substat: def+6.6%
2026-09-29 02:20:05.767|DEBUG|ArtifactScraper|Parsing artifact substat: atk+5.8%
2026-09-29 02:20:05.767|DEBUG|ArtifactScraper|Parsing artifact substat: def+19
2026-09-29 02:20:05.767|DEBUG|ArtifactScraper|Parsing artifact substat: hp+299(unactivated)
2026-09-29 02:20:05.810|DEBUG|ArtifactScraper|Parsing artifact substat: def+16
2026-09-29 02:20:05.810|DEBUG|ArtifactScraper|Parsing artifact substat: hp+299
2026-09-29 02:20:05.810|DEBUG|ArtifactScraper|Parsing artifact substat: elementalmastery+23
2026-09-29 02:20:05.810|DEBUG|ArtifactScraper|Parsing artifact substat: atk+19(unactivated)
2026-09-29 02:20:05.830|DEBUG|ArtifactScraper|Parsing artifact substat: atk+4.1%
2026-09-29 02:20:05.830|DEBUG|ArtifactScraper|Parsing artifact substat: hp+299
2026-09-29 02:20:05.830|DEBUG|ArtifactScraper|Parsing artifact substat: atk+18
2026-09-29 02:20:05.830|DEBUG|ArtifactScraper|Parsing artifact substat: def+19(unactivated)
2026-09-29 02:20:06.186|DEBUG|ArtifactScraper|Parsing artifact substat: critrate+3.5%
2026-09-29 02:20:06.186|DEBUG|ArtifactScraper|Parsing artifact substat: def+16
2026-09-29 02:20:06.186|DEBUG|ArtifactScraper|Parsing artifact substat: hp+299
2026-09-29 02:20:06.186|DEBUG|ArtifactScraper|Parsing artifact substat: atk+16
2026-09-29 02:20:06.242|DEBUG|ArtifactScraper|Parsing artifact substat: def+5.8%
2026-09-29 02:20:06.242|DEBUG|ArtifactScraper|Parsing artifact substat: elementalmastery+16
2026-09-29 02:20:06.242|DEBUG|ArtifactScraper|Parsing artifact substat: atk+14
2026-09-29 02:20:06.242|DEBUG|ArtifactScraper|Parsing artifact substat: def+16
2026-09-29 02:20:08.443|DEBUG|ArtifactScraper|Scanning artifact page 16
2026-09-29 02:20:08.443|DEBUG|ArtifactScraper|Located 32 possible item locations on page.
2026-09-29 02:20:09.034|DEBUG|ArtifactScraper|Parsing artifact substat: critdmg+6.2%
2026-09-29 02:20:09.034|DEBUG|ArtifactScraper|Parsing artifact substat: atk+16
2026-09-29 02:20:09.034|DEBUG|ArtifactScraper|Parsing artifact substat: elementalmastery+19
2026-09-29 02:20:09.034|DEBUG|ArtifactScraper|Parsing artifact substat: hp+299(unactivated)
2026-09-29 02:20:09.222|DEBUG|ArtifactScraper|Parsing artifact substat: def+21
2026-09-29 02:20:09.222|DEBUG|ArtifactScraper|Parsing artifact substat: atk+5.3%
2026-09-29 02:20:09.222|DEBUG|ArtifactScraper|Parsing artifact substat: energyrecharge+5.8%
2026-09-29 02:20:09.222|DEBUG|ArtifactScraper|Parsing artifact substat: atk+14(unactivated)
2026-09-29 02:20:09.474|DEBUG|ArtifactScraper|Parsing artifact substat: def+21
2026-09-29 02:20:09.474|DEBUG|ArtifactScraper|Parsing artifact substat: atk+19
2026-09-29 02:20:09.474|DEBUG|ArtifactScraper|Parsing artifact substat: critdmg+7.8%
2026-09-29 02:20:09.474|DEBUG|ArtifactScraper|Parsing artifact substat: hp+269(unactivated)
2026-09-29 02:20:09.793|DEBUG|ArtifactScraper|Parsing artifact substat: hp+5.8%
2026-09-29 02:20:09.793|DEBUG|ArtifactScraper|Parsing artifact substat: energyrecharge+4.5%
2026-09-29 02:20:09.793|DEBUG|ArtifactScraper|Parsing artifact substat: critrate+3.9%
2026-09-29 02:20:09.793|DEBUG|ArtifactScraper|Parsing artifact substat: def+23(unactivated)
2026-09-29 02:20:09.814|DEBUG|ArtifactScraper|Parsing artifact substat: atk+5.3%
2026-09-29 02:20:09.814|DEBUG|ArtifactScraper|Parsing artifact substat: def+23
2026-09-29 02:20:09.814|DEBUG|ArtifactScraper|Parsing artifact substat: atk+18
2026-09-29 02:20:09.814|DEBUG|ArtifactScraper|Parsing artifact substat: hp+269(unactivated)
2026-09-29 02:20:10.029|DEBUG|ArtifactScraper|Parsing artifact substat: def+19
2026-09-29 02:20:10.029|DEBUG|ArtifactScraper|Parsing artifact substat: hp+5.8%
2026-09-29 02:20:10.029|DEBUG|ArtifactScraper|Parsing artifact substat: energyrecharge+5.8%
2026-09-29 02:20:10.029|DEBUG|ArtifactScraper|Parsing artifact substat: critdmg+5.4%(unactivated)
2026-09-29 02:20:10.296|DEBUG|ArtifactScraper|Parsing artifact substat: hp+239
2026-09-29 02:20:10.312|DEBUG|ArtifactScraper|Parsing artifact substat: def+19
2026-09-29 02:20:10.312|DEBUG|ArtifactScraper|Parsing artifact substat: def+5.8%
2026-09-29 02:20:10.312|DEBUG|ArtifactScraper|Parsing artifact substat: elementalmastery+21
2026-09-29 02:20:10.627|DEBUG|ArtifactScraper|Parsing artifact substat: critdmg+5.4%
2026-09-29 02:20:10.627|DEBUG|ArtifactScraper|Parsing artifact substat: def+21
2026-09-29 02:20:10.627|DEBUG|ArtifactScraper|Parsing artifact substat: critrate+2.7%
2026-09-29 02:20:10.627|DEBUG|ArtifactScraper|Parsing artifact substat: atk+5.3%
2026-09-29 02:20:10.643|DEBUG|ArtifactScraper|Parsing artifact substat: critrate+3.9%
2026-09-29 02:20:10.643|DEBUG|ArtifactScraper|Parsing artifact substat: energyrecharge+5.2%
2026-09-29 02:20:10.643|DEBUG|ArtifactScraper|Parsing artifact substat: def+19
2026-09-29 02:20:10.643|DEBUG|ArtifactScraper|Parsing artifact substat: elementalmastery+16
2026-09-29 02:20:10.847|DEBUG|ArtifactScraper|Parsing artifact substat: def+21
2026-09-29 02:20:10.847|DEBUG|ArtifactScraper|Parsing artifact substat: def+5.8%
2026-09-29 02:20:10.847|DEBUG|ArtifactScraper|Parsing artifact substat: atk+14
2026-09-29 02:20:10.847|DEBUG|ArtifactScraper|Parsing artifact substat: elementalmastery+23
2026-09-29 02:20:11.227|DEBUG|ArtifactScraper|Parsing artifact substat: def+19
2026-09-29 02:20:11.227|DEBUG|ArtifactScraper|Parsing artifact substat: atk+18
2026-09-29 02:20:11.227|DEBUG|ArtifactScraper|Parsing artifact substat: critrate+3.1%
2026-09-29 02:20:11.227|DEBUG|ArtifactScraper|Parsing artifact substat: elementalmastery+21
2026-09-29 02:20:11.264|DEBUG|ArtifactScraper|Parsing artifact substat: atk+19
2026-09-29 02:20:11.264|DEBUG|ArtifactScraper|Parsing artifact substat: atk+5.8%
2026-09-29 02:20:11.264|DEBUG|ArtifactScraper|Parsing artifact substat: elementalmastery+19
2026-09-29 02:20:11.264|DEBUG|ArtifactScraper|Parsing artifact substat: def+5.1%(unactivated)
2026-09-29 02:20:11.446|DEBUG|ArtifactScraper|Parsing artifact substat: atk+18
2026-09-29 02:20:11.446|DEBUG|ArtifactScraper|Parsing artifact substat: atk+5.3%
2026-09-29 02:20:11.446|DEBUG|ArtifactScraper|Parsing artifact substat: def+6.6%
2026-09-29 02:20:11.446|DEBUG|ArtifactScraper|Parsing artifact substat: critrate+3.5%(unactivated)
2026-09-29 02:20:11.795|DEBUG|ArtifactScraper|Parsing artifact substat: def+16
2026-09-29 02:20:11.795|DEBUG|ArtifactScraper|Parsing artifact substat: atk+19
2026-09-29 02:20:11.796|DEBUG|ArtifactScraper|Parsing artifact substat: critrate+3.1%
2026-09-29 02:20:11.796|DEBUG|ArtifactScraper|Parsing artifact substat: elementalmastery+23
2026-09-29 02:20:11.918|DEBUG|ArtifactScraper|Parsing artifact substat: critdmg+7.0%
2026-09-29 02:20:11.918|DEBUG|ArtifactScraper|Parsing artifact substat: energyrecharge+4.5%
2026-09-29 02:20:11.918|DEBUG|ArtifactScraper|Parsing artifact substat: atk+16
2026-09-29 02:20:11.918|DEBUG|ArtifactScraper|Parsing artifact substat: def+5.1%(unactivated)
2026-09-29 02:20:12.088|DEBUG|ArtifactScraper|Parsing artifact substat: elementalmastery+21
2026-09-29 02:20:12.088|DEBUG|ArtifactScraper|Parsing artifact substat: atk+18
2026-09-29 02:20:12.088|DEBUG|ArtifactScraper|Parsing artifact substat: atk+5.8%
2026-09-29 02:20:12.088|DEBUG|ArtifactScraper|Parsing artifact substat: def+6.6%(unactivated)
2026-09-29 02:20:12.405|DEBUG|ArtifactScraper|Parsing artifact substat: energyrecharge+5.2%
2026-09-29 02:20:12.405|DEBUG|ArtifactScraper|Parsing artifact substat: def+23
2026-09-29 02:20:12.406|DEBUG|ArtifactScraper|Parsing artifact substat: atk+14
2026-09-29 02:20:12.406|DEBUG|ArtifactScraper|Parsing artifact substat: elementalmastery+23
2026-09-29 02:20:12.507|DEBUG|ArtifactScraper|Parsing artifact substat: atk+16
2026-09-29 02:20:12.507|DEBUG|ArtifactScraper|Parsing artifact substat: energyrecharge+6.5%
2026-09-29 02:20:12.507|DEBUG|ArtifactScraper|Parsing artifact substat: def+16
2026-09-29 02:20:12.507|DEBUG|ArtifactScraper|Parsing artifact substat: atk+4.1%(unactivated)
2026-09-29 02:20:12.833|DEBUG|ArtifactScraper|Parsing artifact substat: elementalmastery+21
2026-09-29 02:20:12.833|DEBUG|ArtifactScraper|Parsing artifact substat: hp+239
2026-09-29 02:20:12.833|DEBUG|ArtifactScraper|Parsing artifact substat: critdmg+7.8%
2026-09-29 02:20:12.833|DEBUG|ArtifactScraper|Parsing artifact substat: atk+5.8%(unactivated)
2026-09-29 02:20:13.028|DEBUG|ArtifactScraper|Parsing artifact substat: def+19
2026-09-29 02:20:13.028|DEBUG|ArtifactScraper|Parsing artifact substat: def+6.6%
2026-09-29 02:20:13.028|DEBUG|ArtifactScraper|Parsing artifact substat: critdmg+7.8%
2026-09-29 02:20:13.028|DEBUG|ArtifactScraper|Parsing artifact substat: energyrecharge+5.2%
2026-09-29 02:20:13.160|DEBUG|ArtifactScraper|Parsing artifact substat: hp+269
2026-09-29 02:20:13.160|DEBUG|ArtifactScraper|Parsing artifact substat: atk+4.7%
2026-09-29 02:20:13.160|DEBUG|ArtifactScraper|Parsing artifact substat: critrate+3.9%
2026-09-29 02:20:13.160|DEBUG|ArtifactScraper|Parsing artifact substat: energyrecharge+6.5%
2026-09-29 02:20:13.462|DEBUG|ArtifactScraper|Parsing artifact substat: critrate+3.9%
2026-09-29 02:20:13.462|DEBUG|ArtifactScraper|Parsing artifact substat: hp+299
2026-09-29 02:20:13.462|DEBUG|ArtifactScraper|Parsing artifact substat: critdmg+6.2%
2026-09-29 02:20:13.462|DEBUG|ArtifactScraper|Parsing artifact substat: atk+4.7%(unactivated)
2026-09-29 02:20:13.615|DEBUG|ArtifactScraper|Parsing artifact substat: def+16
2026-09-29 02:20:13.615|DEBUG|ArtifactScraper|Parsing artifact substat: hp+209
2026-09-29 02:20:13.615|DEBUG|ArtifactScraper|Parsing artifact substat: atk+5.8%
2026-09-29 02:20:13.615|DEBUG|ArtifactScraper|Parsing artifact substat: hp+5.8%(unactivated)
2026-09-29 02:20:13.771|DEBUG|ArtifactScraper|Parsing artifact substat: critdmg+5.4%
2026-09-29 02:20:13.771|DEBUG|ArtifactScraper|Parsing artifact substat: elementalmastery+16
2026-09-29 02:20:13.771|DEBUG|ArtifactScraper|Parsing artifact substat: def+19
2026-09-29 02:20:13.771|DEBUG|ArtifactScraper|Parsing artifact substat: hp+5.8%(unactivated)
2026-09-29 02:20:14.059|DEBUG|ArtifactScraper|Parsing artifact substat: atk+5.3%
2026-09-29 02:20:14.059|DEBUG|ArtifactScraper|Parsing artifact substat: critdmg+7.8%
2026-09-29 02:20:14.059|DEBUG|ArtifactScraper|Parsing artifact substat: hp+269
2026-09-29 02:20:14.059|DEBUG|ArtifactScraper|Parsing artifact substat: energyrecharge+5.8%
2026-09-29 02:20:14.233|DEBUG|ArtifactScraper|Parsing artifact substat: hp+239
2026-09-29 02:20:14.233|DEBUG|ArtifactScraper|Parsing artifact substat: def+19
2026-09-29 02:20:14.233|DEBUG|ArtifactScraper|Parsing artifact substat: energyrecharge+5.8%
2026-09-29 02:20:14.235|DEBUG|ArtifactScraper|Parsing artifact substat: atk+4.1%(unactivated)
2026-09-29 02:20:14.390|DEBUG|ArtifactScraper|Parsing artifact substat: def+19
2026-09-29 02:20:14.390|DEBUG|ArtifactScraper|Parsing artifact substat: hp+5.3%
2026-09-29 02:20:14.390|DEBUG|ArtifactScraper|Parsing artifact substat: critdmg+6.2%
2026-09-29 02:20:14.390|DEBUG|ArtifactScraper|Parsing artifact substat: def+7.3%(unactivated)
2026-09-29 02:20:14.421|DEBUG|ArtifactScraper|Finished queuing page of artifacts. Scrolling...
2026-09-29 02:20:14.682|DEBUG|ArtifactScraper|Parsing artifact substat: elementalmastery+19
2026-09-29 02:20:14.682|DEBUG|ArtifactScraper|Parsing artifact substat: critdmg+6.2%
2026-09-29 02:20:14.682|DEBUG|ArtifactScraper|Parsing artifact substat: def+7.3%
2026-09-29 02:20:14.682|DEBUG|ArtifactScraper|Parsing artifact substat: atk+4.1%(unactivated)
2026-09-29 02:20:14.822|DEBUG|ArtifactScraper|Parsing artifact substat: def+16
2026-09-29 02:20:14.822|DEBUG|ArtifactScraper|Parsing artifact substat: critrate+3.5%
2026-09-29 02:20:14.822|DEBUG|ArtifactScraper|Parsing artifact substat: atk+5.8%
2026-09-29 02:20:14.822|DEBUG|ArtifactScraper|Parsing artifact substat: elementalmastery+19
2026-09-29 02:20:14.982|DEBUG|ArtifactScraper|Parsing artifact substat: hp+209
2026-09-29 02:20:14.982|DEBUG|ArtifactScraper|Parsing artifact substat: critrate+3.5%
2026-09-29 02:20:14.982|DEBUG|ArtifactScraper|Parsing artifact substat: hp+4.1%
2026-09-29 02:20:14.982|DEBUG|ArtifactScraper|Parsing artifact substat: def+16(unactivated)
2026-09-29 02:20:15.252|DEBUG|ArtifactScraper|Parsing artifact substat: def+19
2026-09-29 02:20:15.252|DEBUG|ArtifactScraper|Parsing artifact substat: elementalmastery+19
2026-09-29 02:20:15.252|DEBUG|ArtifactScraper|Parsing artifact substat: critdmg+7.0%
2026-09-29 02:20:15.252|DEBUG|ArtifactScraper|Parsing artifact substat: atk+5.8%(unactivated)
2026-09-29 02:20:15.314|DEBUG|ArtifactScraper|Parsing artifact substat: elementalmastery+19
2026-09-29 02:20:15.314|DEBUG|ArtifactScraper|Parsing artifact substat: hp+4.1%
2026-09-29 02:20:15.314|DEBUG|ArtifactScraper|Parsing artifact substat: critrate+3.9%
2026-09-29 02:20:15.314|DEBUG|ArtifactScraper|Parsing artifact substat: atk+19
2026-09-29 02:20:17.512|DEBUG|ArtifactScraper|Scanning artifact page 17
2026-09-29 02:20:17.512|DEBUG|ArtifactScraper|Located 32 possible item locations on page.
2026-09-29 02:20:18.119|DEBUG|ArtifactScraper|Parsing artifact substat: critrate+3.9%
2026-09-29 02:20:18.119|DEBUG|ArtifactScraper|Parsing artifact substat: energyrecharge+5.2%
2026-09-29 02:20:18.119|DEBUG|ArtifactScraper|Parsing artifact substat: atk+16
2026-09-29 02:20:18.119|DEBUG|ArtifactScraper|Parsing artifact substat: def+21
2026-09-29 02:20:18.325|DEBUG|ArtifactScraper|Parsing artifact substat: hp+269
2026-09-29 02:20:18.325|DEBUG|ArtifactScraper|Parsing artifact substat: elementalmastery+23
2026-09-29 02:20:18.325|DEBUG|ArtifactScraper|Parsing artifact substat: critdmg+7.0%
2026-09-29 02:20:18.325|DEBUG|ArtifactScraper|Parsing artifact substat: def+16(unactivated)
2026-09-29 02:20:18.634|DEBUG|ArtifactScraper|Parsing artifact substat: critdmg+7.0%
2026-09-29 02:20:18.634|DEBUG|ArtifactScraper|Parsing artifact substat: hp+5.8%
2026-09-29 02:20:18.634|DEBUG|ArtifactScraper|Parsing artifact substat: energyrecharge+4.5%
2026-09-29 02:20:18.634|DEBUG|ArtifactScraper|Parsing artifact substat: def+23(unactivated)
2026-09-29 02:20:18.848|DEBUG|ArtifactScraper|Parsing artifact substat: def+16
2026-09-29 02:20:18.848|DEBUG|ArtifactScraper|Parsing artifact substat: def+5.1%
2026-09-29 02:20:18.848|DEBUG|ArtifactScraper|Parsing artifact substat: hp+299
2026-09-29 02:20:18.848|DEBUG|ArtifactScraper|Parsing artifact substat: hp+4.1%
2026-09-29 02:20:18.908|DEBUG|ArtifactScraper|Parsing artifact substat: hp+4.1%
2026-09-29 02:20:18.908|DEBUG|ArtifactScraper|Parsing artifact substat: def+21
2026-09-29 02:20:18.908|DEBUG|ArtifactScraper|Parsing artifact substat: elementalmastery+16
2026-09-29 02:20:18.908|DEBUG|ArtifactScraper|Parsing artifact substat: energyrecharge+4.5%
2026-09-29 02:20:19.184|DEBUG|ArtifactScraper|Parsing artifact substat: elementalmastery+19
2026-09-29 02:20:19.184|DEBUG|ArtifactScraper|Parsing artifact substat: atk+18
2026-09-29 02:20:19.184|DEBUG|ArtifactScraper|Parsing artifact substat: hp+239
2026-09-29 02:20:19.184|DEBUG|ArtifactScraper|Parsing artifact substat: atk+5.8%(unactivated)
2026-09-29 02:20:19.423|DEBUG|ArtifactScraper|Parsing artifact substat: energyrecharge+5.8%
2026-09-29 02:20:19.423|DEBUG|ArtifactScraper|Parsing artifact substat: def+5.1%
2026-09-29 02:20:19.423|DEBUG|ArtifactScraper|Parsing artifact substat: hp+4.7%
2026-09-29 02:20:19.423|DEBUG|ArtifactScraper|Parsing artifact substat: def+16(unactivated)
2026-09-29 02:20:19.479|DEBUG|ArtifactScraper|Parsing artifact substat: atk+14
2026-09-29 02:20:19.479|DEBUG|ArtifactScraper|Parsing artifact substat: critdmg+7.0%
2026-09-29 02:20:19.479|DEBUG|ArtifactScraper|Parsing artifact substat: elementalmastery+23
2026-09-29 02:20:19.479|DEBUG|ArtifactScraper|Parsing artifact substat: def+19(unactivated)
2026-09-29 02:20:19.692|DEBUG|ArtifactScraper|Parsing artifact substat: atk+18
2026-09-29 02:20:19.692|DEBUG|ArtifactScraper|Parsing artifact substat: def+23
2026-09-29 02:20:19.692|DEBUG|ArtifactScraper|Parsing artifact substat: hp+239
2026-09-29 02:20:19.692|DEBUG|ArtifactScraper|Parsing artifact substat: elementalmastery+23
2026-09-29 02:20:19.971|DEBUG|ArtifactScraper|Parsing artifact substat: elementalmastery+19
2026-09-29 02:20:19.971|DEBUG|ArtifactScraper|Parsing artifact substat: atk+4.7%
2026-09-29 02:20:19.971|DEBUG|ArtifactScraper|Parsing artifact substat: def+21
2026-09-29 02:20:19.971|DEBUG|ArtifactScraper|Parsing artifact substat: def+7.3%(unactivated)
2026-09-29 02:20:20.045|DEBUG|ArtifactScraper|Parsing artifact substat: atk+5.3%
2026-09-29 02:20:20.045|DEBUG|ArtifactScraper|Parsing artifact substat: hp+209
2026-09-29 02:20:20.045|DEBUG|ArtifactScraper|Parsing artifact substat: critrate+3.1%
2026-09-29 02:20:20.045|DEBUG|ArtifactScraper|Parsing artifact substat: def+23(unactivated)
2026-09-29 02:20:20.203|DEBUG|ArtifactScraper|Parsing artifact substat: def+19
2026-09-29 02:20:20.203|DEBUG|ArtifactScraper|Parsing artifact substat: atk+19
2026-09-29 02:20:20.203|DEBUG|ArtifactScraper|Parsing artifact substat: critdmg+7.0%
2026-09-29 02:20:20.203|DEBUG|ArtifactScraper|Parsing artifact substat: hp+269(unactivated)
2026-09-29 02:20:20.576|DEBUG|ArtifactScraper|Parsing artifact substat: def+6.6%
2026-09-29 02:20:20.576|DEBUG|ArtifactScraper|Parsing artifact substat: def+19
2026-09-29 02:20:20.576|DEBUG|ArtifactScraper|Parsing artifact substat: elementalmastery+19
2026-09-29 02:20:20.576|DEBUG|ArtifactScraper|Parsing artifact substat: critdmg+6.2%
2026-09-29 02:20:20.639|DEBUG|ArtifactScraper|Parsing artifact substat: hp+4.7%
2026-09-29 02:20:20.639|DEBUG|ArtifactScraper|Parsing artifact substat: atk+5.8%
2026-09-29 02:20:20.640|DEBUG|ArtifactScraper|Parsing artifact substat: critrate+2.7%
2026-09-29 02:20:20.640|DEBUG|ArtifactScraper|Parsing artifact substat: atk+14
2026-09-29 02:20:20.809|DEBUG|ArtifactScraper|Parsing artifact substat: hp+5.8%
2026-09-29 02:20:20.809|DEBUG|ArtifactScraper|Parsing artifact substat: def+7.3%
2026-09-29 02:20:20.809|DEBUG|ArtifactScraper|Parsing artifact substat: atk+19
2026-09-29 02:20:20.809|DEBUG|ArtifactScraper|Parsing artifact substat: energyrecharge+6.5%
2026-09-29 02:20:21.204|DEBUG|ArtifactScraper|Parsing artifact substat: hp+209
2026-09-29 02:20:21.204|DEBUG|ArtifactScraper|Parsing artifact substat: def+16
2026-09-29 02:20:21.204|DEBUG|ArtifactScraper|Parsing artifact substat: atk+5.8%
2026-09-29 02:20:21.204|DEBUG|ArtifactScraper|Parsing artifact substat: hp+4.7%(unactivated)
2026-09-29 02:20:21.224|DEBUG|ArtifactScraper|Parsing artifact substat: critrate+3.9%
2026-09-29 02:20:21.224|DEBUG|ArtifactScraper|Parsing artifact substat: elementalmastery+21
2026-09-29 02:20:21.224|DEBUG|ArtifactScraper|Parsing artifact substat: def+16
2026-09-29 02:20:21.224|DEBUG|ArtifactScraper|Parsing artifact substat: critdmg+6.2%(unactivated)
2026-09-29 02:20:21.475|DEBUG|ArtifactScraper|Parsing artifact substat: energyrecharge+4.5%
2026-09-29 02:20:21.475|DEBUG|ArtifactScraper|Parsing artifact substat: hp+5.3%
2026-09-29 02:20:21.475|DEBUG|ArtifactScraper|Parsing artifact substat: critrate+3.9%
2026-09-29 02:20:21.475|DEBUG|ArtifactScraper|Parsing artifact substat: hp+209(unactivated)
2026-09-29 02:20:21.819|DEBUG|ArtifactScraper|Parsing artifact substat: critdmg+5.4%
2026-09-29 02:20:21.819|DEBUG|ArtifactScraper|Parsing artifact substat: hp+269
2026-09-29 02:20:21.819|DEBUG|ArtifactScraper|Parsing artifact substat: atk+4.1%
2026-09-29 02:20:21.819|DEBUG|ArtifactScraper|Parsing artifact substat: def+5.8%(unactivated)
2026-09-29 02:20:21.952|DEBUG|ArtifactScraper|Parsing artifact substat: atk+19
2026-09-29 02:20:21.952|DEBUG|ArtifactScraper|Parsing artifact substat: elementalmastery+19
2026-09-29 02:20:21.952|DEBUG|ArtifactScraper|Parsing artifact substat: def+6.6%
2026-09-29 02:20:21.952|DEBUG|ArtifactScraper|Parsing artifact substat: def+19
2026-09-29 02:20:22.203|DEBUG|ArtifactScraper|Parsing artifact substat: atk+19
2026-09-29 02:20:22.204|DEBUG|ArtifactScraper|Parsing artifact substat: hp+209
2026-09-29 02:20:22.204|DEBUG|ArtifactScraper|Parsing artifact substat: hp+4.1%
2026-09-29 02:20:22.204|DEBUG|ArtifactScraper|Parsing artifact substat: energyrecharge+4.5%
2026-09-29 02:20:22.480|DEBUG|ArtifactScraper|Parsing artifact substat: hp+4.7%
2026-09-29 02:20:22.480|DEBUG|ArtifactScraper|Parsing artifact substat: atk+18
2026-09-29 02:20:22.480|DEBUG|ArtifactScraper|Parsing artifact substat: atk+4.1%
2026-09-29 02:20:22.480|DEBUG|ArtifactScraper|Parsing artifact substat: elementalmastery+16
2026-09-29 02:20:22.614|DEBUG|ArtifactScraper|Parsing artifact substat: hp+239
2026-09-29 02:20:22.614|DEBUG|ArtifactScraper|Parsing artifact substat: critdmg+5.4%
2026-09-29 02:20:22.614|DEBUG|ArtifactScraper|Parsing artifact substat: elementalmastery+16
2026-09-29 02:20:22.614|DEBUG|ArtifactScraper|Parsing artifact substat: def+21(unactivated)
2026-09-29 02:20:22.798|DEBUG|ArtifactScraper|Parsing artifact substat: hp+269
2026-09-29 02:20:22.798|DEBUG|ArtifactScraper|Parsing artifact substat: def+5.8%
2026-09-29 02:20:22.798|DEBUG|ArtifactScraper|Parsing artifact substat: critdmg+7.8%
2026-09-29 02:20:22.798|DEBUG|ArtifactScraper|Parsing artifact substat: atk+5.8%(unactivated)
2026-09-29 02:20:23.029|DEBUG|ArtifactScraper|Parsing artifact substat: atk+19
2026-09-29 02:20:23.029|DEBUG|ArtifactScraper|Parsing artifact substat: def+21
2026-09-29 02:20:23.029|DEBUG|ArtifactScraper|Parsing artifact substat: def+6.6%
2026-09-29 02:20:23.029|DEBUG|ArtifactScraper|Parsing artifact substat: hp+5.3%(unactivated)
2026-09-29 02:20:23.229|DEBUG|ArtifactScraper|Parsing artifact substat: elementalmastery+16
2026-09-29 02:20:23.229|DEBUG|ArtifactScraper|Parsing artifact substat: def+16
2026-09-29 02:20:23.229|DEBUG|ArtifactScraper|Parsing artifact substat: atk+19
2026-09-29 02:20:23.229|DEBUG|ArtifactScraper|Parsing artifact substat: critrate+3.1%(unactivated)
2026-09-29 02:20:23.335|DEBUG|ArtifactScraper|Parsing artifact substat: atk+16
2026-09-29 02:20:23.335|DEBUG|ArtifactScraper|Parsing artifact substat: hp+209
2026-09-29 02:20:23.335|DEBUG|ArtifactScraper|Parsing artifact substat: energyrecharge+6.5%
2026-09-29 02:20:23.335|DEBUG|ArtifactScraper|Parsing artifact substat: atk+5.8%
2026-09-29 02:20:23.429|DEBUG|ArtifactScraper|Finished queuing page of artifacts. Scrolling...
2026-09-29 02:20:23.628|DEBUG|ArtifactScraper|Parsing artifact substat: atk+18
2026-09-29 02:20:23.628|DEBUG|ArtifactScraper|Parsing artifact substat: atk+4.7%
2026-09-29 02:20:23.628|DEBUG|ArtifactScraper|Parsing artifact substat: def+23
2026-09-29 02:20:23.628|DEBUG|ArtifactScraper|Parsing artifact substat: hp+5.3%(unactivated)
2026-09-29 02:20:23.803|DEBUG|ArtifactScraper|Parsing artifact substat: def+16
2026-09-29 02:20:23.803|DEBUG|ArtifactScraper|Parsing artifact substat: critrate+2.7%
2026-09-29 02:20:23.803|DEBUG|ArtifactScraper|Parsing artifact substat: atk+16
2026-09-29 02:20:23.803|DEBUG|ArtifactScraper|Parsing artifact substat: atk+5.3%(unactivated)
2026-09-29 02:20:23.859|DEBUG|ArtifactScraper|Parsing artifact substat: hp+209
2026-09-29 02:20:23.859|DEBUG|ArtifactScraper|Parsing artifact substat: hp+5.8%
2026-09-29 02:20:23.859|DEBUG|ArtifactScraper|Parsing artifact substat: def+5.8%
2026-09-29 02:20:23.859|DEBUG|ArtifactScraper|Parsing artifact substat: energyrecharge+5.8%
2026-09-29 02:20:24.157|DEBUG|ArtifactScraper|Parsing artifact substat: hp+4.1%
2026-09-29 02:20:24.157|DEBUG|ArtifactScraper|Parsing artifact substat: def+21
2026-09-29 02:20:24.157|DEBUG|ArtifactScraper|Parsing artifact substat: energyrecharge+6.5%
2026-09-29 02:20:24.157|DEBUG|ArtifactScraper|Parsing artifact substat: atk+19(unactivated)
2026-09-29 02:20:24.299|DEBUG|ArtifactScraper|Parsing artifact substat: hp+5.3%
2026-09-29 02:20:24.299|DEBUG|ArtifactScraper|Parsing artifact substat: def+7.3%
2026-09-29 02:20:24.299|DEBUG|ArtifactScraper|Parsing artifact substat: def+21
2026-09-29 02:20:24.299|DEBUG|ArtifactScraper|Parsing artifact substat: critdmg+6.2%(unactivated)
2026-09-29 02:20:26.366|DEBUG|ArtifactScraper|Scanning artifact page 18
2026-09-29 02:20:26.366|DEBUG|ArtifactScraper|Located 32 possible item locations on page.
2026-09-29 02:20:26.998|DEBUG|ArtifactScraper|Parsing artifact substat: critrate+2.7%
2026-09-29 02:20:26.998|DEBUG|ArtifactScraper|Parsing artifact substat: atk+14
2026-09-29 02:20:26.998|DEBUG|ArtifactScraper|Parsing artifact substat: elementalmastery+21
2026-09-29 02:20:26.998|DEBUG|ArtifactScraper|Parsing artifact substat: energyrecharge+4.5%
2026-09-29 02:20:27.157|DEBUG|ArtifactScraper|Parsing artifact substat: elementalmastery+23
2026-09-29 02:20:27.157|DEBUG|ArtifactScraper|Parsing artifact substat: energyrecharge+6.5%
2026-09-29 02:20:27.157|DEBUG|ArtifactScraper|Parsing artifact substat: critdmg+7.8%
2026-09-29 02:20:27.157|DEBUG|ArtifactScraper|Parsing artifact substat: atk+14
2026-09-29 02:20:27.564|DEBUG|ArtifactScraper|Parsing artifact substat: hp+4.1%
2026-09-29 02:20:27.564|DEBUG|ArtifactScraper|Parsing artifact substat: atk+19
2026-09-29 02:20:27.564|DEBUG|ArtifactScraper|Parsing artifact substat: hp+239
2026-09-29 02:20:27.564|DEBUG|ArtifactScraper|Parsing artifact substat: critrate+2.7%(unactivated)
2026-09-29 02:20:27.734|DEBUG|ArtifactScraper|Parsing artifact substat: elementalmastery+19
2026-09-29 02:20:27.734|DEBUG|ArtifactScraper|Parsing artifact substat: energyrecharge+6.5%
2026-09-29 02:20:27.734|DEBUG|ArtifactScraper|Parsing artifact substat: atk+4.7%
2026-09-29 02:20:27.734|DEBUG|ArtifactScraper|Parsing artifact substat: def+23(unactivated)
2026-09-29 02:20:27.826|DEBUG|ArtifactScraper|Parsing artifact substat: energyrecharge+6.5%
2026-09-29 02:20:27.826|DEBUG|ArtifactScraper|Parsing artifact substat: atk+18
2026-09-29 02:20:27.826|DEBUG|ArtifactScraper|Parsing artifact substat: elementalmastery+23
2026-09-29 02:20:27.826|DEBUG|ArtifactScraper|Parsing artifact substat: def+7.3%(unactivated)
2026-09-29 02:20:28.220|DEBUG|ArtifactScraper|Parsing artifact substat: def+16
2026-09-29 02:20:28.220|DEBUG|ArtifactScraper|Parsing artifact substat: energyrecharge+5.2%
2026-09-29 02:20:28.220|DEBUG|ArtifactScraper|Parsing artifact substat: atk+5.8%
2026-09-29 02:20:28.220|DEBUG|ArtifactScraper|Parsing artifact substat: critdmg+6.2%
2026-09-29 02:20:28.409|DEBUG|ArtifactScraper|Parsing artifact substat: def+23
2026-09-29 02:20:28.409|DEBUG|ArtifactScraper|Parsing artifact substat: def+7.3%
2026-09-29 02:20:28.409|DEBUG|ArtifactScraper|Parsing artifact substat: atk+14
2026-09-29 02:20:28.409|DEBUG|ArtifactScraper|Parsing artifact substat: atk+5.8%(unactivated)
2026-09-29 02:20:28.573|DEBUG|ArtifactScraper|Parsing artifact substat: def+5.1%
2026-09-29 02:20:28.573|DEBUG|ArtifactScraper|Parsing artifact substat: def+23
2026-09-29 02:20:28.573|DEBUG|ArtifactScraper|Parsing artifact substat: energyrecharge+6.5%
2026-09-29 02:20:28.573|DEBUG|ArtifactScraper|Parsing artifact substat: atk+16(unactivated)
2026-09-29 02:20:28.954|DEBUG|ArtifactScraper|Parsing artifact substat: def+5.8%
2026-09-29 02:20:28.954|DEBUG|ArtifactScraper|Parsing artifact substat: hp+5.3%
2026-09-29 02:20:28.954|DEBUG|ArtifactScraper|Parsing artifact substat: atk+18
2026-09-29 02:20:28.954|DEBUG|ArtifactScraper|Parsing artifact substat: critrate+3.5%(unactivated)
2026-09-29 02:20:29.137|DEBUG|ArtifactScraper|Parsing artifact substat: atk+19
2026-09-29 02:20:29.141|DEBUG|ArtifactScraper|Parsing artifact substat: elementalmastery+16
2026-09-29 02:20:29.141|DEBUG|ArtifactScraper|Parsing artifact substat: critdmg+7.8%
2026-09-29 02:20:29.141|DEBUG|ArtifactScraper|Parsing artifact substat: def+16(unactivated)
2026-09-29 02:20:29.282|DEBUG|ArtifactScraper|Parsing artifact substat: atk+19
2026-09-29 02:20:29.282|DEBUG|ArtifactScraper|Parsing artifact substat: def+19
2026-09-29 02:20:29.282|DEBUG|ArtifactScraper|Parsing artifact substat: critdmg+6.2%
2026-09-29 02:20:29.282|DEBUG|ArtifactScraper|Parsing artifact substat: energyrecharge+6.5%
2026-09-29 02:20:29.644|DEBUG|ArtifactScraper|Parsing artifact substat: hp+239
2026-09-29 02:20:29.644|DEBUG|ArtifactScraper|Parsing artifact substat: atk+5.8%
2026-09-29 02:20:29.644|DEBUG|ArtifactScraper|Parsing artifact substat: elementalmastery+19
2026-09-29 02:20:29.644|DEBUG|ArtifactScraper|Parsing artifact substat: energyrecharge+4.5%
2026-09-29 02:20:29.824|DEBUG|ArtifactScraper|Parsing artifact substat: hp+299
2026-09-29 02:20:29.824|DEBUG|ArtifactScraper|Parsing artifact substat: critdmg+6.2%
2026-09-29 02:20:29.824|DEBUG|ArtifactScraper|Parsing artifact substat: hp+5.8%
2026-09-29 02:20:29.824|DEBUG|ArtifactScraper|Parsing artifact substat: def+21(unactivated)
2026-09-29 02:20:30.027|DEBUG|ArtifactScraper|Parsing artifact substat: hp+5.3%
2026-09-29 02:20:30.027|DEBUG|ArtifactScraper|Parsing artifact substat: elementalmastery+23
2026-09-29 02:20:30.027|DEBUG|ArtifactScraper|Parsing artifact substat: critrate+3.1%
2026-09-29 02:20:30.027|DEBUG|ArtifactScraper|Parsing artifact substat: atk+5.3%(unactivated)
2026-09-29 02:20:30.307|DEBUG|ArtifactScraper|Parsing artifact substat: def+23
2026-09-29 02:20:30.307|DEBUG|ArtifactScraper|Parsing artifact substat: atk+5.8%
2026-09-29 02:20:30.307|DEBUG|ArtifactScraper|Parsing artifact substat: hp+239
2026-09-29 02:20:30.307|DEBUG|ArtifactScraper|Parsing artifact substat: hp+4.1%(unactivated)
2026-09-29 02:20:30.481|DEBUG|ArtifactScraper|Parsing artifact substat: hp+269
2026-09-29 02:20:30.481|DEBUG|ArtifactScraper|Parsing artifact substat: atk+4.1%
2026-09-29 02:20:30.481|DEBUG|ArtifactScraper|Parsing artifact substat: def+21
2026-09-29 02:20:30.481|DEBUG|ArtifactScraper|Parsing artifact substat: def+7.3%(unactivated)
2026-09-29 02:20:30.669|DEBUG|ArtifactScraper|Parsing artifact substat: hp+5.3%
2026-09-29 02:20:30.669|DEBUG|ArtifactScraper|Parsing artifact substat: def+23
2026-09-29 02:20:30.669|DEBUG|ArtifactScraper|Parsing artifact substat: hp+209
2026-09-29 02:20:30.669|DEBUG|ArtifactScraper|Parsing artifact substat: energyrecharge+5.2%
2026-09-29 02:20:31.020|DEBUG|ArtifactScraper|Parsing artifact substat: elementalmastery+16
2026-09-29 02:20:31.020|DEBUG|ArtifactScraper|Parsing artifact substat: hp+299
2026-09-29 02:20:31.020|DEBUG|ArtifactScraper|Parsing artifact substat: def+23
2026-09-29 02:20:31.020|DEBUG|ArtifactScraper|Parsing artifact substat: critrate+3.1%(unactivated)
2026-09-29 02:20:31.071|DEBUG|ArtifactScraper|Parsing artifact substat: hp+239
2026-09-29 02:20:31.071|DEBUG|ArtifactScraper|Parsing artifact substat: def+19
2026-09-29 02:20:31.071|DEBUG|ArtifactScraper|Parsing artifact substat: def+5.8%
2026-09-29 02:20:31.071|DEBUG|ArtifactScraper|Parsing artifact substat: energyrecharge+5.8%
2026-09-29 02:20:31.351|DEBUG|ArtifactScraper|Parsing artifact substat: hp+5.8%
2026-09-29 02:20:31.351|DEBUG|ArtifactScraper|Parsing artifact substat: energyrecharge+5.8%
2026-09-29 02:20:31.351|DEBUG|ArtifactScraper|Parsing artifact substat: elementalmastery+19
2026-09-29 02:20:31.351|DEBUG|ArtifactScraper|Parsing artifact substat: def+16
2026-09-29 02:20:31.581|DEBUG|ArtifactScraper|Parsing artifact substat: def+23
2026-09-29 02:20:31.581|DEBUG|ArtifactScraper|Parsing artifact substat: elementalmastery+23
2026-09-29 02:20:31.581|DEBUG|ArtifactScraper|Parsing artifact substat: def+7.3%
2026-09-29 02:20:31.581|DEBUG|ArtifactScraper|Parsing artifact substat: hp+239
2026-09-29 02:20:31.735|DEBUG|ArtifactScraper|Parsing artifact substat: atk+18
2026-09-29 02:20:31.735|DEBUG|ArtifactScraper|Parsing artifact substat: atk+5.3%
2026-09-29 02:20:31.735|DEBUG|ArtifactScraper|Parsing artifact substat: energyrecharge+5.2%
2026-09-29 02:20:31.735|DEBUG|ArtifactScraper|Parsing artifact substat: def+21(unactivated)
2026-09-29 02:20:31.937|DEBUG|ArtifactScraper|Parsing artifact substat: def+19
2026-09-29 02:20:31.937|DEBUG|ArtifactScraper|Parsing artifact substat: hp+4.1%
2026-09-29 02:20:31.938|DEBUG|ArtifactScraper|Parsing artifact substat: atk+14
2026-09-29 02:20:31.938|DEBUG|ArtifactScraper|Parsing artifact substat: elementalmastery+21
2026-09-29 02:20:32.182|DEBUG|ArtifactScraper|Parsing artifact substat: hp+239
2026-09-29 02:20:32.182|DEBUG|ArtifactScraper|Parsing artifact substat: atk+5.8%
2026-09-29 02:20:32.182|DEBUG|ArtifactScraper|Parsing artifact substat: hp+4.7%
2026-09-29 02:20:32.182|DEBUG|ArtifactScraper|Parsing artifact substat: atk+19(unactivated)
2026-09-29 02:20:32.407|DEBUG|ArtifactScraper|Parsing artifact substat: energyrecharge+5.2%
2026-09-29 02:20:32.407|DEBUG|ArtifactScraper|Parsing artifact substat: critrate+3.9%
2026-09-29 02:20:32.407|DEBUG|ArtifactScraper|Parsing artifact substat: atk+5.8%
2026-09-29 02:20:32.407|DEBUG|ArtifactScraper|Parsing artifact substat: hp+299(unactivated)
2026-09-29 02:20:32.426|DEBUG|ArtifactScraper|Finished queuing page of artifacts. Scrolling...
2026-09-29 02:20:32.556|DEBUG|ArtifactScraper|Parsing artifact substat: energyrecharge+5.8%
2026-09-29 02:20:32.556|DEBUG|ArtifactScraper|Parsing artifact substat: hp+299
2026-09-29 02:20:32.556|DEBUG|ArtifactScraper|Parsing artifact substat: def+23
2026-09-29 02:20:32.556|DEBUG|ArtifactScraper|Parsing artifact substat: atk+14(unactivated)
2026-09-29 02:20:32.779|DEBUG|ArtifactScraper|Parsing artifact substat: elementalmastery+21
2026-09-29 02:20:32.779|DEBUG|ArtifactScraper|Parsing artifact substat: critdmg+7.8%
2026-09-29 02:20:32.779|DEBUG|ArtifactScraper|Parsing artifact substat: def+21
2026-09-29 02:20:32.779|DEBUG|ArtifactScraper|Parsing artifact substat: atk+4.1%(unactivated)
2026-09-29 02:20:32.896|DEBUG|ArtifactScraper|Parsing artifact substat: def+19
2026-09-29 02:20:32.896|DEBUG|ArtifactScraper|Parsing artifact substat: hp+299
2026-09-29 02:20:32.896|DEBUG|ArtifactScraper|Parsing artifact substat: elementalmastery+19
2026-09-29 02:20:32.896|DEBUG|ArtifactScraper|Parsing artifact substat: def+5.8%
2026-09-29 02:20:33.418|DEBUG|ArtifactScraper|Parsing artifact substat: energyrecharge+5.2%
2026-09-29 02:20:33.418|DEBUG|ArtifactScraper|Parsing artifact substat: def+19
2026-09-29 02:20:33.418|DEBUG|ArtifactScraper|Parsing artifact substat: atk+16
2026-09-29 02:20:33.418|DEBUG|ArtifactScraper|Parsing artifact substat: atk+5.8%(unactivated)
2026-09-29 02:20:33.431|DEBUG|ArtifactScraper|Parsing artifact substat: critrate+3.5%
2026-09-29 02:20:33.431|DEBUG|ArtifactScraper|Parsing artifact substat: atk+5.3%
2026-09-29 02:20:33.431|DEBUG|ArtifactScraper|Parsing artifact substat: critdmg+7.8%
2026-09-29 02:20:33.431|DEBUG|ArtifactScraper|Parsing artifact substat: energyrecharge+6.5%
2026-09-29 02:20:33.518|DEBUG|ArtifactScraper|Parsing artifact substat: atk+18
2026-09-29 02:20:33.518|DEBUG|ArtifactScraper|Parsing artifact substat: hp+299
2026-09-29 02:20:33.518|DEBUG|ArtifactScraper|Parsing artifact substat: elementalmastery+23
2026-09-29 02:20:33.518|DEBUG|ArtifactScraper|Parsing artifact substat: def+5.1%(unactivated)
2026-09-29 02:20:33.939|DEBUG|ArtifactScraper|Parsing artifact substat: def+21
2026-09-29 02:20:33.939|DEBUG|ArtifactScraper|Parsing artifact substat: atk+5.8%
2026-09-29 02:20:33.939|DEBUG|ArtifactScraper|Parsing artifact substat: elementalmastery+16
2026-09-29 02:20:33.939|DEBUG|ArtifactScraper|Parsing artifact substat: atk+18(unactivated)
2026-09-29 02:20:35.597|DEBUG|ArtifactScraper|Scanning artifact page 19
2026-09-29 02:20:35.597|DEBUG|ArtifactScraper|Located 32 possible item locations on page.
2026-09-29 02:20:36.093|DEBUG|ArtifactScraper|Parsing artifact substat: def+7.3%
2026-09-29 02:20:36.093|DEBUG|ArtifactScraper|Parsing artifact substat: critdmg+7.8%
2026-09-29 02:20:36.093|DEBUG|ArtifactScraper|Parsing artifact substat: atk+4.1%
2026-09-29 02:20:36.093|DEBUG|ArtifactScraper|Parsing artifact substat: hp+269(unactivated)
2026-09-29 02:20:36.475|DEBUG|ArtifactScraper|Parsing artifact substat: energyrecharge+5.2%
2026-09-29 02:20:36.475|DEBUG|ArtifactScraper|Parsing artifact substat: atk+4.7%
2026-09-29 02:20:36.475|DEBUG|ArtifactScraper|Parsing artifact substat: hp+209
2026-09-29 02:20:36.475|DEBUG|ArtifactScraper|Parsing artifact substat: critdmg+7.8%
2026-09-29 02:20:36.519|DEBUG|ArtifactScraper|Parsing artifact substat: hp+239
2026-09-29 02:20:36.519|DEBUG|ArtifactScraper|Parsing artifact substat: energyrecharge+6.5%
2026-09-29 02:20:36.519|DEBUG|ArtifactScraper|Parsing artifact substat: hp+5.3%
2026-09-29 02:20:36.519|DEBUG|ArtifactScraper|Parsing artifact substat: critdmg+7.0%
2026-09-29 02:20:36.868|DEBUG|ArtifactScraper|Parsing artifact substat: elementalmastery+19
2026-09-29 02:20:36.868|DEBUG|ArtifactScraper|Parsing artifact substat: energyrecharge+6.5%
2026-09-29 02:20:36.868|DEBUG|ArtifactScraper|Parsing artifact substat: def+21
2026-09-29 02:20:36.868|DEBUG|ArtifactScraper|Parsing artifact substat: critdmg+7.8%(unactivated)
2026-09-29 02:20:36.895|DEBUG|ArtifactScraper|Parsing artifact substat: def+21
2026-09-29 02:20:36.895|DEBUG|ArtifactScraper|Parsing artifact substat: hp+5.8%
2026-09-29 02:20:36.895|DEBUG|ArtifactScraper|Parsing artifact substat: atk+18
2026-09-29 02:20:36.895|DEBUG|ArtifactScraper|Parsing artifact substat: hp+239(unactivated)
2026-09-29 02:20:37.276|DEBUG|ArtifactScraper|Parsing artifact substat: energyrecharge+6.5%
2026-09-29 02:20:37.276|DEBUG|ArtifactScraper|Parsing artifact substat: atk+16
2026-09-29 02:20:37.276|DEBUG|ArtifactScraper|Parsing artifact substat: hp+269
2026-09-29 02:20:37.276|DEBUG|ArtifactScraper|Parsing artifact substat: hp+5.8%(unactivated)
2026-09-29 02:20:37.355|DEBUG|ArtifactScraper|Parsing artifact substat: elementalmastery+16
2026-09-29 02:20:37.355|DEBUG|ArtifactScraper|Parsing artifact substat: atk+18
2026-09-29 02:20:37.355|DEBUG|ArtifactScraper|Parsing artifact substat: def+21
2026-09-29 02:20:37.355|DEBUG|ArtifactScraper|Parsing artifact substat: atk+5.8%(unactivated)
2026-09-29 02:20:37.668|DEBUG|ArtifactScraper|Parsing artifact substat: atk+5.8%
2026-09-29 02:20:37.668|DEBUG|ArtifactScraper|Parsing artifact substat: critrate+2.7%
2026-09-29 02:20:37.668|DEBUG|ArtifactScraper|Parsing artifact substat: atk+19
2026-09-29 02:20:37.668|DEBUG|ArtifactScraper|Parsing artifact substat: def+5.1%(unactivated)
2026-09-29 02:20:37.877|DEBUG|ArtifactScraper|Parsing artifact substat: critrate+3.5%
2026-09-29 02:20:37.877|DEBUG|ArtifactScraper|Parsing artifact substat: elementalmastery+21
2026-09-29 02:20:37.877|DEBUG|ArtifactScraper|Parsing artifact substat: energyrecharge+6.5%
2026-09-29 02:20:37.877|DEBUG|ArtifactScraper|Parsing artifact substat: atk+4.7%(unactivated)
2026-09-29 02:20:37.925|DEBUG|ArtifactScraper|Parsing artifact substat: def+6.6%
2026-09-29 02:20:37.925|DEBUG|ArtifactScraper|Parsing artifact substat: energyrecharge+6.5%
2026-09-29 02:20:37.925|DEBUG|ArtifactScraper|Parsing artifact substat: atk+5.8%
2026-09-29 02:20:37.925|DEBUG|ArtifactScraper|Parsing artifact substat: atk+18(unactivated)
2026-09-29 02:20:38.195|DEBUG|ArtifactScraper|Parsing artifact substat: def+7.3%
2026-09-29 02:20:38.195|DEBUG|ArtifactScraper|Parsing artifact substat: def+23
2026-09-29 02:20:38.195|DEBUG|ArtifactScraper|Parsing artifact substat: atk+18
2026-09-29 02:20:38.195|DEBUG|ArtifactScraper|Parsing artifact substat: energyrecharge+6.5%
2026-09-29 02:20:38.417|DEBUG|ArtifactScraper|Parsing artifact substat: hp+299
2026-09-29 02:20:38.417|DEBUG|ArtifactScraper|Parsing artifact substat: def+16
2026-09-29 02:20:38.417|DEBUG|ArtifactScraper|Parsing artifact substat: hp+5.8%
2026-09-29 02:20:38.417|DEBUG|ArtifactScraper|Parsing artifact substat: critdmg+5.4%(unactivated)
2026-09-29 02:20:38.536|DEBUG|ArtifactScraper|Parsing artifact substat: hp+209
2026-09-29 02:20:38.536|DEBUG|ArtifactScraper|Parsing artifact substat: energyrecharge+4.5%
2026-09-29 02:20:38.536|DEBUG|ArtifactScraper|Parsing artifact substat: critrate+3.1%
2026-09-29 02:20:38.536|DEBUG|ArtifactScraper|Parsing artifact substat: atk+4.7%(unactivated)
2026-09-29 02:20:38.735|DEBUG|ArtifactScraper|Parsing artifact substat: hp+269
2026-09-29 02:20:38.735|DEBUG|ArtifactScraper|Parsing artifact substat: def+21
2026-09-29 02:20:38.735|DEBUG|ArtifactScraper|Parsing artifact substat: hp+4.1%
2026-09-29 02:20:38.735|DEBUG|ArtifactScraper|Parsing artifact substat: energyrecharge+4.5%
2026-09-29 02:20:39.052|DEBUG|ArtifactScraper|Parsing artifact substat: energyrecharge+4.5%
2026-09-29 02:20:39.052|DEBUG|ArtifactScraper|Parsing artifact substat: def+6.6%
2026-09-29 02:20:39.052|DEBUG|ArtifactScraper|Parsing artifact substat: elementalmastery+23
2026-09-29 02:20:39.052|DEBUG|ArtifactScraper|Parsing artifact substat: critdmg+6.2%(unactivated)
2026-09-29 02:20:39.052|DEBUG|ArtifactScraper|Parsing artifact substat: critdmg+5.4%
2026-09-29 02:20:39.052|DEBUG|ArtifactScraper|Parsing artifact substat: atk+14
2026-09-29 02:20:39.052|DEBUG|ArtifactScraper|Parsing artifact substat: hp+269
2026-09-29 02:20:39.052|DEBUG|ArtifactScraper|Parsing artifact substat: critrate+3.1%
2026-09-29 02:20:39.298|DEBUG|ArtifactScraper|Parsing artifact substat: atk+18
2026-09-29 02:20:39.298|DEBUG|ArtifactScraper|Parsing artifact substat: energyrecharge+5.8%
2026-09-29 02:20:39.298|DEBUG|ArtifactScraper|Parsing artifact substat: def+23
2026-09-29 02:20:39.298|DEBUG|ArtifactScraper|Parsing artifact substat: critrate+3.1%(unactivated)
2026-09-29 02:20:39.606|DEBUG|ArtifactScraper|Parsing artifact substat: hp+5.8%
2026-09-29 02:20:39.606|DEBUG|ArtifactScraper|Parsing artifact substat: critdmg+7.8%
2026-09-29 02:20:39.606|DEBUG|ArtifactScraper|Parsing artifact substat: atk+5.8%
2026-09-29 02:20:39.606|DEBUG|ArtifactScraper|Parsing artifact substat: elementalmastery+19
2026-09-29 02:20:39.639|DEBUG|ArtifactScraper|Parsing artifact substat: hp+239
2026-09-29 02:20:39.639|DEBUG|ArtifactScraper|Parsing artifact substat: energyrecharge+5.2%
2026-09-29 02:20:39.640|DEBUG|ArtifactScraper|Parsing artifact substat: elementalmastery+21
2026-09-29 02:20:39.640|DEBUG|ArtifactScraper|Parsing artifact substat: def+21
2026-09-29 02:20:39.799|DEBUG|ArtifactScraper|Parsing artifact substat: hp+269
2026-09-29 02:20:39.799|DEBUG|ArtifactScraper|Parsing artifact substat: critdmg+7.0%
2026-09-29 02:20:39.799|DEBUG|ArtifactScraper|Parsing artifact substat: def+6.6%
2026-09-29 02:20:39.799|DEBUG|ArtifactScraper|Parsing artifact substat: energyrecharge+5.8%
2026-09-29 02:20:40.114|DEBUG|ArtifactScraper|Parsing artifact substat: hp+299
2026-09-29 02:20:40.114|DEBUG|ArtifactScraper|Parsing artifact substat: hp+4.1%
2026-09-29 02:20:40.114|DEBUG|ArtifactScraper|Parsing artifact substat: def+16
2026-09-29 02:20:40.114|DEBUG|ArtifactScraper|Parsing artifact substat: elementalmastery+23
2026-09-29 02:20:40.204|DEBUG|ArtifactScraper|Parsing artifact substat: atk+14
2026-09-29 02:20:40.204|DEBUG|ArtifactScraper|Parsing artifact substat: def+6.6%
2026-09-29 02:20:40.204|DEBUG|ArtifactScraper|Parsing artifact substat: def+23
2026-09-29 02:20:40.204|DEBUG|ArtifactScraper|Parsing artifact substat: critdmg+7.0%
2026-09-29 02:20:40.340|DEBUG|ArtifactScraper|Parsing artifact substat: def+16
2026-09-29 02:20:40.340|DEBUG|ArtifactScraper|Parsing artifact substat: hp+4.1%
2026-09-29 02:20:40.340|DEBUG|ArtifactScraper|Parsing artifact substat: atk+14
2026-09-29 02:20:40.340|DEBUG|ArtifactScraper|Parsing artifact substat: critdmg+7.0%(unactivated)
2026-09-29 02:20:40.717|DEBUG|ArtifactScraper|Parsing artifact substat: critdmg+7.0%
2026-09-29 02:20:40.717|DEBUG|ArtifactScraper|Parsing artifact substat: atk+19
2026-09-29 02:20:40.717|DEBUG|ArtifactScraper|Parsing artifact substat: elementalmastery+21
2026-09-29 02:20:40.717|DEBUG|ArtifactScraper|Parsing artifact substat: hp+209(unactivated)
2026-09-29 02:20:40.794|DEBUG|ArtifactScraper|Parsing artifact substat: atk+14
2026-09-29 02:20:40.794|DEBUG|ArtifactScraper|Parsing artifact substat: critrate+3.9%
2026-09-29 02:20:40.794|DEBUG|ArtifactScraper|Parsing artifact substat: atk+4.1%
2026-09-29 02:20:40.794|DEBUG|ArtifactScraper|Parsing artifact substat: hp+239(unactivated)
2026-09-29 02:20:40.881|DEBUG|ArtifactScraper|Parsing artifact substat: hp+269
2026-09-29 02:20:40.881|DEBUG|ArtifactScraper|Parsing artifact substat: def+19
2026-09-29 02:20:40.881|DEBUG|ArtifactScraper|Parsing artifact substat: critrate+3.9%
2026-09-29 02:20:40.881|DEBUG|ArtifactScraper|Parsing artifact substat: atk+19(unactivated)
2026-09-29 02:20:41.284|DEBUG|ArtifactScraper|Parsing artifact substat: atk+18
2026-09-29 02:20:41.284|DEBUG|ArtifactScraper|Parsing artifact substat: def+6.6%
2026-09-29 02:20:41.284|DEBUG|ArtifactScraper|Parsing artifact substat: def+19
2026-09-29 02:20:41.284|DEBUG|ArtifactScraper|Parsing artifact substat: energyrecharge+4.5%
2026-09-29 02:20:41.390|DEBUG|ArtifactScraper|Parsing artifact substat: critrate+3.9%
2026-09-29 02:20:41.391|DEBUG|ArtifactScraper|Parsing artifact substat: energyrecharge+5.8%
2026-09-29 02:20:41.391|DEBUG|ArtifactScraper|Parsing artifact substat: hp+4.7%
2026-09-29 02:20:41.391|DEBUG|ArtifactScraper|Parsing artifact substat: def+16
2026-09-29 02:20:41.447|DEBUG|ArtifactScraper|Parsing artifact substat: atk+14
2026-09-29 02:20:41.447|DEBUG|ArtifactScraper|Parsing artifact substat: hp+269
2026-09-29 02:20:41.447|DEBUG|ArtifactScraper|Parsing artifact substat: hp+5.3%
2026-09-29 02:20:41.447|DEBUG|ArtifactScraper|Parsing artifact substat: def+19(unactivated)
2026-09-29 02:20:41.466|DEBUG|ArtifactScraper|Finished queuing page of artifacts. Scrolling...
2026-09-29 02:20:41.843|DEBUG|ArtifactScraper|Parsing artifact substat: critdmg+5.4%
2026-09-29 02:20:41.843|DEBUG|ArtifactScraper|Parsing artifact substat: hp+299
2026-09-29 02:20:41.843|DEBUG|ArtifactScraper|Parsing artifact substat: elementalmastery+19
2026-09-29 02:20:41.843|DEBUG|ArtifactScraper|Parsing artifact substat: def+7.3%(unactivated)
2026-09-29 02:20:41.898|DEBUG|ArtifactScraper|Parsing artifact substat: atk+14
2026-09-29 02:20:41.898|DEBUG|ArtifactScraper|Parsing artifact substat: def+5.1%
2026-09-29 02:20:41.898|DEBUG|ArtifactScraper|Parsing artifact substat: critrate+3.5%
2026-09-29 02:20:41.898|DEBUG|ArtifactScraper|Parsing artifact substat: energyrecharge+6.5%
2026-09-29 02:20:41.964|DEBUG|ArtifactScraper|Parsing artifact substat: hp+239
2026-09-29 02:20:41.964|DEBUG|ArtifactScraper|Parsing artifact substat: elementalmastery+16
2026-09-29 02:20:41.964|DEBUG|ArtifactScraper|Parsing artifact substat: hp+4.7%
2026-09-29 02:20:41.964|DEBUG|ArtifactScraper|Parsing artifact substat: energyrecharge+6.5%
2026-09-29 02:20:44.427|DEBUG|ArtifactScraper|Scanning artifact page 20
2026-09-29 02:20:44.427|DEBUG|ArtifactScraper|Located 32 possible item locations on page.
2026-09-29 02:20:45.151|DEBUG|ArtifactScraper|Parsing artifact substat: atk+5.8%
2026-09-29 02:20:45.151|DEBUG|ArtifactScraper|Parsing artifact substat: atk+19
2026-09-29 02:20:45.151|DEBUG|ArtifactScraper|Parsing artifact substat: energyrecharge+5.8%
2026-09-29 02:20:45.151|DEBUG|ArtifactScraper|Parsing artifact substat: critdmg+7.0%(unactivated)
2026-09-29 02:20:45.188|DEBUG|ArtifactScraper|Parsing artifact substat: critrate+3.5%
2026-09-29 02:20:45.188|DEBUG|ArtifactScraper|Parsing artifact substat: critdmg+5.4%
2026-09-29 02:20:45.188|DEBUG|ArtifactScraper|Parsing artifact substat: atk+5.8%
2026-09-29 02:20:45.188|DEBUG|ArtifactScraper|Parsing artifact substat: hp+269(unactivated)
2026-09-29 02:20:45.572|DEBUG|ArtifactScraper|Parsing artifact substat: critrate+3.9%
2026-09-29 02:20:45.572|DEBUG|ArtifactScraper|Parsing artifact substat: energyrecharge+5.8%
2026-09-29 02:20:45.572|DEBUG|ArtifactScraper|Parsing artifact substat: critdmg+5.4%
2026-09-29 02:20:45.572|DEBUG|ArtifactScraper|Parsing artifact substat: hp+269(unactivated)
2026-09-29 02:20:45.685|DEBUG|ArtifactScraper|Parsing artifact substat: critdmg+5.4%
2026-09-29 02:20:45.685|DEBUG|ArtifactScraper|Parsing artifact substat: atk+16
2026-09-29 02:20:45.685|DEBUG|ArtifactScraper|Parsing artifact substat: atk+4.7%
2026-09-29 02:20:45.685|DEBUG|ArtifactScraper|Parsing artifact substat: hp+5.8%(unactivated)
2026-09-29 02:20:46.125|DEBUG|ArtifactScraper|Parsing artifact substat: critdmg+6.2%
2026-09-29 02:20:46.126|DEBUG|ArtifactScraper|Parsing artifact substat: critrate+3.9%
2026-09-29 02:20:46.126|DEBUG|ArtifactScraper|Parsing artifact substat: elementalmastery+23
2026-09-29 02:20:46.126|DEBUG|ArtifactScraper|Parsing artifact substat: def+5.8%(unactivated)
2026-09-29 02:20:46.160|DEBUG|ArtifactScraper|Parsing artifact substat: energyrecharge+5.2%
2026-09-29 02:20:46.160|DEBUG|ArtifactScraper|Parsing artifact substat: critrate+3.5%
2026-09-29 02:20:46.160|DEBUG|ArtifactScraper|Parsing artifact substat: elementalmastery+16
2026-09-29 02:20:46.160|DEBUG|ArtifactScraper|Parsing artifact substat: atk+19
2026-09-29 02:20:46.325|DEBUG|ArtifactScraper|Parsing artifact substat: energyrecharge+5.2%
2026-09-29 02:20:46.325|DEBUG|ArtifactScraper|Parsing artifact substat: def+5.8%
2026-09-29 02:20:46.325|DEBUG|ArtifactScraper|Parsing artifact substat: elementalmastery+23
2026-09-29 02:20:46.325|DEBUG|ArtifactScraper|Parsing artifact substat: critrate+3.5%(unactivated)
2026-09-29 02:20:46.666|DEBUG|ArtifactScraper|Parsing artifact substat: def+7.3%
2026-09-29 02:20:46.666|DEBUG|ArtifactScraper|Parsing artifact substat: atk+19
2026-09-29 02:20:46.666|DEBUG|ArtifactScraper|Parsing artifact substat: hp+5.8%
2026-09-29 02:20:46.666|DEBUG|ArtifactScraper|Parsing artifact substat: energyrecharge+6.5%
2026-09-29 02:20:46.722|DEBUG|ArtifactScraper|Parsing artifact substat: critdmg+7.8%
2026-09-29 02:20:46.722|DEBUG|ArtifactScraper|Parsing artifact substat: def+21
2026-09-29 02:20:46.722|DEBUG|ArtifactScraper|Parsing artifact substat: atk+19
2026-09-29 02:20:46.722|DEBUG|ArtifactScraper|Parsing artifact substat: energyrecharge+6.5%
2026-09-29 02:20:46.837|DEBUG|ArtifactScraper|Parsing artifact substat: atk+18
2026-09-29 02:20:46.837|DEBUG|ArtifactScraper|Parsing artifact substat: def+23
2026-09-29 02:20:46.837|DEBUG|ArtifactScraper|Parsing artifact substat: hp+4.1%
2026-09-29 02:20:46.837|DEBUG|ArtifactScraper|Parsing artifact substat: critdmg+7.8%(unactivated)
2026-09-29 02:20:47.214|DEBUG|ArtifactScraper|Parsing artifact substat: def+21
2026-09-29 02:20:47.214|DEBUG|ArtifactScraper|Parsing artifact substat: hp+5.3%
2026-09-29 02:20:47.214|DEBUG|ArtifactScraper|Parsing artifact substat: critdmg+7.8%
2026-09-29 02:20:47.214|DEBUG|ArtifactScraper|Parsing artifact substat: def+5.8%(unactivated)
2026-09-29 02:20:47.352|DEBUG|ArtifactScraper|Parsing artifact substat: atk+5.8%
2026-09-29 02:20:47.352|DEBUG|ArtifactScraper|Parsing artifact substat: energyrecharge+4.5%
2026-09-29 02:20:47.352|DEBUG|ArtifactScraper|Parsing artifact substat: hp+209
2026-09-29 02:20:47.352|DEBUG|ArtifactScraper|Parsing artifact substat: elementalmastery+19
2026-09-29 02:20:47.382|DEBUG|ArtifactScraper|Parsing artifact substat: hp+209
2026-09-29 02:20:47.382|DEBUG|ArtifactScraper|Parsing artifact substat: critdmg+6.2%
2026-09-29 02:20:47.382|DEBUG|ArtifactScraper|Parsing artifact substat: hp+5.8%
2026-09-29 02:20:47.382|DEBUG|ArtifactScraper|Parsing artifact substat: energyrecharge+6.5%
2026-09-29 02:20:47.800|DEBUG|ArtifactScraper|Parsing artifact substat: elementalmastery+23
2026-09-29 02:20:47.800|DEBUG|ArtifactScraper|Parsing artifact substat: hp+5.3%
2026-09-29 02:20:47.800|DEBUG|ArtifactScraper|Parsing artifact substat: def+21
2026-09-29 02:20:47.800|DEBUG|ArtifactScraper|Parsing artifact substat: hp+299(unactivated)
2026-09-29 02:20:47.919|DEBUG|ArtifactScraper|Parsing artifact substat: def+16
2026-09-29 02:20:47.919|DEBUG|ArtifactScraper|Parsing artifact substat: atk+5.8%
2026-09-29 02:20:47.919|DEBUG|ArtifactScraper|Parsing artifact substat: hp+239
2026-09-29 02:20:47.919|DEBUG|ArtifactScraper|Parsing artifact substat: energyrecharge+6.5%
2026-09-29 02:20:47.937|DEBUG|ArtifactScraper|Parsing artifact substat: hp+4.1%
2026-09-29 02:20:47.937|DEBUG|ArtifactScraper|Parsing artifact substat: critrate+3.5%
2026-09-29 02:20:47.937|DEBUG|ArtifactScraper|Parsing artifact substat: atk+14
2026-09-29 02:20:47.937|DEBUG|ArtifactScraper|Parsing artifact substat: def+21(unactivated)
2026-09-29 02:20:48.369|DEBUG|ArtifactScraper|Parsing artifact substat: atk+5.8%
2026-09-29 02:20:48.369|DEBUG|ArtifactScraper|Parsing artifact substat: elementalmastery+23
2026-09-29 02:20:48.369|DEBUG|ArtifactScraper|Parsing artifact substat: def+19
2026-09-29 02:20:48.369|DEBUG|ArtifactScraper|Parsing artifact substat: energyrecharge+4.5%
2026-09-29 02:20:48.457|DEBUG|ArtifactScraper|Parsing artifact substat: hp+269
2026-09-29 02:20:48.457|DEBUG|ArtifactScraper|Parsing artifact substat: atk+14
2026-09-29 02:20:48.457|DEBUG|ArtifactScraper|Parsing artifact substat: def+7.3%
2026-09-29 02:20:48.457|DEBUG|ArtifactScraper|Parsing artifact substat: elementalmastery+21
2026-09-29 02:20:48.494|DEBUG|ArtifactScraper|Parsing artifact substat: atk+5.3%
2026-09-29 02:20:48.494|DEBUG|ArtifactScraper|Parsing artifact substat: critrate+3.1%
2026-09-29 02:20:48.494|DEBUG|ArtifactScraper|Parsing artifact substat: hp+299
2026-09-29 02:20:48.494|DEBUG|ArtifactScraper|Parsing artifact substat: energyrecharge+5.8%
2026-09-29 02:20:48.967|DEBUG|ArtifactScraper|Parsing artifact substat: hp+299
2026-09-29 02:20:48.967|DEBUG|ArtifactScraper|Parsing artifact substat: hp+4.1%
2026-09-29 02:20:48.967|DEBUG|ArtifactScraper|Parsing artifact substat: elementalmastery+23
2026-09-29 02:20:48.967|DEBUG|ArtifactScraper|Parsing artifact substat: atk+18(unactivated)
2026-09-29 02:20:49.079|DEBUG|ArtifactScraper|Parsing artifact substat: atk+4.1%
2026-09-29 02:20:49.079|DEBUG|ArtifactScraper|Parsing artifact substat: def+23
2026-09-29 02:20:49.079|DEBUG|ArtifactScraper|Parsing artifact substat: atk+19
2026-09-29 02:20:49.079|DEBUG|ArtifactScraper|Parsing artifact substat: critrate+2.7%(unactivated)
2026-09-29 02:20:49.128|DEBUG|ArtifactScraper|Parsing artifact substat: hp+4.7%
2026-09-29 02:20:49.128|DEBUG|ArtifactScraper|Parsing artifact substat: atk+5.8%
2026-09-29 02:20:49.128|DEBUG|ArtifactScraper|Parsing artifact substat: energyrecharge+5.2%
2026-09-29 02:20:49.128|DEBUG|ArtifactScraper|Parsing artifact substat: elementalmastery+19
2026-09-29 02:20:49.538|DEBUG|ArtifactScraper|Parsing artifact substat: hp+299
2026-09-29 02:20:49.538|DEBUG|ArtifactScraper|Parsing artifact substat: def+23
2026-09-29 02:20:49.538|DEBUG|ArtifactScraper|Parsing artifact substat: atk+18
2026-09-29 02:20:49.538|DEBUG|ArtifactScraper|Parsing artifact substat: atk+4.7%(unactivated)
2026-09-29 02:20:49.694|DEBUG|ArtifactScraper|Parsing artifact substat: hp+239
2026-09-29 02:20:49.694|DEBUG|ArtifactScraper|Parsing artifact substat: critdmg+5.4%
2026-09-29 02:20:49.694|DEBUG|ArtifactScraper|Parsing artifact substat: atk+16
2026-09-29 02:20:49.694|DEBUG|ArtifactScraper|Parsing artifact substat: elementalmastery+21
2026-09-29 02:20:49.694|DEBUG|ArtifactScraper|Parsing artifact substat: hp+4.1%
2026-09-29 02:20:49.694|DEBUG|ArtifactScraper|Parsing artifact substat: elementalmastery+21
2026-09-29 02:20:49.694|DEBUG|ArtifactScraper|Parsing artifact substat: critrate+3.5%
2026-09-29 02:20:49.694|DEBUG|ArtifactScraper|Parsing artifact substat: def+23(unactivated)
2026-09-29 02:20:50.076|DEBUG|ArtifactScraper|Parsing artifact substat: hp+209
2026-09-29 02:20:50.076|DEBUG|ArtifactScraper|Parsing artifact substat: atk+5.8%
2026-09-29 02:20:50.076|DEBUG|ArtifactScraper|Parsing artifact substat: def+5.1%
2026-09-29 02:20:50.076|DEBUG|ArtifactScraper|Parsing artifact substat: elementalmastery+16
2026-09-29 02:20:50.233|DEBUG|ArtifactScraper|Parsing artifact substat: critdmg+6.2%
2026-09-29 02:20:50.233|DEBUG|ArtifactScraper|Parsing artifact substat: atk+4.7%
2026-09-29 02:20:50.234|DEBUG|ArtifactScraper|Parsing artifact substat: hp+5.3%
2026-09-29 02:20:50.234|DEBUG|ArtifactScraper|Parsing artifact substat: def+19(unactivated)
2026-09-29 02:20:50.234|DEBUG|ArtifactScraper|Parsing artifact substat: def+23
2026-09-29 02:20:50.234|DEBUG|ArtifactScraper|Parsing artifact substat: atk+14
2026-09-29 02:20:50.234|DEBUG|ArtifactScraper|Parsing artifact substat: critrate+3.1%
2026-09-29 02:20:50.234|DEBUG|ArtifactScraper|Parsing artifact substat: def+7.3%
2026-09-29 02:20:50.234|DEBUG|ArtifactScraper|Finished queuing page of artifacts. Scrolling...
2026-09-29 02:20:50.569|DEBUG|ArtifactScraper|Parsing artifact substat: atk+19
2026-09-29 02:20:50.569|DEBUG|ArtifactScraper|Parsing artifact substat: elementalmastery+19
2026-09-29 02:20:50.569|DEBUG|ArtifactScraper|Parsing artifact substat: hp+239
2026-09-29 02:20:50.569|DEBUG|ArtifactScraper|Parsing artifact substat: atk+4.7%
2026-09-29 02:20:50.780|DEBUG|ArtifactScraper|Parsing artifact substat: atk+18
2026-09-29 02:20:50.780|DEBUG|ArtifactScraper|Parsing artifact substat: atk+5.3%
2026-09-29 02:20:50.780|DEBUG|ArtifactScraper|Parsing artifact substat: hp+4.7%
2026-09-29 02:20:50.780|DEBUG|ArtifactScraper|Parsing artifact substat: def+16(unactivated)
2026-09-29 02:20:50.834|DEBUG|ArtifactScraper|Parsing artifact substat: elementalmastery+19
2026-09-29 02:20:50.834|DEBUG|ArtifactScraper|Parsing artifact substat: energyrecharge+6.5%
2026-09-29 02:20:50.834|DEBUG|ArtifactScraper|Parsing artifact substat: atk+14
2026-09-29 02:20:50.834|DEBUG|ArtifactScraper|Parsing artifact substat: def+19(unactivated)
2026-09-29 02:20:51.039|DEBUG|ArtifactScraper|Parsing artifact substat: def+16
2026-09-29 02:20:51.039|DEBUG|ArtifactScraper|Parsing artifact substat: atk+16
2026-09-29 02:20:51.039|DEBUG|ArtifactScraper|Parsing artifact substat: critrate+3.9%
2026-09-29 02:20:51.039|DEBUG|ArtifactScraper|Parsing artifact substat: energyrecharge+6.5%
2026-09-29 02:20:53.160|DEBUG|ArtifactScraper|Scanning artifact page 21
2026-09-29 02:20:53.160|DEBUG|ArtifactScraper|Located 32 possible item locations on page.
2026-09-29 02:20:53.788|DEBUG|ArtifactScraper|Parsing artifact substat: energyrecharge+4.5%
2026-09-29 02:20:53.788|DEBUG|ArtifactScraper|Parsing artifact substat: hp+4.1%
2026-09-29 02:20:53.788|DEBUG|ArtifactScraper|Parsing artifact substat: def+19
2026-09-29 02:20:53.788|DEBUG|ArtifactScraper|Parsing artifact substat: elementalmastery+21
2026-09-29 02:20:53.825|DEBUG|ArtifactScraper|Parsing artifact substat: hp+5.8%
2026-09-29 02:20:53.825|DEBUG|ArtifactScraper|Parsing artifact substat: atk+5.8%
2026-09-29 02:20:53.825|DEBUG|ArtifactScraper|Parsing artifact substat: atk+14
2026-09-29 02:20:53.825|DEBUG|ArtifactScraper|Parsing artifact substat: elementalmastery+23
2026-09-29 02:20:54.157|DEBUG|ArtifactScraper|Parsing artifact substat: atk+5.3%
2026-09-29 02:20:54.157|DEBUG|ArtifactScraper|Parsing artifact substat: critrate+3.1%
2026-09-29 02:20:54.157|DEBUG|ArtifactScraper|Parsing artifact substat: energyrecharge+5.2%
2026-09-29 02:20:54.157|DEBUG|ArtifactScraper|Parsing artifact substat: critdmg+5.4%(unactivated)
2026-09-29 02:20:54.240|DEBUG|ArtifactScraper|Parsing artifact substat: def+5.1%
2026-09-29 02:20:54.240|DEBUG|ArtifactScraper|Parsing artifact substat: atk+5.3%
2026-09-29 02:20:54.240|DEBUG|ArtifactScraper|Parsing artifact substat: critrate+3.9%
2026-09-29 02:20:54.240|DEBUG|ArtifactScraper|Parsing artifact substat: hp+4.1%(unactivated)
2026-09-29 02:20:54.564|DEBUG|ArtifactScraper|Parsing artifact substat: atk+19
2026-09-29 02:20:54.564|DEBUG|ArtifactScraper|Parsing artifact substat: energyrecharge+5.8%
2026-09-29 02:20:54.564|DEBUG|ArtifactScraper|Parsing artifact substat: def+5.1%
2026-09-29 02:20:54.564|DEBUG|ArtifactScraper|Parsing artifact substat: hp+5.8%
2026-09-29 02:20:54.607|DEBUG|ArtifactScraper|Parsing artifact substat: hp+5.8%
2026-09-29 02:20:54.607|DEBUG|ArtifactScraper|Parsing artifact substat: def+5.1%
2026-09-29 02:20:54.607|DEBUG|ArtifactScraper|Parsing artifact substat: def+16
2026-09-29 02:20:54.607|DEBUG|ArtifactScraper|Parsing artifact substat: atk+14
2026-09-29 02:20:54.786|DEBUG|ArtifactScraper|Parsing artifact substat: atk+19
2026-09-29 02:20:54.786|DEBUG|ArtifactScraper|Parsing artifact substat: energyrecharge+5.2%
2026-09-29 02:20:54.786|DEBUG|ArtifactScraper|Parsing artifact substat: elementalmastery+16
2026-09-29 02:20:54.786|DEBUG|ArtifactScraper|Parsing artifact substat: hp+5.8%(unactivated)
2026-09-29 02:20:55.016|DEBUG|ArtifactScraper|Parsing artifact substat: atk+18
2026-09-29 02:20:55.016|DEBUG|ArtifactScraper|Parsing artifact substat: hp+4.1%
2026-09-29 02:20:55.016|DEBUG|ArtifactScraper|Parsing artifact substat: def+16
2026-09-29 02:20:55.016|DEBUG|ArtifactScraper|Parsing artifact substat: atk+5.8%(unactivated)
2026-09-29 02:20:55.253|DEBUG|ArtifactScraper|Parsing artifact substat: def+16
2026-09-29 02:20:55.253|DEBUG|ArtifactScraper|Parsing artifact substat: hp+4.1%
2026-09-29 02:20:55.253|DEBUG|ArtifactScraper|Parsing artifact substat: atk+18
2026-09-29 02:20:55.253|DEBUG|ArtifactScraper|Parsing artifact substat: critrate+3.5%(unactivated)
2026-09-29 02:20:55.394|DEBUG|ArtifactScraper|Parsing artifact substat: atk+19
2026-09-29 02:20:55.394|DEBUG|ArtifactScraper|Parsing artifact substat: critdmg+7.0%
2026-09-29 02:20:55.394|DEBUG|ArtifactScraper|Parsing artifact substat: def+5.8%
2026-09-29 02:20:55.394|DEBUG|ArtifactScraper|Parsing artifact substat: hp+4.7%(unactivated)
2026-09-29 02:20:55.557|DEBUG|ArtifactScraper|Parsing artifact substat: def+23
2026-09-29 02:20:55.557|DEBUG|ArtifactScraper|Parsing artifact substat: energyrecharge+4.5%
2026-09-29 02:20:55.557|DEBUG|ArtifactScraper|Parsing artifact substat: atk+18
2026-09-29 02:20:55.557|DEBUG|ArtifactScraper|Parsing artifact substat: atk+5.3%(unactivated)
2026-09-29 02:20:55.773|DEBUG|ArtifactScraper|Parsing artifact substat: def+19
2026-09-29 02:20:55.773|DEBUG|ArtifactScraper|Parsing artifact substat: energyrecharge+4.5%
2026-09-29 02:20:55.773|DEBUG|ArtifactScraper|Parsing artifact substat: atk+4.1%
2026-09-29 02:20:55.773|DEBUG|ArtifactScraper|Parsing artifact substat: atk+16(unactivated)
2026-09-29 02:20:55.940|DEBUG|ArtifactScraper|Parsing artifact substat: atk+4.1%
2026-09-29 02:20:55.940|DEBUG|ArtifactScraper|Parsing artifact substat: def+19
2026-09-29 02:20:55.940|DEBUG|ArtifactScraper|Parsing artifact substat: elementalmastery+21
2026-09-29 02:20:55.940|DEBUG|ArtifactScraper|Parsing artifact substat: def+7.3%(unactivated)
2026-09-29 02:20:56.116|DEBUG|ArtifactScraper|Parsing artifact substat: energyrecharge+5.8%
2026-09-29 02:20:56.116|DEBUG|ArtifactScraper|Parsing artifact substat: critrate+2.7%
2026-09-29 02:20:56.116|DEBUG|ArtifactScraper|Parsing artifact substat: hp+5.3%
2026-09-29 02:20:56.116|DEBUG|ArtifactScraper|Parsing artifact substat: critdmg+7.8%(unactivated)
2026-09-29 02:20:56.256|DEBUG|ArtifactScraper|Parsing artifact substat: hp+4.1%
2026-09-29 02:20:56.256|DEBUG|ArtifactScraper|Parsing artifact substat: def+19
2026-09-29 02:20:56.256|DEBUG|ArtifactScraper|Parsing artifact substat: hp+269
2026-09-29 02:20:56.256|DEBUG|ArtifactScraper|Parsing artifact substat: elementalmastery+21
2026-09-29 02:20:56.477|DEBUG|ArtifactScraper|Parsing artifact substat: def+5.8%
2026-09-29 02:20:56.477|DEBUG|ArtifactScraper|Parsing artifact substat: def+21
2026-09-29 02:20:56.477|DEBUG|ArtifactScraper|Parsing artifact substat: hp+5.8%
2026-09-29 02:20:56.477|DEBUG|ArtifactScraper|Parsing artifact substat: atk+5.8%(unactivated)
2026-09-29 02:20:56.662|DEBUG|ArtifactScraper|Parsing artifact substat: def+5.1%
2026-09-29 02:20:56.662|DEBUG|ArtifactScraper|Parsing artifact substat: energyrecharge+4.5%
2026-09-29 02:20:56.662|DEBUG|ArtifactScraper|Parsing artifact substat: def+19
2026-09-29 02:20:56.662|DEBUG|ArtifactScraper|Parsing artifact substat: hp+5.3%(unactivated)
2026-09-29 02:20:56.788|DEBUG|ArtifactScraper|Parsing artifact substat: critrate+2.7%
2026-09-29 02:20:56.788|DEBUG|ArtifactScraper|Parsing artifact substat: def+16
2026-09-29 02:20:56.788|DEBUG|ArtifactScraper|Parsing artifact substat: energyrecharge+6.5%
2026-09-29 02:20:56.788|DEBUG|ArtifactScraper|Parsing artifact substat: def+5.8%(unactivated)
2026-09-29 02:20:57.019|DEBUG|ArtifactScraper|Parsing artifact substat: energyrecharge+5.8%
2026-09-29 02:20:57.019|DEBUG|ArtifactScraper|Parsing artifact substat: atk+18
2026-09-29 02:20:57.019|DEBUG|ArtifactScraper|Parsing artifact substat: def+23
2026-09-29 02:20:57.019|DEBUG|ArtifactScraper|Parsing artifact substat: critdmg+7.8%(unactivated)
2026-09-29 02:20:57.152|DEBUG|ArtifactScraper|Parsing artifact substat: energyrecharge+5.8%
2026-09-29 02:20:57.152|DEBUG|ArtifactScraper|Parsing artifact substat: critrate+3.5%
2026-09-29 02:20:57.152|DEBUG|ArtifactScraper|Parsing artifact substat: def+23
2026-09-29 02:20:57.152|DEBUG|ArtifactScraper|Parsing artifact substat: atk+5.8%
2026-09-29 02:20:57.256|DEBUG|ArtifactScraper|Parsing artifact substat: atk+16
2026-09-29 02:20:57.256|DEBUG|ArtifactScraper|Parsing artifact substat: def+5.1%
2026-09-29 02:20:57.256|DEBUG|ArtifactScraper|Parsing artifact substat: def+19
2026-09-29 02:20:57.256|DEBUG|ArtifactScraper|Parsing artifact substat: energyrecharge+5.2%
2026-09-29 02:20:57.526|DEBUG|ArtifactScraper|Parsing artifact substat: atk+16
2026-09-29 02:20:57.526|DEBUG|ArtifactScraper|Parsing artifact substat: hp+269
2026-09-29 02:20:57.526|DEBUG|ArtifactScraper|Parsing artifact substat: elementalmastery+19
2026-09-29 02:20:57.526|DEBUG|ArtifactScraper|Parsing artifact substat: def+21(unactivated)
2026-09-29 02:20:57.644|DEBUG|ArtifactScraper|Parsing artifact substat: hp+269
2026-09-29 02:20:57.644|DEBUG|ArtifactScraper|Parsing artifact substat: def+7.3%
2026-09-29 02:20:57.644|DEBUG|ArtifactScraper|Parsing artifact substat: atk+5.8%
2026-09-29 02:20:57.644|DEBUG|ArtifactScraper|Parsing artifact substat: energyrecharge+4.5%
2026-09-29 02:20:58.032|DEBUG|ArtifactScraper|Parsing artifact substat: atk+5.8%
2026-09-29 02:20:58.032|DEBUG|ArtifactScraper|Parsing artifact substat: def+19
2026-09-29 02:20:58.032|DEBUG|ArtifactScraper|Parsing artifact substat: hp+5.3%
2026-09-29 02:20:58.032|DEBUG|ArtifactScraper|Parsing artifact substat: def+7.3%(unactivated)
2026-09-29 02:20:58.053|DEBUG|ArtifactScraper|Parsing artifact substat: atk+16
2026-09-29 02:20:58.053|DEBUG|ArtifactScraper|Parsing artifact substat: def+16
2026-09-29 02:20:58.053|DEBUG|ArtifactScraper|Parsing artifact substat: energyrecharge+5.2%
2026-09-29 02:20:58.053|DEBUG|ArtifactScraper|Parsing artifact substat: hp+239(unactivated)
2026-09-29 02:20:58.461|DEBUG|ArtifactScraper|Parsing artifact substat: energyrecharge+6.5%
2026-09-29 02:20:58.461|DEBUG|ArtifactScraper|Parsing artifact substat: atk+16
2026-09-29 02:20:58.461|DEBUG|ArtifactScraper|Parsing artifact substat: hp+269
2026-09-29 02:20:58.461|DEBUG|ArtifactScraper|Parsing artifact substat: hp+5.8%(unactivated)
2026-09-29 02:20:58.531|DEBUG|ArtifactScraper|Parsing artifact substat: def+16
2026-09-29 02:20:58.531|DEBUG|ArtifactScraper|Parsing artifact substat: elementalmastery+21
2026-09-29 02:20:58.531|DEBUG|ArtifactScraper|Parsing artifact substat: hp+5.3%
2026-09-29 02:20:58.531|DEBUG|ArtifactScraper|Parsing artifact substat: hp+239(unactivated)
2026-09-29 02:20:58.812|DEBUG|ArtifactScraper|Parsing artifact substat: atk+16
2026-09-29 02:20:58.812|DEBUG|ArtifactScraper|Parsing artifact substat: hp+209
2026-09-29 02:20:58.813|DEBUG|ArtifactScraper|Parsing artifact substat: def+5.1%
2026-09-29 02:20:58.813|DEBUG|ArtifactScraper|Parsing artifact substat: energyrecharge+6.5%
2026-09-29 02:20:58.884|DEBUG|ArtifactScraper|Finished queuing page of artifacts. Scrolling...
2026-09-29 02:20:58.953|DEBUG|ArtifactScraper|Parsing artifact substat: def+19
2026-09-29 02:20:58.953|DEBUG|ArtifactScraper|Parsing artifact substat: atk+4.7%
2026-09-29 02:20:58.953|DEBUG|ArtifactScraper|Parsing artifact substat: atk+18
2026-09-29 02:20:58.953|DEBUG|ArtifactScraper|Parsing artifact substat: hp+209(unactivated)
2026-09-29 02:20:58.996|DEBUG|ArtifactScraper|Parsing artifact substat: hp+4.7%
2026-09-29 02:20:58.996|DEBUG|ArtifactScraper|Parsing artifact substat: def+23
2026-09-29 02:20:58.996|DEBUG|ArtifactScraper|Parsing artifact substat: critdmg+7.0%
2026-09-29 02:20:58.996|DEBUG|ArtifactScraper|Parsing artifact substat: def+5.8%(unactivated)
2026-09-29 02:20:59.284|DEBUG|ArtifactScraper|Parsing artifact substat: def+6.6%
2026-09-29 02:20:59.284|DEBUG|ArtifactScraper|Parsing artifact substat: def+16
2026-09-29 02:20:59.284|DEBUG|ArtifactScraper|Parsing artifact substat: elementalmastery+16
2026-09-29 02:20:59.284|DEBUG|ArtifactScraper|Parsing artifact substat: critrate+2.7%(unactivated)
2026-09-29 02:20:59.372|DEBUG|ArtifactScraper|Parsing artifact substat: hp+269
2026-09-29 02:20:59.372|DEBUG|ArtifactScraper|Parsing artifact substat: energyrecharge+4.5%
2026-09-29 02:20:59.372|DEBUG|ArtifactScraper|Parsing artifact substat: def+16
2026-09-29 02:20:59.372|DEBUG|ArtifactScraper|Parsing artifact substat: hp+4.1%
2026-09-29 02:21:01.633|DEBUG|ArtifactScraper|Scanning artifact page 22
2026-09-29 02:21:01.633|DEBUG|ArtifactScraper|Located 32 possible item locations on page.
2026-09-29 02:21:02.221|DEBUG|ArtifactScraper|Parsing artifact substat: def+5.8%
2026-09-29 02:21:02.221|DEBUG|ArtifactScraper|Parsing artifact substat: def+16
2026-09-29 02:21:02.221|DEBUG|ArtifactScraper|Parsing artifact substat: hp+4.1%
2026-09-29 02:21:02.221|DEBUG|ArtifactScraper|Parsing artifact substat: energyrecharge+4.5%
2026-09-29 02:21:02.386|DEBUG|ArtifactScraper|Parsing artifact substat: critrate+3.9%
2026-09-29 02:21:02.386|DEBUG|ArtifactScraper|Parsing artifact substat: def+23
2026-09-29 02:21:02.386|DEBUG|ArtifactScraper|Parsing artifact substat: elementalmastery+16
2026-09-29 02:21:02.386|DEBUG|ArtifactScraper|Parsing artifact substat: atk+5.3%(unactivated)
2026-09-29 02:21:02.527|DEBUG|ArtifactScraper|Parsing artifact substat: critrate+2.7%
2026-09-29 02:21:02.527|DEBUG|ArtifactScraper|Parsing artifact substat: energyrecharge+5.2%
2026-09-29 02:21:02.527|DEBUG|ArtifactScraper|Parsing artifact substat: atk+18
2026-09-29 02:21:02.527|DEBUG|ArtifactScraper|Parsing artifact substat: hp+239(unactivated)
2026-09-29 02:21:02.827|DEBUG|ArtifactScraper|Parsing artifact substat: energyrecharge+4.5%
2026-09-29 02:21:02.827|DEBUG|ArtifactScraper|Parsing artifact substat: def+21
2026-09-29 02:21:02.827|DEBUG|ArtifactScraper|Parsing artifact substat: elementalmastery+16
2026-09-29 02:21:02.828|DEBUG|ArtifactScraper|Parsing artifact substat: hp+4.1%(unactivated)
2026-09-29 02:21:02.928|DEBUG|ArtifactScraper|Parsing artifact substat: atk+14
2026-09-29 02:21:02.928|DEBUG|ArtifactScraper|Parsing artifact substat: def+5.8%
2026-09-29 02:21:02.928|DEBUG|ArtifactScraper|Parsing artifact substat: energyrecharge+5.2%
2026-09-29 02:21:02.928|DEBUG|ArtifactScraper|Parsing artifact substat: def+19(unactivated)
2026-09-29 02:21:03.357|DEBUG|ArtifactScraper|Parsing artifact substat: elementalmastery+21
2026-09-29 02:21:03.357|DEBUG|ArtifactScraper|Parsing artifact substat: atk+14
2026-09-29 02:21:03.357|DEBUG|ArtifactScraper|Parsing artifact substat: critrate+3.1%
2026-09-29 02:21:03.357|DEBUG|ArtifactScraper|Parsing artifact substat: def+7.3%(unactivated)
2026-09-29 02:21:03.394|DEBUG|ArtifactScraper|Parsing artifact substat: def+23
2026-09-29 02:21:03.394|DEBUG|ArtifactScraper|Parsing artifact substat: hp+239
2026-09-29 02:21:03.394|DEBUG|ArtifactScraper|Parsing artifact substat: atk+16
2026-09-29 02:21:03.394|DEBUG|ArtifactScraper|Parsing artifact substat: critdmg+5.4%(unactivated)
2026-09-29 02:21:03.556|DEBUG|ArtifactScraper|Parsing artifact substat: critdmg+7.0%
2026-09-29 02:21:03.556|DEBUG|ArtifactScraper|Parsing artifact substat: elementalmastery+23
2026-09-29 02:21:03.556|DEBUG|ArtifactScraper|Parsing artifact substat: hp+239
2026-09-29 02:21:03.556|DEBUG|ArtifactScraper|Parsing artifact substat: def+6.6%(unactivated)
2026-09-29 02:21:03.919|DEBUG|ArtifactScraper|Parsing artifact substat: elementalmastery+23
2026-09-29 02:21:03.919|DEBUG|ArtifactScraper|Parsing artifact substat: critdmg+7.8%
2026-09-29 02:21:03.919|DEBUG|ArtifactScraper|Parsing artifact substat: def+5.1%
2026-09-29 02:21:03.919|DEBUG|ArtifactScraper|Parsing artifact substat: atk+14(unactivated)
2026-09-29 02:21:03.949|DEBUG|ArtifactScraper|Parsing artifact substat: hp+239
2026-09-29 02:21:03.949|DEBUG|ArtifactScraper|Parsing artifact substat: critrate+3.9%
2026-09-29 02:21:03.949|DEBUG|ArtifactScraper|Parsing artifact substat: critdmg+7.8%
2026-09-29 02:21:03.949|DEBUG|ArtifactScraper|Parsing artifact substat: atk+18(unactivated)
2026-09-29 02:21:04.079|DEBUG|ArtifactScraper|Parsing artifact substat: def+5.1%
2026-09-29 02:21:04.079|DEBUG|ArtifactScraper|Parsing artifact substat: elementalmastery+16
2026-09-29 02:21:04.079|DEBUG|ArtifactScraper|Parsing artifact substat: atk+5.8%
2026-09-29 02:21:04.079|DEBUG|ArtifactScraper|Parsing artifact substat: atk+18(unactivated)
2026-09-29 02:21:04.414|DEBUG|ArtifactScraper|Parsing artifact substat: def+5.8%
2026-09-29 02:21:04.414|DEBUG|ArtifactScraper|Parsing artifact substat: atk+14
2026-09-29 02:21:04.414|DEBUG|ArtifactScraper|Parsing artifact substat: critdmg+7.0%
2026-09-29 02:21:04.414|DEBUG|ArtifactScraper|Parsing artifact substat: hp+4.1%(unactivated)
2026-09-29 02:21:04.524|DEBUG|ArtifactScraper|Parsing artifact substat: hp+269
2026-09-29 02:21:04.524|DEBUG|ArtifactScraper|Parsing artifact substat: atk+5.8%
2026-09-29 02:21:04.524|DEBUG|ArtifactScraper|Parsing artifact substat: elementalmastery+23
2026-09-29 02:21:04.524|DEBUG|ArtifactScraper|Parsing artifact substat: critdmg+5.4%(unactivated)
2026-09-29 02:21:04.646|DEBUG|ArtifactScraper|Parsing artifact substat: energyrecharge+6.5%
2026-09-29 02:21:04.646|DEBUG|ArtifactScraper|Parsing artifact substat: def+6.6%
2026-09-29 02:21:04.646|DEBUG|ArtifactScraper|Parsing artifact substat: hp+4.1%
2026-09-29 02:21:04.646|DEBUG|ArtifactScraper|Parsing artifact substat: def+21(unactivated)
2026-09-29 02:21:04.937|DEBUG|ArtifactScraper|Parsing artifact substat: critrate+3.1%
2026-09-29 02:21:04.937|DEBUG|ArtifactScraper|Parsing artifact substat: critdmg+7.0%
2026-09-29 02:21:04.937|DEBUG|ArtifactScraper|Parsing artifact substat: hp+209
2026-09-29 02:21:04.937|DEBUG|ArtifactScraper|Parsing artifact substat: def+21(unactivated)
2026-09-29 02:21:05.030|DEBUG|ArtifactScraper|Parsing artifact substat: def+5.1%
2026-09-29 02:21:05.031|DEBUG|ArtifactScraper|Parsing artifact substat: def+16
2026-09-29 02:21:05.031|DEBUG|ArtifactScraper|Parsing artifact substat: hp+209
2026-09-29 02:21:05.031|DEBUG|ArtifactScraper|Parsing artifact substat: critdmg+5.4%
2026-09-29 02:21:05.251|DEBUG|ArtifactScraper|Parsing artifact substat: energyrecharge+5.8%
2026-09-29 02:21:05.251|DEBUG|ArtifactScraper|Parsing artifact substat: def+21
2026-09-29 02:21:05.251|DEBUG|ArtifactScraper|Parsing artifact substat: critrate+3.9%
2026-09-29 02:21:05.251|DEBUG|ArtifactScraper|Parsing artifact substat: atk+18(unactivated)
2026-09-29 02:21:05.489|DEBUG|ArtifactScraper|Parsing artifact substat: energyrecharge+6.5%
2026-09-29 02:21:05.489|DEBUG|ArtifactScraper|Parsing artifact substat: atk+14
2026-09-29 02:21:05.489|DEBUG|ArtifactScraper|Parsing artifact substat: def+6.6%
2026-09-29 02:21:05.489|DEBUG|ArtifactScraper|Parsing artifact substat: hp+239(unactivated)
2026-09-29 02:21:05.655|DEBUG|ArtifactScraper|Parsing artifact substat: elementalmastery+23
2026-09-29 02:21:05.655|DEBUG|ArtifactScraper|Parsing artifact substat: energyrecharge+6.5%
2026-09-29 02:21:05.656|DEBUG|ArtifactScraper|Parsing artifact substat: def+16
2026-09-29 02:21:05.656|DEBUG|ArtifactScraper|Parsing artifact substat: critrate+3.5%(unactivated)
2026-09-29 02:21:05.807|DEBUG|ArtifactScraper|Parsing artifact substat: energyrecharge+6.5%
2026-09-29 02:21:05.807|DEBUG|ArtifactScraper|Parsing artifact substat: atk+19
2026-09-29 02:21:05.807|DEBUG|ArtifactScraper|Parsing artifact substat: hp+5.3%
2026-09-29 02:21:05.807|DEBUG|ArtifactScraper|Parsing artifact substat: atk+4.1%
2026-09-29 02:21:06.085|DEBUG|ArtifactScraper|Parsing artifact substat: critdmg+7.0%
2026-09-29 02:21:06.085|DEBUG|ArtifactScraper|Parsing artifact substat: def+21
2026-09-29 02:21:06.085|DEBUG|ArtifactScraper|Parsing artifact substat: atk+19
2026-09-29 02:21:06.085|DEBUG|ArtifactScraper|Parsing artifact substat: hp+4.1%(unactivated)
2026-09-29 02:21:06.219|DEBUG|ArtifactScraper|Parsing artifact substat: energyrecharge+4.5%
2026-09-29 02:21:06.219|DEBUG|ArtifactScraper|Parsing artifact substat: hp+209
2026-09-29 02:21:06.219|DEBUG|ArtifactScraper|Parsing artifact substat: critrate+3.1%
2026-09-29 02:21:06.219|DEBUG|ArtifactScraper|Parsing artifact substat: atk+5.8%(unactivated)
2026-09-29 02:21:06.557|DEBUG|ArtifactScraper|Parsing artifact substat: elementalmastery+21
2026-09-29 02:21:06.557|DEBUG|ArtifactScraper|Parsing artifact substat: energyrecharge+6.5%
2026-09-29 02:21:06.557|DEBUG|ArtifactScraper|Parsing artifact substat: critrate+3.9%
2026-09-29 02:21:06.557|DEBUG|ArtifactScraper|Parsing artifact substat: def+5.8%(unactivated)
2026-09-29 02:21:06.684|DEBUG|ArtifactScraper|Parsing artifact substat: elementalmastery+19
2026-09-29 02:21:06.684|DEBUG|ArtifactScraper|Parsing artifact substat: critrate+3.1%
2026-09-29 02:21:06.684|DEBUG|ArtifactScraper|Parsing artifact substat: def+7.3%
2026-09-29 02:21:06.684|DEBUG|ArtifactScraper|Parsing artifact substat: atk+4.1%
2026-09-29 02:21:06.815|DEBUG|ArtifactScraper|Parsing artifact substat: critdmg+6.2%
2026-09-29 02:21:06.815|DEBUG|ArtifactScraper|Parsing artifact substat: atk+5.8%
2026-09-29 02:21:06.815|DEBUG|ArtifactScraper|Parsing artifact substat: critrate+3.1%
2026-09-29 02:21:06.815|DEBUG|ArtifactScraper|Parsing artifact substat: def+19(unactivated)
2026-09-29 02:21:07.216|DEBUG|ArtifactScraper|Parsing artifact substat: atk+5.8%
2026-09-29 02:21:07.216|DEBUG|ArtifactScraper|Parsing artifact substat: critdmg+7.8%
2026-09-29 02:21:07.216|DEBUG|ArtifactScraper|Parsing artifact substat: energyrecharge+5.8%
2026-09-29 02:21:07.216|DEBUG|ArtifactScraper|Parsing artifact substat: atk+16(unactivated)
2026-09-29 02:21:07.267|DEBUG|ArtifactScraper|Parsing artifact substat: critdmg+5.4%
2026-09-29 02:21:07.267|DEBUG|ArtifactScraper|Parsing artifact substat: def+23
2026-09-29 02:21:07.267|DEBUG|ArtifactScraper|Parsing artifact substat: atk+4.1%
2026-09-29 02:21:07.267|DEBUG|ArtifactScraper|Parsing artifact substat: atk+16(unactivated)
2026-09-29 02:21:07.420|DEBUG|ArtifactScraper|Parsing artifact substat: atk+18
2026-09-29 02:21:07.420|DEBUG|ArtifactScraper|Parsing artifact substat: def+5.1%
2026-09-29 02:21:07.420|DEBUG|ArtifactScraper|Parsing artifact substat: atk+4.1%
2026-09-29 02:21:07.420|DEBUG|ArtifactScraper|Parsing artifact substat: critrate+2.7%(unactivated)
2026-09-29 02:21:07.567|DEBUG|ArtifactScraper|Finished queuing page of artifacts. Scrolling...
2026-09-29 02:21:07.849|DEBUG|ArtifactScraper|Parsing artifact substat: def+16
2026-09-29 02:21:07.849|DEBUG|ArtifactScraper|Parsing artifact substat: energyrecharge+5.2%
2026-09-29 02:21:07.849|DEBUG|ArtifactScraper|Parsing artifact substat: elementalmastery+19
2026-09-29 02:21:07.849|DEBUG|ArtifactScraper|Parsing artifact substat: atk+4.7%(unactivated)
2026-09-29 02:21:07.899|DEBUG|ArtifactScraper|Parsing artifact substat: atk+5.8%
2026-09-29 02:21:07.899|DEBUG|ArtifactScraper|Parsing artifact substat: atk+19
2026-09-29 02:21:07.899|DEBUG|ArtifactScraper|Parsing artifact substat: critrate+2.7%
2026-09-29 02:21:07.899|DEBUG|ArtifactScraper|Parsing artifact substat: def+6.6%(unactivated)
2026-09-29 02:21:08.004|DEBUG|ArtifactScraper|Parsing artifact substat: atk+4.7%
2026-09-29 02:21:08.004|DEBUG|ArtifactScraper|Parsing artifact substat: def+19
2026-09-29 02:21:08.004|DEBUG|ArtifactScraper|Parsing artifact substat: def+7.3%
2026-09-29 02:21:08.004|DEBUG|ArtifactScraper|Parsing artifact substat: energyrecharge+6.5%
2026-09-29 02:21:08.431|DEBUG|ArtifactScraper|Parsing artifact substat: def+21
2026-09-29 02:21:08.431|DEBUG|ArtifactScraper|Parsing artifact substat: def+5.8%
2026-09-29 02:21:08.431|DEBUG|ArtifactScraper|Parsing artifact substat: critrate+3.9%
2026-09-29 02:21:08.431|DEBUG|ArtifactScraper|Parsing artifact substat: energyrecharge+4.5%
2026-09-29 02:21:10.709|DEBUG|ArtifactScraper|Scanning artifact page 23
2026-09-29 02:21:10.709|DEBUG|ArtifactScraper|Located 32 possible item locations on page.
2026-09-29 02:21:11.308|DEBUG|ArtifactScraper|Parsing artifact substat: critrate+2.7%
2026-09-29 02:21:11.308|DEBUG|ArtifactScraper|Parsing artifact substat: hp+5.8%
2026-09-29 02:21:11.308|DEBUG|ArtifactScraper|Parsing artifact substat: def+19
2026-09-29 02:21:11.308|DEBUG|ArtifactScraper|Parsing artifact substat: atk+14
2026-09-29 02:21:11.484|DEBUG|ArtifactScraper|Parsing artifact substat: atk+16
2026-09-29 02:21:11.484|DEBUG|ArtifactScraper|Parsing artifact substat: def+5.1%
2026-09-29 02:21:11.484|DEBUG|ArtifactScraper|Parsing artifact substat: hp+5.3%
2026-09-29 02:21:11.484|DEBUG|ArtifactScraper|Parsing artifact substat: elementalmastery+23
2026-09-29 02:21:11.843|DEBUG|ArtifactScraper|Parsing artifact substat: critrate+3.5%
2026-09-29 02:21:11.843|DEBUG|ArtifactScraper|Parsing artifact substat: def+6.6%
2026-09-29 02:21:11.843|DEBUG|ArtifactScraper|Parsing artifact substat: atk+18
2026-09-29 02:21:11.843|DEBUG|ArtifactScraper|Parsing artifact substat: hp+4.7%
2026-09-29 02:21:12.189|DEBUG|ArtifactScraper|Parsing artifact substat: energyrecharge+6.5%
2026-09-29 02:21:12.189|DEBUG|ArtifactScraper|Parsing artifact substat: def+23
2026-09-29 02:21:12.189|DEBUG|ArtifactScraper|Parsing artifact substat: hp+4.1%
2026-09-29 02:21:12.189|DEBUG|ArtifactScraper|Parsing artifact substat: atk+18(unactivated)
2026-09-29 02:21:12.223|DEBUG|ArtifactScraper|Parsing artifact substat: hp+4.1%
2026-09-29 02:21:12.223|DEBUG|ArtifactScraper|Parsing artifact substat: energyrecharge+4.5%
2026-09-29 02:21:12.223|DEBUG|ArtifactScraper|Parsing artifact substat: elementalmastery+23
2026-09-29 02:21:12.223|DEBUG|ArtifactScraper|Parsing artifact substat: def+21(unactivated)
2026-09-29 02:21:12.388|DEBUG|ArtifactScraper|Parsing artifact substat: def+23
2026-09-29 02:21:12.388|DEBUG|ArtifactScraper|Parsing artifact substat: atk+4.7%
2026-09-29 02:21:12.388|DEBUG|ArtifactScraper|Parsing artifact substat: elementalmastery+21
2026-09-29 02:21:12.388|DEBUG|ArtifactScraper|Parsing artifact substat: atk+18(unactivated)
2026-09-29 02:21:12.717|DEBUG|ArtifactScraper|Parsing artifact substat: critrate+3.1%
2026-09-29 02:21:12.717|DEBUG|ArtifactScraper|Parsing artifact substat: def+23
2026-09-29 02:21:12.717|DEBUG|ArtifactScraper|Parsing artifact substat: def+5.8%
2026-09-29 02:21:12.717|DEBUG|ArtifactScraper|Parsing artifact substat: hp+5.3%(unactivated)
2026-09-29 02:21:12.827|DEBUG|ArtifactScraper|Parsing artifact substat: atk+18
2026-09-29 02:21:12.827|DEBUG|ArtifactScraper|Parsing artifact substat: def+19
2026-09-29 02:21:12.827|DEBUG|ArtifactScraper|Parsing artifact substat: elementalmastery+23
2026-09-29 02:21:12.828|DEBUG|ArtifactScraper|Parsing artifact substat: energyrecharge+6.5%
2026-09-29 02:21:12.955|DEBUG|ArtifactScraper|Parsing artifact substat: atk+19
2026-09-29 02:21:12.955|DEBUG|ArtifactScraper|Parsing artifact substat: def+16
2026-09-29 02:21:12.955|DEBUG|ArtifactScraper|Parsing artifact substat: def+6.6%
2026-09-29 02:21:12.955|DEBUG|ArtifactScraper|Parsing artifact substat: atk+4.7%(unactivated)
2026-09-29 02:21:13.313|DEBUG|ArtifactScraper|Parsing artifact substat: hp+4.1%
2026-09-29 02:21:13.313|DEBUG|ArtifactScraper|Parsing artifact substat: atk+14
2026-09-29 02:21:13.313|DEBUG|ArtifactScraper|Parsing artifact substat: elementalmastery+21
2026-09-29 02:21:13.313|DEBUG|ArtifactScraper|Parsing artifact substat: critrate+2.7%(unactivated)
2026-09-29 02:21:13.390|DEBUG|ArtifactScraper|Parsing artifact substat: energyrecharge+4.5%
2026-09-29 02:21:13.390|DEBUG|ArtifactScraper|Parsing artifact substat: def+21
2026-09-29 02:21:13.390|DEBUG|ArtifactScraper|Parsing artifact substat: atk+18
2026-09-29 02:21:13.390|DEBUG|ArtifactScraper|Parsing artifact substat: hp+5.3%(unactivated)
2026-09-29 02:21:13.549|DEBUG|ArtifactScraper|Parsing artifact substat: elementalmastery+16
2026-09-29 02:21:13.549|DEBUG|ArtifactScraper|Parsing artifact substat: atk+14
2026-09-29 02:21:13.549|DEBUG|ArtifactScraper|Parsing artifact substat: def+5.1%
2026-09-29 02:21:13.549|DEBUG|ArtifactScraper|Parsing artifact substat: def+16(unactivated)
2026-09-29 02:21:13.916|DEBUG|ArtifactScraper|Parsing artifact substat: def+5.8%
2026-09-29 02:21:13.916|DEBUG|ArtifactScraper|Parsing artifact substat: elementalmastery+19
2026-09-29 02:21:13.916|DEBUG|ArtifactScraper|Parsing artifact substat: atk+14
2026-09-29 02:21:13.916|DEBUG|ArtifactScraper|Parsing artifact substat: critdmg+5.4%(unactivated)
2026-09-29 02:21:13.939|DEBUG|ArtifactScraper|Parsing artifact substat: atk+19
2026-09-29 02:21:13.939|DEBUG|ArtifactScraper|Parsing artifact substat: hp+4.1%
2026-09-29 02:21:13.939|DEBUG|ArtifactScraper|Parsing artifact substat: atk+4.1%
2026-09-29 02:21:13.939|DEBUG|ArtifactScraper|Parsing artifact substat: elementalmastery+23
2026-09-29 02:21:14.069|DEBUG|ArtifactScraper|Parsing artifact substat: hp+4.1%
2026-09-29 02:21:14.069|DEBUG|ArtifactScraper|Parsing artifact substat: atk+4.7%
2026-09-29 02:21:14.069|DEBUG|ArtifactScraper|Parsing artifact substat: atk+16
2026-09-29 02:21:14.069|DEBUG|ArtifactScraper|Parsing artifact substat: elementalmastery+19
2026-09-29 02:21:14.528|DEBUG|ArtifactScraper|Parsing artifact substat: def+23
2026-09-29 02:21:14.528|DEBUG|ArtifactScraper|Parsing artifact substat: elementalmastery+16
2026-09-29 02:21:14.528|DEBUG|ArtifactScraper|Parsing artifact substat: hp+5.8%
2026-09-29 02:21:14.528|DEBUG|ArtifactScraper|Parsing artifact substat: critrate+3.9%(unactivated)
2026-09-29 02:21:14.557|DEBUG|ArtifactScraper|Parsing artifact substat: def+7.3%
2026-09-29 02:21:14.557|DEBUG|ArtifactScraper|Parsing artifact substat: elementalmastery+21
2026-09-29 02:21:14.557|DEBUG|ArtifactScraper|Parsing artifact substat: atk+19
2026-09-29 02:21:14.557|DEBUG|ArtifactScraper|Parsing artifact substat: critdmg+5.4%(unactivated)
2026-09-29 02:21:14.642|DEBUG|ArtifactScraper|Parsing artifact substat: hp+209
2026-09-29 02:21:14.642|DEBUG|ArtifactScraper|Parsing artifact substat: atk+5.8%
2026-09-29 02:21:14.642|DEBUG|ArtifactScraper|Parsing artifact substat: energyrecharge+5.2%
2026-09-29 02:21:14.642|DEBUG|ArtifactScraper|Parsing artifact substat: critrate+3.5%(unactivated)
2026-09-29 02:21:15.081|DEBUG|ArtifactScraper|Parsing artifact substat: def+5.8%
2026-09-29 02:21:15.081|DEBUG|ArtifactScraper|Parsing artifact substat: critrate+3.1%
2026-09-29 02:21:15.081|DEBUG|ArtifactScraper|Parsing artifact substat: hp+299
2026-09-29 02:21:15.081|DEBUG|ArtifactScraper|Parsing artifact substat: atk+5.8%(unactivated)
2026-09-29 02:21:15.113|DEBUG|ArtifactScraper|Parsing artifact substat: def+5.8%
2026-09-29 02:21:15.113|DEBUG|ArtifactScraper|Parsing artifact substat: atk+5.8%
2026-09-29 02:21:15.113|DEBUG|ArtifactScraper|Parsing artifact substat: critrate+3.9%
2026-09-29 02:21:15.113|DEBUG|ArtifactScraper|Parsing artifact substat: hp+299(unactivated)
2026-09-29 02:21:15.247|DEBUG|ArtifactScraper|Parsing artifact substat: atk+4.1%
2026-09-29 02:21:15.247|DEBUG|ArtifactScraper|Parsing artifact substat: hp+4.7%
2026-09-29 02:21:15.247|DEBUG|ArtifactScraper|Parsing artifact substat: energyrecharge+4.5%
2026-09-29 02:21:15.247|DEBUG|ArtifactScraper|Parsing artifact substat: def+7.3%(unactivated)
2026-09-29 02:21:15.678|DEBUG|ArtifactScraper|Parsing artifact substat: energyrecharge+5.8%
2026-09-29 02:21:15.678|DEBUG|ArtifactScraper|Parsing artifact substat: def+21
2026-09-29 02:21:15.678|DEBUG|ArtifactScraper|Parsing artifact substat: critrate+3.9%
2026-09-29 02:21:15.678|DEBUG|ArtifactScraper|Parsing artifact substat: def+7.3%(unactivated)
2026-09-29 02:21:15.733|DEBUG|ArtifactScraper|Parsing artifact substat: def+16
2026-09-29 02:21:15.734|DEBUG|ArtifactScraper|Parsing artifact substat: energyrecharge+4.5%
2026-09-29 02:21:15.734|DEBUG|ArtifactScraper|Parsing artifact substat: hp+5.8%
2026-09-29 02:21:15.734|DEBUG|ArtifactScraper|Parsing artifact substat: critrate+2.7%(unactivated)
2026-09-29 02:21:15.805|DEBUG|ArtifactScraper|Parsing artifact substat: critdmg+7.8%
2026-09-29 02:21:15.805|DEBUG|ArtifactScraper|Parsing artifact substat: hp+239
2026-09-29 02:21:15.805|DEBUG|ArtifactScraper|Parsing artifact substat: atk+4.1%
2026-09-29 02:21:15.805|DEBUG|ArtifactScraper|Parsing artifact substat: def+19(unactivated)
2026-09-29 02:21:16.257|DEBUG|ArtifactScraper|Parsing artifact substat: def+5.8%
2026-09-29 02:21:16.257|DEBUG|ArtifactScraper|Parsing artifact substat: critdmg+7.8%
2026-09-29 02:21:16.257|DEBUG|ArtifactScraper|Parsing artifact substat: atk+4.7%
2026-09-29 02:21:16.257|DEBUG|ArtifactScraper|Parsing artifact substat: critrate+3.1%(unactivated)
2026-09-29 02:21:16.317|DEBUG|ArtifactScraper|Parsing artifact substat: atk+5.3%
2026-09-29 02:21:16.317|DEBUG|ArtifactScraper|Parsing artifact substat: energyrecharge+5.8%
2026-09-29 02:21:16.317|DEBUG|ArtifactScraper|Parsing artifact substat: def+19
2026-09-29 02:21:16.317|DEBUG|ArtifactScraper|Parsing artifact substat: hp+269(unactivated)
2026-09-29 02:21:16.442|DEBUG|ArtifactScraper|Parsing artifact substat: critrate+3.5%
2026-09-29 02:21:16.442|DEBUG|ArtifactScraper|Parsing artifact substat: hp+209
2026-09-29 02:21:16.442|DEBUG|ArtifactScraper|Parsing artifact substat: energyrecharge+4.5%
2026-09-29 02:21:16.442|DEBUG|ArtifactScraper|Parsing artifact substat: def+6.6%(unactivated)
2026-09-29 02:21:16.675|DEBUG|ArtifactScraper|Finished queuing page of artifacts. Scrolling...
2026-09-29 02:21:16.913|DEBUG|ArtifactScraper|Parsing artifact substat: hp+4.1%
2026-09-29 02:21:16.913|DEBUG|ArtifactScraper|Parsing artifact substat: def+23
2026-09-29 02:21:16.913|DEBUG|ArtifactScraper|Parsing artifact substat: energyrecharge+4.5%
2026-09-29 02:21:16.913|DEBUG|ArtifactScraper|Parsing artifact substat: atk+5.8%(unactivated)
2026-09-29 02:21:17.083|DEBUG|ArtifactScraper|Parsing artifact substat: energyrecharge+5.8%
2026-09-29 02:21:17.083|DEBUG|ArtifactScraper|Parsing artifact substat: elementalmastery+23
2026-09-29 02:21:17.083|DEBUG|ArtifactScraper|Parsing artifact substat: hp+5.3%
2026-09-29 02:21:17.083|DEBUG|ArtifactScraper|Parsing artifact substat: critdmg+5.4%(unactivated)
2026-09-29 02:21:17.386|DEBUG|ArtifactScraper|Parsing artifact substat: atk+5.8%
2026-09-29 02:21:17.386|DEBUG|ArtifactScraper|Parsing artifact substat: def+23
2026-09-29 02:21:17.386|DEBUG|ArtifactScraper|Parsing artifact substat: elementalmastery+23
2026-09-29 02:21:17.386|DEBUG|ArtifactScraper|Parsing artifact substat: energyrecharge+6.5%
2026-09-29 02:21:17.564|DEBUG|ArtifactScraper|Parsing artifact substat: hp+239
2026-09-29 02:21:17.564|DEBUG|ArtifactScraper|Parsing artifact substat: def+6.6%
2026-09-29 02:21:17.564|DEBUG|ArtifactScraper|Parsing artifact substat: energyrecharge+5.8%
2026-09-29 02:21:17.564|DEBUG|ArtifactScraper|Parsing artifact substat: critdmg+7.8%(unactivated)
2026-09-29 02:21:17.631|DEBUG|ArtifactScraper|Parsing artifact substat: atk+5.8%
2026-09-29 02:21:17.631|DEBUG|ArtifactScraper|Parsing artifact substat: critdmg+6.2%
2026-09-29 02:21:17.631|DEBUG|ArtifactScraper|Parsing artifact substat: def+19
2026-09-29 02:21:17.631|DEBUG|ArtifactScraper|Parsing artifact substat: energyrecharge+4.5%
2026-09-29 02:21:19.908|DEBUG|ArtifactScraper|Scanning artifact page 24
2026-09-29 02:21:19.908|DEBUG|ArtifactScraper|Located 32 possible item locations on page.
2026-09-29 02:21:20.494|DEBUG|ArtifactScraper|Parsing artifact substat: hp+299
2026-09-29 02:21:20.494|DEBUG|ArtifactScraper|Parsing artifact substat: def+16
2026-09-29 02:21:20.494|DEBUG|ArtifactScraper|Parsing artifact substat: critrate+2.7%
2026-09-29 02:21:20.494|DEBUG|ArtifactScraper|Parsing artifact substat: hp+5.3%
2026-09-29 02:21:20.758|DEBUG|ArtifactScraper|Parsing artifact substat: def+19
2026-09-29 02:21:20.758|DEBUG|ArtifactScraper|Parsing artifact substat: hp+239
2026-09-29 02:21:20.758|DEBUG|ArtifactScraper|Parsing artifact substat: def+5.1%
2026-09-29 02:21:20.758|DEBUG|ArtifactScraper|Parsing artifact substat: atk+4.7%(unactivated)
2026-09-29 02:21:21.011|DEBUG|ArtifactScraper|Parsing artifact substat: atk+4.7%
2026-09-29 02:21:21.011|DEBUG|ArtifactScraper|Parsing artifact substat: def+23
2026-09-29 02:21:21.011|DEBUG|ArtifactScraper|Parsing artifact substat: elementalmastery+21
2026-09-29 02:21:21.011|DEBUG|ArtifactScraper|Parsing artifact substat: hp+4.7%(unactivated)
2026-09-29 02:21:21.349|DEBUG|ArtifactScraper|Parsing artifact substat: def+23
2026-09-29 02:21:21.349|DEBUG|ArtifactScraper|Parsing artifact substat: elementalmastery+19
2026-09-29 02:21:21.349|DEBUG|ArtifactScraper|Parsing artifact substat: hp+5.3%
2026-09-29 02:21:21.349|DEBUG|ArtifactScraper|Parsing artifact substat: atk+4.7%(unactivated)
2026-09-29 02:21:21.367|DEBUG|ArtifactScraper|Parsing artifact substat: elementalmastery+21
2026-09-29 02:21:21.367|DEBUG|ArtifactScraper|Parsing artifact substat: def+7.3%
2026-09-29 02:21:21.367|DEBUG|ArtifactScraper|Parsing artifact substat: atk+4.1%
2026-09-29 02:21:21.367|DEBUG|ArtifactScraper|Parsing artifact substat: def+19(unactivated)
2026-09-29 02:21:21.564|DEBUG|ArtifactScraper|Parsing artifact substat: def+5.1%
2026-09-29 02:21:21.564|DEBUG|ArtifactScraper|Parsing artifact substat: atk+5.3%
2026-09-29 02:21:21.564|DEBUG|ArtifactScraper|Parsing artifact substat: hp+269
2026-09-29 02:21:21.564|DEBUG|ArtifactScraper|Parsing artifact substat: elementalmastery+23
2026-09-29 02:21:21.986|DEBUG|ArtifactScraper|Parsing artifact substat: elementalmastery+16
2026-09-29 02:21:21.986|DEBUG|ArtifactScraper|Parsing artifact substat: def+23
2026-09-29 02:21:21.986|DEBUG|ArtifactScraper|Parsing artifact substat: hp+209
2026-09-29 02:21:21.986|DEBUG|ArtifactScraper|Parsing artifact substat: energyrecharge+5.2%
2026-09-29 02:21:21.986|DEBUG|ArtifactScraper|Parsing artifact substat: energyrecharge+5.2%
2026-09-29 02:21:21.986|DEBUG|ArtifactScraper|Parsing artifact substat: def+7.3%
2026-09-29 02:21:21.986|DEBUG|ArtifactScraper|Parsing artifact substat: hp+209
2026-09-29 02:21:21.986|DEBUG|ArtifactScraper|Parsing artifact substat: elementalmastery+23
2026-09-29 02:21:22.294|DEBUG|ArtifactScraper|Parsing artifact substat: elementalmastery+16
2026-09-29 02:21:22.294|DEBUG|ArtifactScraper|Parsing artifact substat: hp+269
2026-09-29 02:21:22.294|DEBUG|ArtifactScraper|Parsing artifact substat: atk+4.7%
2026-09-29 02:21:22.294|DEBUG|ArtifactScraper|Parsing artifact substat: def+5.8%(unactivated)
2026-09-29 02:21:22.733|DEBUG|ArtifactScraper|Parsing artifact substat: elementalmastery+19
2026-09-29 02:21:22.733|DEBUG|ArtifactScraper|Parsing artifact substat: def+23
2026-09-29 02:21:22.733|DEBUG|ArtifactScraper|Parsing artifact substat: energyrecharge+5.8%
2026-09-29 02:21:22.733|DEBUG|ArtifactScraper|Parsing artifact substat: hp+239(unactivated)
2026-09-29 02:21:22.769|DEBUG|ArtifactScraper|Parsing artifact substat: elementalmastery+23
2026-09-29 02:21:22.769|DEBUG|ArtifactScraper|Parsing artifact substat: def+16
2026-09-29 02:21:22.769|DEBUG|ArtifactScraper|Parsing artifact substat: hp+209
2026-09-29 02:21:22.769|DEBUG|ArtifactScraper|Parsing artifact substat: energyrecharge+5.2%
2026-09-29 02:21:22.908|DEBUG|ArtifactScraper|Parsing artifact substat: def+16
2026-09-29 02:21:22.908|DEBUG|ArtifactScraper|Parsing artifact substat: atk+4.1%
2026-09-29 02:21:22.908|DEBUG|ArtifactScraper|Parsing artifact substat: def+7.3%
2026-09-29 02:21:22.908|DEBUG|ArtifactScraper|Parsing artifact substat: elementalmastery+19
2026-09-29 02:21:23.322|DEBUG|ArtifactScraper|Parsing artifact substat: def+21
2026-09-29 02:21:23.322|DEBUG|ArtifactScraper|Parsing artifact substat: hp+5.8%
2026-09-29 02:21:23.322|DEBUG|ArtifactScraper|Parsing artifact substat: def+5.1%
2026-09-29 02:21:23.322|DEBUG|ArtifactScraper|Parsing artifact substat: hp+209(unactivated)
2026-09-29 02:21:23.387|DEBUG|ArtifactScraper|Parsing artifact substat: def+5.1%
2026-09-29 02:21:23.387|DEBUG|ArtifactScraper|Parsing artifact substat: hp+299
2026-09-29 02:21:23.387|DEBUG|ArtifactScraper|Parsing artifact substat: def+23
2026-09-29 02:21:23.387|DEBUG|ArtifactScraper|Parsing artifact substat: atk+4.1%(unactivated)
2026-09-29 02:21:23.451|DEBUG|ArtifactScraper|Parsing artifact substat: hp+4.1%
2026-09-29 02:21:23.451|DEBUG|ArtifactScraper|Parsing artifact substat: def+5.1%
2026-09-29 02:21:23.451|DEBUG|ArtifactScraper|Parsing artifact substat: critdmg+5.4%
2026-09-29 02:21:23.451|DEBUG|ArtifactScraper|Parsing artifact substat: def+23
2026-09-29 02:21:23.906|DEBUG|ArtifactScraper|Parsing artifact substat: atk+16
2026-09-29 02:21:23.906|DEBUG|ArtifactScraper|Parsing artifact substat: elementalmastery+21
2026-09-29 02:21:23.906|DEBUG|ArtifactScraper|Parsing artifact substat: critdmg+7.8%
2026-09-29 02:21:23.906|DEBUG|ArtifactScraper|Parsing artifact substat: critrate+3.1%(unactivated)
2026-09-29 02:21:23.906|DEBUG|ArtifactScraper|Parsing artifact substat: atk+4.7%
2026-09-29 02:21:23.906|DEBUG|ArtifactScraper|Parsing artifact substat: hp+209
2026-09-29 02:21:23.906|DEBUG|ArtifactScraper|Parsing artifact substat: critrate+2.7%
2026-09-29 02:21:23.906|DEBUG|ArtifactScraper|Parsing artifact substat: energyrecharge+6.5%
2026-09-29 02:21:24.054|DEBUG|ArtifactScraper|Parsing artifact substat: hp+4.1%
2026-09-29 02:21:24.054|DEBUG|ArtifactScraper|Parsing artifact substat: def+5.1%
2026-09-29 02:21:24.054|DEBUG|ArtifactScraper|Parsing artifact substat: energyrecharge+5.2%
2026-09-29 02:21:24.054|DEBUG|ArtifactScraper|Parsing artifact substat: critrate+3.5%(unactivated)
2026-09-29 02:21:24.432|DEBUG|ArtifactScraper|Parsing artifact substat: def+16
2026-09-29 02:21:24.432|DEBUG|ArtifactScraper|Parsing artifact substat: hp+209
2026-09-29 02:21:24.432|DEBUG|ArtifactScraper|Parsing artifact substat: hp+4.7%
2026-09-29 02:21:24.432|DEBUG|ArtifactScraper|Parsing artifact substat: energyrecharge+5.8%
2026-09-29 02:21:24.432|DEBUG|ArtifactScraper|Parsing artifact substat: hp+269
2026-09-29 02:21:24.437|DEBUG|ArtifactScraper|Parsing artifact substat: energyrecharge+6.5%
2026-09-29 02:21:24.437|DEBUG|ArtifactScraper|Parsing artifact substat: def+19
2026-09-29 02:21:24.437|DEBUG|ArtifactScraper|Parsing artifact substat: def+6.6%
2026-09-29 02:21:24.631|DEBUG|ArtifactScraper|Parsing artifact substat: energyrecharge+6.5%
2026-09-29 02:21:24.631|DEBUG|ArtifactScraper|Parsing artifact substat: atk+14
2026-09-29 02:21:24.631|DEBUG|ArtifactScraper|Parsing artifact substat: def+23
2026-09-29 02:21:24.631|DEBUG|ArtifactScraper|Parsing artifact substat: elementalmastery+21
2026-09-29 02:21:24.958|DEBUG|ArtifactScraper|Parsing artifact substat: hp+209
2026-09-29 02:21:24.958|DEBUG|ArtifactScraper|Parsing artifact substat: def+19
2026-09-29 02:21:24.958|DEBUG|ArtifactScraper|Parsing artifact substat: hp+5.3%
2026-09-29 02:21:24.958|DEBUG|ArtifactScraper|Parsing artifact substat: atk+14
2026-09-29 02:21:25.027|DEBUG|ArtifactScraper|Parsing artifact substat: def+6.6%
2026-09-29 02:21:25.027|DEBUG|ArtifactScraper|Parsing artifact substat: def+21
2026-09-29 02:21:25.027|DEBUG|ArtifactScraper|Parsing artifact substat: elementalmastery+23
2026-09-29 02:21:25.027|DEBUG|ArtifactScraper|Parsing artifact substat: atk+16(unactivated)
2026-09-29 02:21:25.174|DEBUG|ArtifactScraper|Parsing artifact substat: atk+14
2026-09-29 02:21:25.174|DEBUG|ArtifactScraper|Parsing artifact substat: def+16
2026-09-29 02:21:25.174|DEBUG|ArtifactScraper|Parsing artifact substat: atk+4.1%
2026-09-29 02:21:25.174|DEBUG|ArtifactScraper|Parsing artifact substat: hp+299(unactivated)
2026-09-29 02:21:25.497|DEBUG|ArtifactScraper|Parsing artifact substat: atk+14
2026-09-29 02:21:25.497|DEBUG|ArtifactScraper|Parsing artifact substat: def+16
2026-09-29 02:21:25.497|DEBUG|ArtifactScraper|Parsing artifact substat: critdmg+7.0%
2026-09-29 02:21:25.497|DEBUG|ArtifactScraper|Parsing artifact substat: def+5.1%(unactivated)
2026-09-29 02:21:25.597|DEBUG|ArtifactScraper|Parsing artifact substat: def+6.6%
2026-09-29 02:21:25.597|DEBUG|ArtifactScraper|Parsing artifact substat: energyrecharge+5.8%
2026-09-29 02:21:25.597|DEBUG|ArtifactScraper|Parsing artifact substat: def+19
2026-09-29 02:21:25.597|DEBUG|ArtifactScraper|Parsing artifact substat: hp+269(unactivated)
2026-09-29 02:21:25.799|DEBUG|ArtifactScraper|Parsing artifact substat: energyrecharge+6.5%
2026-09-29 02:21:25.799|DEBUG|ArtifactScraper|Parsing artifact substat: def+19
2026-09-29 02:21:25.799|DEBUG|ArtifactScraper|Parsing artifact substat: critdmg+5.4%
2026-09-29 02:21:25.799|DEBUG|ArtifactScraper|Parsing artifact substat: elementalmastery+16
2026-09-29 02:21:26.017|DEBUG|ArtifactScraper|Finished queuing page of artifacts. Scrolling...
2026-09-29 02:21:26.087|DEBUG|ArtifactScraper|Parsing artifact substat: elementalmastery+23
2026-09-29 02:21:26.087|DEBUG|ArtifactScraper|Parsing artifact substat: critrate+3.9%
2026-09-29 02:21:26.087|DEBUG|ArtifactScraper|Parsing artifact substat: def+16
2026-09-29 02:21:26.087|DEBUG|ArtifactScraper|Parsing artifact substat: atk+19(unactivated)
2026-09-29 02:21:26.180|DEBUG|ArtifactScraper|Parsing artifact substat: def+23
2026-09-29 02:21:26.180|DEBUG|ArtifactScraper|Parsing artifact substat: energyrecharge+6.5%
2026-09-29 02:21:26.180|DEBUG|ArtifactScraper|Parsing artifact substat: hp+239
2026-09-29 02:21:26.180|DEBUG|ArtifactScraper|Parsing artifact substat: elementalmastery+21
2026-09-29 02:21:26.367|DEBUG|ArtifactScraper|Parsing artifact substat: atk+4.1%
2026-09-29 02:21:26.367|DEBUG|ArtifactScraper|Parsing artifact substat: atk+14
2026-09-29 02:21:26.367|DEBUG|ArtifactScraper|Parsing artifact substat: hp+269
2026-09-29 02:21:26.367|DEBUG|ArtifactScraper|Parsing artifact substat: energyrecharge+4.5%
2026-09-29 02:21:26.602|DEBUG|ArtifactScraper|Scrolled back one
2026-09-29 02:21:26.680|DEBUG|ArtifactScraper|Parsing artifact substat: def+21
2026-09-29 02:21:26.680|DEBUG|ArtifactScraper|Parsing artifact substat: hp+209
2026-09-29 02:21:26.680|DEBUG|ArtifactScraper|Parsing artifact substat: atk+19
2026-09-29 02:21:26.680|DEBUG|ArtifactScraper|Parsing artifact substat: critdmg+5.4%(unactivated)
2026-09-29 02:21:26.810|DEBUG|ArtifactScraper|Parsing artifact substat: atk+16
2026-09-29 02:21:26.810|DEBUG|ArtifactScraper|Parsing artifact substat: hp+209
2026-09-29 02:21:26.810|DEBUG|ArtifactScraper|Parsing artifact substat: elementalmastery+19
2026-09-29 02:21:26.810|DEBUG|ArtifactScraper|Parsing artifact substat: atk+4.7%(unactivated)
2026-09-29 02:21:28.948|DEBUG|ArtifactScraper|Scanning artifact page 25
2026-09-29 02:21:28.948|DEBUG|ArtifactScraper|Located 32 possible item locations on page.
2026-09-29 02:21:29.551|DEBUG|ArtifactScraper|Parsing artifact substat: hp+4.7%
2026-09-29 02:21:29.551|DEBUG|ArtifactScraper|Parsing artifact substat: def+19
2026-09-29 02:21:29.551|DEBUG|ArtifactScraper|Parsing artifact substat: critdmg+6.2%
2026-09-29 02:21:29.551|DEBUG|ArtifactScraper|Parsing artifact substat: atk+14(unactivated)
2026-09-29 02:21:29.647|DEBUG|ArtifactScraper|Parsing artifact substat: atk+14
2026-09-29 02:21:29.647|DEBUG|ArtifactScraper|Parsing artifact substat: elementalmastery+16
2026-09-29 02:21:29.647|DEBUG|ArtifactScraper|Parsing artifact substat: def+23
2026-09-29 02:21:29.647|DEBUG|ArtifactScraper|Parsing artifact substat: atk+4.1%(unactivated)
2026-09-29 02:21:29.946|DEBUG|ArtifactScraper|Parsing artifact substat: energyrecharge+4.5%
2026-09-29 02:21:29.946|DEBUG|ArtifactScraper|Parsing artifact substat: atk+18
2026-09-29 02:21:29.946|DEBUG|ArtifactScraper|Parsing artifact substat: def+21
2026-09-29 02:21:29.946|DEBUG|ArtifactScraper|Parsing artifact substat: hp+5.3%(unactivated)
2026-09-29 02:21:29.998|DEBUG|ArtifactScraper|Parsing artifact substat: elementalmastery+19
2026-09-29 02:21:29.998|DEBUG|ArtifactScraper|Parsing artifact substat: hp+239
2026-09-29 02:21:29.998|DEBUG|ArtifactScraper|Parsing artifact substat: critdmg+6.2%
2026-09-29 02:21:29.998|DEBUG|ArtifactScraper|Parsing artifact substat: atk+16(unactivated)
2026-09-29 02:21:30.342|DEBUG|ArtifactScraper|Parsing artifact substat: critrate+2.7%
2026-09-29 02:21:30.342|DEBUG|ArtifactScraper|Parsing artifact substat: atk+19
2026-09-29 02:21:30.342|DEBUG|ArtifactScraper|Parsing artifact substat: def+23
2026-09-29 02:21:30.342|DEBUG|ArtifactScraper|Parsing artifact substat: def+5.1%(unactivated)
2026-09-29 02:21:30.404|DEBUG|ArtifactScraper|Parsing artifact substat: hp+209
2026-09-29 02:21:30.404|DEBUG|ArtifactScraper|Parsing artifact substat: def+16
2026-09-29 02:21:30.404|DEBUG|ArtifactScraper|Parsing artifact substat: atk+4.7%
2026-09-29 02:21:30.404|DEBUG|ArtifactScraper|Parsing artifact substat: atk+16(unactivated)
2026-09-29 02:21:30.808|DEBUG|ArtifactScraper|Parsing artifact substat: hp+209
2026-09-29 02:21:30.808|DEBUG|ArtifactScraper|Parsing artifact substat: critrate+2.7%
2026-09-29 02:21:30.808|DEBUG|ArtifactScraper|Parsing artifact substat: def+7.3%
2026-09-29 02:21:30.808|DEBUG|ArtifactScraper|Parsing artifact substat: energyrecharge+6.5%
2026-09-29 02:21:30.913|DEBUG|ArtifactScraper|Parsing artifact substat: atk+19
2026-09-29 02:21:30.913|DEBUG|ArtifactScraper|Parsing artifact substat: def+6.6%
2026-09-29 02:21:30.913|DEBUG|ArtifactScraper|Parsing artifact substat: atk+5.3%
2026-09-29 02:21:30.913|DEBUG|ArtifactScraper|Parsing artifact substat: def+19(unactivated)
2026-09-29 02:21:31.051|DEBUG|ArtifactScraper|Parsing artifact substat: elementalmastery+16
2026-09-29 02:21:31.051|DEBUG|ArtifactScraper|Parsing artifact substat: atk+18
2026-09-29 02:21:31.051|DEBUG|ArtifactScraper|Parsing artifact substat: energyrecharge+6.5%
2026-09-29 02:21:31.051|DEBUG|ArtifactScraper|Parsing artifact substat: def+23(unactivated)
2026-09-29 02:21:31.400|DEBUG|ArtifactScraper|Parsing artifact substat: hp+5.3%
2026-09-29 02:21:31.400|DEBUG|ArtifactScraper|Parsing artifact substat: def+16
2026-09-29 02:21:31.400|DEBUG|ArtifactScraper|Parsing artifact substat: critrate+3.9%
2026-09-29 02:21:31.400|DEBUG|ArtifactScraper|Parsing artifact substat: elementalmastery+21
2026-09-29 02:21:31.432|DEBUG|ArtifactScraper|Parsing artifact substat: atk+14
2026-09-29 02:21:31.432|DEBUG|ArtifactScraper|Parsing artifact substat: def+5.8%
2026-09-29 02:21:31.432|DEBUG|ArtifactScraper|Parsing artifact substat: def+23
2026-09-29 02:21:31.432|DEBUG|ArtifactScraper|Parsing artifact substat: hp+269(unactivated)
2026-09-29 02:21:31.590|DEBUG|ArtifactScraper|Parsing artifact substat: def+23
2026-09-29 02:21:31.590|DEBUG|ArtifactScraper|Parsing artifact substat: atk+19
2026-09-29 02:21:31.590|DEBUG|ArtifactScraper|Parsing artifact substat: hp+4.1%
2026-09-29 02:21:31.590|DEBUG|ArtifactScraper|Parsing artifact substat: def+5.8%
2026-09-29 02:21:31.908|DEBUG|ArtifactScraper|Parsing artifact substat: hp+4.7%
2026-09-29 02:21:31.908|DEBUG|ArtifactScraper|Parsing artifact substat: critdmg+7.0%
2026-09-29 02:21:31.908|DEBUG|ArtifactScraper|Parsing artifact substat: hp+299
2026-09-29 02:21:31.908|DEBUG|ArtifactScraper|Parsing artifact substat: atk+18
2026-09-29 02:21:31.995|DEBUG|ArtifactScraper|Parsing artifact substat: hp+269
2026-09-29 02:21:31.995|DEBUG|ArtifactScraper|Parsing artifact substat: atk+4.7%
2026-09-29 02:21:31.995|DEBUG|ArtifactScraper|Parsing artifact substat: energyrecharge+6.5%
2026-09-29 02:21:31.995|DEBUG|ArtifactScraper|Parsing artifact substat: def+6.6%
2026-09-29 02:21:32.124|DEBUG|ArtifactScraper|Parsing artifact substat: atk+4.1%
2026-09-29 02:21:32.124|DEBUG|ArtifactScraper|Parsing artifact substat: energyrecharge+6.5%
2026-09-29 02:21:32.124|DEBUG|ArtifactScraper|Parsing artifact substat: hp+269
2026-09-29 02:21:32.124|DEBUG|ArtifactScraper|Parsing artifact substat: hp+5.3%
2026-09-29 02:21:32.463|DEBUG|ArtifactScraper|Parsing artifact substat: energyrecharge+5.8%
2026-09-29 02:21:32.463|DEBUG|ArtifactScraper|Parsing artifact substat: elementalmastery+16
2026-09-29 02:21:32.463|DEBUG|ArtifactScraper|Parsing artifact substat: hp+5.3%
2026-09-29 02:21:32.463|DEBUG|ArtifactScraper|Parsing artifact substat: atk+4.7%
2026-09-29 02:21:32.575|DEBUG|ArtifactScraper|Parsing artifact substat: def+16
2026-09-29 02:21:32.575|DEBUG|ArtifactScraper|Parsing artifact substat: hp+4.1%
2026-09-29 02:21:32.575|DEBUG|ArtifactScraper|Parsing artifact substat: energyrecharge+5.8%
2026-09-29 02:21:32.575|DEBUG|ArtifactScraper|Parsing artifact substat: atk+18(unactivated)
2026-09-29 02:21:33.029|DEBUG|ArtifactScraper|Parsing artifact substat: atk+5.3%
2026-09-29 02:21:33.029|DEBUG|ArtifactScraper|Parsing artifact substat: def+21
2026-09-29 02:21:33.029|DEBUG|ArtifactScraper|Parsing artifact substat: atk+14
2026-09-29 02:21:33.029|DEBUG|ArtifactScraper|Parsing artifact substat: hp+299(unactivated)
2026-09-29 02:21:33.121|DEBUG|ArtifactScraper|Parsing artifact substat: def+5.8%
2026-09-29 02:21:33.121|DEBUG|ArtifactScraper|Parsing artifact substat: critrate+3.5%
2026-09-29 02:21:33.121|DEBUG|ArtifactScraper|Parsing artifact substat: def+23
2026-09-29 02:21:33.121|DEBUG|ArtifactScraper|Parsing artifact substat: critdmg+7.8%(unactivated)
2026-09-29 02:21:33.289|DEBUG|ArtifactScraper|Parsing artifact substat: hp+5.3%
2026-09-29 02:21:33.289|DEBUG|ArtifactScraper|Parsing artifact substat: critdmg+7.8%
2026-09-29 02:21:33.289|DEBUG|ArtifactScraper|Parsing artifact substat: hp+299
2026-09-29 02:21:33.289|DEBUG|ArtifactScraper|Parsing artifact substat: energyrecharge+6.5%
2026-09-29 02:21:33.687|DEBUG|ArtifactScraper|Parsing artifact substat: def+23
2026-09-29 02:21:33.687|DEBUG|ArtifactScraper|Parsing artifact substat: hp+269
2026-09-29 02:21:33.687|DEBUG|ArtifactScraper|Parsing artifact substat: atk+18
2026-09-29 02:21:33.687|DEBUG|ArtifactScraper|Parsing artifact substat: atk+4.7%(unactivated)
2026-09-29 02:21:33.707|DEBUG|ArtifactScraper|Parsing artifact substat: energyrecharge+5.2%
2026-09-29 02:21:33.707|DEBUG|ArtifactScraper|Parsing artifact substat: critdmg+7.0%
2026-09-29 02:21:33.707|DEBUG|ArtifactScraper|Parsing artifact substat: def+16
2026-09-29 02:21:33.707|DEBUG|ArtifactScraper|Parsing artifact substat: critrate+2.7%(unactivated)
2026-09-29 02:21:33.919|DEBUG|ArtifactScraper|Parsing artifact substat: def+16
2026-09-29 02:21:33.919|DEBUG|ArtifactScraper|Parsing artifact substat: energyrecharge+5.8%
2026-09-29 02:21:33.919|DEBUG|ArtifactScraper|Parsing artifact substat: atk+4.1%
2026-09-29 02:21:33.919|DEBUG|ArtifactScraper|Parsing artifact substat: atk+19(unactivated)
2026-09-29 02:21:34.330|DEBUG|ArtifactScraper|Parsing artifact substat: atk+4.7%
2026-09-29 02:21:34.330|DEBUG|ArtifactScraper|Parsing artifact substat: critrate+3.1%
2026-09-29 02:21:34.330|DEBUG|ArtifactScraper|Parsing artifact substat: def+16
2026-09-29 02:21:34.330|DEBUG|ArtifactScraper|Parsing artifact substat: hp+4.7%(unactivated)
2026-09-29 02:21:34.378|DEBUG|ArtifactScraper|Parsing artifact substat: def+6.6%
2026-09-29 02:21:34.378|DEBUG|ArtifactScraper|Parsing artifact substat: elementalmastery+21
2026-09-29 02:21:34.378|DEBUG|ArtifactScraper|Parsing artifact substat: hp+5.8%
2026-09-29 02:21:34.378|DEBUG|ArtifactScraper|Parsing artifact substat: critrate+3.5%(unactivated)
2026-09-29 02:21:34.545|DEBUG|ArtifactScraper|Parsing artifact substat: hp+269
2026-09-29 02:21:34.545|DEBUG|ArtifactScraper|Parsing artifact substat: atk+16
2026-09-29 02:21:34.545|DEBUG|ArtifactScraper|Parsing artifact substat: energyrecharge+5.8%
2026-09-29 02:21:34.545|DEBUG|ArtifactScraper|Parsing artifact substat: atk+4.1%(unactivated)
2026-09-29 02:21:34.939|DEBUG|ArtifactScraper|Finished queuing page of artifacts. Scrolling...
2026-09-29 02:21:34.998|DEBUG|ArtifactScraper|Parsing artifact substat: hp+299
2026-09-29 02:21:34.998|DEBUG|ArtifactScraper|Parsing artifact substat: critdmg+5.4%
2026-09-29 02:21:34.998|DEBUG|ArtifactScraper|Parsing artifact substat: atk+16
2026-09-29 02:21:34.998|DEBUG|ArtifactScraper|Parsing artifact substat: atk+4.1%(unactivated)
2026-09-29 02:21:35.080|DEBUG|ArtifactScraper|Parsing artifact substat: def+21
2026-09-29 02:21:35.080|DEBUG|ArtifactScraper|Parsing artifact substat: energyrecharge+4.5%
2026-09-29 02:21:35.080|DEBUG|ArtifactScraper|Parsing artifact substat: hp+4.7%
2026-09-29 02:21:35.080|DEBUG|ArtifactScraper|Parsing artifact substat: atk+16(unactivated)
2026-09-29 02:21:35.268|DEBUG|ArtifactScraper|Parsing artifact substat: def+23
2026-09-29 02:21:35.268|DEBUG|ArtifactScraper|Parsing artifact substat: critrate+3.5%
2026-09-29 02:21:35.268|DEBUG|ArtifactScraper|Parsing artifact substat: atk+19
2026-09-29 02:21:35.268|DEBUG|ArtifactScraper|Parsing artifact substat: hp+4.7%(unactivated)
2026-09-29 02:21:35.685|DEBUG|ArtifactScraper|Parsing artifact substat: energyrecharge+6.5%
2026-09-29 02:21:35.685|DEBUG|ArtifactScraper|Parsing artifact substat: elementalmastery+16
2026-09-29 02:21:35.685|DEBUG|ArtifactScraper|Parsing artifact substat: atk+16
2026-09-29 02:21:35.685|DEBUG|ArtifactScraper|Parsing artifact substat: critdmg+5.4%(unactivated)
2026-09-29 02:21:35.752|DEBUG|ArtifactScraper|Parsing artifact substat: energyrecharge+5.2%
2026-09-29 02:21:35.752|DEBUG|ArtifactScraper|Parsing artifact substat: critrate+2.7%
2026-09-29 02:21:35.752|DEBUG|ArtifactScraper|Parsing artifact substat: hp+299
2026-09-29 02:21:35.752|DEBUG|ArtifactScraper|Parsing artifact substat: hp+5.8%(unactivated)
2026-09-29 02:21:35.833|DEBUG|ArtifactScraper|Parsing artifact substat: atk+5.3%
2026-09-29 02:21:35.833|DEBUG|ArtifactScraper|Parsing artifact substat: atk+18
2026-09-29 02:21:35.833|DEBUG|ArtifactScraper|Parsing artifact substat: def+21
2026-09-29 02:21:35.833|DEBUG|ArtifactScraper|Parsing artifact substat: critrate+3.9%(unactivated)
2026-09-29 02:21:38.087|DEBUG|ArtifactScraper|Scanning artifact page 26
2026-09-29 02:21:38.087|DEBUG|ArtifactScraper|Located 32 possible item locations on page.
2026-09-29 02:21:38.759|DEBUG|ArtifactScraper|Parsing artifact substat: def+5.1%
2026-09-29 02:21:38.759|DEBUG|ArtifactScraper|Parsing artifact substat: atk+16
2026-09-29 02:21:38.759|DEBUG|ArtifactScraper|Parsing artifact substat: elementalmastery+23
2026-09-29 02:21:38.759|DEBUG|ArtifactScraper|Parsing artifact substat: def+16
2026-09-29 02:21:38.852|DEBUG|ArtifactScraper|Parsing artifact substat: def+23
2026-09-29 02:21:38.852|DEBUG|ArtifactScraper|Parsing artifact substat: hp+239
2026-09-29 02:21:38.852|DEBUG|ArtifactScraper|Parsing artifact substat: atk+18
2026-09-29 02:21:38.852|DEBUG|ArtifactScraper|Parsing artifact substat: elementalmastery+16
2026-09-29 02:21:39.305|DEBUG|ArtifactScraper|Parsing artifact substat: def+23
2026-09-29 02:21:39.305|DEBUG|ArtifactScraper|Parsing artifact substat: critdmg+7.0%
2026-09-29 02:21:39.305|DEBUG|ArtifactScraper|Parsing artifact substat: atk+16
2026-09-29 02:21:39.305|DEBUG|ArtifactScraper|Parsing artifact substat: atk+4.1%
2026-09-29 02:21:39.357|DEBUG|ArtifactScraper|Parsing artifact substat: hp+209
2026-09-29 02:21:39.357|DEBUG|ArtifactScraper|Parsing artifact substat: atk+16
2026-09-29 02:21:39.357|DEBUG|ArtifactScraper|Parsing artifact substat: def+5.1%
2026-09-29 02:21:39.357|DEBUG|ArtifactScraper|Parsing artifact substat: critrate+3.5%
2026-09-29 02:21:39.722|DEBUG|ArtifactScraper|Parsing artifact substat: atk+16
2026-09-29 02:21:39.722|DEBUG|ArtifactScraper|Parsing artifact substat: atk+4.1%
2026-09-29 02:21:39.722|DEBUG|ArtifactScraper|Parsing artifact substat: def+16
2026-09-29 02:21:39.722|DEBUG|ArtifactScraper|Parsing artifact substat: def+5.8%
2026-09-29 02:21:39.907|DEBUG|ArtifactScraper|Parsing artifact substat: def+16
2026-09-29 02:21:39.907|DEBUG|ArtifactScraper|Parsing artifact substat: hp+209
2026-09-29 02:21:39.907|DEBUG|ArtifactScraper|Parsing artifact substat: atk+18
2026-09-29 02:21:39.907|DEBUG|ArtifactScraper|Parsing artifact substat: hp+4.1%
2026-09-29 02:21:39.961|DEBUG|ArtifactScraper|Parsing artifact substat: def+16
2026-09-29 02:21:39.961|DEBUG|ArtifactScraper|Parsing artifact substat: energyrecharge+4.5%
2026-09-29 02:21:39.961|DEBUG|ArtifactScraper|Parsing artifact substat: atk+19
2026-09-29 02:21:39.961|DEBUG|ArtifactScraper|Parsing artifact substat: hp+209
2026-09-29 02:21:40.331|DEBUG|ArtifactScraper|Parsing artifact substat: atk+4.1%
2026-09-29 02:21:40.331|DEBUG|ArtifactScraper|Parsing artifact substat: def+23
2026-09-29 02:21:40.331|DEBUG|ArtifactScraper|Parsing artifact substat: elementalmastery+19
2026-09-29 02:21:40.331|DEBUG|ArtifactScraper|Parsing artifact substat: atk+16(unactivated)
2026-09-29 02:21:40.469|DEBUG|ArtifactScraper|Parsing artifact substat: def+19
2026-09-29 02:21:40.469|DEBUG|ArtifactScraper|Parsing artifact substat: hp+209
2026-09-29 02:21:40.469|DEBUG|ArtifactScraper|Parsing artifact substat: hp+4.1%
2026-09-29 02:21:40.469|DEBUG|ArtifactScraper|Parsing artifact substat: def+6.6%(unactivated)
2026-09-29 02:21:40.547|DEBUG|ArtifactScraper|Parsing artifact substat: def+23
2026-09-29 02:21:40.547|DEBUG|ArtifactScraper|Parsing artifact substat: elementalmastery+16
2026-09-29 02:21:40.547|DEBUG|ArtifactScraper|Parsing artifact substat: hp+299
2026-09-29 02:21:40.547|DEBUG|ArtifactScraper|Parsing artifact substat: energyrecharge+6.5%
2026-09-29 02:21:40.837|DEBUG|ArtifactScraper|Parsing artifact substat: hp+209
2026-09-29 02:21:40.837|DEBUG|ArtifactScraper|Parsing artifact substat: atk+5.3%
2026-09-29 02:21:40.837|DEBUG|ArtifactScraper|Parsing artifact substat: hp+4.1%
2026-09-29 02:21:40.837|DEBUG|ArtifactScraper|Parsing artifact substat: elementalmastery+21
2026-09-29 02:21:41.055|DEBUG|ArtifactScraper|Parsing artifact substat: hp+4.1%
2026-09-29 02:21:41.055|DEBUG|ArtifactScraper|Parsing artifact substat: hp+269
2026-09-29 02:21:41.055|DEBUG|ArtifactScraper|Parsing artifact substat: elementalmastery+16
2026-09-29 02:21:41.055|DEBUG|ArtifactScraper|Parsing artifact substat: critdmg+5.4%(unactivated)
2026-09-29 02:21:41.112|DEBUG|ArtifactScraper|Parsing artifact substat: hp+269
2026-09-29 02:21:41.112|DEBUG|ArtifactScraper|Parsing artifact substat: atk+18
2026-09-29 02:21:41.112|DEBUG|ArtifactScraper|Parsing artifact substat: atk+4.1%
2026-09-29 02:21:41.112|DEBUG|ArtifactScraper|Parsing artifact substat: def+19(unactivated)
2026-09-29 02:21:41.356|DEBUG|ArtifactScraper|Parsing artifact substat: hp+239
2026-09-29 02:21:41.356|DEBUG|ArtifactScraper|Parsing artifact substat: def+5.8%
2026-09-29 02:21:41.356|DEBUG|ArtifactScraper|Parsing artifact substat: critrate+3.9%
2026-09-29 02:21:41.356|DEBUG|ArtifactScraper|Parsing artifact substat: atk+18(unactivated)
2026-09-29 02:21:41.633|DEBUG|ArtifactScraper|Parsing artifact substat: hp+269
2026-09-29 02:21:41.633|DEBUG|ArtifactScraper|Parsing artifact substat: def+6.6%
2026-09-29 02:21:41.633|DEBUG|ArtifactScraper|Parsing artifact substat: def+21
2026-09-29 02:21:41.633|DEBUG|ArtifactScraper|Parsing artifact substat: atk+19
2026-09-29 02:21:41.695|DEBUG|ArtifactScraper|Parsing artifact substat: critdmg+6.2%
2026-09-29 02:21:41.695|DEBUG|ArtifactScraper|Parsing artifact substat: energyrecharge+4.5%
2026-09-29 02:21:41.695|DEBUG|ArtifactScraper|Parsing artifact substat: atk+19
2026-09-29 02:21:41.695|DEBUG|ArtifactScraper|Parsing artifact substat: elementalmastery+16
2026-09-29 02:21:41.919|DEBUG|ArtifactScraper|Parsing artifact substat: def+19
2026-09-29 02:21:41.919|DEBUG|ArtifactScraper|Parsing artifact substat: energyrecharge+4.5%
2026-09-29 02:21:41.919|DEBUG|ArtifactScraper|Parsing artifact substat: atk+18
2026-09-29 02:21:41.919|DEBUG|ArtifactScraper|Parsing artifact substat: atk+5.3%(unactivated)
2026-09-29 02:21:42.228|DEBUG|ArtifactScraper|Parsing artifact substat: energyrecharge+5.2%
2026-09-29 02:21:42.228|DEBUG|ArtifactScraper|Parsing artifact substat: hp+239
2026-09-29 02:21:42.228|DEBUG|ArtifactScraper|Parsing artifact substat: critrate+3.9%
2026-09-29 02:21:42.228|DEBUG|ArtifactScraper|Parsing artifact substat: def+19(unactivated)
2026-09-29 02:21:42.294|DEBUG|ArtifactScraper|Parsing artifact substat: hp+4.7%
2026-09-29 02:21:42.294|DEBUG|ArtifactScraper|Parsing artifact substat: atk+16
2026-09-29 02:21:42.294|DEBUG|ArtifactScraper|Parsing artifact substat: critdmg+5.4%
2026-09-29 02:21:42.294|DEBUG|ArtifactScraper|Parsing artifact substat: critrate+3.9%(unactivated)
2026-09-29 02:21:42.494|DEBUG|ArtifactScraper|Parsing artifact substat: def+16
2026-09-29 02:21:42.494|DEBUG|ArtifactScraper|Parsing artifact substat: energyrecharge+5.8%
2026-09-29 02:21:42.494|DEBUG|ArtifactScraper|Parsing artifact substat: atk+4.7%
2026-09-29 02:21:42.494|DEBUG|ArtifactScraper|Parsing artifact substat: critrate+2.7%(unactivated)
2026-09-29 02:21:42.891|DEBUG|ArtifactScraper|Parsing artifact substat: critrate+3.1%
2026-09-29 02:21:42.891|DEBUG|ArtifactScraper|Parsing artifact substat: critdmg+5.4%
2026-09-29 02:21:42.891|DEBUG|ArtifactScraper|Parsing artifact substat: elementalmastery+16
2026-09-29 02:21:42.891|DEBUG|ArtifactScraper|Parsing artifact substat: atk+16(unactivated)
2026-09-29 02:21:42.923|DEBUG|ArtifactScraper|Parsing artifact substat: hp+269
2026-09-29 02:21:42.923|DEBUG|ArtifactScraper|Parsing artifact substat: atk+14
2026-09-29 02:21:42.923|DEBUG|ArtifactScraper|Parsing artifact substat: energyrecharge+5.8%
2026-09-29 02:21:42.923|DEBUG|ArtifactScraper|Parsing artifact substat: def+5.1%
2026-09-29 02:21:43.128|DEBUG|ArtifactScraper|Parsing artifact substat: atk+16
2026-09-29 02:21:43.128|DEBUG|ArtifactScraper|Parsing artifact substat: def+21
2026-09-29 02:21:43.128|DEBUG|ArtifactScraper|Parsing artifact substat: hp+269
2026-09-29 02:21:43.128|DEBUG|ArtifactScraper|Parsing artifact substat: hp+4.7%
2026-09-29 02:21:43.540|DEBUG|ArtifactScraper|Parsing artifact substat: def+23
2026-09-29 02:21:43.540|DEBUG|ArtifactScraper|Parsing artifact substat: hp+209
2026-09-29 02:21:43.540|DEBUG|ArtifactScraper|Parsing artifact substat: atk+18
2026-09-29 02:21:43.540|DEBUG|ArtifactScraper|Parsing artifact substat: elementalmastery+23
2026-09-29 02:21:43.540|DEBUG|ArtifactScraper|Parsing artifact substat: hp+239
2026-09-29 02:21:43.540|DEBUG|ArtifactScraper|Parsing artifact substat: critrate+2.7%
2026-09-29 02:21:43.540|DEBUG|ArtifactScraper|Parsing artifact substat: atk+5.8%
2026-09-29 02:21:43.540|DEBUG|ArtifactScraper|Parsing artifact substat: atk+16
2026-09-29 02:21:43.811|DEBUG|ArtifactScraper|Parsing artifact substat: elementalmastery+19
2026-09-29 02:21:43.811|DEBUG|ArtifactScraper|Parsing artifact substat: atk+5.8%
2026-09-29 02:21:43.811|DEBUG|ArtifactScraper|Parsing artifact substat: hp+299
2026-09-29 02:21:43.812|DEBUG|ArtifactScraper|Parsing artifact substat: critrate+2.7%(unactivated)
2026-09-29 02:21:44.122|DEBUG|ArtifactScraper|Parsing artifact substat: atk+5.3%
2026-09-29 02:21:44.122|DEBUG|ArtifactScraper|Parsing artifact substat: hp+299
2026-09-29 02:21:44.122|DEBUG|ArtifactScraper|Parsing artifact substat: def+16
2026-09-29 02:21:44.122|DEBUG|ArtifactScraper|Parsing artifact substat: critdmg+6.2%(unactivated)
2026-09-29 02:21:44.187|DEBUG|ArtifactScraper|Parsing artifact substat: hp+4.1%
2026-09-29 02:21:44.187|DEBUG|ArtifactScraper|Parsing artifact substat: energyrecharge+4.5%
2026-09-29 02:21:44.187|DEBUG|ArtifactScraper|Parsing artifact substat: def+19
2026-09-29 02:21:44.187|DEBUG|ArtifactScraper|Parsing artifact substat: elementalmastery+19
2026-09-29 02:21:44.263|DEBUG|ArtifactScraper|Finished queuing page of artifacts. Scrolling...
2026-09-29 02:21:44.391|DEBUG|ArtifactScraper|Parsing artifact substat: atk+18
2026-09-29 02:21:44.391|DEBUG|ArtifactScraper|Parsing artifact substat: def+7.3%
2026-09-29 02:21:44.391|DEBUG|ArtifactScraper|Parsing artifact substat: def+16
2026-09-29 02:21:44.391|DEBUG|ArtifactScraper|Parsing artifact substat: energyrecharge+4.5%
2026-09-29 02:21:44.743|DEBUG|ArtifactScraper|Parsing artifact substat: critdmg+5.4%
2026-09-29 02:21:44.743|DEBUG|ArtifactScraper|Parsing artifact substat: def+5.8%
2026-09-29 02:21:44.743|DEBUG|ArtifactScraper|Parsing artifact substat: energyrecharge+6.5%
2026-09-29 02:21:44.743|DEBUG|ArtifactScraper|Parsing artifact substat: def+23(unactivated)
2026-09-29 02:21:44.809|DEBUG|ArtifactScraper|Parsing artifact substat: elementalmastery+21
2026-09-29 02:21:44.809|DEBUG|ArtifactScraper|Parsing artifact substat: critrate+3.5%
2026-09-29 02:21:44.809|DEBUG|ArtifactScraper|Parsing artifact substat: def+23
2026-09-29 02:21:44.809|DEBUG|ArtifactScraper|Parsing artifact substat: hp+209(unactivated)
2026-09-29 02:21:44.940|DEBUG|ArtifactScraper|Parsing artifact substat: hp+209
2026-09-29 02:21:44.940|DEBUG|ArtifactScraper|Parsing artifact substat: def+16
2026-09-29 02:21:44.940|DEBUG|ArtifactScraper|Parsing artifact substat: critdmg+5.4%
2026-09-29 02:21:44.940|DEBUG|ArtifactScraper|Parsing artifact substat: hp+4.1%(unactivated)
2026-09-29 02:21:47.579|DEBUG|ArtifactScraper|Scanning artifact page 27
2026-09-29 02:21:47.579|DEBUG|ArtifactScraper|Located 32 possible item locations on page.
2026-09-29 02:21:48.496|DEBUG|ArtifactScraper|Parsing artifact substat: def+19
2026-09-29 02:21:48.496|DEBUG|ArtifactScraper|Parsing artifact substat: atk+5.8%
2026-09-29 02:21:48.496|DEBUG|ArtifactScraper|Parsing artifact substat: hp+209
2026-09-29 02:21:48.496|DEBUG|ArtifactScraper|Parsing artifact substat: atk+16(unactivated)
2026-09-29 02:21:48.572|DEBUG|ArtifactScraper|Parsing artifact substat: energyrecharge+4.5%
2026-09-29 02:21:48.572|DEBUG|ArtifactScraper|Parsing artifact substat: elementalmastery+19
2026-09-29 02:21:48.572|DEBUG|ArtifactScraper|Parsing artifact substat: critdmg+7.8%
2026-09-29 02:21:48.572|DEBUG|ArtifactScraper|Parsing artifact substat: def+21(unactivated)
2026-09-29 02:21:48.861|DEBUG|ArtifactScraper|Parsing artifact substat: def+16
2026-09-29 02:21:48.861|DEBUG|ArtifactScraper|Parsing artifact substat: elementalmastery+21
2026-09-29 02:21:48.861|DEBUG|ArtifactScraper|Parsing artifact substat: def+6.6%
2026-09-29 02:21:48.861|DEBUG|ArtifactScraper|Parsing artifact substat: atk+18(unactivated)
2026-09-29 02:21:49.062|DEBUG|ArtifactScraper|Parsing artifact substat: atk+16
2026-09-29 02:21:49.062|DEBUG|ArtifactScraper|Parsing artifact substat: def+16
2026-09-29 02:21:49.062|DEBUG|ArtifactScraper|Parsing artifact substat: def+7.3%
2026-09-29 02:21:49.062|DEBUG|ArtifactScraper|Parsing artifact substat: critrate+3.5%(unactivated)
2026-09-29 02:21:49.208|DEBUG|ArtifactScraper|Parsing artifact substat: hp+209
2026-09-29 02:21:49.208|DEBUG|ArtifactScraper|Parsing artifact substat: atk+18
2026-09-29 02:21:49.208|DEBUG|ArtifactScraper|Parsing artifact substat: elementalmastery+23
2026-09-29 02:21:49.208|DEBUG|ArtifactScraper|Parsing artifact substat: def+16(unactivated)
2026-09-29 02:21:49.503|DEBUG|ArtifactScraper|Parsing artifact substat: elementalmastery+21
2026-09-29 02:21:49.503|DEBUG|ArtifactScraper|Parsing artifact substat: def+16
2026-09-29 02:21:49.503|DEBUG|ArtifactScraper|Parsing artifact substat: critrate+3.5%
2026-09-29 02:21:49.503|DEBUG|ArtifactScraper|Parsing artifact substat: def+5.8%(unactivated)
2026-09-29 02:21:49.673|DEBUG|ArtifactScraper|Parsing artifact substat: atk+14
2026-09-29 02:21:49.673|DEBUG|ArtifactScraper|Parsing artifact substat: elementalmastery+21
2026-09-29 02:21:49.673|DEBUG|ArtifactScraper|Parsing artifact substat: hp+209
2026-09-29 02:21:49.673|DEBUG|ArtifactScraper|Parsing artifact substat: hp+5.3%(unactivated)
2026-09-29 02:21:49.778|DEBUG|ArtifactScraper|Parsing artifact substat: hp+239
2026-09-29 02:21:49.778|DEBUG|ArtifactScraper|Parsing artifact substat: atk+19
2026-09-29 02:21:49.778|DEBUG|ArtifactScraper|Parsing artifact substat: hp+4.1%
2026-09-29 02:21:49.778|DEBUG|ArtifactScraper|Parsing artifact substat: critrate+3.9%(unactivated)
2026-09-29 02:21:50.140|DEBUG|ArtifactScraper|Parsing artifact substat: atk+5.3%
2026-09-29 02:21:50.140|DEBUG|ArtifactScraper|Parsing artifact substat: def+7.3%
2026-09-29 02:21:50.140|DEBUG|ArtifactScraper|Parsing artifact substat: elementalmastery+19
2026-09-29 02:21:50.140|DEBUG|ArtifactScraper|Parsing artifact substat: hp+209(unactivated)
2026-09-29 02:21:50.287|DEBUG|ArtifactScraper|Parsing artifact substat: critrate+2.7%
2026-09-29 02:21:50.287|DEBUG|ArtifactScraper|Parsing artifact substat: hp+4.7%
2026-09-29 02:21:50.287|DEBUG|ArtifactScraper|Parsing artifact substat: def+21
2026-09-29 02:21:50.287|DEBUG|ArtifactScraper|Parsing artifact substat: critdmg+6.2%
2026-09-29 02:21:50.303|DEBUG|ArtifactScraper|Parsing artifact substat: critrate+3.1%
2026-09-29 02:21:50.303|DEBUG|ArtifactScraper|Parsing artifact substat: atk+4.1%
2026-09-29 02:21:50.303|DEBUG|ArtifactScraper|Parsing artifact substat: def+19
2026-09-29 02:21:50.303|DEBUG|ArtifactScraper|Parsing artifact substat: def+6.6%
2026-09-29 02:21:50.697|DEBUG|ArtifactScraper|Parsing artifact substat: atk+14
2026-09-29 02:21:50.697|DEBUG|ArtifactScraper|Parsing artifact substat: critdmg+7.0%
2026-09-29 02:21:50.697|DEBUG|ArtifactScraper|Parsing artifact substat: def+19
2026-09-29 02:21:50.697|DEBUG|ArtifactScraper|Parsing artifact substat: atk+4.1%
2026-09-29 02:21:50.925|DEBUG|ArtifactScraper|Parsing artifact substat: energyrecharge+4.5%
2026-09-29 02:21:50.925|DEBUG|ArtifactScraper|Parsing artifact substat: def+16
2026-09-29 02:21:50.925|DEBUG|ArtifactScraper|Parsing artifact substat: atk+4.7%
2026-09-29 02:21:50.925|DEBUG|ArtifactScraper|Parsing artifact substat: critdmg+6.2%(unactivated)
2026-09-29 02:21:50.955|DEBUG|ArtifactScraper|Parsing artifact substat: def+21
2026-09-29 02:21:50.955|DEBUG|ArtifactScraper|Parsing artifact substat: critrate+2.7%
2026-09-29 02:21:50.955|DEBUG|ArtifactScraper|Parsing artifact substat: atk+14
2026-09-29 02:21:50.955|DEBUG|ArtifactScraper|Parsing artifact substat: atk+5.3%(unactivated)
2026-09-29 02:21:51.278|DEBUG|ArtifactScraper|Parsing artifact substat: critrate+2.7%
2026-09-29 02:21:51.278|DEBUG|ArtifactScraper|Parsing artifact substat: atk+4.1%
2026-09-29 02:21:51.278|DEBUG|ArtifactScraper|Parsing artifact substat: def+6.6%
2026-09-29 02:21:51.278|DEBUG|ArtifactScraper|Parsing artifact substat: elementalmastery+21
2026-09-29 02:21:51.529|DEBUG|ArtifactScraper|Parsing artifact substat: critrate+3.1%
2026-09-29 02:21:51.529|DEBUG|ArtifactScraper|Parsing artifact substat: def+6.6%
2026-09-29 02:21:51.529|DEBUG|ArtifactScraper|Parsing artifact substat: atk+4.7%
2026-09-29 02:21:51.529|DEBUG|ArtifactScraper|Parsing artifact substat: hp+5.3%(unactivated)
2026-09-29 02:21:51.564|DEBUG|ArtifactScraper|Parsing artifact substat: def+23
2026-09-29 02:21:51.564|DEBUG|ArtifactScraper|Parsing artifact substat: atk+18
2026-09-29 02:21:51.564|DEBUG|ArtifactScraper|Parsing artifact substat: atk+5.3%
2026-09-29 02:21:51.564|DEBUG|ArtifactScraper|Parsing artifact substat: critrate+3.5%(unactivated)
2026-09-29 02:21:51.839|DEBUG|ArtifactScraper|Parsing artifact substat: def+5.8%
2026-09-29 02:21:51.839|DEBUG|ArtifactScraper|Parsing artifact substat: critrate+3.9%
2026-09-29 02:21:51.839|DEBUG|ArtifactScraper|Parsing artifact substat: elementalmastery+21
2026-09-29 02:21:51.839|DEBUG|ArtifactScraper|Parsing artifact substat: hp+5.3%
2026-09-29 02:21:52.130|DEBUG|ArtifactScraper|Parsing artifact substat: atk+4.1%
2026-09-29 02:21:52.130|DEBUG|ArtifactScraper|Parsing artifact substat: def+6.6%
2026-09-29 02:21:52.130|DEBUG|ArtifactScraper|Parsing artifact substat: elementalmastery+23
2026-09-29 02:21:52.130|DEBUG|ArtifactScraper|Parsing artifact substat: def+19
2026-09-29 02:21:52.169|DEBUG|ArtifactScraper|Parsing artifact substat: def+5.8%
2026-09-29 02:21:52.169|DEBUG|ArtifactScraper|Parsing artifact substat: elementalmastery+16
2026-09-29 02:21:52.169|DEBUG|ArtifactScraper|Parsing artifact substat: hp+4.7%
2026-09-29 02:21:52.169|DEBUG|ArtifactScraper|Parsing artifact substat: atk+5.8%
2026-09-29 02:21:52.603|DEBUG|ArtifactScraper|Parsing artifact substat: energyrecharge+6.5%
2026-09-29 02:21:52.603|DEBUG|ArtifactScraper|Parsing artifact substat: atk+4.7%
2026-09-29 02:21:52.603|DEBUG|ArtifactScraper|Parsing artifact substat: def+16
2026-09-29 02:21:52.603|DEBUG|ArtifactScraper|Parsing artifact substat: elementalmastery+23
2026-09-29 02:21:52.762|DEBUG|ArtifactScraper|Parsing artifact substat: hp+5.3%
2026-09-29 02:21:52.762|DEBUG|ArtifactScraper|Parsing artifact substat: atk+4.7%
2026-09-29 02:21:52.762|DEBUG|ArtifactScraper|Parsing artifact substat: def+21
2026-09-29 02:21:52.762|DEBUG|ArtifactScraper|Parsing artifact substat: energyrecharge+6.5%
2026-09-29 02:21:52.793|DEBUG|ArtifactScraper|Parsing artifact substat: def+19
2026-09-29 02:21:52.793|DEBUG|ArtifactScraper|Parsing artifact substat: elementalmastery+16
2026-09-29 02:21:52.793|DEBUG|ArtifactScraper|Parsing artifact substat: hp+5.3%
2026-09-29 02:21:52.793|DEBUG|ArtifactScraper|Parsing artifact substat: atk+4.7%
2026-09-29 02:21:53.178|DEBUG|ArtifactScraper|Parsing artifact substat: critdmg+6.2%
2026-09-29 02:21:53.178|DEBUG|ArtifactScraper|Parsing artifact substat: def+6.6%
2026-09-29 02:21:53.178|DEBUG|ArtifactScraper|Parsing artifact substat: hp+4.1%
2026-09-29 02:21:53.178|DEBUG|ArtifactScraper|Parsing artifact substat: def+16(unactivated)
2026-09-29 02:21:53.330|DEBUG|ArtifactScraper|Parsing artifact substat: energyrecharge+5.8%
2026-09-29 02:21:53.330|DEBUG|ArtifactScraper|Parsing artifact substat: def+7.3%
2026-09-29 02:21:53.330|DEBUG|ArtifactScraper|Parsing artifact substat: atk+5.3%
2026-09-29 02:21:53.330|DEBUG|ArtifactScraper|Parsing artifact substat: elementalmastery+19
2026-09-29 02:21:53.412|DEBUG|ArtifactScraper|Parsing artifact substat: energyrecharge+6.5%
2026-09-29 02:21:53.412|DEBUG|ArtifactScraper|Parsing artifact substat: atk+16
2026-09-29 02:21:53.412|DEBUG|ArtifactScraper|Parsing artifact substat: critrate+2.7%
2026-09-29 02:21:53.412|DEBUG|ArtifactScraper|Parsing artifact substat: elementalmastery+16
2026-09-29 02:21:53.636|DEBUG|ArtifactScraper|Finished queuing page of artifacts. Scrolling...
2026-09-29 02:21:53.729|DEBUG|ArtifactScraper|Parsing artifact substat: critrate+3.9%
2026-09-29 02:21:53.729|DEBUG|ArtifactScraper|Parsing artifact substat: atk+16
2026-09-29 02:21:53.729|DEBUG|ArtifactScraper|Parsing artifact substat: hp+4.7%
2026-09-29 02:21:53.729|DEBUG|ArtifactScraper|Parsing artifact substat: def+21(unactivated)
2026-09-29 02:21:53.855|DEBUG|ArtifactScraper|Parsing artifact substat: atk+18
2026-09-29 02:21:53.855|DEBUG|ArtifactScraper|Parsing artifact substat: def+5.8%
2026-09-29 02:21:53.855|DEBUG|ArtifactScraper|Parsing artifact substat: atk+4.1%
2026-09-29 02:21:53.855|DEBUG|ArtifactScraper|Parsing artifact substat: energyrecharge+4.5%
2026-09-29 02:21:53.994|DEBUG|ArtifactScraper|Parsing artifact substat: elementalmastery+16
2026-09-29 02:21:53.994|DEBUG|ArtifactScraper|Parsing artifact substat: critdmg+5.4%
2026-09-29 02:21:53.994|DEBUG|ArtifactScraper|Parsing artifact substat: atk+5.3%
2026-09-29 02:21:53.994|DEBUG|ArtifactScraper|Parsing artifact substat: hp+299(unactivated)
2026-09-29 02:21:54.309|DEBUG|ArtifactScraper|Parsing artifact substat: energyrecharge+4.5%
2026-09-29 02:21:54.309|DEBUG|ArtifactScraper|Parsing artifact substat: elementalmastery+19
2026-09-29 02:21:54.309|DEBUG|ArtifactScraper|Parsing artifact substat: atk+4.7%
2026-09-29 02:21:54.309|DEBUG|ArtifactScraper|Parsing artifact substat: hp+299(unactivated)
2026-09-29 02:21:54.416|DEBUG|ArtifactScraper|Parsing artifact substat: hp+209
2026-09-29 02:21:54.416|DEBUG|ArtifactScraper|Parsing artifact substat: hp+4.7%
2026-09-29 02:21:54.416|DEBUG|ArtifactScraper|Parsing artifact substat: atk+4.1%
2026-09-29 02:21:54.416|DEBUG|ArtifactScraper|Parsing artifact substat: critrate+2.7%(unactivated)
2026-09-29 02:21:54.529|DEBUG|ArtifactScraper|Parsing artifact substat: critrate+3.9%
2026-09-29 02:21:54.529|DEBUG|ArtifactScraper|Parsing artifact substat: def+21
2026-09-29 02:21:54.529|DEBUG|ArtifactScraper|Parsing artifact substat: hp+4.7%
2026-09-29 02:21:54.529|DEBUG|ArtifactScraper|Parsing artifact substat: atk+4.7%(unactivated)
2026-09-29 02:21:56.681|DEBUG|ArtifactScraper|Scanning artifact page 28
2026-09-29 02:21:56.681|DEBUG|ArtifactScraper|Located 32 possible item locations on page.
2026-09-29 02:21:57.355|DEBUG|ArtifactScraper|Parsing artifact substat: atk+5.3%
2026-09-29 02:21:57.355|DEBUG|ArtifactScraper|Parsing artifact substat: energyrecharge+4.5%
2026-09-29 02:21:57.355|DEBUG|ArtifactScraper|Parsing artifact substat: hp+239
2026-09-29 02:21:57.355|DEBUG|ArtifactScraper|Parsing artifact substat: critrate+3.9%(unactivated)
2026-09-29 02:21:57.532|DEBUG|ArtifactScraper|Parsing artifact substat: hp+209
2026-09-29 02:21:57.532|DEBUG|ArtifactScraper|Parsing artifact substat: def+16
2026-09-29 02:21:57.532|DEBUG|ArtifactScraper|Parsing artifact substat: atk+4.1%
2026-09-29 02:21:57.532|DEBUG|ArtifactScraper|Parsing artifact substat: critrate+3.5%(unactivated)
2026-09-29 02:21:57.819|DEBUG|ArtifactScraper|Parsing artifact substat: hp+209
2026-09-29 02:21:57.819|DEBUG|ArtifactScraper|Parsing artifact substat: critdmg+5.4%
2026-09-29 02:21:57.819|DEBUG|ArtifactScraper|Parsing artifact substat: elementalmastery+23
2026-09-29 02:21:57.819|DEBUG|ArtifactScraper|Parsing artifact substat: atk+4.7%(unactivated)
2026-09-29 02:21:57.944|DEBUG|ArtifactScraper|Parsing artifact substat: hp+209
2026-09-29 02:21:57.944|DEBUG|ArtifactScraper|Parsing artifact substat: def+5.1%
2026-09-29 02:21:57.944|DEBUG|ArtifactScraper|Parsing artifact substat: atk+4.1%
2026-09-29 02:21:57.944|DEBUG|ArtifactScraper|Parsing artifact substat: critdmg+5.4%(unactivated)
2026-09-29 02:21:58.112|DEBUG|ArtifactScraper|Parsing artifact substat: critdmg+7.8%
2026-09-29 02:21:58.112|DEBUG|ArtifactScraper|Parsing artifact substat: def+23
2026-09-29 02:21:58.112|DEBUG|ArtifactScraper|Parsing artifact substat: elementalmastery+23
2026-09-29 02:21:58.112|DEBUG|ArtifactScraper|Parsing artifact substat: hp+5.3%
2026-09-29 02:21:58.404|DEBUG|ArtifactScraper|Parsing artifact substat: energyrecharge+4.5%
2026-09-29 02:21:58.404|DEBUG|ArtifactScraper|Parsing artifact substat: def+21
2026-09-29 02:21:58.404|DEBUG|ArtifactScraper|Parsing artifact substat: elementalmastery+16
2026-09-29 02:21:58.404|DEBUG|ArtifactScraper|Parsing artifact substat: hp+299
2026-09-29 02:21:58.578|DEBUG|ArtifactScraper|Parsing artifact substat: critdmg+7.8%
2026-09-29 02:21:58.578|DEBUG|ArtifactScraper|Parsing artifact substat: hp+5.8%
2026-09-29 02:21:58.578|DEBUG|ArtifactScraper|Parsing artifact substat: elementalmastery+23
2026-09-29 02:21:58.578|DEBUG|ArtifactScraper|Parsing artifact substat: def+6.6%
2026-09-29 02:21:58.685|DEBUG|ArtifactScraper|Parsing artifact substat: hp+209
2026-09-29 02:21:58.685|DEBUG|ArtifactScraper|Parsing artifact substat: hp+4.7%
2026-09-29 02:21:58.685|DEBUG|ArtifactScraper|Parsing artifact substat: def+19
2026-09-29 02:21:58.685|DEBUG|ArtifactScraper|Parsing artifact substat: atk+5.8%
2026-09-29 02:21:58.932|DEBUG|ArtifactScraper|Parsing artifact substat: def+5.1%
2026-09-29 02:21:58.932|DEBUG|ArtifactScraper|Parsing artifact substat: hp+4.1%
2026-09-29 02:21:58.932|DEBUG|ArtifactScraper|Parsing artifact substat: critdmg+7.8%
2026-09-29 02:21:58.932|DEBUG|ArtifactScraper|Parsing artifact substat: hp+269
2026-09-29 02:21:59.333|DEBUG|ArtifactScraper|Parsing artifact substat: hp+209
2026-09-29 02:21:59.333|DEBUG|ArtifactScraper|Parsing artifact substat: def+16
2026-09-29 02:21:59.333|DEBUG|ArtifactScraper|Parsing artifact substat: atk+4.1%
2026-09-29 02:21:59.333|DEBUG|ArtifactScraper|Parsing artifact substat: energyrecharge+5.2%
2026-09-29 02:21:59.506|DEBUG|ArtifactScraper|Parsing artifact substat: elementalmastery+19
2026-09-29 02:21:59.506|DEBUG|ArtifactScraper|Parsing artifact substat: hp+4.1%
2026-09-29 02:21:59.506|DEBUG|ArtifactScraper|Parsing artifact substat: def+23
2026-09-29 02:21:59.506|DEBUG|ArtifactScraper|Parsing artifact substat: critrate+3.1%
2026-09-29 02:21:59.708|DEBUG|ArtifactScraper|Parsing artifact substat: hp+299
2026-09-29 02:21:59.708|DEBUG|ArtifactScraper|Parsing artifact substat: def+21
2026-09-29 02:21:59.708|DEBUG|ArtifactScraper|Parsing artifact substat: hp+4.1%
2026-09-29 02:21:59.708|DEBUG|ArtifactScraper|Parsing artifact substat: critrate+3.5%
2026-09-29 02:21:59.905|DEBUG|ArtifactScraper|Parsing artifact substat: hp+299
2026-09-29 02:21:59.905|DEBUG|ArtifactScraper|Parsing artifact substat: def+21
2026-09-29 02:21:59.905|DEBUG|ArtifactScraper|Parsing artifact substat: hp+4.1%
2026-09-29 02:21:59.905|DEBUG|ArtifactScraper|Parsing artifact substat: critrate+3.5%
2026-09-29 02:22:00.131|DEBUG|ArtifactScraper|Parsing artifact substat: elementalmastery+23
2026-09-29 02:22:00.131|DEBUG|ArtifactScraper|Parsing artifact substat: atk+5.3%
2026-09-29 02:22:00.131|DEBUG|ArtifactScraper|Parsing artifact substat: hp+4.1%
2026-09-29 02:22:00.131|DEBUG|ArtifactScraper|Parsing artifact substat: def+16(unactivated)
2026-09-29 02:22:00.255|DEBUG|ArtifactScraper|Parsing artifact substat: hp+269
2026-09-29 02:22:00.255|DEBUG|ArtifactScraper|Parsing artifact substat: hp+5.3%
2026-09-29 02:22:00.255|DEBUG|ArtifactScraper|Parsing artifact substat: def+21
2026-09-29 02:22:00.255|DEBUG|ArtifactScraper|Parsing artifact substat: elementalmastery+23
2026-09-29 02:22:00.518|DEBUG|ArtifactScraper|Parsing artifact substat: hp+5.3%
2026-09-29 02:22:00.518|DEBUG|ArtifactScraper|Parsing artifact substat: critrate+3.1%
2026-09-29 02:22:00.518|DEBUG|ArtifactScraper|Parsing artifact substat: elementalmastery+16
2026-09-29 02:22:00.518|DEBUG|ArtifactScraper|Parsing artifact substat: def+21(unactivated)
2026-09-29 02:22:00.705|DEBUG|ArtifactScraper|Parsing artifact substat: def+23
2026-09-29 02:22:00.705|DEBUG|ArtifactScraper|Parsing artifact substat: hp+4.1%
2026-09-29 02:22:00.705|DEBUG|ArtifactScraper|Parsing artifact substat: elementalmastery+23
2026-09-29 02:22:00.705|DEBUG|ArtifactScraper|Parsing artifact substat: hp+299(unactivated)
2026-09-29 02:22:00.850|DEBUG|ArtifactScraper|Parsing artifact substat: def+23
2026-09-29 02:22:00.850|DEBUG|ArtifactScraper|Parsing artifact substat: energyrecharge+5.8%
2026-09-29 02:22:00.850|DEBUG|ArtifactScraper|Parsing artifact substat: critrate+3.9%
2026-09-29 02:22:00.850|DEBUG|ArtifactScraper|Parsing artifact substat: elementalmastery+23
2026-09-29 02:22:01.089|DEBUG|ArtifactScraper|Parsing artifact substat: def+19
2026-09-29 02:22:01.089|DEBUG|ArtifactScraper|Parsing artifact substat: hp+4.1%
2026-09-29 02:22:01.089|DEBUG|ArtifactScraper|Parsing artifact substat: energyrecharge+4.5%
2026-09-29 02:22:01.089|DEBUG|ArtifactScraper|Parsing artifact substat: atk+5.8%(unactivated)
2026-09-29 02:22:01.290|DEBUG|ArtifactScraper|Parsing artifact substat: def+16
2026-09-29 02:22:01.290|DEBUG|ArtifactScraper|Parsing artifact substat: elementalmastery+16
2026-09-29 02:22:01.290|DEBUG|ArtifactScraper|Parsing artifact substat: hp+239
2026-09-29 02:22:01.290|DEBUG|ArtifactScraper|Parsing artifact substat: critdmg+5.4%(unactivated)
2026-09-29 02:22:01.422|DEBUG|ArtifactScraper|Parsing artifact substat: def+23
2026-09-29 02:22:01.422|DEBUG|ArtifactScraper|Parsing artifact substat: critrate+3.9%
2026-09-29 02:22:01.422|DEBUG|ArtifactScraper|Parsing artifact substat: def+7.3%
2026-09-29 02:22:01.422|DEBUG|ArtifactScraper|Parsing artifact substat: elementalmastery+23
2026-09-29 02:22:01.667|DEBUG|ArtifactScraper|Parsing artifact substat: def+6.6%
2026-09-29 02:22:01.667|DEBUG|ArtifactScraper|Parsing artifact substat: def+16
2026-09-29 02:22:01.667|DEBUG|ArtifactScraper|Parsing artifact substat: critrate+2.7%
2026-09-29 02:22:01.667|DEBUG|ArtifactScraper|Parsing artifact substat: hp+269(unactivated)
2026-09-29 02:22:01.943|DEBUG|ArtifactScraper|Parsing artifact substat: elementalmastery+21
2026-09-29 02:22:01.943|DEBUG|ArtifactScraper|Parsing artifact substat: hp+4.1%
2026-09-29 02:22:01.943|DEBUG|ArtifactScraper|Parsing artifact substat: energyrecharge+5.8%
2026-09-29 02:22:01.943|DEBUG|ArtifactScraper|Parsing artifact substat: critrate+2.7%(unactivated)
2026-09-29 02:22:01.975|DEBUG|ArtifactScraper|Parsing artifact substat: hp+4.7%
2026-09-29 02:22:01.975|DEBUG|ArtifactScraper|Parsing artifact substat: critdmg+6.2%
2026-09-29 02:22:01.975|DEBUG|ArtifactScraper|Parsing artifact substat: def+23
2026-09-29 02:22:01.975|DEBUG|ArtifactScraper|Parsing artifact substat: hp+209(unactivated)
2026-09-29 02:22:02.172|DEBUG|ArtifactScraper|Parsing artifact substat: def+21
2026-09-29 02:22:02.172|DEBUG|ArtifactScraper|Parsing artifact substat: hp+239
2026-09-29 02:22:02.172|DEBUG|ArtifactScraper|Parsing artifact substat: atk+5.3%
2026-09-29 02:22:02.172|DEBUG|ArtifactScraper|Parsing artifact substat: elementalmastery+16
2026-09-29 02:22:02.542|DEBUG|ArtifactScraper|Parsing artifact substat: hp+209
2026-09-29 02:22:02.542|DEBUG|ArtifactScraper|Parsing artifact substat: energyrecharge+5.2%
2026-09-29 02:22:02.542|DEBUG|ArtifactScraper|Parsing artifact substat: atk+4.7%
2026-09-29 02:22:02.542|DEBUG|ArtifactScraper|Parsing artifact substat: def+16(unactivated)
2026-09-29 02:22:02.547|DEBUG|ArtifactScraper|Parsing artifact substat: def+16
2026-09-29 02:22:02.547|DEBUG|ArtifactScraper|Parsing artifact substat: atk+4.1%
2026-09-29 02:22:02.547|DEBUG|ArtifactScraper|Parsing artifact substat: def+5.1%
2026-09-29 02:22:02.547|DEBUG|ArtifactScraper|Parsing artifact substat: hp+299(unactivated)
2026-09-29 02:22:02.682|DEBUG|ArtifactScraper|Parsing artifact substat: hp+299
2026-09-29 02:22:02.682|DEBUG|ArtifactScraper|Parsing artifact substat: def+6.6%
2026-09-29 02:22:02.682|DEBUG|ArtifactScraper|Parsing artifact substat: hp+5.3%
2026-09-29 02:22:02.682|DEBUG|ArtifactScraper|Parsing artifact substat: elementalmastery+16
2026-09-29 02:22:02.758|DEBUG|ArtifactScraper|Finished queuing page of artifacts. Scrolling...
2026-09-29 02:22:03.116|DEBUG|ArtifactScraper|Parsing artifact substat: def+23
2026-09-29 02:22:03.116|DEBUG|ArtifactScraper|Parsing artifact substat: hp+239
2026-09-29 02:22:03.116|DEBUG|ArtifactScraper|Parsing artifact substat: energyrecharge+5.2%
2026-09-29 02:22:03.116|DEBUG|ArtifactScraper|Parsing artifact substat: def+7.3%(unactivated)
2026-09-29 02:22:03.153|DEBUG|ArtifactScraper|Parsing artifact substat: hp+209
2026-09-29 02:22:03.153|DEBUG|ArtifactScraper|Parsing artifact substat: elementalmastery+16
2026-09-29 02:22:03.153|DEBUG|ArtifactScraper|Parsing artifact substat: critrate+2.7%
2026-09-29 02:22:03.153|DEBUG|ArtifactScraper|Parsing artifact substat: energyrecharge+6.5%
2026-09-29 02:22:03.246|DEBUG|ArtifactScraper|Parsing artifact substat: hp+299
2026-09-29 02:22:03.246|DEBUG|ArtifactScraper|Parsing artifact substat: hp+4.1%
2026-09-29 02:22:03.246|DEBUG|ArtifactScraper|Parsing artifact substat: critdmg+6.2%
2026-09-29 02:22:03.246|DEBUG|ArtifactScraper|Parsing artifact substat: energyrecharge+4.5%
2026-09-29 02:22:03.645|DEBUG|ArtifactScraper|Parsing artifact substat: critdmg+6.2%
2026-09-29 02:22:03.645|DEBUG|ArtifactScraper|Parsing artifact substat: hp+4.7%
2026-09-29 02:22:03.645|DEBUG|ArtifactScraper|Parsing artifact substat: def+21
2026-09-29 02:22:03.645|DEBUG|ArtifactScraper|Parsing artifact substat: def+7.3%(unactivated)
2026-09-29 02:22:05.792|DEBUG|ArtifactScraper|Scanning artifact page 29
2026-09-29 02:22:05.792|DEBUG|ArtifactScraper|Located 32 possible item locations on page.
2026-09-29 02:22:06.648|DEBUG|ArtifactScraper|Parsing artifact substat: critdmg+7.8%
2026-09-29 02:22:06.648|DEBUG|ArtifactScraper|Parsing artifact substat: hp+209
2026-09-29 02:22:06.648|DEBUG|ArtifactScraper|Parsing artifact substat: energyrecharge+6.5%
2026-09-29 02:22:06.648|DEBUG|ArtifactScraper|Parsing artifact substat: elementalmastery+21
2026-09-29 02:22:06.738|DEBUG|ArtifactScraper|Parsing artifact substat: def+16
2026-09-29 02:22:06.738|DEBUG|ArtifactScraper|Parsing artifact substat: def+5.1%
2026-09-29 02:22:06.738|DEBUG|ArtifactScraper|Parsing artifact substat: hp+239
2026-09-29 02:22:06.738|DEBUG|ArtifactScraper|Parsing artifact substat: elementalmastery+21
2026-09-29 02:22:06.889|DEBUG|ArtifactScraper|Parsing artifact substat: hp+5.8%
2026-09-29 02:22:06.889|DEBUG|ArtifactScraper|Parsing artifact substat: elementalmastery+23
2026-09-29 02:22:06.889|DEBUG|ArtifactScraper|Parsing artifact substat: atk+5.8%
2026-09-29 02:22:06.891|DEBUG|ArtifactScraper|Parsing artifact substat: def+5.1%(unactivated)
2026-09-29 02:22:07.256|DEBUG|ArtifactScraper|Parsing artifact substat: elementalmastery+21
2026-09-29 02:22:07.256|DEBUG|ArtifactScraper|Parsing artifact substat: atk+5.3%
2026-09-29 02:22:07.256|DEBUG|ArtifactScraper|Parsing artifact substat: hp+5.3%
2026-09-29 02:22:07.256|DEBUG|ArtifactScraper|Parsing artifact substat: energyrecharge+6.5%
2026-09-29 02:22:07.363|DEBUG|ArtifactScraper|Parsing artifact substat: hp+299
2026-09-29 02:22:07.363|DEBUG|ArtifactScraper|Parsing artifact substat: energyrecharge+5.2%
2026-09-29 02:22:07.363|DEBUG|ArtifactScraper|Parsing artifact substat: def+19
2026-09-29 02:22:07.363|DEBUG|ArtifactScraper|Parsing artifact substat: atk+5.3%(unactivated)
2026-09-29 02:22:07.515|DEBUG|ArtifactScraper|Parsing artifact substat: def+6.6%
2026-09-29 02:22:07.515|DEBUG|ArtifactScraper|Parsing artifact substat: def+21
2026-09-29 02:22:07.515|DEBUG|ArtifactScraper|Parsing artifact substat: energyrecharge+6.5%
2026-09-29 02:22:07.515|DEBUG|ArtifactScraper|Parsing artifact substat: atk+4.7%(unactivated)
2026-09-29 02:22:07.856|DEBUG|ArtifactScraper|Parsing artifact substat: hp+269
2026-09-29 02:22:07.856|DEBUG|ArtifactScraper|Parsing artifact substat: def+5.1%
2026-09-29 02:22:07.856|DEBUG|ArtifactScraper|Parsing artifact substat: critdmg+7.0%
2026-09-29 02:22:07.856|DEBUG|ArtifactScraper|Parsing artifact substat: hp+5.3%(unactivated)
2026-09-29 02:22:07.948|DEBUG|ArtifactScraper|Parsing artifact substat: hp+269
2026-09-29 02:22:07.948|DEBUG|ArtifactScraper|Parsing artifact substat: elementalmastery+16
2026-09-29 02:22:07.948|DEBUG|ArtifactScraper|Parsing artifact substat: critrate+3.5%
2026-09-29 02:22:07.948|DEBUG|ArtifactScraper|Parsing artifact substat: critdmg+7.0%
2026-09-29 02:22:08.102|DEBUG|ArtifactScraper|Parsing artifact substat: def+7.3%
2026-09-29 02:22:08.102|DEBUG|ArtifactScraper|Parsing artifact substat: def+16
2026-09-29 02:22:08.102|DEBUG|ArtifactScraper|Parsing artifact substat: critrate+2.7%
2026-09-29 02:22:08.102|DEBUG|ArtifactScraper|Parsing artifact substat: energyrecharge+6.5%
2026-09-29 02:22:08.400|DEBUG|ArtifactScraper|Parsing artifact substat: def+16
2026-09-29 02:22:08.400|DEBUG|ArtifactScraper|Parsing artifact substat: hp+5.3%
2026-09-29 02:22:08.400|DEBUG|ArtifactScraper|Parsing artifact substat: energyrecharge+6.5%
2026-09-29 02:22:08.400|DEBUG|ArtifactScraper|Parsing artifact substat: hp+239
2026-09-29 02:22:08.605|DEBUG|ArtifactScraper|Parsing artifact substat: elementalmastery+23
2026-09-29 02:22:08.605|DEBUG|ArtifactScraper|Parsing artifact substat: critrate+3.9%
2026-09-29 02:22:08.605|DEBUG|ArtifactScraper|Parsing artifact substat: critdmg+5.4%
2026-09-29 02:22:08.605|DEBUG|ArtifactScraper|Parsing artifact substat: atk+16(unactivated)
2026-09-29 02:22:08.709|DEBUG|ArtifactScraper|Parsing artifact substat: critdmg+7.0%
2026-09-29 02:22:08.709|DEBUG|ArtifactScraper|Parsing artifact substat: hp+4.1%
2026-09-29 02:22:08.709|DEBUG|ArtifactScraper|Parsing artifact substat: def+23
2026-09-29 02:22:08.709|DEBUG|ArtifactScraper|Parsing artifact substat: elementalmastery+16
2026-09-29 02:22:08.975|DEBUG|ArtifactScraper|Parsing artifact substat: hp+269
2026-09-29 02:22:08.975|DEBUG|ArtifactScraper|Parsing artifact substat: critrate+3.9%
2026-09-29 02:22:08.975|DEBUG|ArtifactScraper|Parsing artifact substat: def+23
2026-09-29 02:22:08.975|DEBUG|ArtifactScraper|Parsing artifact substat: energyrecharge+5.8%
2026-09-29 02:22:09.254|DEBUG|ArtifactScraper|Parsing artifact substat: critdmg+7.0%
2026-09-29 02:22:09.254|DEBUG|ArtifactScraper|Parsing artifact substat: critrate+3.9%
2026-09-29 02:22:09.254|DEBUG|ArtifactScraper|Parsing artifact substat: hp+4.7%
2026-09-29 02:22:09.254|DEBUG|ArtifactScraper|Parsing artifact substat: elementalmastery+21
2026-09-29 02:22:09.366|DEBUG|ArtifactScraper|Parsing artifact substat: atk+5.8%
2026-09-29 02:22:09.366|DEBUG|ArtifactScraper|Parsing artifact substat: hp+239
2026-09-29 02:22:09.366|DEBUG|ArtifactScraper|Parsing artifact substat: def+7.3%
2026-09-29 02:22:09.366|DEBUG|ArtifactScraper|Parsing artifact substat: critrate+2.7%(unactivated)
2026-09-29 02:22:09.590|DEBUG|ArtifactScraper|Parsing artifact substat: hp+5.3%
2026-09-29 02:22:09.590|DEBUG|ArtifactScraper|Parsing artifact substat: def+5.8%
2026-09-29 02:22:09.590|DEBUG|ArtifactScraper|Parsing artifact substat: critrate+3.1%
2026-09-29 02:22:09.590|DEBUG|ArtifactScraper|Parsing artifact substat: critdmg+6.2%(unactivated)
2026-09-29 02:22:09.957|DEBUG|ArtifactScraper|Parsing artifact substat: hp+209
2026-09-29 02:22:09.957|DEBUG|ArtifactScraper|Parsing artifact substat: critdmg+7.0%
2026-09-29 02:22:09.957|DEBUG|ArtifactScraper|Parsing artifact substat: critrate+3.1%
2026-09-29 02:22:09.957|DEBUG|ArtifactScraper|Parsing artifact substat: def+23(unactivated)
2026-09-29 02:22:10.073|DEBUG|ArtifactScraper|Parsing artifact substat: critdmg+5.4%
2026-09-29 02:22:10.073|DEBUG|ArtifactScraper|Parsing artifact substat: hp+299
2026-09-29 02:22:10.073|DEBUG|ArtifactScraper|Parsing artifact substat: atk+18
2026-09-29 02:22:10.073|DEBUG|ArtifactScraper|Parsing artifact substat: hp+5.8%(unactivated)
2026-09-29 02:22:10.319|DEBUG|ArtifactScraper|Parsing artifact substat: atk+4.1%
2026-09-29 02:22:10.319|DEBUG|ArtifactScraper|Parsing artifact substat: energyrecharge+6.5%
2026-09-29 02:22:10.319|DEBUG|ArtifactScraper|Parsing artifact substat: def+19
2026-09-29 02:22:10.319|DEBUG|ArtifactScraper|Parsing artifact substat: critrate+2.7%(unactivated)
2026-09-29 02:22:10.620|DEBUG|ArtifactScraper|Parsing artifact substat: energyrecharge+5.2%
2026-09-29 02:22:10.620|DEBUG|ArtifactScraper|Parsing artifact substat: def+7.3%
2026-09-29 02:22:10.620|DEBUG|ArtifactScraper|Parsing artifact substat: hp+299
2026-09-29 02:22:10.620|DEBUG|ArtifactScraper|Parsing artifact substat: critdmg+7.8%(unactivated)
2026-09-29 02:22:10.667|DEBUG|ArtifactScraper|Parsing artifact substat: critdmg+7.0%
2026-09-29 02:22:10.667|DEBUG|ArtifactScraper|Parsing artifact substat: atk+16
2026-09-29 02:22:10.667|DEBUG|ArtifactScraper|Parsing artifact substat: def+16
2026-09-29 02:22:10.667|DEBUG|ArtifactScraper|Parsing artifact substat: hp+239
2026-09-29 02:22:10.905|DEBUG|ArtifactScraper|Parsing artifact substat: energyrecharge+6.5%
2026-09-29 02:22:10.905|DEBUG|ArtifactScraper|Parsing artifact substat: def+23
2026-09-29 02:22:10.905|DEBUG|ArtifactScraper|Parsing artifact substat: critdmg+5.4%
2026-09-29 02:22:10.905|DEBUG|ArtifactScraper|Parsing artifact substat: atk+5.8%
2026-09-29 02:22:11.208|DEBUG|ArtifactScraper|Parsing artifact substat: def+21
2026-09-29 02:22:11.208|DEBUG|ArtifactScraper|Parsing artifact substat: critdmg+7.8%
2026-09-29 02:22:11.208|DEBUG|ArtifactScraper|Parsing artifact substat: atk+16
2026-09-29 02:22:11.208|DEBUG|ArtifactScraper|Parsing artifact substat: hp+269
2026-09-29 02:22:11.239|DEBUG|ArtifactScraper|Parsing artifact substat: energyrecharge+5.2%
2026-09-29 02:22:11.239|DEBUG|ArtifactScraper|Parsing artifact substat: def+6.6%
2026-09-29 02:22:11.239|DEBUG|ArtifactScraper|Parsing artifact substat: atk+14
2026-09-29 02:22:11.239|DEBUG|ArtifactScraper|Parsing artifact substat: hp+299
2026-09-29 02:22:11.447|DEBUG|ArtifactScraper|Parsing artifact substat: def+5.8%
2026-09-29 02:22:11.447|DEBUG|ArtifactScraper|Parsing artifact substat: atk+4.1%
2026-09-29 02:22:11.447|DEBUG|ArtifactScraper|Parsing artifact substat: atk+19
2026-09-29 02:22:11.447|DEBUG|ArtifactScraper|Parsing artifact substat: elementalmastery+16
2026-09-29 02:22:11.849|DEBUG|ArtifactScraper|Parsing artifact substat: def+23
2026-09-29 02:22:11.849|DEBUG|ArtifactScraper|Parsing artifact substat: def+5.8%
2026-09-29 02:22:11.849|DEBUG|ArtifactScraper|Parsing artifact substat: hp+299
2026-09-29 02:22:11.849|DEBUG|ArtifactScraper|Parsing artifact substat: energyrecharge+4.5%
2026-09-29 02:22:11.892|DEBUG|ArtifactScraper|Parsing artifact substat: atk+19
2026-09-29 02:22:11.892|DEBUG|ArtifactScraper|Parsing artifact substat: hp+209
2026-09-29 02:22:11.892|DEBUG|ArtifactScraper|Parsing artifact substat: def+5.8%
2026-09-29 02:22:11.892|DEBUG|ArtifactScraper|Parsing artifact substat: energyrecharge+5.2%
2026-09-29 02:22:11.922|DEBUG|ArtifactScraper|Finished queuing page of artifacts. Scrolling...
2026-09-29 02:22:12.004|DEBUG|ArtifactScraper|Parsing artifact substat: hp+5.3%
2026-09-29 02:22:12.004|DEBUG|ArtifactScraper|Parsing artifact substat: atk+4.1%
2026-09-29 02:22:12.004|DEBUG|ArtifactScraper|Parsing artifact substat: hp+209
2026-09-29 02:22:12.004|DEBUG|ArtifactScraper|Parsing artifact substat: atk+19
2026-09-29 02:22:12.418|DEBUG|ArtifactScraper|Parsing artifact substat: def+16
2026-09-29 02:22:12.418|DEBUG|ArtifactScraper|Parsing artifact substat: hp+209
2026-09-29 02:22:12.418|DEBUG|ArtifactScraper|Parsing artifact substat: hp+4.7%
2026-09-29 02:22:12.418|DEBUG|ArtifactScraper|Parsing artifact substat: atk+19(unactivated)
2026-09-29 02:22:12.447|DEBUG|ArtifactScraper|Parsing artifact substat: def+19
2026-09-29 02:22:12.447|DEBUG|ArtifactScraper|Parsing artifact substat: hp+4.7%
2026-09-29 02:22:12.447|DEBUG|ArtifactScraper|Parsing artifact substat: atk+5.8%
2026-09-29 02:22:12.447|DEBUG|ArtifactScraper|Parsing artifact substat: energyrecharge+5.8%
2026-09-29 02:22:12.617|DEBUG|ArtifactScraper|Parsing artifact substat: hp+299
2026-09-29 02:22:12.617|DEBUG|ArtifactScraper|Parsing artifact substat: energyrecharge+6.5%
2026-09-29 02:22:12.617|DEBUG|ArtifactScraper|Parsing artifact substat: atk+16
2026-09-29 02:22:12.617|DEBUG|ArtifactScraper|Parsing artifact substat: def+16(unactivated)
2026-09-29 02:22:12.880|DEBUG|ArtifactScraper|Parsing artifact substat: def+21
2026-09-29 02:22:12.880|DEBUG|ArtifactScraper|Parsing artifact substat: def+5.1%
2026-09-29 02:22:12.880|DEBUG|ArtifactScraper|Parsing artifact substat: atk+5.8%
2026-09-29 02:22:12.880|DEBUG|ArtifactScraper|Parsing artifact substat: energyrecharge+5.2%
2026-09-29 02:22:15.077|DEBUG|ArtifactScraper|Scanning artifact page 30
2026-09-29 02:22:15.077|DEBUG|ArtifactScraper|Located 32 possible item locations on page.
2026-09-29 02:22:15.601|DEBUG|ArtifactScraper|Parsing artifact substat: def+19
2026-09-29 02:22:15.601|DEBUG|ArtifactScraper|Parsing artifact substat: hp+239
2026-09-29 02:22:15.601|DEBUG|ArtifactScraper|Parsing artifact substat: hp+5.8%
2026-09-29 02:22:15.601|DEBUG|ArtifactScraper|Parsing artifact substat: elementalmastery+23
2026-09-29 02:22:16.070|DEBUG|ArtifactScraper|Parsing artifact substat: atk+19
2026-09-29 02:22:16.070|DEBUG|ArtifactScraper|Parsing artifact substat: def+16
2026-09-29 02:22:16.070|DEBUG|ArtifactScraper|Parsing artifact substat: hp+5.3%
2026-09-29 02:22:16.070|DEBUG|ArtifactScraper|Parsing artifact substat: def+5.1%
2026-09-29 02:22:16.211|DEBUG|ArtifactScraper|Parsing artifact substat: hp+5.3%
2026-09-29 02:22:16.211|DEBUG|ArtifactScraper|Parsing artifact substat: atk+4.7%
2026-09-29 02:22:16.211|DEBUG|ArtifactScraper|Parsing artifact substat: critdmg+5.4%
2026-09-29 02:22:16.211|DEBUG|ArtifactScraper|Parsing artifact substat: atk+16
2026-09-29 02:22:16.496|DEBUG|ArtifactScraper|Parsing artifact substat: atk+19
2026-09-29 02:22:16.496|DEBUG|ArtifactScraper|Parsing artifact substat: def+21
2026-09-29 02:22:16.496|DEBUG|ArtifactScraper|Parsing artifact substat: hp+269
2026-09-29 02:22:16.496|DEBUG|ArtifactScraper|Parsing artifact substat: critdmg+6.2%(unactivated)
2026-09-29 02:22:16.735|DEBUG|ArtifactScraper|Parsing artifact substat: atk+4.1%
2026-09-29 02:22:16.735|DEBUG|ArtifactScraper|Parsing artifact substat: def+16
2026-09-29 02:22:16.735|DEBUG|ArtifactScraper|Parsing artifact substat: hp+4.1%
2026-09-29 02:22:16.735|DEBUG|ArtifactScraper|Parsing artifact substat: critdmg+7.8%(unactivated)
2026-09-29 02:22:16.818|DEBUG|ArtifactScraper|Parsing artifact substat: critdmg+6.2%
2026-09-29 02:22:16.818|DEBUG|ArtifactScraper|Parsing artifact substat: hp+4.7%
2026-09-29 02:22:16.818|DEBUG|ArtifactScraper|Parsing artifact substat: elementalmastery+19
2026-09-29 02:22:16.818|DEBUG|ArtifactScraper|Parsing artifact substat: atk+19(unactivated)
2026-09-29 02:22:17.028|DEBUG|ArtifactScraper|Parsing artifact substat: atk+16
2026-09-29 02:22:17.028|DEBUG|ArtifactScraper|Parsing artifact substat: hp+269
2026-09-29 02:22:17.028|DEBUG|ArtifactScraper|Parsing artifact substat: def+16
2026-09-29 02:22:17.028|DEBUG|ArtifactScraper|Parsing artifact substat: critdmg+5.4%(unactivated)
2026-09-29 02:22:17.311|DEBUG|ArtifactScraper|Parsing artifact substat: atk+18
2026-09-29 02:22:17.311|DEBUG|ArtifactScraper|Parsing artifact substat: critdmg+6.2%
2026-09-29 02:22:17.312|DEBUG|ArtifactScraper|Parsing artifact substat: energyrecharge+6.5%
2026-09-29 02:22:17.312|DEBUG|ArtifactScraper|Parsing artifact substat: critrate+3.9%(unactivated)
2026-09-29 02:22:17.341|DEBUG|ArtifactScraper|Parsing artifact substat: critrate+3.1%
2026-09-29 02:22:17.341|DEBUG|ArtifactScraper|Parsing artifact substat: def+5.8%
2026-09-29 02:22:17.341|DEBUG|ArtifactScraper|Parsing artifact substat: hp+239
2026-09-29 02:22:17.341|DEBUG|ArtifactScraper|Parsing artifact substat: energyrecharge+6.5%
2026-09-29 02:22:17.543|DEBUG|ArtifactScraper|Parsing artifact substat: atk+18
2026-09-29 02:22:17.543|DEBUG|ArtifactScraper|Parsing artifact substat: def+5.8%
2026-09-29 02:22:17.543|DEBUG|ArtifactScraper|Parsing artifact substat: critdmg+5.4%
2026-09-29 02:22:17.543|DEBUG|ArtifactScraper|Parsing artifact substat: critrate+3.1%(unactivated)
2026-09-29 02:22:17.869|DEBUG|ArtifactScraper|Parsing artifact substat: hp+4.7%
2026-09-29 02:22:17.869|DEBUG|ArtifactScraper|Parsing artifact substat: energyrecharge+5.2%
2026-09-29 02:22:17.869|DEBUG|ArtifactScraper|Parsing artifact substat: atk+14
2026-09-29 02:22:17.869|DEBUG|ArtifactScraper|Parsing artifact substat: def+23(unactivated)
2026-09-29 02:22:17.923|DEBUG|ArtifactScraper|Parsing artifact substat: atk+16
2026-09-29 02:22:17.923|DEBUG|ArtifactScraper|Parsing artifact substat: def+5.8%
2026-09-29 02:22:17.923|DEBUG|ArtifactScraper|Parsing artifact substat: elementalmastery+16
2026-09-29 02:22:17.923|DEBUG|ArtifactScraper|Parsing artifact substat: atk+4.7%(unactivated)
2026-09-29 02:22:18.089|DEBUG|ArtifactScraper|Parsing artifact substat: critdmg+5.4%
2026-09-29 02:22:18.089|DEBUG|ArtifactScraper|Parsing artifact substat: def+23
2026-09-29 02:22:18.089|DEBUG|ArtifactScraper|Parsing artifact substat: hp+209
2026-09-29 02:22:18.089|DEBUG|ArtifactScraper|Parsing artifact substat: critrate+3.5%(unactivated)
2026-09-29 02:22:18.466|DEBUG|ArtifactScraper|Parsing artifact substat: atk+16
2026-09-29 02:22:18.466|DEBUG|ArtifactScraper|Parsing artifact substat: hp+209
2026-09-29 02:22:18.466|DEBUG|ArtifactScraper|Parsing artifact substat: def+19
2026-09-29 02:22:18.466|DEBUG|ArtifactScraper|Parsing artifact substat: atk+4.1%(unactivated)
2026-09-29 02:22:18.496|DEBUG|ArtifactScraper|Parsing artifact substat: hp+209
2026-09-29 02:22:18.496|DEBUG|ArtifactScraper|Parsing artifact substat: energyrecharge+4.5%
2026-09-29 02:22:18.496|DEBUG|ArtifactScraper|Parsing artifact substat: elementalmastery+16
2026-09-29 02:22:18.496|DEBUG|ArtifactScraper|Parsing artifact substat: def+16(unactivated)
2026-09-29 02:22:18.636|DEBUG|ArtifactScraper|Parsing artifact substat: hp+4.7%
2026-09-29 02:22:18.636|DEBUG|ArtifactScraper|Parsing artifact substat: atk+16
2026-09-29 02:22:18.636|DEBUG|ArtifactScraper|Parsing artifact substat: critrate+2.7%
2026-09-29 02:22:18.636|DEBUG|ArtifactScraper|Parsing artifact substat: energyrecharge+5.8%
2026-09-29 02:22:19.037|DEBUG|ArtifactScraper|Parsing artifact substat: hp+209
2026-09-29 02:22:19.037|DEBUG|ArtifactScraper|Parsing artifact substat: critdmg+7.0%
2026-09-29 02:22:19.037|DEBUG|ArtifactScraper|Parsing artifact substat: hp+5.8%
2026-09-29 02:22:19.037|DEBUG|ArtifactScraper|Parsing artifact substat: atk+16
2026-09-29 02:22:19.056|DEBUG|ArtifactScraper|Parsing artifact substat: atk+5.3%
2026-09-29 02:22:19.056|DEBUG|ArtifactScraper|Parsing artifact substat: energyrecharge+5.8%
2026-09-29 02:22:19.056|DEBUG|ArtifactScraper|Parsing artifact substat: def+6.6%
2026-09-29 02:22:19.056|DEBUG|ArtifactScraper|Parsing artifact substat: critrate+2.7%(unactivated)
2026-09-29 02:22:19.205|DEBUG|ArtifactScraper|Parsing artifact substat: energyrecharge+4.5%
2026-09-29 02:22:19.205|DEBUG|ArtifactScraper|Parsing artifact substat: def+6.6%
2026-09-29 02:22:19.205|DEBUG|ArtifactScraper|Parsing artifact substat: hp+209
2026-09-29 02:22:19.205|DEBUG|ArtifactScraper|Parsing artifact substat: atk+18
2026-09-29 02:22:19.602|DEBUG|ArtifactScraper|Parsing artifact substat: energyrecharge+4.5%
2026-09-29 02:22:19.602|DEBUG|ArtifactScraper|Parsing artifact substat: hp+5.8%
2026-09-29 02:22:19.602|DEBUG|ArtifactScraper|Parsing artifact substat: critrate+3.9%
2026-09-29 02:22:19.602|DEBUG|ArtifactScraper|Parsing artifact substat: atk+4.1%(unactivated)
2026-09-29 02:22:19.631|DEBUG|ArtifactScraper|Parsing artifact substat: def+16
2026-09-29 02:22:19.631|DEBUG|ArtifactScraper|Parsing artifact substat: elementalmastery+19
2026-09-29 02:22:19.631|DEBUG|ArtifactScraper|Parsing artifact substat: atk+16
2026-09-29 02:22:19.631|DEBUG|ArtifactScraper|Parsing artifact substat: energyrecharge+5.8%
2026-09-29 02:22:19.767|DEBUG|ArtifactScraper|Parsing artifact substat: def+23
2026-09-29 02:22:19.767|DEBUG|ArtifactScraper|Parsing artifact substat: hp+5.8%
2026-09-29 02:22:19.767|DEBUG|ArtifactScraper|Parsing artifact substat: critdmg+5.4%
2026-09-29 02:22:19.767|DEBUG|ArtifactScraper|Parsing artifact substat: energyrecharge+5.8%
2026-09-29 02:22:20.130|DEBUG|ArtifactScraper|Parsing artifact substat: def+6.6%
2026-09-29 02:22:20.130|DEBUG|ArtifactScraper|Parsing artifact substat: atk+19
2026-09-29 02:22:20.130|DEBUG|ArtifactScraper|Parsing artifact substat: def+16
2026-09-29 02:22:20.130|DEBUG|ArtifactScraper|Parsing artifact substat: elementalmastery+23
2026-09-29 02:22:20.207|DEBUG|ArtifactScraper|Parsing artifact substat: hp+5.8%
2026-09-29 02:22:20.207|DEBUG|ArtifactScraper|Parsing artifact substat: hp+299
2026-09-29 02:22:20.207|DEBUG|ArtifactScraper|Parsing artifact substat: critrate+2.7%
2026-09-29 02:22:20.207|DEBUG|ArtifactScraper|Parsing artifact substat: def+6.6%(unactivated)
2026-09-29 02:22:20.323|DEBUG|ArtifactScraper|Parsing artifact substat: energyrecharge+6.5%
2026-09-29 02:22:20.323|DEBUG|ArtifactScraper|Parsing artifact substat: hp+4.1%
2026-09-29 02:22:20.323|DEBUG|ArtifactScraper|Parsing artifact substat: hp+269
2026-09-29 02:22:20.323|DEBUG|ArtifactScraper|Parsing artifact substat: def+21(unactivated)
2026-09-29 02:22:20.763|DEBUG|ArtifactScraper|Parsing artifact substat: def+21
2026-09-29 02:22:20.763|DEBUG|ArtifactScraper|Parsing artifact substat: atk+14
2026-09-29 02:22:20.763|DEBUG|ArtifactScraper|Parsing artifact substat: elementalmastery+21
2026-09-29 02:22:20.763|DEBUG|ArtifactScraper|Parsing artifact substat: critdmg+7.0%(unactivated)
2026-09-29 02:22:20.763|DEBUG|ArtifactScraper|Parsing artifact substat: hp+5.3%
2026-09-29 02:22:20.763|DEBUG|ArtifactScraper|Parsing artifact substat: energyrecharge+4.5%
2026-09-29 02:22:20.763|DEBUG|ArtifactScraper|Parsing artifact substat: def+16
2026-09-29 02:22:20.763|DEBUG|ArtifactScraper|Parsing artifact substat: hp+239(unactivated)
2026-09-29 02:22:20.867|DEBUG|ArtifactScraper|Parsing artifact substat: atk+5.8%
2026-09-29 02:22:20.867|DEBUG|ArtifactScraper|Parsing artifact substat: hp+4.1%
2026-09-29 02:22:20.867|DEBUG|ArtifactScraper|Parsing artifact substat: atk+14
2026-09-29 02:22:20.867|DEBUG|ArtifactScraper|Parsing artifact substat: critdmg+7.8%(unactivated)
2026-09-29 02:22:21.056|DEBUG|ArtifactScraper|Finished queuing page of artifacts. Scrolling...
2026-09-29 02:22:21.405|DEBUG|ArtifactScraper|Parsing artifact substat: atk+16
2026-09-29 02:22:21.405|DEBUG|ArtifactScraper|Parsing artifact substat: def+16
2026-09-29 02:22:21.405|DEBUG|ArtifactScraper|Parsing artifact substat: energyrecharge+5.8%
2026-09-29 02:22:21.405|DEBUG|ArtifactScraper|Parsing artifact substat: critrate+2.7%(unactivated)
2026-09-29 02:22:21.436|DEBUG|ArtifactScraper|Parsing artifact substat: hp+239
2026-09-29 02:22:21.436|DEBUG|ArtifactScraper|Parsing artifact substat: def+7.3%
2026-09-29 02:22:21.436|DEBUG|ArtifactScraper|Parsing artifact substat: elementalmastery+16
2026-09-29 02:22:21.436|DEBUG|ArtifactScraper|Parsing artifact substat: def+21(unactivated)
2026-09-29 02:22:21.560|DEBUG|ArtifactScraper|Parsing artifact substat: hp+209
2026-09-29 02:22:21.560|DEBUG|ArtifactScraper|Parsing artifact substat: atk+19
2026-09-29 02:22:21.560|DEBUG|ArtifactScraper|Parsing artifact substat: critrate+3.5%
2026-09-29 02:22:21.560|DEBUG|ArtifactScraper|Parsing artifact substat: hp+4.7%(unactivated)
2026-09-29 02:22:21.882|DEBUG|ArtifactScraper|Parsing artifact substat: def+16
2026-09-29 02:22:21.882|DEBUG|ArtifactScraper|Parsing artifact substat: hp+269
2026-09-29 02:22:21.882|DEBUG|ArtifactScraper|Parsing artifact substat: critdmg+7.8%
2026-09-29 02:22:21.882|DEBUG|ArtifactScraper|Parsing artifact substat: atk+5.3%
2026-09-29 02:22:23.957|DEBUG|ArtifactScraper|Scanning artifact page 31
2026-09-29 02:22:23.957|DEBUG|ArtifactScraper|Located 32 possible item locations on page.
2026-09-29 02:22:24.373|DEBUG|ArtifactScraper|Parsing artifact substat: hp+209
2026-09-29 02:22:24.373|DEBUG|ArtifactScraper|Parsing artifact substat: critdmg+7.0%
2026-09-29 02:22:24.373|DEBUG|ArtifactScraper|Parsing artifact substat: elementalmastery+19
2026-09-29 02:22:24.373|DEBUG|ArtifactScraper|Parsing artifact substat: hp+4.7%
2026-09-29 02:22:24.589|DEBUG|ArtifactScraper|Parsing artifact substat: def+6.6%
2026-09-29 02:22:24.589|DEBUG|ArtifactScraper|Parsing artifact substat: atk+18
2026-09-29 02:22:24.589|DEBUG|ArtifactScraper|Parsing artifact substat: critdmg+5.4%
2026-09-29 02:22:24.589|DEBUG|ArtifactScraper|Parsing artifact substat: hp+239
2026-09-29 02:22:24.880|DEBUG|ArtifactScraper|Parsing artifact substat: def+23
2026-09-29 02:22:24.880|DEBUG|ArtifactScraper|Parsing artifact substat: energyrecharge+6.5%
2026-09-29 02:22:24.880|DEBUG|ArtifactScraper|Parsing artifact substat: atk+19
2026-09-29 02:22:24.880|DEBUG|ArtifactScraper|Parsing artifact substat: def+6.6%
2026-09-29 02:22:25.021|DEBUG|ArtifactScraper|Parsing artifact substat: energyrecharge+4.5%
2026-09-29 02:22:25.021|DEBUG|ArtifactScraper|Parsing artifact substat: critrate+3.1%
2026-09-29 02:22:25.021|DEBUG|ArtifactScraper|Parsing artifact substat: hp+209
2026-09-29 02:22:25.021|DEBUG|ArtifactScraper|Parsing artifact substat: def+19(unactivated)
2026-09-29 02:22:25.393|DEBUG|ArtifactScraper|Parsing artifact substat: elementalmastery+19
2026-09-29 02:22:25.393|DEBUG|ArtifactScraper|Parsing artifact substat: energyrecharge+5.2%
2026-09-29 02:22:25.393|DEBUG|ArtifactScraper|Parsing artifact substat: hp+239
2026-09-29 02:22:25.393|DEBUG|ArtifactScraper|Parsing artifact substat: atk+5.8%(unactivated)
2026-09-29 02:22:25.551|DEBUG|ArtifactScraper|Parsing artifact substat: elementalmastery+21
2026-09-29 02:22:25.551|DEBUG|ArtifactScraper|Parsing artifact substat: critdmg+7.8%
2026-09-29 02:22:25.551|DEBUG|ArtifactScraper|Parsing artifact substat: def+16
2026-09-29 02:22:25.551|DEBUG|ArtifactScraper|Parsing artifact substat: energyrecharge+5.8%
2026-09-29 02:22:25.654|DEBUG|ArtifactScraper|Parsing artifact substat: def+23
2026-09-29 02:22:25.654|DEBUG|ArtifactScraper|Parsing artifact substat: atk+19
2026-09-29 02:22:25.654|DEBUG|ArtifactScraper|Parsing artifact substat: hp+269
2026-09-29 02:22:25.654|DEBUG|ArtifactScraper|Parsing artifact substat: critrate+3.9%(unactivated)
2026-09-29 02:22:25.967|DEBUG|ArtifactScraper|Parsing artifact substat: hp+5.8%
2026-09-29 02:22:25.967|DEBUG|ArtifactScraper|Parsing artifact substat: energyrecharge+5.2%
2026-09-29 02:22:25.967|DEBUG|ArtifactScraper|Parsing artifact substat: atk+4.1%
2026-09-29 02:22:25.967|DEBUG|ArtifactScraper|Parsing artifact substat: critdmg+7.8%(unactivated)
2026-09-29 02:22:26.094|DEBUG|ArtifactScraper|Parsing artifact substat: energyrecharge+4.5%
2026-09-29 02:22:26.094|DEBUG|ArtifactScraper|Parsing artifact substat: def+23
2026-09-29 02:22:26.094|DEBUG|ArtifactScraper|Parsing artifact substat: hp+299
2026-09-29 02:22:26.094|DEBUG|ArtifactScraper|Parsing artifact substat: def+5.8%(unactivated)
2026-09-29 02:22:26.139|DEBUG|ArtifactScraper|Parsing artifact substat: hp+269
2026-09-29 02:22:26.139|DEBUG|ArtifactScraper|Parsing artifact substat: def+21
2026-09-29 02:22:26.139|DEBUG|ArtifactScraper|Parsing artifact substat: def+5.8%
2026-09-29 02:22:26.139|DEBUG|ArtifactScraper|Parsing artifact substat: atk+18(unactivated)
2026-09-29 02:22:26.462|DEBUG|ArtifactScraper|Parsing artifact substat: hp+5.3%
2026-09-29 02:22:26.462|DEBUG|ArtifactScraper|Parsing artifact substat: hp+269
2026-09-29 02:22:26.462|DEBUG|ArtifactScraper|Parsing artifact substat: elementalmastery+19
2026-09-29 02:22:26.462|DEBUG|ArtifactScraper|Parsing artifact substat: critrate+2.7%(unactivated)
2026-09-29 02:22:26.567|DEBUG|ArtifactScraper|Parsing artifact substat: atk+4.1%
2026-09-29 02:22:26.567|DEBUG|ArtifactScraper|Parsing artifact substat: energyrecharge+5.8%
2026-09-29 02:22:26.567|DEBUG|ArtifactScraper|Parsing artifact substat: def+21
2026-09-29 02:22:26.567|DEBUG|ArtifactScraper|Parsing artifact substat: hp+5.3%(unactivated)
2026-09-29 02:22:26.943|DEBUG|ArtifactScraper|Parsing artifact substat: atk+19
2026-09-29 02:22:26.943|DEBUG|ArtifactScraper|Parsing artifact substat: hp+269
2026-09-29 02:22:26.943|DEBUG|ArtifactScraper|Parsing artifact substat: hp+5.8%
2026-09-29 02:22:26.943|DEBUG|ArtifactScraper|Parsing artifact substat: def+19(unactivated)
2026-09-29 02:22:26.964|DEBUG|ArtifactScraper|Parsing artifact substat: critrate+3.5%
2026-09-29 02:22:26.964|DEBUG|ArtifactScraper|Parsing artifact substat: hp+299
2026-09-29 02:22:26.964|DEBUG|ArtifactScraper|Parsing artifact substat: energyrecharge+6.5%
2026-09-29 02:22:26.964|DEBUG|ArtifactScraper|Parsing artifact substat: atk+16(unactivated)
2026-09-29 02:22:27.112|DEBUG|ArtifactScraper|Parsing artifact substat: atk+16
2026-09-29 02:22:27.112|DEBUG|ArtifactScraper|Parsing artifact substat: elementalmastery+16
2026-09-29 02:22:27.112|DEBUG|ArtifactScraper|Parsing artifact substat: energyrecharge+4.5%
2026-09-29 02:22:27.112|DEBUG|ArtifactScraper|Parsing artifact substat: def+21(unactivated)
2026-09-29 02:22:27.449|DEBUG|ArtifactScraper|Parsing artifact substat: hp+239
2026-09-29 02:22:27.449|DEBUG|ArtifactScraper|Parsing artifact substat: atk+4.1%
2026-09-29 02:22:27.449|DEBUG|ArtifactScraper|Parsing artifact substat: def+19
2026-09-29 02:22:27.449|DEBUG|ArtifactScraper|Parsing artifact substat: atk+19(unactivated)
2026-09-29 02:22:27.498|DEBUG|ArtifactScraper|Parsing artifact substat: hp+239
2026-09-29 02:22:27.498|DEBUG|ArtifactScraper|Parsing artifact substat: def+23
2026-09-29 02:22:27.498|DEBUG|ArtifactScraper|Parsing artifact substat: atk+16
2026-09-29 02:22:27.498|DEBUG|ArtifactScraper|Parsing artifact substat: elementalmastery+16
2026-09-29 02:22:27.728|DEBUG|ArtifactScraper|Parsing artifact substat: energyrecharge+6.5%
2026-09-29 02:22:27.728|DEBUG|ArtifactScraper|Parsing artifact substat: elementalmastery+19
2026-09-29 02:22:27.728|DEBUG|ArtifactScraper|Parsing artifact substat: atk+19
2026-09-29 02:22:27.728|DEBUG|ArtifactScraper|Parsing artifact substat: critdmg+7.8%(unactivated)
2026-09-29 02:22:28.017|DEBUG|ArtifactScraper|Parsing artifact substat: atk+5.8%
2026-09-29 02:22:28.017|DEBUG|ArtifactScraper|Parsing artifact substat: energyrecharge+6.5%
2026-09-29 02:22:28.017|DEBUG|ArtifactScraper|Parsing artifact substat: atk+18
2026-09-29 02:22:28.017|DEBUG|ArtifactScraper|Parsing artifact substat: def+5.8%(unactivated)
2026-09-29 02:22:28.057|DEBUG|ArtifactScraper|Parsing artifact substat: atk+16
2026-09-29 02:22:28.057|DEBUG|ArtifactScraper|Parsing artifact substat: elementalmastery+19
2026-09-29 02:22:28.057|DEBUG|ArtifactScraper|Parsing artifact substat: hp+5.8%
2026-09-29 02:22:28.057|DEBUG|ArtifactScraper|Parsing artifact substat: hp+269(unactivated)
2026-09-29 02:22:28.285|DEBUG|ArtifactScraper|Parsing artifact substat: energyrecharge+4.5%
2026-09-29 02:22:28.285|DEBUG|ArtifactScraper|Parsing artifact substat: atk+16
2026-09-29 02:22:28.285|DEBUG|ArtifactScraper|Parsing artifact substat: elementalmastery+23
2026-09-29 02:22:28.285|DEBUG|ArtifactScraper|Parsing artifact substat: def+21(unactivated)
2026-09-29 02:22:28.600|DEBUG|ArtifactScraper|Parsing artifact substat: def+23
2026-09-29 02:22:28.600|DEBUG|ArtifactScraper|Parsing artifact substat: energyrecharge+6.5%
2026-09-29 02:22:28.600|DEBUG|ArtifactScraper|Parsing artifact substat: elementalmastery+21
2026-09-29 02:22:28.600|DEBUG|ArtifactScraper|Parsing artifact substat: hp+209(unactivated)
2026-09-29 02:22:28.642|DEBUG|ArtifactScraper|Parsing artifact substat: atk+5.8%
2026-09-29 02:22:28.642|DEBUG|ArtifactScraper|Parsing artifact substat: critdmg+7.8%
2026-09-29 02:22:28.642|DEBUG|ArtifactScraper|Parsing artifact substat: energyrecharge+5.2%
2026-09-29 02:22:28.642|DEBUG|ArtifactScraper|Parsing artifact substat: elementalmastery+19
2026-09-29 02:22:28.856|DEBUG|ArtifactScraper|Parsing artifact substat: energyrecharge+6.5%
2026-09-29 02:22:28.856|DEBUG|ArtifactScraper|Parsing artifact substat: hp+269
2026-09-29 02:22:28.856|DEBUG|ArtifactScraper|Parsing artifact substat: def+19
2026-09-29 02:22:28.856|DEBUG|ArtifactScraper|Parsing artifact substat: atk+4.1%(unactivated)
2026-09-29 02:22:29.144|DEBUG|ArtifactScraper|Parsing artifact substat: atk+4.1%
2026-09-29 02:22:29.144|DEBUG|ArtifactScraper|Parsing artifact substat: def+16
2026-09-29 02:22:29.144|DEBUG|ArtifactScraper|Parsing artifact substat: atk+14
2026-09-29 02:22:29.144|DEBUG|ArtifactScraper|Parsing artifact substat: energyrecharge+5.2%
2026-09-29 02:22:29.264|DEBUG|ArtifactScraper|Parsing artifact substat: critdmg+7.8%
2026-09-29 02:22:29.264|DEBUG|ArtifactScraper|Parsing artifact substat: atk+4.7%
2026-09-29 02:22:29.264|DEBUG|ArtifactScraper|Parsing artifact substat: atk+19
2026-09-29 02:22:29.264|DEBUG|ArtifactScraper|Parsing artifact substat: energyrecharge+5.8%
2026-09-29 02:22:29.427|DEBUG|ArtifactScraper|Parsing artifact substat: energyrecharge+6.5%
2026-09-29 02:22:29.427|DEBUG|ArtifactScraper|Parsing artifact substat: def+16
2026-09-29 02:22:29.427|DEBUG|ArtifactScraper|Parsing artifact substat: critrate+3.5%
2026-09-29 02:22:29.427|DEBUG|ArtifactScraper|Parsing artifact substat: elementalmastery+16
2026-09-29 02:22:29.679|DEBUG|ArtifactScraper|Parsing artifact substat: energyrecharge+6.5%
2026-09-29 02:22:29.679|DEBUG|ArtifactScraper|Parsing artifact substat: atk+4.7%
2026-09-29 02:22:29.679|DEBUG|ArtifactScraper|Parsing artifact substat: def+23
2026-09-29 02:22:29.679|DEBUG|ArtifactScraper|Parsing artifact substat: atk+19(unactivated)
2026-09-29 02:22:29.755|DEBUG|ArtifactScraper|Finished queuing page of artifacts. Scrolling...
2026-09-29 02:22:29.820|DEBUG|ArtifactScraper|Parsing artifact substat: elementalmastery+16
2026-09-29 02:22:29.820|DEBUG|ArtifactScraper|Parsing artifact substat: critrate+3.5%
2026-09-29 02:22:29.820|DEBUG|ArtifactScraper|Parsing artifact substat: hp+5.3%
2026-09-29 02:22:29.820|DEBUG|ArtifactScraper|Parsing artifact substat: critdmg+7.0%(unactivated)
2026-09-29 02:22:29.905|DEBUG|ArtifactScraper|Parsing artifact substat: hp+5.3%
2026-09-29 02:22:29.905|DEBUG|ArtifactScraper|Parsing artifact substat: critdmg+5.4%
2026-09-29 02:22:29.906|DEBUG|ArtifactScraper|Parsing artifact substat: atk+19
2026-09-29 02:22:29.906|DEBUG|ArtifactScraper|Parsing artifact substat: energyrecharge+4.5%
2026-09-29 02:22:30.150|DEBUG|ArtifactScraper|Parsing artifact substat: def+21
2026-09-29 02:22:30.150|DEBUG|ArtifactScraper|Parsing artifact substat: atk+19
2026-09-29 02:22:30.150|DEBUG|ArtifactScraper|Parsing artifact substat: hp+4.7%
2026-09-29 02:22:30.150|DEBUG|ArtifactScraper|Parsing artifact substat: energyrecharge+5.2%
2026-09-29 02:22:30.268|DEBUG|ArtifactScraper|Parsing artifact substat: def+5.8%
2026-09-29 02:22:30.268|DEBUG|ArtifactScraper|Parsing artifact substat: energyrecharge+5.8%
2026-09-29 02:22:30.268|DEBUG|ArtifactScraper|Parsing artifact substat: def+23
2026-09-29 02:22:30.268|DEBUG|ArtifactScraper|Parsing artifact substat: elementalmastery+21
2026-09-29 02:22:32.443|DEBUG|ArtifactScraper|Scanning artifact page 32
2026-09-29 02:22:32.443|DEBUG|ArtifactScraper|Located 32 possible item locations on page.
2026-09-29 02:22:32.997|DEBUG|ArtifactScraper|Parsing artifact substat: critdmg+7.8%
2026-09-29 02:22:32.997|DEBUG|ArtifactScraper|Parsing artifact substat: elementalmastery+21
2026-09-29 02:22:32.997|DEBUG|ArtifactScraper|Parsing artifact substat: hp+5.3%
2026-09-29 02:22:32.997|DEBUG|ArtifactScraper|Parsing artifact substat: def+7.3%(unactivated)
2026-09-29 02:22:33.214|DEBUG|ArtifactScraper|Parsing artifact substat: energyrecharge+4.5%
2026-09-29 02:22:33.214|DEBUG|ArtifactScraper|Parsing artifact substat: def+5.8%
2026-09-29 02:22:33.214|DEBUG|ArtifactScraper|Parsing artifact substat: def+19
2026-09-29 02:22:33.214|DEBUG|ArtifactScraper|Parsing artifact substat: critrate+3.5%(unactivated)
2026-09-29 02:22:33.400|DEBUG|ArtifactScraper|Parsing artifact substat: critrate+3.5%
2026-09-29 02:22:33.400|DEBUG|ArtifactScraper|Parsing artifact substat: def+16
2026-09-29 02:22:33.400|DEBUG|ArtifactScraper|Parsing artifact substat: hp+209
2026-09-29 02:22:33.400|DEBUG|ArtifactScraper|Parsing artifact substat: atk+4.1%(unactivated)
2026-09-29 02:22:33.623|DEBUG|ArtifactScraper|Parsing artifact substat: hp+4.7%
2026-09-29 02:22:33.623|DEBUG|ArtifactScraper|Parsing artifact substat: critdmg+6.2%
2026-09-29 02:22:33.623|DEBUG|ArtifactScraper|Parsing artifact substat: def+21
2026-09-29 02:22:33.623|DEBUG|ArtifactScraper|Parsing artifact substat: hp+269
2026-09-29 02:22:33.772|DEBUG|ArtifactScraper|Parsing artifact substat: hp+269
2026-09-29 02:22:33.772|DEBUG|ArtifactScraper|Parsing artifact substat: def+16
2026-09-29 02:22:33.772|DEBUG|ArtifactScraper|Parsing artifact substat: hp+4.7%
2026-09-29 02:22:33.772|DEBUG|ArtifactScraper|Parsing artifact substat: critrate+3.9%(unactivated)
2026-09-29 02:22:34.086|DEBUG|ArtifactScraper|Parsing artifact substat: hp+299
2026-09-29 02:22:34.086|DEBUG|ArtifactScraper|Parsing artifact substat: def+19
2026-09-29 02:22:34.086|DEBUG|ArtifactScraper|Parsing artifact substat: hp+5.8%
2026-09-29 02:22:34.086|DEBUG|ArtifactScraper|Parsing artifact substat: elementalmastery+21
2026-09-29 02:22:34.198|DEBUG|ArtifactScraper|Parsing artifact substat: elementalmastery+19
2026-09-29 02:22:34.198|DEBUG|ArtifactScraper|Parsing artifact substat: critdmg+7.0%
2026-09-29 02:22:34.198|DEBUG|ArtifactScraper|Parsing artifact substat: def+21
2026-09-29 02:22:34.198|DEBUG|ArtifactScraper|Parsing artifact substat: atk+4.1%(unactivated)
2026-09-29 02:22:34.327|DEBUG|ArtifactScraper|Parsing artifact substat: hp+4.1%
2026-09-29 02:22:34.327|DEBUG|ArtifactScraper|Parsing artifact substat: critrate+3.1%
2026-09-29 02:22:34.327|DEBUG|ArtifactScraper|Parsing artifact substat: def+19
2026-09-29 02:22:34.327|DEBUG|ArtifactScraper|Parsing artifact substat: critdmg+7.0%(unactivated)
2026-09-29 02:22:34.581|DEBUG|ArtifactScraper|Parsing artifact substat: critrate+2.7%
2026-09-29 02:22:34.581|DEBUG|ArtifactScraper|Parsing artifact substat: hp+209
2026-09-29 02:22:34.581|DEBUG|ArtifactScraper|Parsing artifact substat: def+23
2026-09-29 02:22:34.581|DEBUG|ArtifactScraper|Parsing artifact substat: critdmg+7.8%(unactivated)
2026-09-29 02:22:34.687|DEBUG|ArtifactScraper|Parsing artifact substat: critdmg+7.8%
2026-09-29 02:22:34.687|DEBUG|ArtifactScraper|Parsing artifact substat: critrate+3.9%
2026-09-29 02:22:34.688|DEBUG|ArtifactScraper|Parsing artifact substat: energyrecharge+5.2%
2026-09-29 02:22:34.688|DEBUG|ArtifactScraper|Parsing artifact substat: def+21(unactivated)
2026-09-29 02:22:34.989|DEBUG|ArtifactScraper|Parsing artifact substat: atk+14
2026-09-29 02:22:34.989|DEBUG|ArtifactScraper|Parsing artifact substat: hp+209
2026-09-29 02:22:34.989|DEBUG|ArtifactScraper|Parsing artifact substat: atk+5.8%
2026-09-29 02:22:34.989|DEBUG|ArtifactScraper|Parsing artifact substat: def+23
2026-09-29 02:22:35.021|DEBUG|ArtifactScraper|Parsing artifact substat: energyrecharge+4.5%
2026-09-29 02:22:35.021|DEBUG|ArtifactScraper|Parsing artifact substat: def+6.6%
2026-09-29 02:22:35.021|DEBUG|ArtifactScraper|Parsing artifact substat: atk+16
2026-09-29 02:22:35.021|DEBUG|ArtifactScraper|Parsing artifact substat: def+23
2026-09-29 02:22:35.423|DEBUG|ArtifactScraper|Parsing artifact substat: atk+5.3%
2026-09-29 02:22:35.423|DEBUG|ArtifactScraper|Parsing artifact substat: def+7.3%
2026-09-29 02:22:35.423|DEBUG|ArtifactScraper|Parsing artifact substat: def+23
2026-09-29 02:22:35.423|DEBUG|ArtifactScraper|Parsing artifact substat: elementalmastery+19
2026-09-29 02:22:35.561|DEBUG|ArtifactScraper|Parsing artifact substat: def+16
2026-09-29 02:22:35.561|DEBUG|ArtifactScraper|Parsing artifact substat: hp+269
2026-09-29 02:22:35.561|DEBUG|ArtifactScraper|Parsing artifact substat: energyrecharge+5.8%
2026-09-29 02:22:35.561|DEBUG|ArtifactScraper|Parsing artifact substat: critrate+3.1%(unactivated)
2026-09-29 02:22:35.851|DEBUG|ArtifactScraper|Parsing artifact substat: def+6.6%
2026-09-29 02:22:35.851|DEBUG|ArtifactScraper|Parsing artifact substat: hp+269
2026-09-29 02:22:35.851|DEBUG|ArtifactScraper|Parsing artifact substat: elementalmastery+23
2026-09-29 02:22:35.851|DEBUG|ArtifactScraper|Parsing artifact substat: def+21(unactivated)
2026-09-29 02:22:35.976|DEBUG|ArtifactScraper|Parsing artifact substat: def+7.3%
2026-09-29 02:22:35.976|DEBUG|ArtifactScraper|Parsing artifact substat: hp+209
2026-09-29 02:22:35.976|DEBUG|ArtifactScraper|Parsing artifact substat: critdmg+5.4%
2026-09-29 02:22:35.976|DEBUG|ArtifactScraper|Parsing artifact substat: atk+14(unactivated)
2026-09-29 02:22:36.070|DEBUG|ArtifactScraper|Parsing artifact substat: hp+269
2026-09-29 02:22:36.070|DEBUG|ArtifactScraper|Parsing artifact substat: def+5.8%
2026-09-29 02:22:36.070|DEBUG|ArtifactScraper|Parsing artifact substat: atk+16
2026-09-29 02:22:36.070|DEBUG|ArtifactScraper|Parsing artifact substat: atk+4.1%(unactivated)
2026-09-29 02:22:36.408|DEBUG|ArtifactScraper|Parsing artifact substat: critdmg+7.8%
2026-09-29 02:22:36.408|DEBUG|ArtifactScraper|Parsing artifact substat: energyrecharge+4.5%
2026-09-29 02:22:36.408|DEBUG|ArtifactScraper|Parsing artifact substat: atk+18
2026-09-29 02:22:36.408|DEBUG|ArtifactScraper|Parsing artifact substat: elementalmastery+21
2026-09-29 02:22:36.576|DEBUG|ArtifactScraper|Parsing artifact substat: hp+239
2026-09-29 02:22:36.576|DEBUG|ArtifactScraper|Parsing artifact substat: hp+5.8%
2026-09-29 02:22:36.576|DEBUG|ArtifactScraper|Parsing artifact substat: critrate+2.7%
2026-09-29 02:22:36.576|DEBUG|ArtifactScraper|Parsing artifact substat: elementalmastery+16
2026-09-29 02:22:36.632|DEBUG|ArtifactScraper|Parsing artifact substat: atk+18
2026-09-29 02:22:36.632|DEBUG|ArtifactScraper|Parsing artifact substat: hp+5.8%
2026-09-29 02:22:36.632|DEBUG|ArtifactScraper|Parsing artifact substat: hp+239
2026-09-29 02:22:36.632|DEBUG|ArtifactScraper|Parsing artifact substat: elementalmastery+16
2026-09-29 02:22:37.050|DEBUG|ArtifactScraper|Parsing artifact substat: elementalmastery+23
2026-09-29 02:22:37.050|DEBUG|ArtifactScraper|Parsing artifact substat: atk+19
2026-09-29 02:22:37.050|DEBUG|ArtifactScraper|Parsing artifact substat: hp+299
2026-09-29 02:22:37.050|DEBUG|ArtifactScraper|Parsing artifact substat: def+23(unactivated)
2026-09-29 02:22:37.194|DEBUG|ArtifactScraper|Parsing artifact substat: def+16
2026-09-29 02:22:37.194|DEBUG|ArtifactScraper|Parsing artifact substat: atk+16
2026-09-29 02:22:37.194|DEBUG|ArtifactScraper|Parsing artifact substat: hp+299
2026-09-29 02:22:37.194|DEBUG|ArtifactScraper|Parsing artifact substat: critrate+2.7%(unactivated)
2026-09-29 02:22:37.273|DEBUG|ArtifactScraper|Parsing artifact substat: atk+19
2026-09-29 02:22:37.273|DEBUG|ArtifactScraper|Parsing artifact substat: def+21
2026-09-29 02:22:37.273|DEBUG|ArtifactScraper|Parsing artifact substat: elementalmastery+19
2026-09-29 02:22:37.273|DEBUG|ArtifactScraper|Parsing artifact substat: hp+4.7%(unactivated)
2026-09-29 02:22:37.684|DEBUG|ArtifactScraper|Parsing artifact substat: critrate+2.7%
2026-09-29 02:22:37.684|DEBUG|ArtifactScraper|Parsing artifact substat: def+21
2026-09-29 02:22:37.684|DEBUG|ArtifactScraper|Parsing artifact substat: hp+4.1%
2026-09-29 02:22:37.684|DEBUG|ArtifactScraper|Parsing artifact substat: critdmg+7.8%(unactivated)
2026-09-29 02:22:37.843|DEBUG|ArtifactScraper|Parsing artifact substat: critdmg+7.8%
2026-09-29 02:22:37.843|DEBUG|ArtifactScraper|Parsing artifact substat: atk+19
2026-09-29 02:22:37.843|DEBUG|ArtifactScraper|Parsing artifact substat: hp+4.1%
2026-09-29 02:22:37.843|DEBUG|ArtifactScraper|Parsing artifact substat: energyrecharge+5.8%
2026-09-29 02:22:37.909|DEBUG|ArtifactScraper|Parsing artifact substat: critdmg+7.0%
2026-09-29 02:22:37.909|DEBUG|ArtifactScraper|Parsing artifact substat: def+5.1%
2026-09-29 02:22:37.909|DEBUG|ArtifactScraper|Parsing artifact substat: atk+19
2026-09-29 02:22:37.909|DEBUG|ArtifactScraper|Parsing artifact substat: hp+209(unactivated)
2026-09-29 02:22:38.320|DEBUG|ArtifactScraper|Parsing artifact substat: atk+16
2026-09-29 02:22:38.320|DEBUG|ArtifactScraper|Parsing artifact substat: critdmg+5.4%
2026-09-29 02:22:38.320|DEBUG|ArtifactScraper|Parsing artifact substat: elementalmastery+19
2026-09-29 02:22:38.320|DEBUG|ArtifactScraper|Parsing artifact substat: def+6.6%(unactivated)
2026-09-29 02:22:38.353|DEBUG|ArtifactScraper|Finished queuing page of artifacts. Scrolling...
2026-09-29 02:22:38.511|DEBUG|ArtifactScraper|Parsing artifact substat: hp+209
2026-09-29 02:22:38.511|DEBUG|ArtifactScraper|Parsing artifact substat: hp+4.7%
2026-09-29 02:22:38.511|DEBUG|ArtifactScraper|Parsing artifact substat: elementalmastery+16
2026-09-29 02:22:38.511|DEBUG|ArtifactScraper|Parsing artifact substat: atk+19(unactivated)
2026-09-29 02:22:38.570|DEBUG|ArtifactScraper|Parsing artifact substat: atk+16
2026-09-29 02:22:38.570|DEBUG|ArtifactScraper|Parsing artifact substat: critrate+3.1%
2026-09-29 02:22:38.570|DEBUG|ArtifactScraper|Parsing artifact substat: def+7.3%
2026-09-29 02:22:38.570|DEBUG|ArtifactScraper|Parsing artifact substat: def+21(unactivated)
2026-09-29 02:22:38.996|DEBUG|ArtifactScraper|Parsing artifact substat: hp+299
2026-09-29 02:22:38.996|DEBUG|ArtifactScraper|Parsing artifact substat: atk+19
2026-09-29 02:22:38.996|DEBUG|ArtifactScraper|Parsing artifact substat: critdmg+6.2%
2026-09-29 02:22:38.996|DEBUG|ArtifactScraper|Parsing artifact substat: def+7.3%(unactivated)
2026-09-29 02:22:39.030|DEBUG|ArtifactScraper|Parsing artifact substat: atk+4.7%
2026-09-29 02:22:39.030|DEBUG|ArtifactScraper|Parsing artifact substat: hp+4.7%
2026-09-29 02:22:39.030|DEBUG|ArtifactScraper|Parsing artifact substat: atk+16
2026-09-29 02:22:39.030|DEBUG|ArtifactScraper|Parsing artifact substat: def+7.3%
2026-09-29 02:22:39.243|DEBUG|ArtifactScraper|Parsing artifact substat: hp+209
2026-09-29 02:22:39.243|DEBUG|ArtifactScraper|Parsing artifact substat: elementalmastery+23
2026-09-29 02:22:39.243|DEBUG|ArtifactScraper|Parsing artifact substat: critrate+3.1%
2026-09-29 02:22:39.243|DEBUG|ArtifactScraper|Parsing artifact substat: atk+5.3%(unactivated)
2026-09-29 02:22:41.448|DEBUG|ArtifactScraper|Scanning artifact page 33
2026-09-29 02:22:41.448|DEBUG|ArtifactScraper|Located 32 possible item locations on page.
2026-09-29 02:22:42.051|DEBUG|ArtifactScraper|Parsing artifact substat: energyrecharge+4.5%
2026-09-29 02:22:42.051|DEBUG|ArtifactScraper|Parsing artifact substat: hp+4.7%
2026-09-29 02:22:42.051|DEBUG|ArtifactScraper|Parsing artifact substat: elementalmastery+23
2026-09-29 02:22:42.051|DEBUG|ArtifactScraper|Parsing artifact substat: atk+14(unactivated)
2026-09-29 02:22:42.421|DEBUG|ArtifactScraper|Parsing artifact substat: atk+14
2026-09-29 02:22:42.421|DEBUG|ArtifactScraper|Parsing artifact substat: energyrecharge+6.5%
2026-09-29 02:22:42.421|DEBUG|ArtifactScraper|Parsing artifact substat: def+23
2026-09-29 02:22:42.421|DEBUG|ArtifactScraper|Parsing artifact substat: hp+4.1%(unactivated)
2026-09-29 02:22:42.434|DEBUG|ArtifactScraper|Parsing artifact substat: elementalmastery+16
2026-09-29 02:22:42.434|DEBUG|ArtifactScraper|Parsing artifact substat: atk+14
2026-09-29 02:22:42.434|DEBUG|ArtifactScraper|Parsing artifact substat: hp+299
2026-09-29 02:22:42.434|DEBUG|ArtifactScraper|Parsing artifact substat: atk+5.8%
2026-09-29 02:22:42.860|DEBUG|ArtifactScraper|Parsing artifact substat: def+16
2026-09-29 02:22:42.860|DEBUG|ArtifactScraper|Parsing artifact substat: atk+14
2026-09-29 02:22:42.860|DEBUG|ArtifactScraper|Parsing artifact substat: hp+209
2026-09-29 02:22:42.860|DEBUG|ArtifactScraper|Parsing artifact substat: hp+5.8%
2026-09-29 02:22:43.002|DEBUG|ArtifactScraper|Parsing artifact substat: atk+5.3%
2026-09-29 02:22:43.002|DEBUG|ArtifactScraper|Parsing artifact substat: hp+4.1%
2026-09-29 02:22:43.002|DEBUG|ArtifactScraper|Parsing artifact substat: critrate+3.5%
2026-09-29 02:22:43.002|DEBUG|ArtifactScraper|Parsing artifact substat: elementalmastery+23
2026-09-29 02:22:43.294|DEBUG|ArtifactScraper|Parsing artifact substat: critdmg+7.8%
2026-09-29 02:22:43.294|DEBUG|ArtifactScraper|Parsing artifact substat: hp+269
2026-09-29 02:22:43.294|DEBUG|ArtifactScraper|Parsing artifact substat: hp+4.7%
2026-09-29 02:22:43.294|DEBUG|ArtifactScraper|Parsing artifact substat: elementalmastery+16
2026-09-29 02:22:43.423|DEBUG|ArtifactScraper|Parsing artifact substat: hp+269
2026-09-29 02:22:43.423|DEBUG|ArtifactScraper|Parsing artifact substat: hp+5.8%
2026-09-29 02:22:43.423|DEBUG|ArtifactScraper|Parsing artifact substat: def+16
2026-09-29 02:22:43.423|DEBUG|ArtifactScraper|Parsing artifact substat: atk+14(unactivated)
2026-09-29 02:22:43.548|DEBUG|ArtifactScraper|Parsing artifact substat: def+5.8%
2026-09-29 02:22:43.548|DEBUG|ArtifactScraper|Parsing artifact substat: critrate+3.9%
2026-09-29 02:22:43.548|DEBUG|ArtifactScraper|Parsing artifact substat: atk+16
2026-09-29 02:22:43.548|DEBUG|ArtifactScraper|Parsing artifact substat: elementalmastery+16
2026-09-29 02:22:43.890|DEBUG|ArtifactScraper|Parsing artifact substat: atk+16
2026-09-29 02:22:43.890|DEBUG|ArtifactScraper|Parsing artifact substat: atk+4.7%
2026-09-29 02:22:43.891|DEBUG|ArtifactScraper|Parsing artifact substat: def+5.1%
2026-09-29 02:22:43.891|DEBUG|ArtifactScraper|Parsing artifact substat: hp+269(unactivated)
2026-09-29 02:22:44.060|DEBUG|ArtifactScraper|Parsing artifact substat: critdmg+7.8%
2026-09-29 02:22:44.060|DEBUG|ArtifactScraper|Parsing artifact substat: def+5.8%
2026-09-29 02:22:44.060|DEBUG|ArtifactScraper|Parsing artifact substat: hp+239
2026-09-29 02:22:44.060|DEBUG|ArtifactScraper|Parsing artifact substat: atk+19(unactivated)
2026-09-29 02:22:44.135|DEBUG|ArtifactScraper|Parsing artifact substat: elementalmastery+16
2026-09-29 02:22:44.135|DEBUG|ArtifactScraper|Parsing artifact substat: atk+4.7%
2026-09-29 02:22:44.135|DEBUG|ArtifactScraper|Parsing artifact substat: critdmg+6.2%
2026-09-29 02:22:44.135|DEBUG|ArtifactScraper|Parsing artifact substat: energyrecharge+5.8%
2026-09-29 02:22:44.439|DEBUG|ArtifactScraper|Parsing artifact substat: hp+5.8%
2026-09-29 02:22:44.439|DEBUG|ArtifactScraper|Parsing artifact substat: elementalmastery+19
2026-09-29 02:22:44.439|DEBUG|ArtifactScraper|Parsing artifact substat: def+5.1%
2026-09-29 02:22:44.439|DEBUG|ArtifactScraper|Parsing artifact substat: def+21(unactivated)
2026-09-29 02:22:44.647|DEBUG|ArtifactScraper|Parsing artifact substat: def+6.6%
2026-09-29 02:22:44.647|DEBUG|ArtifactScraper|Parsing artifact substat: atk+14
2026-09-29 02:22:44.647|DEBUG|ArtifactScraper|Parsing artifact substat: hp+4.1%
2026-09-29 02:22:44.647|DEBUG|ArtifactScraper|Parsing artifact substat: def+21(unactivated)
2026-09-29 02:22:44.726|DEBUG|ArtifactScraper|Parsing artifact substat: hp+5.3%
2026-09-29 02:22:44.726|DEBUG|ArtifactScraper|Parsing artifact substat: atk+4.1%
2026-09-29 02:22:44.726|DEBUG|ArtifactScraper|Parsing artifact substat: def+7.3%
2026-09-29 02:22:44.726|DEBUG|ArtifactScraper|Parsing artifact substat: elementalmastery+23
2026-09-29 02:22:45.099|DEBUG|ArtifactScraper|Parsing artifact substat: def+19
2026-09-29 02:22:45.099|DEBUG|ArtifactScraper|Parsing artifact substat: hp+239
2026-09-29 02:22:45.099|DEBUG|ArtifactScraper|Parsing artifact substat: energyrecharge+5.2%
2026-09-29 02:22:45.099|DEBUG|ArtifactScraper|Parsing artifact substat: atk+14(unactivated)
2026-09-29 02:22:45.232|DEBUG|ArtifactScraper|Parsing artifact substat: hp+4.1%
2026-09-29 02:22:45.232|DEBUG|ArtifactScraper|Parsing artifact substat: critrate+3.1%
2026-09-29 02:22:45.232|DEBUG|ArtifactScraper|Parsing artifact substat: def+16
2026-09-29 02:22:45.232|DEBUG|ArtifactScraper|Parsing artifact substat: elementalmastery+16
2026-09-29 02:22:45.338|DEBUG|ArtifactScraper|Parsing artifact substat: def+5.8%
2026-09-29 02:22:45.338|DEBUG|ArtifactScraper|Parsing artifact substat: def+19
2026-09-29 02:22:45.338|DEBUG|ArtifactScraper|Parsing artifact substat: energyrecharge+6.5%
2026-09-29 02:22:45.338|DEBUG|ArtifactScraper|Parsing artifact substat: hp+299(unactivated)
2026-09-29 02:22:45.622|DEBUG|ArtifactScraper|Parsing artifact substat: def+16
2026-09-29 02:22:45.622|DEBUG|ArtifactScraper|Parsing artifact substat: hp+5.3%
2026-09-29 02:22:45.622|DEBUG|ArtifactScraper|Parsing artifact substat: critdmg+5.4%
2026-09-29 02:22:45.622|DEBUG|ArtifactScraper|Parsing artifact substat: atk+19(unactivated)
2026-09-29 02:22:45.833|DEBUG|ArtifactScraper|Parsing artifact substat: atk+18
2026-09-29 02:22:45.849|DEBUG|ArtifactScraper|Parsing artifact substat: atk+4.7%
2026-09-29 02:22:45.849|DEBUG|ArtifactScraper|Parsing artifact substat: hp+4.1%
2026-09-29 02:22:45.849|DEBUG|ArtifactScraper|Parsing artifact substat: critdmg+5.4%
2026-09-29 02:22:45.948|DEBUG|ArtifactScraper|Parsing artifact substat: atk+5.3%
2026-09-29 02:22:45.948|DEBUG|ArtifactScraper|Parsing artifact substat: def+23
2026-09-29 02:22:45.948|DEBUG|ArtifactScraper|Parsing artifact substat: critdmg+6.2%
2026-09-29 02:22:45.948|DEBUG|ArtifactScraper|Parsing artifact substat: atk+19(unactivated)
2026-09-29 02:22:46.315|DEBUG|ArtifactScraper|Parsing artifact substat: energyrecharge+5.8%
2026-09-29 02:22:46.315|DEBUG|ArtifactScraper|Parsing artifact substat: elementalmastery+21
2026-09-29 02:22:46.315|DEBUG|ArtifactScraper|Parsing artifact substat: def+23
2026-09-29 02:22:46.315|DEBUG|ArtifactScraper|Parsing artifact substat: atk+5.3%(unactivated)
2026-09-29 02:22:46.462|DEBUG|ArtifactScraper|Parsing artifact substat: hp+299
2026-09-29 02:22:46.462|DEBUG|ArtifactScraper|Parsing artifact substat: elementalmastery+21
2026-09-29 02:22:46.462|DEBUG|ArtifactScraper|Parsing artifact substat: def+6.6%
2026-09-29 02:22:46.462|DEBUG|ArtifactScraper|Parsing artifact substat: def+19(unactivated)
2026-09-29 02:22:46.497|DEBUG|ArtifactScraper|Parsing artifact substat: elementalmastery+19
2026-09-29 02:22:46.497|DEBUG|ArtifactScraper|Parsing artifact substat: hp+299
2026-09-29 02:22:46.497|DEBUG|ArtifactScraper|Parsing artifact substat: def+5.1%
2026-09-29 02:22:46.497|DEBUG|ArtifactScraper|Parsing artifact substat: atk+19
2026-09-29 02:22:46.923|DEBUG|ArtifactScraper|Parsing artifact substat: atk+18
2026-09-29 02:22:46.923|DEBUG|ArtifactScraper|Parsing artifact substat: elementalmastery+21
2026-09-29 02:22:46.923|DEBUG|ArtifactScraper|Parsing artifact substat: def+16
2026-09-29 02:22:46.923|DEBUG|ArtifactScraper|Parsing artifact substat: hp+269(unactivated)
2026-09-29 02:22:47.030|DEBUG|ArtifactScraper|Parsing artifact substat: critrate+3.1%
2026-09-29 02:22:47.030|DEBUG|ArtifactScraper|Parsing artifact substat: atk+18
2026-09-29 02:22:47.030|DEBUG|ArtifactScraper|Parsing artifact substat: hp+4.7%
2026-09-29 02:22:47.030|DEBUG|ArtifactScraper|Parsing artifact substat: critdmg+6.2%
2026-09-29 02:22:47.162|DEBUG|ArtifactScraper|Parsing artifact substat: elementalmastery+19
2026-09-29 02:22:47.162|DEBUG|ArtifactScraper|Parsing artifact substat: critrate+3.5%
2026-09-29 02:22:47.162|DEBUG|ArtifactScraper|Parsing artifact substat: energyrecharge+5.2%
2026-09-29 02:22:47.162|DEBUG|ArtifactScraper|Parsing artifact substat: atk+5.3%
2026-09-29 02:22:47.466|DEBUG|ArtifactScraper|Finished queuing page of artifacts. Scrolling...
2026-09-29 02:22:47.593|DEBUG|ArtifactScraper|Parsing artifact substat: def+7.3%
2026-09-29 02:22:47.593|DEBUG|ArtifactScraper|Parsing artifact substat: critrate+2.7%
2026-09-29 02:22:47.593|DEBUG|ArtifactScraper|Parsing artifact substat: energyrecharge+4.5%
2026-09-29 02:22:47.594|DEBUG|ArtifactScraper|Parsing artifact substat: elementalmastery+23
2026-09-29 02:22:47.666|DEBUG|ArtifactScraper|Parsing artifact substat: energyrecharge+5.8%
2026-09-29 02:22:47.666|DEBUG|ArtifactScraper|Parsing artifact substat: elementalmastery+19
2026-09-29 02:22:47.666|DEBUG|ArtifactScraper|Parsing artifact substat: atk+5.8%
2026-09-29 02:22:47.666|DEBUG|ArtifactScraper|Parsing artifact substat: atk+14
2026-09-29 02:22:47.755|DEBUG|ArtifactScraper|Parsing artifact substat: critdmg+5.4%
2026-09-29 02:22:47.755|DEBUG|ArtifactScraper|Parsing artifact substat: elementalmastery+23
2026-09-29 02:22:47.755|DEBUG|ArtifactScraper|Parsing artifact substat: def+21
2026-09-29 02:22:47.755|DEBUG|ArtifactScraper|Parsing artifact substat: atk+4.1%
2026-09-29 02:22:48.221|DEBUG|ArtifactScraper|Parsing artifact substat: critrate+3.1%
2026-09-29 02:22:48.221|DEBUG|ArtifactScraper|Parsing artifact substat: def+5.1%
2026-09-29 02:22:48.221|DEBUG|ArtifactScraper|Parsing artifact substat: critdmg+7.8%
2026-09-29 02:22:48.221|DEBUG|ArtifactScraper|Parsing artifact substat: def+23
2026-09-29 02:22:48.312|DEBUG|ArtifactScraper|Parsing artifact substat: elementalmastery+16
2026-09-29 02:22:48.312|DEBUG|ArtifactScraper|Parsing artifact substat: def+21
2026-09-29 02:22:48.312|DEBUG|ArtifactScraper|Parsing artifact substat: critdmg+7.8%
2026-09-29 02:22:48.312|DEBUG|ArtifactScraper|Parsing artifact substat: atk+14
2026-09-29 02:22:48.363|DEBUG|ArtifactScraper|Parsing artifact substat: critdmg+7.8%
2026-09-29 02:22:48.363|DEBUG|ArtifactScraper|Parsing artifact substat: def+21
2026-09-29 02:22:48.363|DEBUG|ArtifactScraper|Parsing artifact substat: elementalmastery+23
2026-09-29 02:22:48.363|DEBUG|ArtifactScraper|Parsing artifact substat: hp+4.7%
2026-09-29 02:22:50.462|DEBUG|ArtifactScraper|Scanning artifact page 34
2026-09-29 02:22:50.462|DEBUG|ArtifactScraper|Located 32 possible item locations on page.
2026-09-29 02:22:51.122|DEBUG|ArtifactScraper|Parsing artifact substat: critdmg+7.0%
2026-09-29 02:22:51.122|DEBUG|ArtifactScraper|Parsing artifact substat: energyrecharge+6.5%
2026-09-29 02:22:51.122|DEBUG|ArtifactScraper|Parsing artifact substat: def+6.6%
2026-09-29 02:22:51.122|DEBUG|ArtifactScraper|Parsing artifact substat: atk+4.7%
2026-09-29 02:22:51.282|DEBUG|ArtifactScraper|Parsing artifact substat: def+23
2026-09-29 02:22:51.282|DEBUG|ArtifactScraper|Parsing artifact substat: atk+18
2026-09-29 02:22:51.282|DEBUG|ArtifactScraper|Parsing artifact substat: atk+4.7%
2026-09-29 02:22:51.282|DEBUG|ArtifactScraper|Parsing artifact substat: elementalmastery+21
2026-09-29 02:22:51.447|DEBUG|ArtifactScraper|Parsing artifact substat: critrate+3.9%
2026-09-29 02:22:51.447|DEBUG|ArtifactScraper|Parsing artifact substat: hp+4.1%
2026-09-29 02:22:51.447|DEBUG|ArtifactScraper|Parsing artifact substat: atk+19
2026-09-29 02:22:51.447|DEBUG|ArtifactScraper|Parsing artifact substat: elementalmastery+23
2026-09-29 02:22:51.595|DEBUG|ArtifactScraper|Parsing artifact substat: atk+14
2026-09-29 02:22:51.595|DEBUG|ArtifactScraper|Parsing artifact substat: elementalmastery+16
2026-09-29 02:22:51.595|DEBUG|ArtifactScraper|Parsing artifact substat: atk+5.8%
2026-09-29 02:22:51.595|DEBUG|ArtifactScraper|Parsing artifact substat: def+16
2026-09-29 02:22:51.908|DEBUG|ArtifactScraper|Parsing artifact substat: critdmg+6.2%
2026-09-29 02:22:51.908|DEBUG|ArtifactScraper|Parsing artifact substat: def+16
2026-09-29 02:22:51.908|DEBUG|ArtifactScraper|Parsing artifact substat: atk+5.8%
2026-09-29 02:22:51.908|DEBUG|ArtifactScraper|Parsing artifact substat: critrate+3.9%
2026-09-29 02:22:52.034|DEBUG|ArtifactScraper|Parsing artifact substat: atk+14
2026-09-29 02:22:52.034|DEBUG|ArtifactScraper|Parsing artifact substat: hp+5.3%
2026-09-29 02:22:52.034|DEBUG|ArtifactScraper|Parsing artifact substat: atk+5.8%
2026-09-29 02:22:52.034|DEBUG|ArtifactScraper|Parsing artifact substat: elementalmastery+16
2026-09-29 02:22:52.414|DEBUG|ArtifactScraper|Parsing artifact substat: def+23
2026-09-29 02:22:52.414|DEBUG|ArtifactScraper|Parsing artifact substat: atk+5.8%
2026-09-29 02:22:52.414|DEBUG|ArtifactScraper|Parsing artifact substat: hp+4.1%
2026-09-29 02:22:52.414|DEBUG|ArtifactScraper|Parsing artifact substat: elementalmastery+16
2026-09-29 02:22:52.547|DEBUG|ArtifactScraper|Parsing artifact substat: energyrecharge+5.2%
2026-09-29 02:22:52.547|DEBUG|ArtifactScraper|Parsing artifact substat: critdmg+5.4%
2026-09-29 02:22:52.547|DEBUG|ArtifactScraper|Parsing artifact substat: atk+16
2026-09-29 02:22:52.547|DEBUG|ArtifactScraper|Parsing artifact substat: critrate+2.7%(unactivated)
2026-09-29 02:22:52.581|DEBUG|ArtifactScraper|Parsing artifact substat: hp+4.1%
2026-09-29 02:22:52.581|DEBUG|ArtifactScraper|Parsing artifact substat: energyrecharge+6.5%
2026-09-29 02:22:52.581|DEBUG|ArtifactScraper|Parsing artifact substat: def+7.3%
2026-09-29 02:22:52.581|DEBUG|ArtifactScraper|Parsing artifact substat: elementalmastery+16
2026-09-29 02:22:52.895|DEBUG|ArtifactScraper|Parsing artifact substat: def+16
2026-09-29 02:22:52.895|DEBUG|ArtifactScraper|Parsing artifact substat: hp+5.8%
2026-09-29 02:22:52.895|DEBUG|ArtifactScraper|Parsing artifact substat: atk+16
2026-09-29 02:22:52.895|DEBUG|ArtifactScraper|Parsing artifact substat: elementalmastery+21
2026-09-29 02:22:53.073|DEBUG|ArtifactScraper|Parsing artifact substat: critdmg+7.0%
2026-09-29 02:22:53.073|DEBUG|ArtifactScraper|Parsing artifact substat: def+19
2026-09-29 02:22:53.073|DEBUG|ArtifactScraper|Parsing artifact substat: atk+4.1%
2026-09-29 02:22:53.073|DEBUG|ArtifactScraper|Parsing artifact substat: hp+5.8%(unactivated)
2026-09-29 02:22:53.363|DEBUG|ArtifactScraper|Parsing artifact substat: atk+18
2026-09-29 02:22:53.363|DEBUG|ArtifactScraper|Parsing artifact substat: elementalmastery+19
2026-09-29 02:22:53.363|DEBUG|ArtifactScraper|Parsing artifact substat: atk+4.7%
2026-09-29 02:22:53.363|DEBUG|ArtifactScraper|Parsing artifact substat: def+5.1%(unactivated)
2026-09-29 02:22:53.546|DEBUG|ArtifactScraper|Parsing artifact substat: elementalmastery+19
2026-09-29 02:22:53.546|DEBUG|ArtifactScraper|Parsing artifact substat: energyrecharge+5.8%
2026-09-29 02:22:53.546|DEBUG|ArtifactScraper|Parsing artifact substat: def+6.6%
2026-09-29 02:22:53.546|DEBUG|ArtifactScraper|Parsing artifact substat: critrate+2.7%(unactivated)
2026-09-29 02:22:53.645|DEBUG|ArtifactScraper|Parsing artifact substat: atk+5.3%
2026-09-29 02:22:53.645|DEBUG|ArtifactScraper|Parsing artifact substat: def+6.6%
2026-09-29 02:22:53.645|DEBUG|ArtifactScraper|Parsing artifact substat: energyrecharge+4.5%
2026-09-29 02:22:53.645|DEBUG|ArtifactScraper|Parsing artifact substat: critrate+3.5%(unactivated)
2026-09-29 02:22:53.912|DEBUG|ArtifactScraper|Parsing artifact substat: energyrecharge+6.5%
2026-09-29 02:22:53.912|DEBUG|ArtifactScraper|Parsing artifact substat: atk+4.7%
2026-09-29 02:22:53.912|DEBUG|ArtifactScraper|Parsing artifact substat: def+5.1%
2026-09-29 02:22:53.912|DEBUG|ArtifactScraper|Parsing artifact substat: critrate+3.9%(unactivated)
2026-09-29 02:22:54.040|DEBUG|ArtifactScraper|Parsing artifact substat: hp+4.1%
2026-09-29 02:22:54.040|DEBUG|ArtifactScraper|Parsing artifact substat: def+23
2026-09-29 02:22:54.040|DEBUG|ArtifactScraper|Parsing artifact substat: critrate+2.7%
2026-09-29 02:22:54.040|DEBUG|ArtifactScraper|Parsing artifact substat: elementalmastery+16
2026-09-29 02:22:54.205|DEBUG|ArtifactScraper|Parsing artifact substat: def+7.3%
2026-09-29 02:22:54.205|DEBUG|ArtifactScraper|Parsing artifact substat: critdmg+7.0%
2026-09-29 02:22:54.205|DEBUG|ArtifactScraper|Parsing artifact substat: energyrecharge+5.8%
2026-09-29 02:22:54.205|DEBUG|ArtifactScraper|Parsing artifact substat: critrate+3.9%(unactivated)
2026-09-29 02:22:54.445|DEBUG|ArtifactScraper|Parsing artifact substat: energyrecharge+5.2%
2026-09-29 02:22:54.445|DEBUG|ArtifactScraper|Parsing artifact substat: atk+4.7%
2026-09-29 02:22:54.445|DEBUG|ArtifactScraper|Parsing artifact substat: atk+18
2026-09-29 02:22:54.445|DEBUG|ArtifactScraper|Parsing artifact substat: critdmg+6.2%(unactivated)
2026-09-29 02:22:54.577|DEBUG|ArtifactScraper|Parsing artifact substat: hp+4.1%
2026-09-29 02:22:54.577|DEBUG|ArtifactScraper|Parsing artifact substat: elementalmastery+23
2026-09-29 02:22:54.577|DEBUG|ArtifactScraper|Parsing artifact substat: atk+14
2026-09-29 02:22:54.577|DEBUG|ArtifactScraper|Parsing artifact substat: critrate+3.5%(unactivated)
2026-09-29 02:22:54.795|DEBUG|ArtifactScraper|Parsing artifact substat: energyrecharge+5.8%
2026-09-29 02:22:54.795|DEBUG|ArtifactScraper|Parsing artifact substat: elementalmastery+19
2026-09-29 02:22:54.795|DEBUG|ArtifactScraper|Parsing artifact substat: atk+4.7%
2026-09-29 02:22:54.795|DEBUG|ArtifactScraper|Parsing artifact substat: atk+19(unactivated)
2026-09-29 02:22:54.982|DEBUG|ArtifactScraper|Parsing artifact substat: critdmg+7.0%
2026-09-29 02:22:54.982|DEBUG|ArtifactScraper|Parsing artifact substat: elementalmastery+19
2026-09-29 02:22:54.982|DEBUG|ArtifactScraper|Parsing artifact substat: def+5.1%
2026-09-29 02:22:54.982|DEBUG|ArtifactScraper|Parsing artifact substat: atk+16(unactivated)
2026-09-29 02:22:55.101|DEBUG|ArtifactScraper|Parsing artifact substat: atk+19
2026-09-29 02:22:55.101|DEBUG|ArtifactScraper|Parsing artifact substat: elementalmastery+21
2026-09-29 02:22:55.101|DEBUG|ArtifactScraper|Parsing artifact substat: critdmg+7.8%
2026-09-29 02:22:55.101|DEBUG|ArtifactScraper|Parsing artifact substat: energyrecharge+4.5%
2026-09-29 02:22:55.346|DEBUG|ArtifactScraper|Parsing artifact substat: critdmg+7.0%
2026-09-29 02:22:55.346|DEBUG|ArtifactScraper|Parsing artifact substat: elementalmastery+16
2026-09-29 02:22:55.346|DEBUG|ArtifactScraper|Parsing artifact substat: def+16
2026-09-29 02:22:55.346|DEBUG|ArtifactScraper|Parsing artifact substat: hp+4.7%(unactivated)
2026-09-29 02:22:55.696|DEBUG|ArtifactScraper|Parsing artifact substat: critdmg+6.2%
2026-09-29 02:22:55.696|DEBUG|ArtifactScraper|Parsing artifact substat: energyrecharge+5.2%
2026-09-29 02:22:55.696|DEBUG|ArtifactScraper|Parsing artifact substat: def+7.3%
2026-09-29 02:22:55.696|DEBUG|ArtifactScraper|Parsing artifact substat: critrate+3.5%(unactivated)
2026-09-29 02:22:55.742|DEBUG|ArtifactScraper|Parsing artifact substat: hp+5.8%
2026-09-29 02:22:55.742|DEBUG|ArtifactScraper|Parsing artifact substat: critrate+3.5%
2026-09-29 02:22:55.742|DEBUG|ArtifactScraper|Parsing artifact substat: critdmg+6.2%
2026-09-29 02:22:55.742|DEBUG|ArtifactScraper|Parsing artifact substat: atk+4.7%(unactivated)
2026-09-29 02:22:55.906|DEBUG|ArtifactScraper|Parsing artifact substat: def+5.1%
2026-09-29 02:22:55.907|DEBUG|ArtifactScraper|Parsing artifact substat: def+21
2026-09-29 02:22:55.907|DEBUG|ArtifactScraper|Parsing artifact substat: critrate+2.7%
2026-09-29 02:22:55.907|DEBUG|ArtifactScraper|Parsing artifact substat: critdmg+5.4%(unactivated)
2026-09-29 02:22:56.267|DEBUG|ArtifactScraper|Parsing artifact substat: def+16
2026-09-29 02:22:56.267|DEBUG|ArtifactScraper|Parsing artifact substat: critrate+3.9%
2026-09-29 02:22:56.267|DEBUG|ArtifactScraper|Parsing artifact substat: elementalmastery+16
2026-09-29 02:22:56.267|DEBUG|ArtifactScraper|Parsing artifact substat: hp+4.1%(unactivated)
2026-09-29 02:22:56.309|DEBUG|ArtifactScraper|Parsing artifact substat: energyrecharge+5.8%
2026-09-29 02:22:56.309|DEBUG|ArtifactScraper|Parsing artifact substat: atk+14
2026-09-29 02:22:56.309|DEBUG|ArtifactScraper|Parsing artifact substat: elementalmastery+21
2026-09-29 02:22:56.309|DEBUG|ArtifactScraper|Parsing artifact substat: critdmg+7.0%(unactivated)
2026-09-29 02:22:56.345|DEBUG|ArtifactScraper|Finished queuing page of artifacts. Scrolling...
2026-09-29 02:22:56.401|DEBUG|ArtifactScraper|Parsing artifact substat: hp+4.1%
2026-09-29 02:22:56.401|DEBUG|ArtifactScraper|Parsing artifact substat: critrate+3.1%
2026-09-29 02:22:56.401|DEBUG|ArtifactScraper|Parsing artifact substat: critdmg+6.2%
2026-09-29 02:22:56.401|DEBUG|ArtifactScraper|Parsing artifact substat: atk+19(unactivated)
2026-09-29 02:22:56.769|DEBUG|ArtifactScraper|Parsing artifact substat: def+23
2026-09-29 02:22:56.769|DEBUG|ArtifactScraper|Parsing artifact substat: atk+5.3%
2026-09-29 02:22:56.769|DEBUG|ArtifactScraper|Parsing artifact substat: hp+4.7%
2026-09-29 02:22:56.769|DEBUG|ArtifactScraper|Parsing artifact substat: critrate+3.5%(unactivated)
2026-09-29 02:22:56.862|DEBUG|ArtifactScraper|Parsing artifact substat: def+16
2026-09-29 02:22:56.862|DEBUG|ArtifactScraper|Parsing artifact substat: elementalmastery+16
2026-09-29 02:22:56.862|DEBUG|ArtifactScraper|Parsing artifact substat: critdmg+7.0%
2026-09-29 02:22:56.862|DEBUG|ArtifactScraper|Parsing artifact substat: critrate+3.5%(unactivated)
2026-09-29 02:22:56.926|DEBUG|ArtifactScraper|Parsing artifact substat: def+21
2026-09-29 02:22:56.926|DEBUG|ArtifactScraper|Parsing artifact substat: atk+5.8%
2026-09-29 02:22:56.926|DEBUG|ArtifactScraper|Parsing artifact substat: energyrecharge+6.5%
2026-09-29 02:22:56.926|DEBUG|ArtifactScraper|Parsing artifact substat: elementalmastery+19
2026-09-29 02:22:59.102|DEBUG|ArtifactScraper|Scanning artifact page 35
2026-09-29 02:22:59.102|DEBUG|ArtifactScraper|Located 32 possible item locations on page.
2026-09-29 02:22:59.682|DEBUG|ArtifactScraper|Parsing artifact substat: elementalmastery+21
2026-09-29 02:22:59.682|DEBUG|ArtifactScraper|Parsing artifact substat: critdmg+7.8%
2026-09-29 02:22:59.682|DEBUG|ArtifactScraper|Parsing artifact substat: atk+16
2026-09-29 02:22:59.682|DEBUG|ArtifactScraper|Parsing artifact substat: energyrecharge+6.5%
2026-09-29 02:22:59.902|DEBUG|ArtifactScraper|Parsing artifact substat: elementalmastery+19
2026-09-29 02:22:59.902|DEBUG|ArtifactScraper|Parsing artifact substat: energyrecharge+5.2%
2026-09-29 02:22:59.902|DEBUG|ArtifactScraper|Parsing artifact substat: atk+19
2026-09-29 02:22:59.902|DEBUG|ArtifactScraper|Parsing artifact substat: critdmg+6.2%(unactivated)
2026-09-29 02:23:00.110|DEBUG|ArtifactScraper|Parsing artifact substat: elementalmastery+23
2026-09-29 02:23:00.110|DEBUG|ArtifactScraper|Parsing artifact substat: atk+5.3%
2026-09-29 02:23:00.110|DEBUG|ArtifactScraper|Parsing artifact substat: hp+4.7%
2026-09-29 02:23:00.110|DEBUG|ArtifactScraper|Parsing artifact substat: def+21(unactivated)
2026-09-29 02:23:00.414|DEBUG|ArtifactScraper|Parsing artifact substat: atk+18
2026-09-29 02:23:00.414|DEBUG|ArtifactScraper|Parsing artifact substat: elementalmastery+19
2026-09-29 02:23:00.414|DEBUG|ArtifactScraper|Parsing artifact substat: critrate+2.7%
2026-09-29 02:23:00.414|DEBUG|ArtifactScraper|Parsing artifact substat: energyrecharge+5.2%
2026-09-29 02:23:00.505|DEBUG|ArtifactScraper|Parsing artifact substat: critrate+3.1%
2026-09-29 02:23:00.505|DEBUG|ArtifactScraper|Parsing artifact substat: atk+5.3%
2026-09-29 02:23:00.505|DEBUG|ArtifactScraper|Parsing artifact substat: energyrecharge+5.2%
2026-09-29 02:23:00.505|DEBUG|ArtifactScraper|Parsing artifact substat: def+21(unactivated)
2026-09-29 02:23:00.614|DEBUG|ArtifactScraper|Parsing artifact substat: def+16
2026-09-29 02:23:00.614|DEBUG|ArtifactScraper|Parsing artifact substat: critdmg+6.2%
2026-09-29 02:23:00.614|DEBUG|ArtifactScraper|Parsing artifact substat: hp+5.8%
2026-09-29 02:23:00.614|DEBUG|ArtifactScraper|Parsing artifact substat: critrate+3.9%(unactivated)
2026-09-29 02:23:00.884|DEBUG|ArtifactScraper|Parsing artifact substat: atk+5.3%
2026-09-29 02:23:00.884|DEBUG|ArtifactScraper|Parsing artifact substat: critrate+3.1%
2026-09-29 02:23:00.884|DEBUG|ArtifactScraper|Parsing artifact substat: hp+5.8%
2026-09-29 02:23:00.884|DEBUG|ArtifactScraper|Parsing artifact substat: atk+18(unactivated)
2026-09-29 02:23:00.977|DEBUG|ArtifactScraper|Parsing artifact substat: critrate+3.5%
2026-09-29 02:23:00.977|DEBUG|ArtifactScraper|Parsing artifact substat: critdmg+7.0%
2026-09-29 02:23:00.977|DEBUG|ArtifactScraper|Parsing artifact substat: atk+16
2026-09-29 02:23:00.977|DEBUG|ArtifactScraper|Parsing artifact substat: elementalmastery+21
2026-09-29 02:23:01.358|DEBUG|ArtifactScraper|Parsing artifact substat: critrate+3.1%
2026-09-29 02:23:01.358|DEBUG|ArtifactScraper|Parsing artifact substat: atk+16
2026-09-29 02:23:01.358|DEBUG|ArtifactScraper|Parsing artifact substat: critdmg+7.0%
2026-09-29 02:23:01.360|DEBUG|ArtifactScraper|Parsing artifact substat: def+19(unactivated)
2026-09-29 02:23:01.382|DEBUG|ArtifactScraper|Parsing artifact substat: atk+14
2026-09-29 02:23:01.382|DEBUG|ArtifactScraper|Parsing artifact substat: energyrecharge+6.5%
2026-09-29 02:23:01.382|DEBUG|ArtifactScraper|Parsing artifact substat: critrate+3.1%
2026-09-29 02:23:01.382|DEBUG|ArtifactScraper|Parsing artifact substat: elementalmastery+21
2026-09-29 02:23:01.718|DEBUG|ArtifactScraper|Parsing artifact substat: energyrecharge+5.8%
2026-09-29 02:23:01.719|DEBUG|ArtifactScraper|Parsing artifact substat: hp+4.1%
2026-09-29 02:23:01.719|DEBUG|ArtifactScraper|Parsing artifact substat: atk+5.8%
2026-09-29 02:23:01.719|DEBUG|ArtifactScraper|Parsing artifact substat: atk+18
2026-09-29 02:23:01.871|DEBUG|ArtifactScraper|Parsing artifact substat: elementalmastery+19
2026-09-29 02:23:01.871|DEBUG|ArtifactScraper|Parsing artifact substat: def+5.8%
2026-09-29 02:23:01.871|DEBUG|ArtifactScraper|Parsing artifact substat: atk+16
2026-09-29 02:23:01.871|DEBUG|ArtifactScraper|Parsing artifact substat: def+23
2026-09-29 02:23:01.937|DEBUG|ArtifactScraper|Parsing artifact substat: def+5.1%
2026-09-29 02:23:01.937|DEBUG|ArtifactScraper|Parsing artifact substat: energyrecharge+5.2%
2026-09-29 02:23:01.937|DEBUG|ArtifactScraper|Parsing artifact substat: critdmg+7.8%
2026-09-29 02:23:01.937|DEBUG|ArtifactScraper|Parsing artifact substat: atk+18
2026-09-29 02:23:02.334|DEBUG|ArtifactScraper|Parsing artifact substat: energyrecharge+4.5%
2026-09-29 02:23:02.334|DEBUG|ArtifactScraper|Parsing artifact substat: hp+4.7%
2026-09-29 02:23:02.334|DEBUG|ArtifactScraper|Parsing artifact substat: atk+19
2026-09-29 02:23:02.334|DEBUG|ArtifactScraper|Parsing artifact substat: elementalmastery+21
2026-09-29 02:23:02.417|DEBUG|ArtifactScraper|Parsing artifact substat: def+5.8%
2026-09-29 02:23:02.417|DEBUG|ArtifactScraper|Parsing artifact substat: atk+4.1%
2026-09-29 02:23:02.417|DEBUG|ArtifactScraper|Parsing artifact substat: def+21
2026-09-29 02:23:02.417|DEBUG|ArtifactScraper|Parsing artifact substat: hp+5.8%
2026-09-29 02:23:02.446|DEBUG|ArtifactScraper|Parsing artifact substat: def+7.3%
2026-09-29 02:23:02.446|DEBUG|ArtifactScraper|Parsing artifact substat: atk+14
2026-09-29 02:23:02.446|DEBUG|ArtifactScraper|Parsing artifact substat: def+21
2026-09-29 02:23:02.446|DEBUG|ArtifactScraper|Parsing artifact substat: hp+5.8%
2026-09-29 02:23:02.799|DEBUG|ArtifactScraper|Parsing artifact substat: atk+16
2026-09-29 02:23:02.799|DEBUG|ArtifactScraper|Parsing artifact substat: def+16
2026-09-29 02:23:02.799|DEBUG|ArtifactScraper|Parsing artifact substat: energyrecharge+6.5%
2026-09-29 02:23:02.799|DEBUG|ArtifactScraper|Parsing artifact substat: critdmg+5.4%
2026-09-29 02:23:02.840|DEBUG|ArtifactScraper|Parsing artifact substat: hp+4.7%
2026-09-29 02:23:02.840|DEBUG|ArtifactScraper|Parsing artifact substat: def+5.8%
2026-09-29 02:23:02.840|DEBUG|ArtifactScraper|Parsing artifact substat: atk+5.3%
2026-09-29 02:23:02.840|DEBUG|ArtifactScraper|Parsing artifact substat: atk+16
2026-09-29 02:23:03.104|DEBUG|ArtifactScraper|Parsing artifact substat: def+23
2026-09-29 02:23:03.104|DEBUG|ArtifactScraper|Parsing artifact substat: atk+4.1%
2026-09-29 02:23:03.104|DEBUG|ArtifactScraper|Parsing artifact substat: atk+19
2026-09-29 02:23:03.104|DEBUG|ArtifactScraper|Parsing artifact substat: energyrecharge+6.5%
2026-09-29 02:23:03.585|DEBUG|ArtifactScraper|Parsing artifact substat: atk+19
2026-09-29 02:23:03.585|DEBUG|ArtifactScraper|Parsing artifact substat: energyrecharge+6.5%
2026-09-29 02:23:03.585|DEBUG|ArtifactScraper|Parsing artifact substat: critrate+3.9%
2026-09-29 02:23:03.585|DEBUG|ArtifactScraper|Parsing artifact substat: atk+14
2026-09-29 02:23:03.585|DEBUG|ArtifactScraper|Parsing artifact substat: def+21
2026-09-29 02:23:03.585|DEBUG|ArtifactScraper|Parsing artifact substat: def+7.3%
2026-09-29 02:23:03.585|DEBUG|ArtifactScraper|Parsing artifact substat: energyrecharge+5.2%
2026-09-29 02:23:03.585|DEBUG|ArtifactScraper|Parsing artifact substat: atk+4.1%
2026-09-29 02:23:03.645|DEBUG|ArtifactScraper|Parsing artifact substat: atk+18
2026-09-29 02:23:03.645|DEBUG|ArtifactScraper|Parsing artifact substat: energyrecharge+6.5%
2026-09-29 02:23:03.645|DEBUG|ArtifactScraper|Parsing artifact substat: hp+4.1%
2026-09-29 02:23:03.645|DEBUG|ArtifactScraper|Parsing artifact substat: elementalmastery+16
2026-09-29 02:23:04.099|DEBUG|ArtifactScraper|Parsing artifact substat: critrate+3.9%
2026-09-29 02:23:04.099|DEBUG|ArtifactScraper|Parsing artifact substat: hp+5.8%
2026-09-29 02:23:04.099|DEBUG|ArtifactScraper|Parsing artifact substat: def+5.1%
2026-09-29 02:23:04.099|DEBUG|ArtifactScraper|Parsing artifact substat: def+19(unactivated)
2026-09-29 02:23:04.123|DEBUG|ArtifactScraper|Parsing artifact substat: def+21
2026-09-29 02:23:04.123|DEBUG|ArtifactScraper|Parsing artifact substat: energyrecharge+4.5%
2026-09-29 02:23:04.123|DEBUG|ArtifactScraper|Parsing artifact substat: critdmg+7.0%
2026-09-29 02:23:04.123|DEBUG|ArtifactScraper|Parsing artifact substat: hp+5.8%(unactivated)
2026-09-29 02:23:04.167|DEBUG|ArtifactScraper|Parsing artifact substat: atk+4.1%
2026-09-29 02:23:04.167|DEBUG|ArtifactScraper|Parsing artifact substat: def+19
2026-09-29 02:23:04.167|DEBUG|ArtifactScraper|Parsing artifact substat: energyrecharge+6.5%
2026-09-29 02:23:04.167|DEBUG|ArtifactScraper|Parsing artifact substat: def+5.1%(unactivated)
2026-09-29 02:23:04.612|DEBUG|ArtifactScraper|Parsing artifact substat: def+5.1%
2026-09-29 02:23:04.612|DEBUG|ArtifactScraper|Parsing artifact substat: critrate+3.5%
2026-09-29 02:23:04.612|DEBUG|ArtifactScraper|Parsing artifact substat: def+23
2026-09-29 02:23:04.612|DEBUG|ArtifactScraper|Parsing artifact substat: atk+16(unactivated)
2026-09-29 02:23:04.676|DEBUG|ArtifactScraper|Parsing artifact substat: hp+5.8%
2026-09-29 02:23:04.676|DEBUG|ArtifactScraper|Parsing artifact substat: energyrecharge+5.8%
2026-09-29 02:23:04.676|DEBUG|ArtifactScraper|Parsing artifact substat: critrate+3.5%
2026-09-29 02:23:04.676|DEBUG|ArtifactScraper|Parsing artifact substat: def+7.3%(unactivated)
2026-09-29 02:23:04.698|DEBUG|ArtifactScraper|Parsing artifact substat: def+23
2026-09-29 02:23:04.698|DEBUG|ArtifactScraper|Parsing artifact substat: atk+19
2026-09-29 02:23:04.698|DEBUG|ArtifactScraper|Parsing artifact substat: energyrecharge+4.5%
2026-09-29 02:23:04.698|DEBUG|ArtifactScraper|Parsing artifact substat: elementalmastery+16
2026-09-29 02:23:04.957|DEBUG|ArtifactScraper|Finished queuing page of artifacts. Scrolling...
2026-09-29 02:23:05.068|DEBUG|ArtifactScraper|Parsing artifact substat: def+6.6%
2026-09-29 02:23:05.068|DEBUG|ArtifactScraper|Parsing artifact substat: atk+19
2026-09-29 02:23:05.068|DEBUG|ArtifactScraper|Parsing artifact substat: atk+5.3%
2026-09-29 02:23:05.068|DEBUG|ArtifactScraper|Parsing artifact substat: def+23(unactivated)
2026-09-29 02:23:05.158|DEBUG|ArtifactScraper|Parsing artifact substat: atk+18
2026-09-29 02:23:05.158|DEBUG|ArtifactScraper|Parsing artifact substat: energyrecharge+6.5%
2026-09-29 02:23:05.158|DEBUG|ArtifactScraper|Parsing artifact substat: hp+5.8%
2026-09-29 02:23:05.158|DEBUG|ArtifactScraper|Parsing artifact substat: critrate+3.1%(unactivated)
2026-09-29 02:23:05.465|DEBUG|ArtifactScraper|Parsing artifact substat: atk+19
2026-09-29 02:23:05.465|DEBUG|ArtifactScraper|Parsing artifact substat: def+7.3%
2026-09-29 02:23:05.465|DEBUG|ArtifactScraper|Parsing artifact substat: def+21
2026-09-29 02:23:05.465|DEBUG|ArtifactScraper|Parsing artifact substat: critdmg+7.0%(unactivated)
2026-09-29 02:23:05.564|DEBUG|ArtifactScraper|Parsing artifact substat: atk+16
2026-09-29 02:23:05.564|DEBUG|ArtifactScraper|Parsing artifact substat: hp+4.7%
2026-09-29 02:23:05.564|DEBUG|ArtifactScraper|Parsing artifact substat: energyrecharge+5.8%
2026-09-29 02:23:05.564|DEBUG|ArtifactScraper|Parsing artifact substat: def+21(unactivated)
2026-09-29 02:23:07.685|DEBUG|ArtifactScraper|Scanning artifact page 36
2026-09-29 02:23:07.685|DEBUG|ArtifactScraper|Located 32 possible item locations on page.
2026-09-29 02:23:08.202|DEBUG|ArtifactScraper|Parsing artifact substat: def+16
2026-09-29 02:23:08.202|DEBUG|ArtifactScraper|Parsing artifact substat: critdmg+6.2%
2026-09-29 02:23:08.202|DEBUG|ArtifactScraper|Parsing artifact substat: def+6.6%
2026-09-29 02:23:08.202|DEBUG|ArtifactScraper|Parsing artifact substat: hp+4.7%(unactivated)
2026-09-29 02:23:08.475|DEBUG|ArtifactScraper|Parsing artifact substat: def+5.1%
2026-09-29 02:23:08.475|DEBUG|ArtifactScraper|Parsing artifact substat: atk+5.8%
2026-09-29 02:23:08.475|DEBUG|ArtifactScraper|Parsing artifact substat: def+21
2026-09-29 02:23:08.475|DEBUG|ArtifactScraper|Parsing artifact substat: atk+18(unactivated)
2026-09-29 02:23:08.655|DEBUG|ArtifactScraper|Parsing artifact substat: def+5.8%
2026-09-29 02:23:08.655|DEBUG|ArtifactScraper|Parsing artifact substat: atk+19
2026-09-29 02:23:08.655|DEBUG|ArtifactScraper|Parsing artifact substat: elementalmastery+23
2026-09-29 02:23:08.655|DEBUG|ArtifactScraper|Parsing artifact substat: def+19(unactivated)
2026-09-29 02:23:09.024|DEBUG|ArtifactScraper|Parsing artifact substat: critrate+2.7%
2026-09-29 02:23:09.024|DEBUG|ArtifactScraper|Parsing artifact substat: energyrecharge+5.2%
2026-09-29 02:23:09.024|DEBUG|ArtifactScraper|Parsing artifact substat: hp+5.8%
2026-09-29 02:23:09.024|DEBUG|ArtifactScraper|Parsing artifact substat: def+5.8%(unactivated)
2026-09-29 02:23:09.297|DEBUG|ArtifactScraper|Parsing artifact substat: def+16
2026-09-29 02:23:09.297|DEBUG|ArtifactScraper|Parsing artifact substat: elementalmastery+21
2026-09-29 02:23:09.297|DEBUG|ArtifactScraper|Parsing artifact substat: energyrecharge+5.8%
2026-09-29 02:23:09.297|DEBUG|ArtifactScraper|Parsing artifact substat: hp+5.8%(unactivated)
2026-09-29 02:23:09.362|DEBUG|ArtifactScraper|Parsing artifact substat: energyrecharge+5.2%
2026-09-29 02:23:09.362|DEBUG|ArtifactScraper|Parsing artifact substat: def+19
2026-09-29 02:23:09.362|DEBUG|ArtifactScraper|Parsing artifact substat: critdmg+6.2%
2026-09-29 02:23:09.362|DEBUG|ArtifactScraper|Parsing artifact substat: def+7.3%(unactivated)
2026-09-29 02:23:09.543|DEBUG|ArtifactScraper|Parsing artifact substat: atk+4.1%
2026-09-29 02:23:09.543|DEBUG|ArtifactScraper|Parsing artifact substat: def+7.3%
2026-09-29 02:23:09.543|DEBUG|ArtifactScraper|Parsing artifact substat: def+23
2026-09-29 02:23:09.543|DEBUG|ArtifactScraper|Parsing artifact substat: critrate+3.9%
2026-09-29 02:23:09.842|DEBUG|ArtifactScraper|Parsing artifact substat: def+5.1%
2026-09-29 02:23:09.842|DEBUG|ArtifactScraper|Parsing artifact substat: critrate+3.5%
2026-09-29 02:23:09.842|DEBUG|ArtifactScraper|Parsing artifact substat: hp+5.3%
2026-09-29 02:23:09.842|DEBUG|ArtifactScraper|Parsing artifact substat: elementalmastery+21
2026-09-29 02:23:09.896|DEBUG|ArtifactScraper|Parsing artifact substat: def+16
2026-09-29 02:23:09.896|DEBUG|ArtifactScraper|Parsing artifact substat: atk+4.7%
2026-09-29 02:23:09.896|DEBUG|ArtifactScraper|Parsing artifact substat: critrate+3.5%
2026-09-29 02:23:09.896|DEBUG|ArtifactScraper|Parsing artifact substat: critdmg+7.0%
2026-09-29 02:23:10.096|DEBUG|ArtifactScraper|Parsing artifact substat: atk+5.3%
2026-09-29 02:23:10.096|DEBUG|ArtifactScraper|Parsing artifact substat: def+5.1%
2026-09-29 02:23:10.096|DEBUG|ArtifactScraper|Parsing artifact substat: critdmg+6.2%
2026-09-29 02:23:10.096|DEBUG|ArtifactScraper|Parsing artifact substat: elementalmastery+23
2026-09-29 02:23:10.374|DEBUG|ArtifactScraper|Parsing artifact substat: hp+4.7%
2026-09-29 02:23:10.374|DEBUG|ArtifactScraper|Parsing artifact substat: hp+269
2026-09-29 02:23:10.374|DEBUG|ArtifactScraper|Parsing artifact substat: atk+5.8%
2026-09-29 02:23:10.374|DEBUG|ArtifactScraper|Parsing artifact substat: elementalmastery+19
2026-09-29 02:23:10.417|DEBUG|ArtifactScraper|Parsing artifact substat: hp+269
2026-09-29 02:23:10.417|DEBUG|ArtifactScraper|Parsing artifact substat: atk+4.1%
2026-09-29 02:23:10.417|DEBUG|ArtifactScraper|Parsing artifact substat: elementalmastery+16
2026-09-29 02:23:10.417|DEBUG|ArtifactScraper|Parsing artifact substat: def+19
2026-09-29 02:23:10.692|DEBUG|ArtifactScraper|Parsing artifact substat: hp+4.7%
2026-09-29 02:23:10.692|DEBUG|ArtifactScraper|Parsing artifact substat: elementalmastery+23
2026-09-29 02:23:10.692|DEBUG|ArtifactScraper|Parsing artifact substat: atk+4.1%
2026-09-29 02:23:10.692|DEBUG|ArtifactScraper|Parsing artifact substat: energyrecharge+4.5%
2026-09-29 02:23:10.980|DEBUG|ArtifactScraper|Parsing artifact substat: hp+239
2026-09-29 02:23:10.980|DEBUG|ArtifactScraper|Parsing artifact substat: elementalmastery+21
2026-09-29 02:23:10.980|DEBUG|ArtifactScraper|Parsing artifact substat: atk+4.7%
2026-09-29 02:23:10.980|DEBUG|ArtifactScraper|Parsing artifact substat: energyrecharge+6.5%
2026-09-29 02:23:10.988|DEBUG|ArtifactScraper|Parsing artifact substat: hp+239
2026-09-29 02:23:10.988|DEBUG|ArtifactScraper|Parsing artifact substat: critdmg+7.8%
2026-09-29 02:23:10.988|DEBUG|ArtifactScraper|Parsing artifact substat: elementalmastery+19
2026-09-29 02:23:10.988|DEBUG|ArtifactScraper|Parsing artifact substat: energyrecharge+5.2%
2026-09-29 02:23:11.252|DEBUG|ArtifactScraper|Parsing artifact substat: hp+209
2026-09-29 02:23:11.252|DEBUG|ArtifactScraper|Parsing artifact substat: atk+4.7%
2026-09-29 02:23:11.252|DEBUG|ArtifactScraper|Parsing artifact substat: elementalmastery+23
2026-09-29 02:23:11.252|DEBUG|ArtifactScraper|Parsing artifact substat: critrate+3.5%
2026-09-29 02:23:11.491|DEBUG|ArtifactScraper|Parsing artifact substat: hp+299
2026-09-29 02:23:11.491|DEBUG|ArtifactScraper|Parsing artifact substat: critrate+3.1%
2026-09-29 02:23:11.491|DEBUG|ArtifactScraper|Parsing artifact substat: def+5.8%
2026-09-29 02:23:11.491|DEBUG|ArtifactScraper|Parsing artifact substat: atk+5.8%
2026-09-29 02:23:11.524|DEBUG|ArtifactScraper|Parsing artifact substat: critdmg+5.4%
2026-09-29 02:23:11.524|DEBUG|ArtifactScraper|Parsing artifact substat: atk+4.1%
2026-09-29 02:23:11.524|DEBUG|ArtifactScraper|Parsing artifact substat: hp+209
2026-09-29 02:23:11.524|DEBUG|ArtifactScraper|Parsing artifact substat: def+6.6%
2026-09-29 02:23:11.814|DEBUG|ArtifactScraper|Parsing artifact substat: hp+209
2026-09-29 02:23:11.814|DEBUG|ArtifactScraper|Parsing artifact substat: elementalmastery+19
2026-09-29 02:23:11.814|DEBUG|ArtifactScraper|Parsing artifact substat: critrate+3.5%
2026-09-29 02:23:11.814|DEBUG|ArtifactScraper|Parsing artifact substat: def+19
2026-09-29 02:23:12.121|DEBUG|ArtifactScraper|Parsing artifact substat: critrate+3.9%
2026-09-29 02:23:12.121|DEBUG|ArtifactScraper|Parsing artifact substat: def+23
2026-09-29 02:23:12.121|DEBUG|ArtifactScraper|Parsing artifact substat: def+6.6%
2026-09-29 02:23:12.121|DEBUG|ArtifactScraper|Parsing artifact substat: atk+4.7%
2026-09-29 02:23:12.136|DEBUG|ArtifactScraper|Parsing artifact substat: critdmg+6.2%
2026-09-29 02:23:12.136|DEBUG|ArtifactScraper|Parsing artifact substat: energyrecharge+4.5%
2026-09-29 02:23:12.136|DEBUG|ArtifactScraper|Parsing artifact substat: elementalmastery+23
2026-09-29 02:23:12.136|DEBUG|ArtifactScraper|Parsing artifact substat: atk+4.7%
2026-09-29 02:23:12.397|DEBUG|ArtifactScraper|Parsing artifact substat: critdmg+5.4%
2026-09-29 02:23:12.397|DEBUG|ArtifactScraper|Parsing artifact substat: def+5.8%
2026-09-29 02:23:12.397|DEBUG|ArtifactScraper|Parsing artifact substat: critrate+2.7%
2026-09-29 02:23:12.397|DEBUG|ArtifactScraper|Parsing artifact substat: hp+4.7%
2026-09-29 02:23:12.859|DEBUG|ArtifactScraper|Parsing artifact substat: hp+239
2026-09-29 02:23:12.859|DEBUG|ArtifactScraper|Parsing artifact substat: critrate+3.9%
2026-09-29 02:23:12.859|DEBUG|ArtifactScraper|Parsing artifact substat: atk+5.3%
2026-09-29 02:23:12.859|DEBUG|ArtifactScraper|Parsing artifact substat: critdmg+5.4%
2026-09-29 02:23:12.894|DEBUG|ArtifactScraper|Parsing artifact substat: elementalmastery+21
2026-09-29 02:23:12.894|DEBUG|ArtifactScraper|Parsing artifact substat: energyrecharge+5.2%
2026-09-29 02:23:12.894|DEBUG|ArtifactScraper|Parsing artifact substat: critrate+3.9%
2026-09-29 02:23:12.894|DEBUG|ArtifactScraper|Parsing artifact substat: atk+5.8%
2026-09-29 02:23:13.005|DEBUG|ArtifactScraper|Parsing artifact substat: atk+5.3%
2026-09-29 02:23:13.005|DEBUG|ArtifactScraper|Parsing artifact substat: def+16
2026-09-29 02:23:13.005|DEBUG|ArtifactScraper|Parsing artifact substat: elementalmastery+23
2026-09-29 02:23:13.005|DEBUG|ArtifactScraper|Parsing artifact substat: hp+5.3%
2026-09-29 02:23:13.523|DEBUG|ArtifactScraper|Parsing artifact substat: atk+4.7%
2026-09-29 02:23:13.523|DEBUG|ArtifactScraper|Parsing artifact substat: critdmg+6.2%
2026-09-29 02:23:13.523|DEBUG|ArtifactScraper|Parsing artifact substat: elementalmastery+23
2026-09-29 02:23:13.523|DEBUG|ArtifactScraper|Parsing artifact substat: def+21(unactivated)
2026-09-29 02:23:13.523|DEBUG|ArtifactScraper|Parsing artifact substat: elementalmastery+23
2026-09-29 02:23:13.523|DEBUG|ArtifactScraper|Parsing artifact substat: atk+5.8%
2026-09-29 02:23:13.523|DEBUG|ArtifactScraper|Parsing artifact substat: critdmg+6.2%
2026-09-29 02:23:13.523|DEBUG|ArtifactScraper|Parsing artifact substat: def+6.6%(unactivated)
2026-09-29 02:23:13.560|DEBUG|ArtifactScraper|Parsing artifact substat: elementalmastery+19
2026-09-29 02:23:13.560|DEBUG|ArtifactScraper|Parsing artifact substat: hp+5.8%
2026-09-29 02:23:13.560|DEBUG|ArtifactScraper|Parsing artifact substat: def+21
2026-09-29 02:23:13.560|DEBUG|ArtifactScraper|Parsing artifact substat: hp+299(unactivated)
2026-09-29 02:23:13.714|DEBUG|ArtifactScraper|Finished queuing page of artifacts. Scrolling...
2026-09-29 02:23:14.083|DEBUG|ArtifactScraper|Parsing artifact substat: critrate+3.9%
2026-09-29 02:23:14.083|DEBUG|ArtifactScraper|Parsing artifact substat: atk+5.3%
2026-09-29 02:23:14.083|DEBUG|ArtifactScraper|Parsing artifact substat: def+5.8%
2026-09-29 02:23:14.083|DEBUG|ArtifactScraper|Parsing artifact substat: hp+269(unactivated)
2026-09-29 02:23:14.145|DEBUG|ArtifactScraper|Parsing artifact substat: elementalmastery+21
2026-09-29 02:23:14.145|DEBUG|ArtifactScraper|Parsing artifact substat: energyrecharge+5.8%
2026-09-29 02:23:14.145|DEBUG|ArtifactScraper|Parsing artifact substat: atk+5.3%
2026-09-29 02:23:14.145|DEBUG|ArtifactScraper|Parsing artifact substat: critrate+3.1%(unactivated)
2026-09-29 02:23:14.173|DEBUG|ArtifactScraper|Parsing artifact substat: hp+239
2026-09-29 02:23:14.173|DEBUG|ArtifactScraper|Parsing artifact substat: elementalmastery+21
2026-09-29 02:23:14.173|DEBUG|ArtifactScraper|Parsing artifact substat: critdmg+7.8%
2026-09-29 02:23:14.173|DEBUG|ArtifactScraper|Parsing artifact substat: atk+4.7%(unactivated)
2026-09-29 02:23:14.323|DEBUG|ArtifactScraper|Scrolled back one
2026-09-29 02:23:14.550|DEBUG|ArtifactScraper|Parsing artifact substat: critdmg+7.8%
2026-09-29 02:23:14.550|DEBUG|ArtifactScraper|Parsing artifact substat: hp+4.1%
2026-09-29 02:23:14.550|DEBUG|ArtifactScraper|Parsing artifact substat: elementalmastery+19
2026-09-29 02:23:14.550|DEBUG|ArtifactScraper|Parsing artifact substat: def+5.8%(unactivated)
2026-09-29 02:23:16.708|DEBUG|ArtifactScraper|Scanning artifact page 37
2026-09-29 02:23:16.708|DEBUG|ArtifactScraper|Located 32 possible item locations on page.
2026-09-29 02:23:17.364|DEBUG|ArtifactScraper|Parsing artifact substat: elementalmastery+16
2026-09-29 02:23:17.364|DEBUG|ArtifactScraper|Parsing artifact substat: hp+269
2026-09-29 02:23:17.364|DEBUG|ArtifactScraper|Parsing artifact substat: atk+5.3%
2026-09-29 02:23:17.364|DEBUG|ArtifactScraper|Parsing artifact substat: energyrecharge+5.8%
2026-09-29 02:23:17.478|DEBUG|ArtifactScraper|Parsing artifact substat: energyrecharge+5.2%
2026-09-29 02:23:17.478|DEBUG|ArtifactScraper|Parsing artifact substat: hp+269
2026-09-29 02:23:17.478|DEBUG|ArtifactScraper|Parsing artifact substat: critdmg+7.8%
2026-09-29 02:23:17.478|DEBUG|ArtifactScraper|Parsing artifact substat: atk+5.3%(unactivated)
2026-09-29 02:23:17.857|DEBUG|ArtifactScraper|Parsing artifact substat: energyrecharge+4.5%
2026-09-29 02:23:17.857|DEBUG|ArtifactScraper|Parsing artifact substat: critdmg+7.8%
2026-09-29 02:23:17.857|DEBUG|ArtifactScraper|Parsing artifact substat: elementalmastery+16
2026-09-29 02:23:17.857|DEBUG|ArtifactScraper|Parsing artifact substat: def+23(unactivated)
2026-09-29 02:23:17.894|DEBUG|ArtifactScraper|Parsing artifact substat: critdmg+6.2%
2026-09-29 02:23:17.894|DEBUG|ArtifactScraper|Parsing artifact substat: def+16
2026-09-29 02:23:17.894|DEBUG|ArtifactScraper|Parsing artifact substat: hp+4.7%
2026-09-29 02:23:17.894|DEBUG|ArtifactScraper|Parsing artifact substat: critrate+3.1%(unactivated)
2026-09-29 02:23:18.316|DEBUG|ArtifactScraper|Parsing artifact substat: def+23
2026-09-29 02:23:18.316|DEBUG|ArtifactScraper|Parsing artifact substat: elementalmastery+19
2026-09-29 02:23:18.316|DEBUG|ArtifactScraper|Parsing artifact substat: atk+4.1%
2026-09-29 02:23:18.316|DEBUG|ArtifactScraper|Parsing artifact substat: energyrecharge+5.2%
2026-09-29 02:23:18.432|DEBUG|ArtifactScraper|Parsing artifact substat: critrate+3.1%
2026-09-29 02:23:18.432|DEBUG|ArtifactScraper|Parsing artifact substat: hp+5.3%
2026-09-29 02:23:18.432|DEBUG|ArtifactScraper|Parsing artifact substat: def+23
2026-09-29 02:23:18.432|DEBUG|ArtifactScraper|Parsing artifact substat: elementalmastery+21
2026-09-29 02:23:18.454|DEBUG|ArtifactScraper|Parsing artifact substat: hp+239
2026-09-29 02:23:18.454|DEBUG|ArtifactScraper|Parsing artifact substat: critdmg+7.8%
2026-09-29 02:23:18.454|DEBUG|ArtifactScraper|Parsing artifact substat: critrate+3.1%
2026-09-29 02:23:18.454|DEBUG|ArtifactScraper|Parsing artifact substat: def+7.3%(unactivated)
2026-09-29 02:23:18.937|DEBUG|ArtifactScraper|Parsing artifact substat: def+5.8%
2026-09-29 02:23:18.938|DEBUG|ArtifactScraper|Parsing artifact substat: critrate+3.1%
2026-09-29 02:23:18.938|DEBUG|ArtifactScraper|Parsing artifact substat: energyrecharge+6.5%
2026-09-29 02:23:18.938|DEBUG|ArtifactScraper|Parsing artifact substat: atk+5.8%(unactivated)
2026-09-29 02:23:19.025|DEBUG|ArtifactScraper|Parsing artifact substat: critrate+2.7%
2026-09-29 02:23:19.025|DEBUG|ArtifactScraper|Parsing artifact substat: hp+299
2026-09-29 02:23:19.025|DEBUG|ArtifactScraper|Parsing artifact substat: critdmg+7.8%
2026-09-29 02:23:19.025|DEBUG|ArtifactScraper|Parsing artifact substat: elementalmastery+19
2026-09-29 02:23:19.042|DEBUG|ArtifactScraper|Parsing artifact substat: hp+299
2026-09-29 02:23:19.042|DEBUG|ArtifactScraper|Parsing artifact substat: def+6.6%
2026-09-29 02:23:19.042|DEBUG|ArtifactScraper|Parsing artifact substat: critrate+3.1%
2026-09-29 02:23:19.042|DEBUG|ArtifactScraper|Parsing artifact substat: atk+4.1%(unactivated)
2026-09-29 02:23:19.560|DEBUG|ArtifactScraper|Parsing artifact substat: hp+299
2026-09-29 02:23:19.560|DEBUG|ArtifactScraper|Parsing artifact substat: critrate+3.1%
2026-09-29 02:23:19.560|DEBUG|ArtifactScraper|Parsing artifact substat: def+16
2026-09-29 02:23:19.560|DEBUG|ArtifactScraper|Parsing artifact substat: elementalmastery+16
2026-09-29 02:23:19.662|DEBUG|ArtifactScraper|Parsing artifact substat: critdmg+7.8%
2026-09-29 02:23:19.662|DEBUG|ArtifactScraper|Parsing artifact substat: hp+4.7%
2026-09-29 02:23:19.662|DEBUG|ArtifactScraper|Parsing artifact substat: def+21
2026-09-29 02:23:19.662|DEBUG|ArtifactScraper|Parsing artifact substat: atk+4.7%(unactivated)
2026-09-29 02:23:19.733|DEBUG|ArtifactScraper|Parsing artifact substat: energyrecharge+4.5%
2026-09-29 02:23:19.733|DEBUG|ArtifactScraper|Parsing artifact substat: elementalmastery+19
2026-09-29 02:23:19.733|DEBUG|ArtifactScraper|Parsing artifact substat: atk+4.1%
2026-09-29 02:23:19.733|DEBUG|ArtifactScraper|Parsing artifact substat: hp+4.1%(unactivated)
2026-09-29 02:23:20.217|DEBUG|ArtifactScraper|Parsing artifact substat: hp+5.8%
2026-09-29 02:23:20.217|DEBUG|ArtifactScraper|Parsing artifact substat: atk+4.7%
2026-09-29 02:23:20.217|DEBUG|ArtifactScraper|Parsing artifact substat: critdmg+7.8%
2026-09-29 02:23:20.217|DEBUG|ArtifactScraper|Parsing artifact substat: critrate+3.1%(unactivated)
2026-09-29 02:23:20.304|DEBUG|ArtifactScraper|Parsing artifact substat: critdmg+7.0%
2026-09-29 02:23:20.304|DEBUG|ArtifactScraper|Parsing artifact substat: def+5.8%
2026-09-29 02:23:20.304|DEBUG|ArtifactScraper|Parsing artifact substat: atk+4.7%
2026-09-29 02:23:20.304|DEBUG|ArtifactScraper|Parsing artifact substat: hp+299(unactivated)
2026-09-29 02:23:20.342|DEBUG|ArtifactScraper|Parsing artifact substat: def+7.3%
2026-09-29 02:23:20.342|DEBUG|ArtifactScraper|Parsing artifact substat: critrate+3.5%
2026-09-29 02:23:20.342|DEBUG|ArtifactScraper|Parsing artifact substat: def+16
2026-09-29 02:23:20.342|DEBUG|ArtifactScraper|Parsing artifact substat: critdmg+7.0%(unactivated)
2026-09-29 02:23:20.794|DEBUG|ArtifactScraper|Parsing artifact substat: def+21
2026-09-29 02:23:20.794|DEBUG|ArtifactScraper|Parsing artifact substat: def+5.8%
2026-09-29 02:23:20.794|DEBUG|ArtifactScraper|Parsing artifact substat: elementalmastery+19
2026-09-29 02:23:20.794|DEBUG|ArtifactScraper|Parsing artifact substat: atk+5.3%(unactivated)
2026-09-29 02:23:20.871|DEBUG|ArtifactScraper|Parsing artifact substat: critrate+3.5%
2026-09-29 02:23:20.871|DEBUG|ArtifactScraper|Parsing artifact substat: hp+269
2026-09-29 02:23:20.871|DEBUG|ArtifactScraper|Parsing artifact substat: def+19
2026-09-29 02:23:20.871|DEBUG|ArtifactScraper|Parsing artifact substat: hp+4.1%
2026-09-29 02:23:20.905|DEBUG|ArtifactScraper|Parsing artifact substat: elementalmastery+19
2026-09-29 02:23:20.905|DEBUG|ArtifactScraper|Parsing artifact substat: def+21
2026-09-29 02:23:20.905|DEBUG|ArtifactScraper|Parsing artifact substat: critrate+3.5%
2026-09-29 02:23:20.905|DEBUG|ArtifactScraper|Parsing artifact substat: hp+269(unactivated)
2026-09-29 02:23:21.248|DEBUG|ArtifactScraper|Parsing artifact substat: def+7.3%
2026-09-29 02:23:21.248|DEBUG|ArtifactScraper|Parsing artifact substat: atk+4.1%
2026-09-29 02:23:21.248|DEBUG|ArtifactScraper|Parsing artifact substat: hp+299
2026-09-29 02:23:21.248|DEBUG|ArtifactScraper|Parsing artifact substat: hp+4.1%
2026-09-29 02:23:21.559|DEBUG|ArtifactScraper|Parsing artifact substat: atk+5.3%
2026-09-29 02:23:21.559|DEBUG|ArtifactScraper|Parsing artifact substat: def+5.8%
2026-09-29 02:23:21.559|DEBUG|ArtifactScraper|Parsing artifact substat: def+16
2026-09-29 02:23:21.559|DEBUG|ArtifactScraper|Parsing artifact substat: hp+5.8%
2026-09-29 02:23:21.625|DEBUG|ArtifactScraper|Parsing artifact substat: energyrecharge+6.5%
2026-09-29 02:23:21.625|DEBUG|ArtifactScraper|Parsing artifact substat: def+21
2026-09-29 02:23:21.625|DEBUG|ArtifactScraper|Parsing artifact substat: hp+269
2026-09-29 02:23:21.625|DEBUG|ArtifactScraper|Parsing artifact substat: elementalmastery+19
2026-09-29 02:23:21.884|DEBUG|ArtifactScraper|Parsing artifact substat: def+16
2026-09-29 02:23:21.884|DEBUG|ArtifactScraper|Parsing artifact substat: critrate+3.5%
2026-09-29 02:23:21.884|DEBUG|ArtifactScraper|Parsing artifact substat: hp+299
2026-09-29 02:23:21.884|DEBUG|ArtifactScraper|Parsing artifact substat: energyrecharge+5.2%
2026-09-29 02:23:22.268|DEBUG|ArtifactScraper|Parsing artifact substat: def+23
2026-09-29 02:23:22.268|DEBUG|ArtifactScraper|Parsing artifact substat: def+5.8%
2026-09-29 02:23:22.268|DEBUG|ArtifactScraper|Parsing artifact substat: hp+5.8%
2026-09-29 02:23:22.268|DEBUG|ArtifactScraper|Parsing artifact substat: elementalmastery+21
2026-09-29 02:23:22.320|DEBUG|ArtifactScraper|Parsing artifact substat: elementalmastery+19
2026-09-29 02:23:22.320|DEBUG|ArtifactScraper|Parsing artifact substat: hp+269
2026-09-29 02:23:22.320|DEBUG|ArtifactScraper|Parsing artifact substat: def+19
2026-09-29 02:23:22.320|DEBUG|ArtifactScraper|Parsing artifact substat: energyrecharge+5.2%
2026-09-29 02:23:22.447|DEBUG|ArtifactScraper|Parsing artifact substat: def+16
2026-09-29 02:23:22.447|DEBUG|ArtifactScraper|Parsing artifact substat: def+6.6%
2026-09-29 02:23:22.447|DEBUG|ArtifactScraper|Parsing artifact substat: hp+269
2026-09-29 02:23:22.447|DEBUG|ArtifactScraper|Parsing artifact substat: critdmg+6.2%
2026-09-29 02:23:22.658|DEBUG|ArtifactScraper|Finished queuing page of artifacts. Scrolling...
2026-09-29 02:23:22.863|DEBUG|ArtifactScraper|Parsing artifact substat: def+19
2026-09-29 02:23:22.863|DEBUG|ArtifactScraper|Parsing artifact substat: hp+239
2026-09-29 02:23:22.863|DEBUG|ArtifactScraper|Parsing artifact substat: energyrecharge+5.8%
2026-09-29 02:23:22.863|DEBUG|ArtifactScraper|Parsing artifact substat: hp+5.8%
2026-09-29 02:23:22.933|DEBUG|ArtifactScraper|Parsing artifact substat: hp+299
2026-09-29 02:23:22.933|DEBUG|ArtifactScraper|Parsing artifact substat: hp+5.3%
2026-09-29 02:23:22.933|DEBUG|ArtifactScraper|Parsing artifact substat: def+23
2026-09-29 02:23:22.933|DEBUG|ArtifactScraper|Parsing artifact substat: energyrecharge+5.8%
2026-09-29 02:23:23.032|DEBUG|ArtifactScraper|Parsing artifact substat: hp+239
2026-09-29 02:23:23.032|DEBUG|ArtifactScraper|Parsing artifact substat: hp+5.3%
2026-09-29 02:23:23.032|DEBUG|ArtifactScraper|Parsing artifact substat: def+21
2026-09-29 02:23:23.032|DEBUG|ArtifactScraper|Parsing artifact substat: critrate+3.9%
2026-09-29 02:23:23.415|DEBUG|ArtifactScraper|Parsing artifact substat: hp+269
2026-09-29 02:23:23.415|DEBUG|ArtifactScraper|Parsing artifact substat: elementalmastery+21
2026-09-29 02:23:23.415|DEBUG|ArtifactScraper|Parsing artifact substat: hp+4.1%
2026-09-29 02:23:23.415|DEBUG|ArtifactScraper|Parsing artifact substat: def+19
2026-09-29 02:23:23.602|DEBUG|ArtifactScraper|Parsing artifact substat: critrate+3.1%
2026-09-29 02:23:23.602|DEBUG|ArtifactScraper|Parsing artifact substat: def+21
2026-09-29 02:23:23.602|DEBUG|ArtifactScraper|Parsing artifact substat: energyrecharge+4.5%
2026-09-29 02:23:23.602|DEBUG|ArtifactScraper|Parsing artifact substat: def+6.6%
2026-09-29 02:23:23.674|DEBUG|ArtifactScraper|Parsing artifact substat: hp+269
2026-09-29 02:23:23.674|DEBUG|ArtifactScraper|Parsing artifact substat: atk+4.7%
2026-09-29 02:23:23.674|DEBUG|ArtifactScraper|Parsing artifact substat: hp+4.1%
2026-09-29 02:23:23.674|DEBUG|ArtifactScraper|Parsing artifact substat: def+21
2026-09-29 02:23:25.822|DEBUG|ArtifactScraper|Scanning artifact page 38
2026-09-29 02:23:25.822|DEBUG|ArtifactScraper|Located 32 possible item locations on page.
2026-09-29 02:23:26.419|DEBUG|ArtifactScraper|Parsing artifact substat: hp+209
2026-09-29 02:23:26.419|DEBUG|ArtifactScraper|Parsing artifact substat: def+7.3%
2026-09-29 02:23:26.419|DEBUG|ArtifactScraper|Parsing artifact substat: hp+4.1%
2026-09-29 02:23:26.419|DEBUG|ArtifactScraper|Parsing artifact substat: def+21
2026-09-29 02:23:26.785|DEBUG|ArtifactScraper|Parsing artifact substat: def+23
2026-09-29 02:23:26.785|DEBUG|ArtifactScraper|Parsing artifact substat: critdmg+7.0%
2026-09-29 02:23:26.785|DEBUG|ArtifactScraper|Parsing artifact substat: def+5.8%
2026-09-29 02:23:26.785|DEBUG|ArtifactScraper|Parsing artifact substat: energyrecharge+4.5%
2026-09-29 02:23:26.812|DEBUG|ArtifactScraper|Parsing artifact substat: def+5.1%
2026-09-29 02:23:26.812|DEBUG|ArtifactScraper|Parsing artifact substat: hp+4.1%
2026-09-29 02:23:26.812|DEBUG|ArtifactScraper|Parsing artifact substat: critdmg+5.4%
2026-09-29 02:23:26.812|DEBUG|ArtifactScraper|Parsing artifact substat: def+23(unactivated)
2026-09-29 02:23:27.280|DEBUG|ArtifactScraper|Parsing artifact substat: critrate+3.9%
2026-09-29 02:23:27.280|DEBUG|ArtifactScraper|Parsing artifact substat: energyrecharge+4.5%
2026-09-29 02:23:27.281|DEBUG|ArtifactScraper|Parsing artifact substat: hp+5.8%
2026-09-29 02:23:27.281|DEBUG|ArtifactScraper|Parsing artifact substat: def+21(unactivated)
2026-09-29 02:23:27.372|DEBUG|ArtifactScraper|Parsing artifact substat: def+5.8%
2026-09-29 02:23:27.372|DEBUG|ArtifactScraper|Parsing artifact substat: atk+5.8%
2026-09-29 02:23:27.372|DEBUG|ArtifactScraper|Parsing artifact substat: hp+4.1%
2026-09-29 02:23:27.372|DEBUG|ArtifactScraper|Parsing artifact substat: def+23(unactivated)
2026-09-29 02:23:27.406|DEBUG|ArtifactScraper|Parsing artifact substat: hp+4.1%
2026-09-29 02:23:27.406|DEBUG|ArtifactScraper|Parsing artifact substat: elementalmastery+21
2026-09-29 02:23:27.406|DEBUG|ArtifactScraper|Parsing artifact substat: energyrecharge+5.2%
2026-09-29 02:23:27.406|DEBUG|ArtifactScraper|Parsing artifact substat: def+21(unactivated)
2026-09-29 02:23:27.856|DEBUG|ArtifactScraper|Parsing artifact substat: energyrecharge+6.5%
2026-09-29 02:23:27.856|DEBUG|ArtifactScraper|Parsing artifact substat: hp+239
2026-09-29 02:23:27.856|DEBUG|ArtifactScraper|Parsing artifact substat: def+21
2026-09-29 02:23:27.856|DEBUG|ArtifactScraper|Parsing artifact substat: elementalmastery+19
2026-09-29 02:23:27.952|DEBUG|ArtifactScraper|Parsing artifact substat: hp+5.8%
2026-09-29 02:23:27.952|DEBUG|ArtifactScraper|Parsing artifact substat: critrate+3.1%
2026-09-29 02:23:27.952|DEBUG|ArtifactScraper|Parsing artifact substat: elementalmastery+19
2026-09-29 02:23:27.953|DEBUG|ArtifactScraper|Parsing artifact substat: def+16
2026-09-29 02:23:27.953|DEBUG|ArtifactScraper|Parsing artifact substat: hp+209
2026-09-29 02:23:27.953|DEBUG|ArtifactScraper|Parsing artifact substat: elementalmastery+23
2026-09-29 02:23:27.953|DEBUG|ArtifactScraper|Parsing artifact substat: atk+16
2026-09-29 02:23:27.953|DEBUG|ArtifactScraper|Parsing artifact substat: atk+14
2026-09-29 02:23:28.430|DEBUG|ArtifactScraper|Parsing artifact substat: hp+4.7%
2026-09-29 02:23:28.430|DEBUG|ArtifactScraper|Parsing artifact substat: critrate+3.9%
2026-09-29 02:23:28.430|DEBUG|ArtifactScraper|Parsing artifact substat: def+5.8%
2026-09-29 02:23:28.430|DEBUG|ArtifactScraper|Parsing artifact substat: hp+299
2026-09-29 02:23:28.569|DEBUG|ArtifactScraper|Parsing artifact substat: hp+299
2026-09-29 02:23:28.569|DEBUG|ArtifactScraper|Parsing artifact substat: atk+5.3%
2026-09-29 02:23:28.569|DEBUG|ArtifactScraper|Parsing artifact substat: critrate+3.5%
2026-09-29 02:23:28.569|DEBUG|ArtifactScraper|Parsing artifact substat: energyrecharge+5.2%
2026-09-29 02:23:28.602|DEBUG|ArtifactScraper|Parsing artifact substat: hp+4.1%
2026-09-29 02:23:28.602|DEBUG|ArtifactScraper|Parsing artifact substat: def+16
2026-09-29 02:23:28.602|DEBUG|ArtifactScraper|Parsing artifact substat: energyrecharge+6.5%
2026-09-29 02:23:28.602|DEBUG|ArtifactScraper|Parsing artifact substat: def+7.3%
2026-09-29 02:23:29.005|DEBUG|ArtifactScraper|Parsing artifact substat: def+19
2026-09-29 02:23:29.005|DEBUG|ArtifactScraper|Parsing artifact substat: energyrecharge+5.2%
2026-09-29 02:23:29.005|DEBUG|ArtifactScraper|Parsing artifact substat: elementalmastery+21
2026-09-29 02:23:29.005|DEBUG|ArtifactScraper|Parsing artifact substat: hp+209
2026-09-29 02:23:29.126|DEBUG|ArtifactScraper|Parsing artifact substat: def+23
2026-09-29 02:23:29.126|DEBUG|ArtifactScraper|Parsing artifact substat: atk+5.3%
2026-09-29 02:23:29.126|DEBUG|ArtifactScraper|Parsing artifact substat: atk+19
2026-09-29 02:23:29.126|DEBUG|ArtifactScraper|Parsing artifact substat: critdmg+7.0%
2026-09-29 02:23:29.126|DEBUG|ArtifactScraper|Parsing artifact substat: hp+209
2026-09-29 02:23:29.126|DEBUG|ArtifactScraper|Parsing artifact substat: energyrecharge+5.2%
2026-09-29 02:23:29.126|DEBUG|ArtifactScraper|Parsing artifact substat: critdmg+7.0%
2026-09-29 02:23:29.126|DEBUG|ArtifactScraper|Parsing artifact substat: def+19
2026-09-29 02:23:29.576|DEBUG|ArtifactScraper|Parsing artifact substat: atk+19
2026-09-29 02:23:29.576|DEBUG|ArtifactScraper|Parsing artifact substat: def+23
2026-09-29 02:23:29.576|DEBUG|ArtifactScraper|Parsing artifact substat: critdmg+7.0%
2026-09-29 02:23:29.576|DEBUG|ArtifactScraper|Parsing artifact substat: energyrecharge+5.2%
2026-09-29 02:23:29.791|DEBUG|ArtifactScraper|Parsing artifact substat: critrate+3.5%
2026-09-29 02:23:29.791|DEBUG|ArtifactScraper|Parsing artifact substat: elementalmastery+23
2026-09-29 02:23:29.791|DEBUG|ArtifactScraper|Parsing artifact substat: atk+14
2026-09-29 02:23:29.791|DEBUG|ArtifactScraper|Parsing artifact substat: critdmg+7.8%
2026-09-29 02:23:29.894|DEBUG|ArtifactScraper|Parsing artifact substat: critrate+2.7%
2026-09-29 02:23:29.894|DEBUG|ArtifactScraper|Parsing artifact substat: elementalmastery+23
2026-09-29 02:23:29.894|DEBUG|ArtifactScraper|Parsing artifact substat: hp+4.7%
2026-09-29 02:23:29.894|DEBUG|ArtifactScraper|Parsing artifact substat: atk+19(unactivated)
2026-09-29 02:23:30.198|DEBUG|ArtifactScraper|Parsing artifact substat: def+19
2026-09-29 02:23:30.198|DEBUG|ArtifactScraper|Parsing artifact substat: critdmg+7.0%
2026-09-29 02:23:30.198|DEBUG|ArtifactScraper|Parsing artifact substat: atk+14
2026-09-29 02:23:30.198|DEBUG|ArtifactScraper|Parsing artifact substat: energyrecharge+5.2%
2026-09-29 02:23:30.408|DEBUG|ArtifactScraper|Parsing artifact substat: hp+5.3%
2026-09-29 02:23:30.408|DEBUG|ArtifactScraper|Parsing artifact substat: hp+299
2026-09-29 02:23:30.408|DEBUG|ArtifactScraper|Parsing artifact substat: def+23
2026-09-29 02:23:30.408|DEBUG|ArtifactScraper|Parsing artifact substat: energyrecharge+5.8%
2026-09-29 02:23:30.583|DEBUG|ArtifactScraper|Parsing artifact substat: atk+19
2026-09-29 02:23:30.583|DEBUG|ArtifactScraper|Parsing artifact substat: energyrecharge+6.5%
2026-09-29 02:23:30.583|DEBUG|ArtifactScraper|Parsing artifact substat: critrate+3.5%
2026-09-29 02:23:30.583|DEBUG|ArtifactScraper|Parsing artifact substat: def+5.1%(unactivated)
2026-09-29 02:23:30.863|DEBUG|ArtifactScraper|Parsing artifact substat: atk+14
2026-09-29 02:23:30.863|DEBUG|ArtifactScraper|Parsing artifact substat: atk+4.7%
2026-09-29 02:23:30.863|DEBUG|ArtifactScraper|Parsing artifact substat: energyrecharge+6.5%
2026-09-29 02:23:30.863|DEBUG|ArtifactScraper|Parsing artifact substat: critdmg+7.8%(unactivated)
2026-09-29 02:23:31.128|DEBUG|ArtifactScraper|Parsing artifact substat: hp+5.8%
2026-09-29 02:23:31.128|DEBUG|ArtifactScraper|Parsing artifact substat: atk+18
2026-09-29 02:23:31.128|DEBUG|ArtifactScraper|Parsing artifact substat: critrate+2.7%
2026-09-29 02:23:31.128|DEBUG|ArtifactScraper|Parsing artifact substat: critdmg+6.2%(unactivated)
2026-09-29 02:23:31.261|DEBUG|ArtifactScraper|Parsing artifact substat: atk+19
2026-09-29 02:23:31.261|DEBUG|ArtifactScraper|Parsing artifact substat: energyrecharge+5.8%
2026-09-29 02:23:31.261|DEBUG|ArtifactScraper|Parsing artifact substat: critrate+3.9%
2026-09-29 02:23:31.261|DEBUG|ArtifactScraper|Parsing artifact substat: hp+4.7%(unactivated)
2026-09-29 02:23:31.497|DEBUG|ArtifactScraper|Parsing artifact substat: elementalmastery+23
2026-09-29 02:23:31.497|DEBUG|ArtifactScraper|Parsing artifact substat: def+21
2026-09-29 02:23:31.497|DEBUG|ArtifactScraper|Parsing artifact substat: critdmg+7.8%
2026-09-29 02:23:31.497|DEBUG|ArtifactScraper|Parsing artifact substat: hp+209(unactivated)
2026-09-29 02:23:31.704|DEBUG|ArtifactScraper|Parsing artifact substat: atk+18
2026-09-29 02:23:31.704|DEBUG|ArtifactScraper|Parsing artifact substat: atk+4.1%
2026-09-29 02:23:31.704|DEBUG|ArtifactScraper|Parsing artifact substat: hp+269
2026-09-29 02:23:31.704|DEBUG|ArtifactScraper|Parsing artifact substat: critrate+3.1%(unactivated)
2026-09-29 02:23:31.768|DEBUG|ArtifactScraper|Finished queuing page of artifacts. Scrolling...
2026-09-29 02:23:31.902|DEBUG|ArtifactScraper|Parsing artifact substat: energyrecharge+5.2%
2026-09-29 02:23:31.902|DEBUG|ArtifactScraper|Parsing artifact substat: hp+209
2026-09-29 02:23:31.902|DEBUG|ArtifactScraper|Parsing artifact substat: def+21
2026-09-29 02:23:31.902|DEBUG|ArtifactScraper|Parsing artifact substat: critrate+3.9%(unactivated)
2026-09-29 02:23:32.117|DEBUG|ArtifactScraper|Parsing artifact substat: energyrecharge+4.5%
2026-09-29 02:23:32.117|DEBUG|ArtifactScraper|Parsing artifact substat: def+23
2026-09-29 02:23:32.117|DEBUG|ArtifactScraper|Parsing artifact substat: elementalmastery+19
2026-09-29 02:23:32.117|DEBUG|ArtifactScraper|Parsing artifact substat: hp+299(unactivated)
2026-09-29 02:23:32.270|DEBUG|ArtifactScraper|Parsing artifact substat: hp+209
2026-09-29 02:23:32.270|DEBUG|ArtifactScraper|Parsing artifact substat: atk+14
2026-09-29 02:23:32.270|DEBUG|ArtifactScraper|Parsing artifact substat: critrate+2.7%
2026-09-29 02:23:32.270|DEBUG|ArtifactScraper|Parsing artifact substat: elementalmastery+21
2026-09-29 02:23:32.460|DEBUG|ArtifactScraper|Parsing artifact substat: hp+4.7%
2026-09-29 02:23:32.460|DEBUG|ArtifactScraper|Parsing artifact substat: hp+239
2026-09-29 02:23:32.460|DEBUG|ArtifactScraper|Parsing artifact substat: atk+16
2026-09-29 02:23:32.460|DEBUG|ArtifactScraper|Parsing artifact substat: critrate+3.5%(unactivated)
2026-09-29 02:23:32.699|DEBUG|ArtifactScraper|Parsing artifact substat: critrate+3.5%
2026-09-29 02:23:32.699|DEBUG|ArtifactScraper|Parsing artifact substat: critdmg+7.8%
2026-09-29 02:23:32.699|DEBUG|ArtifactScraper|Parsing artifact substat: hp+5.3%
2026-09-29 02:23:32.699|DEBUG|ArtifactScraper|Parsing artifact substat: hp+209(unactivated)
2026-09-29 02:23:32.831|DEBUG|ArtifactScraper|Parsing artifact substat: def+19
2026-09-29 02:23:32.831|DEBUG|ArtifactScraper|Parsing artifact substat: critdmg+6.2%
2026-09-29 02:23:32.831|DEBUG|ArtifactScraper|Parsing artifact substat: critrate+3.1%
2026-09-29 02:23:32.831|DEBUG|ArtifactScraper|Parsing artifact substat: atk+19(unactivated)
2026-09-29 02:23:34.834|DEBUG|ArtifactScraper|Scanning artifact page 39
2026-09-29 02:23:34.834|DEBUG|ArtifactScraper|Located 32 possible item locations on page.
2026-09-29 02:23:35.461|DEBUG|ArtifactScraper|Parsing artifact substat: elementalmastery+19
2026-09-29 02:23:35.461|DEBUG|ArtifactScraper|Parsing artifact substat: hp+209
2026-09-29 02:23:35.461|DEBUG|ArtifactScraper|Parsing artifact substat: hp+4.7%
2026-09-29 02:23:35.461|DEBUG|ArtifactScraper|Parsing artifact substat: atk+18(unactivated)
2026-09-29 02:23:35.626|DEBUG|ArtifactScraper|Parsing artifact substat: critrate+3.9%
2026-09-29 02:23:35.626|DEBUG|ArtifactScraper|Parsing artifact substat: elementalmastery+16
2026-09-29 02:23:35.626|DEBUG|ArtifactScraper|Parsing artifact substat: atk+4.1%
2026-09-29 02:23:35.626|DEBUG|ArtifactScraper|Parsing artifact substat: critdmg+6.2%(unactivated)
2026-09-29 02:23:35.954|DEBUG|ArtifactScraper|Parsing artifact substat: atk+19
2026-09-29 02:23:35.954|DEBUG|ArtifactScraper|Parsing artifact substat: hp+269
2026-09-29 02:23:35.954|DEBUG|ArtifactScraper|Parsing artifact substat: def+19
2026-09-29 02:23:35.954|DEBUG|ArtifactScraper|Parsing artifact substat: atk+4.1%
2026-09-29 02:23:36.034|DEBUG|ArtifactScraper|Parsing artifact substat: atk+4.1%
2026-09-29 02:23:36.034|DEBUG|ArtifactScraper|Parsing artifact substat: critrate+3.1%
2026-09-29 02:23:36.034|DEBUG|ArtifactScraper|Parsing artifact substat: atk+19
2026-09-29 02:23:36.034|DEBUG|ArtifactScraper|Parsing artifact substat: hp+4.7%
2026-09-29 02:23:36.300|DEBUG|ArtifactScraper|Parsing artifact substat: elementalmastery+16
2026-09-29 02:23:36.300|DEBUG|ArtifactScraper|Parsing artifact substat: atk+18
2026-09-29 02:23:36.300|DEBUG|ArtifactScraper|Parsing artifact substat: hp+209
2026-09-29 02:23:36.300|DEBUG|ArtifactScraper|Parsing artifact substat: hp+4.1%
2026-09-29 02:23:36.530|DEBUG|ArtifactScraper|Parsing artifact substat: atk+14
2026-09-29 02:23:36.530|DEBUG|ArtifactScraper|Parsing artifact substat: def+19
2026-09-29 02:23:36.530|DEBUG|ArtifactScraper|Parsing artifact substat: elementalmastery+16
2026-09-29 02:23:36.530|DEBUG|ArtifactScraper|Parsing artifact substat: atk+5.3%
2026-09-29 02:23:36.599|DEBUG|ArtifactScraper|Parsing artifact substat: def+7.3%
2026-09-29 02:23:36.599|DEBUG|ArtifactScraper|Parsing artifact substat: hp+209
2026-09-29 02:23:36.599|DEBUG|ArtifactScraper|Parsing artifact substat: atk+16
2026-09-29 02:23:36.599|DEBUG|ArtifactScraper|Parsing artifact substat: def+16
2026-09-29 02:23:36.770|DEBUG|ArtifactScraper|Parsing artifact substat: energyrecharge+4.5%
2026-09-29 02:23:36.770|DEBUG|ArtifactScraper|Parsing artifact substat: hp+299
2026-09-29 02:23:36.770|DEBUG|ArtifactScraper|Parsing artifact substat: def+7.3%
2026-09-29 02:23:36.770|DEBUG|ArtifactScraper|Parsing artifact substat: def+23
2026-09-29 02:23:37.137|DEBUG|ArtifactScraper|Parsing artifact substat: atk+18
2026-09-29 02:23:37.137|DEBUG|ArtifactScraper|Parsing artifact substat: def+16
2026-09-29 02:23:37.137|DEBUG|ArtifactScraper|Parsing artifact substat: critdmg+7.8%
2026-09-29 02:23:37.137|DEBUG|ArtifactScraper|Parsing artifact substat: atk+5.8%
2026-09-29 02:23:37.142|DEBUG|ArtifactScraper|Parsing artifact substat: energyrecharge+5.2%
2026-09-29 02:23:37.142|DEBUG|ArtifactScraper|Parsing artifact substat: elementalmastery+21
2026-09-29 02:23:37.142|DEBUG|ArtifactScraper|Parsing artifact substat: def+23
2026-09-29 02:23:37.142|DEBUG|ArtifactScraper|Parsing artifact substat: critdmg+5.4%
2026-09-29 02:23:37.265|DEBUG|ArtifactScraper|Parsing artifact substat: atk+19
2026-09-29 02:23:37.265|DEBUG|ArtifactScraper|Parsing artifact substat: critrate+3.5%
2026-09-29 02:23:37.265|DEBUG|ArtifactScraper|Parsing artifact substat: def+19
2026-09-29 02:23:37.265|DEBUG|ArtifactScraper|Parsing artifact substat: hp+299
2026-09-29 02:23:37.603|DEBUG|ArtifactScraper|Parsing artifact substat: atk+14
2026-09-29 02:23:37.603|DEBUG|ArtifactScraper|Parsing artifact substat: hp+239
2026-09-29 02:23:37.603|DEBUG|ArtifactScraper|Parsing artifact substat: def+5.8%
2026-09-29 02:23:37.603|DEBUG|ArtifactScraper|Parsing artifact substat: critrate+2.7%
2026-09-29 02:23:37.603|DEBUG|ArtifactScraper|Parsing artifact substat: def+21
2026-09-29 02:23:37.603|DEBUG|ArtifactScraper|Parsing artifact substat: critdmg+5.4%
2026-09-29 02:23:37.603|DEBUG|ArtifactScraper|Parsing artifact substat: atk+4.1%
2026-09-29 02:23:37.603|DEBUG|ArtifactScraper|Parsing artifact substat: hp+4.7%
2026-09-29 02:23:38.006|DEBUG|ArtifactScraper|Parsing artifact substat: atk+18
2026-09-29 02:23:38.006|DEBUG|ArtifactScraper|Parsing artifact substat: hp+269
2026-09-29 02:23:38.006|DEBUG|ArtifactScraper|Parsing artifact substat: energyrecharge+5.2%
2026-09-29 02:23:38.006|DEBUG|ArtifactScraper|Parsing artifact substat: elementalmastery+21
2026-09-29 02:23:38.065|DEBUG|ArtifactScraper|Parsing artifact substat: critrate+2.7%
2026-09-29 02:23:38.065|DEBUG|ArtifactScraper|Parsing artifact substat: def+5.1%
2026-09-29 02:23:38.065|DEBUG|ArtifactScraper|Parsing artifact substat: atk+18
2026-09-29 02:23:38.065|DEBUG|ArtifactScraper|Parsing artifact substat: def+23
2026-09-29 02:23:38.335|DEBUG|ArtifactScraper|Parsing artifact substat: hp+269
2026-09-29 02:23:38.335|DEBUG|ArtifactScraper|Parsing artifact substat: def+21
2026-09-29 02:23:38.335|DEBUG|ArtifactScraper|Parsing artifact substat: atk+16
2026-09-29 02:23:38.335|DEBUG|ArtifactScraper|Parsing artifact substat: def+5.1%
2026-09-29 02:23:38.542|DEBUG|ArtifactScraper|Parsing artifact substat: def+21
2026-09-29 02:23:38.542|DEBUG|ArtifactScraper|Parsing artifact substat: critdmg+7.8%
2026-09-29 02:23:38.542|DEBUG|ArtifactScraper|Parsing artifact substat: atk+14
2026-09-29 02:23:38.542|DEBUG|ArtifactScraper|Parsing artifact substat: energyrecharge+5.8%
2026-09-29 02:23:38.638|DEBUG|ArtifactScraper|Parsing artifact substat: hp+5.8%
2026-09-29 02:23:38.638|DEBUG|ArtifactScraper|Parsing artifact substat: critdmg+7.8%
2026-09-29 02:23:38.638|DEBUG|ArtifactScraper|Parsing artifact substat: elementalmastery+19
2026-09-29 02:23:38.638|DEBUG|ArtifactScraper|Parsing artifact substat: hp+209(unactivated)
2026-09-29 02:23:38.867|DEBUG|ArtifactScraper|Parsing artifact substat: atk+16
2026-09-29 02:23:38.867|DEBUG|ArtifactScraper|Parsing artifact substat: hp+299
2026-09-29 02:23:38.867|DEBUG|ArtifactScraper|Parsing artifact substat: critdmg+7.0%
2026-09-29 02:23:38.867|DEBUG|ArtifactScraper|Parsing artifact substat: elementalmastery+21
2026-09-29 02:23:39.162|DEBUG|ArtifactScraper|Parsing artifact substat: energyrecharge+5.2%
2026-09-29 02:23:39.162|DEBUG|ArtifactScraper|Parsing artifact substat: atk+4.1%
2026-09-29 02:23:39.162|DEBUG|ArtifactScraper|Parsing artifact substat: atk+18
2026-09-29 02:23:39.162|DEBUG|ArtifactScraper|Parsing artifact substat: def+5.8%(unactivated)
2026-09-29 02:23:39.178|DEBUG|ArtifactScraper|Parsing artifact substat: def+5.8%
2026-09-29 02:23:39.178|DEBUG|ArtifactScraper|Parsing artifact substat: hp+239
2026-09-29 02:23:39.178|DEBUG|ArtifactScraper|Parsing artifact substat: atk+4.7%
2026-09-29 02:23:39.178|DEBUG|ArtifactScraper|Parsing artifact substat: atk+19(unactivated)
2026-09-29 02:23:39.417|DEBUG|ArtifactScraper|Parsing artifact substat: hp+239
2026-09-29 02:23:39.417|DEBUG|ArtifactScraper|Parsing artifact substat: critdmg+7.8%
2026-09-29 02:23:39.417|DEBUG|ArtifactScraper|Parsing artifact substat: elementalmastery+21
2026-09-29 02:23:39.417|DEBUG|ArtifactScraper|Parsing artifact substat: energyrecharge+5.8%
2026-09-29 02:23:39.744|DEBUG|ArtifactScraper|Parsing artifact substat: def+21
2026-09-29 02:23:39.744|DEBUG|ArtifactScraper|Parsing artifact substat: critrate+3.1%
2026-09-29 02:23:39.744|DEBUG|ArtifactScraper|Parsing artifact substat: hp+4.1%
2026-09-29 02:23:39.744|DEBUG|ArtifactScraper|Parsing artifact substat: atk+18(unactivated)
2026-09-29 02:23:39.761|DEBUG|ArtifactScraper|Parsing artifact substat: def+5.1%
2026-09-29 02:23:39.761|DEBUG|ArtifactScraper|Parsing artifact substat: elementalmastery+21
2026-09-29 02:23:39.761|DEBUG|ArtifactScraper|Parsing artifact substat: hp+299
2026-09-29 02:23:39.761|DEBUG|ArtifactScraper|Parsing artifact substat: def+19(unactivated)
2026-09-29 02:23:40.015|DEBUG|ArtifactScraper|Parsing artifact substat: atk+18
2026-09-29 02:23:40.015|DEBUG|ArtifactScraper|Parsing artifact substat: atk+4.7%
2026-09-29 02:23:40.016|DEBUG|ArtifactScraper|Parsing artifact substat: hp+269
2026-09-29 02:23:40.016|DEBUG|ArtifactScraper|Parsing artifact substat: critdmg+5.4%(unactivated)
2026-09-29 02:23:40.310|DEBUG|ArtifactScraper|Parsing artifact substat: atk+4.1%
2026-09-29 02:23:40.310|DEBUG|ArtifactScraper|Parsing artifact substat: hp+5.8%
2026-09-29 02:23:40.310|DEBUG|ArtifactScraper|Parsing artifact substat: critdmg+7.0%
2026-09-29 02:23:40.310|DEBUG|ArtifactScraper|Parsing artifact substat: hp+239(unactivated)
2026-09-29 02:23:40.435|DEBUG|ArtifactScraper|Parsing artifact substat: critdmg+6.2%
2026-09-29 02:23:40.435|DEBUG|ArtifactScraper|Parsing artifact substat: hp+209
2026-09-29 02:23:40.435|DEBUG|ArtifactScraper|Parsing artifact substat: elementalmastery+16
2026-09-29 02:23:40.435|DEBUG|ArtifactScraper|Parsing artifact substat: atk+16(unactivated)
2026-09-29 02:23:40.647|DEBUG|ArtifactScraper|Parsing artifact substat: critdmg+7.0%
2026-09-29 02:23:40.647|DEBUG|ArtifactScraper|Parsing artifact substat: atk+14
2026-09-29 02:23:40.647|DEBUG|ArtifactScraper|Parsing artifact substat: def+16
2026-09-29 02:23:40.647|DEBUG|ArtifactScraper|Parsing artifact substat: hp+209(unactivated)
2026-09-29 02:23:40.658|DEBUG|ArtifactScraper|Finished queuing page of artifacts. Scrolling...
2026-09-29 02:23:40.924|DEBUG|ArtifactScraper|Parsing artifact substat: def+19
2026-09-29 02:23:40.924|DEBUG|ArtifactScraper|Parsing artifact substat: hp+269
2026-09-29 02:23:40.924|DEBUG|ArtifactScraper|Parsing artifact substat: atk+19
2026-09-29 02:23:40.924|DEBUG|ArtifactScraper|Parsing artifact substat: def+5.8%(unactivated)
2026-09-29 02:23:41.022|DEBUG|ArtifactScraper|Parsing artifact substat: hp+269
2026-09-29 02:23:41.022|DEBUG|ArtifactScraper|Parsing artifact substat: elementalmastery+19
2026-09-29 02:23:41.022|DEBUG|ArtifactScraper|Parsing artifact substat: def+5.8%
2026-09-29 02:23:41.022|DEBUG|ArtifactScraper|Parsing artifact substat: def+19(unactivated)
2026-09-29 02:23:41.237|DEBUG|ArtifactScraper|Parsing artifact substat: def+21
2026-09-29 02:23:41.237|DEBUG|ArtifactScraper|Parsing artifact substat: atk+18
2026-09-29 02:23:41.237|DEBUG|ArtifactScraper|Parsing artifact substat: hp+239
2026-09-29 02:23:41.237|DEBUG|ArtifactScraper|Parsing artifact substat: atk+5.8%(unactivated)
2026-09-29 02:23:41.421|DEBUG|ArtifactScraper|Parsing artifact substat: hp+239
2026-09-29 02:23:41.421|DEBUG|ArtifactScraper|Parsing artifact substat: elementalmastery+19
2026-09-29 02:23:41.421|DEBUG|ArtifactScraper|Parsing artifact substat: atk+19
2026-09-29 02:23:41.421|DEBUG|ArtifactScraper|Parsing artifact substat: def+6.6%
2026-09-29 02:23:43.643|DEBUG|ArtifactScraper|Scanning artifact page 40
2026-09-29 02:23:43.643|DEBUG|ArtifactScraper|Located 32 possible item locations on page.
2026-09-29 02:23:44.205|DEBUG|ArtifactScraper|Parsing artifact substat: atk+14
2026-09-29 02:23:44.205|DEBUG|ArtifactScraper|Parsing artifact substat: hp+209
2026-09-29 02:23:44.205|DEBUG|ArtifactScraper|Parsing artifact substat: critdmg+6.2%
2026-09-29 02:23:44.205|DEBUG|ArtifactScraper|Parsing artifact substat: elementalmastery+23
2026-09-29 02:23:44.564|DEBUG|ArtifactScraper|Parsing artifact substat: critrate+2.7%
2026-09-29 02:23:44.564|DEBUG|ArtifactScraper|Parsing artifact substat: atk+14
2026-09-29 02:23:44.564|DEBUG|ArtifactScraper|Parsing artifact substat: atk+4.1%
2026-09-29 02:23:44.564|DEBUG|ArtifactScraper|Parsing artifact substat: def+19
2026-09-29 02:23:44.604|DEBUG|ArtifactScraper|Parsing artifact substat: hp+5.8%
2026-09-29 02:23:44.604|DEBUG|ArtifactScraper|Parsing artifact substat: hp+299
2026-09-29 02:23:44.604|DEBUG|ArtifactScraper|Parsing artifact substat: critdmg+6.2%
2026-09-29 02:23:44.604|DEBUG|ArtifactScraper|Parsing artifact substat: atk+19
2026-09-29 02:23:44.976|DEBUG|ArtifactScraper|Parsing artifact substat: elementalmastery+16
2026-09-29 02:23:44.976|DEBUG|ArtifactScraper|Parsing artifact substat: energyrecharge+5.2%
2026-09-29 02:23:44.976|DEBUG|ArtifactScraper|Parsing artifact substat: hp+269
2026-09-29 02:23:44.976|DEBUG|ArtifactScraper|Parsing artifact substat: hp+4.7%
2026-09-29 02:23:45.095|DEBUG|ArtifactScraper|Parsing artifact substat: energyrecharge+5.2%
2026-09-29 02:23:45.095|DEBUG|ArtifactScraper|Parsing artifact substat: atk+19
2026-09-29 02:23:45.095|DEBUG|ArtifactScraper|Parsing artifact substat: critrate+3.1%
2026-09-29 02:23:45.095|DEBUG|ArtifactScraper|Parsing artifact substat: hp+4.1%
2026-09-29 02:23:45.394|DEBUG|ArtifactScraper|Parsing artifact substat: elementalmastery+21
2026-09-29 02:23:45.394|DEBUG|ArtifactScraper|Parsing artifact substat: def+19
2026-09-29 02:23:45.394|DEBUG|ArtifactScraper|Parsing artifact substat: atk+4.7%
2026-09-29 02:23:45.394|DEBUG|ArtifactScraper|Parsing artifact substat: def+5.8%
2026-09-29 02:23:45.544|DEBUG|ArtifactScraper|Parsing artifact substat: elementalmastery+23
2026-09-29 02:23:45.544|DEBUG|ArtifactScraper|Parsing artifact substat: energyrecharge+5.8%
2026-09-29 02:23:45.544|DEBUG|ArtifactScraper|Parsing artifact substat: def+6.6%
2026-09-29 02:23:45.544|DEBUG|ArtifactScraper|Parsing artifact substat: hp+299
2026-09-29 02:23:45.693|DEBUG|ArtifactScraper|Parsing artifact substat: atk+18
2026-09-29 02:23:45.693|DEBUG|ArtifactScraper|Parsing artifact substat: critrate+3.5%
2026-09-29 02:23:45.693|DEBUG|ArtifactScraper|Parsing artifact substat: elementalmastery+21
2026-09-29 02:23:45.693|DEBUG|ArtifactScraper|Parsing artifact substat: energyrecharge+5.8%
2026-09-29 02:23:45.914|DEBUG|ArtifactScraper|Parsing artifact substat: def+6.6%
2026-09-29 02:23:45.914|DEBUG|ArtifactScraper|Parsing artifact substat: critrate+3.9%
2026-09-29 02:23:45.914|DEBUG|ArtifactScraper|Parsing artifact substat: critdmg+5.4%
2026-09-29 02:23:45.914|DEBUG|ArtifactScraper|Parsing artifact substat: def+21
2026-09-29 02:23:46.107|DEBUG|ArtifactScraper|Parsing artifact substat: hp+269
2026-09-29 02:23:46.107|DEBUG|ArtifactScraper|Parsing artifact substat: def+23
2026-09-29 02:23:46.107|DEBUG|ArtifactScraper|Parsing artifact substat: energyrecharge+5.8%
2026-09-29 02:23:46.107|DEBUG|ArtifactScraper|Parsing artifact substat: elementalmastery+16
2026-09-29 02:23:46.234|DEBUG|ArtifactScraper|Parsing artifact substat: atk+16
2026-09-29 02:23:46.234|DEBUG|ArtifactScraper|Parsing artifact substat: hp+5.8%
2026-09-29 02:23:46.234|DEBUG|ArtifactScraper|Parsing artifact substat: def+6.6%
2026-09-29 02:23:46.234|DEBUG|ArtifactScraper|Parsing artifact substat: atk+4.7%
2026-09-29 02:23:46.495|DEBUG|ArtifactScraper|Parsing artifact substat: energyrecharge+4.5%
2026-09-29 02:23:46.495|DEBUG|ArtifactScraper|Parsing artifact substat: critdmg+5.4%
2026-09-29 02:23:46.495|DEBUG|ArtifactScraper|Parsing artifact substat: critrate+3.9%
2026-09-29 02:23:46.495|DEBUG|ArtifactScraper|Parsing artifact substat: atk+16
2026-09-29 02:23:46.720|DEBUG|ArtifactScraper|Parsing artifact substat: energyrecharge+4.5%
2026-09-29 02:23:46.720|DEBUG|ArtifactScraper|Parsing artifact substat: critdmg+7.0%
2026-09-29 02:23:46.720|DEBUG|ArtifactScraper|Parsing artifact substat: atk+4.1%
2026-09-29 02:23:46.720|DEBUG|ArtifactScraper|Parsing artifact substat: elementalmastery+19
2026-09-29 02:23:46.762|DEBUG|ArtifactScraper|Parsing artifact substat: def+23
2026-09-29 02:23:46.762|DEBUG|ArtifactScraper|Parsing artifact substat: hp+239
2026-09-29 02:23:46.762|DEBUG|ArtifactScraper|Parsing artifact substat: critrate+3.1%
2026-09-29 02:23:46.762|DEBUG|ArtifactScraper|Parsing artifact substat: energyrecharge+4.5%
2026-09-29 02:23:47.074|DEBUG|ArtifactScraper|Parsing artifact substat: critdmg+6.2%
2026-09-29 02:23:47.074|DEBUG|ArtifactScraper|Parsing artifact substat: def+23
2026-09-29 02:23:47.074|DEBUG|ArtifactScraper|Parsing artifact substat: hp+269
2026-09-29 02:23:47.074|DEBUG|ArtifactScraper|Parsing artifact substat: elementalmastery+19
2026-09-29 02:23:47.278|DEBUG|ArtifactScraper|Parsing artifact substat: atk+16
2026-09-29 02:23:47.278|DEBUG|ArtifactScraper|Parsing artifact substat: critrate+3.1%
2026-09-29 02:23:47.278|DEBUG|ArtifactScraper|Parsing artifact substat: critdmg+5.4%
2026-09-29 02:23:47.278|DEBUG|ArtifactScraper|Parsing artifact substat: hp+269
2026-09-29 02:23:47.320|DEBUG|ArtifactScraper|Parsing artifact substat: critrate+3.9%
2026-09-29 02:23:47.320|DEBUG|ArtifactScraper|Parsing artifact substat: hp+4.1%
2026-09-29 02:23:47.320|DEBUG|ArtifactScraper|Parsing artifact substat: atk+16
2026-09-29 02:23:47.320|DEBUG|ArtifactScraper|Parsing artifact substat: atk+4.1%
2026-09-29 02:23:47.648|DEBUG|ArtifactScraper|Parsing artifact substat: atk+18
2026-09-29 02:23:47.648|DEBUG|ArtifactScraper|Parsing artifact substat: critrate+3.9%
2026-09-29 02:23:47.648|DEBUG|ArtifactScraper|Parsing artifact substat: energyrecharge+6.5%
2026-09-29 02:23:47.648|DEBUG|ArtifactScraper|Parsing artifact substat: hp+299
2026-09-29 02:23:47.833|DEBUG|ArtifactScraper|Parsing artifact substat: elementalmastery+19
2026-09-29 02:23:47.833|DEBUG|ArtifactScraper|Parsing artifact substat: def+6.6%
2026-09-29 02:23:47.833|DEBUG|ArtifactScraper|Parsing artifact substat: def+23
2026-09-29 02:23:47.833|DEBUG|ArtifactScraper|Parsing artifact substat: hp+269
2026-09-29 02:23:47.994|DEBUG|ArtifactScraper|Parsing artifact substat: hp+239
2026-09-29 02:23:47.994|DEBUG|ArtifactScraper|Parsing artifact substat: atk+5.8%
2026-09-29 02:23:47.994|DEBUG|ArtifactScraper|Parsing artifact substat: atk+14
2026-09-29 02:23:47.994|DEBUG|ArtifactScraper|Parsing artifact substat: energyrecharge+5.2%
2026-09-29 02:23:48.232|DEBUG|ArtifactScraper|Parsing artifact substat: hp+5.3%
2026-09-29 02:23:48.232|DEBUG|ArtifactScraper|Parsing artifact substat: hp+269
2026-09-29 02:23:48.232|DEBUG|ArtifactScraper|Parsing artifact substat: def+21
2026-09-29 02:23:48.232|DEBUG|ArtifactScraper|Parsing artifact substat: energyrecharge+5.2%
2026-09-29 02:23:48.410|DEBUG|ArtifactScraper|Parsing artifact substat: atk+14
2026-09-29 02:23:48.410|DEBUG|ArtifactScraper|Parsing artifact substat: atk+4.1%
2026-09-29 02:23:48.410|DEBUG|ArtifactScraper|Parsing artifact substat: def+21
2026-09-29 02:23:48.410|DEBUG|ArtifactScraper|Parsing artifact substat: hp+299(unactivated)
2026-09-29 02:23:48.592|DEBUG|ArtifactScraper|Parsing artifact substat: def+23
2026-09-29 02:23:48.592|DEBUG|ArtifactScraper|Parsing artifact substat: critdmg+7.0%
2026-09-29 02:23:48.592|DEBUG|ArtifactScraper|Parsing artifact substat: atk+14
2026-09-29 02:23:48.592|DEBUG|ArtifactScraper|Parsing artifact substat: hp+269(unactivated)
2026-09-29 02:23:48.856|DEBUG|ArtifactScraper|Parsing artifact substat: atk+18
2026-09-29 02:23:48.856|DEBUG|ArtifactScraper|Parsing artifact substat: energyrecharge+4.5%
2026-09-29 02:23:48.856|DEBUG|ArtifactScraper|Parsing artifact substat: def+23
2026-09-29 02:23:48.856|DEBUG|ArtifactScraper|Parsing artifact substat: critrate+3.5%(unactivated)
2026-09-29 02:23:49.075|DEBUG|ArtifactScraper|Parsing artifact substat: elementalmastery+16
2026-09-29 02:23:49.075|DEBUG|ArtifactScraper|Parsing artifact substat: def+5.8%
2026-09-29 02:23:49.075|DEBUG|ArtifactScraper|Parsing artifact substat: critdmg+6.2%
2026-09-29 02:23:49.075|DEBUG|ArtifactScraper|Parsing artifact substat: atk+16(unactivated)
2026-09-29 02:23:49.178|DEBUG|ArtifactScraper|Parsing artifact substat: energyrecharge+5.8%
2026-09-29 02:23:49.178|DEBUG|ArtifactScraper|Parsing artifact substat: def+19
2026-09-29 02:23:49.178|DEBUG|ArtifactScraper|Parsing artifact substat: atk+19
2026-09-29 02:23:49.178|DEBUG|ArtifactScraper|Parsing artifact substat: elementalmastery+23
2026-09-29 02:23:49.487|DEBUG|ArtifactScraper|Parsing artifact substat: def+5.8%
2026-09-29 02:23:49.487|DEBUG|ArtifactScraper|Parsing artifact substat: elementalmastery+23
2026-09-29 02:23:49.487|DEBUG|ArtifactScraper|Parsing artifact substat: atk+19
2026-09-29 02:23:49.487|DEBUG|ArtifactScraper|Parsing artifact substat: atk+5.8%(unactivated)
2026-09-29 02:23:49.645|DEBUG|ArtifactScraper|Parsing artifact substat: energyrecharge+4.5%
2026-09-29 02:23:49.645|DEBUG|ArtifactScraper|Parsing artifact substat: hp+239
2026-09-29 02:23:49.645|DEBUG|ArtifactScraper|Parsing artifact substat: hp+4.1%
2026-09-29 02:23:49.645|DEBUG|ArtifactScraper|Parsing artifact substat: elementalmastery+19
2026-09-29 02:23:49.667|DEBUG|ArtifactScraper|Finished queuing page of artifacts. Scrolling...
2026-09-29 02:23:49.727|DEBUG|ArtifactScraper|Parsing artifact substat: critrate+3.1%
2026-09-29 02:23:49.727|DEBUG|ArtifactScraper|Parsing artifact substat: hp+209
2026-09-29 02:23:49.727|DEBUG|ArtifactScraper|Parsing artifact substat: atk+5.3%
2026-09-29 02:23:49.727|DEBUG|ArtifactScraper|Parsing artifact substat: def+5.1%(unactivated)
2026-09-29 02:23:50.092|DEBUG|ArtifactScraper|Parsing artifact substat: atk+18
2026-09-29 02:23:50.093|DEBUG|ArtifactScraper|Parsing artifact substat: critdmg+7.0%
2026-09-29 02:23:50.093|DEBUG|ArtifactScraper|Parsing artifact substat: hp+209
2026-09-29 02:23:50.093|DEBUG|ArtifactScraper|Parsing artifact substat: critrate+3.5%(unactivated)
2026-09-29 02:23:50.280|DEBUG|ArtifactScraper|Parsing artifact substat: elementalmastery+19
2026-09-29 02:23:50.280|DEBUG|ArtifactScraper|Parsing artifact substat: energyrecharge+4.5%
2026-09-29 02:23:50.280|DEBUG|ArtifactScraper|Parsing artifact substat: def+5.1%
2026-09-29 02:23:50.280|DEBUG|ArtifactScraper|Parsing artifact substat: critdmg+7.8%(unactivated)
2026-09-29 02:23:50.302|DEBUG|ArtifactScraper|Parsing artifact substat: elementalmastery+21
2026-09-29 02:23:50.302|DEBUG|ArtifactScraper|Parsing artifact substat: hp+269
2026-09-29 02:23:50.302|DEBUG|ArtifactScraper|Parsing artifact substat: energyrecharge+5.2%
2026-09-29 02:23:50.302|DEBUG|ArtifactScraper|Parsing artifact substat: atk+18(unactivated)
2026-09-29 02:23:52.558|DEBUG|ArtifactScraper|Scanning artifact page 41
2026-09-29 02:23:52.558|DEBUG|ArtifactScraper|Located 32 possible item locations on page.
2026-09-29 02:23:53.188|DEBUG|ArtifactScraper|Parsing artifact substat: atk+4.1%
2026-09-29 02:23:53.188|DEBUG|ArtifactScraper|Parsing artifact substat: def+7.3%
2026-09-29 02:23:53.188|DEBUG|ArtifactScraper|Parsing artifact substat: atk+18
2026-09-29 02:23:53.188|DEBUG|ArtifactScraper|Parsing artifact substat: energyrecharge+5.8%
2026-09-29 02:23:53.354|DEBUG|ArtifactScraper|Parsing artifact substat: atk+4.7%
2026-09-29 02:23:53.354|DEBUG|ArtifactScraper|Parsing artifact substat: atk+14
2026-09-29 02:23:53.354|DEBUG|ArtifactScraper|Parsing artifact substat: def+5.8%
2026-09-29 02:23:53.354|DEBUG|ArtifactScraper|Parsing artifact substat: hp+209(unactivated)
2026-09-29 02:23:53.642|DEBUG|ArtifactScraper|Parsing artifact substat: critrate+3.5%
2026-09-29 02:23:53.642|DEBUG|ArtifactScraper|Parsing artifact substat: hp+239
2026-09-29 02:23:53.642|DEBUG|ArtifactScraper|Parsing artifact substat: atk+4.7%
2026-09-29 02:23:53.642|DEBUG|ArtifactScraper|Parsing artifact substat: def+23(unactivated)
2026-09-29 02:23:53.860|DEBUG|ArtifactScraper|Parsing artifact substat: def+21
2026-09-29 02:23:53.860|DEBUG|ArtifactScraper|Parsing artifact substat: atk+5.3%
2026-09-29 02:23:53.860|DEBUG|ArtifactScraper|Parsing artifact substat: atk+16
2026-09-29 02:23:53.860|DEBUG|ArtifactScraper|Parsing artifact substat: energyrecharge+5.2%
2026-09-29 02:23:54.068|DEBUG|ArtifactScraper|Parsing artifact substat: elementalmastery+19
2026-09-29 02:23:54.068|DEBUG|ArtifactScraper|Parsing artifact substat: atk+5.3%
2026-09-29 02:23:54.068|DEBUG|ArtifactScraper|Parsing artifact substat: energyrecharge+6.5%
2026-09-29 02:23:54.068|DEBUG|ArtifactScraper|Parsing artifact substat: hp+209(unactivated)
2026-09-29 02:23:54.216|DEBUG|ArtifactScraper|Parsing artifact substat: def+16
2026-09-29 02:23:54.216|DEBUG|ArtifactScraper|Parsing artifact substat: hp+4.1%
2026-09-29 02:23:54.216|DEBUG|ArtifactScraper|Parsing artifact substat: energyrecharge+6.5%
2026-09-29 02:23:54.216|DEBUG|ArtifactScraper|Parsing artifact substat: hp+299(unactivated)
2026-09-29 02:23:54.460|DEBUG|ArtifactScraper|Parsing artifact substat: energyrecharge+5.8%
2026-09-29 02:23:54.460|DEBUG|ArtifactScraper|Parsing artifact substat: atk+19
2026-09-29 02:23:54.460|DEBUG|ArtifactScraper|Parsing artifact substat: def+19
2026-09-29 02:23:54.460|DEBUG|ArtifactScraper|Parsing artifact substat: critrate+3.1%(unactivated)
2026-09-29 02:23:54.623|DEBUG|ArtifactScraper|Parsing artifact substat: atk+16
2026-09-29 02:23:54.623|DEBUG|ArtifactScraper|Parsing artifact substat: def+5.1%
2026-09-29 02:23:54.623|DEBUG|ArtifactScraper|Parsing artifact substat: atk+5.8%
2026-09-29 02:23:54.623|DEBUG|ArtifactScraper|Parsing artifact substat: energyrecharge+4.5%
2026-09-29 02:23:54.787|DEBUG|ArtifactScraper|Parsing artifact substat: atk+18
2026-09-29 02:23:54.787|DEBUG|ArtifactScraper|Parsing artifact substat: hp+5.3%
2026-09-29 02:23:54.787|DEBUG|ArtifactScraper|Parsing artifact substat: energyrecharge+6.5%
2026-09-29 02:23:54.787|DEBUG|ArtifactScraper|Parsing artifact substat: def+23(unactivated)
2026-09-29 02:23:55.017|DEBUG|ArtifactScraper|Parsing artifact substat: hp+5.3%
2026-09-29 02:23:55.017|DEBUG|ArtifactScraper|Parsing artifact substat: hp+239
2026-09-29 02:23:55.017|DEBUG|ArtifactScraper|Parsing artifact substat: critrate+3.9%
2026-09-29 02:23:55.017|DEBUG|ArtifactScraper|Parsing artifact substat: energyrecharge+6.5%
2026-09-29 02:23:55.197|DEBUG|ArtifactScraper|Parsing artifact substat: atk+16
2026-09-29 02:23:55.197|DEBUG|ArtifactScraper|Parsing artifact substat: def+21
2026-09-29 02:23:55.197|DEBUG|ArtifactScraper|Parsing artifact substat: atk+5.3%
2026-09-29 02:23:55.197|DEBUG|ArtifactScraper|Parsing artifact substat: energyrecharge+4.5%
2026-09-29 02:23:55.346|DEBUG|ArtifactScraper|Parsing artifact substat: hp+299
2026-09-29 02:23:55.346|DEBUG|ArtifactScraper|Parsing artifact substat: def+5.1%
2026-09-29 02:23:55.346|DEBUG|ArtifactScraper|Parsing artifact substat: atk+4.7%
2026-09-29 02:23:55.346|DEBUG|ArtifactScraper|Parsing artifact substat: def+21(unactivated)
2026-09-29 02:23:55.589|DEBUG|ArtifactScraper|Parsing artifact substat: hp+5.8%
2026-09-29 02:23:55.589|DEBUG|ArtifactScraper|Parsing artifact substat: elementalmastery+16
2026-09-29 02:23:55.589|DEBUG|ArtifactScraper|Parsing artifact substat: def+16
2026-09-29 02:23:55.589|DEBUG|ArtifactScraper|Parsing artifact substat: atk+5.3%(unactivated)
2026-09-29 02:23:55.722|DEBUG|ArtifactScraper|Parsing artifact substat: atk+16
2026-09-29 02:23:55.722|DEBUG|ArtifactScraper|Parsing artifact substat: critdmg+5.4%
2026-09-29 02:23:55.722|DEBUG|ArtifactScraper|Parsing artifact substat: hp+209
2026-09-29 02:23:55.722|DEBUG|ArtifactScraper|Parsing artifact substat: energyrecharge+5.2%
2026-09-29 02:23:55.845|DEBUG|ArtifactScraper|Parsing artifact substat: energyrecharge+4.5%
2026-09-29 02:23:55.845|DEBUG|ArtifactScraper|Parsing artifact substat: elementalmastery+23
2026-09-29 02:23:55.845|DEBUG|ArtifactScraper|Parsing artifact substat: atk+5.8%
2026-09-29 02:23:55.845|DEBUG|ArtifactScraper|Parsing artifact substat: hp+269(unactivated)
2026-09-29 02:23:56.353|DEBUG|ArtifactScraper|Parsing artifact substat: atk+18
2026-09-29 02:23:56.353|DEBUG|ArtifactScraper|Parsing artifact substat: atk+4.7%
2026-09-29 02:23:56.353|DEBUG|ArtifactScraper|Parsing artifact substat: def+16
2026-09-29 02:23:56.353|DEBUG|ArtifactScraper|Parsing artifact substat: elementalmastery+23
2026-09-29 02:23:56.411|DEBUG|ArtifactScraper|Parsing artifact substat: hp+4.7%
2026-09-29 02:23:56.411|DEBUG|ArtifactScraper|Parsing artifact substat: hp+269
2026-09-29 02:23:56.411|DEBUG|ArtifactScraper|Parsing artifact substat: atk+16
2026-09-29 02:23:56.411|DEBUG|ArtifactScraper|Parsing artifact substat: critdmg+6.2%(unactivated)
2026-09-29 02:23:56.448|DEBUG|ArtifactScraper|Parsing artifact substat: atk+5.3%
2026-09-29 02:23:56.448|DEBUG|ArtifactScraper|Parsing artifact substat: critdmg+6.2%
2026-09-29 02:23:56.448|DEBUG|ArtifactScraper|Parsing artifact substat: def+7.3%
2026-09-29 02:23:56.448|DEBUG|ArtifactScraper|Parsing artifact substat: hp+4.7%(unactivated)
2026-09-29 02:23:56.902|DEBUG|ArtifactScraper|Parsing artifact substat: hp+209
2026-09-29 02:23:56.902|DEBUG|ArtifactScraper|Parsing artifact substat: def+16
2026-09-29 02:23:56.902|DEBUG|ArtifactScraper|Parsing artifact substat: energyrecharge+5.2%
2026-09-29 02:23:56.902|DEBUG|ArtifactScraper|Parsing artifact substat: elementalmastery+19
2026-09-29 02:23:56.959|DEBUG|ArtifactScraper|Parsing artifact substat: atk+19
2026-09-29 02:23:56.959|DEBUG|ArtifactScraper|Parsing artifact substat: hp+5.8%
2026-09-29 02:23:56.959|DEBUG|ArtifactScraper|Parsing artifact substat: elementalmastery+16
2026-09-29 02:23:56.959|DEBUG|ArtifactScraper|Parsing artifact substat: hp+239(unactivated)
2026-09-29 02:23:57.044|DEBUG|ArtifactScraper|Parsing artifact substat: critrate+3.5%
2026-09-29 02:23:57.044|DEBUG|ArtifactScraper|Parsing artifact substat: elementalmastery+19
2026-09-29 02:23:57.044|DEBUG|ArtifactScraper|Parsing artifact substat: atk+19
2026-09-29 02:23:57.044|DEBUG|ArtifactScraper|Parsing artifact substat: hp+299(unactivated)
2026-09-29 02:23:57.434|DEBUG|ArtifactScraper|Parsing artifact substat: def+23
2026-09-29 02:23:57.434|DEBUG|ArtifactScraper|Parsing artifact substat: hp+4.7%
2026-09-29 02:23:57.434|DEBUG|ArtifactScraper|Parsing artifact substat: atk+19
2026-09-29 02:23:57.434|DEBUG|ArtifactScraper|Parsing artifact substat: critrate+3.5%(unactivated)
2026-09-29 02:23:57.540|DEBUG|ArtifactScraper|Parsing artifact substat: atk+19
2026-09-29 02:23:57.540|DEBUG|ArtifactScraper|Parsing artifact substat: elementalmastery+23
2026-09-29 02:23:57.540|DEBUG|ArtifactScraper|Parsing artifact substat: atk+5.3%
2026-09-29 02:23:57.540|DEBUG|ArtifactScraper|Parsing artifact substat: def+5.8%
2026-09-29 02:23:57.608|DEBUG|ArtifactScraper|Parsing artifact substat: hp+269
2026-09-29 02:23:57.608|DEBUG|ArtifactScraper|Parsing artifact substat: critrate+3.5%
2026-09-29 02:23:57.608|DEBUG|ArtifactScraper|Parsing artifact substat: atk+16
2026-09-29 02:23:57.608|DEBUG|ArtifactScraper|Parsing artifact substat: elementalmastery+21
2026-09-29 02:23:58.022|DEBUG|ArtifactScraper|Parsing artifact substat: hp+299
2026-09-29 02:23:58.022|DEBUG|ArtifactScraper|Parsing artifact substat: atk+16
2026-09-29 02:23:58.022|DEBUG|ArtifactScraper|Parsing artifact substat: def+23
2026-09-29 02:23:58.022|DEBUG|ArtifactScraper|Parsing artifact substat: elementalmastery+23
2026-09-29 02:23:58.140|DEBUG|ArtifactScraper|Parsing artifact substat: def+23
2026-09-29 02:23:58.140|DEBUG|ArtifactScraper|Parsing artifact substat: elementalmastery+21
2026-09-29 02:23:58.140|DEBUG|ArtifactScraper|Parsing artifact substat: critdmg+7.0%
2026-09-29 02:23:58.140|DEBUG|ArtifactScraper|Parsing artifact substat: hp+4.7%
2026-09-29 02:23:58.158|DEBUG|ArtifactScraper|Parsing artifact substat: atk+5.8%
2026-09-29 02:23:58.158|DEBUG|ArtifactScraper|Parsing artifact substat: def+16
2026-09-29 02:23:58.158|DEBUG|ArtifactScraper|Parsing artifact substat: hp+209
2026-09-29 02:23:58.158|DEBUG|ArtifactScraper|Parsing artifact substat: def+7.3%
2026-09-29 02:23:58.564|DEBUG|ArtifactScraper|Finished queuing page of artifacts. Scrolling...
2026-09-29 02:23:58.564|DEBUG|ArtifactScraper|Parsing artifact substat: elementalmastery+23
2026-09-29 02:23:58.564|DEBUG|ArtifactScraper|Parsing artifact substat: atk+4.7%
2026-09-29 02:23:58.564|DEBUG|ArtifactScraper|Parsing artifact substat: critrate+3.5%
2026-09-29 02:23:58.564|DEBUG|ArtifactScraper|Parsing artifact substat: atk+16
2026-09-29 02:23:58.692|DEBUG|ArtifactScraper|Parsing artifact substat: hp+239
2026-09-29 02:23:58.692|DEBUG|ArtifactScraper|Parsing artifact substat: elementalmastery+21
2026-09-29 02:23:58.692|DEBUG|ArtifactScraper|Parsing artifact substat: atk+16
2026-09-29 02:23:58.692|DEBUG|ArtifactScraper|Parsing artifact substat: hp+5.8%(unactivated)
2026-09-29 02:23:58.721|DEBUG|ArtifactScraper|Parsing artifact substat: hp+209
2026-09-29 02:23:58.721|DEBUG|ArtifactScraper|Parsing artifact substat: energyrecharge+5.2%
2026-09-29 02:23:58.721|DEBUG|ArtifactScraper|Parsing artifact substat: elementalmastery+23
2026-09-29 02:23:58.721|DEBUG|ArtifactScraper|Parsing artifact substat: def+23(unactivated)
2026-09-29 02:23:59.051|DEBUG|ArtifactScraper|Parsing artifact substat: hp+209
2026-09-29 02:23:59.051|DEBUG|ArtifactScraper|Parsing artifact substat: atk+18
2026-09-29 02:23:59.051|DEBUG|ArtifactScraper|Parsing artifact substat: def+19
2026-09-29 02:23:59.051|DEBUG|ArtifactScraper|Parsing artifact substat: elementalmastery+19
2026-09-29 02:23:59.151|DEBUG|ArtifactScraper|Parsing artifact substat: def+21
2026-09-29 02:23:59.151|DEBUG|ArtifactScraper|Parsing artifact substat: critdmg+7.8%
2026-09-29 02:23:59.151|DEBUG|ArtifactScraper|Parsing artifact substat: hp+209
2026-09-29 02:23:59.151|DEBUG|ArtifactScraper|Parsing artifact substat: atk+18(unactivated)
2026-09-29 02:24:01.205|DEBUG|ArtifactScraper|Scanning artifact page 42
2026-09-29 02:24:01.205|DEBUG|ArtifactScraper|Located 32 possible item locations on page.
2026-09-29 02:24:01.709|DEBUG|ArtifactScraper|Parsing artifact substat: atk+18
2026-09-29 02:24:01.709|DEBUG|ArtifactScraper|Parsing artifact substat: critrate+2.7%
2026-09-29 02:24:01.709|DEBUG|ArtifactScraper|Parsing artifact substat: hp+269
2026-09-29 02:24:01.709|DEBUG|ArtifactScraper|Parsing artifact substat: def+16(unactivated)
2026-09-29 02:24:01.926|DEBUG|ArtifactScraper|Parsing artifact substat: def+16
2026-09-29 02:24:01.926|DEBUG|ArtifactScraper|Parsing artifact substat: elementalmastery+19
2026-09-29 02:24:01.926|DEBUG|ArtifactScraper|Parsing artifact substat: atk+18
2026-09-29 02:24:01.926|DEBUG|ArtifactScraper|Parsing artifact substat: critdmg+7.0%(unactivated)
2026-09-29 02:24:02.104|DEBUG|ArtifactScraper|Parsing artifact substat: hp+209
2026-09-29 02:24:02.104|DEBUG|ArtifactScraper|Parsing artifact substat: atk+16
2026-09-29 02:24:02.104|DEBUG|ArtifactScraper|Parsing artifact substat: elementalmastery+21
2026-09-29 02:24:02.104|DEBUG|ArtifactScraper|Parsing artifact substat: def+21(unactivated)
2026-09-29 02:24:02.396|DEBUG|ArtifactScraper|Parsing artifact substat: atk+16
2026-09-29 02:24:02.396|DEBUG|ArtifactScraper|Parsing artifact substat: energyrecharge+6.5%
2026-09-29 02:24:02.396|DEBUG|ArtifactScraper|Parsing artifact substat: def+23
2026-09-29 02:24:02.396|DEBUG|ArtifactScraper|Parsing artifact substat: critrate+3.1%(unactivated)
2026-09-29 02:24:02.572|DEBUG|ArtifactScraper|Parsing artifact substat: atk+18
2026-09-29 02:24:02.572|DEBUG|ArtifactScraper|Parsing artifact substat: critdmg+5.4%
2026-09-29 02:24:02.572|DEBUG|ArtifactScraper|Parsing artifact substat: hp+299
2026-09-29 02:24:02.572|DEBUG|ArtifactScraper|Parsing artifact substat: def+21(unactivated)
2026-09-29 02:24:02.721|DEBUG|ArtifactScraper|Parsing artifact substat: def+19
2026-09-29 02:24:02.721|DEBUG|ArtifactScraper|Parsing artifact substat: elementalmastery+19
2026-09-29 02:24:02.721|DEBUG|ArtifactScraper|Parsing artifact substat: hp+209
2026-09-29 02:24:02.721|DEBUG|ArtifactScraper|Parsing artifact substat: energyrecharge+4.5%
2026-09-29 02:24:02.895|DEBUG|ArtifactScraper|Parsing artifact substat: atk+18
2026-09-29 02:24:02.895|DEBUG|ArtifactScraper|Parsing artifact substat: elementalmastery+21
2026-09-29 02:24:02.895|DEBUG|ArtifactScraper|Parsing artifact substat: def+21
2026-09-29 02:24:02.895|DEBUG|ArtifactScraper|Parsing artifact substat: hp+239(unactivated)
2026-09-29 02:24:03.057|DEBUG|ArtifactScraper|Parsing artifact substat: hp+5.3%
2026-09-29 02:24:03.057|DEBUG|ArtifactScraper|Parsing artifact substat: hp+299
2026-09-29 02:24:03.057|DEBUG|ArtifactScraper|Parsing artifact substat: critdmg+5.4%
2026-09-29 02:24:03.057|DEBUG|ArtifactScraper|Parsing artifact substat: atk+18(unactivated)
2026-09-29 02:24:03.362|DEBUG|ArtifactScraper|Parsing artifact substat: atk+14
2026-09-29 02:24:03.362|DEBUG|ArtifactScraper|Parsing artifact substat: elementalmastery+21
2026-09-29 02:24:03.362|DEBUG|ArtifactScraper|Parsing artifact substat: hp+5.8%
2026-09-29 02:24:03.362|DEBUG|ArtifactScraper|Parsing artifact substat: energyrecharge+5.2%
2026-09-29 02:24:03.428|DEBUG|ArtifactScraper|Parsing artifact substat: hp+239
2026-09-29 02:24:03.428|DEBUG|ArtifactScraper|Parsing artifact substat: hp+4.1%
2026-09-29 02:24:03.428|DEBUG|ArtifactScraper|Parsing artifact substat: atk+18
2026-09-29 02:24:03.428|DEBUG|ArtifactScraper|Parsing artifact substat: elementalmastery+21
2026-09-29 02:24:03.801|DEBUG|ArtifactScraper|Parsing artifact substat: def+21
2026-09-29 02:24:03.801|DEBUG|ArtifactScraper|Parsing artifact substat: hp+299
2026-09-29 02:24:03.801|DEBUG|ArtifactScraper|Parsing artifact substat: def+5.8%
2026-09-29 02:24:03.801|DEBUG|ArtifactScraper|Parsing artifact substat: critrate+3.1%(unactivated)
2026-09-29 02:24:03.830|DEBUG|ArtifactScraper|Parsing artifact substat: atk+4.1%
2026-09-29 02:24:03.830|DEBUG|ArtifactScraper|Parsing artifact substat: elementalmastery+19
2026-09-29 02:24:03.830|DEBUG|ArtifactScraper|Parsing artifact substat: atk+14
2026-09-29 02:24:03.830|DEBUG|ArtifactScraper|Parsing artifact substat: hp+4.7%(unactivated)
2026-09-29 02:24:04.167|DEBUG|ArtifactScraper|Parsing artifact substat: hp+5.3%
2026-09-29 02:24:04.167|DEBUG|ArtifactScraper|Parsing artifact substat: elementalmastery+21
2026-09-29 02:24:04.167|DEBUG|ArtifactScraper|Parsing artifact substat: def+6.6%
2026-09-29 02:24:04.167|DEBUG|ArtifactScraper|Parsing artifact substat: atk+19
2026-09-29 02:24:04.317|DEBUG|ArtifactScraper|Parsing artifact substat: critrate+3.1%
2026-09-29 02:24:04.317|DEBUG|ArtifactScraper|Parsing artifact substat: hp+239
2026-09-29 02:24:04.317|DEBUG|ArtifactScraper|Parsing artifact substat: hp+4.7%
2026-09-29 02:24:04.317|DEBUG|ArtifactScraper|Parsing artifact substat: atk+18
2026-09-29 02:24:04.317|DEBUG|ArtifactScraper|Parsing artifact substat: hp+239
2026-09-29 02:24:04.317|DEBUG|ArtifactScraper|Parsing artifact substat: atk+5.3%
2026-09-29 02:24:04.317|DEBUG|ArtifactScraper|Parsing artifact substat: def+21
2026-09-29 02:24:04.317|DEBUG|ArtifactScraper|Parsing artifact substat: atk+16
2026-09-29 02:24:04.698|DEBUG|ArtifactScraper|Parsing artifact substat: def+23
2026-09-29 02:24:04.698|DEBUG|ArtifactScraper|Parsing artifact substat: hp+239
2026-09-29 02:24:04.698|DEBUG|ArtifactScraper|Parsing artifact substat: energyrecharge+6.5%
2026-09-29 02:24:04.698|DEBUG|ArtifactScraper|Parsing artifact substat: atk+16
2026-09-29 02:24:04.891|DEBUG|ArtifactScraper|Parsing artifact substat: energyrecharge+5.2%
2026-09-29 02:24:04.891|DEBUG|ArtifactScraper|Parsing artifact substat: critrate+3.1%
2026-09-29 02:24:04.891|DEBUG|ArtifactScraper|Parsing artifact substat: atk+16
2026-09-29 02:24:04.891|DEBUG|ArtifactScraper|Parsing artifact substat: atk+5.8%
2026-09-29 02:24:04.930|DEBUG|ArtifactScraper|Parsing artifact substat: critrate+3.5%
2026-09-29 02:24:04.930|DEBUG|ArtifactScraper|Parsing artifact substat: def+19
2026-09-29 02:24:04.930|DEBUG|ArtifactScraper|Parsing artifact substat: def+5.8%
2026-09-29 02:24:04.930|DEBUG|ArtifactScraper|Parsing artifact substat: atk+4.1%
2026-09-29 02:24:05.249|DEBUG|ArtifactScraper|Parsing artifact substat: def+19
2026-09-29 02:24:05.249|DEBUG|ArtifactScraper|Parsing artifact substat: hp+269
2026-09-29 02:24:05.249|DEBUG|ArtifactScraper|Parsing artifact substat: hp+4.1%
2026-09-29 02:24:05.249|DEBUG|ArtifactScraper|Parsing artifact substat: elementalmastery+19
2026-09-29 02:24:05.456|DEBUG|ArtifactScraper|Parsing artifact substat: atk+18
2026-09-29 02:24:05.456|DEBUG|ArtifactScraper|Parsing artifact substat: energyrecharge+4.5%
2026-09-29 02:24:05.456|DEBUG|ArtifactScraper|Parsing artifact substat: hp+269
2026-09-29 02:24:05.456|DEBUG|ArtifactScraper|Parsing artifact substat: elementalmastery+21
2026-09-29 02:24:05.530|DEBUG|ArtifactScraper|Parsing artifact substat: def+21
2026-09-29 02:24:05.531|DEBUG|ArtifactScraper|Parsing artifact substat: hp+209
2026-09-29 02:24:05.531|DEBUG|ArtifactScraper|Parsing artifact substat: def+7.3%
2026-09-29 02:24:05.531|DEBUG|ArtifactScraper|Parsing artifact substat: energyrecharge+4.5%
2026-09-29 02:24:05.825|DEBUG|ArtifactScraper|Parsing artifact substat: hp+269
2026-09-29 02:24:05.825|DEBUG|ArtifactScraper|Parsing artifact substat: def+23
2026-09-29 02:24:05.825|DEBUG|ArtifactScraper|Parsing artifact substat: atk+5.8%
2026-09-29 02:24:05.825|DEBUG|ArtifactScraper|Parsing artifact substat: critdmg+6.2%
2026-09-29 02:24:06.066|DEBUG|ArtifactScraper|Parsing artifact substat: critdmg+5.4%
2026-09-29 02:24:06.066|DEBUG|ArtifactScraper|Parsing artifact substat: atk+18
2026-09-29 02:24:06.066|DEBUG|ArtifactScraper|Parsing artifact substat: critrate+3.9%
2026-09-29 02:24:06.066|DEBUG|ArtifactScraper|Parsing artifact substat: hp+5.8%
2026-09-29 02:24:06.087|DEBUG|ArtifactScraper|Parsing artifact substat: atk+19
2026-09-29 02:24:06.087|DEBUG|ArtifactScraper|Parsing artifact substat: hp+299
2026-09-29 02:24:06.087|DEBUG|ArtifactScraper|Parsing artifact substat: def+23
2026-09-29 02:24:06.087|DEBUG|ArtifactScraper|Parsing artifact substat: def+7.3%
2026-09-29 02:24:06.402|DEBUG|ArtifactScraper|Parsing artifact substat: def+21
2026-09-29 02:24:06.402|DEBUG|ArtifactScraper|Parsing artifact substat: elementalmastery+19
2026-09-29 02:24:06.402|DEBUG|ArtifactScraper|Parsing artifact substat: critrate+3.5%
2026-09-29 02:24:06.402|DEBUG|ArtifactScraper|Parsing artifact substat: atk+18
2026-09-29 02:24:06.703|DEBUG|ArtifactScraper|Parsing artifact substat: atk+4.1%
2026-09-29 02:24:06.703|DEBUG|ArtifactScraper|Parsing artifact substat: atk+14
2026-09-29 02:24:06.703|DEBUG|ArtifactScraper|Parsing artifact substat: energyrecharge+5.2%
2026-09-29 02:24:06.703|DEBUG|ArtifactScraper|Parsing artifact substat: def+23
2026-09-29 02:24:06.721|DEBUG|ArtifactScraper|Parsing artifact substat: energyrecharge+4.5%
2026-09-29 02:24:06.721|DEBUG|ArtifactScraper|Parsing artifact substat: hp+299
2026-09-29 02:24:06.721|DEBUG|ArtifactScraper|Parsing artifact substat: def+7.3%
2026-09-29 02:24:06.721|DEBUG|ArtifactScraper|Parsing artifact substat: atk+4.1%
2026-09-29 02:24:06.910|DEBUG|ArtifactScraper|Parsing artifact substat: def+19
2026-09-29 02:24:06.910|DEBUG|ArtifactScraper|Parsing artifact substat: hp+5.3%
2026-09-29 02:24:06.910|DEBUG|ArtifactScraper|Parsing artifact substat: def+6.6%
2026-09-29 02:24:06.910|DEBUG|ArtifactScraper|Parsing artifact substat: atk+5.8%
2026-09-29 02:24:07.123|DEBUG|ArtifactScraper|Finished queuing page of artifacts. Scrolling...
2026-09-29 02:24:07.308|DEBUG|ArtifactScraper|Parsing artifact substat: energyrecharge+6.5%
2026-09-29 02:24:07.308|DEBUG|ArtifactScraper|Parsing artifact substat: atk+19
2026-09-29 02:24:07.308|DEBUG|ArtifactScraper|Parsing artifact substat: def+19
2026-09-29 02:24:07.308|DEBUG|ArtifactScraper|Parsing artifact substat: atk+4.1%(unactivated)
2026-09-29 02:24:07.334|DEBUG|ArtifactScraper|Parsing artifact substat: hp+239
2026-09-29 02:24:07.334|DEBUG|ArtifactScraper|Parsing artifact substat: critdmg+6.2%
2026-09-29 02:24:07.334|DEBUG|ArtifactScraper|Parsing artifact substat: elementalmastery+23
2026-09-29 02:24:07.334|DEBUG|ArtifactScraper|Parsing artifact substat: critrate+2.7%(unactivated)
2026-09-29 02:24:07.450|DEBUG|ArtifactScraper|Parsing artifact substat: critdmg+5.4%
2026-09-29 02:24:07.450|DEBUG|ArtifactScraper|Parsing artifact substat: hp+5.3%
2026-09-29 02:24:07.450|DEBUG|ArtifactScraper|Parsing artifact substat: hp+269
2026-09-29 02:24:07.450|DEBUG|ArtifactScraper|Parsing artifact substat: def+19(unactivated)
2026-09-29 02:24:07.816|DEBUG|ArtifactScraper|Parsing artifact substat: atk+14
2026-09-29 02:24:07.816|DEBUG|ArtifactScraper|Parsing artifact substat: hp+4.1%
2026-09-29 02:24:07.816|DEBUG|ArtifactScraper|Parsing artifact substat: critrate+2.7%
2026-09-29 02:24:07.816|DEBUG|ArtifactScraper|Parsing artifact substat: def+16(unactivated)
2026-09-29 02:24:10.269|DEBUG|ArtifactScraper|Scanning artifact page 43
2026-09-29 02:24:10.269|DEBUG|ArtifactScraper|Located 32 possible item locations on page.
2026-09-29 02:24:10.998|DEBUG|ArtifactScraper|Parsing artifact substat: atk+4.7%
2026-09-29 02:24:11.000|DEBUG|ArtifactScraper|Parsing artifact substat: atk+16
2026-09-29 02:24:11.000|DEBUG|ArtifactScraper|Parsing artifact substat: hp+4.1%
2026-09-29 02:24:11.000|DEBUG|ArtifactScraper|Parsing artifact substat: def+16(unactivated)
2026-09-29 02:24:11.216|DEBUG|ArtifactScraper|Parsing artifact substat: atk+14
2026-09-29 02:24:11.216|DEBUG|ArtifactScraper|Parsing artifact substat: hp+239
2026-09-29 02:24:11.216|DEBUG|ArtifactScraper|Parsing artifact substat: atk+5.8%
2026-09-29 02:24:11.216|DEBUG|ArtifactScraper|Parsing artifact substat: elementalmastery+16
2026-09-29 02:24:11.618|DEBUG|ArtifactScraper|Parsing artifact substat: elementalmastery+16
2026-09-29 02:24:11.618|DEBUG|ArtifactScraper|Parsing artifact substat: hp+4.7%
2026-09-29 02:24:11.618|DEBUG|ArtifactScraper|Parsing artifact substat: def+23
2026-09-29 02:24:11.618|DEBUG|ArtifactScraper|Parsing artifact substat: def+5.8%(unactivated)
2026-09-29 02:24:11.652|DEBUG|ArtifactScraper|Parsing artifact substat: hp+5.3%
2026-09-29 02:24:11.652|DEBUG|ArtifactScraper|Parsing artifact substat: hp+239
2026-09-29 02:24:11.652|DEBUG|ArtifactScraper|Parsing artifact substat: elementalmastery+21
2026-09-29 02:24:11.652|DEBUG|ArtifactScraper|Parsing artifact substat: def+16(unactivated)
2026-09-29 02:24:11.900|DEBUG|ArtifactScraper|Parsing artifact substat: energyrecharge+4.5%
2026-09-29 02:24:11.900|DEBUG|ArtifactScraper|Parsing artifact substat: def+7.3%
2026-09-29 02:24:11.900|DEBUG|ArtifactScraper|Parsing artifact substat: hp+4.7%
2026-09-29 02:24:11.900|DEBUG|ArtifactScraper|Parsing artifact substat: critdmg+5.4%(unactivated)
2026-09-29 02:24:12.206|DEBUG|ArtifactScraper|Parsing artifact substat: hp+5.3%
2026-09-29 02:24:12.206|DEBUG|ArtifactScraper|Parsing artifact substat: hp+299
2026-09-29 02:24:12.206|DEBUG|ArtifactScraper|Parsing artifact substat: elementalmastery+23
2026-09-29 02:24:12.206|DEBUG|ArtifactScraper|Parsing artifact substat: atk+19(unactivated)
2026-09-29 02:24:12.326|DEBUG|ArtifactScraper|Parsing artifact substat: def+5.1%
2026-09-29 02:24:12.326|DEBUG|ArtifactScraper|Parsing artifact substat: elementalmastery+19
2026-09-29 02:24:12.326|DEBUG|ArtifactScraper|Parsing artifact substat: energyrecharge+5.2%
2026-09-29 02:24:12.326|DEBUG|ArtifactScraper|Parsing artifact substat: critrate+3.9%(unactivated)
2026-09-29 02:24:12.514|DEBUG|ArtifactScraper|Parsing artifact substat: critrate+3.1%
2026-09-29 02:24:12.514|DEBUG|ArtifactScraper|Parsing artifact substat: elementalmastery+19
2026-09-29 02:24:12.514|DEBUG|ArtifactScraper|Parsing artifact substat: atk+18
2026-09-29 02:24:12.514|DEBUG|ArtifactScraper|Parsing artifact substat: critdmg+6.2%(unactivated)
2026-09-29 02:24:12.792|DEBUG|ArtifactScraper|Parsing artifact substat: atk+18
2026-09-29 02:24:12.792|DEBUG|ArtifactScraper|Parsing artifact substat: def+5.8%
2026-09-29 02:24:12.792|DEBUG|ArtifactScraper|Parsing artifact substat: def+21
2026-09-29 02:24:12.792|DEBUG|ArtifactScraper|Parsing artifact substat: critrate+2.7%(unactivated)
2026-09-29 02:24:12.942|DEBUG|ArtifactScraper|Parsing artifact substat: atk+4.1%
2026-09-29 02:24:12.942|DEBUG|ArtifactScraper|Parsing artifact substat: hp+269
2026-09-29 02:24:12.942|DEBUG|ArtifactScraper|Parsing artifact substat: def+7.3%
2026-09-29 02:24:12.942|DEBUG|ArtifactScraper|Parsing artifact substat: atk+14(unactivated)
2026-09-29 02:24:13.046|DEBUG|ArtifactScraper|Parsing artifact substat: def+16
2026-09-29 02:24:13.046|DEBUG|ArtifactScraper|Parsing artifact substat: hp+209
2026-09-29 02:24:13.046|DEBUG|ArtifactScraper|Parsing artifact substat: critrate+3.1%
2026-09-29 02:24:13.046|DEBUG|ArtifactScraper|Parsing artifact substat: critdmg+7.0%(unactivated)
2026-09-29 02:24:13.503|DEBUG|ArtifactScraper|Parsing artifact substat: critdmg+7.0%
2026-09-29 02:24:13.503|DEBUG|ArtifactScraper|Parsing artifact substat: def+6.6%
2026-09-29 02:24:13.503|DEBUG|ArtifactScraper|Parsing artifact substat: critrate+3.1%
2026-09-29 02:24:13.503|DEBUG|ArtifactScraper|Parsing artifact substat: energyrecharge+4.5%
2026-09-29 02:24:13.566|DEBUG|ArtifactScraper|Parsing artifact substat: atk+18
2026-09-29 02:24:13.566|DEBUG|ArtifactScraper|Parsing artifact substat: hp+239
2026-09-29 02:24:13.566|DEBUG|ArtifactScraper|Parsing artifact substat: elementalmastery+23
2026-09-29 02:24:13.566|DEBUG|ArtifactScraper|Parsing artifact substat: def+6.6%(unactivated)
2026-09-29 02:24:13.688|DEBUG|ArtifactScraper|Parsing artifact substat: hp+269
2026-09-29 02:24:13.688|DEBUG|ArtifactScraper|Parsing artifact substat: def+6.6%
2026-09-29 02:24:13.688|DEBUG|ArtifactScraper|Parsing artifact substat: elementalmastery+16
2026-09-29 02:24:13.688|DEBUG|ArtifactScraper|Parsing artifact substat: energyrecharge+5.2%
2026-09-29 02:24:14.072|DEBUG|ArtifactScraper|Parsing artifact substat: atk+18
2026-09-29 02:24:14.072|DEBUG|ArtifactScraper|Parsing artifact substat: def+5.8%
2026-09-29 02:24:14.072|DEBUG|ArtifactScraper|Parsing artifact substat: hp+209
2026-09-29 02:24:14.072|DEBUG|ArtifactScraper|Parsing artifact substat: def+19(unactivated)
2026-09-29 02:24:14.174|DEBUG|ArtifactScraper|Parsing artifact substat: energyrecharge+5.8%
2026-09-29 02:24:14.174|DEBUG|ArtifactScraper|Parsing artifact substat: critrate+2.7%
2026-09-29 02:24:14.174|DEBUG|ArtifactScraper|Parsing artifact substat: atk+18
2026-09-29 02:24:14.174|DEBUG|ArtifactScraper|Parsing artifact substat: atk+4.1%(unactivated)
2026-09-29 02:24:14.257|DEBUG|ArtifactScraper|Parsing artifact substat: critrate+2.7%
2026-09-29 02:24:14.257|DEBUG|ArtifactScraper|Parsing artifact substat: def+6.6%
2026-09-29 02:24:14.257|DEBUG|ArtifactScraper|Parsing artifact substat: atk+14
2026-09-29 02:24:14.257|DEBUG|ArtifactScraper|Parsing artifact substat: atk+4.1%(unactivated)
2026-09-29 02:24:14.615|DEBUG|ArtifactScraper|Parsing artifact substat: hp+5.8%
2026-09-29 02:24:14.615|DEBUG|ArtifactScraper|Parsing artifact substat: def+19
2026-09-29 02:24:14.615|DEBUG|ArtifactScraper|Parsing artifact substat: atk+14
2026-09-29 02:24:14.615|DEBUG|ArtifactScraper|Parsing artifact substat: hp+299
2026-09-29 02:24:14.926|DEBUG|ArtifactScraper|Parsing artifact substat: atk+19
2026-09-29 02:24:14.926|DEBUG|ArtifactScraper|Parsing artifact substat: def+16
2026-09-29 02:24:14.926|DEBUG|ArtifactScraper|Parsing artifact substat: def+6.6%
2026-09-29 02:24:14.926|DEBUG|ArtifactScraper|Parsing artifact substat: atk+5.3%
2026-09-29 02:24:14.926|DEBUG|ArtifactScraper|Parsing artifact substat: def+21
2026-09-29 02:24:14.926|DEBUG|ArtifactScraper|Parsing artifact substat: hp+5.3%
2026-09-29 02:24:14.926|DEBUG|ArtifactScraper|Parsing artifact substat: atk+18
2026-09-29 02:24:14.926|DEBUG|ArtifactScraper|Parsing artifact substat: elementalmastery+21
2026-09-29 02:24:15.229|DEBUG|ArtifactScraper|Parsing artifact substat: hp+209
2026-09-29 02:24:15.229|DEBUG|ArtifactScraper|Parsing artifact substat: atk+5.8%
2026-09-29 02:24:15.229|DEBUG|ArtifactScraper|Parsing artifact substat: critrate+2.7%
2026-09-29 02:24:15.229|DEBUG|ArtifactScraper|Parsing artifact substat: def+21
2026-09-29 02:24:15.464|DEBUG|ArtifactScraper|Parsing artifact substat: critrate+3.1%
2026-09-29 02:24:15.464|DEBUG|ArtifactScraper|Parsing artifact substat: def+19
2026-09-29 02:24:15.464|DEBUG|ArtifactScraper|Parsing artifact substat: elementalmastery+19
2026-09-29 02:24:15.464|DEBUG|ArtifactScraper|Parsing artifact substat: def+5.1%
2026-09-29 02:24:15.626|DEBUG|ArtifactScraper|Parsing artifact substat: energyrecharge+5.2%
2026-09-29 02:24:15.626|DEBUG|ArtifactScraper|Parsing artifact substat: critrate+3.9%
2026-09-29 02:24:15.626|DEBUG|ArtifactScraper|Parsing artifact substat: hp+299
2026-09-29 02:24:15.626|DEBUG|ArtifactScraper|Parsing artifact substat: elementalmastery+19
2026-09-29 02:24:15.756|DEBUG|ArtifactScraper|Parsing artifact substat: atk+16
2026-09-29 02:24:15.756|DEBUG|ArtifactScraper|Parsing artifact substat: def+21
2026-09-29 02:24:15.756|DEBUG|ArtifactScraper|Parsing artifact substat: hp+239
2026-09-29 02:24:15.756|DEBUG|ArtifactScraper|Parsing artifact substat: def+5.8%
2026-09-29 02:24:16.097|DEBUG|ArtifactScraper|Parsing artifact substat: elementalmastery+19
2026-09-29 02:24:16.097|DEBUG|ArtifactScraper|Parsing artifact substat: critrate+3.9%
2026-09-29 02:24:16.097|DEBUG|ArtifactScraper|Parsing artifact substat: atk+19
2026-09-29 02:24:16.097|DEBUG|ArtifactScraper|Parsing artifact substat: energyrecharge+4.5%
2026-09-29 02:24:16.127|DEBUG|ArtifactScraper|Parsing artifact substat: def+5.8%
2026-09-29 02:24:16.127|DEBUG|ArtifactScraper|Parsing artifact substat: energyrecharge+4.5%
2026-09-29 02:24:16.127|DEBUG|ArtifactScraper|Parsing artifact substat: atk+19
2026-09-29 02:24:16.127|DEBUG|ArtifactScraper|Parsing artifact substat: def+23
2026-09-29 02:24:16.384|DEBUG|ArtifactScraper|Finished queuing page of artifacts. Scrolling...
2026-09-29 02:24:16.436|DEBUG|ArtifactScraper|Parsing artifact substat: elementalmastery+19
2026-09-29 02:24:16.436|DEBUG|ArtifactScraper|Parsing artifact substat: hp+299
2026-09-29 02:24:16.436|DEBUG|ArtifactScraper|Parsing artifact substat: energyrecharge+5.8%
2026-09-29 02:24:16.436|DEBUG|ArtifactScraper|Parsing artifact substat: def+16
2026-09-29 02:24:16.642|DEBUG|ArtifactScraper|Parsing artifact substat: atk+16
2026-09-29 02:24:16.642|DEBUG|ArtifactScraper|Parsing artifact substat: critdmg+7.8%
2026-09-29 02:24:16.642|DEBUG|ArtifactScraper|Parsing artifact substat: def+19
2026-09-29 02:24:16.642|DEBUG|ArtifactScraper|Parsing artifact substat: def+7.3%
2026-09-29 02:24:16.664|DEBUG|ArtifactScraper|Parsing artifact substat: def+16
2026-09-29 02:24:16.664|DEBUG|ArtifactScraper|Parsing artifact substat: def+5.8%
2026-09-29 02:24:16.664|DEBUG|ArtifactScraper|Parsing artifact substat: elementalmastery+23
2026-09-29 02:24:16.664|DEBUG|ArtifactScraper|Parsing artifact substat: hp+4.1%
2026-09-29 02:24:16.956|DEBUG|ArtifactScraper|Parsing artifact substat: hp+5.8%
2026-09-29 02:24:16.956|DEBUG|ArtifactScraper|Parsing artifact substat: atk+14
2026-09-29 02:24:16.956|DEBUG|ArtifactScraper|Parsing artifact substat: hp+209
2026-09-29 02:24:16.956|DEBUG|ArtifactScraper|Parsing artifact substat: energyrecharge+5.2%
2026-09-29 02:24:17.136|DEBUG|ArtifactScraper|Parsing artifact substat: atk+14
2026-09-29 02:24:17.136|DEBUG|ArtifactScraper|Parsing artifact substat: critrate+3.5%
2026-09-29 02:24:17.136|DEBUG|ArtifactScraper|Parsing artifact substat: hp+209
2026-09-29 02:24:17.136|DEBUG|ArtifactScraper|Parsing artifact substat: def+16
2026-09-29 02:24:17.183|DEBUG|ArtifactScraper|Parsing artifact substat: atk+18
2026-09-29 02:24:17.183|DEBUG|ArtifactScraper|Parsing artifact substat: def+23
2026-09-29 02:24:17.183|DEBUG|ArtifactScraper|Parsing artifact substat: atk+4.7%
2026-09-29 02:24:17.183|DEBUG|ArtifactScraper|Parsing artifact substat: elementalmastery+19
2026-09-29 02:24:19.410|DEBUG|ArtifactScraper|Scanning artifact page 44
2026-09-29 02:24:19.410|DEBUG|ArtifactScraper|Located 32 possible item locations on page.
2026-09-29 02:24:19.922|DEBUG|ArtifactScraper|Parsing artifact substat: hp+239
2026-09-29 02:24:19.922|DEBUG|ArtifactScraper|Parsing artifact substat: energyrecharge+4.5%
2026-09-29 02:24:19.922|DEBUG|ArtifactScraper|Parsing artifact substat: def+19
2026-09-29 02:24:19.922|DEBUG|ArtifactScraper|Parsing artifact substat: atk+19
2026-09-29 02:24:20.155|DEBUG|ArtifactScraper|Parsing artifact substat: hp+4.7%
2026-09-29 02:24:20.155|DEBUG|ArtifactScraper|Parsing artifact substat: def+16
2026-09-29 02:24:20.155|DEBUG|ArtifactScraper|Parsing artifact substat: hp+239
2026-09-29 02:24:20.155|DEBUG|ArtifactScraper|Parsing artifact substat: def+5.1%
2026-09-29 02:24:20.450|DEBUG|ArtifactScraper|Parsing artifact substat: elementalmastery+19
2026-09-29 02:24:20.450|DEBUG|ArtifactScraper|Parsing artifact substat: hp+4.7%
2026-09-29 02:24:20.450|DEBUG|ArtifactScraper|Parsing artifact substat: def+23
2026-09-29 02:24:20.450|DEBUG|ArtifactScraper|Parsing artifact substat: energyrecharge+5.8%
2026-09-29 02:24:20.590|DEBUG|ArtifactScraper|Parsing artifact substat: hp+209
2026-09-29 02:24:20.590|DEBUG|ArtifactScraper|Parsing artifact substat: def+19
2026-09-29 02:24:20.590|DEBUG|ArtifactScraper|Parsing artifact substat: critdmg+6.2%
2026-09-29 02:24:20.590|DEBUG|ArtifactScraper|Parsing artifact substat: def+5.1%(unactivated)
2026-09-29 02:24:21.000|DEBUG|ArtifactScraper|Parsing artifact substat: atk+4.1%
2026-09-29 02:24:21.000|DEBUG|ArtifactScraper|Parsing artifact substat: hp+5.8%
2026-09-29 02:24:21.000|DEBUG|ArtifactScraper|Parsing artifact substat: critrate+3.5%
2026-09-29 02:24:21.000|DEBUG|ArtifactScraper|Parsing artifact substat: atk+19(unactivated)
2026-09-29 02:24:21.015|DEBUG|ArtifactScraper|Parsing artifact substat: hp+239
2026-09-29 02:24:21.015|DEBUG|ArtifactScraper|Parsing artifact substat: energyrecharge+4.5%
2026-09-29 02:24:21.015|DEBUG|ArtifactScraper|Parsing artifact substat: def+21
2026-09-29 02:24:21.015|DEBUG|ArtifactScraper|Parsing artifact substat: atk+18(unactivated)
2026-09-29 02:24:21.180|DEBUG|ArtifactScraper|Parsing artifact substat: atk+5.8%
2026-09-29 02:24:21.180|DEBUG|ArtifactScraper|Parsing artifact substat: def+23
2026-09-29 02:24:21.180|DEBUG|ArtifactScraper|Parsing artifact substat: critrate+3.9%
2026-09-29 02:24:21.180|DEBUG|ArtifactScraper|Parsing artifact substat: atk+14(unactivated)
2026-09-29 02:24:21.592|DEBUG|ArtifactScraper|Parsing artifact substat: atk+5.8%
2026-09-29 02:24:21.592|DEBUG|ArtifactScraper|Parsing artifact substat: def+21
2026-09-29 02:24:21.592|DEBUG|ArtifactScraper|Parsing artifact substat: hp+299
2026-09-29 02:24:21.592|DEBUG|ArtifactScraper|Parsing artifact substat: atk+16(unactivated)
2026-09-29 02:24:21.633|DEBUG|ArtifactScraper|Parsing artifact substat: hp+299
2026-09-29 02:24:21.633|DEBUG|ArtifactScraper|Parsing artifact substat: critrate+2.7%
2026-09-29 02:24:21.633|DEBUG|ArtifactScraper|Parsing artifact substat: def+5.1%
2026-09-29 02:24:21.633|DEBUG|ArtifactScraper|Parsing artifact substat: hp+4.7%(unactivated)
2026-09-29 02:24:21.780|DEBUG|ArtifactScraper|Parsing artifact substat: def+23
2026-09-29 02:24:21.781|DEBUG|ArtifactScraper|Parsing artifact substat: hp+5.8%
2026-09-29 02:24:21.781|DEBUG|ArtifactScraper|Parsing artifact substat: hp+299
2026-09-29 02:24:21.781|DEBUG|ArtifactScraper|Parsing artifact substat: atk+18(unactivated)
2026-09-29 02:24:22.204|DEBUG|ArtifactScraper|Parsing artifact substat: energyrecharge+4.5%
2026-09-29 02:24:22.204|DEBUG|ArtifactScraper|Parsing artifact substat: hp+239
2026-09-29 02:24:22.204|DEBUG|ArtifactScraper|Parsing artifact substat: def+19
2026-09-29 02:24:22.204|DEBUG|ArtifactScraper|Parsing artifact substat: elementalmastery+23
2026-09-29 02:24:22.204|DEBUG|ArtifactScraper|Parsing artifact substat: hp+269
2026-09-29 02:24:22.204|DEBUG|ArtifactScraper|Parsing artifact substat: elementalmastery+19
2026-09-29 02:24:22.204|DEBUG|ArtifactScraper|Parsing artifact substat: atk+4.7%
2026-09-29 02:24:22.204|DEBUG|ArtifactScraper|Parsing artifact substat: atk+14(unactivated)
2026-09-29 02:24:22.348|DEBUG|ArtifactScraper|Parsing artifact substat: atk+19
2026-09-29 02:24:22.348|DEBUG|ArtifactScraper|Parsing artifact substat: elementalmastery+21
2026-09-29 02:24:22.348|DEBUG|ArtifactScraper|Parsing artifact substat: atk+4.7%
2026-09-29 02:24:22.348|DEBUG|ArtifactScraper|Parsing artifact substat: critrate+3.1%(unactivated)
2026-09-29 02:24:22.773|DEBUG|ArtifactScraper|Parsing artifact substat: critdmg+7.8%
2026-09-29 02:24:22.773|DEBUG|ArtifactScraper|Parsing artifact substat: atk+5.8%
2026-09-29 02:24:22.773|DEBUG|ArtifactScraper|Parsing artifact substat: def+7.3%
2026-09-29 02:24:22.773|DEBUG|ArtifactScraper|Parsing artifact substat: atk+16(unactivated)
2026-09-29 02:24:22.865|DEBUG|ArtifactScraper|Parsing artifact substat: def+19
2026-09-29 02:24:22.865|DEBUG|ArtifactScraper|Parsing artifact substat: elementalmastery+21
2026-09-29 02:24:22.865|DEBUG|ArtifactScraper|Parsing artifact substat: energyrecharge+6.5%
2026-09-29 02:24:22.865|DEBUG|ArtifactScraper|Parsing artifact substat: def+5.1%(unactivated)
2026-09-29 02:24:22.952|DEBUG|ArtifactScraper|Parsing artifact substat: hp+209
2026-09-29 02:24:22.952|DEBUG|ArtifactScraper|Parsing artifact substat: atk+14
2026-09-29 02:24:22.952|DEBUG|ArtifactScraper|Parsing artifact substat: hp+4.1%
2026-09-29 02:24:22.952|DEBUG|ArtifactScraper|Parsing artifact substat: def+7.3%(unactivated)
2026-09-29 02:24:23.333|DEBUG|ArtifactScraper|Parsing artifact substat: hp+5.8%
2026-09-29 02:24:23.333|DEBUG|ArtifactScraper|Parsing artifact substat: def+7.3%
2026-09-29 02:24:23.333|DEBUG|ArtifactScraper|Parsing artifact substat: elementalmastery+23
2026-09-29 02:24:23.333|DEBUG|ArtifactScraper|Parsing artifact substat: def+16(unactivated)
2026-09-29 02:24:23.418|DEBUG|ArtifactScraper|Parsing artifact substat: def+6.6%
2026-09-29 02:24:23.418|DEBUG|ArtifactScraper|Parsing artifact substat: atk+19
2026-09-29 02:24:23.418|DEBUG|ArtifactScraper|Parsing artifact substat: critdmg+6.2%
2026-09-29 02:24:23.418|DEBUG|ArtifactScraper|Parsing artifact substat: hp+269(unactivated)
2026-09-29 02:24:23.492|DEBUG|ArtifactScraper|Parsing artifact substat: hp+269
2026-09-29 02:24:23.492|DEBUG|ArtifactScraper|Parsing artifact substat: atk+16
2026-09-29 02:24:23.492|DEBUG|ArtifactScraper|Parsing artifact substat: critdmg+7.8%
2026-09-29 02:24:23.492|DEBUG|ArtifactScraper|Parsing artifact substat: elementalmastery+23
2026-09-29 02:24:23.887|DEBUG|ArtifactScraper|Parsing artifact substat: energyrecharge+6.5%
2026-09-29 02:24:23.887|DEBUG|ArtifactScraper|Parsing artifact substat: atk+14
2026-09-29 02:24:23.887|DEBUG|ArtifactScraper|Parsing artifact substat: critdmg+7.8%
2026-09-29 02:24:23.887|DEBUG|ArtifactScraper|Parsing artifact substat: hp+239(unactivated)
2026-09-29 02:24:23.973|DEBUG|ArtifactScraper|Parsing artifact substat: critdmg+6.2%
2026-09-29 02:24:23.973|DEBUG|ArtifactScraper|Parsing artifact substat: critrate+3.9%
2026-09-29 02:24:23.973|DEBUG|ArtifactScraper|Parsing artifact substat: atk+5.3%
2026-09-29 02:24:23.973|DEBUG|ArtifactScraper|Parsing artifact substat: elementalmastery+16
2026-09-29 02:24:24.055|DEBUG|ArtifactScraper|Parsing artifact substat: atk+16
2026-09-29 02:24:24.055|DEBUG|ArtifactScraper|Parsing artifact substat: energyrecharge+4.5%
2026-09-29 02:24:24.055|DEBUG|ArtifactScraper|Parsing artifact substat: def+5.8%
2026-09-29 02:24:24.055|DEBUG|ArtifactScraper|Parsing artifact substat: atk+4.7%(unactivated)
2026-09-29 02:24:24.476|DEBUG|ArtifactScraper|Parsing artifact substat: def+5.8%
2026-09-29 02:24:24.476|DEBUG|ArtifactScraper|Parsing artifact substat: energyrecharge+5.2%
2026-09-29 02:24:24.476|DEBUG|ArtifactScraper|Parsing artifact substat: critdmg+6.2%
2026-09-29 02:24:24.476|DEBUG|ArtifactScraper|Parsing artifact substat: elementalmastery+21
2026-09-29 02:24:24.569|DEBUG|ArtifactScraper|Parsing artifact substat: critdmg+7.8%
2026-09-29 02:24:24.569|DEBUG|ArtifactScraper|Parsing artifact substat: def+5.1%
2026-09-29 02:24:24.569|DEBUG|ArtifactScraper|Parsing artifact substat: energyrecharge+5.8%
2026-09-29 02:24:24.569|DEBUG|ArtifactScraper|Parsing artifact substat: elementalmastery+23
2026-09-29 02:24:24.670|DEBUG|ArtifactScraper|Parsing artifact substat: def+5.1%
2026-09-29 02:24:24.670|DEBUG|ArtifactScraper|Parsing artifact substat: critdmg+6.2%
2026-09-29 02:24:24.670|DEBUG|ArtifactScraper|Parsing artifact substat: critrate+3.9%
2026-09-29 02:24:24.670|DEBUG|ArtifactScraper|Parsing artifact substat: atk+4.7%(unactivated)
2026-09-29 02:24:25.067|DEBUG|ArtifactScraper|Parsing artifact substat: atk+18
2026-09-29 02:24:25.067|DEBUG|ArtifactScraper|Parsing artifact substat: def+7.3%
2026-09-29 02:24:25.067|DEBUG|ArtifactScraper|Parsing artifact substat: def+21
2026-09-29 02:24:25.067|DEBUG|ArtifactScraper|Parsing artifact substat: hp+5.3%
2026-09-29 02:24:25.085|DEBUG|ArtifactScraper|Parsing artifact substat: energyrecharge+4.5%
2026-09-29 02:24:25.085|DEBUG|ArtifactScraper|Parsing artifact substat: elementalmastery+21
2026-09-29 02:24:25.085|DEBUG|ArtifactScraper|Parsing artifact substat: atk+16
2026-09-29 02:24:25.085|DEBUG|ArtifactScraper|Parsing artifact substat: def+19(unactivated)
2026-09-29 02:24:25.273|DEBUG|ArtifactScraper|Parsing artifact substat: elementalmastery+23
2026-09-29 02:24:25.273|DEBUG|ArtifactScraper|Parsing artifact substat: hp+299
2026-09-29 02:24:25.273|DEBUG|ArtifactScraper|Parsing artifact substat: def+21
2026-09-29 02:24:25.273|DEBUG|ArtifactScraper|Parsing artifact substat: critrate+3.9%(unactivated)
2026-09-29 02:24:25.354|DEBUG|ArtifactScraper|Finished queuing page of artifacts. Scrolling...
2026-09-29 02:24:25.664|DEBUG|ArtifactScraper|Parsing artifact substat: hp+269
2026-09-29 02:24:25.664|DEBUG|ArtifactScraper|Parsing artifact substat: elementalmastery+23
2026-09-29 02:24:25.664|DEBUG|ArtifactScraper|Parsing artifact substat: def+5.8%
2026-09-29 02:24:25.664|DEBUG|ArtifactScraper|Parsing artifact substat: def+21(unactivated)
2026-09-29 02:24:25.683|DEBUG|ArtifactScraper|Parsing artifact substat: critrate+2.7%
2026-09-29 02:24:25.683|DEBUG|ArtifactScraper|Parsing artifact substat: hp+209
2026-09-29 02:24:25.683|DEBUG|ArtifactScraper|Parsing artifact substat: elementalmastery+16
2026-09-29 02:24:25.683|DEBUG|ArtifactScraper|Parsing artifact substat: critdmg+5.4%(unactivated)
2026-09-29 02:24:25.838|DEBUG|ArtifactScraper|Parsing artifact substat: energyrecharge+5.8%
2026-09-29 02:24:25.838|DEBUG|ArtifactScraper|Parsing artifact substat: hp+299
2026-09-29 02:24:25.838|DEBUG|ArtifactScraper|Parsing artifact substat: critdmg+7.0%
2026-09-29 02:24:25.838|DEBUG|ArtifactScraper|Parsing artifact substat: def+16(unactivated)
2026-09-29 02:24:26.052|DEBUG|ArtifactScraper|Parsing artifact substat: hp+4.1%
2026-09-29 02:24:26.052|DEBUG|ArtifactScraper|Parsing artifact substat: energyrecharge+5.2%
2026-09-29 02:24:26.052|DEBUG|ArtifactScraper|Parsing artifact substat: atk+16
2026-09-29 02:24:26.077|ERROR|UserInterface|Unable to validate information for artifact ID#1407
2026-09-29 02:24:26.080|ERROR|UserInterface|Invalid artifact level
Artifact ID: 1407
Slot: sands
Set: ViridescentVenerer
Rarity: 5
Level: 24
Main Stat: eleMas
Substat 1: hp_ + 4,1%
Substat 2: enerRech_ + 5,2%
Substat 3: atk + 16
Locked: False
Equipped character: YumemizukiMizuki

2026-09-29 02:24:28.160|DEBUG|ArtifactScraper|Scanning artifact page 45
2026-09-29 02:24:28.160|DEBUG|ArtifactScraper|Located 32 possible item locations on page.
2026-09-29 02:24:28.673|DEBUG|ArtifactScraper|Parsing artifact substat: critrate+3.9%
2026-09-29 02:24:28.673|DEBUG|ArtifactScraper|Parsing artifact substat: atk+14
2026-09-29 02:24:28.673|DEBUG|ArtifactScraper|Parsing artifact substat: critdmg+7.0%
2026-09-29 02:24:28.673|DEBUG|ArtifactScraper|Parsing artifact substat: def+16
2026-09-29 02:24:29.110|DEBUG|ArtifactScraper|Parsing artifact substat: energyrecharge+6.5%
2026-09-29 02:24:29.110|DEBUG|ArtifactScraper|Parsing artifact substat: def+16
2026-09-29 02:24:29.110|DEBUG|ArtifactScraper|Parsing artifact substat: atk+16
2026-09-29 02:24:29.110|DEBUG|ArtifactScraper|Parsing artifact substat: hp+239
2026-09-29 02:24:29.125|DEBUG|ArtifactScraper|Parsing artifact substat: def+7.3%
2026-09-29 02:24:29.125|DEBUG|ArtifactScraper|Parsing artifact substat: atk+19
2026-09-29 02:24:29.125|DEBUG|ArtifactScraper|Parsing artifact substat: def+16
2026-09-29 02:24:29.125|DEBUG|ArtifactScraper|Parsing artifact substat: elementalmastery+19
2026-09-29 02:24:29.507|DEBUG|ArtifactScraper|Parsing artifact substat: elementalmastery+21
2026-09-29 02:24:29.507|DEBUG|ArtifactScraper|Parsing artifact substat: def+16
2026-09-29 02:24:29.507|DEBUG|ArtifactScraper|Parsing artifact substat: atk+14
2026-09-29 02:24:29.507|DEBUG|ArtifactScraper|Parsing artifact substat: critdmg+6.2%(unactivated)
2026-09-29 02:24:29.725|DEBUG|ArtifactScraper|Parsing artifact substat: hp+209
2026-09-29 02:24:29.725|DEBUG|ArtifactScraper|Parsing artifact substat: energyrecharge+4.5%
2026-09-29 02:24:29.725|DEBUG|ArtifactScraper|Parsing artifact substat: atk+5.3%
2026-09-29 02:24:29.725|DEBUG|ArtifactScraper|Parsing artifact substat: critrate+3.1%(unactivated)
2026-09-29 02:24:30.072|DEBUG|ArtifactScraper|Parsing artifact substat: atk+5.8%
2026-09-29 02:24:30.072|DEBUG|ArtifactScraper|Parsing artifact substat: energyrecharge+6.5%
2026-09-29 02:24:30.072|DEBUG|ArtifactScraper|Parsing artifact substat: atk+18
2026-09-29 02:24:30.072|DEBUG|ArtifactScraper|Parsing artifact substat: hp+299(unactivated)
2026-09-29 02:24:30.102|DEBUG|ArtifactScraper|Parsing artifact substat: energyrecharge+6.5%
2026-09-29 02:24:30.102|DEBUG|ArtifactScraper|Parsing artifact substat: atk+18
2026-09-29 02:24:30.102|DEBUG|ArtifactScraper|Parsing artifact substat: def+19
2026-09-29 02:24:30.102|DEBUG|ArtifactScraper|Parsing artifact substat: elementalmastery+16
2026-09-29 02:24:30.367|DEBUG|ArtifactScraper|Parsing artifact substat: energyrecharge+5.2%
2026-09-29 02:24:30.367|DEBUG|ArtifactScraper|Parsing artifact substat: atk+19
2026-09-29 02:24:30.367|DEBUG|ArtifactScraper|Parsing artifact substat: hp+4.7%
2026-09-29 02:24:30.367|DEBUG|ArtifactScraper|Parsing artifact substat: hp+269(unactivated)
2026-09-29 02:24:30.646|DEBUG|ArtifactScraper|Parsing artifact substat: def+7.3%
2026-09-29 02:24:30.646|DEBUG|ArtifactScraper|Parsing artifact substat: critrate+3.1%
2026-09-29 02:24:30.646|DEBUG|ArtifactScraper|Parsing artifact substat: energyrecharge+6.5%
2026-09-29 02:24:30.646|DEBUG|ArtifactScraper|Parsing artifact substat: hp+299(unactivated)
2026-09-29 02:24:30.695|DEBUG|ArtifactScraper|Parsing artifact substat: elementalmastery+19
2026-09-29 02:24:30.695|DEBUG|ArtifactScraper|Parsing artifact substat: def+7.3%
2026-09-29 02:24:30.695|DEBUG|ArtifactScraper|Parsing artifact substat: energyrecharge+6.5%
2026-09-29 02:24:30.695|DEBUG|ArtifactScraper|Parsing artifact substat: atk+16(unactivated)
2026-09-29 02:24:30.883|DEBUG|ArtifactScraper|Parsing artifact substat: critdmg+7.0%
2026-09-29 02:24:30.883|DEBUG|ArtifactScraper|Parsing artifact substat: elementalmastery+16
2026-09-29 02:24:30.883|DEBUG|ArtifactScraper|Parsing artifact substat: atk+5.8%
2026-09-29 02:24:30.883|DEBUG|ArtifactScraper|Parsing artifact substat: hp+269
2026-09-29 02:24:31.236|DEBUG|ArtifactScraper|Parsing artifact substat: hp+209
2026-09-29 02:24:31.236|DEBUG|ArtifactScraper|Parsing artifact substat: critrate+3.1%
2026-09-29 02:24:31.236|DEBUG|ArtifactScraper|Parsing artifact substat: def+23
2026-09-29 02:24:31.236|DEBUG|ArtifactScraper|Parsing artifact substat: energyrecharge+5.2%
2026-09-29 02:24:31.308|DEBUG|ArtifactScraper|Parsing artifact substat: energyrecharge+5.8%
2026-09-29 02:24:31.308|DEBUG|ArtifactScraper|Parsing artifact substat: hp+239
2026-09-29 02:24:31.308|DEBUG|ArtifactScraper|Parsing artifact substat: def+19
2026-09-29 02:24:31.308|DEBUG|ArtifactScraper|Parsing artifact substat: elementalmastery+19
2026-09-29 02:24:31.416|DEBUG|ArtifactScraper|Parsing artifact substat: hp+239
2026-09-29 02:24:31.416|DEBUG|ArtifactScraper|Parsing artifact substat: atk+19
2026-09-29 02:24:31.416|DEBUG|ArtifactScraper|Parsing artifact substat: hp+4.7%
2026-09-29 02:24:31.416|DEBUG|ArtifactScraper|Parsing artifact substat: atk+5.3%(unactivated)
2026-09-29 02:24:31.770|DEBUG|ArtifactScraper|Parsing artifact substat: def+19
2026-09-29 02:24:31.770|DEBUG|ArtifactScraper|Parsing artifact substat: atk+16
2026-09-29 02:24:31.770|DEBUG|ArtifactScraper|Parsing artifact substat: critrate+3.1%
2026-09-29 02:24:31.770|DEBUG|ArtifactScraper|Parsing artifact substat: energyrecharge+6.5%
2026-09-29 02:24:31.845|DEBUG|ArtifactScraper|Parsing artifact substat: def+7.3%
2026-09-29 02:24:31.845|DEBUG|ArtifactScraper|Parsing artifact substat: atk+4.1%
2026-09-29 02:24:31.845|DEBUG|ArtifactScraper|Parsing artifact substat: critdmg+5.4%
2026-09-29 02:24:31.845|DEBUG|ArtifactScraper|Parsing artifact substat: energyrecharge+5.8%
2026-09-29 02:24:31.990|DEBUG|ArtifactScraper|Parsing artifact substat: critdmg+7.8%
2026-09-29 02:24:31.990|DEBUG|ArtifactScraper|Parsing artifact substat: energyrecharge+4.5%
2026-09-29 02:24:31.990|DEBUG|ArtifactScraper|Parsing artifact substat: def+21
2026-09-29 02:24:31.990|DEBUG|ArtifactScraper|Parsing artifact substat: atk+4.7%(unactivated)
2026-09-29 02:24:32.270|DEBUG|ArtifactScraper|Parsing artifact substat: def+19
2026-09-29 02:24:32.270|DEBUG|ArtifactScraper|Parsing artifact substat: atk+4.7%
2026-09-29 02:24:32.270|DEBUG|ArtifactScraper|Parsing artifact substat: def+5.8%
2026-09-29 02:24:32.270|DEBUG|ArtifactScraper|Parsing artifact substat: elementalmastery+19
2026-09-29 02:24:32.439|DEBUG|ArtifactScraper|Parsing artifact substat: critdmg+7.8%
2026-09-29 02:24:32.439|DEBUG|ArtifactScraper|Parsing artifact substat: atk+18
2026-09-29 02:24:32.439|DEBUG|ArtifactScraper|Parsing artifact substat: hp+5.8%
2026-09-29 02:24:32.439|DEBUG|ArtifactScraper|Parsing artifact substat: critrate+3.5%(unactivated)
2026-09-29 02:24:32.577|DEBUG|ArtifactScraper|Parsing artifact substat: hp+299
2026-09-29 02:24:32.577|DEBUG|ArtifactScraper|Parsing artifact substat: critdmg+7.8%
2026-09-29 02:24:32.577|DEBUG|ArtifactScraper|Parsing artifact substat: hp+5.3%
2026-09-29 02:24:32.577|DEBUG|ArtifactScraper|Parsing artifact substat: atk+16(unactivated)
2026-09-29 02:24:32.737|DEBUG|ArtifactScraper|Parsing artifact substat: hp+239
2026-09-29 02:24:32.737|DEBUG|ArtifactScraper|Parsing artifact substat: def+23
2026-09-29 02:24:32.737|DEBUG|ArtifactScraper|Parsing artifact substat: atk+19
2026-09-29 02:24:32.737|DEBUG|ArtifactScraper|Parsing artifact substat: def+6.6%
2026-09-29 02:24:32.976|DEBUG|ArtifactScraper|Parsing artifact substat: atk+5.3%
2026-09-29 02:24:32.976|DEBUG|ArtifactScraper|Parsing artifact substat: hp+4.7%
2026-09-29 02:24:32.976|DEBUG|ArtifactScraper|Parsing artifact substat: elementalmastery+19
2026-09-29 02:24:32.976|DEBUG|ArtifactScraper|Parsing artifact substat: atk+14
2026-09-29 02:24:33.173|DEBUG|ArtifactScraper|Parsing artifact substat: atk+16
2026-09-29 02:24:33.173|DEBUG|ArtifactScraper|Parsing artifact substat: critrate+2.7%
2026-09-29 02:24:33.173|DEBUG|ArtifactScraper|Parsing artifact substat: energyrecharge+5.8%
2026-09-29 02:24:33.173|DEBUG|ArtifactScraper|Parsing artifact substat: atk+5.3%(unactivated)
2026-09-29 02:24:33.343|DEBUG|ArtifactScraper|Parsing artifact substat: critrate+3.1%
2026-09-29 02:24:33.343|DEBUG|ArtifactScraper|Parsing artifact substat: atk+16
2026-09-29 02:24:33.343|DEBUG|ArtifactScraper|Parsing artifact substat: def+23
2026-09-29 02:24:33.343|DEBUG|ArtifactScraper|Parsing artifact substat: energyrecharge+5.2%
2026-09-29 02:24:33.600|DEBUG|ArtifactScraper|Parsing artifact substat: elementalmastery+19
2026-09-29 02:24:33.600|DEBUG|ArtifactScraper|Parsing artifact substat: critrate+3.1%
2026-09-29 02:24:33.600|DEBUG|ArtifactScraper|Parsing artifact substat: hp+299
2026-09-29 02:24:33.600|DEBUG|ArtifactScraper|Parsing artifact substat: energyrecharge+5.2%
2026-09-29 02:24:33.765|DEBUG|ArtifactScraper|Parsing artifact substat: atk+14
2026-09-29 02:24:33.765|DEBUG|ArtifactScraper|Parsing artifact substat: hp+5.3%
2026-09-29 02:24:33.765|DEBUG|ArtifactScraper|Parsing artifact substat: hp+209
2026-09-29 02:24:33.765|DEBUG|ArtifactScraper|Parsing artifact substat: critdmg+5.4%(unactivated)
2026-09-29 02:24:33.996|DEBUG|ArtifactScraper|Parsing artifact substat: atk+19
2026-09-29 02:24:33.996|DEBUG|ArtifactScraper|Parsing artifact substat: atk+5.3%
2026-09-29 02:24:33.996|DEBUG|ArtifactScraper|Parsing artifact substat: energyrecharge+4.5%
2026-09-29 02:24:33.996|DEBUG|ArtifactScraper|Parsing artifact substat: critrate+3.9%(unactivated)
2026-09-29 02:24:34.123|DEBUG|ArtifactScraper|Finished queuing page of artifacts. Scrolling...
2026-09-29 02:24:34.237|DEBUG|ArtifactScraper|Parsing artifact substat: critrate+3.5%
2026-09-29 02:24:34.237|DEBUG|ArtifactScraper|Parsing artifact substat: def+5.1%
2026-09-29 02:24:34.237|DEBUG|ArtifactScraper|Parsing artifact substat: elementalmastery+16
2026-09-29 02:24:34.237|DEBUG|ArtifactScraper|Parsing artifact substat: hp+239(unactivated)
2026-09-29 02:24:34.328|DEBUG|ArtifactScraper|Parsing artifact substat: def+5.8%
2026-09-29 02:24:34.328|DEBUG|ArtifactScraper|Parsing artifact substat: atk+5.3%
2026-09-29 02:24:34.328|DEBUG|ArtifactScraper|Parsing artifact substat: hp+209
2026-09-29 02:24:34.328|DEBUG|ArtifactScraper|Parsing artifact substat: energyrecharge+6.5%
2026-09-29 02:24:34.505|DEBUG|ArtifactScraper|Parsing artifact substat: atk+4.7%
2026-09-29 02:24:34.505|DEBUG|ArtifactScraper|Parsing artifact substat: hp+239
2026-09-29 02:24:34.505|DEBUG|ArtifactScraper|Parsing artifact substat: critdmg+7.8%
2026-09-29 02:24:34.505|DEBUG|ArtifactScraper|Parsing artifact substat: atk+14(unactivated)
2026-09-29 02:24:34.760|DEBUG|ArtifactScraper|Parsing artifact substat: hp+209
2026-09-29 02:24:34.760|DEBUG|ArtifactScraper|Parsing artifact substat: def+5.8%
2026-09-29 02:24:34.760|DEBUG|ArtifactScraper|Parsing artifact substat: elementalmastery+16
2026-09-29 02:24:34.760|DEBUG|ArtifactScraper|Parsing artifact substat: energyrecharge+6.5%
2026-09-29 02:24:34.799|DEBUG|ArtifactScraper|Parsing artifact substat: hp+4.1%
2026-09-29 02:24:34.799|DEBUG|ArtifactScraper|Parsing artifact substat: energyrecharge+5.8%
2026-09-29 02:24:34.799|DEBUG|ArtifactScraper|Parsing artifact substat: atk+5.8%
2026-09-29 02:24:34.818|ERROR|UserInterface|Unable to validate information for artifact ID#1439
2026-09-29 02:24:34.818|ERROR|UserInterface|Invalid artifact level
Artifact ID: 1439
Slot: circlet
Set: ViridescentVenerer
Rarity: 5
Level: 24
Main Stat: eleMas
Substat 1: hp_ + 4,1%
Substat 2: enerRech_ + 5,8%
Substat 3: atk_ + 5,8%
Locked: False
Equipped character: YumemizukiMizuki

2026-09-29 02:24:36.865|DEBUG|ArtifactScraper|Scanning artifact page 46
2026-09-29 02:24:36.865|DEBUG|ArtifactScraper|Located 32 possible item locations on page.
2026-09-29 02:24:37.577|DEBUG|ArtifactScraper|Parsing artifact substat: atk+19
2026-09-29 02:24:37.577|DEBUG|ArtifactScraper|Parsing artifact substat: hp+5.3%
2026-09-29 02:24:37.577|DEBUG|ArtifactScraper|Parsing artifact substat: energyrecharge+6.5%
2026-09-29 02:24:37.577|DEBUG|ArtifactScraper|Parsing artifact substat: hp+299
2026-09-29 02:24:37.591|DEBUG|ArtifactScraper|Parsing artifact substat: def+5.8%
2026-09-29 02:24:37.591|DEBUG|ArtifactScraper|Parsing artifact substat: energyrecharge+6.5%
2026-09-29 02:24:37.591|DEBUG|ArtifactScraper|Parsing artifact substat: atk+14
2026-09-29 02:24:37.591|DEBUG|ArtifactScraper|Parsing artifact substat: critdmg+7.0%(unactivated)
2026-09-29 02:24:37.867|DEBUG|ArtifactScraper|Parsing artifact substat: hp+299
2026-09-29 02:24:37.867|DEBUG|ArtifactScraper|Parsing artifact substat: atk+19
2026-09-29 02:24:37.867|DEBUG|ArtifactScraper|Parsing artifact substat: energyrecharge+4.5%
2026-09-29 02:24:37.867|DEBUG|ArtifactScraper|Parsing artifact substat: atk+5.3%(unactivated)
2026-09-29 02:24:38.098|DEBUG|ArtifactScraper|Parsing artifact substat: critdmg+5.4%
2026-09-29 02:24:38.098|DEBUG|ArtifactScraper|Parsing artifact substat: atk+16
2026-09-29 02:24:38.098|DEBUG|ArtifactScraper|Parsing artifact substat: atk+4.1%
2026-09-29 02:24:38.098|DEBUG|ArtifactScraper|Parsing artifact substat: hp+209(unactivated)
2026-09-29 02:24:38.453|DEBUG|ArtifactScraper|Parsing artifact substat: energyrecharge+5.2%
2026-09-29 02:24:38.453|DEBUG|ArtifactScraper|Parsing artifact substat: atk+18
2026-09-29 02:24:38.453|DEBUG|ArtifactScraper|Parsing artifact substat: elementalmastery+23
2026-09-29 02:24:38.453|DEBUG|ArtifactScraper|Parsing artifact substat: hp+5.3%
2026-09-29 02:24:38.453|DEBUG|ArtifactScraper|Parsing artifact substat: def+21
2026-09-29 02:24:38.453|DEBUG|ArtifactScraper|Parsing artifact substat: def+21
2026-09-29 02:24:38.453|DEBUG|ArtifactScraper|Parsing artifact substat: atk+16(unactivated)
2026-09-29 02:24:38.453|DEBUG|ArtifactScraper|Parsing artifact substat: critrate+3.9%(unactivated)
2026-09-29 02:24:38.768|DEBUG|ArtifactScraper|Parsing artifact substat: elementalmastery+16
2026-09-29 02:24:38.768|DEBUG|ArtifactScraper|Parsing artifact substat: atk+19
2026-09-29 02:24:38.768|DEBUG|ArtifactScraper|Parsing artifact substat: energyrecharge+5.8%
2026-09-29 02:24:38.768|DEBUG|ArtifactScraper|Parsing artifact substat: critdmg+7.0%(unactivated)
2026-09-29 02:24:39.022|DEBUG|ArtifactScraper|Parsing artifact substat: elementalmastery+19
2026-09-29 02:24:39.022|DEBUG|ArtifactScraper|Parsing artifact substat: atk+4.7%
2026-09-29 02:24:39.022|DEBUG|ArtifactScraper|Parsing artifact substat: energyrecharge+4.5%
2026-09-29 02:24:39.022|DEBUG|ArtifactScraper|Parsing artifact substat: def+7.3%
2026-09-29 02:24:39.022|DEBUG|ArtifactScraper|Parsing artifact substat: energyrecharge+5.8%
2026-09-29 02:24:39.022|DEBUG|ArtifactScraper|Parsing artifact substat: def+5.1%
2026-09-29 02:24:39.022|DEBUG|ArtifactScraper|Parsing artifact substat: hp+239
2026-09-29 02:24:39.022|DEBUG|ArtifactScraper|Parsing artifact substat: elementalmastery+19
2026-09-29 02:24:39.263|DEBUG|ArtifactScraper|Parsing artifact substat: critdmg+7.8%
2026-09-29 02:24:39.263|DEBUG|ArtifactScraper|Parsing artifact substat: def+5.8%
2026-09-29 02:24:39.263|DEBUG|ArtifactScraper|Parsing artifact substat: hp+4.1%
2026-09-29 02:24:39.263|DEBUG|ArtifactScraper|Parsing artifact substat: atk+5.8%
2026-09-29 02:24:39.582|DEBUG|ArtifactScraper|Parsing artifact substat: atk+5.3%
2026-09-29 02:24:39.582|DEBUG|ArtifactScraper|Parsing artifact substat: elementalmastery+21
2026-09-29 02:24:39.582|DEBUG|ArtifactScraper|Parsing artifact substat: critdmg+7.0%
2026-09-29 02:24:39.582|DEBUG|ArtifactScraper|Parsing artifact substat: def+7.3%
2026-09-29 02:24:39.624|DEBUG|ArtifactScraper|Parsing artifact substat: atk+4.1%
2026-09-29 02:24:39.624|DEBUG|ArtifactScraper|Parsing artifact substat: elementalmastery+16
2026-09-29 02:24:39.624|DEBUG|ArtifactScraper|Parsing artifact substat: hp+4.7%
2026-09-29 02:24:39.624|DEBUG|ArtifactScraper|Parsing artifact substat: critrate+3.5%
2026-09-29 02:24:39.795|DEBUG|ArtifactScraper|Parsing artifact substat: critdmg+7.8%
2026-09-29 02:24:39.795|DEBUG|ArtifactScraper|Parsing artifact substat: elementalmastery+21
2026-09-29 02:24:39.795|DEBUG|ArtifactScraper|Parsing artifact substat: atk+16
2026-09-29 02:24:39.795|DEBUG|ArtifactScraper|Parsing artifact substat: atk+4.1%
2026-09-29 02:24:40.124|DEBUG|ArtifactScraper|Parsing artifact substat: atk+4.1%
2026-09-29 02:24:40.124|DEBUG|ArtifactScraper|Parsing artifact substat: def+23
2026-09-29 02:24:40.124|DEBUG|ArtifactScraper|Parsing artifact substat: atk+18
2026-09-29 02:24:40.124|DEBUG|ArtifactScraper|Parsing artifact substat: critrate+2.7%
2026-09-29 02:24:40.246|DEBUG|ArtifactScraper|Parsing artifact substat: energyrecharge+6.5%
2026-09-29 02:24:40.246|DEBUG|ArtifactScraper|Parsing artifact substat: hp+5.8%
2026-09-29 02:24:40.246|DEBUG|ArtifactScraper|Parsing artifact substat: critdmg+5.4%
2026-09-29 02:24:40.246|DEBUG|ArtifactScraper|Parsing artifact substat: atk+5.3%(unactivated)
2026-09-29 02:24:40.357|DEBUG|ArtifactScraper|Parsing artifact substat: critrate+3.9%
2026-09-29 02:24:40.357|DEBUG|ArtifactScraper|Parsing artifact substat: critdmg+6.2%
2026-09-29 02:24:40.357|DEBUG|ArtifactScraper|Parsing artifact substat: def+19
2026-09-29 02:24:40.357|DEBUG|ArtifactScraper|Parsing artifact substat: energyrecharge+6.5%
2026-09-29 02:24:40.728|DEBUG|ArtifactScraper|Parsing artifact substat: atk+5.3%
2026-09-29 02:24:40.728|DEBUG|ArtifactScraper|Parsing artifact substat: def+16
2026-09-29 02:24:40.728|DEBUG|ArtifactScraper|Parsing artifact substat: energyrecharge+4.5%
2026-09-29 02:24:40.728|DEBUG|ArtifactScraper|Parsing artifact substat: critdmg+5.4%(unactivated)
2026-09-29 02:24:40.880|DEBUG|ArtifactScraper|Parsing artifact substat: def+23
2026-09-29 02:24:40.880|DEBUG|ArtifactScraper|Parsing artifact substat: elementalmastery+16
2026-09-29 02:24:40.880|DEBUG|ArtifactScraper|Parsing artifact substat: atk+5.8%
2026-09-29 02:24:40.880|DEBUG|ArtifactScraper|Parsing artifact substat: critrate+3.9%(unactivated)
2026-09-29 02:24:40.996|DEBUG|ArtifactScraper|Parsing artifact substat: energyrecharge+5.2%
2026-09-29 02:24:40.996|DEBUG|ArtifactScraper|Parsing artifact substat: atk+4.1%
2026-09-29 02:24:40.996|DEBUG|ArtifactScraper|Parsing artifact substat: critrate+2.7%
2026-09-29 02:24:40.996|DEBUG|ArtifactScraper|Parsing artifact substat: atk+14(unactivated)
2026-09-29 02:24:41.364|DEBUG|ArtifactScraper|Parsing artifact substat: atk+4.1%
2026-09-29 02:24:41.364|DEBUG|ArtifactScraper|Parsing artifact substat: atk+16
2026-09-29 02:24:41.364|DEBUG|ArtifactScraper|Parsing artifact substat: def+16
2026-09-29 02:24:41.364|DEBUG|ArtifactScraper|Parsing artifact substat: critrate+3.9%(unactivated)
2026-09-29 02:24:41.452|DEBUG|ArtifactScraper|Parsing artifact substat: atk+4.1%
2026-09-29 02:24:41.452|DEBUG|ArtifactScraper|Parsing artifact substat: critrate+3.1%
2026-09-29 02:24:41.452|DEBUG|ArtifactScraper|Parsing artifact substat: def+7.3%
2026-09-29 02:24:41.452|DEBUG|ArtifactScraper|Parsing artifact substat: energyrecharge+4.5%
2026-09-29 02:24:41.542|DEBUG|ArtifactScraper|Parsing artifact substat: atk+5.3%
2026-09-29 02:24:41.542|DEBUG|ArtifactScraper|Parsing artifact substat: def+19
2026-09-29 02:24:41.542|DEBUG|ArtifactScraper|Parsing artifact substat: elementalmastery+19
2026-09-29 02:24:41.542|DEBUG|ArtifactScraper|Parsing artifact substat: critdmg+7.8%(unactivated)
2026-09-29 02:24:41.947|DEBUG|ArtifactScraper|Parsing artifact substat: critdmg+7.8%
2026-09-29 02:24:41.947|DEBUG|ArtifactScraper|Parsing artifact substat: elementalmastery+23
2026-09-29 02:24:41.947|DEBUG|ArtifactScraper|Parsing artifact substat: atk+4.1%
2026-09-29 02:24:41.947|DEBUG|ArtifactScraper|Parsing artifact substat: atk+14(unactivated)
2026-09-29 02:24:42.035|DEBUG|ArtifactScraper|Parsing artifact substat: energyrecharge+5.8%
2026-09-29 02:24:42.035|DEBUG|ArtifactScraper|Parsing artifact substat: critrate+3.5%
2026-09-29 02:24:42.035|DEBUG|ArtifactScraper|Parsing artifact substat: atk+14
2026-09-29 02:24:42.035|DEBUG|ArtifactScraper|Parsing artifact substat: critdmg+7.8%(unactivated)
2026-09-29 02:24:42.123|DEBUG|ArtifactScraper|Parsing artifact substat: atk+16
2026-09-29 02:24:42.123|DEBUG|ArtifactScraper|Parsing artifact substat: energyrecharge+5.2%
2026-09-29 02:24:42.123|DEBUG|ArtifactScraper|Parsing artifact substat: critrate+3.1%
2026-09-29 02:24:42.123|DEBUG|ArtifactScraper|Parsing artifact substat: atk+5.3%(unactivated)
2026-09-29 02:24:42.521|DEBUG|ArtifactScraper|Parsing artifact substat: atk+4.1%
2026-09-29 02:24:42.521|DEBUG|ArtifactScraper|Parsing artifact substat: elementalmastery+21
2026-09-29 02:24:42.521|DEBUG|ArtifactScraper|Parsing artifact substat: def+21
2026-09-29 02:24:42.521|DEBUG|ArtifactScraper|Parsing artifact substat: critrate+2.7%(unactivated)
2026-09-29 02:24:42.723|DEBUG|ArtifactScraper|Parsing artifact substat: def+23
2026-09-29 02:24:42.723|DEBUG|ArtifactScraper|Parsing artifact substat: critdmg+5.4%
2026-09-29 02:24:42.723|DEBUG|ArtifactScraper|Parsing artifact substat: hp+4.7%
2026-09-29 02:24:42.723|DEBUG|ArtifactScraper|Parsing artifact substat: critrate+3.5%(unactivated)
2026-09-29 02:24:42.798|DEBUG|ArtifactScraper|Parsing artifact substat: energyrecharge+5.8%
2026-09-29 02:24:42.798|DEBUG|ArtifactScraper|Parsing artifact substat: critdmg+7.8%
2026-09-29 02:24:42.798|DEBUG|ArtifactScraper|Parsing artifact substat: atk+4.1%
2026-09-29 02:24:42.798|DEBUG|ArtifactScraper|Parsing artifact substat: critrate+3.9%(unactivated)
2026-09-29 02:24:42.859|DEBUG|ArtifactScraper|Finished queuing page of artifacts. Scrolling...
2026-09-29 02:24:43.100|DEBUG|ArtifactScraper|Parsing artifact substat: critrate+2.7%
2026-09-29 02:24:43.100|DEBUG|ArtifactScraper|Parsing artifact substat: atk+5.3%
2026-09-29 02:24:43.100|DEBUG|ArtifactScraper|Parsing artifact substat: atk+18
2026-09-29 02:24:43.100|DEBUG|ArtifactScraper|Parsing artifact substat: energyrecharge+5.8%
2026-09-29 02:24:43.289|DEBUG|ArtifactScraper|Parsing artifact substat: atk+4.7%
2026-09-29 02:24:43.289|DEBUG|ArtifactScraper|Parsing artifact substat: critdmg+6.2%
2026-09-29 02:24:43.289|DEBUG|ArtifactScraper|Parsing artifact substat: atk+16
2026-09-29 02:24:43.289|DEBUG|ArtifactScraper|Parsing artifact substat: energyrecharge+6.5%
2026-09-29 02:24:43.424|DEBUG|ArtifactScraper|Parsing artifact substat: critrate+2.7%
2026-09-29 02:24:43.424|DEBUG|ArtifactScraper|Parsing artifact substat: hp+4.1%
2026-09-29 02:24:43.424|DEBUG|ArtifactScraper|Parsing artifact substat: elementalmastery+16
2026-09-29 02:24:43.424|DEBUG|ArtifactScraper|Parsing artifact substat: atk+5.3%(unactivated)
2026-09-29 02:24:43.632|DEBUG|ArtifactScraper|Parsing artifact substat: atk+16
2026-09-29 02:24:43.632|DEBUG|ArtifactScraper|Parsing artifact substat: hp+5.3%
2026-09-29 02:24:43.632|DEBUG|ArtifactScraper|Parsing artifact substat: atk+4.7%
2026-09-29 02:24:43.632|DEBUG|ArtifactScraper|Parsing artifact substat: critdmg+6.2%(unactivated)
2026-09-29 02:24:45.970|DEBUG|ArtifactScraper|Scanning artifact page 47
2026-09-29 02:24:45.970|DEBUG|ArtifactScraper|Located 32 possible item locations on page.
2026-09-29 02:24:46.715|DEBUG|ArtifactScraper|Parsing artifact substat: critdmg+7.0%
2026-09-29 02:24:46.715|DEBUG|ArtifactScraper|Parsing artifact substat: atk+14
2026-09-29 02:24:46.715|DEBUG|ArtifactScraper|Parsing artifact substat: atk+4.7%
2026-09-29 02:24:46.715|DEBUG|ArtifactScraper|Parsing artifact substat: hp+5.8%(unactivated)
2026-09-29 02:24:46.753|DEBUG|ArtifactScraper|Parsing artifact substat: critrate+2.7%
2026-09-29 02:24:46.753|DEBUG|ArtifactScraper|Parsing artifact substat: atk+4.7%
2026-09-29 02:24:46.753|DEBUG|ArtifactScraper|Parsing artifact substat: def+6.6%
2026-09-29 02:24:46.753|DEBUG|ArtifactScraper|Parsing artifact substat: def+23(unactivated)
2026-09-29 02:24:47.100|DEBUG|ArtifactScraper|Parsing artifact substat: atk+4.1%
2026-09-29 02:24:47.100|DEBUG|ArtifactScraper|Parsing artifact substat: critrate+3.9%
2026-09-29 02:24:47.100|DEBUG|ArtifactScraper|Parsing artifact substat: critdmg+6.2%
2026-09-29 02:24:47.100|DEBUG|ArtifactScraper|Parsing artifact substat: energyrecharge+4.5%
2026-09-29 02:24:47.231|DEBUG|ArtifactScraper|Parsing artifact substat: def+16
2026-09-29 02:24:47.231|DEBUG|ArtifactScraper|Parsing artifact substat: atk+5.8%
2026-09-29 02:24:47.231|DEBUG|ArtifactScraper|Parsing artifact substat: critrate+2.7%
2026-09-29 02:24:47.231|DEBUG|ArtifactScraper|Parsing artifact substat: hp+4.7%(unactivated)
2026-09-29 02:24:47.568|DEBUG|ArtifactScraper|Parsing artifact substat: atk+4.7%
2026-09-29 02:24:47.568|DEBUG|ArtifactScraper|Parsing artifact substat: critrate+3.9%
2026-09-29 02:24:47.568|DEBUG|ArtifactScraper|Parsing artifact substat: def+6.6%
2026-09-29 02:24:47.568|DEBUG|ArtifactScraper|Parsing artifact substat: atk+16(unactivated)
2026-09-29 02:24:47.604|DEBUG|ArtifactScraper|Parsing artifact substat: def+5.1%
2026-09-29 02:24:47.604|DEBUG|ArtifactScraper|Parsing artifact substat: hp+5.3%
2026-09-29 02:24:47.604|DEBUG|ArtifactScraper|Parsing artifact substat: def+23
2026-09-29 02:24:47.604|DEBUG|ArtifactScraper|Parsing artifact substat: atk+16
2026-09-29 02:24:47.767|DEBUG|ArtifactScraper|Parsing artifact substat: elementalmastery+19
2026-09-29 02:24:47.767|DEBUG|ArtifactScraper|Parsing artifact substat: atk+16
2026-09-29 02:24:47.767|DEBUG|ArtifactScraper|Parsing artifact substat: atk+4.1%
2026-09-29 02:24:47.767|DEBUG|ArtifactScraper|Parsing artifact substat: hp+4.1%
2026-09-29 02:24:48.061|DEBUG|ArtifactScraper|Parsing artifact substat: def+7.3%
2026-09-29 02:24:48.061|DEBUG|ArtifactScraper|Parsing artifact substat: critdmg+7.0%
2026-09-29 02:24:48.062|DEBUG|ArtifactScraper|Parsing artifact substat: hp+4.1%
2026-09-29 02:24:48.062|DEBUG|ArtifactScraper|Parsing artifact substat: def+23
2026-09-29 02:24:48.191|DEBUG|ArtifactScraper|Parsing artifact substat: def+23
2026-09-29 02:24:48.191|DEBUG|ArtifactScraper|Parsing artifact substat: atk+4.7%
2026-09-29 02:24:48.191|DEBUG|ArtifactScraper|Parsing artifact substat: energyrecharge+4.5%
2026-09-29 02:24:48.191|DEBUG|ArtifactScraper|Parsing artifact substat: atk+18
2026-09-29 02:24:48.328|DEBUG|ArtifactScraper|Parsing artifact substat: energyrecharge+5.8%
2026-09-29 02:24:48.328|DEBUG|ArtifactScraper|Parsing artifact substat: def+21
2026-09-29 02:24:48.328|DEBUG|ArtifactScraper|Parsing artifact substat: hp+5.3%
2026-09-29 02:24:48.328|DEBUG|ArtifactScraper|Parsing artifact substat: critrate+3.1%
2026-09-29 02:24:48.837|DEBUG|ArtifactScraper|Parsing artifact substat: hp+5.8%
2026-09-29 02:24:48.837|DEBUG|ArtifactScraper|Parsing artifact substat: def+5.8%
2026-09-29 02:24:48.837|DEBUG|ArtifactScraper|Parsing artifact substat: def+19
2026-09-29 02:24:48.837|DEBUG|ArtifactScraper|Parsing artifact substat: atk+19
2026-09-29 02:24:48.883|DEBUG|ArtifactScraper|Parsing artifact substat: hp+4.1%
2026-09-29 02:24:48.883|DEBUG|ArtifactScraper|Parsing artifact substat: def+6.6%
2026-09-29 02:24:48.883|DEBUG|ArtifactScraper|Parsing artifact substat: def+23
2026-09-29 02:24:48.883|DEBUG|ArtifactScraper|Parsing artifact substat: elementalmastery+16
2026-09-29 02:24:48.908|DEBUG|ArtifactScraper|Parsing artifact substat: def+19
2026-09-29 02:24:48.908|DEBUG|ArtifactScraper|Parsing artifact substat: elementalmastery+19
2026-09-29 02:24:48.908|DEBUG|ArtifactScraper|Parsing artifact substat: atk+5.3%
2026-09-29 02:24:48.908|DEBUG|ArtifactScraper|Parsing artifact substat: hp+5.8%
2026-09-29 02:24:49.388|DEBUG|ArtifactScraper|Parsing artifact substat: hp+4.7%
2026-09-29 02:24:49.388|DEBUG|ArtifactScraper|Parsing artifact substat: atk+4.7%
2026-09-29 02:24:49.388|DEBUG|ArtifactScraper|Parsing artifact substat: atk+16
2026-09-29 02:24:49.388|DEBUG|ArtifactScraper|Parsing artifact substat: def+21
2026-09-29 02:24:49.460|DEBUG|ArtifactScraper|Parsing artifact substat: energyrecharge+5.2%
2026-09-29 02:24:49.460|DEBUG|ArtifactScraper|Parsing artifact substat: elementalmastery+21
2026-09-29 02:24:49.460|DEBUG|ArtifactScraper|Parsing artifact substat: critdmg+5.4%
2026-09-29 02:24:49.460|DEBUG|ArtifactScraper|Parsing artifact substat: hp+5.8%
2026-09-29 02:24:49.460|DEBUG|ArtifactScraper|Parsing artifact substat: atk+19
2026-09-29 02:24:49.460|DEBUG|ArtifactScraper|Parsing artifact substat: hp+4.7%
2026-09-29 02:24:49.460|DEBUG|ArtifactScraper|Parsing artifact substat: critrate+3.1%
2026-09-29 02:24:49.460|DEBUG|ArtifactScraper|Parsing artifact substat: energyrecharge+5.2%
2026-09-29 02:24:50.003|DEBUG|ArtifactScraper|Parsing artifact substat: energyrecharge+6.5%
2026-09-29 02:24:50.003|DEBUG|ArtifactScraper|Parsing artifact substat: atk+16
2026-09-29 02:24:50.003|DEBUG|ArtifactScraper|Parsing artifact substat: def+5.8%
2026-09-29 02:24:50.003|DEBUG|ArtifactScraper|Parsing artifact substat: def+21
2026-09-29 02:24:50.028|DEBUG|ArtifactScraper|Parsing artifact substat: critdmg+6.2%
2026-09-29 02:24:50.028|DEBUG|ArtifactScraper|Parsing artifact substat: def+16
2026-09-29 02:24:50.028|DEBUG|ArtifactScraper|Parsing artifact substat: def+5.1%
2026-09-29 02:24:50.028|DEBUG|ArtifactScraper|Parsing artifact substat: hp+4.7%
2026-09-29 02:24:50.084|DEBUG|ArtifactScraper|Parsing artifact substat: critdmg+7.0%
2026-09-29 02:24:50.084|DEBUG|ArtifactScraper|Parsing artifact substat: elementalmastery+16
2026-09-29 02:24:50.084|DEBUG|ArtifactScraper|Parsing artifact substat: atk+18
2026-09-29 02:24:50.084|DEBUG|ArtifactScraper|Parsing artifact substat: def+6.6%
2026-09-29 02:24:50.533|DEBUG|ArtifactScraper|Parsing artifact substat: def+21
2026-09-29 02:24:50.533|DEBUG|ArtifactScraper|Parsing artifact substat: atk+5.8%
2026-09-29 02:24:50.533|DEBUG|ArtifactScraper|Parsing artifact substat: hp+4.7%
2026-09-29 02:24:50.533|DEBUG|ArtifactScraper|Parsing artifact substat: def+6.6%
2026-09-29 02:24:50.586|DEBUG|ArtifactScraper|Parsing artifact substat: critdmg+7.8%
2026-09-29 02:24:50.586|DEBUG|ArtifactScraper|Parsing artifact substat: hp+4.7%
2026-09-29 02:24:50.586|DEBUG|ArtifactScraper|Parsing artifact substat: def+19
2026-09-29 02:24:50.586|DEBUG|ArtifactScraper|Parsing artifact substat: def+7.3%
2026-09-29 02:24:50.697|DEBUG|ArtifactScraper|Parsing artifact substat: critdmg+6.2%
2026-09-29 02:24:50.697|DEBUG|ArtifactScraper|Parsing artifact substat: def+23
2026-09-29 02:24:50.697|DEBUG|ArtifactScraper|Parsing artifact substat: hp+4.7%
2026-09-29 02:24:50.697|DEBUG|ArtifactScraper|Parsing artifact substat: elementalmastery+23
2026-09-29 02:24:51.093|DEBUG|ArtifactScraper|Parsing artifact substat: def+21
2026-09-29 02:24:51.093|DEBUG|ArtifactScraper|Parsing artifact substat: atk+4.1%
2026-09-29 02:24:51.093|DEBUG|ArtifactScraper|Parsing artifact substat: hp+5.3%
2026-09-29 02:24:51.093|DEBUG|ArtifactScraper|Parsing artifact substat: atk+18
2026-09-29 02:24:51.238|DEBUG|ArtifactScraper|Parsing artifact substat: critrate+3.9%
2026-09-29 02:24:51.238|DEBUG|ArtifactScraper|Parsing artifact substat: atk+14
2026-09-29 02:24:51.238|DEBUG|ArtifactScraper|Parsing artifact substat: def+5.8%
2026-09-29 02:24:51.238|DEBUG|ArtifactScraper|Parsing artifact substat: hp+5.3%
2026-09-29 02:24:51.323|DEBUG|ArtifactScraper|Parsing artifact substat: elementalmastery+21
2026-09-29 02:24:51.323|DEBUG|ArtifactScraper|Parsing artifact substat: atk+16
2026-09-29 02:24:51.323|DEBUG|ArtifactScraper|Parsing artifact substat: energyrecharge+4.5%
2026-09-29 02:24:51.323|DEBUG|ArtifactScraper|Parsing artifact substat: critrate+2.7%
2026-09-29 02:24:51.683|DEBUG|ArtifactScraper|Parsing artifact substat: def+5.8%
2026-09-29 02:24:51.683|DEBUG|ArtifactScraper|Parsing artifact substat: def+19
2026-09-29 02:24:51.683|DEBUG|ArtifactScraper|Parsing artifact substat: elementalmastery+21
2026-09-29 02:24:51.683|DEBUG|ArtifactScraper|Parsing artifact substat: hp+4.7%
2026-09-29 02:24:51.777|DEBUG|ArtifactScraper|Parsing artifact substat: def+5.1%
2026-09-29 02:24:51.777|DEBUG|ArtifactScraper|Parsing artifact substat: def+19
2026-09-29 02:24:51.777|DEBUG|ArtifactScraper|Parsing artifact substat: atk+18
2026-09-29 02:24:51.777|DEBUG|ArtifactScraper|Parsing artifact substat: energyrecharge+6.5%
2026-09-29 02:24:51.881|DEBUG|ArtifactScraper|Parsing artifact substat: hp+5.8%
2026-09-29 02:24:51.881|DEBUG|ArtifactScraper|Parsing artifact substat: elementalmastery+16
2026-09-29 02:24:51.881|DEBUG|ArtifactScraper|Parsing artifact substat: atk+18
2026-09-29 02:24:51.881|DEBUG|ArtifactScraper|Parsing artifact substat: critrate+3.9%(unactivated)
2026-09-29 02:24:52.015|DEBUG|ArtifactScraper|Finished queuing page of artifacts. Scrolling...
2026-09-29 02:24:52.264|DEBUG|ArtifactScraper|Parsing artifact substat: def+16
2026-09-29 02:24:52.264|DEBUG|ArtifactScraper|Parsing artifact substat: atk+16
2026-09-29 02:24:52.264|DEBUG|ArtifactScraper|Parsing artifact substat: energyrecharge+5.2%
2026-09-29 02:24:52.264|DEBUG|ArtifactScraper|Parsing artifact substat: critrate+3.1%(unactivated)
2026-09-29 02:24:52.351|DEBUG|ArtifactScraper|Parsing artifact substat: hp+5.8%
2026-09-29 02:24:52.351|DEBUG|ArtifactScraper|Parsing artifact substat: def+7.3%
2026-09-29 02:24:52.351|DEBUG|ArtifactScraper|Parsing artifact substat: elementalmastery+23
2026-09-29 02:24:52.351|DEBUG|ArtifactScraper|Parsing artifact substat: atk+14(unactivated)
2026-09-29 02:24:52.441|DEBUG|ArtifactScraper|Parsing artifact substat: elementalmastery+16
2026-09-29 02:24:52.441|DEBUG|ArtifactScraper|Parsing artifact substat: energyrecharge+5.8%
2026-09-29 02:24:52.441|DEBUG|ArtifactScraper|Parsing artifact substat: def+23
2026-09-29 02:24:52.441|DEBUG|ArtifactScraper|Parsing artifact substat: hp+4.1%(unactivated)
2026-09-29 02:24:52.747|DEBUG|ArtifactScraper|Parsing artifact substat: def+6.6%
2026-09-29 02:24:52.747|DEBUG|ArtifactScraper|Parsing artifact substat: critrate+3.9%
2026-09-29 02:24:52.747|DEBUG|ArtifactScraper|Parsing artifact substat: energyrecharge+6.5%
2026-09-29 02:24:52.747|DEBUG|ArtifactScraper|Parsing artifact substat: atk+16(unactivated)
2026-09-29 02:24:54.776|DEBUG|ArtifactScraper|Scanning artifact page 48
2026-09-29 02:24:54.776|DEBUG|ArtifactScraper|Located 32 possible item locations on page.
2026-09-29 02:24:55.359|DEBUG|ArtifactScraper|Parsing artifact substat: atk+18
2026-09-29 02:24:55.359|DEBUG|ArtifactScraper|Parsing artifact substat: critdmg+7.0%
2026-09-29 02:24:55.359|DEBUG|ArtifactScraper|Parsing artifact substat: energyrecharge+6.5%
2026-09-29 02:24:55.359|DEBUG|ArtifactScraper|Parsing artifact substat: def+16(unactivated)
2026-09-29 02:24:55.486|DEBUG|ArtifactScraper|Parsing artifact substat: def+23
2026-09-29 02:24:55.486|DEBUG|ArtifactScraper|Parsing artifact substat: atk+14
2026-09-29 02:24:55.486|DEBUG|ArtifactScraper|Parsing artifact substat: hp+5.3%
2026-09-29 02:24:55.486|DEBUG|ArtifactScraper|Parsing artifact substat: critdmg+7.8%(unactivated)
2026-09-29 02:24:55.904|DEBUG|ArtifactScraper|Parsing artifact substat: elementalmastery+21
2026-09-29 02:24:55.904|DEBUG|ArtifactScraper|Parsing artifact substat: hp+4.7%
2026-09-29 02:24:55.904|DEBUG|ArtifactScraper|Parsing artifact substat: critrate+3.5%
2026-09-29 02:24:55.904|DEBUG|ArtifactScraper|Parsing artifact substat: def+19(unactivated)
2026-09-29 02:24:56.026|DEBUG|ArtifactScraper|Parsing artifact substat: def+19
2026-09-29 02:24:56.026|DEBUG|ArtifactScraper|Parsing artifact substat: hp+4.7%
2026-09-29 02:24:56.026|DEBUG|ArtifactScraper|Parsing artifact substat: elementalmastery+23
2026-09-29 02:24:56.026|DEBUG|ArtifactScraper|Parsing artifact substat: energyrecharge+5.8%
2026-09-29 02:24:56.080|DEBUG|ArtifactScraper|Parsing artifact substat: def+19
2026-09-29 02:24:56.080|DEBUG|ArtifactScraper|Parsing artifact substat: atk+16
2026-09-29 02:24:56.080|DEBUG|ArtifactScraper|Parsing artifact substat: def+5.1%
2026-09-29 02:24:56.080|DEBUG|ArtifactScraper|Parsing artifact substat: atk+4.1%(unactivated)
2026-09-29 02:24:56.334|DEBUG|ArtifactScraper|Parsing artifact substat: def+21
2026-09-29 02:24:56.334|DEBUG|ArtifactScraper|Parsing artifact substat: elementalmastery+19
2026-09-29 02:24:56.334|DEBUG|ArtifactScraper|Parsing artifact substat: hp+4.7%
2026-09-29 02:24:56.334|DEBUG|ArtifactScraper|Parsing artifact substat: atk+16(unactivated)
2026-09-29 02:24:56.436|DEBUG|ArtifactScraper|Parsing artifact substat: atk+18
2026-09-29 02:24:56.436|DEBUG|ArtifactScraper|Parsing artifact substat: def+6.6%
2026-09-29 02:24:56.436|DEBUG|ArtifactScraper|Parsing artifact substat: elementalmastery+21
2026-09-29 02:24:56.436|DEBUG|ArtifactScraper|Parsing artifact substat: def+23(unactivated)
2026-09-29 02:24:56.796|DEBUG|ArtifactScraper|Parsing artifact substat: def+5.1%
2026-09-29 02:24:56.796|DEBUG|ArtifactScraper|Parsing artifact substat: def+16
2026-09-29 02:24:56.796|DEBUG|ArtifactScraper|Parsing artifact substat: hp+5.8%
2026-09-29 02:24:56.797|DEBUG|ArtifactScraper|Parsing artifact substat: energyrecharge+5.2%
2026-09-29 02:24:56.797|DEBUG|ArtifactScraper|Parsing artifact substat: def+5.1%
2026-09-29 02:24:56.797|DEBUG|ArtifactScraper|Parsing artifact substat: critdmg+7.0%
2026-09-29 02:24:56.797|DEBUG|ArtifactScraper|Parsing artifact substat: hp+4.7%
2026-09-29 02:24:56.797|DEBUG|ArtifactScraper|Parsing artifact substat: elementalmastery+16
2026-09-29 02:24:57.178|DEBUG|ArtifactScraper|Parsing artifact substat: hp+4.1%
2026-09-29 02:24:57.178|DEBUG|ArtifactScraper|Parsing artifact substat: energyrecharge+4.5%
2026-09-29 02:24:57.178|DEBUG|ArtifactScraper|Parsing artifact substat: critdmg+5.4%
2026-09-29 02:24:57.178|DEBUG|ArtifactScraper|Parsing artifact substat: elementalmastery+16
2026-09-29 02:24:57.348|DEBUG|ArtifactScraper|Parsing artifact substat: atk+16
2026-09-29 02:24:57.348|DEBUG|ArtifactScraper|Parsing artifact substat: energyrecharge+5.8%
2026-09-29 02:24:57.348|DEBUG|ArtifactScraper|Parsing artifact substat: elementalmastery+16
2026-09-29 02:24:57.348|DEBUG|ArtifactScraper|Parsing artifact substat: critdmg+5.4%(unactivated)
2026-09-29 02:24:57.663|DEBUG|ArtifactScraper|Parsing artifact substat: elementalmastery+21
2026-09-29 02:24:57.663|DEBUG|ArtifactScraper|Parsing artifact substat: energyrecharge+5.8%
2026-09-29 02:24:57.663|DEBUG|ArtifactScraper|Parsing artifact substat: hp+5.8%
2026-09-29 02:24:57.663|DEBUG|ArtifactScraper|Parsing artifact substat: atk+19(unactivated)
2026-09-29 02:24:57.773|DEBUG|ArtifactScraper|Parsing artifact substat: def+19
2026-09-29 02:24:57.773|DEBUG|ArtifactScraper|Parsing artifact substat: energyrecharge+5.8%
2026-09-29 02:24:57.773|DEBUG|ArtifactScraper|Parsing artifact substat: def+6.6%
2026-09-29 02:24:57.773|DEBUG|ArtifactScraper|Parsing artifact substat: critrate+3.1%(unactivated)
2026-09-29 02:24:57.916|DEBUG|ArtifactScraper|Parsing artifact substat: def+23
2026-09-29 02:24:57.916|DEBUG|ArtifactScraper|Parsing artifact substat: elementalmastery+21
2026-09-29 02:24:57.916|DEBUG|ArtifactScraper|Parsing artifact substat: hp+4.7%
2026-09-29 02:24:57.916|DEBUG|ArtifactScraper|Parsing artifact substat: atk+5.3%(unactivated)
2026-09-29 02:24:58.243|DEBUG|ArtifactScraper|Parsing artifact substat: hp+4.7%
2026-09-29 02:24:58.243|DEBUG|ArtifactScraper|Parsing artifact substat: def+23
2026-09-29 02:24:58.243|DEBUG|ArtifactScraper|Parsing artifact substat: elementalmastery+21
2026-09-29 02:24:58.243|DEBUG|ArtifactScraper|Parsing artifact substat: def+7.3%(unactivated)
2026-09-29 02:24:58.309|DEBUG|ArtifactScraper|Parsing artifact substat: atk+4.1%
2026-09-29 02:24:58.309|DEBUG|ArtifactScraper|Parsing artifact substat: def+5.8%
2026-09-29 02:24:58.309|DEBUG|ArtifactScraper|Parsing artifact substat: hp+4.1%
2026-09-29 02:24:58.309|DEBUG|ArtifactScraper|Parsing artifact substat: atk+19(unactivated)
2026-09-29 02:24:58.403|DEBUG|ArtifactScraper|Parsing artifact substat: critrate+2.7%
2026-09-29 02:24:58.403|DEBUG|ArtifactScraper|Parsing artifact substat: atk+14
2026-09-29 02:24:58.403|DEBUG|ArtifactScraper|Parsing artifact substat: hp+4.1%
2026-09-29 02:24:58.403|DEBUG|ArtifactScraper|Parsing artifact substat: energyrecharge+5.8%
2026-09-29 02:24:58.757|DEBUG|ArtifactScraper|Parsing artifact substat: critdmg+5.4%
2026-09-29 02:24:58.757|DEBUG|ArtifactScraper|Parsing artifact substat: hp+4.1%
2026-09-29 02:24:58.757|DEBUG|ArtifactScraper|Parsing artifact substat: def+21
2026-09-29 02:24:58.757|DEBUG|ArtifactScraper|Parsing artifact substat: atk+19(unactivated)
2026-09-29 02:24:58.830|DEBUG|ArtifactScraper|Parsing artifact substat: def+23
2026-09-29 02:24:58.830|DEBUG|ArtifactScraper|Parsing artifact substat: atk+4.7%
2026-09-29 02:24:58.830|DEBUG|ArtifactScraper|Parsing artifact substat: hp+5.3%
2026-09-29 02:24:58.830|DEBUG|ArtifactScraper|Parsing artifact substat: atk+19(unactivated)
2026-09-29 02:24:58.988|DEBUG|ArtifactScraper|Parsing artifact substat: energyrecharge+5.2%
2026-09-29 02:24:58.988|DEBUG|ArtifactScraper|Parsing artifact substat: elementalmastery+16
2026-09-29 02:24:58.988|DEBUG|ArtifactScraper|Parsing artifact substat: def+16
2026-09-29 02:24:58.988|DEBUG|ArtifactScraper|Parsing artifact substat: def+5.1%(unactivated)
2026-09-29 02:24:59.301|DEBUG|ArtifactScraper|Parsing artifact substat: energyrecharge+5.8%
2026-09-29 02:24:59.301|DEBUG|ArtifactScraper|Parsing artifact substat: def+23
2026-09-29 02:24:59.301|DEBUG|ArtifactScraper|Parsing artifact substat: atk+5.8%
2026-09-29 02:24:59.301|DEBUG|ArtifactScraper|Parsing artifact substat: atk+18(unactivated)
2026-09-29 02:24:59.361|DEBUG|ArtifactScraper|Parsing artifact substat: atk+16
2026-09-29 02:24:59.361|DEBUG|ArtifactScraper|Parsing artifact substat: elementalmastery+19
2026-09-29 02:24:59.361|DEBUG|ArtifactScraper|Parsing artifact substat: def+21
2026-09-29 02:24:59.361|DEBUG|ArtifactScraper|Parsing artifact substat: hp+4.7%(unactivated)
2026-09-29 02:24:59.468|DEBUG|ArtifactScraper|Parsing artifact substat: hp+4.1%
2026-09-29 02:24:59.468|DEBUG|ArtifactScraper|Parsing artifact substat: atk+5.8%
2026-09-29 02:24:59.468|DEBUG|ArtifactScraper|Parsing artifact substat: atk+18
2026-09-29 02:24:59.468|DEBUG|ArtifactScraper|Parsing artifact substat: def+23(unactivated)
2026-09-29 02:24:59.839|DEBUG|ArtifactScraper|Parsing artifact substat: energyrecharge+4.5%
2026-09-29 02:24:59.839|DEBUG|ArtifactScraper|Parsing artifact substat: atk+18
2026-09-29 02:24:59.839|DEBUG|ArtifactScraper|Parsing artifact substat: critdmg+6.2%
2026-09-29 02:24:59.839|DEBUG|ArtifactScraper|Parsing artifact substat: hp+5.8%(unactivated)
2026-09-29 02:24:59.926|DEBUG|ArtifactScraper|Parsing artifact substat: def+5.1%
2026-09-29 02:24:59.926|DEBUG|ArtifactScraper|Parsing artifact substat: elementalmastery+19
2026-09-29 02:24:59.926|DEBUG|ArtifactScraper|Parsing artifact substat: energyrecharge+5.2%
2026-09-29 02:24:59.926|DEBUG|ArtifactScraper|Parsing artifact substat: atk+16(unactivated)
2026-09-29 02:24:59.983|DEBUG|ArtifactScraper|Parsing artifact substat: atk+14
2026-09-29 02:24:59.984|DEBUG|ArtifactScraper|Parsing artifact substat: elementalmastery+21
2026-09-29 02:24:59.984|DEBUG|ArtifactScraper|Parsing artifact substat: critrate+3.1%
2026-09-29 02:24:59.984|DEBUG|ArtifactScraper|Parsing artifact substat: def+5.8%(unactivated)
2026-09-29 02:25:00.404|DEBUG|ArtifactScraper|Parsing artifact substat: elementalmastery+23
2026-09-29 02:25:00.404|DEBUG|ArtifactScraper|Parsing artifact substat: atk+5.3%
2026-09-29 02:25:00.404|DEBUG|ArtifactScraper|Parsing artifact substat: atk+18
2026-09-29 02:25:00.404|DEBUG|ArtifactScraper|Parsing artifact substat: def+16(unactivated)
2026-09-29 02:25:00.462|DEBUG|ArtifactScraper|Parsing artifact substat: critdmg+5.4%
2026-09-29 02:25:00.462|DEBUG|ArtifactScraper|Parsing artifact substat: def+21
2026-09-29 02:25:00.462|DEBUG|ArtifactScraper|Parsing artifact substat: atk+4.7%
2026-09-29 02:25:00.462|DEBUG|ArtifactScraper|Parsing artifact substat: hp+4.7%
2026-09-29 02:25:00.658|DEBUG|ArtifactScraper|Finished queuing page of artifacts. Scrolling...
2026-09-29 02:25:00.925|DEBUG|ArtifactScraper|Parsing artifact substat: hp+4.7%
2026-09-29 02:25:00.925|DEBUG|ArtifactScraper|Parsing artifact substat: energyrecharge+6.5%
2026-09-29 02:25:00.925|DEBUG|ArtifactScraper|Parsing artifact substat: atk+5.8%
2026-09-29 02:25:00.925|DEBUG|ArtifactScraper|Parsing artifact substat: elementalmastery+19
2026-09-29 02:25:00.987|DEBUG|ArtifactScraper|Parsing artifact substat: def+21
2026-09-29 02:25:00.987|DEBUG|ArtifactScraper|Parsing artifact substat: atk+5.8%
2026-09-29 02:25:00.987|DEBUG|ArtifactScraper|Parsing artifact substat: critdmg+7.0%
2026-09-29 02:25:00.987|DEBUG|ArtifactScraper|Parsing artifact substat: def+7.3%
2026-09-29 02:25:01.086|DEBUG|ArtifactScraper|Parsing artifact substat: energyrecharge+4.5%
2026-09-29 02:25:01.086|DEBUG|ArtifactScraper|Parsing artifact substat: atk+4.1%
2026-09-29 02:25:01.086|DEBUG|ArtifactScraper|Parsing artifact substat: elementalmastery+16
2026-09-29 02:25:01.086|DEBUG|ArtifactScraper|Parsing artifact substat: def+19
2026-09-29 02:25:01.262|DEBUG|ArtifactScraper|Scrolled back one
2026-09-29 02:25:01.363|DEBUG|ArtifactScraper|Parsing artifact substat: def+16
2026-09-29 02:25:01.363|DEBUG|ArtifactScraper|Parsing artifact substat: hp+209
2026-09-29 02:25:01.363|DEBUG|ArtifactScraper|Parsing artifact substat: critrate+3.1%
2026-09-29 02:25:01.363|DEBUG|ArtifactScraper|Parsing artifact substat: atk+4.1%
2026-09-29 02:25:03.654|DEBUG|ArtifactScraper|Scanning artifact page 49
2026-09-29 02:25:03.654|DEBUG|ArtifactScraper|Located 32 possible item locations on page.
2026-09-29 02:25:04.229|DEBUG|ArtifactScraper|Parsing artifact substat: atk+5.8%
2026-09-29 02:25:04.229|DEBUG|ArtifactScraper|Parsing artifact substat: def+19
2026-09-29 02:25:04.229|DEBUG|ArtifactScraper|Parsing artifact substat: energyrecharge+5.8%
2026-09-29 02:25:04.229|DEBUG|ArtifactScraper|Parsing artifact substat: critrate+3.5%
2026-09-29 02:25:04.378|DEBUG|ArtifactScraper|Parsing artifact substat: energyrecharge+4.5%
2026-09-29 02:25:04.378|DEBUG|ArtifactScraper|Parsing artifact substat: critrate+2.7%
2026-09-29 02:25:04.378|DEBUG|ArtifactScraper|Parsing artifact substat: def+21
2026-09-29 02:25:04.378|DEBUG|ArtifactScraper|Parsing artifact substat: atk+4.7%
2026-09-29 02:25:04.734|DEBUG|ArtifactScraper|Parsing artifact substat: def+16
2026-09-29 02:25:04.734|DEBUG|ArtifactScraper|Parsing artifact substat: atk+5.3%
2026-09-29 02:25:04.734|DEBUG|ArtifactScraper|Parsing artifact substat: critdmg+6.2%
2026-09-29 02:25:04.734|DEBUG|ArtifactScraper|Parsing artifact substat: hp+269
2026-09-29 02:25:04.953|DEBUG|ArtifactScraper|Parsing artifact substat: critrate+3.5%
2026-09-29 02:25:04.953|DEBUG|ArtifactScraper|Parsing artifact substat: atk+4.7%
2026-09-29 02:25:04.953|DEBUG|ArtifactScraper|Parsing artifact substat: energyrecharge+5.2%
2026-09-29 02:25:04.953|DEBUG|ArtifactScraper|Parsing artifact substat: elementalmastery+21
2026-09-29 02:25:05.052|DEBUG|ArtifactScraper|Parsing artifact substat: elementalmastery+23
2026-09-29 02:25:05.052|DEBUG|ArtifactScraper|Parsing artifact substat: critdmg+7.0%
2026-09-29 02:25:05.052|DEBUG|ArtifactScraper|Parsing artifact substat: hp+4.1%
2026-09-29 02:25:05.052|DEBUG|ArtifactScraper|Parsing artifact substat: atk+4.7%
2026-09-29 02:25:05.298|DEBUG|ArtifactScraper|Parsing artifact substat: atk+5.3%
2026-09-29 02:25:05.298|DEBUG|ArtifactScraper|Parsing artifact substat: hp+4.1%
2026-09-29 02:25:05.298|DEBUG|ArtifactScraper|Parsing artifact substat: def+16
2026-09-29 02:25:05.298|DEBUG|ArtifactScraper|Parsing artifact substat: critdmg+6.2%(unactivated)
2026-09-29 02:25:05.563|DEBUG|ArtifactScraper|Parsing artifact substat: def+5.1%
2026-09-29 02:25:05.563|DEBUG|ArtifactScraper|Parsing artifact substat: energyrecharge+4.5%
2026-09-29 02:25:05.563|DEBUG|ArtifactScraper|Parsing artifact substat: elementalmastery+23
2026-09-29 02:25:05.563|DEBUG|ArtifactScraper|Parsing artifact substat: atk+5.3%(unactivated)
2026-09-29 02:25:05.612|DEBUG|ArtifactScraper|Parsing artifact substat: def+7.3%
2026-09-29 02:25:05.612|DEBUG|ArtifactScraper|Parsing artifact substat: atk+5.3%
2026-09-29 02:25:05.612|DEBUG|ArtifactScraper|Parsing artifact substat: critrate+2.7%
2026-09-29 02:25:05.612|DEBUG|ArtifactScraper|Parsing artifact substat: elementalmastery+16
2026-09-29 02:25:05.813|DEBUG|ArtifactScraper|Parsing artifact substat: critrate+3.9%
2026-09-29 02:25:05.813|DEBUG|ArtifactScraper|Parsing artifact substat: atk+4.1%
2026-09-29 02:25:05.813|DEBUG|ArtifactScraper|Parsing artifact substat: hp+209
2026-09-29 02:25:05.813|DEBUG|ArtifactScraper|Parsing artifact substat: def+21(unactivated)
2026-09-29 02:25:06.111|DEBUG|ArtifactScraper|Parsing artifact substat: critdmg+7.0%
2026-09-29 02:25:06.111|DEBUG|ArtifactScraper|Parsing artifact substat: critrate+3.5%
2026-09-29 02:25:06.111|DEBUG|ArtifactScraper|Parsing artifact substat: def+6.6%
2026-09-29 02:25:06.111|DEBUG|ArtifactScraper|Parsing artifact substat: def+16(unactivated)
2026-09-29 02:25:06.111|DEBUG|ArtifactScraper|Parsing artifact substat: atk+5.8%
2026-09-29 02:25:06.111|DEBUG|ArtifactScraper|Parsing artifact substat: critdmg+6.2%
2026-09-29 02:25:06.111|DEBUG|ArtifactScraper|Parsing artifact substat: def+16
2026-09-29 02:25:06.111|DEBUG|ArtifactScraper|Parsing artifact substat: energyrecharge+5.2%
2026-09-29 02:25:06.332|DEBUG|ArtifactScraper|Parsing artifact substat: critrate+3.9%
2026-09-29 02:25:06.332|DEBUG|ArtifactScraper|Parsing artifact substat: atk+4.7%
2026-09-29 02:25:06.332|DEBUG|ArtifactScraper|Parsing artifact substat: energyrecharge+6.5%
2026-09-29 02:25:06.332|DEBUG|ArtifactScraper|Parsing artifact substat: critdmg+7.0%(unactivated)
2026-09-29 02:25:06.693|DEBUG|ArtifactScraper|Parsing artifact substat: def+6.6%
2026-09-29 02:25:06.693|DEBUG|ArtifactScraper|Parsing artifact substat: energyrecharge+4.5%
2026-09-29 02:25:06.693|DEBUG|ArtifactScraper|Parsing artifact substat: critdmg+7.0%
2026-09-29 02:25:06.693|DEBUG|ArtifactScraper|Parsing artifact substat: critrate+3.5%(unactivated)
2026-09-29 02:25:06.870|DEBUG|ArtifactScraper|Parsing artifact substat: hp+269
2026-09-29 02:25:06.870|DEBUG|ArtifactScraper|Parsing artifact substat: critrate+3.9%
2026-09-29 02:25:06.870|DEBUG|ArtifactScraper|Parsing artifact substat: energyrecharge+6.5%
2026-09-29 02:25:06.870|DEBUG|ArtifactScraper|Parsing artifact substat: atk+4.7%(unactivated)
2026-09-29 02:25:06.976|DEBUG|ArtifactScraper|Parsing artifact substat: atk+5.8%
2026-09-29 02:25:06.976|DEBUG|ArtifactScraper|Parsing artifact substat: energyrecharge+6.5%
2026-09-29 02:25:06.976|DEBUG|ArtifactScraper|Parsing artifact substat: def+16
2026-09-29 02:25:06.976|DEBUG|ArtifactScraper|Parsing artifact substat: critrate+3.5%(unactivated)
2026-09-29 02:25:07.262|DEBUG|ArtifactScraper|Parsing artifact substat: critdmg+6.2%
2026-09-29 02:25:07.262|DEBUG|ArtifactScraper|Parsing artifact substat: atk+4.1%
2026-09-29 02:25:07.262|DEBUG|ArtifactScraper|Parsing artifact substat: elementalmastery+23
2026-09-29 02:25:07.262|DEBUG|ArtifactScraper|Parsing artifact substat: hp+5.3%(unactivated)
2026-09-29 02:25:07.400|DEBUG|ArtifactScraper|Parsing artifact substat: def+5.8%
2026-09-29 02:25:07.400|DEBUG|ArtifactScraper|Parsing artifact substat: critrate+3.5%
2026-09-29 02:25:07.400|DEBUG|ArtifactScraper|Parsing artifact substat: atk+5.3%
2026-09-29 02:25:07.400|DEBUG|ArtifactScraper|Parsing artifact substat: elementalmastery+19
2026-09-29 02:25:07.558|DEBUG|ArtifactScraper|Parsing artifact substat: critdmg+7.0%
2026-09-29 02:25:07.558|DEBUG|ArtifactScraper|Parsing artifact substat: hp+209
2026-09-29 02:25:07.558|DEBUG|ArtifactScraper|Parsing artifact substat: elementalmastery+21
2026-09-29 02:25:07.558|DEBUG|ArtifactScraper|Parsing artifact substat: critrate+3.9%(unactivated)
2026-09-29 02:25:07.764|DEBUG|ArtifactScraper|Parsing artifact substat: critrate+3.1%
2026-09-29 02:25:07.764|DEBUG|ArtifactScraper|Parsing artifact substat: def+19
2026-09-29 02:25:07.764|DEBUG|ArtifactScraper|Parsing artifact substat: hp+4.7%
2026-09-29 02:25:07.764|DEBUG|ArtifactScraper|Parsing artifact substat: atk+4.7%(unactivated)
2026-09-29 02:25:08.013|DEBUG|ArtifactScraper|Parsing artifact substat: energyrecharge+5.8%
2026-09-29 02:25:08.013|DEBUG|ArtifactScraper|Parsing artifact substat: atk+5.8%
2026-09-29 02:25:08.013|DEBUG|ArtifactScraper|Parsing artifact substat: hp+209
2026-09-29 02:25:08.013|DEBUG|ArtifactScraper|Parsing artifact substat: critdmg+7.0%(unactivated)
2026-09-29 02:25:08.120|DEBUG|ArtifactScraper|Parsing artifact substat: critrate+2.7%
2026-09-29 02:25:08.120|DEBUG|ArtifactScraper|Parsing artifact substat: def+16
2026-09-29 02:25:08.120|DEBUG|ArtifactScraper|Parsing artifact substat: hp+299
2026-09-29 02:25:08.120|DEBUG|ArtifactScraper|Parsing artifact substat: critdmg+6.2%(unactivated)
2026-09-29 02:25:08.387|DEBUG|ArtifactScraper|Parsing artifact substat: energyrecharge+5.2%
2026-09-29 02:25:08.387|DEBUG|ArtifactScraper|Parsing artifact substat: def+6.6%
2026-09-29 02:25:08.387|DEBUG|ArtifactScraper|Parsing artifact substat: critdmg+6.2%
2026-09-29 02:25:08.387|DEBUG|ArtifactScraper|Parsing artifact substat: atk+4.7%(unactivated)
2026-09-29 02:25:08.615|DEBUG|ArtifactScraper|Parsing artifact substat: critdmg+7.8%
2026-09-29 02:25:08.615|DEBUG|ArtifactScraper|Parsing artifact substat: elementalmastery+16
2026-09-29 02:25:08.615|DEBUG|ArtifactScraper|Parsing artifact substat: def+23
2026-09-29 02:25:08.615|DEBUG|ArtifactScraper|Parsing artifact substat: atk+4.7%(unactivated)
2026-09-29 02:25:08.680|DEBUG|ArtifactScraper|Parsing artifact substat: hp+5.3%
2026-09-29 02:25:08.680|DEBUG|ArtifactScraper|Parsing artifact substat: hp+269
2026-09-29 02:25:08.680|DEBUG|ArtifactScraper|Parsing artifact substat: def+21
2026-09-29 02:25:08.680|DEBUG|ArtifactScraper|Parsing artifact substat: critrate+3.9%
2026-09-29 02:25:08.952|DEBUG|ArtifactScraper|Parsing artifact substat: def+21
2026-09-29 02:25:08.952|DEBUG|ArtifactScraper|Parsing artifact substat: hp+4.7%
2026-09-29 02:25:08.952|DEBUG|ArtifactScraper|Parsing artifact substat: hp+299
2026-09-29 02:25:08.952|DEBUG|ArtifactScraper|Parsing artifact substat: critrate+3.9%
2026-09-29 02:25:09.171|DEBUG|ArtifactScraper|Parsing artifact substat: atk+4.7%
2026-09-29 02:25:09.171|DEBUG|ArtifactScraper|Parsing artifact substat: hp+209
2026-09-29 02:25:09.171|DEBUG|ArtifactScraper|Parsing artifact substat: hp+4.1%
2026-09-29 02:25:09.171|DEBUG|ArtifactScraper|Parsing artifact substat: elementalmastery+19
2026-09-29 02:25:09.310|DEBUG|ArtifactScraper|Parsing artifact substat: hp+4.7%
2026-09-29 02:25:09.310|DEBUG|ArtifactScraper|Parsing artifact substat: elementalmastery+19
2026-09-29 02:25:09.310|DEBUG|ArtifactScraper|Parsing artifact substat: def+6.6%
2026-09-29 02:25:09.310|DEBUG|ArtifactScraper|Parsing artifact substat: energyrecharge+4.5%
2026-09-29 02:25:09.480|DEBUG|ArtifactScraper|Parsing artifact substat: hp+269
2026-09-29 02:25:09.480|DEBUG|ArtifactScraper|Parsing artifact substat: def+5.1%
2026-09-29 02:25:09.480|DEBUG|ArtifactScraper|Parsing artifact substat: def+19
2026-09-29 02:25:09.480|DEBUG|ArtifactScraper|Parsing artifact substat: hp+5.3%
2026-09-29 02:25:09.702|DEBUG|ArtifactScraper|Finished queuing page of artifacts. Scrolling...
2026-09-29 02:25:09.814|DEBUG|ArtifactScraper|Parsing artifact substat: energyrecharge+5.2%
2026-09-29 02:25:09.814|DEBUG|ArtifactScraper|Parsing artifact substat: critrate+2.7%
2026-09-29 02:25:09.814|DEBUG|ArtifactScraper|Parsing artifact substat: def+21
2026-09-29 02:25:09.814|DEBUG|ArtifactScraper|Parsing artifact substat: hp+209
2026-09-29 02:25:09.882|DEBUG|ArtifactScraper|Parsing artifact substat: def+7.3%
2026-09-29 02:25:09.882|DEBUG|ArtifactScraper|Parsing artifact substat: def+16
2026-09-29 02:25:09.882|DEBUG|ArtifactScraper|Parsing artifact substat: hp+4.7%
2026-09-29 02:25:09.882|DEBUG|ArtifactScraper|Parsing artifact substat: critdmg+6.2%
2026-09-29 02:25:10.017|DEBUG|ArtifactScraper|Parsing artifact substat: atk+4.7%
2026-09-29 02:25:10.017|DEBUG|ArtifactScraper|Parsing artifact substat: hp+269
2026-09-29 02:25:10.017|DEBUG|ArtifactScraper|Parsing artifact substat: def+23
2026-09-29 02:25:10.017|DEBUG|ArtifactScraper|Parsing artifact substat: elementalmastery+23
2026-09-29 02:25:10.271|DEBUG|ArtifactScraper|Parsing artifact substat: critdmg+7.0%
2026-09-29 02:25:10.271|DEBUG|ArtifactScraper|Parsing artifact substat: elementalmastery+21
2026-09-29 02:25:10.271|DEBUG|ArtifactScraper|Parsing artifact substat: hp+209
2026-09-29 02:25:10.271|DEBUG|ArtifactScraper|Parsing artifact substat: hp+4.1%
2026-09-29 02:25:12.714|DEBUG|ArtifactScraper|Scanning artifact page 50
2026-09-29 02:25:12.714|DEBUG|ArtifactScraper|Located 32 possible item locations on page.
2026-09-29 02:25:13.245|DEBUG|ArtifactScraper|Parsing artifact substat: def+6.6%
2026-09-29 02:25:13.245|DEBUG|ArtifactScraper|Parsing artifact substat: def+21
2026-09-29 02:25:13.245|DEBUG|ArtifactScraper|Parsing artifact substat: hp+239
2026-09-29 02:25:13.245|DEBUG|ArtifactScraper|Parsing artifact substat: energyrecharge+6.5%
2026-09-29 02:25:13.568|DEBUG|ArtifactScraper|Parsing artifact substat: def+23
2026-09-29 02:25:13.568|DEBUG|ArtifactScraper|Parsing artifact substat: def+5.8%
2026-09-29 02:25:13.568|DEBUG|ArtifactScraper|Parsing artifact substat: hp+299
2026-09-29 02:25:13.568|DEBUG|ArtifactScraper|Parsing artifact substat: hp+5.3%
2026-09-29 02:25:13.728|DEBUG|ArtifactScraper|Parsing artifact substat: elementalmastery+21
2026-09-29 02:25:13.728|DEBUG|ArtifactScraper|Parsing artifact substat: def+19
2026-09-29 02:25:13.728|DEBUG|ArtifactScraper|Parsing artifact substat: critdmg+7.8%
2026-09-29 02:25:13.728|DEBUG|ArtifactScraper|Parsing artifact substat: hp+209
2026-09-29 02:25:13.943|DEBUG|ArtifactScraper|Parsing artifact substat: hp+239
2026-09-29 02:25:13.943|DEBUG|ArtifactScraper|Parsing artifact substat: def+21
2026-09-29 02:25:13.943|DEBUG|ArtifactScraper|Parsing artifact substat: def+6.6%
2026-09-29 02:25:13.943|DEBUG|ArtifactScraper|Parsing artifact substat: hp+5.8%
2026-09-29 02:25:14.211|DEBUG|ArtifactScraper|Parsing artifact substat: def+6.6%
2026-09-29 02:25:14.211|DEBUG|ArtifactScraper|Parsing artifact substat: hp+299
2026-09-29 02:25:14.211|DEBUG|ArtifactScraper|Parsing artifact substat: hp+4.7%
2026-09-29 02:25:14.211|DEBUG|ArtifactScraper|Parsing artifact substat: elementalmastery+21
2026-09-29 02:25:14.350|DEBUG|ArtifactScraper|Parsing artifact substat: hp+269
2026-09-29 02:25:14.350|DEBUG|ArtifactScraper|Parsing artifact substat: critrate+3.1%
2026-09-29 02:25:14.350|DEBUG|ArtifactScraper|Parsing artifact substat: def+23
2026-09-29 02:25:14.350|DEBUG|ArtifactScraper|Parsing artifact substat: energyrecharge+5.2%
2026-09-29 02:25:14.748|DEBUG|ArtifactScraper|Parsing artifact substat: critdmg+7.0%
2026-09-29 02:25:14.750|DEBUG|ArtifactScraper|Parsing artifact substat: def+23
2026-09-29 02:25:14.750|DEBUG|ArtifactScraper|Parsing artifact substat: hp+5.3%
2026-09-29 02:25:14.750|DEBUG|ArtifactScraper|Parsing artifact substat: def+6.6%
2026-09-29 02:25:14.811|DEBUG|ArtifactScraper|Parsing artifact substat: critrate+2.7%
2026-09-29 02:25:14.811|DEBUG|ArtifactScraper|Parsing artifact substat: energyrecharge+6.5%
2026-09-29 02:25:14.811|DEBUG|ArtifactScraper|Parsing artifact substat: elementalmastery+19
2026-09-29 02:25:14.811|DEBUG|ArtifactScraper|Parsing artifact substat: hp+5.3%
2026-09-29 02:25:14.927|DEBUG|ArtifactScraper|Parsing artifact substat: elementalmastery+21
2026-09-29 02:25:14.927|DEBUG|ArtifactScraper|Parsing artifact substat: hp+269
2026-09-29 02:25:14.927|DEBUG|ArtifactScraper|Parsing artifact substat: def+23
2026-09-29 02:25:14.927|DEBUG|ArtifactScraper|Parsing artifact substat: critrate+3.9%
2026-09-29 02:25:15.380|DEBUG|ArtifactScraper|Parsing artifact substat: elementalmastery+19
2026-09-29 02:25:15.380|DEBUG|ArtifactScraper|Parsing artifact substat: energyrecharge+6.5%
2026-09-29 02:25:15.380|DEBUG|ArtifactScraper|Parsing artifact substat: def+16
2026-09-29 02:25:15.380|DEBUG|ArtifactScraper|Parsing artifact substat: def+6.6%(unactivated)
2026-09-29 02:25:15.415|DEBUG|ArtifactScraper|Parsing artifact substat: def+23
2026-09-29 02:25:15.415|DEBUG|ArtifactScraper|Parsing artifact substat: def+6.6%
2026-09-29 02:25:15.415|DEBUG|ArtifactScraper|Parsing artifact substat: elementalmastery+19
2026-09-29 02:25:15.415|DEBUG|ArtifactScraper|Parsing artifact substat: hp+5.8%(unactivated)
2026-09-29 02:25:15.470|DEBUG|ArtifactScraper|Parsing artifact substat: hp+5.3%
2026-09-29 02:25:15.470|DEBUG|ArtifactScraper|Parsing artifact substat: def+6.6%
2026-09-29 02:25:15.470|DEBUG|ArtifactScraper|Parsing artifact substat: hp+239
2026-09-29 02:25:15.470|DEBUG|ArtifactScraper|Parsing artifact substat: critdmg+7.0%(unactivated)
2026-09-29 02:25:15.976|DEBUG|ArtifactScraper|Parsing artifact substat: atk+5.3%
2026-09-29 02:25:15.976|DEBUG|ArtifactScraper|Parsing artifact substat: def+16
2026-09-29 02:25:15.976|DEBUG|ArtifactScraper|Parsing artifact substat: hp+5.3%
2026-09-29 02:25:15.976|DEBUG|ArtifactScraper|Parsing artifact substat: elementalmastery+16
2026-09-29 02:25:16.022|DEBUG|ArtifactScraper|Parsing artifact substat: def+23
2026-09-29 02:25:16.022|DEBUG|ArtifactScraper|Parsing artifact substat: hp+4.7%
2026-09-29 02:25:16.022|DEBUG|ArtifactScraper|Parsing artifact substat: hp+209
2026-09-29 02:25:16.022|DEBUG|ArtifactScraper|Parsing artifact substat: elementalmastery+19
2026-09-29 02:25:16.118|DEBUG|ArtifactScraper|Parsing artifact substat: hp+209
2026-09-29 02:25:16.118|DEBUG|ArtifactScraper|Parsing artifact substat: def+21
2026-09-29 02:25:16.118|DEBUG|ArtifactScraper|Parsing artifact substat: def+5.8%
2026-09-29 02:25:16.118|DEBUG|ArtifactScraper|Parsing artifact substat: critrate+3.5%(unactivated)
2026-09-29 02:25:16.595|DEBUG|ArtifactScraper|Parsing artifact substat: energyrecharge+5.2%
2026-09-29 02:25:16.595|DEBUG|ArtifactScraper|Parsing artifact substat: def+21
2026-09-29 02:25:16.595|DEBUG|ArtifactScraper|Parsing artifact substat: critrate+3.9%
2026-09-29 02:25:16.595|DEBUG|ArtifactScraper|Parsing artifact substat: hp+299(unactivated)
2026-09-29 02:25:16.675|DEBUG|ArtifactScraper|Parsing artifact substat: def+19
2026-09-29 02:25:16.675|DEBUG|ArtifactScraper|Parsing artifact substat: elementalmastery+23
2026-09-29 02:25:16.675|DEBUG|ArtifactScraper|Parsing artifact substat: hp+269
2026-09-29 02:25:16.675|DEBUG|ArtifactScraper|Parsing artifact substat: atk+5.8%(unactivated)
2026-09-29 02:25:16.830|DEBUG|ArtifactScraper|Parsing artifact substat: elementalmastery+23
2026-09-29 02:25:16.830|DEBUG|ArtifactScraper|Parsing artifact substat: energyrecharge+5.2%
2026-09-29 02:25:16.830|DEBUG|ArtifactScraper|Parsing artifact substat: critdmg+6.2%
2026-09-29 02:25:16.830|DEBUG|ArtifactScraper|Parsing artifact substat: def+21(unactivated)
2026-09-29 02:25:17.233|DEBUG|ArtifactScraper|Parsing artifact substat: elementalmastery+23
2026-09-29 02:25:17.233|DEBUG|ArtifactScraper|Parsing artifact substat: def+6.6%
2026-09-29 02:25:17.233|DEBUG|ArtifactScraper|Parsing artifact substat: hp+209
2026-09-29 02:25:17.233|DEBUG|ArtifactScraper|Parsing artifact substat: hp+5.8%(unactivated)
2026-09-29 02:25:17.251|DEBUG|ArtifactScraper|Parsing artifact substat: hp+4.1%
2026-09-29 02:25:17.251|DEBUG|ArtifactScraper|Parsing artifact substat: hp+269
2026-09-29 02:25:17.251|DEBUG|ArtifactScraper|Parsing artifact substat: elementalmastery+19
2026-09-29 02:25:17.251|DEBUG|ArtifactScraper|Parsing artifact substat: def+23(unactivated)
2026-09-29 02:25:17.418|DEBUG|ArtifactScraper|Parsing artifact substat: elementalmastery+21
2026-09-29 02:25:17.418|DEBUG|ArtifactScraper|Parsing artifact substat: energyrecharge+4.5%
2026-09-29 02:25:17.418|DEBUG|ArtifactScraper|Parsing artifact substat: hp+4.1%
2026-09-29 02:25:17.418|DEBUG|ArtifactScraper|Parsing artifact substat: atk+5.3%(unactivated)
2026-09-29 02:25:17.771|DEBUG|ArtifactScraper|Parsing artifact substat: atk+5.3%
2026-09-29 02:25:17.771|DEBUG|ArtifactScraper|Parsing artifact substat: hp+299
2026-09-29 02:25:17.771|DEBUG|ArtifactScraper|Parsing artifact substat: def+21
2026-09-29 02:25:17.771|DEBUG|ArtifactScraper|Parsing artifact substat: elementalmastery+23
2026-09-29 02:25:17.833|DEBUG|ArtifactScraper|Parsing artifact substat: critrate+3.1%
2026-09-29 02:25:17.833|DEBUG|ArtifactScraper|Parsing artifact substat: hp+5.3%
2026-09-29 02:25:17.833|DEBUG|ArtifactScraper|Parsing artifact substat: def+23
2026-09-29 02:25:17.833|DEBUG|ArtifactScraper|Parsing artifact substat: hp+209(unactivated)
2026-09-29 02:25:18.008|DEBUG|ArtifactScraper|Parsing artifact substat: def+5.1%
2026-09-29 02:25:18.008|DEBUG|ArtifactScraper|Parsing artifact substat: def+16
2026-09-29 02:25:18.008|DEBUG|ArtifactScraper|Parsing artifact substat: hp+5.8%
2026-09-29 02:25:18.008|DEBUG|ArtifactScraper|Parsing artifact substat: elementalmastery+21
2026-09-29 02:25:18.343|DEBUG|ArtifactScraper|Parsing artifact substat: def+21
2026-09-29 02:25:18.344|DEBUG|ArtifactScraper|Parsing artifact substat: elementalmastery+19
2026-09-29 02:25:18.344|DEBUG|ArtifactScraper|Parsing artifact substat: hp+4.7%
2026-09-29 02:25:18.344|DEBUG|ArtifactScraper|Parsing artifact substat: atk+4.7%(unactivated)
2026-09-29 02:25:18.398|DEBUG|ArtifactScraper|Parsing artifact substat: atk+5.8%
2026-09-29 02:25:18.398|DEBUG|ArtifactScraper|Parsing artifact substat: hp+269
2026-09-29 02:25:18.398|DEBUG|ArtifactScraper|Parsing artifact substat: elementalmastery+21
2026-09-29 02:25:18.398|DEBUG|ArtifactScraper|Parsing artifact substat: def+6.6%(unactivated)
2026-09-29 02:25:18.587|DEBUG|ArtifactScraper|Parsing artifact substat: hp+5.8%
2026-09-29 02:25:18.587|DEBUG|ArtifactScraper|Parsing artifact substat: energyrecharge+6.5%
2026-09-29 02:25:18.587|DEBUG|ArtifactScraper|Parsing artifact substat: hp+299
2026-09-29 02:25:18.587|DEBUG|ArtifactScraper|Parsing artifact substat: critdmg+6.2%(unactivated)
2026-09-29 02:25:18.692|DEBUG|ArtifactScraper|Finished queuing page of artifacts. Scrolling...
2026-09-29 02:25:18.878|DEBUG|ArtifactScraper|Parsing artifact substat: def+16
2026-09-29 02:25:18.878|DEBUG|ArtifactScraper|Parsing artifact substat: hp+239
2026-09-29 02:25:18.878|DEBUG|ArtifactScraper|Parsing artifact substat: critrate+3.5%
2026-09-29 02:25:18.878|DEBUG|ArtifactScraper|Parsing artifact substat: energyrecharge+6.5%
2026-09-29 02:25:18.943|DEBUG|ArtifactScraper|Parsing artifact substat: def+21
2026-09-29 02:25:18.943|DEBUG|ArtifactScraper|Parsing artifact substat: critrate+3.1%
2026-09-29 02:25:18.943|DEBUG|ArtifactScraper|Parsing artifact substat: elementalmastery+19
2026-09-29 02:25:18.943|DEBUG|ArtifactScraper|Parsing artifact substat: energyrecharge+4.5%
2026-09-29 02:25:19.186|DEBUG|ArtifactScraper|Parsing artifact substat: hp+4.1%
2026-09-29 02:25:19.186|DEBUG|ArtifactScraper|Parsing artifact substat: hp+269
2026-09-29 02:25:19.186|DEBUG|ArtifactScraper|Parsing artifact substat: elementalmastery+19
2026-09-29 02:25:19.186|DEBUG|ArtifactScraper|Parsing artifact substat: critrate+3.9%(unactivated)
2026-09-29 02:25:19.507|DEBUG|ArtifactScraper|Parsing artifact substat: energyrecharge+5.2%
2026-09-29 02:25:19.507|DEBUG|ArtifactScraper|Parsing artifact substat: hp+209
2026-09-29 02:25:19.507|DEBUG|ArtifactScraper|Parsing artifact substat: elementalmastery+16
2026-09-29 02:25:19.507|DEBUG|ArtifactScraper|Parsing artifact substat: critrate+3.5%(unactivated)
2026-09-29 02:25:19.533|DEBUG|ArtifactScraper|Parsing artifact substat: hp+269
2026-09-29 02:25:19.533|DEBUG|ArtifactScraper|Parsing artifact substat: def+5.1%
2026-09-29 02:25:19.533|DEBUG|ArtifactScraper|Parsing artifact substat: hp+4.1%
2026-09-29 02:25:19.533|DEBUG|ArtifactScraper|Parsing artifact substat: elementalmastery+23
2026-09-29 02:25:21.766|DEBUG|ArtifactScraper|Scanning artifact page 51
2026-09-29 02:25:21.766|DEBUG|ArtifactScraper|Located 32 possible item locations on page.
2026-09-29 02:25:22.627|DEBUG|ArtifactScraper|Parsing artifact substat: hp+4.7%
2026-09-29 02:25:22.627|DEBUG|ArtifactScraper|Parsing artifact substat: hp+269
2026-09-29 02:25:22.627|DEBUG|ArtifactScraper|Parsing artifact substat: def+23
2026-09-29 02:25:22.627|DEBUG|ArtifactScraper|Parsing artifact substat: atk+5.3%(unactivated)
2026-09-29 02:25:22.698|DEBUG|ArtifactScraper|Parsing artifact substat: def+5.8%
2026-09-29 02:25:22.698|DEBUG|ArtifactScraper|Parsing artifact substat: energyrecharge+4.5%
2026-09-29 02:25:22.698|DEBUG|ArtifactScraper|Parsing artifact substat: elementalmastery+19
2026-09-29 02:25:22.698|DEBUG|ArtifactScraper|Parsing artifact substat: def+19(unactivated)
2026-09-29 02:25:23.021|DEBUG|ArtifactScraper|Parsing artifact substat: elementalmastery+21
2026-09-29 02:25:23.021|DEBUG|ArtifactScraper|Parsing artifact substat: hp+299
2026-09-29 02:25:23.021|DEBUG|ArtifactScraper|Parsing artifact substat: critdmg+5.4%
2026-09-29 02:25:23.021|DEBUG|ArtifactScraper|Parsing artifact substat: hp+4.1%(unactivated)
2026-09-29 02:25:23.227|DEBUG|ArtifactScraper|Parsing artifact substat: def+7.3%
2026-09-29 02:25:23.227|DEBUG|ArtifactScraper|Parsing artifact substat: elementalmastery+16
2026-09-29 02:25:23.227|DEBUG|ArtifactScraper|Parsing artifact substat: critdmg+7.8%
2026-09-29 02:25:23.227|DEBUG|ArtifactScraper|Parsing artifact substat: hp+5.3%(unactivated)
2026-09-29 02:25:23.278|DEBUG|ArtifactScraper|Parsing artifact substat: critrate+3.5%
2026-09-29 02:25:23.278|DEBUG|ArtifactScraper|Parsing artifact substat: def+16
2026-09-29 02:25:23.278|DEBUG|ArtifactScraper|Parsing artifact substat: energyrecharge+6.5%
2026-09-29 02:25:23.278|DEBUG|ArtifactScraper|Parsing artifact substat: elementalmastery+23
2026-09-29 02:25:23.545|DEBUG|ArtifactScraper|Parsing artifact substat: hp+4.1%
2026-09-29 02:25:23.545|DEBUG|ArtifactScraper|Parsing artifact substat: atk+4.1%
2026-09-29 02:25:23.545|DEBUG|ArtifactScraper|Parsing artifact substat: def+23
2026-09-29 02:25:23.545|DEBUG|ArtifactScraper|Parsing artifact substat: energyrecharge+5.2%
2026-09-29 02:25:23.797|DEBUG|ArtifactScraper|Parsing artifact substat: def+21
2026-09-29 02:25:23.797|DEBUG|ArtifactScraper|Parsing artifact substat: hp+209
2026-09-29 02:25:23.797|DEBUG|ArtifactScraper|Parsing artifact substat: critrate+3.1%
2026-09-29 02:25:23.797|DEBUG|ArtifactScraper|Parsing artifact substat: def+5.1%(unactivated)
2026-09-29 02:25:23.797|DEBUG|ArtifactScraper|Parsing artifact substat: def+5.1%
2026-09-29 02:25:23.797|DEBUG|ArtifactScraper|Parsing artifact substat: energyrecharge+4.5%
2026-09-29 02:25:23.797|DEBUG|ArtifactScraper|Parsing artifact substat: def+21
2026-09-29 02:25:23.797|DEBUG|ArtifactScraper|Parsing artifact substat: atk+5.3%(unactivated)
2026-09-29 02:25:24.080|DEBUG|ArtifactScraper|Parsing artifact substat: atk+4.1%
2026-09-29 02:25:24.080|DEBUG|ArtifactScraper|Parsing artifact substat: elementalmastery+19
2026-09-29 02:25:24.080|DEBUG|ArtifactScraper|Parsing artifact substat: def+23
2026-09-29 02:25:24.080|DEBUG|ArtifactScraper|Parsing artifact substat: hp+299(unactivated)
2026-09-29 02:25:24.290|DEBUG|ArtifactScraper|Parsing artifact substat: def+5.8%
2026-09-29 02:25:24.290|DEBUG|ArtifactScraper|Parsing artifact substat: hp+239
2026-09-29 02:25:24.290|DEBUG|ArtifactScraper|Parsing artifact substat: atk+4.7%
2026-09-29 02:25:24.290|DEBUG|ArtifactScraper|Parsing artifact substat: def+16(unactivated)
2026-09-29 02:25:24.344|DEBUG|ArtifactScraper|Parsing artifact substat: hp+209
2026-09-29 02:25:24.344|DEBUG|ArtifactScraper|Parsing artifact substat: energyrecharge+4.5%
2026-09-29 02:25:24.344|DEBUG|ArtifactScraper|Parsing artifact substat: def+5.1%
2026-09-29 02:25:24.344|DEBUG|ArtifactScraper|Parsing artifact substat: critdmg+6.2%(unactivated)
2026-09-29 02:25:24.664|DEBUG|ArtifactScraper|Parsing artifact substat: def+16
2026-09-29 02:25:24.664|DEBUG|ArtifactScraper|Parsing artifact substat: hp+299
2026-09-29 02:25:24.664|DEBUG|ArtifactScraper|Parsing artifact substat: energyrecharge+5.8%
2026-09-29 02:25:24.664|DEBUG|ArtifactScraper|Parsing artifact substat: hp+4.1%(unactivated)
2026-09-29 02:25:24.932|DEBUG|ArtifactScraper|Parsing artifact substat: elementalmastery+19
2026-09-29 02:25:24.932|DEBUG|ArtifactScraper|Parsing artifact substat: hp+4.7%
2026-09-29 02:25:24.932|DEBUG|ArtifactScraper|Parsing artifact substat: def+19
2026-09-29 02:25:24.932|DEBUG|ArtifactScraper|Parsing artifact substat: def+5.8%(unactivated)
2026-09-29 02:25:24.970|DEBUG|ArtifactScraper|Parsing artifact substat: hp+299
2026-09-29 02:25:24.970|DEBUG|ArtifactScraper|Parsing artifact substat: def+21
2026-09-29 02:25:24.970|DEBUG|ArtifactScraper|Parsing artifact substat: def+5.1%
2026-09-29 02:25:24.970|DEBUG|ArtifactScraper|Parsing artifact substat: hp+4.1%(unactivated)
2026-09-29 02:25:25.188|DEBUG|ArtifactScraper|Parsing artifact substat: atk+5.8%
2026-09-29 02:25:25.188|DEBUG|ArtifactScraper|Parsing artifact substat: def+5.1%
2026-09-29 02:25:25.188|DEBUG|ArtifactScraper|Parsing artifact substat: hp+4.1%
2026-09-29 02:25:25.188|DEBUG|ArtifactScraper|Parsing artifact substat: def+16(unactivated)
2026-09-29 02:25:25.462|DEBUG|ArtifactScraper|Parsing artifact substat: def+23
2026-09-29 02:25:25.462|DEBUG|ArtifactScraper|Parsing artifact substat: hp+4.1%
2026-09-29 02:25:25.462|DEBUG|ArtifactScraper|Parsing artifact substat: critdmg+5.4%
2026-09-29 02:25:25.462|DEBUG|ArtifactScraper|Parsing artifact substat: elementalmastery+16
2026-09-29 02:25:25.525|DEBUG|ArtifactScraper|Parsing artifact substat: critrate+3.1%
2026-09-29 02:25:25.525|DEBUG|ArtifactScraper|Parsing artifact substat: energyrecharge+5.2%
2026-09-29 02:25:25.525|DEBUG|ArtifactScraper|Parsing artifact substat: critdmg+6.2%
2026-09-29 02:25:25.525|DEBUG|ArtifactScraper|Parsing artifact substat: hp+299
2026-09-29 02:25:25.737|DEBUG|ArtifactScraper|Parsing artifact substat: critrate+3.5%
2026-09-29 02:25:25.737|DEBUG|ArtifactScraper|Parsing artifact substat: atk+19
2026-09-29 02:25:25.737|DEBUG|ArtifactScraper|Parsing artifact substat: critdmg+5.4%
2026-09-29 02:25:25.737|DEBUG|ArtifactScraper|Parsing artifact substat: elementalmastery+16
2026-09-29 02:25:25.989|DEBUG|ArtifactScraper|Parsing artifact substat: critrate+2.7%
2026-09-29 02:25:25.989|DEBUG|ArtifactScraper|Parsing artifact substat: atk+16
2026-09-29 02:25:25.989|DEBUG|ArtifactScraper|Parsing artifact substat: hp+269
2026-09-29 02:25:25.989|DEBUG|ArtifactScraper|Parsing artifact substat: critdmg+7.0%
2026-09-29 02:25:26.124|DEBUG|ArtifactScraper|Parsing artifact substat: energyrecharge+5.8%
2026-09-29 02:25:26.124|DEBUG|ArtifactScraper|Parsing artifact substat: critdmg+7.8%
2026-09-29 02:25:26.124|DEBUG|ArtifactScraper|Parsing artifact substat: critrate+3.9%
2026-09-29 02:25:26.124|DEBUG|ArtifactScraper|Parsing artifact substat: hp+5.8%
2026-09-29 02:25:26.272|DEBUG|ArtifactScraper|Parsing artifact substat: critrate+3.1%
2026-09-29 02:25:26.272|DEBUG|ArtifactScraper|Parsing artifact substat: critdmg+7.8%
2026-09-29 02:25:26.272|DEBUG|ArtifactScraper|Parsing artifact substat: atk+4.7%
2026-09-29 02:25:26.272|DEBUG|ArtifactScraper|Parsing artifact substat: atk+18
2026-09-29 02:25:26.564|DEBUG|ArtifactScraper|Parsing artifact substat: critrate+3.1%
2026-09-29 02:25:26.564|DEBUG|ArtifactScraper|Parsing artifact substat: critdmg+6.2%
2026-09-29 02:25:26.564|DEBUG|ArtifactScraper|Parsing artifact substat: elementalmastery+19
2026-09-29 02:25:26.564|DEBUG|ArtifactScraper|Parsing artifact substat: hp+5.3%
2026-09-29 02:25:26.679|DEBUG|ArtifactScraper|Parsing artifact substat: critrate+2.7%
2026-09-29 02:25:26.679|DEBUG|ArtifactScraper|Parsing artifact substat: atk+5.8%
2026-09-29 02:25:26.679|DEBUG|ArtifactScraper|Parsing artifact substat: def+19
2026-09-29 02:25:26.679|DEBUG|ArtifactScraper|Parsing artifact substat: critdmg+7.0%
2026-09-29 02:25:26.910|DEBUG|ArtifactScraper|Parsing artifact substat: critdmg+5.4%
2026-09-29 02:25:26.910|DEBUG|ArtifactScraper|Parsing artifact substat: energyrecharge+5.8%
2026-09-29 02:25:26.910|DEBUG|ArtifactScraper|Parsing artifact substat: hp+5.3%
2026-09-29 02:25:26.910|DEBUG|ArtifactScraper|Parsing artifact substat: atk+14(unactivated)
2026-09-29 02:25:27.143|DEBUG|ArtifactScraper|Parsing artifact substat: def+23
2026-09-29 02:25:27.143|DEBUG|ArtifactScraper|Parsing artifact substat: atk+19
2026-09-29 02:25:27.143|DEBUG|ArtifactScraper|Parsing artifact substat: atk+5.3%
2026-09-29 02:25:27.143|DEBUG|ArtifactScraper|Parsing artifact substat: critdmg+7.8%(unactivated)
2026-09-29 02:25:27.286|DEBUG|ArtifactScraper|Parsing artifact substat: hp+269
2026-09-29 02:25:27.286|DEBUG|ArtifactScraper|Parsing artifact substat: critrate+3.1%
2026-09-29 02:25:27.286|DEBUG|ArtifactScraper|Parsing artifact substat: hp+4.1%
2026-09-29 02:25:27.286|DEBUG|ArtifactScraper|Parsing artifact substat: energyrecharge+4.5%
2026-09-29 02:25:27.562|DEBUG|ArtifactScraper|Parsing artifact substat: energyrecharge+6.5%
2026-09-29 02:25:27.562|DEBUG|ArtifactScraper|Parsing artifact substat: def+16
2026-09-29 02:25:27.562|DEBUG|ArtifactScraper|Parsing artifact substat: critdmg+6.2%
2026-09-29 02:25:27.562|DEBUG|ArtifactScraper|Parsing artifact substat: critrate+2.7%(unactivated)
2026-09-29 02:25:27.704|DEBUG|ArtifactScraper|Parsing artifact substat: atk+18
2026-09-29 02:25:27.704|DEBUG|ArtifactScraper|Parsing artifact substat: critrate+3.1%
2026-09-29 02:25:27.704|DEBUG|ArtifactScraper|Parsing artifact substat: hp+5.8%
2026-09-29 02:25:27.704|DEBUG|ArtifactScraper|Parsing artifact substat: energyrecharge+5.2%
2026-09-29 02:25:27.789|DEBUG|ArtifactScraper|Parsing artifact substat: hp+269
2026-09-29 02:25:27.789|DEBUG|ArtifactScraper|Parsing artifact substat: critrate+3.1%
2026-09-29 02:25:27.789|DEBUG|ArtifactScraper|Parsing artifact substat: atk+19
2026-09-29 02:25:27.789|DEBUG|ArtifactScraper|Parsing artifact substat: atk+4.7%(unactivated)
2026-09-29 02:25:27.836|DEBUG|ArtifactScraper|Finished queuing page of artifacts. Scrolling...
2026-09-29 02:25:28.189|DEBUG|ArtifactScraper|Parsing artifact substat: critrate+3.5%
2026-09-29 02:25:28.189|DEBUG|ArtifactScraper|Parsing artifact substat: atk+4.1%
2026-09-29 02:25:28.189|DEBUG|ArtifactScraper|Parsing artifact substat: hp+5.3%
2026-09-29 02:25:28.189|DEBUG|ArtifactScraper|Parsing artifact substat: critdmg+7.8%(unactivated)
2026-09-29 02:25:28.406|DEBUG|ArtifactScraper|Parsing artifact substat: critrate+3.5%
2026-09-29 02:25:28.406|DEBUG|ArtifactScraper|Parsing artifact substat: energyrecharge+6.5%
2026-09-29 02:25:28.406|DEBUG|ArtifactScraper|Parsing artifact substat: elementalmastery+23
2026-09-29 02:25:28.406|DEBUG|ArtifactScraper|Parsing artifact substat: hp+5.3%(unactivated)
2026-09-29 02:25:28.434|DEBUG|ArtifactScraper|Parsing artifact substat: elementalmastery+23
2026-09-29 02:25:28.434|DEBUG|ArtifactScraper|Parsing artifact substat: def+16
2026-09-29 02:25:28.434|DEBUG|ArtifactScraper|Parsing artifact substat: critrate+3.1%
2026-09-29 02:25:28.434|DEBUG|ArtifactScraper|Parsing artifact substat: critdmg+6.2%(unactivated)
2026-09-29 02:25:30.726|DEBUG|ArtifactScraper|Scanning artifact page 52
2026-09-29 02:25:30.726|DEBUG|ArtifactScraper|Located 32 possible item locations on page.
2026-09-29 02:25:31.553|DEBUG|ArtifactScraper|Parsing artifact substat: critrate+3.5%
2026-09-29 02:25:31.553|DEBUG|ArtifactScraper|Parsing artifact substat: atk+14
2026-09-29 02:25:31.553|DEBUG|ArtifactScraper|Parsing artifact substat: energyrecharge+5.2%
2026-09-29 02:25:31.553|DEBUG|ArtifactScraper|Parsing artifact substat: elementalmastery+16
2026-09-29 02:25:31.563|DEBUG|ArtifactScraper|Parsing artifact substat: critdmg+7.8%
2026-09-29 02:25:31.563|DEBUG|ArtifactScraper|Parsing artifact substat: elementalmastery+16
2026-09-29 02:25:31.563|DEBUG|ArtifactScraper|Parsing artifact substat: critrate+2.7%
2026-09-29 02:25:31.563|DEBUG|ArtifactScraper|Parsing artifact substat: hp+239(unactivated)
2026-09-29 02:25:31.884|DEBUG|ArtifactScraper|Parsing artifact substat: critdmg+7.0%
2026-09-29 02:25:31.884|DEBUG|ArtifactScraper|Parsing artifact substat: energyrecharge+5.2%
2026-09-29 02:25:31.884|DEBUG|ArtifactScraper|Parsing artifact substat: critrate+3.1%
2026-09-29 02:25:31.884|DEBUG|ArtifactScraper|Parsing artifact substat: hp+4.1%(unactivated)
2026-09-29 02:25:32.055|DEBUG|ArtifactScraper|Parsing artifact substat: def+21
2026-09-29 02:25:32.055|DEBUG|ArtifactScraper|Parsing artifact substat: atk+16
2026-09-29 02:25:32.055|DEBUG|ArtifactScraper|Parsing artifact substat: elementalmastery+23
2026-09-29 02:25:32.055|DEBUG|ArtifactScraper|Parsing artifact substat: atk+5.8%
2026-09-29 02:25:32.123|DEBUG|ArtifactScraper|Parsing artifact substat: def+19
2026-09-29 02:25:32.123|DEBUG|ArtifactScraper|Parsing artifact substat: critrate+3.9%
2026-09-29 02:25:32.123|DEBUG|ArtifactScraper|Parsing artifact substat: energyrecharge+4.5%
2026-09-29 02:25:32.123|DEBUG|ArtifactScraper|Parsing artifact substat: hp+4.1%(unactivated)
2026-09-29 02:25:32.345|DEBUG|ArtifactScraper|Parsing artifact substat: atk+18
2026-09-29 02:25:32.345|DEBUG|ArtifactScraper|Parsing artifact substat: hp+4.7%
2026-09-29 02:25:32.345|DEBUG|ArtifactScraper|Parsing artifact substat: def+23
2026-09-29 02:25:32.345|DEBUG|ArtifactScraper|Parsing artifact substat: def+7.3%
2026-09-29 02:25:32.609|DEBUG|ArtifactScraper|Parsing artifact substat: atk+16
2026-09-29 02:25:32.609|DEBUG|ArtifactScraper|Parsing artifact substat: hp+269
2026-09-29 02:25:32.609|DEBUG|ArtifactScraper|Parsing artifact substat: elementalmastery+16
2026-09-29 02:25:32.610|DEBUG|ArtifactScraper|Parsing artifact substat: energyrecharge+5.8%
2026-09-29 02:25:32.627|DEBUG|ArtifactScraper|Parsing artifact substat: atk+14
2026-09-29 02:25:32.627|DEBUG|ArtifactScraper|Parsing artifact substat: def+21
2026-09-29 02:25:32.627|DEBUG|ArtifactScraper|Parsing artifact substat: def+6.6%
2026-09-29 02:25:32.627|DEBUG|ArtifactScraper|Parsing artifact substat: critdmg+7.0%
2026-09-29 02:25:32.843|DEBUG|ArtifactScraper|Parsing artifact substat: elementalmastery+19
2026-09-29 02:25:32.844|DEBUG|ArtifactScraper|Parsing artifact substat: critdmg+6.2%
2026-09-29 02:25:32.844|DEBUG|ArtifactScraper|Parsing artifact substat: hp+239
2026-09-29 02:25:32.844|DEBUG|ArtifactScraper|Parsing artifact substat: atk+4.7%
2026-09-29 02:25:33.060|DEBUG|ArtifactScraper|Parsing artifact substat: atk+4.7%
2026-09-29 02:25:33.060|DEBUG|ArtifactScraper|Parsing artifact substat: def+23
2026-09-29 02:25:33.060|DEBUG|ArtifactScraper|Parsing artifact substat: critdmg+7.0%
2026-09-29 02:25:33.060|DEBUG|ArtifactScraper|Parsing artifact substat: hp+299
2026-09-29 02:25:33.373|DEBUG|ArtifactScraper|Parsing artifact substat: atk+18
2026-09-29 02:25:33.373|DEBUG|ArtifactScraper|Parsing artifact substat: hp+239
2026-09-29 02:25:33.373|DEBUG|ArtifactScraper|Parsing artifact substat: def+16
2026-09-29 02:25:33.373|DEBUG|ArtifactScraper|Parsing artifact substat: critrate+3.5%
2026-09-29 02:25:33.492|DEBUG|ArtifactScraper|Parsing artifact substat: atk+19
2026-09-29 02:25:33.492|DEBUG|ArtifactScraper|Parsing artifact substat: elementalmastery+21
2026-09-29 02:25:33.492|DEBUG|ArtifactScraper|Parsing artifact substat: critrate+3.9%
2026-09-29 02:25:33.492|DEBUG|ArtifactScraper|Parsing artifact substat: hp+239
2026-09-29 02:25:33.605|DEBUG|ArtifactScraper|Parsing artifact substat: atk+18
2026-09-29 02:25:33.605|DEBUG|ArtifactScraper|Parsing artifact substat: elementalmastery+16
2026-09-29 02:25:33.605|DEBUG|ArtifactScraper|Parsing artifact substat: critdmg+6.2%
2026-09-29 02:25:33.605|DEBUG|ArtifactScraper|Parsing artifact substat: hp+5.3%
2026-09-29 02:25:33.919|DEBUG|ArtifactScraper|Parsing artifact substat: atk+5.8%
2026-09-29 02:25:33.919|DEBUG|ArtifactScraper|Parsing artifact substat: hp+5.3%
2026-09-29 02:25:33.919|DEBUG|ArtifactScraper|Parsing artifact substat: atk+18
2026-09-29 02:25:33.919|DEBUG|ArtifactScraper|Parsing artifact substat: def+16
2026-09-29 02:25:34.046|DEBUG|ArtifactScraper|Parsing artifact substat: def+21
2026-09-29 02:25:34.046|DEBUG|ArtifactScraper|Parsing artifact substat: energyrecharge+4.5%
2026-09-29 02:25:34.047|DEBUG|ArtifactScraper|Parsing artifact substat: hp+4.7%
2026-09-29 02:25:34.047|DEBUG|ArtifactScraper|Parsing artifact substat: atk+4.1%
2026-09-29 02:25:34.142|DEBUG|ArtifactScraper|Parsing artifact substat: critdmg+5.4%
2026-09-29 02:25:34.142|DEBUG|ArtifactScraper|Parsing artifact substat: hp+299
2026-09-29 02:25:34.142|DEBUG|ArtifactScraper|Parsing artifact substat: def+6.6%
2026-09-29 02:25:34.142|DEBUG|ArtifactScraper|Parsing artifact substat: elementalmastery+19
2026-09-29 02:25:34.405|DEBUG|ArtifactScraper|Parsing artifact substat: hp+239
2026-09-29 02:25:34.405|DEBUG|ArtifactScraper|Parsing artifact substat: def+16
2026-09-29 02:25:34.405|DEBUG|ArtifactScraper|Parsing artifact substat: atk+16
2026-09-29 02:25:34.405|DEBUG|ArtifactScraper|Parsing artifact substat: elementalmastery+21
2026-09-29 02:25:34.490|DEBUG|ArtifactScraper|Parsing artifact substat: atk+16
2026-09-29 02:25:34.490|DEBUG|ArtifactScraper|Parsing artifact substat: critdmg+7.0%
2026-09-29 02:25:34.490|DEBUG|ArtifactScraper|Parsing artifact substat: def+7.3%
2026-09-29 02:25:34.490|DEBUG|ArtifactScraper|Parsing artifact substat: def+16
2026-09-29 02:25:34.877|DEBUG|ArtifactScraper|Parsing artifact substat: elementalmastery+19
2026-09-29 02:25:34.877|DEBUG|ArtifactScraper|Parsing artifact substat: critrate+3.5%
2026-09-29 02:25:34.877|DEBUG|ArtifactScraper|Parsing artifact substat: hp+269
2026-09-29 02:25:34.877|DEBUG|ArtifactScraper|Parsing artifact substat: atk+5.8%
2026-09-29 02:25:34.877|DEBUG|ArtifactScraper|Parsing artifact substat: hp+239
2026-09-29 02:25:34.877|DEBUG|ArtifactScraper|Parsing artifact substat: energyrecharge+5.8%
2026-09-29 02:25:34.877|DEBUG|ArtifactScraper|Parsing artifact substat: critdmg+5.4%
2026-09-29 02:25:34.877|DEBUG|ArtifactScraper|Parsing artifact substat: def+19
2026-09-29 02:25:35.198|DEBUG|ArtifactScraper|Parsing artifact substat: atk+5.3%
2026-09-29 02:25:35.198|DEBUG|ArtifactScraper|Parsing artifact substat: atk+18
2026-09-29 02:25:35.198|DEBUG|ArtifactScraper|Parsing artifact substat: def+16
2026-09-29 02:25:35.198|DEBUG|ArtifactScraper|Parsing artifact substat: critrate+3.9%
2026-09-29 02:25:35.317|DEBUG|ArtifactScraper|Parsing artifact substat: hp+5.3%
2026-09-29 02:25:35.317|DEBUG|ArtifactScraper|Parsing artifact substat: def+19
2026-09-29 02:25:35.317|DEBUG|ArtifactScraper|Parsing artifact substat: hp+269
2026-09-29 02:25:35.317|DEBUG|ArtifactScraper|Parsing artifact substat: atk+4.7%
2026-09-29 02:25:35.767|DEBUG|ArtifactScraper|Parsing artifact substat: energyrecharge+5.2%
2026-09-29 02:25:35.767|DEBUG|ArtifactScraper|Parsing artifact substat: hp+269
2026-09-29 02:25:35.767|DEBUG|ArtifactScraper|Parsing artifact substat: atk+19
2026-09-29 02:25:35.767|DEBUG|ArtifactScraper|Parsing artifact substat: critdmg+7.0%
2026-09-29 02:25:35.767|DEBUG|ArtifactScraper|Parsing artifact substat: elementalmastery+16
2026-09-29 02:25:35.767|DEBUG|ArtifactScraper|Parsing artifact substat: atk+19
2026-09-29 02:25:35.767|DEBUG|ArtifactScraper|Parsing artifact substat: hp+209
2026-09-29 02:25:35.767|DEBUG|ArtifactScraper|Parsing artifact substat: energyrecharge+4.5%
2026-09-29 02:25:35.898|DEBUG|ArtifactScraper|Parsing artifact substat: energyrecharge+5.8%
2026-09-29 02:25:35.898|DEBUG|ArtifactScraper|Parsing artifact substat: hp+5.3%
2026-09-29 02:25:35.898|DEBUG|ArtifactScraper|Parsing artifact substat: def+23
2026-09-29 02:25:35.898|DEBUG|ArtifactScraper|Parsing artifact substat: hp+239
2026-09-29 02:25:36.255|DEBUG|ArtifactScraper|Parsing artifact substat: def+16
2026-09-29 02:25:36.255|DEBUG|ArtifactScraper|Parsing artifact substat: elementalmastery+16
2026-09-29 02:25:36.255|DEBUG|ArtifactScraper|Parsing artifact substat: def+7.3%
2026-09-29 02:25:36.255|DEBUG|ArtifactScraper|Parsing artifact substat: hp+239
2026-09-29 02:25:36.273|DEBUG|ArtifactScraper|Parsing artifact substat: def+23
2026-09-29 02:25:36.273|DEBUG|ArtifactScraper|Parsing artifact substat: elementalmastery+23
2026-09-29 02:25:36.273|DEBUG|ArtifactScraper|Parsing artifact substat: atk+16
2026-09-29 02:25:36.273|DEBUG|ArtifactScraper|Parsing artifact substat: critrate+3.9%
2026-09-29 02:25:36.603|DEBUG|ArtifactScraper|Parsing artifact substat: atk+18
2026-09-29 02:25:36.603|DEBUG|ArtifactScraper|Parsing artifact substat: energyrecharge+5.8%
2026-09-29 02:25:36.603|DEBUG|ArtifactScraper|Parsing artifact substat: hp+299
2026-09-29 02:25:36.603|DEBUG|ArtifactScraper|Parsing artifact substat: def+21
2026-09-29 02:25:36.716|DEBUG|ArtifactScraper|Parsing artifact substat: elementalmastery+19
2026-09-29 02:25:36.716|DEBUG|ArtifactScraper|Parsing artifact substat: hp+5.8%
2026-09-29 02:25:36.716|DEBUG|ArtifactScraper|Parsing artifact substat: def+23
2026-09-29 02:25:36.716|DEBUG|ArtifactScraper|Parsing artifact substat: hp+239
2026-09-29 02:25:36.770|DEBUG|ArtifactScraper|Finished queuing page of artifacts. Scrolling...
2026-09-29 02:25:37.055|DEBUG|ArtifactScraper|Parsing artifact substat: hp+5.8%
2026-09-29 02:25:37.055|DEBUG|ArtifactScraper|Parsing artifact substat: def+23
2026-09-29 02:25:37.055|DEBUG|ArtifactScraper|Parsing artifact substat: elementalmastery+19
2026-09-29 02:25:37.055|DEBUG|ArtifactScraper|Parsing artifact substat: atk+4.7%
2026-09-29 02:25:37.124|DEBUG|ArtifactScraper|Parsing artifact substat: hp+299
2026-09-29 02:25:37.124|DEBUG|ArtifactScraper|Parsing artifact substat: def+5.1%
2026-09-29 02:25:37.124|DEBUG|ArtifactScraper|Parsing artifact substat: critdmg+7.0%
2026-09-29 02:25:37.124|DEBUG|ArtifactScraper|Parsing artifact substat: energyrecharge+5.2%
2026-09-29 02:25:37.210|DEBUG|ArtifactScraper|Parsing artifact substat: def+21
2026-09-29 02:25:37.210|DEBUG|ArtifactScraper|Parsing artifact substat: atk+16
2026-09-29 02:25:37.210|DEBUG|ArtifactScraper|Parsing artifact substat: energyrecharge+5.2%
2026-09-29 02:25:37.210|DEBUG|ArtifactScraper|Parsing artifact substat: atk+5.3%
2026-09-29 02:25:39.644|DEBUG|ArtifactScraper|Scanning artifact page 53
2026-09-29 02:25:39.644|DEBUG|ArtifactScraper|Located 32 possible item locations on page.
2026-09-29 02:25:40.209|DEBUG|ArtifactScraper|Parsing artifact substat: hp+209
2026-09-29 02:25:40.209|DEBUG|ArtifactScraper|Parsing artifact substat: def+19
2026-09-29 02:25:40.209|DEBUG|ArtifactScraper|Parsing artifact substat: critdmg+6.2%
2026-09-29 02:25:40.209|DEBUG|ArtifactScraper|Parsing artifact substat: hp+4.7%
2026-09-29 02:25:40.473|DEBUG|ArtifactScraper|Parsing artifact substat: def+16
2026-09-29 02:25:40.473|DEBUG|ArtifactScraper|Parsing artifact substat: hp+209
2026-09-29 02:25:40.473|DEBUG|ArtifactScraper|Parsing artifact substat: elementalmastery+16
2026-09-29 02:25:40.473|DEBUG|ArtifactScraper|Parsing artifact substat: critdmg+7.8%
2026-09-29 02:25:40.660|DEBUG|ArtifactScraper|Parsing artifact substat: hp+4.7%
2026-09-29 02:25:40.660|DEBUG|ArtifactScraper|Parsing artifact substat: atk+14
2026-09-29 02:25:40.660|DEBUG|ArtifactScraper|Parsing artifact substat: elementalmastery+21
2026-09-29 02:25:40.660|DEBUG|ArtifactScraper|Parsing artifact substat: hp+239(unactivated)
2026-09-29 02:25:41.034|DEBUG|ArtifactScraper|Parsing artifact substat: atk+18
2026-09-29 02:25:41.034|DEBUG|ArtifactScraper|Parsing artifact substat: elementalmastery+23
2026-09-29 02:25:41.034|DEBUG|ArtifactScraper|Parsing artifact substat: def+16
2026-09-29 02:25:41.034|DEBUG|ArtifactScraper|Parsing artifact substat: atk+4.1%(unactivated)
2026-09-29 02:25:41.055|DEBUG|ArtifactScraper|Parsing artifact substat: critdmg+7.0%
2026-09-29 02:25:41.055|DEBUG|ArtifactScraper|Parsing artifact substat: atk+14
2026-09-29 02:25:41.055|DEBUG|ArtifactScraper|Parsing artifact substat: energyrecharge+4.5%
2026-09-29 02:25:41.055|DEBUG|ArtifactScraper|Parsing artifact substat: hp+239(unactivated)
2026-09-29 02:25:41.193|DEBUG|ArtifactScraper|Parsing artifact substat: atk+18
2026-09-29 02:25:41.193|DEBUG|ArtifactScraper|Parsing artifact substat: atk+4.1%
2026-09-29 02:25:41.193|DEBUG|ArtifactScraper|Parsing artifact substat: elementalmastery+16
2026-09-29 02:25:41.193|DEBUG|ArtifactScraper|Parsing artifact substat: hp+209
2026-09-29 02:25:41.698|DEBUG|ArtifactScraper|Parsing artifact substat: critdmg+7.8%
2026-09-29 02:25:41.698|DEBUG|ArtifactScraper|Parsing artifact substat: hp+4.7%
2026-09-29 02:25:41.698|DEBUG|ArtifactScraper|Parsing artifact substat: hp+209
2026-09-29 02:25:41.698|DEBUG|ArtifactScraper|Parsing artifact substat: elementalmastery+23
2026-09-29 02:25:41.720|DEBUG|ArtifactScraper|Parsing artifact substat: critdmg+6.2%
2026-09-29 02:25:41.720|DEBUG|ArtifactScraper|Parsing artifact substat: elementalmastery+19
2026-09-29 02:25:41.720|DEBUG|ArtifactScraper|Parsing artifact substat: critrate+2.7%
2026-09-29 02:25:41.720|DEBUG|ArtifactScraper|Parsing artifact substat: hp+239
2026-09-29 02:25:41.953|DEBUG|ArtifactScraper|Parsing artifact substat: hp+5.3%
2026-09-29 02:25:41.953|DEBUG|ArtifactScraper|Parsing artifact substat: atk+5.3%
2026-09-29 02:25:41.953|DEBUG|ArtifactScraper|Parsing artifact substat: def+21
2026-09-29 02:25:41.953|DEBUG|ArtifactScraper|Parsing artifact substat: def+7.3%
2026-09-29 02:25:42.248|DEBUG|ArtifactScraper|Parsing artifact substat: energyrecharge+5.8%
2026-09-29 02:25:42.248|DEBUG|ArtifactScraper|Parsing artifact substat: def+23
2026-09-29 02:25:42.248|DEBUG|ArtifactScraper|Parsing artifact substat: critdmg+7.8%
2026-09-29 02:25:42.248|DEBUG|ArtifactScraper|Parsing artifact substat: def+7.3%
2026-09-29 02:25:42.324|DEBUG|ArtifactScraper|Parsing artifact substat: def+16
2026-09-29 02:25:42.324|DEBUG|ArtifactScraper|Parsing artifact substat: critdmg+5.4%
2026-09-29 02:25:42.324|DEBUG|ArtifactScraper|Parsing artifact substat: energyrecharge+5.8%
2026-09-29 02:25:42.324|DEBUG|ArtifactScraper|Parsing artifact substat: elementalmastery+21
2026-09-29 02:25:42.528|DEBUG|ArtifactScraper|Parsing artifact substat: energyrecharge+5.8%
2026-09-29 02:25:42.528|DEBUG|ArtifactScraper|Parsing artifact substat: def+7.3%
2026-09-29 02:25:42.528|DEBUG|ArtifactScraper|Parsing artifact substat: critrate+3.5%
2026-09-29 02:25:42.528|DEBUG|ArtifactScraper|Parsing artifact substat: atk+18
2026-09-29 02:25:42.838|DEBUG|ArtifactScraper|Parsing artifact substat: def+23
2026-09-29 02:25:42.838|DEBUG|ArtifactScraper|Parsing artifact substat: atk+5.3%
2026-09-29 02:25:42.838|DEBUG|ArtifactScraper|Parsing artifact substat: atk+19
2026-09-29 02:25:42.838|DEBUG|ArtifactScraper|Parsing artifact substat: hp+269
2026-09-29 02:25:42.928|DEBUG|ArtifactScraper|Parsing artifact substat: hp+269
2026-09-29 02:25:42.928|DEBUG|ArtifactScraper|Parsing artifact substat: critdmg+7.8%
2026-09-29 02:25:42.928|DEBUG|ArtifactScraper|Parsing artifact substat: atk+18
2026-09-29 02:25:42.928|DEBUG|ArtifactScraper|Parsing artifact substat: def+5.8%
2026-09-29 02:25:43.241|DEBUG|ArtifactScraper|Parsing artifact substat: def+23
2026-09-29 02:25:43.241|DEBUG|ArtifactScraper|Parsing artifact substat: critrate+3.1%
2026-09-29 02:25:43.241|DEBUG|ArtifactScraper|Parsing artifact substat: elementalmastery+21
2026-09-29 02:25:43.241|DEBUG|ArtifactScraper|Parsing artifact substat: def+5.8%
2026-09-29 02:25:43.453|DEBUG|ArtifactScraper|Parsing artifact substat: hp+209
2026-09-29 02:25:43.453|DEBUG|ArtifactScraper|Parsing artifact substat: atk+14
2026-09-29 02:25:43.453|DEBUG|ArtifactScraper|Parsing artifact substat: atk+4.7%
2026-09-29 02:25:43.453|DEBUG|ArtifactScraper|Parsing artifact substat: critrate+3.1%
2026-09-29 02:25:43.584|DEBUG|ArtifactScraper|Parsing artifact substat: energyrecharge+4.5%
2026-09-29 02:25:43.584|DEBUG|ArtifactScraper|Parsing artifact substat: hp+4.7%
2026-09-29 02:25:43.584|DEBUG|ArtifactScraper|Parsing artifact substat: def+7.3%
2026-09-29 02:25:43.584|DEBUG|ArtifactScraper|Parsing artifact substat: atk+4.7%
2026-09-29 02:25:43.868|DEBUG|ArtifactScraper|Parsing artifact substat: energyrecharge+5.2%
2026-09-29 02:25:43.868|DEBUG|ArtifactScraper|Parsing artifact substat: def+7.3%
2026-09-29 02:25:43.868|DEBUG|ArtifactScraper|Parsing artifact substat: critdmg+5.4%
2026-09-29 02:25:43.868|DEBUG|ArtifactScraper|Parsing artifact substat: elementalmastery+21
2026-09-29 02:25:44.062|DEBUG|ArtifactScraper|Parsing artifact substat: critdmg+7.8%
2026-09-29 02:25:44.062|DEBUG|ArtifactScraper|Parsing artifact substat: hp+5.8%
2026-09-29 02:25:44.062|DEBUG|ArtifactScraper|Parsing artifact substat: hp+239
2026-09-29 02:25:44.062|DEBUG|ArtifactScraper|Parsing artifact substat: atk+19(unactivated)
2026-09-29 02:25:44.158|DEBUG|ArtifactScraper|Parsing artifact substat: hp+5.8%
2026-09-29 02:25:44.158|DEBUG|ArtifactScraper|Parsing artifact substat: def+23
2026-09-29 02:25:44.158|DEBUG|ArtifactScraper|Parsing artifact substat: hp+269
2026-09-29 02:25:44.158|DEBUG|ArtifactScraper|Parsing artifact substat: elementalmastery+19
2026-09-29 02:25:44.472|DEBUG|ArtifactScraper|Parsing artifact substat: hp+299
2026-09-29 02:25:44.472|DEBUG|ArtifactScraper|Parsing artifact substat: energyrecharge+4.5%
2026-09-29 02:25:44.472|DEBUG|ArtifactScraper|Parsing artifact substat: def+6.6%
2026-09-29 02:25:44.472|DEBUG|ArtifactScraper|Parsing artifact substat: elementalmastery+19
2026-09-29 02:25:44.654|DEBUG|ArtifactScraper|Parsing artifact substat: atk+5.8%
2026-09-29 02:25:44.654|DEBUG|ArtifactScraper|Parsing artifact substat: def+16
2026-09-29 02:25:44.654|DEBUG|ArtifactScraper|Parsing artifact substat: hp+239
2026-09-29 02:25:44.654|DEBUG|ArtifactScraper|Parsing artifact substat: hp+5.8%(unactivated)
2026-09-29 02:25:44.755|DEBUG|ArtifactScraper|Parsing artifact substat: atk+14
2026-09-29 02:25:44.755|DEBUG|ArtifactScraper|Parsing artifact substat: elementalmastery+23
2026-09-29 02:25:44.755|DEBUG|ArtifactScraper|Parsing artifact substat: def+21
2026-09-29 02:25:44.755|DEBUG|ArtifactScraper|Parsing artifact substat: critdmg+5.4%(unactivated)
2026-09-29 02:25:45.152|DEBUG|ArtifactScraper|Parsing artifact substat: energyrecharge+4.5%
2026-09-29 02:25:45.152|DEBUG|ArtifactScraper|Parsing artifact substat: atk+19
2026-09-29 02:25:45.152|DEBUG|ArtifactScraper|Parsing artifact substat: def+16
2026-09-29 02:25:45.152|DEBUG|ArtifactScraper|Parsing artifact substat: def+5.8%(unactivated)
2026-09-29 02:25:45.258|DEBUG|ArtifactScraper|Parsing artifact substat: elementalmastery+16
2026-09-29 02:25:45.258|DEBUG|ArtifactScraper|Parsing artifact substat: hp+239
2026-09-29 02:25:45.258|DEBUG|ArtifactScraper|Parsing artifact substat: hp+5.3%
2026-09-29 02:25:45.258|DEBUG|ArtifactScraper|Parsing artifact substat: def+5.8%(unactivated)
2026-09-29 02:25:45.424|DEBUG|ArtifactScraper|Parsing artifact substat: hp+209
2026-09-29 02:25:45.424|DEBUG|ArtifactScraper|Parsing artifact substat: energyrecharge+4.5%
2026-09-29 02:25:45.424|DEBUG|ArtifactScraper|Parsing artifact substat: def+23
2026-09-29 02:25:45.424|DEBUG|ArtifactScraper|Parsing artifact substat: critdmg+7.8%(unactivated)
2026-09-29 02:25:45.783|DEBUG|ArtifactScraper|Parsing artifact substat: atk+16
2026-09-29 02:25:45.783|DEBUG|ArtifactScraper|Parsing artifact substat: critrate+3.9%
2026-09-29 02:25:45.783|DEBUG|ArtifactScraper|Parsing artifact substat: hp+269
2026-09-29 02:25:45.783|DEBUG|ArtifactScraper|Parsing artifact substat: critdmg+7.0%(unactivated)
2026-09-29 02:25:45.806|DEBUG|ArtifactScraper|Finished queuing page of artifacts. Scrolling...
2026-09-29 02:25:45.860|DEBUG|ArtifactScraper|Parsing artifact substat: def+21
2026-09-29 02:25:45.860|DEBUG|ArtifactScraper|Parsing artifact substat: atk+4.1%
2026-09-29 02:25:45.860|DEBUG|ArtifactScraper|Parsing artifact substat: hp+5.3%
2026-09-29 02:25:45.860|DEBUG|ArtifactScraper|Parsing artifact substat: atk+16(unactivated)
2026-09-29 02:25:46.064|DEBUG|ArtifactScraper|Parsing artifact substat: def+5.1%
2026-09-29 02:25:46.064|DEBUG|ArtifactScraper|Parsing artifact substat: energyrecharge+5.8%
2026-09-29 02:25:46.064|DEBUG|ArtifactScraper|Parsing artifact substat: hp+209
2026-09-29 02:25:46.064|DEBUG|ArtifactScraper|Parsing artifact substat: elementalmastery+16
2026-09-29 02:25:46.426|DEBUG|ArtifactScraper|Parsing artifact substat: atk+5.3%
2026-09-29 02:25:46.426|DEBUG|ArtifactScraper|Parsing artifact substat: energyrecharge+5.8%
2026-09-29 02:25:46.426|DEBUG|ArtifactScraper|Parsing artifact substat: critdmg+6.2%
2026-09-29 02:25:46.426|DEBUG|ArtifactScraper|Parsing artifact substat: hp+299(unactivated)
2026-09-29 02:25:46.522|DEBUG|ArtifactScraper|Parsing artifact substat: def+21
2026-09-29 02:25:46.522|DEBUG|ArtifactScraper|Parsing artifact substat: critrate+2.7%
2026-09-29 02:25:46.522|DEBUG|ArtifactScraper|Parsing artifact substat: energyrecharge+5.2%
2026-09-29 02:25:46.522|DEBUG|ArtifactScraper|Parsing artifact substat: hp+209(unactivated)
2026-09-29 02:25:46.657|DEBUG|ArtifactScraper|Parsing artifact substat: critdmg+7.0%
2026-09-29 02:25:46.657|DEBUG|ArtifactScraper|Parsing artifact substat: def+7.3%
2026-09-29 02:25:46.657|DEBUG|ArtifactScraper|Parsing artifact substat: def+16
2026-09-29 02:25:46.657|DEBUG|ArtifactScraper|Parsing artifact substat: energyrecharge+5.2%
2026-09-29 02:25:49.036|DEBUG|ArtifactScraper|Scanning artifact page 54
2026-09-29 02:25:49.036|DEBUG|ArtifactScraper|Located 32 possible item locations on page.
2026-09-29 02:25:49.751|DEBUG|ArtifactScraper|Parsing artifact substat: hp+209
2026-09-29 02:25:49.751|DEBUG|ArtifactScraper|Parsing artifact substat: def+19
2026-09-29 02:25:49.751|DEBUG|ArtifactScraper|Parsing artifact substat: energyrecharge+5.8%
2026-09-29 02:25:49.751|DEBUG|ArtifactScraper|Parsing artifact substat: critdmg+5.4%(unactivated)
2026-09-29 02:25:49.778|DEBUG|ArtifactScraper|Parsing artifact substat: atk+4.1%
2026-09-29 02:25:49.778|DEBUG|ArtifactScraper|Parsing artifact substat: atk+18
2026-09-29 02:25:49.778|DEBUG|ArtifactScraper|Parsing artifact substat: critrate+2.7%
2026-09-29 02:25:49.778|DEBUG|ArtifactScraper|Parsing artifact substat: def+7.3%(unactivated)
2026-09-29 02:25:50.195|DEBUG|ArtifactScraper|Parsing artifact substat: hp+209
2026-09-29 02:25:50.195|DEBUG|ArtifactScraper|Parsing artifact substat: atk+19
2026-09-29 02:25:50.195|DEBUG|ArtifactScraper|Parsing artifact substat: critrate+3.1%
2026-09-29 02:25:50.195|DEBUG|ArtifactScraper|Parsing artifact substat: def+5.1%(unactivated)
2026-09-29 02:25:50.366|DEBUG|ArtifactScraper|Parsing artifact substat: energyrecharge+4.5%
2026-09-29 02:25:50.366|DEBUG|ArtifactScraper|Parsing artifact substat: critdmg+5.4%
2026-09-29 02:25:50.366|DEBUG|ArtifactScraper|Parsing artifact substat: hp+4.7%
2026-09-29 02:25:50.366|DEBUG|ArtifactScraper|Parsing artifact substat: def+21(unactivated)
2026-09-29 02:25:50.708|DEBUG|ArtifactScraper|Parsing artifact substat: elementalmastery+23
2026-09-29 02:25:50.708|DEBUG|ArtifactScraper|Parsing artifact substat: critdmg+7.8%
2026-09-29 02:25:50.708|DEBUG|ArtifactScraper|Parsing artifact substat: critrate+3.1%
2026-09-29 02:25:50.708|DEBUG|ArtifactScraper|Parsing artifact substat: def+6.6%(unactivated)
2026-09-29 02:25:50.876|DEBUG|ArtifactScraper|Parsing artifact substat: energyrecharge+5.2%
2026-09-29 02:25:50.876|DEBUG|ArtifactScraper|Parsing artifact substat: hp+4.1%
2026-09-29 02:25:50.876|DEBUG|ArtifactScraper|Parsing artifact substat: elementalmastery+16
2026-09-29 02:25:50.876|DEBUG|ArtifactScraper|Parsing artifact substat: hp+299(unactivated)
2026-09-29 02:25:50.997|DEBUG|ArtifactScraper|Parsing artifact substat: atk+16
2026-09-29 02:25:50.997|DEBUG|ArtifactScraper|Parsing artifact substat: elementalmastery+21
2026-09-29 02:25:50.997|DEBUG|ArtifactScraper|Parsing artifact substat: hp+299
2026-09-29 02:25:50.997|DEBUG|ArtifactScraper|Parsing artifact substat: hp+4.1%(unactivated)
2026-09-29 02:25:51.276|DEBUG|ArtifactScraper|Parsing artifact substat: def+6.6%
2026-09-29 02:25:51.276|DEBUG|ArtifactScraper|Parsing artifact substat: def+23
2026-09-29 02:25:51.276|DEBUG|ArtifactScraper|Parsing artifact substat: hp+5.3%
2026-09-29 02:25:51.276|DEBUG|ArtifactScraper|Parsing artifact substat: energyrecharge+5.8%
2026-09-29 02:25:51.579|DEBUG|ArtifactScraper|Parsing artifact substat: def+7.3%
2026-09-29 02:25:51.579|DEBUG|ArtifactScraper|Parsing artifact substat: energyrecharge+5.8%
2026-09-29 02:25:51.579|DEBUG|ArtifactScraper|Parsing artifact substat: elementalmastery+21
2026-09-29 02:25:51.579|DEBUG|ArtifactScraper|Parsing artifact substat: critrate+3.1%(unactivated)
2026-09-29 02:25:51.630|DEBUG|ArtifactScraper|Parsing artifact substat: def+16
2026-09-29 02:25:51.630|DEBUG|ArtifactScraper|Parsing artifact substat: elementalmastery+19
2026-09-29 02:25:51.630|DEBUG|ArtifactScraper|Parsing artifact substat: energyrecharge+4.5%
2026-09-29 02:25:51.630|DEBUG|ArtifactScraper|Parsing artifact substat: atk+14(unactivated)
2026-09-29 02:25:51.863|DEBUG|ArtifactScraper|Parsing artifact substat: critrate+3.5%
2026-09-29 02:25:51.863|DEBUG|ArtifactScraper|Parsing artifact substat: atk+18
2026-09-29 02:25:51.863|DEBUG|ArtifactScraper|Parsing artifact substat: critdmg+7.8%
2026-09-29 02:25:51.863|DEBUG|ArtifactScraper|Parsing artifact substat: hp+299(unactivated)
2026-09-29 02:25:52.130|DEBUG|ArtifactScraper|Parsing artifact substat: def+21
2026-09-29 02:25:52.130|DEBUG|ArtifactScraper|Parsing artifact substat: hp+269
2026-09-29 02:25:52.130|DEBUG|ArtifactScraper|Parsing artifact substat: elementalmastery+19
2026-09-29 02:25:52.130|DEBUG|ArtifactScraper|Parsing artifact substat: def+7.3%(unactivated)
2026-09-29 02:25:52.206|DEBUG|ArtifactScraper|Parsing artifact substat: critrate+2.7%
2026-09-29 02:25:52.206|DEBUG|ArtifactScraper|Parsing artifact substat: hp+209
2026-09-29 02:25:52.206|DEBUG|ArtifactScraper|Parsing artifact substat: def+23
2026-09-29 02:25:52.206|DEBUG|ArtifactScraper|Parsing artifact substat: critdmg+7.8%(unactivated)
2026-09-29 02:25:52.402|DEBUG|ArtifactScraper|Parsing artifact substat: atk+18
2026-09-29 02:25:52.402|DEBUG|ArtifactScraper|Parsing artifact substat: energyrecharge+5.8%
2026-09-29 02:25:52.402|DEBUG|ArtifactScraper|Parsing artifact substat: def+23
2026-09-29 02:25:52.402|DEBUG|ArtifactScraper|Parsing artifact substat: elementalmastery+16
2026-09-29 02:25:52.810|DEBUG|ArtifactScraper|Parsing artifact substat: atk+18
2026-09-29 02:25:52.810|DEBUG|ArtifactScraper|Parsing artifact substat: atk+4.1%
2026-09-29 02:25:52.810|DEBUG|ArtifactScraper|Parsing artifact substat: hp+299
2026-09-29 02:25:52.810|DEBUG|ArtifactScraper|Parsing artifact substat: elementalmastery+21
2026-09-29 02:25:52.887|DEBUG|ArtifactScraper|Parsing artifact substat: atk+18
2026-09-29 02:25:52.887|DEBUG|ArtifactScraper|Parsing artifact substat: def+5.8%
2026-09-29 02:25:52.887|DEBUG|ArtifactScraper|Parsing artifact substat: energyrecharge+5.8%
2026-09-29 02:25:52.887|DEBUG|ArtifactScraper|Parsing artifact substat: elementalmastery+19
2026-09-29 02:25:52.997|DEBUG|ArtifactScraper|Parsing artifact substat: def+5.1%
2026-09-29 02:25:52.997|DEBUG|ArtifactScraper|Parsing artifact substat: atk+5.3%
2026-09-29 02:25:52.997|DEBUG|ArtifactScraper|Parsing artifact substat: hp+239
2026-09-29 02:25:52.997|DEBUG|ArtifactScraper|Parsing artifact substat: def+19
2026-09-29 02:25:53.438|DEBUG|ArtifactScraper|Parsing artifact substat: hp+299
2026-09-29 02:25:53.438|DEBUG|ArtifactScraper|Parsing artifact substat: elementalmastery+19
2026-09-29 02:25:53.438|DEBUG|ArtifactScraper|Parsing artifact substat: energyrecharge+6.5%
2026-09-29 02:25:53.438|DEBUG|ArtifactScraper|Parsing artifact substat: atk+14
2026-09-29 02:25:53.478|DEBUG|ArtifactScraper|Parsing artifact substat: critdmg+6.2%
2026-09-29 02:25:53.478|DEBUG|ArtifactScraper|Parsing artifact substat: atk+16
2026-09-29 02:25:53.478|DEBUG|ArtifactScraper|Parsing artifact substat: atk+5.3%
2026-09-29 02:25:53.478|DEBUG|ArtifactScraper|Parsing artifact substat: elementalmastery+16
2026-09-29 02:25:53.574|DEBUG|ArtifactScraper|Parsing artifact substat: hp+239
2026-09-29 02:25:53.574|DEBUG|ArtifactScraper|Parsing artifact substat: energyrecharge+6.5%
2026-09-29 02:25:53.574|DEBUG|ArtifactScraper|Parsing artifact substat: hp+4.1%
2026-09-29 02:25:53.574|DEBUG|ArtifactScraper|Parsing artifact substat: atk+18
2026-09-29 02:25:53.991|DEBUG|ArtifactScraper|Parsing artifact substat: hp+4.7%
2026-09-29 02:25:53.991|DEBUG|ArtifactScraper|Parsing artifact substat: def+5.8%
2026-09-29 02:25:53.991|DEBUG|ArtifactScraper|Parsing artifact substat: hp+209
2026-09-29 02:25:53.991|DEBUG|ArtifactScraper|Parsing artifact substat: def+16
2026-09-29 02:25:54.095|DEBUG|ArtifactScraper|Parsing artifact substat: def+5.1%
2026-09-29 02:25:54.095|DEBUG|ArtifactScraper|Parsing artifact substat: critrate+2.7%
2026-09-29 02:25:54.095|DEBUG|ArtifactScraper|Parsing artifact substat: energyrecharge+5.8%
2026-09-29 02:25:54.095|DEBUG|ArtifactScraper|Parsing artifact substat: hp+239
2026-09-29 02:25:54.114|DEBUG|ArtifactScraper|Parsing artifact substat: def+16
2026-09-29 02:25:54.114|DEBUG|ArtifactScraper|Parsing artifact substat: energyrecharge+5.2%
2026-09-29 02:25:54.114|DEBUG|ArtifactScraper|Parsing artifact substat: hp+269
2026-09-29 02:25:54.114|DEBUG|ArtifactScraper|Parsing artifact substat: atk+18
2026-09-29 02:25:54.654|DEBUG|ArtifactScraper|Parsing artifact substat: hp+299
2026-09-29 02:25:54.654|DEBUG|ArtifactScraper|Parsing artifact substat: def+7.3%
2026-09-29 02:25:54.654|DEBUG|ArtifactScraper|Parsing artifact substat: atk+18
2026-09-29 02:25:54.654|DEBUG|ArtifactScraper|Parsing artifact substat: energyrecharge+6.5%
2026-09-29 02:25:54.738|DEBUG|ArtifactScraper|Parsing artifact substat: critrate+3.1%
2026-09-29 02:25:54.738|DEBUG|ArtifactScraper|Parsing artifact substat: atk+16
2026-09-29 02:25:54.738|DEBUG|ArtifactScraper|Parsing artifact substat: hp+239
2026-09-29 02:25:54.738|DEBUG|ArtifactScraper|Parsing artifact substat: def+19
2026-09-29 02:25:54.888|DEBUG|ArtifactScraper|Parsing artifact substat: def+23
2026-09-29 02:25:54.888|DEBUG|ArtifactScraper|Parsing artifact substat: hp+209
2026-09-29 02:25:54.888|DEBUG|ArtifactScraper|Parsing artifact substat: energyrecharge+5.2%
2026-09-29 02:25:54.888|DEBUG|ArtifactScraper|Parsing artifact substat: hp+4.1%
2026-09-29 02:25:55.078|DEBUG|ArtifactScraper|Finished queuing page of artifacts. Scrolling...
2026-09-29 02:25:55.323|DEBUG|ArtifactScraper|Parsing artifact substat: atk+19
2026-09-29 02:25:55.323|DEBUG|ArtifactScraper|Parsing artifact substat: critrate+3.9%
2026-09-29 02:25:55.323|DEBUG|ArtifactScraper|Parsing artifact substat: def+7.3%
2026-09-29 02:25:55.323|DEBUG|ArtifactScraper|Parsing artifact substat: elementalmastery+19
2026-09-29 02:25:55.333|DEBUG|ArtifactScraper|Parsing artifact substat: atk+5.8%
2026-09-29 02:25:55.333|DEBUG|ArtifactScraper|Parsing artifact substat: hp+269
2026-09-29 02:25:55.333|DEBUG|ArtifactScraper|Parsing artifact substat: critrate+3.1%
2026-09-29 02:25:55.333|DEBUG|ArtifactScraper|Parsing artifact substat: def+21
2026-09-29 02:25:55.426|DEBUG|ArtifactScraper|Parsing artifact substat: atk+16
2026-09-29 02:25:55.426|DEBUG|ArtifactScraper|Parsing artifact substat: hp+239
2026-09-29 02:25:55.426|DEBUG|ArtifactScraper|Parsing artifact substat: hp+5.3%
2026-09-29 02:25:55.426|DEBUG|ArtifactScraper|Parsing artifact substat: def+21
2026-09-29 02:25:55.902|DEBUG|ArtifactScraper|Parsing artifact substat: elementalmastery+19
2026-09-29 02:25:55.902|DEBUG|ArtifactScraper|Parsing artifact substat: hp+269
2026-09-29 02:25:55.902|DEBUG|ArtifactScraper|Parsing artifact substat: critrate+3.9%
2026-09-29 02:25:55.902|DEBUG|ArtifactScraper|Parsing artifact substat: energyrecharge+4.5%
2026-09-29 02:25:55.941|DEBUG|ArtifactScraper|Parsing artifact substat: atk+4.7%
2026-09-29 02:25:55.941|DEBUG|ArtifactScraper|Parsing artifact substat: elementalmastery+16
2026-09-29 02:25:55.941|DEBUG|ArtifactScraper|Parsing artifact substat: energyrecharge+5.8%
2026-09-29 02:25:55.941|DEBUG|ArtifactScraper|Parsing artifact substat: critdmg+6.2%
2026-09-29 02:25:55.941|DEBUG|ArtifactScraper|Parsing artifact substat: def+19
2026-09-29 02:25:55.941|DEBUG|ArtifactScraper|Parsing artifact substat: hp+299
2026-09-29 02:25:55.941|DEBUG|ArtifactScraper|Parsing artifact substat: critrate+3.9%
2026-09-29 02:25:55.941|DEBUG|ArtifactScraper|Parsing artifact substat: energyrecharge+5.8%
2026-09-29 02:25:58.200|DEBUG|ArtifactScraper|Scanning artifact page 55
2026-09-29 02:25:58.200|DEBUG|ArtifactScraper|Located 32 possible item locations on page.
2026-09-29 02:25:58.703|DEBUG|ArtifactScraper|Parsing artifact substat: def+23
2026-09-29 02:25:58.703|DEBUG|ArtifactScraper|Parsing artifact substat: hp+299
2026-09-29 02:25:58.703|DEBUG|ArtifactScraper|Parsing artifact substat: atk+14
2026-09-29 02:25:58.703|DEBUG|ArtifactScraper|Parsing artifact substat: atk+4.1%
2026-09-29 02:25:59.065|DEBUG|ArtifactScraper|Parsing artifact substat: def+5.1%
2026-09-29 02:25:59.065|DEBUG|ArtifactScraper|Parsing artifact substat: def+21
2026-09-29 02:25:59.065|DEBUG|ArtifactScraper|Parsing artifact substat: elementalmastery+16
2026-09-29 02:25:59.065|DEBUG|ArtifactScraper|Parsing artifact substat: critdmg+5.4%
2026-09-29 02:25:59.292|DEBUG|ArtifactScraper|Parsing artifact substat: critrate+2.7%
2026-09-29 02:25:59.292|DEBUG|ArtifactScraper|Parsing artifact substat: atk+16
2026-09-29 02:25:59.292|DEBUG|ArtifactScraper|Parsing artifact substat: hp+4.7%
2026-09-29 02:25:59.292|DEBUG|ArtifactScraper|Parsing artifact substat: hp+269(unactivated)
2026-09-29 02:25:59.498|DEBUG|ArtifactScraper|Parsing artifact substat: hp+269
2026-09-29 02:25:59.498|DEBUG|ArtifactScraper|Parsing artifact substat: energyrecharge+5.8%
2026-09-29 02:25:59.498|DEBUG|ArtifactScraper|Parsing artifact substat: critrate+2.7%
2026-09-29 02:25:59.498|DEBUG|ArtifactScraper|Parsing artifact substat: hp+5.3%(unactivated)
2026-09-29 02:25:59.650|DEBUG|ArtifactScraper|Parsing artifact substat: critdmg+7.0%
2026-09-29 02:25:59.650|DEBUG|ArtifactScraper|Parsing artifact substat: def+5.1%
2026-09-29 02:25:59.650|DEBUG|ArtifactScraper|Parsing artifact substat: def+16
2026-09-29 02:25:59.650|DEBUG|ArtifactScraper|Parsing artifact substat: elementalmastery+21
2026-09-29 02:25:59.917|DEBUG|ArtifactScraper|Parsing artifact substat: critdmg+7.8%
2026-09-29 02:25:59.917|DEBUG|ArtifactScraper|Parsing artifact substat: atk+5.8%
2026-09-29 02:25:59.917|DEBUG|ArtifactScraper|Parsing artifact substat: hp+5.3%
2026-09-29 02:25:59.917|DEBUG|ArtifactScraper|Parsing artifact substat: hp+209(unactivated)
2026-09-29 02:26:00.198|DEBUG|ArtifactScraper|Parsing artifact substat: hp+269
2026-09-29 02:26:00.198|DEBUG|ArtifactScraper|Parsing artifact substat: energyrecharge+6.5%
2026-09-29 02:26:00.198|DEBUG|ArtifactScraper|Parsing artifact substat: atk+16
2026-09-29 02:26:00.198|DEBUG|ArtifactScraper|Parsing artifact substat: elementalmastery+23
2026-09-29 02:26:00.276|DEBUG|ArtifactScraper|Parsing artifact substat: elementalmastery+23
2026-09-29 02:26:00.276|DEBUG|ArtifactScraper|Parsing artifact substat: def+19
2026-09-29 02:26:00.276|DEBUG|ArtifactScraper|Parsing artifact substat: hp+239
2026-09-29 02:26:00.276|DEBUG|ArtifactScraper|Parsing artifact substat: atk+16(unactivated)
2026-09-29 02:26:00.610|DEBUG|ArtifactScraper|Parsing artifact substat: atk+4.7%
2026-09-29 02:26:00.610|DEBUG|ArtifactScraper|Parsing artifact substat: hp+4.1%
2026-09-29 02:26:00.610|DEBUG|ArtifactScraper|Parsing artifact substat: energyrecharge+5.8%
2026-09-29 02:26:00.610|DEBUG|ArtifactScraper|Parsing artifact substat: def+19(unactivated)
2026-09-29 02:26:00.865|DEBUG|ArtifactScraper|Parsing artifact substat: hp+209
2026-09-29 02:26:00.865|DEBUG|ArtifactScraper|Parsing artifact substat: critrate+2.7%
2026-09-29 02:26:00.865|DEBUG|ArtifactScraper|Parsing artifact substat: atk+14
2026-09-29 02:26:00.865|DEBUG|ArtifactScraper|Parsing artifact substat: def+19(unactivated)
2026-09-29 02:26:01.025|DEBUG|ArtifactScraper|Parsing artifact substat: atk+18
2026-09-29 02:26:01.025|DEBUG|ArtifactScraper|Parsing artifact substat: hp+5.3%
2026-09-29 02:26:01.025|DEBUG|ArtifactScraper|Parsing artifact substat: critrate+2.7%
2026-09-29 02:26:01.025|DEBUG|ArtifactScraper|Parsing artifact substat: def+16(unactivated)
2026-09-29 02:26:01.355|DEBUG|ArtifactScraper|Parsing artifact substat: hp+239
2026-09-29 02:26:01.355|DEBUG|ArtifactScraper|Parsing artifact substat: elementalmastery+16
2026-09-29 02:26:01.355|DEBUG|ArtifactScraper|Parsing artifact substat: def+23
2026-09-29 02:26:01.355|DEBUG|ArtifactScraper|Parsing artifact substat: atk+19(unactivated)
2026-09-29 02:26:01.488|DEBUG|ArtifactScraper|Parsing artifact substat: def+23
2026-09-29 02:26:01.488|DEBUG|ArtifactScraper|Parsing artifact substat: atk+18
2026-09-29 02:26:01.488|DEBUG|ArtifactScraper|Parsing artifact substat: hp+269
2026-09-29 02:26:01.488|DEBUG|ArtifactScraper|Parsing artifact substat: hp+5.8%(unactivated)
2026-09-29 02:26:01.628|DEBUG|ArtifactScraper|Parsing artifact substat: atk+4.1%
2026-09-29 02:26:01.628|DEBUG|ArtifactScraper|Parsing artifact substat: def+19
2026-09-29 02:26:01.628|DEBUG|ArtifactScraper|Parsing artifact substat: energyrecharge+5.2%
2026-09-29 02:26:01.628|DEBUG|ArtifactScraper|Parsing artifact substat: hp+299(unactivated)
2026-09-29 02:26:01.924|DEBUG|ArtifactScraper|Parsing artifact substat: hp+299
2026-09-29 02:26:01.924|DEBUG|ArtifactScraper|Parsing artifact substat: def+21
2026-09-29 02:26:01.924|DEBUG|ArtifactScraper|Parsing artifact substat: hp+5.8%
2026-09-29 02:26:01.924|DEBUG|ArtifactScraper|Parsing artifact substat: critrate+2.7%(unactivated)
2026-09-29 02:26:02.121|DEBUG|ArtifactScraper|Parsing artifact substat: elementalmastery+16
2026-09-29 02:26:02.121|DEBUG|ArtifactScraper|Parsing artifact substat: hp+4.1%
2026-09-29 02:26:02.121|DEBUG|ArtifactScraper|Parsing artifact substat: def+19
2026-09-29 02:26:02.121|DEBUG|ArtifactScraper|Parsing artifact substat: atk+19(unactivated)
2026-09-29 02:26:02.244|DEBUG|ArtifactScraper|Parsing artifact substat: hp+209
2026-09-29 02:26:02.244|DEBUG|ArtifactScraper|Parsing artifact substat: def+23
2026-09-29 02:26:02.244|DEBUG|ArtifactScraper|Parsing artifact substat: hp+5.8%
2026-09-29 02:26:02.244|DEBUG|ArtifactScraper|Parsing artifact substat: elementalmastery+23
2026-09-29 02:26:02.511|DEBUG|ArtifactScraper|Parsing artifact substat: atk+19
2026-09-29 02:26:02.511|DEBUG|ArtifactScraper|Parsing artifact substat: hp+239
2026-09-29 02:26:02.511|DEBUG|ArtifactScraper|Parsing artifact substat: def+23
2026-09-29 02:26:02.511|DEBUG|ArtifactScraper|Parsing artifact substat: hp+5.3%(unactivated)
2026-09-29 02:26:02.707|DEBUG|ArtifactScraper|Parsing artifact substat: def+23
2026-09-29 02:26:02.707|DEBUG|ArtifactScraper|Parsing artifact substat: def+5.1%
2026-09-29 02:26:02.707|DEBUG|ArtifactScraper|Parsing artifact substat: hp+299
2026-09-29 02:26:02.707|DEBUG|ArtifactScraper|Parsing artifact substat: atk+4.1%(unactivated)
2026-09-29 02:26:02.821|DEBUG|ArtifactScraper|Parsing artifact substat: def+21
2026-09-29 02:26:02.821|DEBUG|ArtifactScraper|Parsing artifact substat: hp+269
2026-09-29 02:26:02.821|DEBUG|ArtifactScraper|Parsing artifact substat: atk+18
2026-09-29 02:26:02.821|DEBUG|ArtifactScraper|Parsing artifact substat: def+5.8%(unactivated)
2026-09-29 02:26:03.152|DEBUG|ArtifactScraper|Parsing artifact substat: def+16
2026-09-29 02:26:03.152|DEBUG|ArtifactScraper|Parsing artifact substat: atk+4.7%
2026-09-29 02:26:03.152|DEBUG|ArtifactScraper|Parsing artifact substat: elementalmastery+21
2026-09-29 02:26:03.152|DEBUG|ArtifactScraper|Parsing artifact substat: hp+299(unactivated)
2026-09-29 02:26:03.302|DEBUG|ArtifactScraper|Parsing artifact substat: def+21
2026-09-29 02:26:03.302|DEBUG|ArtifactScraper|Parsing artifact substat: hp+269
2026-09-29 02:26:03.302|DEBUG|ArtifactScraper|Parsing artifact substat: hp+4.7%
2026-09-29 02:26:03.302|DEBUG|ArtifactScraper|Parsing artifact substat: energyrecharge+6.5%
2026-09-29 02:26:03.424|DEBUG|ArtifactScraper|Parsing artifact substat: critdmg+7.8%
2026-09-29 02:26:03.424|DEBUG|ArtifactScraper|Parsing artifact substat: atk+19
2026-09-29 02:26:03.424|DEBUG|ArtifactScraper|Parsing artifact substat: hp+5.3%
2026-09-29 02:26:03.424|DEBUG|ArtifactScraper|Parsing artifact substat: hp+269(unactivated)
2026-09-29 02:26:03.853|DEBUG|ArtifactScraper|Parsing artifact substat: energyrecharge+4.5%
2026-09-29 02:26:03.853|DEBUG|ArtifactScraper|Parsing artifact substat: def+6.6%
2026-09-29 02:26:03.853|DEBUG|ArtifactScraper|Parsing artifact substat: atk+5.8%
2026-09-29 02:26:03.853|DEBUG|ArtifactScraper|Parsing artifact substat: critdmg+6.2%(unactivated)
2026-09-29 02:26:03.932|DEBUG|ArtifactScraper|Parsing artifact substat: atk+16
2026-09-29 02:26:03.932|DEBUG|ArtifactScraper|Parsing artifact substat: elementalmastery+21
2026-09-29 02:26:03.932|DEBUG|ArtifactScraper|Parsing artifact substat: def+6.6%
2026-09-29 02:26:03.932|DEBUG|ArtifactScraper|Parsing artifact substat: critdmg+6.2%(unactivated)
2026-09-29 02:26:04.004|DEBUG|ArtifactScraper|Parsing artifact substat: def+16
2026-09-29 02:26:04.004|DEBUG|ArtifactScraper|Parsing artifact substat: elementalmastery+16
2026-09-29 02:26:04.004|DEBUG|ArtifactScraper|Parsing artifact substat: hp+299
2026-09-29 02:26:04.004|DEBUG|ArtifactScraper|Parsing artifact substat: atk+4.1%(unactivated)
2026-09-29 02:26:04.404|DEBUG|ArtifactScraper|Finished queuing page of artifacts. Scrolling...
2026-09-29 02:26:04.463|DEBUG|ArtifactScraper|Parsing artifact substat: def+19
2026-09-29 02:26:04.463|DEBUG|ArtifactScraper|Parsing artifact substat: elementalmastery+21
2026-09-29 02:26:04.463|DEBUG|ArtifactScraper|Parsing artifact substat: critrate+3.9%
2026-09-29 02:26:04.463|DEBUG|ArtifactScraper|Parsing artifact substat: hp+299(unactivated)
2026-09-29 02:26:04.545|DEBUG|ArtifactScraper|Parsing artifact substat: def+16
2026-09-29 02:26:04.546|DEBUG|ArtifactScraper|Parsing artifact substat: elementalmastery+21
2026-09-29 02:26:04.546|DEBUG|ArtifactScraper|Parsing artifact substat: atk+19
2026-09-29 02:26:04.546|DEBUG|ArtifactScraper|Parsing artifact substat: critdmg+7.0%(unactivated)
2026-09-29 02:26:04.686|DEBUG|ArtifactScraper|Parsing artifact substat: def+23
2026-09-29 02:26:04.686|DEBUG|ArtifactScraper|Parsing artifact substat: elementalmastery+21
2026-09-29 02:26:04.686|DEBUG|ArtifactScraper|Parsing artifact substat: energyrecharge+6.5%
2026-09-29 02:26:04.686|DEBUG|ArtifactScraper|Parsing artifact substat: critrate+2.7%
2026-09-29 02:26:05.101|DEBUG|ArtifactScraper|Parsing artifact substat: elementalmastery+16
2026-09-29 02:26:05.101|DEBUG|ArtifactScraper|Parsing artifact substat: def+19
2026-09-29 02:26:05.101|DEBUG|ArtifactScraper|Parsing artifact substat: hp+239
2026-09-29 02:26:05.101|DEBUG|ArtifactScraper|Parsing artifact substat: atk+19
2026-09-29 02:26:05.264|DEBUG|ArtifactScraper|Parsing artifact substat: critdmg+6.2%
2026-09-29 02:26:05.264|DEBUG|ArtifactScraper|Parsing artifact substat: elementalmastery+16
2026-09-29 02:26:05.264|DEBUG|ArtifactScraper|Parsing artifact substat: atk+14
2026-09-29 02:26:05.264|DEBUG|ArtifactScraper|Parsing artifact substat: critrate+3.1%
2026-09-29 02:26:05.395|DEBUG|ArtifactScraper|Parsing artifact substat: atk+5.8%
2026-09-29 02:26:05.395|DEBUG|ArtifactScraper|Parsing artifact substat: atk+16
2026-09-29 02:26:05.395|DEBUG|ArtifactScraper|Parsing artifact substat: energyrecharge+5.8%
2026-09-29 02:26:05.395|DEBUG|ArtifactScraper|Parsing artifact substat: critrate+3.5%
2026-09-29 02:26:08.110|DEBUG|ArtifactScraper|Scanning artifact page 56
2026-09-29 02:26:08.110|DEBUG|ArtifactScraper|Located 32 possible item locations on page.
2026-09-29 02:26:08.965|DEBUG|ArtifactScraper|Parsing artifact substat: atk+16
2026-09-29 02:26:08.965|DEBUG|ArtifactScraper|Parsing artifact substat: elementalmastery+23
2026-09-29 02:26:08.965|DEBUG|ArtifactScraper|Parsing artifact substat: critdmg+6.2%
2026-09-29 02:26:08.965|DEBUG|ArtifactScraper|Parsing artifact substat: energyrecharge+5.8%
2026-09-29 02:26:09.108|DEBUG|ArtifactScraper|Parsing artifact substat: def+6.6%
2026-09-29 02:26:09.110|DEBUG|ArtifactScraper|Parsing artifact substat: energyrecharge+5.8%
2026-09-29 02:26:09.110|DEBUG|ArtifactScraper|Parsing artifact substat: hp+4.7%
2026-09-29 02:26:09.110|DEBUG|ArtifactScraper|Parsing artifact substat: atk+4.1%
2026-09-29 02:26:09.545|DEBUG|ArtifactScraper|Parsing artifact substat: critdmg+5.4%
2026-09-29 02:26:09.545|DEBUG|ArtifactScraper|Parsing artifact substat: elementalmastery+16
2026-09-29 02:26:09.545|DEBUG|ArtifactScraper|Parsing artifact substat: critrate+3.9%
2026-09-29 02:26:09.545|DEBUG|ArtifactScraper|Parsing artifact substat: energyrecharge+5.8%
2026-09-29 02:26:09.836|DEBUG|ArtifactScraper|Parsing artifact substat: atk+19
2026-09-29 02:26:09.836|DEBUG|ArtifactScraper|Parsing artifact substat: hp+209
2026-09-29 02:26:09.836|DEBUG|ArtifactScraper|Parsing artifact substat: atk+4.7%
2026-09-29 02:26:09.836|DEBUG|ArtifactScraper|Parsing artifact substat: def+23(unactivated)
2026-09-29 02:26:09.836|DEBUG|ArtifactScraper|Parsing artifact substat: critrate+3.9%
2026-09-29 02:26:09.836|DEBUG|ArtifactScraper|Parsing artifact substat: hp+209
2026-09-29 02:26:09.836|DEBUG|ArtifactScraper|Parsing artifact substat: atk+18
2026-09-29 02:26:09.836|DEBUG|ArtifactScraper|Parsing artifact substat: critdmg+6.2%(unactivated)
2026-09-29 02:26:10.240|DEBUG|ArtifactScraper|Parsing artifact substat: def+19
2026-09-29 02:26:10.240|DEBUG|ArtifactScraper|Parsing artifact substat: def+5.1%
2026-09-29 02:26:10.240|DEBUG|ArtifactScraper|Parsing artifact substat: energyrecharge+5.2%
2026-09-29 02:26:10.240|DEBUG|ArtifactScraper|Parsing artifact substat: atk+14(unactivated)
2026-09-29 02:26:10.577|DEBUG|ArtifactScraper|Parsing artifact substat: hp+5.3%
2026-09-29 02:26:10.577|DEBUG|ArtifactScraper|Parsing artifact substat: atk+4.1%
2026-09-29 02:26:10.577|DEBUG|ArtifactScraper|Parsing artifact substat: hp+239
2026-09-29 02:26:10.577|DEBUG|ArtifactScraper|Parsing artifact substat: critdmg+5.4%(unactivated)
2026-09-29 02:26:10.606|DEBUG|ArtifactScraper|Parsing artifact substat: energyrecharge+5.2%
2026-09-29 02:26:10.606|DEBUG|ArtifactScraper|Parsing artifact substat: elementalmastery+23
2026-09-29 02:26:10.606|DEBUG|ArtifactScraper|Parsing artifact substat: critrate+3.5%
2026-09-29 02:26:10.606|DEBUG|ArtifactScraper|Parsing artifact substat: hp+5.3%(unactivated)
2026-09-29 02:26:11.060|DEBUG|ArtifactScraper|Parsing artifact substat: atk+19
2026-09-29 02:26:11.060|DEBUG|ArtifactScraper|Parsing artifact substat: def+23
2026-09-29 02:26:11.060|DEBUG|ArtifactScraper|Parsing artifact substat: critrate+3.5%
2026-09-29 02:26:11.060|DEBUG|ArtifactScraper|Parsing artifact substat: critdmg+5.4%(unactivated)
2026-09-29 02:26:11.343|DEBUG|ArtifactScraper|Parsing artifact substat: atk+19
2026-09-29 02:26:11.343|DEBUG|ArtifactScraper|Parsing artifact substat: critrate+3.5%
2026-09-29 02:26:11.343|DEBUG|ArtifactScraper|Parsing artifact substat: hp+4.1%
2026-09-29 02:26:11.343|DEBUG|ArtifactScraper|Parsing artifact substat: def+21(unactivated)
2026-09-29 02:26:11.437|DEBUG|ArtifactScraper|Parsing artifact substat: critdmg+7.8%
2026-09-29 02:26:11.437|DEBUG|ArtifactScraper|Parsing artifact substat: energyrecharge+4.5%
2026-09-29 02:26:11.437|DEBUG|ArtifactScraper|Parsing artifact substat: hp+4.1%
2026-09-29 02:26:11.437|DEBUG|ArtifactScraper|Parsing artifact substat: hp+269(unactivated)
2026-09-29 02:26:11.749|DEBUG|ArtifactScraper|Parsing artifact substat: critdmg+5.4%
2026-09-29 02:26:11.749|DEBUG|ArtifactScraper|Parsing artifact substat: def+21
2026-09-29 02:26:11.749|DEBUG|ArtifactScraper|Parsing artifact substat: critrate+3.9%
2026-09-29 02:26:11.749|DEBUG|ArtifactScraper|Parsing artifact substat: hp+299(unactivated)
2026-09-29 02:26:12.086|DEBUG|ArtifactScraper|Parsing artifact substat: hp+209
2026-09-29 02:26:12.086|DEBUG|ArtifactScraper|Parsing artifact substat: critrate+2.7%
2026-09-29 02:26:12.086|DEBUG|ArtifactScraper|Parsing artifact substat: elementalmastery+19
2026-09-29 02:26:12.086|DEBUG|ArtifactScraper|Parsing artifact substat: critdmg+6.2%(unactivated)
2026-09-29 02:26:12.167|DEBUG|ArtifactScraper|Parsing artifact substat: atk+19
2026-09-29 02:26:12.167|DEBUG|ArtifactScraper|Parsing artifact substat: elementalmastery+19
2026-09-29 02:26:12.167|DEBUG|ArtifactScraper|Parsing artifact substat: atk+5.3%
2026-09-29 02:26:12.167|DEBUG|ArtifactScraper|Parsing artifact substat: hp+299(unactivated)
2026-09-29 02:26:12.458|DEBUG|ArtifactScraper|Parsing artifact substat: def+16
2026-09-29 02:26:12.458|DEBUG|ArtifactScraper|Parsing artifact substat: energyrecharge+6.5%
2026-09-29 02:26:12.458|DEBUG|ArtifactScraper|Parsing artifact substat: atk+5.8%
2026-09-29 02:26:12.458|DEBUG|ArtifactScraper|Parsing artifact substat: hp+5.8%(unactivated)
2026-09-29 02:26:12.725|DEBUG|ArtifactScraper|Parsing artifact substat: hp+4.1%
2026-09-29 02:26:12.725|DEBUG|ArtifactScraper|Parsing artifact substat: atk+18
2026-09-29 02:26:12.725|DEBUG|ArtifactScraper|Parsing artifact substat: def+21
2026-09-29 02:26:12.725|DEBUG|ArtifactScraper|Parsing artifact substat: elementalmastery+23
2026-09-29 02:26:12.786|DEBUG|ArtifactScraper|Parsing artifact substat: hp+239
2026-09-29 02:26:12.786|DEBUG|ArtifactScraper|Parsing artifact substat: atk+4.7%
2026-09-29 02:26:12.786|DEBUG|ArtifactScraper|Parsing artifact substat: def+5.1%
2026-09-29 02:26:12.786|DEBUG|ArtifactScraper|Parsing artifact substat: atk+19(unactivated)
2026-09-29 02:26:13.133|DEBUG|ArtifactScraper|Parsing artifact substat: hp+4.7%
2026-09-29 02:26:13.133|DEBUG|ArtifactScraper|Parsing artifact substat: atk+4.1%
2026-09-29 02:26:13.133|DEBUG|ArtifactScraper|Parsing artifact substat: atk+18
2026-09-29 02:26:13.133|DEBUG|ArtifactScraper|Parsing artifact substat: critdmg+6.2%(unactivated)
2026-09-29 02:26:13.389|DEBUG|ArtifactScraper|Parsing artifact substat: elementalmastery+16
2026-09-29 02:26:13.389|DEBUG|ArtifactScraper|Parsing artifact substat: def+7.3%
2026-09-29 02:26:13.389|DEBUG|ArtifactScraper|Parsing artifact substat: atk+4.7%
2026-09-29 02:26:13.389|DEBUG|ArtifactScraper|Parsing artifact substat: atk+18(unactivated)
2026-09-29 02:26:13.490|DEBUG|ArtifactScraper|Parsing artifact substat: elementalmastery+16
2026-09-29 02:26:13.490|DEBUG|ArtifactScraper|Parsing artifact substat: hp+5.8%
2026-09-29 02:26:13.490|DEBUG|ArtifactScraper|Parsing artifact substat: energyrecharge+5.2%
2026-09-29 02:26:13.490|DEBUG|ArtifactScraper|Parsing artifact substat: critdmg+6.2%(unactivated)
2026-09-29 02:26:13.682|DEBUG|ArtifactScraper|Parsing artifact substat: hp+209
2026-09-29 02:26:13.682|DEBUG|ArtifactScraper|Parsing artifact substat: hp+4.1%
2026-09-29 02:26:13.682|DEBUG|ArtifactScraper|Parsing artifact substat: atk+16
2026-09-29 02:26:13.682|DEBUG|ArtifactScraper|Parsing artifact substat: def+19
2026-09-29 02:26:14.044|DEBUG|ArtifactScraper|Parsing artifact substat: atk+19
2026-09-29 02:26:14.044|DEBUG|ArtifactScraper|Parsing artifact substat: energyrecharge+5.8%
2026-09-29 02:26:14.044|DEBUG|ArtifactScraper|Parsing artifact substat: hp+269
2026-09-29 02:26:14.044|DEBUG|ArtifactScraper|Parsing artifact substat: critrate+2.7%
2026-09-29 02:26:14.150|DEBUG|ArtifactScraper|Parsing artifact substat: elementalmastery+21
2026-09-29 02:26:14.150|DEBUG|ArtifactScraper|Parsing artifact substat: critrate+3.9%
2026-09-29 02:26:14.150|DEBUG|ArtifactScraper|Parsing artifact substat: def+23
2026-09-29 02:26:14.150|DEBUG|ArtifactScraper|Parsing artifact substat: atk+19
2026-09-29 02:26:14.277|DEBUG|ArtifactScraper|Parsing artifact substat: atk+16
2026-09-29 02:26:14.277|DEBUG|ArtifactScraper|Parsing artifact substat: hp+299
2026-09-29 02:26:14.277|DEBUG|ArtifactScraper|Parsing artifact substat: def+6.6%
2026-09-29 02:26:14.277|DEBUG|ArtifactScraper|Parsing artifact substat: energyrecharge+5.2%
2026-09-29 02:26:14.595|DEBUG|ArtifactScraper|Finished queuing page of artifacts. Scrolling...
2026-09-29 02:26:14.595|DEBUG|ArtifactScraper|Parsing artifact substat: critrate+2.7%
2026-09-29 02:26:14.595|DEBUG|ArtifactScraper|Parsing artifact substat: def+16
2026-09-29 02:26:14.595|DEBUG|ArtifactScraper|Parsing artifact substat: atk+18
2026-09-29 02:26:14.595|DEBUG|ArtifactScraper|Parsing artifact substat: hp+239
2026-09-29 02:26:14.715|DEBUG|ArtifactScraper|Parsing artifact substat: def+7.3%
2026-09-29 02:26:14.715|DEBUG|ArtifactScraper|Parsing artifact substat: def+16
2026-09-29 02:26:14.715|DEBUG|ArtifactScraper|Parsing artifact substat: hp+299
2026-09-29 02:26:14.715|DEBUG|ArtifactScraper|Parsing artifact substat: atk+19
2026-09-29 02:26:14.933|DEBUG|ArtifactScraper|Parsing artifact substat: def+19
2026-09-29 02:26:14.933|DEBUG|ArtifactScraper|Parsing artifact substat: elementalmastery+21
2026-09-29 02:26:14.933|DEBUG|ArtifactScraper|Parsing artifact substat: critdmg+6.2%
2026-09-29 02:26:14.933|DEBUG|ArtifactScraper|Parsing artifact substat: atk+14
2026-09-29 02:26:15.319|DEBUG|ArtifactScraper|Parsing artifact substat: elementalmastery+23
2026-09-29 02:26:15.319|DEBUG|ArtifactScraper|Parsing artifact substat: def+21
2026-09-29 02:26:15.319|DEBUG|ArtifactScraper|Parsing artifact substat: hp+209
2026-09-29 02:26:15.319|DEBUG|ArtifactScraper|Parsing artifact substat: critdmg+7.8%
2026-09-29 02:26:15.385|DEBUG|ArtifactScraper|Parsing artifact substat: energyrecharge+5.8%
2026-09-29 02:26:15.385|DEBUG|ArtifactScraper|Parsing artifact substat: def+5.1%
2026-09-29 02:26:15.385|DEBUG|ArtifactScraper|Parsing artifact substat: critdmg+6.2%
2026-09-29 02:26:15.385|DEBUG|ArtifactScraper|Parsing artifact substat: def+16
2026-09-29 02:26:15.625|DEBUG|ArtifactScraper|Parsing artifact substat: atk+16
2026-09-29 02:26:15.625|DEBUG|ArtifactScraper|Parsing artifact substat: atk+4.1%
2026-09-29 02:26:15.625|DEBUG|ArtifactScraper|Parsing artifact substat: def+21
2026-09-29 02:26:15.625|DEBUG|ArtifactScraper|Parsing artifact substat: energyrecharge+6.5%
2026-09-29 02:26:15.978|DEBUG|ArtifactScraper|Parsing artifact substat: atk+19
2026-09-29 02:26:15.978|DEBUG|ArtifactScraper|Parsing artifact substat: critrate+3.9%
2026-09-29 02:26:15.978|DEBUG|ArtifactScraper|Parsing artifact substat: energyrecharge+5.8%
2026-09-29 02:26:15.978|DEBUG|ArtifactScraper|Parsing artifact substat: def+19
2026-09-29 02:26:16.004|DEBUG|ArtifactScraper|Parsing artifact substat: energyrecharge+5.2%
2026-09-29 02:26:16.004|DEBUG|ArtifactScraper|Parsing artifact substat: hp+299
2026-09-29 02:26:16.004|DEBUG|ArtifactScraper|Parsing artifact substat: def+7.3%
2026-09-29 02:26:16.004|DEBUG|ArtifactScraper|Parsing artifact substat: hp+5.8%
2026-09-29 02:26:18.387|DEBUG|ArtifactScraper|Scanning artifact page 57
2026-09-29 02:26:18.387|DEBUG|ArtifactScraper|Located 32 possible item locations on page.
2026-09-29 02:26:19.248|DEBUG|ArtifactScraper|Parsing artifact substat: energyrecharge+6.5%
2026-09-29 02:26:19.248|DEBUG|ArtifactScraper|Parsing artifact substat: elementalmastery+23
2026-09-29 02:26:19.248|DEBUG|ArtifactScraper|Parsing artifact substat: hp+5.8%
2026-09-29 02:26:19.248|DEBUG|ArtifactScraper|Parsing artifact substat: def+19(unactivated)
2026-09-29 02:26:19.506|DEBUG|ArtifactScraper|Parsing artifact substat: def+23
2026-09-29 02:26:19.506|DEBUG|ArtifactScraper|Parsing artifact substat: elementalmastery+19
2026-09-29 02:26:19.506|DEBUG|ArtifactScraper|Parsing artifact substat: hp+239
2026-09-29 02:26:19.506|DEBUG|ArtifactScraper|Parsing artifact substat: atk+19(unactivated)
2026-09-29 02:26:19.541|DEBUG|ArtifactScraper|Parsing artifact substat: atk+5.3%
2026-09-29 02:26:19.541|DEBUG|ArtifactScraper|Parsing artifact substat: elementalmastery+23
2026-09-29 02:26:19.541|DEBUG|ArtifactScraper|Parsing artifact substat: hp+4.7%
2026-09-29 02:26:19.541|DEBUG|ArtifactScraper|Parsing artifact substat: atk+18(unactivated)
2026-09-29 02:26:19.874|DEBUG|ArtifactScraper|Parsing artifact substat: elementalmastery+21
2026-09-29 02:26:19.875|DEBUG|ArtifactScraper|Parsing artifact substat: atk+14
2026-09-29 02:26:19.875|DEBUG|ArtifactScraper|Parsing artifact substat: hp+299
2026-09-29 02:26:19.875|DEBUG|ArtifactScraper|Parsing artifact substat: def+21(unactivated)
2026-09-29 02:26:20.174|DEBUG|ArtifactScraper|Parsing artifact substat: def+7.3%
2026-09-29 02:26:20.174|DEBUG|ArtifactScraper|Parsing artifact substat: def+16
2026-09-29 02:26:20.174|DEBUG|ArtifactScraper|Parsing artifact substat: elementalmastery+21
2026-09-29 02:26:20.174|DEBUG|ArtifactScraper|Parsing artifact substat: hp+269(unactivated)
2026-09-29 02:26:20.201|DEBUG|ArtifactScraper|Parsing artifact substat: critdmg+7.8%
2026-09-29 02:26:20.201|DEBUG|ArtifactScraper|Parsing artifact substat: hp+299
2026-09-29 02:26:20.201|DEBUG|ArtifactScraper|Parsing artifact substat: atk+16
2026-09-29 02:26:20.201|DEBUG|ArtifactScraper|Parsing artifact substat: elementalmastery+21
2026-09-29 02:26:20.528|DEBUG|ArtifactScraper|Parsing artifact substat: atk+14
2026-09-29 02:26:20.528|DEBUG|ArtifactScraper|Parsing artifact substat: atk+5.3%
2026-09-29 02:26:20.528|DEBUG|ArtifactScraper|Parsing artifact substat: critdmg+7.8%
2026-09-29 02:26:20.531|DEBUG|ArtifactScraper|Parsing artifact substat: elementalmastery+23
2026-09-29 02:26:20.819|DEBUG|ArtifactScraper|Parsing artifact substat: critrate+3.1%
2026-09-29 02:26:20.819|DEBUG|ArtifactScraper|Parsing artifact substat: atk+5.8%
2026-09-29 02:26:20.819|DEBUG|ArtifactScraper|Parsing artifact substat: elementalmastery+19
2026-09-29 02:26:20.819|DEBUG|ArtifactScraper|Parsing artifact substat: def+5.1%(unactivated)
2026-09-29 02:26:20.999|DEBUG|ArtifactScraper|Parsing artifact substat: elementalmastery+23
2026-09-29 02:26:20.999|DEBUG|ArtifactScraper|Parsing artifact substat: energyrecharge+6.5%
2026-09-29 02:26:20.999|DEBUG|ArtifactScraper|Parsing artifact substat: hp+4.7%
2026-09-29 02:26:20.999|DEBUG|ArtifactScraper|Parsing artifact substat: def+21(unactivated)
2026-09-29 02:26:21.210|DEBUG|ArtifactScraper|Parsing artifact substat: atk+18
2026-09-29 02:26:21.210|DEBUG|ArtifactScraper|Parsing artifact substat: elementalmastery+19
2026-09-29 02:26:21.210|DEBUG|ArtifactScraper|Parsing artifact substat: def+21
2026-09-29 02:26:21.210|DEBUG|ArtifactScraper|Parsing artifact substat: def+5.8%(unactivated)
2026-09-29 02:26:21.420|DEBUG|ArtifactScraper|Parsing artifact substat: def+21
2026-09-29 02:26:21.420|DEBUG|ArtifactScraper|Parsing artifact substat: atk+5.8%
2026-09-29 02:26:21.420|DEBUG|ArtifactScraper|Parsing artifact substat: def+5.1%
2026-09-29 02:26:21.420|DEBUG|ArtifactScraper|Parsing artifact substat: hp+269(unactivated)
2026-09-29 02:26:21.627|DEBUG|ArtifactScraper|Parsing artifact substat: atk+19
2026-09-29 02:26:21.627|DEBUG|ArtifactScraper|Parsing artifact substat: def+21
2026-09-29 02:26:21.627|DEBUG|ArtifactScraper|Parsing artifact substat: critrate+3.1%
2026-09-29 02:26:21.627|DEBUG|ArtifactScraper|Parsing artifact substat: hp+269(unactivated)
2026-09-29 02:26:21.868|DEBUG|ArtifactScraper|Parsing artifact substat: hp+299
2026-09-29 02:26:21.868|DEBUG|ArtifactScraper|Parsing artifact substat: energyrecharge+4.5%
2026-09-29 02:26:21.868|DEBUG|ArtifactScraper|Parsing artifact substat: def+5.1%
2026-09-29 02:26:21.868|DEBUG|ArtifactScraper|Parsing artifact substat: hp+4.7%(unactivated)
2026-09-29 02:26:22.054|DEBUG|ArtifactScraper|Parsing artifact substat: def+16
2026-09-29 02:26:22.054|DEBUG|ArtifactScraper|Parsing artifact substat: atk+19
2026-09-29 02:26:22.054|DEBUG|ArtifactScraper|Parsing artifact substat: atk+4.1%
2026-09-29 02:26:22.054|DEBUG|ArtifactScraper|Parsing artifact substat: hp+5.3%(unactivated)
2026-09-29 02:26:22.275|DEBUG|ArtifactScraper|Parsing artifact substat: hp+299
2026-09-29 02:26:22.275|DEBUG|ArtifactScraper|Parsing artifact substat: atk+5.3%
2026-09-29 02:26:22.275|DEBUG|ArtifactScraper|Parsing artifact substat: def+7.3%
2026-09-29 02:26:22.275|DEBUG|ArtifactScraper|Parsing artifact substat: elementalmastery+19
2026-09-29 02:26:22.511|DEBUG|ArtifactScraper|Parsing artifact substat: elementalmastery+16
2026-09-29 02:26:22.511|DEBUG|ArtifactScraper|Parsing artifact substat: hp+269
2026-09-29 02:26:22.511|DEBUG|ArtifactScraper|Parsing artifact substat: def+7.3%
2026-09-29 02:26:22.511|DEBUG|ArtifactScraper|Parsing artifact substat: energyrecharge+6.5%
2026-09-29 02:26:22.753|DEBUG|ArtifactScraper|Parsing artifact substat: hp+299
2026-09-29 02:26:22.753|DEBUG|ArtifactScraper|Parsing artifact substat: energyrecharge+5.8%
2026-09-29 02:26:22.753|DEBUG|ArtifactScraper|Parsing artifact substat: critrate+3.1%
2026-09-29 02:26:22.753|DEBUG|ArtifactScraper|Parsing artifact substat: atk+5.3%(unactivated)
2026-09-29 02:26:23.039|DEBUG|ArtifactScraper|Parsing artifact substat: energyrecharge+5.2%
2026-09-29 02:26:23.039|DEBUG|ArtifactScraper|Parsing artifact substat: atk+4.7%
2026-09-29 02:26:23.039|DEBUG|ArtifactScraper|Parsing artifact substat: atk+14
2026-09-29 02:26:23.039|DEBUG|ArtifactScraper|Parsing artifact substat: def+19(unactivated)
2026-09-29 02:26:23.306|DEBUG|ArtifactScraper|Parsing artifact substat: elementalmastery+19
2026-09-29 02:26:23.306|DEBUG|ArtifactScraper|Parsing artifact substat: hp+5.8%
2026-09-29 02:26:23.306|DEBUG|ArtifactScraper|Parsing artifact substat: atk+5.3%
2026-09-29 02:26:23.306|DEBUG|ArtifactScraper|Parsing artifact substat: hp+269(unactivated)
2026-09-29 02:26:23.462|DEBUG|ArtifactScraper|Parsing artifact substat: critrate+2.7%
2026-09-29 02:26:23.462|DEBUG|ArtifactScraper|Parsing artifact substat: elementalmastery+21
2026-09-29 02:26:23.462|DEBUG|ArtifactScraper|Parsing artifact substat: hp+209
2026-09-29 02:26:23.462|DEBUG|ArtifactScraper|Parsing artifact substat: energyrecharge+5.8%
2026-09-29 02:26:23.701|DEBUG|ArtifactScraper|Parsing artifact substat: hp+4.1%
2026-09-29 02:26:23.701|DEBUG|ArtifactScraper|Parsing artifact substat: energyrecharge+5.8%
2026-09-29 02:26:23.701|DEBUG|ArtifactScraper|Parsing artifact substat: def+7.3%
2026-09-29 02:26:23.701|DEBUG|ArtifactScraper|Parsing artifact substat: elementalmastery+16
2026-09-29 02:26:23.887|DEBUG|ArtifactScraper|Parsing artifact substat: hp+299
2026-09-29 02:26:23.887|DEBUG|ArtifactScraper|Parsing artifact substat: atk+4.7%
2026-09-29 02:26:23.887|DEBUG|ArtifactScraper|Parsing artifact substat: atk+19
2026-09-29 02:26:23.887|DEBUG|ArtifactScraper|Parsing artifact substat: elementalmastery+21
2026-09-29 02:26:24.114|DEBUG|ArtifactScraper|Parsing artifact substat: atk+14
2026-09-29 02:26:24.114|DEBUG|ArtifactScraper|Parsing artifact substat: def+21
2026-09-29 02:26:24.114|DEBUG|ArtifactScraper|Parsing artifact substat: elementalmastery+16
2026-09-29 02:26:24.114|DEBUG|ArtifactScraper|Parsing artifact substat: critdmg+7.8%(unactivated)
2026-09-29 02:26:24.323|DEBUG|ArtifactScraper|Parsing artifact substat: def+5.1%
2026-09-29 02:26:24.323|DEBUG|ArtifactScraper|Parsing artifact substat: critdmg+5.4%
2026-09-29 02:26:24.323|DEBUG|ArtifactScraper|Parsing artifact substat: elementalmastery+23
2026-09-29 02:26:24.323|DEBUG|ArtifactScraper|Parsing artifact substat: atk+14(unactivated)
2026-09-29 02:26:24.525|DEBUG|ArtifactScraper|Parsing artifact substat: def+23
2026-09-29 02:26:24.525|DEBUG|ArtifactScraper|Parsing artifact substat: elementalmastery+23
2026-09-29 02:26:24.525|DEBUG|ArtifactScraper|Parsing artifact substat: def+5.8%
2026-09-29 02:26:24.525|DEBUG|ArtifactScraper|Parsing artifact substat: atk+14(unactivated)
2026-09-29 02:26:24.666|DEBUG|ArtifactScraper|Finished queuing page of artifacts. Scrolling...
2026-09-29 02:26:24.743|DEBUG|ArtifactScraper|Parsing artifact substat: elementalmastery+23
2026-09-29 02:26:24.743|DEBUG|ArtifactScraper|Parsing artifact substat: hp+209
2026-09-29 02:26:24.743|DEBUG|ArtifactScraper|Parsing artifact substat: critdmg+7.0%
2026-09-29 02:26:24.743|DEBUG|ArtifactScraper|Parsing artifact substat: def+21(unactivated)
2026-09-29 02:26:24.952|DEBUG|ArtifactScraper|Parsing artifact substat: atk+18
2026-09-29 02:26:24.952|DEBUG|ArtifactScraper|Parsing artifact substat: energyrecharge+6.5%
2026-09-29 02:26:24.953|DEBUG|ArtifactScraper|Parsing artifact substat: atk+4.1%
2026-09-29 02:26:24.953|DEBUG|ArtifactScraper|Parsing artifact substat: hp+269(unactivated)
2026-09-29 02:26:25.083|DEBUG|ArtifactScraper|Parsing artifact substat: hp+5.3%
2026-09-29 02:26:25.083|DEBUG|ArtifactScraper|Parsing artifact substat: hp+239
2026-09-29 02:26:25.083|DEBUG|ArtifactScraper|Parsing artifact substat: def+16
2026-09-29 02:26:25.083|DEBUG|ArtifactScraper|Parsing artifact substat: atk+16(unactivated)
2026-09-29 02:26:25.346|DEBUG|ArtifactScraper|Parsing artifact substat: critdmg+5.4%
2026-09-29 02:26:25.346|DEBUG|ArtifactScraper|Parsing artifact substat: elementalmastery+21
2026-09-29 02:26:25.346|DEBUG|ArtifactScraper|Parsing artifact substat: atk+19
2026-09-29 02:26:25.346|DEBUG|ArtifactScraper|Parsing artifact substat: energyrecharge+5.2%
2026-09-29 02:26:25.519|DEBUG|ArtifactScraper|Parsing artifact substat: def+7.3%
2026-09-29 02:26:25.519|DEBUG|ArtifactScraper|Parsing artifact substat: def+16
2026-09-29 02:26:25.519|DEBUG|ArtifactScraper|Parsing artifact substat: critdmg+5.4%
2026-09-29 02:26:25.519|DEBUG|ArtifactScraper|Parsing artifact substat: hp+269(unactivated)
2026-09-29 02:26:25.657|DEBUG|ArtifactScraper|Parsing artifact substat: atk+5.8%
2026-09-29 02:26:25.657|DEBUG|ArtifactScraper|Parsing artifact substat: atk+18
2026-09-29 02:26:25.657|DEBUG|ArtifactScraper|Parsing artifact substat: def+5.1%
2026-09-29 02:26:25.657|DEBUG|ArtifactScraper|Parsing artifact substat: energyrecharge+5.2%
2026-09-29 02:26:25.893|DEBUG|ArtifactScraper|Parsing artifact substat: def+5.8%
2026-09-29 02:26:25.893|DEBUG|ArtifactScraper|Parsing artifact substat: elementalmastery+21
2026-09-29 02:26:25.893|DEBUG|ArtifactScraper|Parsing artifact substat: def+19
2026-09-29 02:26:25.893|DEBUG|ArtifactScraper|Parsing artifact substat: critdmg+6.2%(unactivated)
2026-09-29 02:26:27.858|DEBUG|ArtifactScraper|Scanning artifact page 58
2026-09-29 02:26:27.858|DEBUG|ArtifactScraper|Located 32 possible item locations on page.
2026-09-29 02:26:28.454|DEBUG|ArtifactScraper|Parsing artifact substat: def+5.8%
2026-09-29 02:26:28.454|DEBUG|ArtifactScraper|Parsing artifact substat: energyrecharge+5.2%
2026-09-29 02:26:28.454|DEBUG|ArtifactScraper|Parsing artifact substat: hp+239
2026-09-29 02:26:28.454|DEBUG|ArtifactScraper|Parsing artifact substat: atk+18(unactivated)
2026-09-29 02:26:28.639|DEBUG|ArtifactScraper|Parsing artifact substat: atk+18
2026-09-29 02:26:28.639|DEBUG|ArtifactScraper|Parsing artifact substat: hp+239
2026-09-29 02:26:28.639|DEBUG|ArtifactScraper|Parsing artifact substat: elementalmastery+19
2026-09-29 02:26:28.639|DEBUG|ArtifactScraper|Parsing artifact substat: energyrecharge+4.5%
2026-09-29 02:26:29.076|DEBUG|ArtifactScraper|Parsing artifact substat: atk+18
2026-09-29 02:26:29.076|DEBUG|ArtifactScraper|Parsing artifact substat: energyrecharge+5.2%
2026-09-29 02:26:29.076|DEBUG|ArtifactScraper|Parsing artifact substat: elementalmastery+19
2026-09-29 02:26:29.076|DEBUG|ArtifactScraper|Parsing artifact substat: def+5.8%(unactivated)
2026-09-29 02:26:29.156|DEBUG|ArtifactScraper|Parsing artifact substat: hp+239
2026-09-29 02:26:29.156|DEBUG|ArtifactScraper|Parsing artifact substat: critdmg+7.0%
2026-09-29 02:26:29.156|DEBUG|ArtifactScraper|Parsing artifact substat: def+5.8%
2026-09-29 02:26:29.156|DEBUG|ArtifactScraper|Parsing artifact substat: hp+4.7%(unactivated)
2026-09-29 02:26:29.605|DEBUG|ArtifactScraper|Parsing artifact substat: atk+19
2026-09-29 02:26:29.605|DEBUG|ArtifactScraper|Parsing artifact substat: def+21
2026-09-29 02:26:29.605|DEBUG|ArtifactScraper|Parsing artifact substat: hp+299
2026-09-29 02:26:29.605|DEBUG|ArtifactScraper|Parsing artifact substat: atk+5.3%(unactivated)
2026-09-29 02:26:29.840|DEBUG|ArtifactScraper|Parsing artifact substat: hp+209
2026-09-29 02:26:29.840|DEBUG|ArtifactScraper|Parsing artifact substat: def+6.6%
2026-09-29 02:26:29.840|DEBUG|ArtifactScraper|Parsing artifact substat: critrate+3.5%
2026-09-29 02:26:29.840|DEBUG|ArtifactScraper|Parsing artifact substat: elementalmastery+19
2026-09-29 02:26:29.938|DEBUG|ArtifactScraper|Parsing artifact substat: atk+16
2026-09-29 02:26:29.938|DEBUG|ArtifactScraper|Parsing artifact substat: elementalmastery+16
2026-09-29 02:26:29.938|DEBUG|ArtifactScraper|Parsing artifact substat: hp+4.7%
2026-09-29 02:26:29.938|DEBUG|ArtifactScraper|Parsing artifact substat: def+5.8%(unactivated)
2026-09-29 02:26:30.245|DEBUG|ArtifactScraper|Parsing artifact substat: atk+19
2026-09-29 02:26:30.245|DEBUG|ArtifactScraper|Parsing artifact substat: atk+4.1%
2026-09-29 02:26:30.245|DEBUG|ArtifactScraper|Parsing artifact substat: critdmg+7.0%
2026-09-29 02:26:30.245|DEBUG|ArtifactScraper|Parsing artifact substat: critrate+3.9%(unactivated)
2026-09-29 02:26:30.446|DEBUG|ArtifactScraper|Parsing artifact substat: atk+14
2026-09-29 02:26:30.446|DEBUG|ArtifactScraper|Parsing artifact substat: hp+5.8%
2026-09-29 02:26:30.446|DEBUG|ArtifactScraper|Parsing artifact substat: elementalmastery+23
2026-09-29 02:26:30.446|DEBUG|ArtifactScraper|Parsing artifact substat: energyrecharge+5.2%
2026-09-29 02:26:30.577|DEBUG|ArtifactScraper|Parsing artifact substat: def+7.3%
2026-09-29 02:26:30.577|DEBUG|ArtifactScraper|Parsing artifact substat: atk+5.8%
2026-09-29 02:26:30.577|DEBUG|ArtifactScraper|Parsing artifact substat: energyrecharge+6.5%
2026-09-29 02:26:30.578|DEBUG|ArtifactScraper|Parsing artifact substat: critrate+3.5%(unactivated)
2026-09-29 02:26:30.784|DEBUG|ArtifactScraper|Parsing artifact substat: atk+5.3%
2026-09-29 02:26:30.784|DEBUG|ArtifactScraper|Parsing artifact substat: atk+18
2026-09-29 02:26:30.784|DEBUG|ArtifactScraper|Parsing artifact substat: def+6.6%
2026-09-29 02:26:30.784|DEBUG|ArtifactScraper|Parsing artifact substat: def+19(unactivated)
2026-09-29 02:26:31.116|DEBUG|ArtifactScraper|Parsing artifact substat: elementalmastery+16
2026-09-29 02:26:31.116|DEBUG|ArtifactScraper|Parsing artifact substat: def+5.1%
2026-09-29 02:26:31.116|DEBUG|ArtifactScraper|Parsing artifact substat: def+23
2026-09-29 02:26:31.116|DEBUG|ArtifactScraper|Parsing artifact substat: critdmg+7.0%(unactivated)
2026-09-29 02:26:31.197|DEBUG|ArtifactScraper|Parsing artifact substat: atk+16
2026-09-29 02:26:31.197|DEBUG|ArtifactScraper|Parsing artifact substat: critdmg+6.2%
2026-09-29 02:26:31.197|DEBUG|ArtifactScraper|Parsing artifact substat: energyrecharge+6.5%
2026-09-29 02:26:31.197|DEBUG|ArtifactScraper|Parsing artifact substat: def+21(unactivated)
2026-09-29 02:26:31.461|DEBUG|ArtifactScraper|Parsing artifact substat: def+16
2026-09-29 02:26:31.461|DEBUG|ArtifactScraper|Parsing artifact substat: elementalmastery+19
2026-09-29 02:26:31.461|DEBUG|ArtifactScraper|Parsing artifact substat: atk+14
2026-09-29 02:26:31.461|DEBUG|ArtifactScraper|Parsing artifact substat: def+7.3%(unactivated)
2026-09-29 02:26:31.742|DEBUG|ArtifactScraper|Parsing artifact substat: atk+18
2026-09-29 02:26:31.742|DEBUG|ArtifactScraper|Parsing artifact substat: def+19
2026-09-29 02:26:31.742|DEBUG|ArtifactScraper|Parsing artifact substat: energyrecharge+6.5%
2026-09-29 02:26:31.742|DEBUG|ArtifactScraper|Parsing artifact substat: def+5.1%(unactivated)
2026-09-29 02:26:31.884|DEBUG|ArtifactScraper|Parsing artifact substat: critrate+2.7%
2026-09-29 02:26:31.884|DEBUG|ArtifactScraper|Parsing artifact substat: elementalmastery+19
2026-09-29 02:26:31.884|DEBUG|ArtifactScraper|Parsing artifact substat: energyrecharge+5.2%
2026-09-29 02:26:31.884|DEBUG|ArtifactScraper|Parsing artifact substat: def+21(unactivated)
2026-09-29 02:26:32.006|DEBUG|ArtifactScraper|Parsing artifact substat: hp+4.7%
2026-09-29 02:26:32.006|DEBUG|ArtifactScraper|Parsing artifact substat: critdmg+7.0%
2026-09-29 02:26:32.006|DEBUG|ArtifactScraper|Parsing artifact substat: atk+5.3%
2026-09-29 02:26:32.006|DEBUG|ArtifactScraper|Parsing artifact substat: def+7.3%
2026-09-29 02:26:32.316|DEBUG|ArtifactScraper|Parsing artifact substat: hp+4.1%
2026-09-29 02:26:32.316|DEBUG|ArtifactScraper|Parsing artifact substat: critdmg+6.2%
2026-09-29 02:26:32.316|DEBUG|ArtifactScraper|Parsing artifact substat: def+5.8%
2026-09-29 02:26:32.316|DEBUG|ArtifactScraper|Parsing artifact substat: hp+269
2026-09-29 02:26:32.545|DEBUG|ArtifactScraper|Parsing artifact substat: energyrecharge+6.5%
2026-09-29 02:26:32.545|DEBUG|ArtifactScraper|Parsing artifact substat: critrate+3.9%
2026-09-29 02:26:32.545|DEBUG|ArtifactScraper|Parsing artifact substat: hp+209
2026-09-29 02:26:32.545|DEBUG|ArtifactScraper|Parsing artifact substat: hp+5.8%(unactivated)
2026-09-29 02:26:32.684|DEBUG|ArtifactScraper|Parsing artifact substat: elementalmastery+16
2026-09-29 02:26:32.684|DEBUG|ArtifactScraper|Parsing artifact substat: critrate+2.7%
2026-09-29 02:26:32.684|DEBUG|ArtifactScraper|Parsing artifact substat: def+6.6%
2026-09-29 02:26:32.684|DEBUG|ArtifactScraper|Parsing artifact substat: hp+4.1%(unactivated)
2026-09-29 02:26:32.954|DEBUG|ArtifactScraper|Parsing artifact substat: elementalmastery+19
2026-09-29 02:26:32.954|DEBUG|ArtifactScraper|Parsing artifact substat: atk+4.7%
2026-09-29 02:26:32.954|DEBUG|ArtifactScraper|Parsing artifact substat: def+5.1%
2026-09-29 02:26:32.954|DEBUG|ArtifactScraper|Parsing artifact substat: critrate+3.5%(unactivated)
2026-09-29 02:26:33.196|DEBUG|ArtifactScraper|Parsing artifact substat: def+6.6%
2026-09-29 02:26:33.196|DEBUG|ArtifactScraper|Parsing artifact substat: critdmg+5.4%
2026-09-29 02:26:33.196|DEBUG|ArtifactScraper|Parsing artifact substat: hp+4.7%
2026-09-29 02:26:33.196|DEBUG|ArtifactScraper|Parsing artifact substat: hp+299(unactivated)
2026-09-29 02:26:33.383|DEBUG|ArtifactScraper|Parsing artifact substat: hp+239
2026-09-29 02:26:33.383|DEBUG|ArtifactScraper|Parsing artifact substat: critrate+2.7%
2026-09-29 02:26:33.383|DEBUG|ArtifactScraper|Parsing artifact substat: hp+4.1%
2026-09-29 02:26:33.383|DEBUG|ArtifactScraper|Parsing artifact substat: def+21(unactivated)
2026-09-29 02:26:33.688|DEBUG|ArtifactScraper|Parsing artifact substat: hp+5.3%
2026-09-29 02:26:33.688|DEBUG|ArtifactScraper|Parsing artifact substat: critdmg+7.8%
2026-09-29 02:26:33.688|DEBUG|ArtifactScraper|Parsing artifact substat: def+7.3%
2026-09-29 02:26:33.688|DEBUG|ArtifactScraper|Parsing artifact substat: atk+5.8%(unactivated)
2026-09-29 02:26:33.925|DEBUG|ArtifactScraper|Parsing artifact substat: hp+239
2026-09-29 02:26:33.925|DEBUG|ArtifactScraper|Parsing artifact substat: critrate+3.9%
2026-09-29 02:26:33.925|DEBUG|ArtifactScraper|Parsing artifact substat: critdmg+5.4%
2026-09-29 02:26:33.925|DEBUG|ArtifactScraper|Parsing artifact substat: elementalmastery+19
2026-09-29 02:26:33.991|DEBUG|ArtifactScraper|Finished queuing page of artifacts. Scrolling...
2026-09-29 02:26:34.099|DEBUG|ArtifactScraper|Parsing artifact substat: elementalmastery+21
2026-09-29 02:26:34.099|DEBUG|ArtifactScraper|Parsing artifact substat: def+19
2026-09-29 02:26:34.099|DEBUG|ArtifactScraper|Parsing artifact substat: critdmg+7.8%
2026-09-29 02:26:34.099|DEBUG|ArtifactScraper|Parsing artifact substat: hp+4.1%(unactivated)
2026-09-29 02:26:34.313|DEBUG|ArtifactScraper|Parsing artifact substat: hp+209
2026-09-29 02:26:34.313|DEBUG|ArtifactScraper|Parsing artifact substat: elementalmastery+19
2026-09-29 02:26:34.313|DEBUG|ArtifactScraper|Parsing artifact substat: def+23
2026-09-29 02:26:34.313|DEBUG|ArtifactScraper|Parsing artifact substat: atk+5.3%(unactivated)
2026-09-29 02:26:34.572|DEBUG|ArtifactScraper|Parsing artifact substat: elementalmastery+16
2026-09-29 02:26:34.572|DEBUG|ArtifactScraper|Parsing artifact substat: atk+5.8%
2026-09-29 02:26:34.572|DEBUG|ArtifactScraper|Parsing artifact substat: hp+209
2026-09-29 02:26:34.572|DEBUG|ArtifactScraper|Parsing artifact substat: def+19(unactivated)
2026-09-29 02:26:34.706|DEBUG|ArtifactScraper|Parsing artifact substat: energyrecharge+6.5%
2026-09-29 02:26:34.706|DEBUG|ArtifactScraper|Parsing artifact substat: elementalmastery+21
2026-09-29 02:26:34.706|DEBUG|ArtifactScraper|Parsing artifact substat: hp+209
2026-09-29 02:26:34.706|DEBUG|ArtifactScraper|Parsing artifact substat: def+5.1%(unactivated)
2026-09-29 02:26:34.832|DEBUG|ArtifactScraper|Parsing artifact substat: def+21
2026-09-29 02:26:34.832|DEBUG|ArtifactScraper|Parsing artifact substat: hp+5.8%
2026-09-29 02:26:34.832|DEBUG|ArtifactScraper|Parsing artifact substat: def+5.8%
2026-09-29 02:26:34.832|DEBUG|ArtifactScraper|Parsing artifact substat: hp+239(unactivated)
2026-09-29 02:26:35.246|DEBUG|ArtifactScraper|Parsing artifact substat: critrate+3.9%
2026-09-29 02:26:35.246|DEBUG|ArtifactScraper|Parsing artifact substat: def+21
2026-09-29 02:26:35.246|DEBUG|ArtifactScraper|Parsing artifact substat: def+5.8%
2026-09-29 02:26:35.246|DEBUG|ArtifactScraper|Parsing artifact substat: hp+269(unactivated)
2026-09-29 02:26:35.289|DEBUG|ArtifactScraper|Parsing artifact substat: critdmg+6.2%
2026-09-29 02:26:35.289|DEBUG|ArtifactScraper|Parsing artifact substat: critrate+3.5%
2026-09-29 02:26:35.289|DEBUG|ArtifactScraper|Parsing artifact substat: atk+14
2026-09-29 02:26:35.289|DEBUG|ArtifactScraper|Parsing artifact substat: def+19
2026-09-29 02:26:37.190|DEBUG|ArtifactScraper|Scanning artifact page 59
2026-09-29 02:26:37.190|DEBUG|ArtifactScraper|Located 32 possible item locations on page.
2026-09-29 02:26:37.681|DEBUG|ArtifactScraper|Parsing artifact substat: atk+16
2026-09-29 02:26:37.681|DEBUG|ArtifactScraper|Parsing artifact substat: def+16
2026-09-29 02:26:37.681|DEBUG|ArtifactScraper|Parsing artifact substat: hp+299
2026-09-29 02:26:37.681|DEBUG|ArtifactScraper|Parsing artifact substat: hp+4.7%
2026-09-29 02:26:38.154|DEBUG|ArtifactScraper|Parsing artifact substat: def+16
2026-09-29 02:26:38.154|DEBUG|ArtifactScraper|Parsing artifact substat: hp+299
2026-09-29 02:26:38.154|DEBUG|ArtifactScraper|Parsing artifact substat: atk+19
2026-09-29 02:26:38.154|DEBUG|ArtifactScraper|Parsing artifact substat: critdmg+7.0%(unactivated)
2026-09-29 02:26:38.184|DEBUG|ArtifactScraper|Parsing artifact substat: atk+4.7%
2026-09-29 02:26:38.184|DEBUG|ArtifactScraper|Parsing artifact substat: def+19
2026-09-29 02:26:38.184|DEBUG|ArtifactScraper|Parsing artifact substat: hp+4.1%
2026-09-29 02:26:38.184|DEBUG|ArtifactScraper|Parsing artifact substat: def+6.6%(unactivated)
2026-09-29 02:26:38.595|DEBUG|ArtifactScraper|Parsing artifact substat: def+19
2026-09-29 02:26:38.595|DEBUG|ArtifactScraper|Parsing artifact substat: atk+19
2026-09-29 02:26:38.595|DEBUG|ArtifactScraper|Parsing artifact substat: hp+209
2026-09-29 02:26:38.595|DEBUG|ArtifactScraper|Parsing artifact substat: hp+5.8%(unactivated)
2026-09-29 02:26:38.885|DEBUG|ArtifactScraper|Parsing artifact substat: def+23
2026-09-29 02:26:38.885|DEBUG|ArtifactScraper|Parsing artifact substat: critdmg+5.4%
2026-09-29 02:26:38.885|DEBUG|ArtifactScraper|Parsing artifact substat: hp+4.1%
2026-09-29 02:26:38.885|DEBUG|ArtifactScraper|Parsing artifact substat: atk+16(unactivated)
2026-09-29 02:26:38.922|DEBUG|ArtifactScraper|Parsing artifact substat: atk+14
2026-09-29 02:26:38.922|DEBUG|ArtifactScraper|Parsing artifact substat: hp+269
2026-09-29 02:26:38.922|DEBUG|ArtifactScraper|Parsing artifact substat: hp+4.7%
2026-09-29 02:26:38.922|DEBUG|ArtifactScraper|Parsing artifact substat: energyrecharge+5.8%
2026-09-29 02:26:39.363|DEBUG|ArtifactScraper|Parsing artifact substat: atk+16
2026-09-29 02:26:39.363|DEBUG|ArtifactScraper|Parsing artifact substat: atk+4.7%
2026-09-29 02:26:39.363|DEBUG|ArtifactScraper|Parsing artifact substat: critrate+3.9%
2026-09-29 02:26:39.363|DEBUG|ArtifactScraper|Parsing artifact substat: hp+239(unactivated)
2026-09-29 02:26:39.564|DEBUG|ArtifactScraper|Parsing artifact substat: def+23
2026-09-29 02:26:39.564|DEBUG|ArtifactScraper|Parsing artifact substat: elementalmastery+19
2026-09-29 02:26:39.564|DEBUG|ArtifactScraper|Parsing artifact substat: hp+209
2026-09-29 02:26:39.564|DEBUG|ArtifactScraper|Parsing artifact substat: atk+16(unactivated)
2026-09-29 02:26:39.591|DEBUG|ArtifactScraper|Parsing artifact substat: energyrecharge+4.5%
2026-09-29 02:26:39.591|DEBUG|ArtifactScraper|Parsing artifact substat: critrate+3.1%
2026-09-29 02:26:39.591|DEBUG|ArtifactScraper|Parsing artifact substat: atk+4.7%
2026-09-29 02:26:39.591|DEBUG|ArtifactScraper|Parsing artifact substat: def+21(unactivated)
2026-09-29 02:26:39.956|DEBUG|ArtifactScraper|Parsing artifact substat: critdmg+5.4%
2026-09-29 02:26:39.956|DEBUG|ArtifactScraper|Parsing artifact substat: hp+269
2026-09-29 02:26:39.956|DEBUG|ArtifactScraper|Parsing artifact substat: def+23
2026-09-29 02:26:39.956|DEBUG|ArtifactScraper|Parsing artifact substat: elementalmastery+23
2026-09-29 02:26:40.155|DEBUG|ArtifactScraper|Parsing artifact substat: critdmg+7.8%
2026-09-29 02:26:40.155|DEBUG|ArtifactScraper|Parsing artifact substat: def+19
2026-09-29 02:26:40.155|DEBUG|ArtifactScraper|Parsing artifact substat: hp+4.7%
2026-09-29 02:26:40.155|DEBUG|ArtifactScraper|Parsing artifact substat: atk+4.1%
2026-09-29 02:26:40.170|DEBUG|ArtifactScraper|Parsing artifact substat: critdmg+7.8%
2026-09-29 02:26:40.170|DEBUG|ArtifactScraper|Parsing artifact substat: def+6.6%
2026-09-29 02:26:40.170|DEBUG|ArtifactScraper|Parsing artifact substat: def+19
2026-09-29 02:26:40.170|DEBUG|ArtifactScraper|Parsing artifact substat: atk+19
2026-09-29 02:26:40.613|DEBUG|ArtifactScraper|Parsing artifact substat: hp+4.7%
2026-09-29 02:26:40.613|DEBUG|ArtifactScraper|Parsing artifact substat: hp+299
2026-09-29 02:26:40.613|DEBUG|ArtifactScraper|Parsing artifact substat: atk+19
2026-09-29 02:26:40.613|DEBUG|ArtifactScraper|Parsing artifact substat: atk+4.7%(unactivated)
2026-09-29 02:26:40.811|DEBUG|ArtifactScraper|Parsing artifact substat: elementalmastery+16
2026-09-29 02:26:40.811|DEBUG|ArtifactScraper|Parsing artifact substat: atk+18
2026-09-29 02:26:40.811|DEBUG|ArtifactScraper|Parsing artifact substat: critrate+3.1%
2026-09-29 02:26:40.811|DEBUG|ArtifactScraper|Parsing artifact substat: def+23(unactivated)
2026-09-29 02:26:40.854|DEBUG|ArtifactScraper|Parsing artifact substat: elementalmastery+21
2026-09-29 02:26:40.854|DEBUG|ArtifactScraper|Parsing artifact substat: hp+299
2026-09-29 02:26:40.854|DEBUG|ArtifactScraper|Parsing artifact substat: critrate+3.9%
2026-09-29 02:26:40.854|DEBUG|ArtifactScraper|Parsing artifact substat: energyrecharge+6.5%
2026-09-29 02:26:41.255|DEBUG|ArtifactScraper|Parsing artifact substat: energyrecharge+5.8%
2026-09-29 02:26:41.255|DEBUG|ArtifactScraper|Parsing artifact substat: hp+269
2026-09-29 02:26:41.255|DEBUG|ArtifactScraper|Parsing artifact substat: def+19
2026-09-29 02:26:41.255|DEBUG|ArtifactScraper|Parsing artifact substat: atk+4.7%(unactivated)
2026-09-29 02:26:41.398|DEBUG|ArtifactScraper|Parsing artifact substat: def+7.3%
2026-09-29 02:26:41.398|DEBUG|ArtifactScraper|Parsing artifact substat: hp+269
2026-09-29 02:26:41.398|DEBUG|ArtifactScraper|Parsing artifact substat: def+16
2026-09-29 02:26:41.398|DEBUG|ArtifactScraper|Parsing artifact substat: critdmg+7.8%(unactivated)
2026-09-29 02:26:41.477|DEBUG|ArtifactScraper|Parsing artifact substat: def+19
2026-09-29 02:26:41.477|DEBUG|ArtifactScraper|Parsing artifact substat: def+5.8%
2026-09-29 02:26:41.477|DEBUG|ArtifactScraper|Parsing artifact substat: critdmg+5.4%
2026-09-29 02:26:41.477|DEBUG|ArtifactScraper|Parsing artifact substat: hp+5.8%(unactivated)
2026-09-29 02:26:41.822|DEBUG|ArtifactScraper|Parsing artifact substat: atk+19
2026-09-29 02:26:41.822|DEBUG|ArtifactScraper|Parsing artifact substat: hp+209
2026-09-29 02:26:41.822|DEBUG|ArtifactScraper|Parsing artifact substat: atk+4.7%
2026-09-29 02:26:41.822|DEBUG|ArtifactScraper|Parsing artifact substat: def+23(unactivated)
2026-09-29 02:26:41.996|DEBUG|ArtifactScraper|Parsing artifact substat: hp+4.1%
2026-09-29 02:26:41.996|DEBUG|ArtifactScraper|Parsing artifact substat: def+21
2026-09-29 02:26:41.996|DEBUG|ArtifactScraper|Parsing artifact substat: critrate+2.7%
2026-09-29 02:26:41.996|DEBUG|ArtifactScraper|Parsing artifact substat: atk+5.3%(unactivated)
2026-09-29 02:26:42.010|DEBUG|ArtifactScraper|Parsing artifact substat: def+7.3%
2026-09-29 02:26:42.010|DEBUG|ArtifactScraper|Parsing artifact substat: def+23
2026-09-29 02:26:42.010|DEBUG|ArtifactScraper|Parsing artifact substat: hp+299
2026-09-29 02:26:42.010|DEBUG|ArtifactScraper|Parsing artifact substat: hp+5.8%
2026-09-29 02:26:42.508|DEBUG|ArtifactScraper|Parsing artifact substat: def+7.3%
2026-09-29 02:26:42.508|DEBUG|ArtifactScraper|Parsing artifact substat: energyrecharge+4.5%
2026-09-29 02:26:42.508|DEBUG|ArtifactScraper|Parsing artifact substat: hp+269
2026-09-29 02:26:42.508|DEBUG|ArtifactScraper|Parsing artifact substat: atk+19
2026-09-29 02:26:42.670|DEBUG|ArtifactScraper|Parsing artifact substat: atk+16
2026-09-29 02:26:42.670|DEBUG|ArtifactScraper|Parsing artifact substat: hp+269
2026-09-29 02:26:42.670|DEBUG|ArtifactScraper|Parsing artifact substat: def+19
2026-09-29 02:26:42.670|DEBUG|ArtifactScraper|Parsing artifact substat: def+5.8%
2026-09-29 02:26:42.707|DEBUG|ArtifactScraper|Parsing artifact substat: hp+4.7%
2026-09-29 02:26:42.707|DEBUG|ArtifactScraper|Parsing artifact substat: elementalmastery+19
2026-09-29 02:26:42.707|DEBUG|ArtifactScraper|Parsing artifact substat: energyrecharge+6.5%
2026-09-29 02:26:42.707|DEBUG|ArtifactScraper|Parsing artifact substat: hp+299(unactivated)
2026-09-29 02:26:43.160|DEBUG|ArtifactScraper|Parsing artifact substat: hp+239
2026-09-29 02:26:43.160|DEBUG|ArtifactScraper|Parsing artifact substat: atk+18
2026-09-29 02:26:43.160|DEBUG|ArtifactScraper|Parsing artifact substat: atk+4.7%
2026-09-29 02:26:43.160|DEBUG|ArtifactScraper|Parsing artifact substat: def+6.6%(unactivated)
2026-09-29 02:26:43.286|DEBUG|ArtifactScraper|Parsing artifact substat: def+23
2026-09-29 02:26:43.286|DEBUG|ArtifactScraper|Parsing artifact substat: hp+299
2026-09-29 02:26:43.286|DEBUG|ArtifactScraper|Parsing artifact substat: hp+5.8%
2026-09-29 02:26:43.286|DEBUG|ArtifactScraper|Parsing artifact substat: atk+5.3%(unactivated)
2026-09-29 02:26:43.286|DEBUG|ArtifactScraper|Parsing artifact substat: def+23
2026-09-29 02:26:43.286|DEBUG|ArtifactScraper|Parsing artifact substat: elementalmastery+16
2026-09-29 02:26:43.286|DEBUG|ArtifactScraper|Parsing artifact substat: critrate+3.5%
2026-09-29 02:26:43.286|DEBUG|ArtifactScraper|Parsing artifact substat: energyrecharge+4.5%
2026-09-29 02:26:43.332|DEBUG|ArtifactScraper|Finished queuing page of artifacts. Scrolling...
2026-09-29 02:26:43.786|DEBUG|ArtifactScraper|Parsing artifact substat: critdmg+5.4%
2026-09-29 02:26:43.786|DEBUG|ArtifactScraper|Parsing artifact substat: critrate+3.9%
2026-09-29 02:26:43.786|DEBUG|ArtifactScraper|Parsing artifact substat: atk+19
2026-09-29 02:26:43.786|DEBUG|ArtifactScraper|Parsing artifact substat: atk+4.7%(unactivated)
2026-09-29 02:26:43.903|DEBUG|ArtifactScraper|Parsing artifact substat: def+5.1%
2026-09-29 02:26:43.903|DEBUG|ArtifactScraper|Parsing artifact substat: atk+18
2026-09-29 02:26:43.903|DEBUG|ArtifactScraper|Parsing artifact substat: def+21
2026-09-29 02:26:43.903|DEBUG|ArtifactScraper|Parsing artifact substat: hp+299(unactivated)
2026-09-29 02:26:43.936|DEBUG|ArtifactScraper|Parsing artifact substat: energyrecharge+5.2%
2026-09-29 02:26:43.936|DEBUG|ArtifactScraper|Parsing artifact substat: atk+19
2026-09-29 02:26:43.936|DEBUG|ArtifactScraper|Parsing artifact substat: def+19
2026-09-29 02:26:43.937|DEBUG|ArtifactScraper|Parsing artifact substat: hp+209(unactivated)
2026-09-29 02:26:44.395|DEBUG|ArtifactScraper|Parsing artifact substat: energyrecharge+5.8%
2026-09-29 02:26:44.395|DEBUG|ArtifactScraper|Parsing artifact substat: atk+16
2026-09-29 02:26:44.395|DEBUG|ArtifactScraper|Parsing artifact substat: hp+4.7%
2026-09-29 02:26:44.395|DEBUG|ArtifactScraper|Parsing artifact substat: atk+4.7%(unactivated)
2026-09-29 02:26:44.558|DEBUG|ArtifactScraper|Parsing artifact substat: elementalmastery+23
2026-09-29 02:26:44.558|DEBUG|ArtifactScraper|Parsing artifact substat: energyrecharge+5.8%
2026-09-29 02:26:44.558|DEBUG|ArtifactScraper|Parsing artifact substat: critdmg+7.8%
2026-09-29 02:26:44.558|DEBUG|ArtifactScraper|Parsing artifact substat: hp+4.7%(unactivated)
2026-09-29 02:26:46.637|DEBUG|ArtifactScraper|Scanning artifact page 60
2026-09-29 02:26:46.637|DEBUG|ArtifactScraper|Located 32 possible item locations on page.
2026-09-29 02:26:47.323|DEBUG|ArtifactScraper|Parsing artifact substat: elementalmastery+21
2026-09-29 02:26:47.323|DEBUG|ArtifactScraper|Parsing artifact substat: def+23
2026-09-29 02:26:47.323|DEBUG|ArtifactScraper|Parsing artifact substat: hp+299
2026-09-29 02:26:47.323|DEBUG|ArtifactScraper|Parsing artifact substat: critdmg+5.4%(unactivated)
2026-09-29 02:26:47.398|DEBUG|ArtifactScraper|Parsing artifact substat: def+21
2026-09-29 02:26:47.398|DEBUG|ArtifactScraper|Parsing artifact substat: critrate+3.9%
2026-09-29 02:26:47.398|DEBUG|ArtifactScraper|Parsing artifact substat: atk+14
2026-09-29 02:26:47.398|DEBUG|ArtifactScraper|Parsing artifact substat: hp+5.8%(unactivated)
2026-09-29 02:26:47.929|DEBUG|ArtifactScraper|Parsing artifact substat: hp+4.7%
2026-09-29 02:26:47.929|DEBUG|ArtifactScraper|Parsing artifact substat: critdmg+7.8%
2026-09-29 02:26:47.929|DEBUG|ArtifactScraper|Parsing artifact substat: def+5.8%
2026-09-29 02:26:47.929|DEBUG|ArtifactScraper|Parsing artifact substat: hp+299(unactivated)
2026-09-29 02:26:47.955|DEBUG|ArtifactScraper|Parsing artifact substat: critrate+3.5%
2026-09-29 02:26:47.955|DEBUG|ArtifactScraper|Parsing artifact substat: energyrecharge+5.8%
2026-09-29 02:26:47.955|DEBUG|ArtifactScraper|Parsing artifact substat: elementalmastery+21
2026-09-29 02:26:47.955|DEBUG|ArtifactScraper|Parsing artifact substat: def+7.3%(unactivated)
2026-09-29 02:26:48.429|DEBUG|ArtifactScraper|Parsing artifact substat: hp+299
2026-09-29 02:26:48.429|DEBUG|ArtifactScraper|Parsing artifact substat: elementalmastery+19
2026-09-29 02:26:48.429|DEBUG|ArtifactScraper|Parsing artifact substat: critdmg+7.8%
2026-09-29 02:26:48.429|DEBUG|ArtifactScraper|Parsing artifact substat: atk+18(unactivated)
2026-09-29 02:26:48.596|DEBUG|ArtifactScraper|Parsing artifact substat: critdmg+6.2%
2026-09-29 02:26:48.596|DEBUG|ArtifactScraper|Parsing artifact substat: hp+269
2026-09-29 02:26:48.596|DEBUG|ArtifactScraper|Parsing artifact substat: def+6.6%
2026-09-29 02:26:48.596|DEBUG|ArtifactScraper|Parsing artifact substat: critrate+2.7%(unactivated)
2026-09-29 02:26:48.631|DEBUG|ArtifactScraper|Parsing artifact substat: def+6.6%
2026-09-29 02:26:48.631|DEBUG|ArtifactScraper|Parsing artifact substat: def+23
2026-09-29 02:26:48.631|DEBUG|ArtifactScraper|Parsing artifact substat: critrate+3.9%
2026-09-29 02:26:48.631|DEBUG|ArtifactScraper|Parsing artifact substat: hp+269(unactivated)
2026-09-29 02:26:49.056|DEBUG|ArtifactScraper|Parsing artifact substat: energyrecharge+4.5%
2026-09-29 02:26:49.056|DEBUG|ArtifactScraper|Parsing artifact substat: def+7.3%
2026-09-29 02:26:49.056|DEBUG|ArtifactScraper|Parsing artifact substat: atk+5.3%
2026-09-29 02:26:49.056|DEBUG|ArtifactScraper|Parsing artifact substat: def+19(unactivated)
2026-09-29 02:26:49.248|DEBUG|ArtifactScraper|Parsing artifact substat: def+21
2026-09-29 02:26:49.248|DEBUG|ArtifactScraper|Parsing artifact substat: elementalmastery+16
2026-09-29 02:26:49.248|DEBUG|ArtifactScraper|Parsing artifact substat: energyrecharge+6.5%
2026-09-29 02:26:49.248|DEBUG|ArtifactScraper|Parsing artifact substat: hp+5.8%(unactivated)
2026-09-29 02:26:49.304|DEBUG|ArtifactScraper|Parsing artifact substat: atk+14
2026-09-29 02:26:49.304|DEBUG|ArtifactScraper|Parsing artifact substat: def+21
2026-09-29 02:26:49.304|DEBUG|ArtifactScraper|Parsing artifact substat: elementalmastery+19
2026-09-29 02:26:49.304|DEBUG|ArtifactScraper|Parsing artifact substat: def+7.3%(unactivated)
2026-09-29 02:26:49.712|DEBUG|ArtifactScraper|Parsing artifact substat: def+21
2026-09-29 02:26:49.712|DEBUG|ArtifactScraper|Parsing artifact substat: energyrecharge+4.5%
2026-09-29 02:26:49.712|DEBUG|ArtifactScraper|Parsing artifact substat: atk+19
2026-09-29 02:26:49.712|DEBUG|ArtifactScraper|Parsing artifact substat: def+5.8%(unactivated)
2026-09-29 02:26:49.885|DEBUG|ArtifactScraper|Parsing artifact substat: critdmg+7.0%
2026-09-29 02:26:49.885|DEBUG|ArtifactScraper|Parsing artifact substat: elementalmastery+19
2026-09-29 02:26:49.885|DEBUG|ArtifactScraper|Parsing artifact substat: atk+4.1%
2026-09-29 02:26:49.885|DEBUG|ArtifactScraper|Parsing artifact substat: def+23(unactivated)
2026-09-29 02:26:49.929|DEBUG|ArtifactScraper|Parsing artifact substat: def+16
2026-09-29 02:26:49.929|DEBUG|ArtifactScraper|Parsing artifact substat: critdmg+6.2%
2026-09-29 02:26:49.929|DEBUG|ArtifactScraper|Parsing artifact substat: hp+239
2026-09-29 02:26:49.929|DEBUG|ArtifactScraper|Parsing artifact substat: atk+5.8%(unactivated)
2026-09-29 02:26:50.392|DEBUG|ArtifactScraper|Parsing artifact substat: critdmg+6.2%
2026-09-29 02:26:50.392|DEBUG|ArtifactScraper|Parsing artifact substat: atk+4.1%
2026-09-29 02:26:50.392|DEBUG|ArtifactScraper|Parsing artifact substat: def+19
2026-09-29 02:26:50.392|DEBUG|ArtifactScraper|Parsing artifact substat: def+5.1%(unactivated)
2026-09-29 02:26:50.583|DEBUG|ArtifactScraper|Parsing artifact substat: elementalmastery+23
2026-09-29 02:26:50.583|DEBUG|ArtifactScraper|Parsing artifact substat: atk+4.1%
2026-09-29 02:26:50.583|DEBUG|ArtifactScraper|Parsing artifact substat: critrate+2.7%
2026-09-29 02:26:50.583|DEBUG|ArtifactScraper|Parsing artifact substat: critdmg+5.4%(unactivated)
2026-09-29 02:26:50.640|DEBUG|ArtifactScraper|Parsing artifact substat: critdmg+5.4%
2026-09-29 02:26:50.640|DEBUG|ArtifactScraper|Parsing artifact substat: critrate+3.9%
2026-09-29 02:26:50.640|DEBUG|ArtifactScraper|Parsing artifact substat: elementalmastery+21
2026-09-29 02:26:50.640|DEBUG|ArtifactScraper|Parsing artifact substat: hp+4.7%(unactivated)
2026-09-29 02:26:51.014|DEBUG|ArtifactScraper|Parsing artifact substat: energyrecharge+5.2%
2026-09-29 02:26:51.015|DEBUG|ArtifactScraper|Parsing artifact substat: elementalmastery+23
2026-09-29 02:26:51.015|DEBUG|ArtifactScraper|Parsing artifact substat: atk+5.3%
2026-09-29 02:26:51.015|DEBUG|ArtifactScraper|Parsing artifact substat: hp+269
2026-09-29 02:26:51.185|DEBUG|ArtifactScraper|Parsing artifact substat: hp+299
2026-09-29 02:26:51.185|DEBUG|ArtifactScraper|Parsing artifact substat: def+5.8%
2026-09-29 02:26:51.185|DEBUG|ArtifactScraper|Parsing artifact substat: energyrecharge+5.2%
2026-09-29 02:26:51.185|DEBUG|ArtifactScraper|Parsing artifact substat: critrate+3.5%
2026-09-29 02:26:51.308|DEBUG|ArtifactScraper|Parsing artifact substat: elementalmastery+23
2026-09-29 02:26:51.308|DEBUG|ArtifactScraper|Parsing artifact substat: critdmg+5.4%
2026-09-29 02:26:51.308|DEBUG|ArtifactScraper|Parsing artifact substat: energyrecharge+6.5%
2026-09-29 02:26:51.308|DEBUG|ArtifactScraper|Parsing artifact substat: hp+5.8%
2026-09-29 02:26:51.693|DEBUG|ArtifactScraper|Parsing artifact substat: def+7.3%
2026-09-29 02:26:51.693|DEBUG|ArtifactScraper|Parsing artifact substat: hp+299
2026-09-29 02:26:51.693|DEBUG|ArtifactScraper|Parsing artifact substat: energyrecharge+4.5%
2026-09-29 02:26:51.693|DEBUG|ArtifactScraper|Parsing artifact substat: elementalmastery+21
2026-09-29 02:26:51.865|DEBUG|ArtifactScraper|Parsing artifact substat: def+19
2026-09-29 02:26:51.865|DEBUG|ArtifactScraper|Parsing artifact substat: hp+4.1%
2026-09-29 02:26:51.865|DEBUG|ArtifactScraper|Parsing artifact substat: atk+4.1%
2026-09-29 02:26:51.865|DEBUG|ArtifactScraper|Parsing artifact substat: elementalmastery+21
2026-09-29 02:26:52.018|DEBUG|ArtifactScraper|Parsing artifact substat: hp+209
2026-09-29 02:26:52.018|DEBUG|ArtifactScraper|Parsing artifact substat: atk+5.3%
2026-09-29 02:26:52.018|DEBUG|ArtifactScraper|Parsing artifact substat: elementalmastery+21
2026-09-29 02:26:52.018|DEBUG|ArtifactScraper|Parsing artifact substat: def+6.6%(unactivated)
2026-09-29 02:26:52.334|DEBUG|ArtifactScraper|Parsing artifact substat: def+5.8%
2026-09-29 02:26:52.334|DEBUG|ArtifactScraper|Parsing artifact substat: atk+4.7%
2026-09-29 02:26:52.334|DEBUG|ArtifactScraper|Parsing artifact substat: def+23
2026-09-29 02:26:52.334|DEBUG|ArtifactScraper|Parsing artifact substat: hp+239(unactivated)
2026-09-29 02:26:52.494|DEBUG|ArtifactScraper|Parsing artifact substat: energyrecharge+5.8%
2026-09-29 02:26:52.494|DEBUG|ArtifactScraper|Parsing artifact substat: atk+14
2026-09-29 02:26:52.494|DEBUG|ArtifactScraper|Parsing artifact substat: hp+209
2026-09-29 02:26:52.494|DEBUG|ArtifactScraper|Parsing artifact substat: atk+5.3%
2026-09-29 02:26:52.567|DEBUG|ArtifactScraper|Finished queuing page of artifacts. Scrolling...
2026-09-29 02:26:52.567|DEBUG|ArtifactScraper|Parsing artifact substat: critdmg+7.0%
2026-09-29 02:26:52.567|DEBUG|ArtifactScraper|Parsing artifact substat: atk+14
2026-09-29 02:26:52.567|DEBUG|ArtifactScraper|Parsing artifact substat: hp+269
2026-09-29 02:26:52.567|DEBUG|ArtifactScraper|Parsing artifact substat: elementalmastery+23
2026-09-29 02:26:52.918|DEBUG|ArtifactScraper|Parsing artifact substat: atk+14
2026-09-29 02:26:52.918|DEBUG|ArtifactScraper|Parsing artifact substat: atk+5.8%
2026-09-29 02:26:52.918|DEBUG|ArtifactScraper|Parsing artifact substat: elementalmastery+16
2026-09-29 02:26:52.918|DEBUG|ArtifactScraper|Parsing artifact substat: hp+5.3%(unactivated)
2026-09-29 02:26:53.053|DEBUG|ArtifactScraper|Parsing artifact substat: hp+5.3%
2026-09-29 02:26:53.053|DEBUG|ArtifactScraper|Parsing artifact substat: def+19
2026-09-29 02:26:53.053|DEBUG|ArtifactScraper|Parsing artifact substat: hp+239
2026-09-29 02:26:53.053|DEBUG|ArtifactScraper|Parsing artifact substat: critdmg+6.2%(unactivated)
2026-09-29 02:26:53.173|DEBUG|ArtifactScraper|Scrolled back one
2026-09-29 02:26:53.190|DEBUG|ArtifactScraper|Parsing artifact substat: atk+14
2026-09-29 02:26:53.190|DEBUG|ArtifactScraper|Parsing artifact substat: critrate+3.9%
2026-09-29 02:26:53.190|DEBUG|ArtifactScraper|Parsing artifact substat: elementalmastery+23
2026-09-29 02:26:53.190|DEBUG|ArtifactScraper|Parsing artifact substat: hp+5.8%(unactivated)
2026-09-29 02:26:53.491|DEBUG|ArtifactScraper|Parsing artifact substat: atk+19
2026-09-29 02:26:53.491|DEBUG|ArtifactScraper|Parsing artifact substat: def+5.8%
2026-09-29 02:26:53.491|DEBUG|ArtifactScraper|Parsing artifact substat: energyrecharge+6.5%
2026-09-29 02:26:53.491|DEBUG|ArtifactScraper|Parsing artifact substat: atk+5.3%(unactivated)
2026-09-29 02:26:53.580|DEBUG|ArtifactScraper|Parsing artifact substat: hp+299
2026-09-29 02:26:53.580|DEBUG|ArtifactScraper|Parsing artifact substat: hp+5.3%
2026-09-29 02:26:53.580|DEBUG|ArtifactScraper|Parsing artifact substat: atk+18
2026-09-29 02:26:53.580|DEBUG|ArtifactScraper|Parsing artifact substat: def+5.8%(unactivated)
2026-09-29 02:26:53.728|DEBUG|ArtifactScraper|Parsing artifact substat: critrate+2.7%
2026-09-29 02:26:53.728|DEBUG|ArtifactScraper|Parsing artifact substat: energyrecharge+6.5%
2026-09-29 02:26:53.728|DEBUG|ArtifactScraper|Parsing artifact substat: atk+19
2026-09-29 02:26:53.728|DEBUG|ArtifactScraper|Parsing artifact substat: hp+5.3%(unactivated)
2026-09-29 02:26:53.947|DEBUG|ArtifactScraper|Parsing artifact substat: critdmg+6.2%
2026-09-29 02:26:53.947|DEBUG|ArtifactScraper|Parsing artifact substat: def+5.1%
2026-09-29 02:26:53.947|DEBUG|ArtifactScraper|Parsing artifact substat: hp+5.8%
2026-09-29 02:26:53.947|DEBUG|ArtifactScraper|Parsing artifact substat: atk+14(unactivated)
2026-09-29 02:26:55.594|DEBUG|ArtifactScraper|Scanning artifact page 61
2026-09-29 02:26:55.594|DEBUG|ArtifactScraper|Located 32 possible item locations on page.
2026-09-29 02:26:56.148|DEBUG|ArtifactScraper|Parsing artifact substat: atk+14
2026-09-29 02:26:56.148|DEBUG|ArtifactScraper|Parsing artifact substat: critrate+3.9%
2026-09-29 02:26:56.148|DEBUG|ArtifactScraper|Parsing artifact substat: elementalmastery+19
2026-09-29 02:26:56.148|DEBUG|ArtifactScraper|Parsing artifact substat: def+19
2026-09-29 02:26:56.349|DEBUG|ArtifactScraper|Parsing artifact substat: def+19
2026-09-29 02:26:56.349|DEBUG|ArtifactScraper|Parsing artifact substat: hp+239
2026-09-29 02:26:56.349|DEBUG|ArtifactScraper|Parsing artifact substat: elementalmastery+19
2026-09-29 02:26:56.349|DEBUG|ArtifactScraper|Parsing artifact substat: energyrecharge+4.5%
2026-09-29 02:26:56.559|DEBUG|ArtifactScraper|Parsing artifact substat: atk+4.7%
2026-09-29 02:26:56.559|DEBUG|ArtifactScraper|Parsing artifact substat: energyrecharge+4.5%
2026-09-29 02:26:56.559|DEBUG|ArtifactScraper|Parsing artifact substat: hp+209
2026-09-29 02:26:56.559|DEBUG|ArtifactScraper|Parsing artifact substat: critdmg+6.2%(unactivated)
2026-09-29 02:26:56.851|DEBUG|ArtifactScraper|Parsing artifact substat: energyrecharge+6.5%
2026-09-29 02:26:56.851|DEBUG|ArtifactScraper|Parsing artifact substat: hp+269
2026-09-29 02:26:56.851|DEBUG|ArtifactScraper|Parsing artifact substat: atk+18
2026-09-29 02:26:56.851|DEBUG|ArtifactScraper|Parsing artifact substat: hp+5.3%(unactivated)
2026-09-29 02:26:56.983|DEBUG|ArtifactScraper|Parsing artifact substat: energyrecharge+4.5%
2026-09-29 02:26:56.984|DEBUG|ArtifactScraper|Parsing artifact substat: hp+5.8%
2026-09-29 02:26:56.984|DEBUG|ArtifactScraper|Parsing artifact substat: critdmg+7.0%
2026-09-29 02:26:56.984|DEBUG|ArtifactScraper|Parsing artifact substat: def+19(unactivated)
2026-09-29 02:26:57.111|DEBUG|ArtifactScraper|Parsing artifact substat: atk+16
2026-09-29 02:26:57.111|DEBUG|ArtifactScraper|Parsing artifact substat: hp+5.3%
2026-09-29 02:26:57.111|DEBUG|ArtifactScraper|Parsing artifact substat: critrate+3.1%
2026-09-29 02:26:57.111|DEBUG|ArtifactScraper|Parsing artifact substat: hp+269(unactivated)
2026-09-29 02:26:57.350|DEBUG|ArtifactScraper|Parsing artifact substat: hp+4.1%
2026-09-29 02:26:57.350|DEBUG|ArtifactScraper|Parsing artifact substat: hp+269
2026-09-29 02:26:57.350|DEBUG|ArtifactScraper|Parsing artifact substat: critdmg+5.4%
2026-09-29 02:26:57.350|DEBUG|ArtifactScraper|Parsing artifact substat: def+21(unactivated)
2026-09-29 02:26:57.501|DEBUG|ArtifactScraper|Parsing artifact substat: critrate+2.7%
2026-09-29 02:26:57.501|DEBUG|ArtifactScraper|Parsing artifact substat: hp+4.1%
2026-09-29 02:26:57.501|DEBUG|ArtifactScraper|Parsing artifact substat: energyrecharge+6.5%
2026-09-29 02:26:57.501|DEBUG|ArtifactScraper|Parsing artifact substat: atk+18
2026-09-29 02:26:57.995|DEBUG|ArtifactScraper|Parsing artifact substat: def+19
2026-09-29 02:26:57.995|DEBUG|ArtifactScraper|Parsing artifact substat: critrate+2.7%
2026-09-29 02:26:57.995|DEBUG|ArtifactScraper|Parsing artifact substat: hp+239
2026-09-29 02:26:57.995|DEBUG|ArtifactScraper|Parsing artifact substat: atk+18
2026-09-29 02:26:58.086|DEBUG|ArtifactScraper|Parsing artifact substat: critdmg+6.2%
2026-09-29 02:26:58.086|DEBUG|ArtifactScraper|Parsing artifact substat: critrate+3.9%
2026-09-29 02:26:58.086|DEBUG|ArtifactScraper|Parsing artifact substat: atk+18
2026-09-29 02:26:58.086|DEBUG|ArtifactScraper|Parsing artifact substat: hp+209(unactivated)
2026-09-29 02:26:58.182|DEBUG|ArtifactScraper|Parsing artifact substat: atk+12
2026-09-29 02:26:58.182|DEBUG|ArtifactScraper|Parsing artifact substat: def+19
2026-09-29 02:26:58.582|DEBUG|ArtifactScraper|Parsing artifact substat: def+15
2026-09-29 02:26:58.582|DEBUG|ArtifactScraper|Parsing artifact substat: def+5.8%
2026-09-29 02:26:58.674|DEBUG|ArtifactScraper|Parsing artifact substat: critdmg+4.4%
2026-09-29 02:26:58.674|DEBUG|ArtifactScraper|Parsing artifact substat: hp+3.7%
2026-09-29 02:26:58.731|DEBUG|ArtifactScraper|Parsing artifact substat: hp+215
2026-09-29 02:26:58.731|DEBUG|ArtifactScraper|Parsing artifact substat: critrate+3.1%
2026-09-29 02:26:59.149|DEBUG|ArtifactScraper|Parsing artifact substat: def+15
2026-09-29 02:26:59.149|DEBUG|ArtifactScraper|Parsing artifact substat: elementalmastery+19
2026-09-29 02:26:59.241|DEBUG|ArtifactScraper|Parsing artifact substat: def+4.1%
2026-09-29 02:26:59.241|DEBUG|ArtifactScraper|Parsing artifact substat: atk+11
2026-09-29 02:26:59.288|DEBUG|ArtifactScraper|Parsing artifact substat: def+17
2026-09-29 02:26:59.288|DEBUG|ArtifactScraper|Parsing artifact substat: hp+215
2026-09-29 02:26:59.734|DEBUG|ArtifactScraper|Parsing artifact substat: critrate+3.1%
2026-09-29 02:26:59.735|DEBUG|ArtifactScraper|Parsing artifact substat: energyrecharge+5.2%
2026-09-29 02:26:59.779|DEBUG|ArtifactScraper|Parsing artifact substat: hp+215
2026-09-29 02:26:59.779|DEBUG|ArtifactScraper|Parsing artifact substat: def+5.8%
2026-09-29 02:26:59.835|DEBUG|ArtifactScraper|Parsing artifact substat: critrate+2.5%
2026-09-29 02:26:59.835|DEBUG|ArtifactScraper|Parsing artifact substat: atk+4.7%
2026-09-29 02:27:00.283|DEBUG|ArtifactScraper|Parsing artifact substat: def+13
2026-09-29 02:27:00.283|DEBUG|ArtifactScraper|Parsing artifact substat: hp+191
2026-09-29 02:27:00.298|DEBUG|ArtifactScraper|Parsing artifact substat: critrate+2.8%
2026-09-29 02:27:00.298|DEBUG|ArtifactScraper|Parsing artifact substat: critdmg+5.0%
2026-09-29 02:27:00.298|DEBUG|ArtifactScraper|Parsing artifact substat: hp+3.3%
2026-09-29 02:27:00.381|DEBUG|ArtifactScraper|Parsing artifact substat: atk+2.8%
2026-09-29 02:27:00.836|DEBUG|ArtifactScraper|Parsing artifact substat: def+11
2026-09-29 02:27:00.836|DEBUG|ArtifactScraper|Parsing artifact substat: def+3.5%
2026-09-29 02:27:00.836|DEBUG|ArtifactScraper|Parsing artifact substat: def+10
2026-09-29 02:27:00.920|DEBUG|ArtifactScraper|Parsing artifact substat: elementalmastery+14
2026-09-29 02:27:00.920|DEBUG|ArtifactScraper|Parsing artifact substat: hp+115
2026-09-29 02:27:01.445|DEBUG|ArtifactScraper|Finished queuing page of artifacts. Scrolling...
2026-09-29 02:27:01.453|DEBUG|ArtifactScraper|Parsing artifact substat: atk+2.8%
2026-09-29 02:27:01.518|DEBUG|ArtifactScraper|Parsing artifact substat: hp+129
2026-09-29 02:27:01.518|DEBUG|ArtifactScraper|Parsing artifact substat: def+9
2026-09-29 02:27:01.558|DEBUG|ArtifactScraper|Parsing artifact substat: energyrecharge+2.7%
2026-09-29 02:27:02.066|DEBUG|ArtifactScraper|Parsing artifact substat: critrate+2.3%
2026-09-29 02:27:02.091|DEBUG|ArtifactScraper|Parsing artifact substat: hp+129
2026-09-29 02:27:02.099|DEBUG|ArtifactScraper|Parsing artifact substat: def+8
2026-09-29 02:27:04.034|DEBUG|ArtifactScraper|Scanning artifact page 62
2026-09-29 02:27:04.034|DEBUG|ArtifactScraper|Located 32 possible item locations on page.
2026-09-29 02:27:04.579|DEBUG|ArtifactScraper|Parsing artifact substat: def+3.9%
2026-09-29 02:27:04.878|DEBUG|ArtifactScraper|Parsing artifact substat: def+3.1%
2026-09-29 02:27:04.878|DEBUG|ArtifactScraper|Parsing artifact substat: atk+3.2%
2026-09-29 02:27:05.091|DEBUG|ArtifactScraper|Parsing artifact substat: def+3.9%
2026-09-29 02:27:05.237|DEBUG|ArtifactScraper|Parsing artifact substat: critdmg+3.3%
2026-09-29 02:27:05.394|DEBUG|ArtifactScraper|Parsing artifact substat: def+11
2026-09-29 02:27:05.394|DEBUG|ArtifactScraper|Parsing artifact substat: critrate+2.1%
2026-09-29 02:27:05.598|DEBUG|ArtifactScraper|Parsing artifact substat: elementalmastery+11
2026-09-29 02:27:05.598|DEBUG|ArtifactScraper|Parsing artifact substat: critrate+2.1%
2026-09-29 02:27:05.969|DEBUG|ArtifactScraper|Parsing artifact substat: critrate+2.1%
2026-09-29 02:27:06.001|DEBUG|ArtifactScraper|Parsing artifact substat: atk+2.8%
2026-09-29 02:27:06.001|DEBUG|ArtifactScraper|Parsing artifact substat: def+8
2026-09-29 02:27:06.424|DEBUG|ArtifactScraper|Parsing artifact substat: def+8
2026-09-29 02:27:06.424|DEBUG|ArtifactScraper|Parsing artifact substat: elementalmastery+13
2026-09-29 02:27:06.524|DEBUG|ArtifactScraper|Parsing artifact substat: hp+3.2%
2026-09-29 02:27:06.569|DEBUG|ArtifactScraper|Parsing artifact substat: def+4.4%
2026-09-29 02:27:06.766|INFO|ArtifactScraper|Stopping artifact scan based on scans queued (1967 of 1967)
2026-09-29 02:27:07.062|DEBUG|ArtifactScraper|Parsing artifact substat: hp+2.5%
2026-09-29 02:27:08.791|INFO|InventoryKamera|Done scanning artifacts
2026-09-29 02:27:08.791|INFO|InventoryKamera|Scanning characters...
2026-09-29 02:27:08.870|DEBUG|InventoryKamera|Thread 11 exit
2026-09-29 02:27:08.963|DEBUG|InventoryKamera|Thread 3 exit
2026-09-29 02:27:08.978|DEBUG|InventoryKamera|Thread 6 exit
2026-09-29 02:27:13.055|DEBUG|CharacterScraper|Scanned character name as Sandrone with element Cryo
2026-09-29 02:27:13.133|DEBUG|CharacterScraper|Scanned character level as Level 90 / 90
2026-09-29 02:27:13.133|DEBUG|CharacterScraper|Filtered scanned text to 90/90
2026-09-29 02:27:13.133|DEBUG|CharacterScraper|Parsed character level as 90
2026-09-29 02:27:13.140|INFO|CharacterScraper|Sandrone Level: 90
2026-09-29 02:27:13.140|INFO|CharacterScraper|Sandrone Ascended: False
2026-09-29 02:27:14.778|INFO|CharacterScraper|Sandrone Constellation: 0
2026-09-29 02:27:17.353|INFO|CharacterScraper|Sandrone Talents: {auto=10, skill=7, burst=8}
2026-09-29 02:27:17.621|INFO|CharacterScraper|Scanned Sandrone successfully
2026-09-29 02:27:19.159|DEBUG|CharacterScraper|Scanned character name as Odette with element Cryo
2026-09-29 02:27:19.202|DEBUG|CharacterScraper|Scanned character level as Level 90 / 90)
2026-09-29 02:27:19.202|DEBUG|CharacterScraper|Filtered scanned text to 90/90
2026-09-29 02:27:19.208|DEBUG|CharacterScraper|Parsed character level as 90
2026-09-29 02:27:19.208|INFO|CharacterScraper|Odette Level: 90
2026-09-29 02:27:19.208|INFO|CharacterScraper|Odette Ascended: False
2026-09-29 02:27:20.845|INFO|CharacterScraper|Odette Constellation: 0
2026-09-29 02:27:23.314|INFO|CharacterScraper|Odette Talents: {auto=6, skill=9, burst=8}
2026-09-29 02:27:23.576|INFO|CharacterScraper|Scanned Odette successfully
2026-09-29 02:27:25.113|DEBUG|CharacterScraper|Scanned character name as KukiShinobu with element Electro
2026-09-29 02:27:25.158|DEBUG|CharacterScraper|Scanned character level as Level 90 / 90
2026-09-29 02:27:25.158|DEBUG|CharacterScraper|Filtered scanned text to 90/90
2026-09-29 02:27:25.158|DEBUG|CharacterScraper|Parsed character level as 90
2026-09-29 02:27:25.158|INFO|CharacterScraper|KukiShinobu Level: 90
2026-09-29 02:27:25.158|INFO|CharacterScraper|KukiShinobu Ascended: False
2026-09-29 02:27:29.372|INFO|CharacterScraper|KukiShinobu Constellation: 6
2026-09-29 02:27:31.840|INFO|CharacterScraper|KukiShinobu Talents: {auto=10, skill=13, burst=13}
2026-09-29 02:27:32.095|INFO|CharacterScraper|Scanned KukiShinobu successfully
2026-09-29 02:27:33.630|DEBUG|CharacterScraper|Scanned character name as Furina with element Hydro
2026-09-29 02:27:33.685|DEBUG|CharacterScraper|Scanned character level as Level 90 / 90
2026-09-29 02:27:33.685|DEBUG|CharacterScraper|Filtered scanned text to 90/90
2026-09-29 02:27:33.689|DEBUG|CharacterScraper|Parsed character level as 90
2026-09-29 02:27:33.689|INFO|CharacterScraper|Furina Level: 90
2026-09-29 02:27:33.689|INFO|CharacterScraper|Furina Ascended: False
2026-09-29 02:27:35.305|INFO|CharacterScraper|Furina Constellation: 0
2026-09-29 02:27:37.779|INFO|CharacterScraper|Furina Talents: {auto=10, skill=10, burst=10}
2026-09-29 02:27:38.039|INFO|CharacterScraper|Scanned Furina successfully
2026-09-29 02:27:39.588|DEBUG|CharacterScraper|Scanned character name as Alhaitham with element Dendro
2026-09-29 02:27:39.641|DEBUG|CharacterScraper|Scanned character level as Level 90 / 90
2026-09-29 02:27:39.641|DEBUG|CharacterScraper|Filtered scanned text to 90/90
2026-09-29 02:27:39.641|DEBUG|CharacterScraper|Parsed character level as 90
2026-09-29 02:27:39.641|INFO|CharacterScraper|Alhaitham Level: 90
2026-09-29 02:27:39.641|INFO|CharacterScraper|Alhaitham Ascended: False
2026-09-29 02:27:41.787|INFO|CharacterScraper|Alhaitham Constellation: 1
2026-09-29 02:27:44.308|INFO|CharacterScraper|Alhaitham Talents: {auto=10, skill=10, burst=10}
2026-09-29 02:27:44.571|INFO|CharacterScraper|Scanned Alhaitham successfully
2026-09-29 02:27:46.128|DEBUG|CharacterScraper|Scanned character name as Xingqiu with element Hydro
2026-09-29 02:27:46.171|DEBUG|CharacterScraper|Scanned character level as Level 90 / 90
2026-09-29 02:27:46.171|DEBUG|CharacterScraper|Filtered scanned text to 90/90
2026-09-29 02:27:46.176|DEBUG|CharacterScraper|Parsed character level as 90
2026-09-29 02:27:46.176|INFO|CharacterScraper|Xingqiu Level: 90
2026-09-29 02:27:46.176|INFO|CharacterScraper|Xingqiu Ascended: False
2026-09-29 02:27:50.547|INFO|CharacterScraper|Xingqiu Constellation: 6
2026-09-29 02:27:53.109|INFO|CharacterScraper|Xingqiu Talents: {auto=10, skill=13, burst=13}
2026-09-29 02:27:53.363|INFO|CharacterScraper|Scanned Xingqiu successfully
2026-09-29 02:27:54.916|DEBUG|CharacterScraper|Scanned character name as Sucrose with element Anemo
2026-09-29 02:27:54.973|DEBUG|CharacterScraper|Scanned character level as Level 90 / 9(
2026-09-29 02:27:54.973|DEBUG|CharacterScraper|Filtered scanned text to 90/9
2026-09-29 02:27:54.973|DEBUG|CharacterScraper|Parsed character level as 90
2026-09-29 02:27:54.973|INFO|CharacterScraper|Sucrose Level: 90
2026-09-29 02:27:54.973|INFO|CharacterScraper|Sucrose Ascended: False
2026-09-29 02:27:59.390|INFO|CharacterScraper|Sucrose Constellation: 6
2026-09-29 02:28:01.921|INFO|CharacterScraper|Sucrose Talents: {auto=8, skill=10, burst=11}
2026-09-29 02:28:02.185|INFO|CharacterScraper|Scanned Sucrose successfully
2026-09-29 02:28:03.711|DEBUG|CharacterScraper|Scanned character name as Fischl with element Electro
2026-09-29 02:28:03.752|DEBUG|CharacterScraper|Scanned character level as - Level: 90 / 90
2026-09-29 02:28:03.752|DEBUG|CharacterScraper|Filtered scanned text to 90/90
2026-09-29 02:28:03.752|DEBUG|CharacterScraper|Parsed character level as 90
2026-09-29 02:28:03.752|INFO|CharacterScraper|Fischl Level: 90
2026-09-29 02:28:03.752|INFO|CharacterScraper|Fischl Ascended: False
2026-09-29 02:28:06.718|INFO|CharacterScraper|Fischl Constellation: 3
2026-09-29 02:28:09.114|INFO|CharacterScraper|Fischl Talents: {auto=8, skill=12, burst=8}
2026-09-29 02:28:09.381|INFO|CharacterScraper|Scanned Fischl successfully
2026-09-29 02:28:10.896|DEBUG|CharacterScraper|Scanned character name as Bennett with element Pyro
2026-09-29 02:28:10.951|DEBUG|CharacterScraper|Scanned character level as Level 90 / 90
2026-09-29 02:28:10.951|DEBUG|CharacterScraper|Filtered scanned text to 90/90
2026-09-29 02:28:10.955|DEBUG|CharacterScraper|Parsed character level as 90
2026-09-29 02:28:10.955|INFO|CharacterScraper|Bennett Level: 90
2026-09-29 02:28:10.955|INFO|CharacterScraper|Bennett Ascended: False
2026-09-29 02:28:15.047|INFO|CharacterScraper|Bennett Constellation: 6
2026-09-29 02:28:17.470|INFO|CharacterScraper|Bennett Talents: {auto=8, skill=12, burst=13}
2026-09-29 02:28:17.728|INFO|CharacterScraper|Scanned Bennett successfully
2026-09-29 02:28:19.302|DEBUG|CharacterScraper|Scanned character name as YumemizukiMizuki with element Anemo
2026-09-29 02:28:19.349|DEBUG|CharacterScraper|Scanned character level as Level 83 / 90) ,
2026-09-29 02:28:19.349|DEBUG|CharacterScraper|Filtered scanned text to 83/90
2026-09-29 02:28:19.349|DEBUG|CharacterScraper|Parsed character level as 83
2026-09-29 02:28:19.349|INFO|CharacterScraper|YumemizukiMizuki Level: 83
2026-09-29 02:28:19.349|INFO|CharacterScraper|YumemizukiMizuki Ascended: True
2026-09-29 02:28:21.945|INFO|CharacterScraper|YumemizukiMizuki Constellation: 2
2026-09-29 02:28:24.374|INFO|CharacterScraper|YumemizukiMizuki Talents: {auto=6, skill=8, burst=8}
2026-09-29 02:28:24.640|INFO|CharacterScraper|Scanned YumemizukiMizuki successfully
2026-09-29 02:28:26.162|DEBUG|CharacterScraper|Scanned character name as Zhongli with element Geo
2026-09-29 02:28:26.200|DEBUG|CharacterScraper|Scanned character level as Level 90 / 90
2026-09-29 02:28:26.200|DEBUG|CharacterScraper|Filtered scanned text to 90/90
2026-09-29 02:28:26.203|DEBUG|CharacterScraper|Parsed character level as 90
2026-09-29 02:28:26.203|INFO|CharacterScraper|Zhongli Level: 90
2026-09-29 02:28:26.203|INFO|CharacterScraper|Zhongli Ascended: False
2026-09-29 02:28:27.744|INFO|CharacterScraper|Zhongli Constellation: 0
2026-09-29 02:28:30.106|INFO|CharacterScraper|Zhongli Talents: {auto=8, skill=10, burst=10}
2026-09-29 02:28:30.365|INFO|CharacterScraper|Scanned Zhongli successfully
2026-09-29 02:28:31.875|DEBUG|CharacterScraper|Scanned character name as Xiao with element Anemo
2026-09-29 02:28:31.917|DEBUG|CharacterScraper|Scanned character level as Level 90 / 90
2026-09-29 02:28:31.917|DEBUG|CharacterScraper|Filtered scanned text to 90/90
2026-09-29 02:28:31.917|DEBUG|CharacterScraper|Parsed character level as 90
2026-09-29 02:28:31.917|INFO|CharacterScraper|Xiao Level: 90
2026-09-29 02:28:31.917|INFO|CharacterScraper|Xiao Ascended: False
2026-09-29 02:28:33.926|INFO|CharacterScraper|Xiao Constellation: 1
2026-09-29 02:28:36.312|INFO|CharacterScraper|Xiao Talents: {auto=10, skill=9, burst=10}
2026-09-29 02:28:36.569|INFO|CharacterScraper|Scanned Xiao successfully
2026-09-29 02:28:38.072|DEBUG|CharacterScraper|Could not parse character name/element (Atempt 1/75). Retrying...
2026-09-29 02:28:38.253|DEBUG|CharacterScraper|Could not parse character name/element (Atempt 2/75). Retrying...
2026-09-29 02:28:38.425|DEBUG|CharacterScraper|Could not parse character name/element (Atempt 3/75). Retrying...
2026-09-29 02:28:38.591|DEBUG|CharacterScraper|Could not parse character name/element (Atempt 4/75). Retrying...
2026-09-29 02:28:38.779|DEBUG|CharacterScraper|Could not parse character name/element (Atempt 5/75). Retrying...
2026-09-29 02:28:38.963|DEBUG|CharacterScraper|Could not parse character name/element (Atempt 6/75). Retrying...
2026-09-29 02:28:39.145|DEBUG|CharacterScraper|Could not parse character name/element (Atempt 7/75). Retrying...
2026-09-29 02:28:39.338|DEBUG|CharacterScraper|Could not parse character name/element (Atempt 8/75). Retrying...
2026-09-29 02:28:39.531|DEBUG|CharacterScraper|Could not parse character name/element (Atempt 9/75). Retrying...
2026-09-29 02:28:39.736|DEBUG|CharacterScraper|Could not parse character name/element (Atempt 10/75). Retrying...
2026-09-29 02:28:39.943|DEBUG|GenshinProcesor|Most similar string found for skirky as skirk (83,3333333333333%)
2026-09-29 02:28:39.943|DEBUG|CharacterScraper|Could not parse character name/element (Atempt 11/75). Retrying...
2026-09-29 02:28:40.160|DEBUG|GenshinProcesor|Most similar string found for skirkj as skirk (83,3333333333333%)
2026-09-29 02:28:40.160|DEBUG|CharacterScraper|Could not parse character name/element (Atempt 12/75). Retrying...
2026-09-29 02:28:40.369|DEBUG|CharacterScraper|Could not parse character name/element (Atempt 13/75). Retrying...
2026-09-29 02:28:40.562|DEBUG|GenshinProcesor|Most similar string found for skirkd as skirk (83,3333333333333%)
2026-09-29 02:28:40.562|DEBUG|CharacterScraper|Could not parse character name/element (Atempt 14/75). Retrying...
2026-09-29 02:28:40.745|DEBUG|CharacterScraper|Could not parse character name/element (Atempt 15/75). Retrying...
2026-09-29 02:28:40.928|DEBUG|CharacterScraper|Could not parse character name/element (Atempt 16/75). Retrying...
2026-09-29 02:28:41.110|DEBUG|CharacterScraper|Could not parse character name/element (Atempt 17/75). Retrying...
2026-09-29 02:28:41.310|DEBUG|CharacterScraper|Could not parse character name/element (Atempt 18/75). Retrying...
2026-09-29 02:28:41.522|DEBUG|GenshinProcesor|Most similar string found for skirk7 as skirk (83,3333333333333%)
2026-09-29 02:28:41.522|DEBUG|CharacterScraper|Could not parse character name/element (Atempt 19/75). Retrying...
2026-09-29 02:28:41.721|DEBUG|GenshinProcesor|Most similar string found for skirk_ as skirk (83,3333333333333%)
2026-09-29 02:28:41.721|DEBUG|CharacterScraper|Could not parse character name/element (Atempt 20/75). Retrying...
2026-09-29 02:28:41.912|DEBUG|CharacterScraper|Could not parse character name/element (Atempt 21/75). Retrying...
2026-09-29 02:28:42.097|DEBUG|GenshinProcesor|Most similar string found for skirkj as skirk (83,3333333333333%)
2026-09-29 02:28:42.097|DEBUG|CharacterScraper|Could not parse character name/element (Atempt 22/75). Retrying...
2026-09-29 02:28:42.275|DEBUG|CharacterScraper|Could not parse character name/element (Atempt 23/75). Retrying...
2026-09-29 02:28:42.472|DEBUG|CharacterScraper|Could not parse character name/element (Atempt 24/75). Retrying...
2026-09-29 02:28:42.669|DEBUG|CharacterScraper|Could not parse character name/element (Atempt 25/75). Retrying...
2026-09-29 02:28:42.862|DEBUG|CharacterScraper|Scanned character name as Skirk with element Cryo
2026-09-29 02:28:42.908|DEBUG|CharacterScraper|Scanned character level as Level 90 / 90
2026-09-29 02:28:42.908|DEBUG|CharacterScraper|Filtered scanned text to 90/90
2026-09-29 02:28:42.908|DEBUG|CharacterScraper|Parsed character level as 90
2026-09-29 02:28:42.908|INFO|CharacterScraper|Skirk Level: 90
2026-09-29 02:28:42.908|INFO|CharacterScraper|Skirk Ascended: False
2026-09-29 02:28:44.532|INFO|CharacterScraper|Skirk Constellation: 0
2026-09-29 02:28:46.902|INFO|CharacterScraper|Skirk Talents: {auto=10, skill=10, burst=10}
2026-09-29 02:28:47.166|INFO|CharacterScraper|Scanned Skirk successfully
2026-09-29 02:28:48.700|DEBUG|CharacterScraper|Scanned character name as Wriothesley with element Cryo
2026-09-29 02:28:48.748|DEBUG|CharacterScraper|Scanned character level as . Level 90 / 90)
2026-09-29 02:28:48.748|DEBUG|CharacterScraper|Filtered scanned text to 90/90
2026-09-29 02:28:48.753|DEBUG|CharacterScraper|Parsed character level as 90
2026-09-29 02:28:48.753|INFO|CharacterScraper|Wriothesley Level: 90
2026-09-29 02:28:48.753|INFO|CharacterScraper|Wriothesley Ascended: False
2026-09-29 02:28:50.367|INFO|CharacterScraper|Wriothesley Constellation: 0
2026-09-29 02:28:52.767|INFO|CharacterScraper|Wriothesley Talents: {auto=10, skill=10, burst=10}
2026-09-29 02:28:53.019|INFO|CharacterScraper|Scanned Wriothesley successfully
2026-09-29 02:28:54.542|DEBUG|CharacterScraper|Scanned character name as Traveler with element Cryo
2026-09-29 02:28:54.580|DEBUG|CharacterScraper|Scanned character level as ‘Level 90 / 90)
2026-09-29 02:28:54.580|DEBUG|CharacterScraper|Filtered scanned text to 90/90
2026-09-29 02:28:54.580|DEBUG|CharacterScraper|Parsed character level as 90
2026-09-29 02:28:54.580|INFO|CharacterScraper|TravelerCryo Level: 90
2026-09-29 02:28:54.580|INFO|CharacterScraper|TravelerCryo Ascended: False
2026-09-29 02:28:57.928|INFO|CharacterScraper|TravelerCryo Constellation: 4
2026-09-29 02:29:00.284|INFO|CharacterScraper|TravelerCryo Talents: {auto=7, skill=6, burst=11}
2026-09-29 02:29:00.539|INFO|CharacterScraper|Scanned TravelerCryo successfully
2026-09-29 02:29:02.072|DEBUG|CharacterScraper|Scanned character name as KamisatoAyaka with element Cryo
2026-09-29 02:29:02.100|DEBUG|CharacterScraper|Scanned character level as . Level 90 J 90
2026-09-29 02:29:02.100|DEBUG|CharacterScraper|Filtered scanned text to 9090
2026-09-29 02:29:02.100|DEBUG|CharacterScraper|Failed to parse character level and ascension from 9090 (text), retrying
2026-09-29 02:29:02.183|DEBUG|CharacterScraper|Scanned character level as - Level 90 J 90)
2026-09-29 02:29:02.183|DEBUG|CharacterScraper|Filtered scanned text to 9090
2026-09-29 02:29:02.183|DEBUG|CharacterScraper|Failed to parse character level and ascension from 9090 (text), retrying
2026-09-29 02:29:02.267|DEBUG|CharacterScraper|Scanned character level as - Level 90 J 90)
2026-09-29 02:29:02.267|DEBUG|CharacterScraper|Filtered scanned text to 9090
2026-09-29 02:29:02.267|DEBUG|CharacterScraper|Failed to parse character level and ascension from 9090 (text), retrying
2026-09-29 02:29:02.367|DEBUG|CharacterScraper|Scanned character level as - Level 90 J 90)
2026-09-29 02:29:02.367|DEBUG|CharacterScraper|Filtered scanned text to 9090
2026-09-29 02:29:02.367|DEBUG|CharacterScraper|Failed to parse character level and ascension from 9090 (text), retrying
2026-09-29 02:29:02.448|DEBUG|CharacterScraper|Scanned character level as - Level 90 J 90
2026-09-29 02:29:02.448|DEBUG|CharacterScraper|Filtered scanned text to 9090
2026-09-29 02:29:02.448|DEBUG|CharacterScraper|Failed to parse character level and ascension from 9090 (text), retrying
2026-09-29 02:29:02.533|DEBUG|CharacterScraper|Scanned character level as - Level 90 / 90
2026-09-29 02:29:02.533|DEBUG|CharacterScraper|Filtered scanned text to 90/90
2026-09-29 02:29:02.533|DEBUG|CharacterScraper|Parsed character level as 90
2026-09-29 02:29:02.533|INFO|CharacterScraper|KamisatoAyaka Level: 90
2026-09-29 02:29:02.533|INFO|CharacterScraper|KamisatoAyaka Ascended: False
2026-09-29 02:29:04.509|INFO|CharacterScraper|KamisatoAyaka Constellation: 1
2026-09-29 02:29:06.877|INFO|CharacterScraper|KamisatoAyaka Talents: {auto=4, skill=5, burst=4}
2026-09-29 02:29:07.139|INFO|CharacterScraper|Scanned KamisatoAyaka successfully
2026-09-29 02:29:08.670|DEBUG|CharacterScraper|Scanned character name as RaidenShogun with element Electro
2026-09-29 02:29:08.701|DEBUG|CharacterScraper|Scanned character level as Level 90 / 90
2026-09-29 02:29:08.701|DEBUG|CharacterScraper|Filtered scanned text to 90/90
2026-09-29 02:29:08.706|DEBUG|CharacterScraper|Parsed character level as 90
2026-09-29 02:29:08.706|INFO|CharacterScraper|RaidenShogun Level: 90
2026-09-29 02:29:08.706|INFO|CharacterScraper|RaidenShogun Ascended: False
2026-09-29 02:29:10.277|INFO|CharacterScraper|RaidenShogun Constellation: 0
2026-09-29 02:29:12.686|INFO|CharacterScraper|RaidenShogun Talents: {auto=10, skill=10, burst=10}
2026-09-29 02:29:12.947|INFO|CharacterScraper|Scanned RaidenShogun successfully
2026-09-29 02:29:14.459|DEBUG|CharacterScraper|Scanned character name as Nefer with element Dendro
2026-09-29 02:29:14.504|DEBUG|CharacterScraper|Scanned character level as Level 90 / 90
2026-09-29 02:29:14.504|DEBUG|CharacterScraper|Filtered scanned text to 90/90
2026-09-29 02:29:14.504|DEBUG|CharacterScraper|Parsed character level as 90
2026-09-29 02:29:14.504|INFO|CharacterScraper|Nefer Level: 90
2026-09-29 02:29:14.504|INFO|CharacterScraper|Nefer Ascended: False
2026-09-29 02:29:16.063|INFO|CharacterScraper|Nefer Constellation: 0
2026-09-29 02:29:18.561|INFO|CharacterScraper|Nefer Talents: {auto=6, skill=10, burst=9}
2026-09-29 02:29:18.817|INFO|CharacterScraper|Scanned Nefer successfully
2026-09-29 02:29:20.342|DEBUG|CharacterScraper|Scanned character name as Lauma with element Dendro
2026-09-29 02:29:20.389|DEBUG|CharacterScraper|Scanned character level as Level 90 / 90
2026-09-29 02:29:20.389|DEBUG|CharacterScraper|Filtered scanned text to 90/90
2026-09-29 02:29:20.393|DEBUG|CharacterScraper|Parsed character level as 90
2026-09-29 02:29:20.393|INFO|CharacterScraper|Lauma Level: 90
2026-09-29 02:29:20.393|INFO|CharacterScraper|Lauma Ascended: False
2026-09-29 02:29:21.946|INFO|CharacterScraper|Lauma Constellation: 0
2026-09-29 02:29:24.344|INFO|CharacterScraper|Lauma Talents: {auto=10, skill=10, burst=10}
2026-09-29 02:29:24.609|INFO|CharacterScraper|Scanned Lauma successfully
2026-09-29 02:29:26.127|DEBUG|CharacterScraper|Scanned character name as Nahida with element Dendro
2026-09-29 02:29:26.169|DEBUG|CharacterScraper|Scanned character level as Level 90 / 90
2026-09-29 02:29:26.169|DEBUG|CharacterScraper|Filtered scanned text to 90/90
2026-09-29 02:29:26.172|DEBUG|CharacterScraper|Parsed character level as 90
2026-09-29 02:29:26.172|INFO|CharacterScraper|Nahida Level: 90
2026-09-29 02:29:26.172|INFO|CharacterScraper|Nahida Ascended: False
2026-09-29 02:29:27.696|INFO|CharacterScraper|Nahida Constellation: 0
2026-09-29 02:29:30.052|INFO|CharacterScraper|Nahida Talents: {auto=10, skill=10, burst=10}
2026-09-29 02:29:30.309|INFO|CharacterScraper|Scanned Nahida successfully
2026-09-29 02:29:31.831|DEBUG|CharacterScraper|Scanned character name as Neuvillette with element Hydro
2026-09-29 02:29:31.865|DEBUG|CharacterScraper|Scanned character level as Level 90 / 90
2026-09-29 02:29:31.865|DEBUG|CharacterScraper|Filtered scanned text to 90/90
2026-09-29 02:29:31.865|DEBUG|CharacterScraper|Parsed character level as 90
2026-09-29 02:29:31.865|INFO|CharacterScraper|Neuvillette Level: 90
2026-09-29 02:29:31.865|INFO|CharacterScraper|Neuvillette Ascended: False
2026-09-29 02:29:33.415|INFO|CharacterScraper|Neuvillette Constellation: 0
2026-09-29 02:29:35.784|INFO|CharacterScraper|Neuvillette Talents: {auto=10, skill=10, burst=10}
2026-09-29 02:29:36.043|INFO|CharacterScraper|Scanned Neuvillette successfully
2026-09-29 02:29:37.538|DEBUG|CharacterScraper|Scanned character name as Yelan with element Hydro
2026-09-29 02:29:37.573|DEBUG|CharacterScraper|Scanned character level as Level 90 / 90
2026-09-29 02:29:37.573|DEBUG|CharacterScraper|Filtered scanned text to 90/90
2026-09-29 02:29:37.573|DEBUG|CharacterScraper|Parsed character level as 90
2026-09-29 02:29:37.573|INFO|CharacterScraper|Yelan Level: 90
2026-09-29 02:29:37.573|INFO|CharacterScraper|Yelan Ascended: False
2026-09-29 02:29:39.149|INFO|CharacterScraper|Yelan Constellation: 0
2026-09-29 02:29:41.526|INFO|CharacterScraper|Yelan Talents: {auto=6, skill=9, burst=10}
2026-09-29 02:29:41.789|INFO|CharacterScraper|Scanned Yelan successfully
2026-09-29 02:29:43.297|DEBUG|CharacterScraper|Could not parse character name/element (Atempt 1/75). Retrying...
2026-09-29 02:29:43.482|DEBUG|CharacterScraper|Scanned character name as Durin with element Pyro
2026-09-29 02:29:43.526|DEBUG|CharacterScraper|Scanned character level as Level 90 / 90
2026-09-29 02:29:43.526|DEBUG|CharacterScraper|Filtered scanned text to 90/90
2026-09-29 02:29:43.526|DEBUG|CharacterScraper|Parsed character level as 90
2026-09-29 02:29:43.526|INFO|CharacterScraper|Durin Level: 90
2026-09-29 02:29:43.526|INFO|CharacterScraper|Durin Ascended: False
2026-09-29 02:29:45.083|INFO|CharacterScraper|Durin Constellation: 0
2026-09-29 02:29:47.549|INFO|CharacterScraper|Durin Talents: {auto=6, skill=8, burst=10}
2026-09-29 02:29:47.804|INFO|CharacterScraper|Scanned Durin successfully
2026-09-29 02:29:49.325|DEBUG|CharacterScraper|Scanned character name as Mavuika with element Pyro
2026-09-29 02:29:49.357|DEBUG|CharacterScraper|Scanned character level as Level 90 / 90
2026-09-29 02:29:49.357|DEBUG|CharacterScraper|Filtered scanned text to 90/90
2026-09-29 02:29:49.362|DEBUG|CharacterScraper|Parsed character level as 90
2026-09-29 02:29:49.362|INFO|CharacterScraper|Mavuika Level: 90
2026-09-29 02:29:49.362|INFO|CharacterScraper|Mavuika Ascended: False
2026-09-29 02:29:50.935|INFO|CharacterScraper|Mavuika Constellation: 0
2026-09-29 02:29:53.349|INFO|CharacterScraper|Mavuika Talents: {auto=10, skill=10, burst=10}
2026-09-29 02:29:53.600|INFO|CharacterScraper|Scanned Mavuika successfully
2026-09-29 02:29:55.099|DEBUG|CharacterScraper|Could not parse character name/element (Atempt 1/75). Retrying...
2026-09-29 02:29:55.263|DEBUG|CharacterScraper|Scanned character name as Dehya with element Pyro
2026-09-29 02:29:55.287|DEBUG|CharacterScraper|Scanned character level as Level 90 / 90
2026-09-29 02:29:55.287|DEBUG|CharacterScraper|Filtered scanned text to 90/90
2026-09-29 02:29:55.287|DEBUG|CharacterScraper|Parsed character level as 90
2026-09-29 02:29:55.287|INFO|CharacterScraper|Dehya Level: 90
2026-09-29 02:29:55.287|INFO|CharacterScraper|Dehya Ascended: False
2026-09-29 02:29:57.749|INFO|CharacterScraper|Dehya Constellation: 2
2026-09-29 02:30:00.101|INFO|CharacterScraper|Dehya Talents: {auto=6, skill=8, burst=8}
2026-09-29 02:30:00.359|INFO|CharacterScraper|Scanned Dehya successfully
2026-09-29 02:30:01.875|DEBUG|CharacterScraper|Scanned character name as Yoimiya with element Pyro
2026-09-29 02:30:01.902|DEBUG|CharacterScraper|Scanned character level as Level 90 / 90
2026-09-29 02:30:01.902|DEBUG|CharacterScraper|Filtered scanned text to 90/90
2026-09-29 02:30:01.902|DEBUG|CharacterScraper|Parsed character level as 90
2026-09-29 02:30:01.902|INFO|CharacterScraper|Yoimiya Level: 90
2026-09-29 02:30:01.902|INFO|CharacterScraper|Yoimiya Ascended: False
2026-09-29 02:30:03.865|INFO|CharacterScraper|Yoimiya Constellation: 1
2026-09-29 02:30:06.230|INFO|CharacterScraper|Yoimiya Talents: {auto=6, skill=9, burst=8}
2026-09-29 02:30:06.492|INFO|CharacterScraper|Scanned Yoimiya successfully
2026-09-29 02:30:07.994|DEBUG|CharacterScraper|Scanned character name as Noelle with element Geo
2026-09-29 02:30:08.019|DEBUG|CharacterScraper|Scanned character level as Level 90 / 90
2026-09-29 02:30:08.019|DEBUG|CharacterScraper|Filtered scanned text to 90/90
2026-09-29 02:30:08.019|DEBUG|CharacterScraper|Parsed character level as 90
2026-09-29 02:30:08.019|INFO|CharacterScraper|Noelle Level: 90
2026-09-29 02:30:08.019|INFO|CharacterScraper|Noelle Ascended: False
2026-09-29 02:30:12.026|INFO|CharacterScraper|Noelle Constellation: 5
2026-09-29 02:30:14.414|INFO|CharacterScraper|Noelle Talents: {auto=6, skill=10, burst=11}
2026-09-29 02:30:14.673|INFO|CharacterScraper|Scanned Noelle successfully
2026-09-29 02:30:16.194|DEBUG|CharacterScraper|Scanned character name as Kaeya with element Cryo
2026-09-29 02:30:16.240|DEBUG|CharacterScraper|Scanned character level as Level 90 / 90)
2026-09-29 02:30:16.240|DEBUG|CharacterScraper|Filtered scanned text to 90/90
2026-09-29 02:30:16.240|DEBUG|CharacterScraper|Parsed character level as 90
2026-09-29 02:30:16.240|INFO|CharacterScraper|Kaeya Level: 90
2026-09-29 02:30:16.240|INFO|CharacterScraper|Kaeya Ascended: False
2026-09-29 02:30:19.771|INFO|CharacterScraper|Kaeya Constellation: 4
2026-09-29 02:30:22.191|INFO|CharacterScraper|Kaeya Talents: {auto=5, skill=9, burst=9}
2026-09-29 02:30:22.444|INFO|CharacterScraper|Scanned Kaeya successfully
2026-09-29 02:30:23.946|DEBUG|CharacterScraper|Scanned character name as Zibai with element Geo
2026-09-29 02:30:23.976|DEBUG|CharacterScraper|Scanned character level as Level 80 / 80
2026-09-29 02:30:23.976|DEBUG|CharacterScraper|Filtered scanned text to 80/80
2026-09-29 02:30:23.976|DEBUG|CharacterScraper|Parsed character level as 80
2026-09-29 02:30:23.976|INFO|CharacterScraper|Zibai Level: 80
2026-09-29 02:30:23.976|INFO|CharacterScraper|Zibai Ascended: False
2026-09-29 02:30:25.505|INFO|CharacterScraper|Zibai Constellation: 0
2026-09-29 02:30:27.916|INFO|CharacterScraper|Zibai Talents: {auto=6, skill=8, burst=6}
2026-09-29 02:30:28.174|INFO|CharacterScraper|Scanned Zibai successfully
2026-09-29 02:30:29.666|DEBUG|CharacterScraper|Scanned character name as Jean with element Anemo
2026-09-29 02:30:29.695|DEBUG|CharacterScraper|Scanned character level as Level 80 / 80
2026-09-29 02:30:29.695|DEBUG|CharacterScraper|Filtered scanned text to 80/80
2026-09-29 02:30:29.695|DEBUG|CharacterScraper|Parsed character level as 80
2026-09-29 02:30:29.695|INFO|CharacterScraper|Jean Level: 80
2026-09-29 02:30:29.695|INFO|CharacterScraper|Jean Ascended: False
2026-09-29 02:30:31.689|INFO|CharacterScraper|Jean Constellation: 1
2026-09-29 02:30:34.053|INFO|CharacterScraper|Jean Talents: {auto=7, skill=8, burst=8}
2026-09-29 02:30:34.312|INFO|CharacterScraper|Scanned Jean successfully
2026-09-29 02:30:35.813|DEBUG|CharacterScraper|Scanned character name as Cyno with element Electro
2026-09-29 02:30:35.841|DEBUG|CharacterScraper|Scanned character level as Level 80 / 80
2026-09-29 02:30:35.841|DEBUG|CharacterScraper|Filtered scanned text to 80/80
2026-09-29 02:30:35.844|DEBUG|CharacterScraper|Parsed character level as 80
2026-09-29 02:30:35.844|INFO|CharacterScraper|Cyno Level: 80
2026-09-29 02:30:35.844|INFO|CharacterScraper|Cyno Ascended: False
2026-09-29 02:30:37.372|INFO|CharacterScraper|Cyno Constellation: 0
2026-09-29 02:30:39.813|INFO|CharacterScraper|Cyno Talents: {auto=6, skill=6, burst=6}
2026-09-29 02:30:40.066|INFO|CharacterScraper|Scanned Cyno successfully
2026-09-29 02:30:41.617|DEBUG|CharacterScraper|Scanned character name as Columbina with element Hydro
2026-09-29 02:30:41.653|DEBUG|CharacterScraper|Scanned character level as Level 80 / 80
2026-09-29 02:30:41.653|DEBUG|CharacterScraper|Filtered scanned text to 80/80
2026-09-29 02:30:41.657|DEBUG|CharacterScraper|Parsed character level as 80
2026-09-29 02:30:41.657|INFO|CharacterScraper|Columbina Level: 80
2026-09-29 02:30:41.657|INFO|CharacterScraper|Columbina Ascended: False
2026-09-29 02:30:43.241|INFO|CharacterScraper|Columbina Constellation: 0
2026-09-29 02:30:45.686|INFO|CharacterScraper|Columbina Talents: {auto=6, skill=6, burst=6}
2026-09-29 02:30:45.946|INFO|CharacterScraper|Scanned Columbina successfully
2026-09-29 02:30:47.465|DEBUG|CharacterScraper|Scanned character name as Mualani with element Hydro
2026-09-29 02:30:47.502|DEBUG|CharacterScraper|Scanned character level as Level 80 / 80
2026-09-29 02:30:47.502|DEBUG|CharacterScraper|Filtered scanned text to 80/80
2026-09-29 02:30:47.502|DEBUG|CharacterScraper|Parsed character level as 80
2026-09-29 02:30:47.502|INFO|CharacterScraper|Mualani Level: 80
2026-09-29 02:30:47.502|INFO|CharacterScraper|Mualani Ascended: False
2026-09-29 02:30:49.075|INFO|CharacterScraper|Mualani Constellation: 0
2026-09-29 02:30:51.464|INFO|CharacterScraper|Mualani Talents: {auto=1, skill=1, burst=1}
2026-09-29 02:30:51.723|INFO|CharacterScraper|Scanned Mualani successfully
2026-09-29 02:30:53.254|DEBUG|CharacterScraper|Scanned character name as Arlecchino with element Pyro
2026-09-29 02:30:53.283|DEBUG|CharacterScraper|Scanned character level as Level 80 / 80
2026-09-29 02:30:53.283|DEBUG|CharacterScraper|Filtered scanned text to 80/80
2026-09-29 02:30:53.283|DEBUG|CharacterScraper|Parsed character level as 80
2026-09-29 02:30:53.283|INFO|CharacterScraper|Arlecchino Level: 80
2026-09-29 02:30:53.283|INFO|CharacterScraper|Arlecchino Ascended: False
2026-09-29 02:30:54.809|INFO|CharacterScraper|Arlecchino Constellation: 0
2026-09-29 02:30:57.158|INFO|CharacterScraper|Arlecchino Talents: {auto=6, skill=6, burst=6}
2026-09-29 02:30:57.424|INFO|CharacterScraper|Scanned Arlecchino successfully
2026-09-29 02:30:58.920|DEBUG|CharacterScraper|Scanned character name as Kachina with element Geo
2026-09-29 02:30:58.948|DEBUG|CharacterScraper|Scanned character level as Level 80 / 80
2026-09-29 02:30:58.948|DEBUG|CharacterScraper|Filtered scanned text to 80/80
2026-09-29 02:30:58.948|DEBUG|CharacterScraper|Parsed character level as 80
2026-09-29 02:30:58.948|INFO|CharacterScraper|Kachina Level: 80
2026-09-29 02:30:58.948|INFO|CharacterScraper|Kachina Ascended: False
2026-09-29 02:31:02.754|INFO|CharacterScraper|Kachina Constellation: 6
2026-09-29 02:31:05.095|INFO|CharacterScraper|Kachina Talents: {auto=4, skill=9, burst=8}
2026-09-29 02:31:05.347|INFO|CharacterScraper|Scanned Kachina successfully
2026-09-29 02:31:06.857|DEBUG|CharacterScraper|Scanned character name as Ningguang with element Geo
2026-09-29 02:31:06.900|DEBUG|CharacterScraper|Scanned character level as Level 80. / 80°
2026-09-29 02:31:06.900|DEBUG|CharacterScraper|Filtered scanned text to 80/80
2026-09-29 02:31:06.900|DEBUG|CharacterScraper|Parsed character level as 80
2026-09-29 02:31:06.900|INFO|CharacterScraper|Ningguang Level: 80
2026-09-29 02:31:06.900|INFO|CharacterScraper|Ningguang Ascended: False
2026-09-29 02:31:10.882|INFO|CharacterScraper|Ningguang Constellation: 5
2026-09-29 02:31:13.243|INFO|CharacterScraper|Ningguang Talents: {auto=2, skill=5, burst=5}
2026-09-29 02:31:13.507|INFO|CharacterScraper|Scanned Ningguang successfully
2026-09-29 02:31:15.013|DEBUG|CharacterScraper|Scanned character name as Ifa with element Anemo
2026-09-29 02:31:15.063|DEBUG|CharacterScraper|Scanned character level as Level 80 / 80)
2026-09-29 02:31:15.063|DEBUG|CharacterScraper|Filtered scanned text to 80/80
2026-09-29 02:31:15.063|DEBUG|CharacterScraper|Parsed character level as 80
2026-09-29 02:31:15.063|INFO|CharacterScraper|Ifa Level: 80
2026-09-29 02:31:15.063|INFO|CharacterScraper|Ifa Ascended: False
2026-09-29 02:31:18.560|INFO|CharacterScraper|Ifa Constellation: 4
2026-09-29 02:31:20.990|INFO|CharacterScraper|Ifa Talents: {auto=1, skill=4, burst=1}
2026-09-29 02:31:21.249|INFO|CharacterScraper|Scanned Ifa successfully
2026-09-29 02:31:22.771|DEBUG|CharacterScraper|Scanned character name as Wanderer with element Anemo
2026-09-29 02:31:22.808|DEBUG|CharacterScraper|Scanned character level as Level 70 / 70)
2026-09-29 02:31:22.808|DEBUG|CharacterScraper|Filtered scanned text to 70/70
2026-09-29 02:31:22.808|DEBUG|CharacterScraper|Parsed character level as 70
2026-09-29 02:31:22.808|INFO|CharacterScraper|Wanderer Level: 70
2026-09-29 02:31:22.808|INFO|CharacterScraper|Wanderer Ascended: False
2026-09-29 02:31:24.362|INFO|CharacterScraper|Wanderer Constellation: 0
2026-09-29 02:31:26.716|INFO|CharacterScraper|Wanderer Talents: {auto=3, skill=5, burst=4}
2026-09-29 02:31:26.981|INFO|CharacterScraper|Scanned Wanderer successfully
2026-09-29 02:31:28.471|DEBUG|CharacterScraper|Could not parse character name/element (Atempt 1/75). Retrying...
2026-09-29 02:31:28.640|DEBUG|CharacterScraper|Could not parse character name/element (Atempt 2/75). Retrying...
2026-09-29 02:31:28.831|DEBUG|CharacterScraper|Could not parse character name/element (Atempt 3/75). Retrying...
2026-09-29 02:31:29.019|DEBUG|CharacterScraper|Could not parse character name/element (Atempt 4/75). Retrying...
2026-09-29 02:31:29.193|DEBUG|CharacterScraper|Could not parse character name/element (Atempt 5/75). Retrying...
2026-09-29 02:31:29.359|DEBUG|CharacterScraper|Scanned character name as Qiqi with element Cryo
2026-09-29 02:31:29.397|DEBUG|CharacterScraper|Scanned character level as Level 70 / 70
2026-09-29 02:31:29.397|DEBUG|CharacterScraper|Filtered scanned text to 70/70
2026-09-29 02:31:29.397|DEBUG|CharacterScraper|Parsed character level as 70
2026-09-29 02:31:29.397|INFO|CharacterScraper|Qiqi Level: 70
2026-09-29 02:31:29.397|INFO|CharacterScraper|Qiqi Ascended: False
2026-09-29 02:31:31.376|INFO|CharacterScraper|Qiqi Constellation: 1
2026-09-29 02:31:33.767|INFO|CharacterScraper|Qiqi Talents: {auto=1, skill=1, burst=1}
2026-09-29 02:31:34.026|INFO|CharacterScraper|Scanned Qiqi successfully
2026-09-29 02:31:35.512|DEBUG|CharacterScraper|Scanned character name as Rosaria with element Cryo
2026-09-29 02:31:35.546|DEBUG|CharacterScraper|Scanned character level as . Level 70 / 70
2026-09-29 02:31:35.546|DEBUG|CharacterScraper|Filtered scanned text to 70/70
2026-09-29 02:31:35.549|DEBUG|CharacterScraper|Parsed character level as 70
2026-09-29 02:31:35.549|INFO|CharacterScraper|Rosaria Level: 70
2026-09-29 02:31:35.549|INFO|CharacterScraper|Rosaria Ascended: False
2026-09-29 02:31:39.404|INFO|CharacterScraper|Rosaria Constellation: 6
2026-09-29 02:31:41.789|INFO|CharacterScraper|Rosaria Talents: {auto=1, skill=4, burst=4}
2026-09-29 02:31:42.050|INFO|CharacterScraper|Scanned Rosaria successfully
2026-09-29 02:31:43.559|DEBUG|CharacterScraper|Scanned character name as Diona with element Cryo
2026-09-29 02:31:43.594|DEBUG|CharacterScraper|Scanned character level as Level 70 / 70
2026-09-29 02:31:43.594|DEBUG|CharacterScraper|Filtered scanned text to 70/70
2026-09-29 02:31:43.594|DEBUG|CharacterScraper|Parsed character level as 70
2026-09-29 02:31:43.594|INFO|CharacterScraper|Diona Level: 70
2026-09-29 02:31:43.594|INFO|CharacterScraper|Diona Ascended: False
2026-09-29 02:31:47.582|INFO|CharacterScraper|Diona Constellation: 6
2026-09-29 02:31:49.946|INFO|CharacterScraper|Diona Talents: {auto=1, skill=4, burst=4}
2026-09-29 02:31:50.197|INFO|CharacterScraper|Scanned Diona successfully
2026-09-29 02:31:51.702|DEBUG|CharacterScraper|Could not parse character name/element (Atempt 1/75). Retrying...
2026-09-29 02:31:51.882|DEBUG|CharacterScraper|Scanned character name as Chongyun with element Cryo
2026-09-29 02:31:51.923|DEBUG|CharacterScraper|Scanned character level as Level 70 / 70 ‘
2026-09-29 02:31:51.923|DEBUG|CharacterScraper|Filtered scanned text to 70/70
2026-09-29 02:31:51.923|DEBUG|CharacterScraper|Parsed character level as 70
2026-09-29 02:31:51.923|INFO|CharacterScraper|Chongyun Level: 70
2026-09-29 02:31:51.923|INFO|CharacterScraper|Chongyun Ascended: False
2026-09-29 02:31:55.675|INFO|CharacterScraper|Chongyun Constellation: 6
2026-09-29 02:31:58.064|INFO|CharacterScraper|Chongyun Talents: {auto=1, skill=4, burst=4}
2026-09-29 02:31:58.321|INFO|CharacterScraper|Scanned Chongyun successfully
2026-09-29 02:31:59.840|DEBUG|CharacterScraper|Scanned character name as Beidou with element Electro
2026-09-29 02:31:59.880|DEBUG|CharacterScraper|Scanned character level as Level 70 / 70
2026-09-29 02:31:59.880|DEBUG|CharacterScraper|Filtered scanned text to 70/70
2026-09-29 02:31:59.880|DEBUG|CharacterScraper|Parsed character level as 70
2026-09-29 02:31:59.880|INFO|CharacterScraper|Beidou Level: 70
2026-09-29 02:31:59.880|INFO|CharacterScraper|Beidou Ascended: False
2026-09-29 02:32:03.605|INFO|CharacterScraper|Beidou Constellation: 6
2026-09-29 02:32:05.953|INFO|CharacterScraper|Beidou Talents: {auto=1, skill=4, burst=4}
2026-09-29 02:32:06.217|INFO|CharacterScraper|Scanned Beidou successfully
2026-09-29 02:32:07.730|DEBUG|CharacterScraper|Scanned character name as Razor with element Electro
2026-09-29 02:32:07.758|DEBUG|CharacterScraper|Scanned character level as Level 70 / 70
2026-09-29 02:32:07.758|DEBUG|CharacterScraper|Filtered scanned text to 70/70
2026-09-29 02:32:07.758|DEBUG|CharacterScraper|Parsed character level as 70
2026-09-29 02:32:07.758|INFO|CharacterScraper|Razor Level: 70
2026-09-29 02:32:07.758|INFO|CharacterScraper|Razor Ascended: False
2026-09-29 02:32:10.270|INFO|CharacterScraper|Razor Constellation: 2
2026-09-29 02:32:12.645|INFO|CharacterScraper|Razor Talents: {auto=2, skill=2, burst=2}
2026-09-29 02:32:12.898|INFO|CharacterScraper|Scanned Razor successfully
2026-09-29 02:32:14.404|DEBUG|CharacterScraper|Scanned character name as Lisa with element Electro
2026-09-29 02:32:14.449|DEBUG|CharacterScraper|Scanned character level as ‘Level 70 / 70
2026-09-29 02:32:14.449|DEBUG|CharacterScraper|Filtered scanned text to 70/70
2026-09-29 02:32:14.449|DEBUG|CharacterScraper|Parsed character level as 70
2026-09-29 02:32:14.449|INFO|CharacterScraper|Lisa Level: 70
2026-09-29 02:32:14.449|INFO|CharacterScraper|Lisa Ascended: False
2026-09-29 02:32:16.022|INFO|CharacterScraper|Lisa Constellation: 0
2026-09-29 02:32:18.372|INFO|CharacterScraper|Lisa Talents: {auto=2, skill=3, burst=3}
2026-09-29 02:32:18.633|INFO|CharacterScraper|Scanned Lisa successfully
2026-09-29 02:32:20.166|DEBUG|CharacterScraper|Scanned character name as Xiangling with element Pyro
2026-09-29 02:32:20.213|DEBUG|CharacterScraper|Scanned character level as Level 70 / 70
2026-09-29 02:32:20.213|DEBUG|CharacterScraper|Filtered scanned text to 70/70
2026-09-29 02:32:20.213|DEBUG|CharacterScraper|Parsed character level as 70
2026-09-29 02:32:20.213|INFO|CharacterScraper|Xiangling Level: 70
2026-09-29 02:32:20.213|INFO|CharacterScraper|Xiangling Ascended: False
2026-09-29 02:32:22.736|INFO|CharacterScraper|Xiangling Constellation: 2
2026-09-29 02:32:25.068|INFO|CharacterScraper|Xiangling Talents: {auto=2, skill=3, burst=4}
2026-09-29 02:32:25.319|INFO|CharacterScraper|Scanned Xiangling successfully
2026-09-29 02:32:26.831|DEBUG|CharacterScraper|Scanned character name as Varesa with element Electro
2026-09-29 02:32:26.856|DEBUG|CharacterScraper|Scanned character level as Level 60 / 6(1
2026-09-29 02:32:26.856|DEBUG|CharacterScraper|Filtered scanned text to 60/61
2026-09-29 02:32:26.856|DEBUG|CharacterScraper|Parsed character level as 60
2026-09-29 02:32:26.856|INFO|CharacterScraper|Varesa Level: 60
2026-09-29 02:32:26.856|INFO|CharacterScraper|Varesa Ascended: False
2026-09-29 02:32:28.402|INFO|CharacterScraper|Varesa Constellation: 0
2026-09-29 02:32:30.752|INFO|CharacterScraper|Varesa Talents: {auto=1, skill=1, burst=1}
2026-09-29 02:32:31.017|INFO|CharacterScraper|Scanned Varesa successfully
2026-09-29 02:32:32.515|DEBUG|CharacterScraper|Scanned character name as Tighnari with element Dendro
2026-09-29 02:32:32.540|DEBUG|CharacterScraper|Scanned character level as Level 60 / 60
2026-09-29 02:32:32.540|DEBUG|CharacterScraper|Filtered scanned text to 60/60
2026-09-29 02:32:32.540|DEBUG|CharacterScraper|Parsed character level as 60
2026-09-29 02:32:32.540|INFO|CharacterScraper|Tighnari Level: 60
2026-09-29 02:32:32.540|INFO|CharacterScraper|Tighnari Ascended: False
2026-09-29 02:32:34.520|INFO|CharacterScraper|Tighnari Constellation: 1
2026-09-29 02:32:36.920|INFO|CharacterScraper|Tighnari Talents: {auto=2, skill=1, burst=1}
2026-09-29 02:32:37.173|INFO|CharacterScraper|Scanned Tighnari successfully
2026-09-29 02:32:38.665|DEBUG|CharacterScraper|Scanned character name as Mona with element Hydro
2026-09-29 02:32:38.697|DEBUG|CharacterScraper|Scanned character level as Level 60 / 61)
2026-09-29 02:32:38.697|DEBUG|CharacterScraper|Filtered scanned text to 60/61
2026-09-29 02:32:38.697|DEBUG|CharacterScraper|Parsed character level as 60
2026-09-29 02:32:38.697|INFO|CharacterScraper|Mona Level: 60
2026-09-29 02:32:38.697|INFO|CharacterScraper|Mona Ascended: False
2026-09-29 02:32:41.203|INFO|CharacterScraper|Mona Constellation: 2
2026-09-29 02:32:43.612|INFO|CharacterScraper|Mona Talents: {auto=1, skill=1, burst=1}
2026-09-29 02:32:43.865|INFO|CharacterScraper|Scanned Mona successfully
2026-09-29 02:32:45.402|DEBUG|CharacterScraper|Scanned character name as Diluc with element Pyro
2026-09-29 02:32:45.446|DEBUG|CharacterScraper|Scanned character level as Level 60 / 60
2026-09-29 02:32:45.446|DEBUG|CharacterScraper|Filtered scanned text to 60/60
2026-09-29 02:32:45.446|DEBUG|CharacterScraper|Parsed character level as 60
2026-09-29 02:32:45.446|INFO|CharacterScraper|Diluc Level: 60
2026-09-29 02:32:45.446|INFO|CharacterScraper|Diluc Ascended: False
2026-09-29 02:32:47.967|INFO|CharacterScraper|Diluc Constellation: 2
2026-09-29 02:32:50.320|INFO|CharacterScraper|Diluc Talents: {auto=1, skill=1, burst=1}
2026-09-29 02:32:50.581|INFO|CharacterScraper|Scanned Diluc successfully
2026-09-29 02:32:52.093|DEBUG|CharacterScraper|Scanned character name as Illuga with element Geo
2026-09-29 02:32:52.125|DEBUG|CharacterScraper|Scanned character level as Level 60 / 60)
2026-09-29 02:32:52.125|DEBUG|CharacterScraper|Filtered scanned text to 60/60
2026-09-29 02:32:52.125|DEBUG|CharacterScraper|Parsed character level as 60
2026-09-29 02:32:52.125|INFO|CharacterScraper|Illuga Level: 60
2026-09-29 02:32:52.125|INFO|CharacterScraper|Illuga Ascended: False
2026-09-29 02:32:53.651|INFO|CharacterScraper|Illuga Constellation: 0
2026-09-29 02:32:56.032|INFO|CharacterScraper|Illuga Talents: {auto=2, skill=2, burst=2}
2026-09-29 02:32:56.293|INFO|CharacterScraper|Scanned Illuga successfully
2026-09-29 02:32:57.799|DEBUG|CharacterScraper|Scanned character name as Jahoda with element Anemo
2026-09-29 02:32:57.839|DEBUG|CharacterScraper|Scanned character level as Level 60 / 60)
2026-09-29 02:32:57.839|DEBUG|CharacterScraper|Filtered scanned text to 60/60
2026-09-29 02:32:57.839|DEBUG|CharacterScraper|Parsed character level as 60
2026-09-29 02:32:57.839|INFO|CharacterScraper|Jahoda Level: 60
2026-09-29 02:32:57.839|INFO|CharacterScraper|Jahoda Ascended: False
2026-09-29 02:33:00.332|INFO|CharacterScraper|Jahoda Constellation: 2
2026-09-29 02:33:02.751|INFO|CharacterScraper|Jahoda Talents: {auto=1, skill=1, burst=1}
2026-09-29 02:33:03.007|INFO|CharacterScraper|Scanned Jahoda successfully
2026-09-29 02:33:04.521|DEBUG|CharacterScraper|Scanned character name as LanYan with element Anemo
2026-09-29 02:33:04.553|DEBUG|CharacterScraper|Scanned character level as Level 60 / 60)
2026-09-29 02:33:04.553|DEBUG|CharacterScraper|Filtered scanned text to 60/60
2026-09-29 02:33:04.553|DEBUG|CharacterScraper|Parsed character level as 60
2026-09-29 02:33:04.553|INFO|CharacterScraper|LanYan Level: 60
2026-09-29 02:33:04.553|INFO|CharacterScraper|LanYan Ascended: False
2026-09-29 02:33:06.981|INFO|CharacterScraper|LanYan Constellation: 2
2026-09-29 02:33:09.397|INFO|CharacterScraper|LanYan Talents: {auto=1, skill=1, burst=1}
2026-09-29 02:33:09.649|INFO|CharacterScraper|Scanned LanYan successfully
2026-09-29 02:33:11.163|DEBUG|CharacterScraper|Scanned character name as Lynette with element Anemo
2026-09-29 02:33:11.212|DEBUG|CharacterScraper|Scanned character level as Level 60 / 60)
2026-09-29 02:33:11.212|DEBUG|CharacterScraper|Filtered scanned text to 60/60
2026-09-29 02:33:11.212|DEBUG|CharacterScraper|Parsed character level as 60
2026-09-29 02:33:11.212|INFO|CharacterScraper|Lynette Level: 60
2026-09-29 02:33:11.212|INFO|CharacterScraper|Lynette Ascended: False
2026-09-29 02:33:15.176|INFO|CharacterScraper|Lynette Constellation: 6
2026-09-29 02:33:17.583|INFO|CharacterScraper|Lynette Talents: {auto=2, skill=5, burst=5}
2026-09-29 02:33:17.842|INFO|CharacterScraper|Scanned Lynette successfully
2026-09-29 02:33:19.366|DEBUG|CharacterScraper|Scanned character name as Faruzan with element Anemo
2026-09-29 02:33:19.407|DEBUG|CharacterScraper|Scanned character level as Level 60 / 60)
2026-09-29 02:33:19.407|DEBUG|CharacterScraper|Filtered scanned text to 60/60
2026-09-29 02:33:19.407|DEBUG|CharacterScraper|Parsed character level as 60
2026-09-29 02:33:19.407|INFO|CharacterScraper|Faruzan Level: 60
2026-09-29 02:33:19.407|INFO|CharacterScraper|Faruzan Ascended: False
2026-09-29 02:33:23.387|INFO|CharacterScraper|Faruzan Constellation: 6
2026-09-29 02:33:25.755|INFO|CharacterScraper|Faruzan Talents: {auto=1, skill=4, burst=4}
2026-09-29 02:33:26.011|INFO|CharacterScraper|Scanned Faruzan successfully
2026-09-29 02:33:27.524|DEBUG|CharacterScraper|Scanned character name as Layla with element Cryo
2026-09-29 02:33:27.556|DEBUG|CharacterScraper|Scanned character level as Level 60 / 60)
2026-09-29 02:33:27.556|DEBUG|CharacterScraper|Filtered scanned text to 60/60
2026-09-29 02:33:27.556|DEBUG|CharacterScraper|Parsed character level as 60
2026-09-29 02:33:27.556|INFO|CharacterScraper|Layla Level: 60
2026-09-29 02:33:27.556|INFO|CharacterScraper|Layla Ascended: False
2026-09-29 02:33:31.347|INFO|CharacterScraper|Layla Constellation: 5
2026-09-29 02:33:33.740|INFO|CharacterScraper|Layla Talents: {auto=1, skill=4, burst=5}
2026-09-29 02:33:34.002|INFO|CharacterScraper|Scanned Layla successfully
2026-09-29 02:33:35.508|DEBUG|CharacterScraper|Scanned character name as Kaveh with element Dendro
2026-09-29 02:33:35.535|DEBUG|CharacterScraper|Scanned character level as Level 60 / 60)
2026-09-29 02:33:35.535|DEBUG|CharacterScraper|Filtered scanned text to 60/60
2026-09-29 02:33:35.535|DEBUG|CharacterScraper|Parsed character level as 60
2026-09-29 02:33:35.535|INFO|CharacterScraper|Kaveh Level: 60
2026-09-29 02:33:35.535|INFO|CharacterScraper|Kaveh Ascended: False
2026-09-29 02:33:38.413|INFO|CharacterScraper|Kaveh Constellation: 3
2026-09-29 02:33:40.813|INFO|CharacterScraper|Kaveh Talents: {auto=1, skill=1, burst=4}
2026-09-29 02:33:41.065|INFO|CharacterScraper|Scanned Kaveh successfully
2026-09-29 02:33:42.569|DEBUG|CharacterScraper|Scanned character name as Yaoyao with element Dendro
2026-09-29 02:33:42.609|DEBUG|CharacterScraper|Scanned character level as Level 60 / 60)
2026-09-29 02:33:42.609|DEBUG|CharacterScraper|Filtered scanned text to 60/60
2026-09-29 02:33:42.612|DEBUG|CharacterScraper|Parsed character level as 60
2026-09-29 02:33:42.612|INFO|CharacterScraper|Yaoyao Level: 60
2026-09-29 02:33:42.612|INFO|CharacterScraper|Yaoyao Ascended: False
2026-09-29 02:33:45.643|INFO|CharacterScraper|Yaoyao Constellation: 3
2026-09-29 02:33:48.031|INFO|CharacterScraper|Yaoyao Talents: {auto=1, skill=4, burst=1}
2026-09-29 02:33:48.286|INFO|CharacterScraper|Scanned Yaoyao successfully
2026-09-29 02:33:49.791|DEBUG|CharacterScraper|Scanned character name as Collei with element Dendro
2026-09-29 02:33:49.838|DEBUG|CharacterScraper|Scanned character level as Level 60 / 60)
2026-09-29 02:33:49.838|DEBUG|CharacterScraper|Filtered scanned text to 60/60
2026-09-29 02:33:49.838|DEBUG|CharacterScraper|Parsed character level as 60
2026-09-29 02:33:49.838|INFO|CharacterScraper|Collei Level: 60
2026-09-29 02:33:49.838|INFO|CharacterScraper|Collei Ascended: False
2026-09-29 02:33:53.804|INFO|CharacterScraper|Collei Constellation: 6
2026-09-29 02:33:56.147|INFO|CharacterScraper|Collei Talents: {auto=1, skill=4, burst=4}
2026-09-29 02:33:56.407|INFO|CharacterScraper|Scanned Collei successfully
2026-09-29 02:33:57.893|DEBUG|CharacterScraper|Scanned character name as Aino with element Hydro
2026-09-29 02:33:57.926|DEBUG|CharacterScraper|Scanned character level as Level 60 / 60
2026-09-29 02:33:57.926|DEBUG|CharacterScraper|Filtered scanned text to 60/60
2026-09-29 02:33:57.926|DEBUG|CharacterScraper|Parsed character level as 60
2026-09-29 02:33:57.926|INFO|CharacterScraper|Aino Level: 60
2026-09-29 02:33:57.926|INFO|CharacterScraper|Aino Ascended: False
2026-09-29 02:34:01.732|INFO|CharacterScraper|Aino Constellation: 6
2026-09-29 02:34:04.123|INFO|CharacterScraper|Aino Talents: {auto=1, skill=4, burst=4}
2026-09-29 02:34:04.386|INFO|CharacterScraper|Scanned Aino successfully
2026-09-29 02:34:05.896|DEBUG|CharacterScraper|Scanned character name as Candace with element Hydro
2026-09-29 02:34:05.937|DEBUG|CharacterScraper|Scanned character level as Level 60 / 60)
2026-09-29 02:34:05.937|DEBUG|CharacterScraper|Filtered scanned text to 60/60
2026-09-29 02:34:05.940|DEBUG|CharacterScraper|Parsed character level as 60
2026-09-29 02:34:05.940|INFO|CharacterScraper|Candace Level: 60
2026-09-29 02:34:05.940|INFO|CharacterScraper|Candace Ascended: False
2026-09-29 02:34:09.777|INFO|CharacterScraper|Candace Constellation: 6
2026-09-29 02:34:12.225|INFO|CharacterScraper|Candace Talents: {auto=1, skill=4, burst=4}
2026-09-29 02:34:12.488|INFO|CharacterScraper|Scanned Candace successfully
2026-09-29 02:34:14.008|DEBUG|CharacterScraper|Scanned character name as Barbara with element Hydro
2026-09-29 02:34:14.056|DEBUG|CharacterScraper|Scanned character level as Level 60 / 60
2026-09-29 02:34:14.056|DEBUG|CharacterScraper|Filtered scanned text to 60/60
2026-09-29 02:34:14.056|DEBUG|CharacterScraper|Parsed character level as 60
2026-09-29 02:34:14.056|INFO|CharacterScraper|Barbara Level: 60
2026-09-29 02:34:14.056|INFO|CharacterScraper|Barbara Ascended: False
2026-09-29 02:34:18.121|INFO|CharacterScraper|Barbara Constellation: 6
2026-09-29 02:34:20.505|INFO|CharacterScraper|Barbara Talents: {auto=2, skill=5, burst=5}
2026-09-29 02:34:20.767|INFO|CharacterScraper|Scanned Barbara successfully
2026-09-29 02:34:22.290|DEBUG|CharacterScraper|Scanned character name as Gaming with element Pyro
2026-09-29 02:34:22.334|DEBUG|CharacterScraper|Scanned character level as Level 60 71 60)
2026-09-29 02:34:22.334|DEBUG|CharacterScraper|Filtered scanned text to 607160
2026-09-29 02:34:22.334|DEBUG|CharacterScraper|Failed to parse character level and ascension from 607160 (text), retrying
2026-09-29 02:34:22.438|DEBUG|CharacterScraper|Scanned character level as Level 601 60
2026-09-29 02:34:22.438|DEBUG|CharacterScraper|Filtered scanned text to 60160
2026-09-29 02:34:22.438|DEBUG|CharacterScraper|Failed to parse character level and ascension from 60160 (text), retrying
2026-09-29 02:34:22.534|DEBUG|CharacterScraper|Scanned character level as ~ Level 60 / 60)
2026-09-29 02:34:22.534|DEBUG|CharacterScraper|Filtered scanned text to 60/60
2026-09-29 02:34:22.534|DEBUG|CharacterScraper|Parsed character level as 60
2026-09-29 02:34:22.534|INFO|CharacterScraper|Gaming Level: 60
2026-09-29 02:34:22.534|INFO|CharacterScraper|Gaming Ascended: False
2026-09-29 02:34:25.384|INFO|CharacterScraper|Gaming Constellation: 3
2026-09-29 02:34:27.712|INFO|CharacterScraper|Gaming Talents: {auto=1, skill=4, burst=1}
2026-09-29 02:34:27.972|INFO|CharacterScraper|Scanned Gaming successfully
2026-09-29 02:34:29.482|DEBUG|CharacterScraper|Scanned character name as Chevreuse with element Pyro
2026-09-29 02:34:29.519|DEBUG|CharacterScraper|Scanned character level as Level 60 / 60
2026-09-29 02:34:29.519|DEBUG|CharacterScraper|Filtered scanned text to 60/60
2026-09-29 02:34:29.519|DEBUG|CharacterScraper|Parsed character level as 60
2026-09-29 02:34:29.519|INFO|CharacterScraper|Chevreuse Level: 60
2026-09-29 02:34:29.519|INFO|CharacterScraper|Chevreuse Ascended: False
2026-09-29 02:34:31.484|INFO|CharacterScraper|Chevreuse Constellation: 1
2026-09-29 02:34:33.863|INFO|CharacterScraper|Chevreuse Talents: {auto=1, skill=1, burst=1}
2026-09-29 02:34:34.127|INFO|CharacterScraper|Scanned Chevreuse successfully
2026-09-29 02:34:35.634|DEBUG|CharacterScraper|Scanned character name as Thoma with element Pyro
2026-09-29 02:34:35.691|DEBUG|CharacterScraper|Scanned character level as Level 60 / 60
2026-09-29 02:34:35.691|DEBUG|CharacterScraper|Filtered scanned text to 60/60
2026-09-29 02:34:35.691|DEBUG|CharacterScraper|Parsed character level as 60
2026-09-29 02:34:35.691|INFO|CharacterScraper|Thoma Level: 60
2026-09-29 02:34:35.691|INFO|CharacterScraper|Thoma Ascended: False
2026-09-29 02:34:37.217|INFO|CharacterScraper|Thoma Constellation: 0
2026-09-29 02:34:39.625|INFO|CharacterScraper|Thoma Talents: {auto=1, skill=1, burst=1}
2026-09-29 02:34:39.884|INFO|CharacterScraper|Scanned Thoma successfully
2026-09-29 02:34:41.378|DEBUG|CharacterScraper|Scanned character name as Yanfei with element Pyro
2026-09-29 02:34:41.411|DEBUG|CharacterScraper|Scanned character level as Level 60 / 60)
2026-09-29 02:34:41.411|DEBUG|CharacterScraper|Filtered scanned text to 60/60
2026-09-29 02:34:41.411|DEBUG|CharacterScraper|Parsed character level as 60
2026-09-29 02:34:41.411|INFO|CharacterScraper|Yanfei Level: 60
2026-09-29 02:34:41.411|INFO|CharacterScraper|Yanfei Ascended: False
2026-09-29 02:34:44.415|INFO|CharacterScraper|Yanfei Constellation: 3
2026-09-29 02:34:46.793|INFO|CharacterScraper|Yanfei Talents: {auto=4, skill=7, burst=4}
2026-09-29 02:34:47.057|INFO|CharacterScraper|Scanned Yanfei successfully
2026-09-29 02:34:48.572|DEBUG|CharacterScraper|Scanned character name as Xinyan with element Pyro
2026-09-29 02:34:48.607|DEBUG|CharacterScraper|Scanned character level as Level 60 / 60)
2026-09-29 02:34:48.607|DEBUG|CharacterScraper|Filtered scanned text to 60/60
2026-09-29 02:34:48.611|DEBUG|CharacterScraper|Parsed character level as 60
2026-09-29 02:34:48.611|INFO|CharacterScraper|Xinyan Level: 60
2026-09-29 02:34:48.611|INFO|CharacterScraper|Xinyan Ascended: False
2026-09-29 02:34:52.576|INFO|CharacterScraper|Xinyan Constellation: 6
2026-09-29 02:34:54.917|INFO|CharacterScraper|Xinyan Talents: {auto=1, skill=4, burst=4}
2026-09-29 02:34:55.176|INFO|CharacterScraper|Scanned Xinyan successfully
2026-09-29 02:34:56.659|DEBUG|CharacterScraper|Scanned character name as Amber with element Pyro
2026-09-29 02:34:56.700|DEBUG|CharacterScraper|Scanned character level as Level 60 7 60)
2026-09-29 02:34:56.700|DEBUG|CharacterScraper|Filtered scanned text to 60760
2026-09-29 02:34:56.700|DEBUG|CharacterScraper|Failed to parse character level and ascension from 60760 (text), retrying
2026-09-29 02:34:56.789|DEBUG|CharacterScraper|Scanned character level as Level 60 7 60)
2026-09-29 02:34:56.789|DEBUG|CharacterScraper|Filtered scanned text to 60760
2026-09-29 02:34:56.789|DEBUG|CharacterScraper|Failed to parse character level and ascension from 60760 (text), retrying
2026-09-29 02:34:56.882|DEBUG|CharacterScraper|Scanned character level as Level 60 J 60)
2026-09-29 02:34:56.882|DEBUG|CharacterScraper|Filtered scanned text to 6060
2026-09-29 02:34:56.882|DEBUG|CharacterScraper|Failed to parse character level and ascension from 6060 (text), retrying
2026-09-29 02:34:56.964|DEBUG|CharacterScraper|Scanned character level as Level 60 J 60)
2026-09-29 02:34:56.964|DEBUG|CharacterScraper|Filtered scanned text to 6060
2026-09-29 02:34:56.964|DEBUG|CharacterScraper|Failed to parse character level and ascension from 6060 (text), retrying
2026-09-29 02:34:57.047|DEBUG|CharacterScraper|Scanned character level as Level 60 / 60
2026-09-29 02:34:57.047|DEBUG|CharacterScraper|Filtered scanned text to 60/60
2026-09-29 02:34:57.047|DEBUG|CharacterScraper|Parsed character level as 60
2026-09-29 02:34:57.047|INFO|CharacterScraper|Amber Level: 60
2026-09-29 02:34:57.047|INFO|CharacterScraper|Amber Ascended: False
2026-09-29 02:34:59.872|INFO|CharacterScraper|Amber Constellation: 3
2026-09-29 02:35:02.228|INFO|CharacterScraper|Amber Talents: {auto=1, skill=1, burst=4}
2026-09-29 02:35:02.486|INFO|CharacterScraper|Scanned Amber successfully
2026-09-29 02:35:04.032|DEBUG|CharacterScraper|Scanned character name as Vesna with element Anemo
2026-09-29 02:35:04.078|DEBUG|CharacterScraper|Scanned character level as Level 50 / 5(
2026-09-29 02:35:04.078|DEBUG|CharacterScraper|Filtered scanned text to 50/5
2026-09-29 02:35:04.078|DEBUG|CharacterScraper|Parsed character level as 50
2026-09-29 02:35:04.078|INFO|CharacterScraper|Vesna Level: 50
2026-09-29 02:35:04.078|INFO|CharacterScraper|Vesna Ascended: False
2026-09-29 02:35:05.674|INFO|CharacterScraper|Vesna Constellation: 0
2026-09-29 02:35:08.047|INFO|CharacterScraper|Vesna Talents: {auto=1, skill=1, burst=1}
2026-09-29 02:35:08.311|INFO|CharacterScraper|Scanned Vesna successfully
2026-09-29 02:35:09.833|DEBUG|CharacterScraper|Scanned character name as Keqing with element Electro
2026-09-29 02:35:09.872|DEBUG|CharacterScraper|Scanned character level as Level 50 / 50
2026-09-29 02:35:09.872|DEBUG|CharacterScraper|Filtered scanned text to 50/50
2026-09-29 02:35:09.875|DEBUG|CharacterScraper|Parsed character level as 50
2026-09-29 02:35:09.875|INFO|CharacterScraper|Keqing Level: 50
2026-09-29 02:35:09.875|INFO|CharacterScraper|Keqing Ascended: False
2026-09-29 02:35:11.458|INFO|CharacterScraper|Keqing Constellation: 0
2026-09-29 02:35:13.860|INFO|CharacterScraper|Keqing Talents: {auto=1, skill=1, burst=1}
2026-09-29 02:35:14.123|INFO|CharacterScraper|Scanned Keqing successfully
2026-09-29 02:35:15.668|DEBUG|GenshinProcesor|Most similar string found for shikanoinheizo1 as shikanoinheizou (93,3333333333333%)
2026-09-29 02:35:15.668|DEBUG|CharacterScraper|Scanned character name as ShikanoinHeizou with element Anemo
2026-09-29 02:35:15.700|DEBUG|CharacterScraper|Scanned character level as Level 50 / 50
2026-09-29 02:35:15.700|DEBUG|CharacterScraper|Filtered scanned text to 50/50
2026-09-29 02:35:15.704|DEBUG|CharacterScraper|Parsed character level as 50
2026-09-29 02:35:15.704|INFO|CharacterScraper|ShikanoinHeizou Level: 50
2026-09-29 02:35:15.704|INFO|CharacterScraper|ShikanoinHeizou Ascended: False
2026-09-29 02:35:19.686|INFO|CharacterScraper|ShikanoinHeizou Constellation: 6
2026-09-29 02:35:22.077|INFO|CharacterScraper|ShikanoinHeizou Talents: {auto=1, skill=4, burst=4}
2026-09-29 02:35:22.333|INFO|CharacterScraper|Scanned ShikanoinHeizou successfully
2026-09-29 02:35:23.842|DEBUG|CharacterScraper|Scanned character name as Sayu with element Anemo
2026-09-29 02:35:23.879|DEBUG|CharacterScraper|Scanned character level as Level 50 / 50
2026-09-29 02:35:23.879|DEBUG|CharacterScraper|Filtered scanned text to 50/50
2026-09-29 02:35:23.879|DEBUG|CharacterScraper|Parsed character level as 50
2026-09-29 02:35:23.879|INFO|CharacterScraper|Sayu Level: 50
2026-09-29 02:35:23.879|INFO|CharacterScraper|Sayu Ascended: False
2026-09-29 02:35:26.832|INFO|CharacterScraper|Sayu Constellation: 3
2026-09-29 02:35:29.215|INFO|CharacterScraper|Sayu Talents: {auto=1, skill=1, burst=4}
2026-09-29 02:35:29.469|INFO|CharacterScraper|Scanned Sayu successfully
2026-09-29 02:35:30.958|DEBUG|CharacterScraper|Scanned character name as Charlotte with element Cryo
2026-09-29 02:35:30.986|DEBUG|CharacterScraper|Scanned character level as Level 50 / 50)
2026-09-29 02:35:30.986|DEBUG|CharacterScraper|Filtered scanned text to 50/50
2026-09-29 02:35:30.986|DEBUG|CharacterScraper|Parsed character level as 50
2026-09-29 02:35:30.986|INFO|CharacterScraper|Charlotte Level: 50
2026-09-29 02:35:30.986|INFO|CharacterScraper|Charlotte Ascended: False
2026-09-29 02:35:34.711|INFO|CharacterScraper|Charlotte Constellation: 5
2026-09-29 02:35:37.110|INFO|CharacterScraper|Charlotte Talents: {auto=1, skill=4, burst=4}
2026-09-29 02:35:37.372|INFO|CharacterScraper|Scanned Charlotte successfully
2026-09-29 02:35:38.892|DEBUG|CharacterScraper|Scanned character name as Freminet with element Cryo
2026-09-29 02:35:38.940|DEBUG|CharacterScraper|Scanned character level as Level 50 / 50
2026-09-29 02:35:38.940|DEBUG|CharacterScraper|Filtered scanned text to 50/50
2026-09-29 02:35:38.940|DEBUG|CharacterScraper|Parsed character level as 50
2026-09-29 02:35:38.940|INFO|CharacterScraper|Freminet Level: 50
2026-09-29 02:35:38.940|INFO|CharacterScraper|Freminet Ascended: False
2026-09-29 02:35:42.939|INFO|CharacterScraper|Freminet Constellation: 5
2026-09-29 02:35:45.319|INFO|CharacterScraper|Freminet Talents: {auto=4, skill=4, burst=1}
2026-09-29 02:35:45.578|INFO|CharacterScraper|Scanned Freminet successfully
2026-09-29 02:35:47.089|DEBUG|CharacterScraper|Scanned character name as Mika with element Cryo
2026-09-29 02:35:47.132|DEBUG|CharacterScraper|Scanned character level as Level 50 / 50
2026-09-29 02:35:47.132|DEBUG|CharacterScraper|Filtered scanned text to 50/50
2026-09-29 02:35:47.132|DEBUG|CharacterScraper|Parsed character level as 50
2026-09-29 02:35:47.132|INFO|CharacterScraper|Mika Level: 50
2026-09-29 02:35:47.132|INFO|CharacterScraper|Mika Ascended: False
2026-09-29 02:35:51.117|INFO|CharacterScraper|Mika Constellation: 6
2026-09-29 02:35:53.526|INFO|CharacterScraper|Mika Talents: {auto=1, skill=4, burst=4}
2026-09-29 02:35:53.787|INFO|CharacterScraper|Scanned Mika successfully
2026-09-29 02:35:55.288|DEBUG|CharacterScraper|Scanned character name as KujouSara with element Electro
2026-09-29 02:35:55.322|DEBUG|CharacterScraper|Scanned character level as Level 50 / 50
2026-09-29 02:35:55.322|DEBUG|CharacterScraper|Filtered scanned text to 50/50
2026-09-29 02:35:55.322|DEBUG|CharacterScraper|Parsed character level as 50
2026-09-29 02:35:55.322|INFO|CharacterScraper|KujouSara Level: 50
2026-09-29 02:35:55.322|INFO|CharacterScraper|KujouSara Ascended: False
2026-09-29 02:35:59.127|INFO|CharacterScraper|KujouSara Constellation: 6
2026-09-29 02:36:01.479|INFO|CharacterScraper|KujouSara Talents: {auto=1, skill=4, burst=4}
2026-09-29 02:36:01.742|INFO|CharacterScraper|Scanned KujouSara successfully
2026-09-29 02:36:03.238|DEBUG|CharacterScraper|Scanned character name as Kirara with element Dendro
2026-09-29 02:36:03.265|DEBUG|CharacterScraper|Scanned character level as - Level 50 / 50
2026-09-29 02:36:03.265|DEBUG|CharacterScraper|Filtered scanned text to 50/50
2026-09-29 02:36:03.268|DEBUG|CharacterScraper|Parsed character level as 50
2026-09-29 02:36:03.268|INFO|CharacterScraper|Kirara Level: 50
2026-09-29 02:36:03.268|INFO|CharacterScraper|Kirara Ascended: False
2026-09-29 02:36:05.277|INFO|CharacterScraper|Kirara Constellation: 1
2026-09-29 02:36:07.667|INFO|CharacterScraper|Kirara Talents: {auto=1, skill=1, burst=1}
2026-09-29 02:36:07.931|INFO|CharacterScraper|Scanned Kirara successfully
2026-09-29 02:36:09.432|DEBUG|CharacterScraper|Could not parse character name/element (Atempt 1/75). Retrying...
2026-09-29 02:36:09.612|DEBUG|CharacterScraper|Could not parse character name/element (Atempt 2/75). Retrying...
2026-09-29 02:36:09.796|DEBUG|CharacterScraper|Could not parse character name/element (Atempt 3/75). Retrying...
2026-09-29 02:36:09.981|DEBUG|CharacterScraper|Could not parse character name/element (Atempt 4/75). Retrying...
2026-09-29 02:36:10.156|DEBUG|CharacterScraper|Scanned character name as YunJin with element Geo
2026-09-29 02:36:10.201|DEBUG|CharacterScraper|Scanned character level as Level 40 / 40)
2026-09-29 02:36:10.201|DEBUG|CharacterScraper|Filtered scanned text to 40/40
2026-09-29 02:36:10.206|DEBUG|CharacterScraper|Parsed character level as 40
2026-09-29 02:36:10.206|INFO|CharacterScraper|YunJin Level: 40
2026-09-29 02:36:10.206|INFO|CharacterScraper|YunJin Ascended: False
2026-09-29 02:36:13.207|INFO|CharacterScraper|YunJin Constellation: 3
2026-09-29 02:36:15.601|INFO|CharacterScraper|YunJin Talents: {auto=1, skill=1, burst=4}
2026-09-29 02:36:15.867|INFO|CharacterScraper|Scanned YunJin successfully
2026-09-29 02:36:17.370|DEBUG|CharacterScraper|Scanned character name as Gorou with element Geo
2026-09-29 02:36:17.418|DEBUG|CharacterScraper|Scanned character level as Level 40 / 40)
2026-09-29 02:36:17.418|DEBUG|CharacterScraper|Filtered scanned text to 40/40
2026-09-29 02:36:17.423|DEBUG|CharacterScraper|Parsed character level as 40
2026-09-29 02:36:17.423|INFO|CharacterScraper|Gorou Level: 40
2026-09-29 02:36:17.423|INFO|CharacterScraper|Gorou Ascended: False
2026-09-29 02:36:20.903|INFO|CharacterScraper|Gorou Constellation: 4
2026-09-29 02:36:23.298|INFO|CharacterScraper|Gorou Talents: {auto=1, skill=4, burst=1}
2026-09-29 02:36:23.560|INFO|CharacterScraper|Scanned Gorou successfully
2026-09-29 02:36:25.061|DEBUG|CharacterScraper|Scanned character name as Alyosha with element Electro
2026-09-29 02:36:25.091|DEBUG|CharacterScraper|Scanned character level as Level 40 / 40)
2026-09-29 02:36:25.091|DEBUG|CharacterScraper|Filtered scanned text to 40/40
2026-09-29 02:36:25.094|DEBUG|CharacterScraper|Parsed character level as 40
2026-09-29 02:36:25.094|INFO|CharacterScraper|Alyosha Level: 40
2026-09-29 02:36:25.094|INFO|CharacterScraper|Alyosha Ascended: False
2026-09-29 02:36:28.846|INFO|CharacterScraper|Alyosha Constellation: 5
2026-09-29 02:36:31.222|INFO|CharacterScraper|Alyosha Talents: {auto=1, skill=4, burst=4}
2026-09-29 02:36:31.483|INFO|CharacterScraper|Scanned Alyosha successfully
2026-09-29 02:36:32.976|DEBUG|CharacterScraper|Could not parse character name/element (Atempt 1/75). Retrying...
2026-09-29 02:36:33.140|DEBUG|CharacterScraper|Could not parse character name/element (Atempt 2/75). Retrying...
2026-09-29 02:36:33.322|DEBUG|CharacterScraper|Scanned character name as Iansan with element Electro
2026-09-29 02:36:33.351|DEBUG|CharacterScraper|Scanned character level as Level 40 / 40)
2026-09-29 02:36:33.351|DEBUG|CharacterScraper|Filtered scanned text to 40/40
2026-09-29 02:36:33.351|DEBUG|CharacterScraper|Parsed character level as 40
2026-09-29 02:36:33.351|INFO|CharacterScraper|Iansan Level: 40
2026-09-29 02:36:33.351|INFO|CharacterScraper|Iansan Ascended: False
2026-09-29 02:36:35.777|INFO|CharacterScraper|Iansan Constellation: 2
2026-09-29 02:36:38.146|INFO|CharacterScraper|Iansan Talents: {auto=1, skill=1, burst=1}
2026-09-29 02:36:38.396|INFO|CharacterScraper|Scanned Iansan successfully
2026-09-29 02:36:39.901|DEBUG|CharacterScraper|Scanned character name as Sethos with element Electro
2026-09-29 02:36:39.936|DEBUG|CharacterScraper|Scanned character level as Level 40 / 40)
2026-09-29 02:36:39.936|DEBUG|CharacterScraper|Filtered scanned text to 40/40
2026-09-29 02:36:39.939|DEBUG|CharacterScraper|Parsed character level as 40
2026-09-29 02:36:39.939|INFO|CharacterScraper|Sethos Level: 40
2026-09-29 02:36:39.939|INFO|CharacterScraper|Sethos Ascended: False
2026-09-29 02:36:41.516|INFO|CharacterScraper|Sethos Constellation: 0
2026-09-29 02:36:43.959|INFO|CharacterScraper|Sethos Talents: {auto=1, skill=1, burst=1}
2026-09-29 02:36:44.222|INFO|CharacterScraper|Scanned Sethos successfully
2026-09-29 02:36:45.754|DEBUG|CharacterScraper|Scanned character name as Dori with element Electro
2026-09-29 02:36:45.792|DEBUG|CharacterScraper|Scanned character level as Level 40 / 40)
2026-09-29 02:36:45.792|DEBUG|CharacterScraper|Filtered scanned text to 40/40
2026-09-29 02:36:45.792|DEBUG|CharacterScraper|Parsed character level as 40
2026-09-29 02:36:45.792|INFO|CharacterScraper|Dori Level: 40
2026-09-29 02:36:45.792|INFO|CharacterScraper|Dori Ascended: False
2026-09-29 02:36:49.790|INFO|CharacterScraper|Dori Constellation: 6
2026-09-29 02:36:52.269|INFO|CharacterScraper|Dori Talents: {auto=1, skill=4, burst=4}
2026-09-29 02:36:52.522|INFO|CharacterScraper|Scanned Dori successfully
2026-09-29 02:36:54.014|DEBUG|CharacterScraper|Scanned character name as Dahlia with element Hydro
2026-09-29 02:36:54.047|DEBUG|CharacterScraper|Scanned character level as Level 40 / 40)
2026-09-29 02:36:54.047|DEBUG|CharacterScraper|Filtered scanned text to 40/40
2026-09-29 02:36:54.047|DEBUG|CharacterScraper|Parsed character level as 40
2026-09-29 02:36:54.047|INFO|CharacterScraper|Dahlia Level: 40
2026-09-29 02:36:54.047|INFO|CharacterScraper|Dahlia Ascended: False
2026-09-29 02:36:56.006|INFO|CharacterScraper|Dahlia Constellation: 1
2026-09-29 02:36:58.390|INFO|CharacterScraper|Dahlia Talents: {auto=1, skill=1, burst=1}
2026-09-29 02:36:58.647|INFO|CharacterScraper|Scanned Dahlia successfully
2026-09-29 02:37:00.151|DEBUG|CharacterScraper|Scanned character name as Manekina with element Cryo
2026-09-29 02:37:00.151|INFO|CharacterScraper|Skipping Manekina: no standard constellation UI
2026-09-29 02:37:00.151|ERROR|CharacterScraper|Failed to scan character
Invalid level
Invalid talents
Character
Name: Manekina
Element: Cryo
Level: 0
Ascension Level: 0
Constellation: 0
AUTO : 0
SKILL : 0
BURST : 0

2026-09-29 02:37:01.658|DEBUG|CharacterScraper|Scanned character name as Manekin with element Cryo
2026-09-29 02:37:01.658|INFO|CharacterScraper|Skipping Manekin: no standard constellation UI
2026-09-29 02:37:01.658|ERROR|CharacterScraper|Failed to scan character
Invalid level
Invalid talents
Character
Name: Manekin
Element: Cryo
Level: 0
Ascension Level: 0
Constellation: 0
AUTO : 0
SKILL : 0
BURST : 0

2026-09-29 02:37:03.166|DEBUG|CharacterScraper|Scanned character name as Sandrone with element Cryo
2026-09-29 02:37:03.166|INFO|CharacterScraper|Repeat character Sandrone detected. Finishing character scan...
2026-09-29 02:37:03.166|INFO|CharacterScraper|Wrap-around detected with recent failures; allowing one retry pass for skipped characters.
2026-09-29 02:37:03.166|ERROR|CharacterScraper|Failed to scan character
Invalid level
Invalid talents
Character
Name: Sandrone
Element: Cryo
Level: 0
Ascension Level: 0
Constellation: 0
AUTO : 0
SKILL : 0
BURST : 0

2026-09-29 02:37:04.672|DEBUG|CharacterScraper|Scanned character name as Odette with element Cryo
2026-09-29 02:37:04.697|DEBUG|CharacterScraper|Scanned character level as Level 90 / 90
2026-09-29 02:37:04.697|DEBUG|CharacterScraper|Filtered scanned text to 90/90
2026-09-29 02:37:04.697|DEBUG|CharacterScraper|Parsed character level as 90
2026-09-29 02:37:04.697|INFO|CharacterScraper|Odette Level: 90
2026-09-29 02:37:04.697|INFO|CharacterScraper|Odette Ascended: False
2026-09-29 02:37:06.263|INFO|CharacterScraper|Odette Constellation: 0
2026-09-29 02:37:08.688|INFO|CharacterScraper|Odette Talents: {auto=6, skill=9, burst=8}
2026-09-29 02:37:08.943|INFO|CharacterScraper|Prevented Odette duplicate scan
2026-09-29 02:37:10.479|DEBUG|CharacterScraper|Scanned character name as KukiShinobu with element Electro
2026-09-29 02:37:10.518|DEBUG|CharacterScraper|Scanned character level as Level 90 / 90
2026-09-29 02:37:10.518|DEBUG|CharacterScraper|Filtered scanned text to 90/90
2026-09-29 02:37:10.518|DEBUG|CharacterScraper|Parsed character level as 90
2026-09-29 02:37:10.518|INFO|CharacterScraper|KukiShinobu Level: 90
2026-09-29 02:37:10.518|INFO|CharacterScraper|KukiShinobu Ascended: False
2026-09-29 02:37:14.541|INFO|CharacterScraper|KukiShinobu Constellation: 6
2026-09-29 02:37:16.928|INFO|CharacterScraper|KukiShinobu Talents: {auto=10, skill=13, burst=13}
2026-09-29 02:37:17.183|INFO|CharacterScraper|Prevented KukiShinobu duplicate scan
2026-09-29 02:37:18.696|DEBUG|CharacterScraper|Scanned character name as Furina with element Hydro
2026-09-29 02:37:18.734|DEBUG|CharacterScraper|Scanned character level as Level 90 / 90
2026-09-29 02:37:18.734|DEBUG|CharacterScraper|Filtered scanned text to 90/90
2026-09-29 02:37:18.734|DEBUG|CharacterScraper|Parsed character level as 90
2026-09-29 02:37:18.734|INFO|CharacterScraper|Furina Level: 90
2026-09-29 02:37:18.734|INFO|CharacterScraper|Furina Ascended: False
2026-09-29 02:37:20.306|INFO|CharacterScraper|Furina Constellation: 0
2026-09-29 02:37:22.698|INFO|CharacterScraper|Furina Talents: {auto=10, skill=10, burst=10}
2026-09-29 02:37:22.949|INFO|CharacterScraper|Prevented Furina duplicate scan
2026-09-29 02:37:24.465|DEBUG|CharacterScraper|Scanned character name as Alhaitham with element Dendro
2026-09-29 02:37:24.492|DEBUG|CharacterScraper|Scanned character level as Level 90 / 90
2026-09-29 02:37:24.492|DEBUG|CharacterScraper|Filtered scanned text to 90/90
2026-09-29 02:37:24.492|DEBUG|CharacterScraper|Parsed character level as 90
2026-09-29 02:37:24.492|INFO|CharacterScraper|Alhaitham Level: 90
2026-09-29 02:37:24.492|INFO|CharacterScraper|Alhaitham Ascended: False
2026-09-29 02:37:26.473|INFO|CharacterScraper|Alhaitham Constellation: 1
2026-09-29 02:37:28.872|INFO|CharacterScraper|Alhaitham Talents: {auto=10, skill=10, burst=10}
2026-09-29 02:37:29.131|INFO|CharacterScraper|Prevented Alhaitham duplicate scan
2026-09-29 02:37:30.639|DEBUG|CharacterScraper|Scanned character name as Xingqiu with element Hydro
2026-09-29 02:37:30.676|DEBUG|CharacterScraper|Scanned character level as Level 90 / 90
2026-09-29 02:37:30.676|DEBUG|CharacterScraper|Filtered scanned text to 90/90
2026-09-29 02:37:30.676|DEBUG|CharacterScraper|Parsed character level as 90
2026-09-29 02:37:30.676|INFO|CharacterScraper|Xingqiu Level: 90
2026-09-29 02:37:30.676|INFO|CharacterScraper|Xingqiu Ascended: False
2026-09-29 02:37:34.416|INFO|CharacterScraper|Xingqiu Constellation: 6
2026-09-29 02:37:36.804|INFO|CharacterScraper|Xingqiu Talents: {auto=10, skill=13, burst=13}
2026-09-29 02:37:37.068|INFO|CharacterScraper|Prevented Xingqiu duplicate scan
2026-09-29 02:37:38.581|DEBUG|CharacterScraper|Scanned character name as Sucrose with element Anemo
2026-09-29 02:37:38.628|DEBUG|CharacterScraper|Scanned character level as Level 90 / 90
2026-09-29 02:37:38.628|DEBUG|CharacterScraper|Filtered scanned text to 90/90
2026-09-29 02:37:38.628|DEBUG|CharacterScraper|Parsed character level as 90
2026-09-29 02:37:38.628|INFO|CharacterScraper|Sucrose Level: 90
2026-09-29 02:37:38.628|INFO|CharacterScraper|Sucrose Ascended: False
2026-09-29 02:37:42.629|INFO|CharacterScraper|Sucrose Constellation: 6
2026-09-29 02:37:45.081|INFO|CharacterScraper|Sucrose Talents: {auto=8, skill=10, burst=11}
2026-09-29 02:37:45.343|INFO|CharacterScraper|Prevented Sucrose duplicate scan
2026-09-29 02:37:46.871|DEBUG|CharacterScraper|Scanned character name as Fischl with element Electro
2026-09-29 02:37:46.901|DEBUG|CharacterScraper|Scanned character level as Level 90 / 90
2026-09-29 02:37:46.901|DEBUG|CharacterScraper|Filtered scanned text to 90/90
2026-09-29 02:37:46.901|DEBUG|CharacterScraper|Parsed character level as 90
2026-09-29 02:37:46.901|INFO|CharacterScraper|Fischl Level: 90
2026-09-29 02:37:46.901|INFO|CharacterScraper|Fischl Ascended: False
2026-09-29 02:37:49.926|INFO|CharacterScraper|Fischl Constellation: 3
2026-09-29 02:37:52.304|INFO|CharacterScraper|Fischl Talents: {auto=8, skill=12, burst=8}
2026-09-29 02:37:52.566|INFO|CharacterScraper|Prevented Fischl duplicate scan
2026-09-29 02:37:54.071|DEBUG|CharacterScraper|Scanned character name as Bennett with element Pyro
2026-09-29 02:37:54.096|DEBUG|CharacterScraper|Scanned character level as Level 90 / 90
2026-09-29 02:37:54.096|DEBUG|CharacterScraper|Filtered scanned text to 90/90
2026-09-29 02:37:54.096|DEBUG|CharacterScraper|Parsed character level as 90
2026-09-29 02:37:54.096|INFO|CharacterScraper|Bennett Level: 90
2026-09-29 02:37:54.096|INFO|CharacterScraper|Bennett Ascended: False
2026-09-29 02:37:57.853|INFO|CharacterScraper|Bennett Constellation: 6
2026-09-29 02:38:00.229|INFO|CharacterScraper|Bennett Talents: {auto=8, skill=12, burst=13}
2026-09-29 02:38:00.485|INFO|CharacterScraper|Prevented Bennett duplicate scan
2026-09-29 02:38:02.009|DEBUG|CharacterScraper|Scanned character name as YumemizukiMizuki with element Anemo
2026-09-29 02:38:02.051|DEBUG|CharacterScraper|Scanned character level as Level 83 / 90 ,
2026-09-29 02:38:02.051|DEBUG|CharacterScraper|Filtered scanned text to 83/90
2026-09-29 02:38:02.051|DEBUG|CharacterScraper|Parsed character level as 83
2026-09-29 02:38:02.051|INFO|CharacterScraper|YumemizukiMizuki Level: 83
2026-09-29 02:38:02.051|INFO|CharacterScraper|YumemizukiMizuki Ascended: True
2026-09-29 02:38:04.487|INFO|CharacterScraper|YumemizukiMizuki Constellation: 2
2026-09-29 02:38:06.868|INFO|CharacterScraper|YumemizukiMizuki Talents: {auto=6, skill=8, burst=8}
2026-09-29 02:38:07.121|INFO|CharacterScraper|Prevented YumemizukiMizuki duplicate scan
2026-09-29 02:38:08.621|DEBUG|CharacterScraper|Scanned character name as Zhongli with element Geo
2026-09-29 02:38:08.658|DEBUG|CharacterScraper|Scanned character level as Level 90 / 90
2026-09-29 02:38:08.658|DEBUG|CharacterScraper|Filtered scanned text to 90/90
2026-09-29 02:38:08.658|DEBUG|CharacterScraper|Parsed character level as 90
2026-09-29 02:38:08.658|INFO|CharacterScraper|Zhongli Level: 90
2026-09-29 02:38:08.658|INFO|CharacterScraper|Zhongli Ascended: False
2026-09-29 02:38:10.220|INFO|CharacterScraper|Zhongli Constellation: 0
2026-09-29 02:38:12.605|INFO|CharacterScraper|Zhongli Talents: {auto=8, skill=10, burst=10}
2026-09-29 02:38:12.859|INFO|CharacterScraper|Prevented Zhongli duplicate scan
2026-09-29 02:38:14.378|DEBUG|CharacterScraper|Scanned character name as Xiao with element Anemo
2026-09-29 02:38:14.410|DEBUG|CharacterScraper|Scanned character level as Level 90 / 90
2026-09-29 02:38:14.410|DEBUG|CharacterScraper|Filtered scanned text to 90/90
2026-09-29 02:38:14.410|DEBUG|CharacterScraper|Parsed character level as 90
2026-09-29 02:38:14.410|INFO|CharacterScraper|Xiao Level: 90
2026-09-29 02:38:14.410|INFO|CharacterScraper|Xiao Ascended: False
2026-09-29 02:38:16.470|INFO|CharacterScraper|Xiao Constellation: 1
2026-09-29 02:38:18.903|INFO|CharacterScraper|Xiao Talents: {auto=10, skill=9, burst=10}
2026-09-29 02:38:19.169|INFO|CharacterScraper|Prevented Xiao duplicate scan
2026-09-29 02:38:20.662|DEBUG|CharacterScraper|Could not parse character name/element (Atempt 1/75). Retrying...
2026-09-29 02:38:20.849|DEBUG|CharacterScraper|Scanned character name as Skirk with element Cryo
2026-09-29 02:38:20.897|DEBUG|CharacterScraper|Scanned character level as ' Level 90 / 90
2026-09-29 02:38:20.897|DEBUG|CharacterScraper|Filtered scanned text to 90/90
2026-09-29 02:38:20.897|DEBUG|CharacterScraper|Parsed character level as 90
2026-09-29 02:38:20.897|INFO|CharacterScraper|Skirk Level: 90
2026-09-29 02:38:20.897|INFO|CharacterScraper|Skirk Ascended: False
2026-09-29 02:38:22.471|INFO|CharacterScraper|Skirk Constellation: 0
2026-09-29 02:38:24.824|INFO|CharacterScraper|Skirk Talents: {auto=10, skill=10, burst=10}
2026-09-29 02:38:25.089|INFO|CharacterScraper|Prevented Skirk duplicate scan
2026-09-29 02:38:26.578|DEBUG|CharacterScraper|Could not parse character name/element (Atempt 1/75). Retrying...
2026-09-29 02:38:26.780|DEBUG|CharacterScraper|Could not parse character name/element (Atempt 2/75). Retrying...
2026-09-29 02:38:26.973|DEBUG|CharacterScraper|Could not parse character name/element (Atempt 3/75). Retrying...
2026-09-29 02:38:27.160|DEBUG|CharacterScraper|Could not parse character name/element (Atempt 4/75). Retrying...
2026-09-29 02:38:27.340|DEBUG|CharacterScraper|Scanned character name as Wriothesley with element Cryo
2026-09-29 02:38:27.371|DEBUG|CharacterScraper|Scanned character level as Level 90 / 90
2026-09-29 02:38:27.371|DEBUG|CharacterScraper|Filtered scanned text to 90/90
2026-09-29 02:38:27.371|DEBUG|CharacterScraper|Parsed character level as 90
2026-09-29 02:38:27.375|INFO|CharacterScraper|Wriothesley Level: 90
2026-09-29 02:38:27.375|INFO|CharacterScraper|Wriothesley Ascended: False
2026-09-29 02:38:28.903|INFO|CharacterScraper|Wriothesley Constellation: 0
2026-09-29 02:38:31.304|INFO|CharacterScraper|Wriothesley Talents: {auto=10, skill=10, burst=10}
2026-09-29 02:38:31.569|INFO|CharacterScraper|Prevented Wriothesley duplicate scan
2026-09-29 02:38:33.056|DEBUG|CharacterScraper|Scanned character name as Traveler with element Cryo
2026-09-29 02:38:33.091|DEBUG|CharacterScraper|Scanned character level as _ Level 90 / 90
2026-09-29 02:38:33.091|DEBUG|CharacterScraper|Filtered scanned text to 90/90
2026-09-29 02:38:33.094|DEBUG|CharacterScraper|Parsed character level as 90
2026-09-29 02:38:33.094|INFO|CharacterScraper|TravelerCryo Level: 90
2026-09-29 02:38:33.094|INFO|CharacterScraper|TravelerCryo Ascended: False
2026-09-29 02:38:36.382|INFO|CharacterScraper|TravelerCryo Constellation: 4
2026-09-29 02:38:38.758|INFO|CharacterScraper|TravelerCryo Talents: {auto=7, skill=6, burst=11}
2026-09-29 02:38:39.011|INFO|CharacterScraper|Prevented TravelerCryo duplicate scan
2026-09-29 02:38:40.542|DEBUG|CharacterScraper|Scanned character name as KamisatoAyaka with element Cryo
2026-09-29 02:38:40.580|DEBUG|CharacterScraper|Scanned character level as _ Level 90 / 90
2026-09-29 02:38:40.580|DEBUG|CharacterScraper|Filtered scanned text to 90/90
2026-09-29 02:38:40.580|DEBUG|CharacterScraper|Parsed character level as 90
2026-09-29 02:38:40.580|INFO|CharacterScraper|KamisatoAyaka Level: 90
2026-09-29 02:38:40.580|INFO|CharacterScraper|KamisatoAyaka Ascended: False
2026-09-29 02:38:42.650|INFO|CharacterScraper|KamisatoAyaka Constellation: 1
2026-09-29 02:38:45.062|INFO|CharacterScraper|KamisatoAyaka Talents: {auto=4, skill=5, burst=4}
2026-09-29 02:38:45.326|INFO|CharacterScraper|Prevented KamisatoAyaka duplicate scan
2026-09-29 02:38:46.869|DEBUG|CharacterScraper|Scanned character name as RaidenShogun with element Electro
2026-09-29 02:38:46.909|DEBUG|CharacterScraper|Scanned character level as Level 90 / 90
2026-09-29 02:38:46.909|DEBUG|CharacterScraper|Filtered scanned text to 90/90
2026-09-29 02:38:46.909|DEBUG|CharacterScraper|Parsed character level as 90
2026-09-29 02:38:46.909|INFO|CharacterScraper|RaidenShogun Level: 90
2026-09-29 02:38:46.909|INFO|CharacterScraper|RaidenShogun Ascended: False
2026-09-29 02:38:48.466|INFO|CharacterScraper|RaidenShogun Constellation: 0
2026-09-29 02:38:50.875|INFO|CharacterScraper|RaidenShogun Talents: {auto=10, skill=10, burst=10}
2026-09-29 02:38:51.137|INFO|CharacterScraper|Prevented RaidenShogun duplicate scan
2026-09-29 02:38:52.656|DEBUG|CharacterScraper|Could not parse character name/element (Atempt 1/75). Retrying...
2026-09-29 02:38:52.843|DEBUG|CharacterScraper|Could not parse character name/element (Atempt 2/75). Retrying...
2026-09-29 02:38:53.028|DEBUG|CharacterScraper|Could not parse character name/element (Atempt 3/75). Retrying...
2026-09-29 02:38:53.207|DEBUG|CharacterScraper|Could not parse character name/element (Atempt 4/75). Retrying...
2026-09-29 02:38:53.395|DEBUG|CharacterScraper|Scanned character name as Nefer with element Dendro
2026-09-29 02:38:53.441|DEBUG|CharacterScraper|Scanned character level as - Level 90 / 90
2026-09-29 02:38:53.441|DEBUG|CharacterScraper|Filtered scanned text to 90/90
2026-09-29 02:38:53.441|DEBUG|CharacterScraper|Parsed character level as 90
2026-09-29 02:38:53.441|INFO|CharacterScraper|Nefer Level: 90
2026-09-29 02:38:53.441|INFO|CharacterScraper|Nefer Ascended: False
2026-09-29 02:38:54.965|INFO|CharacterScraper|Nefer Constellation: 0
2026-09-29 02:38:57.348|INFO|CharacterScraper|Nefer Talents: {auto=6, skill=10, burst=9}
2026-09-29 02:38:57.603|INFO|CharacterScraper|Prevented Nefer duplicate scan
2026-09-29 02:38:59.115|DEBUG|CharacterScraper|Scanned character name as Lauma with element Dendro
2026-09-29 02:38:59.152|DEBUG|CharacterScraper|Scanned character level as Level 90 /'90)
2026-09-29 02:38:59.152|DEBUG|CharacterScraper|Filtered scanned text to 90/90
2026-09-29 02:38:59.152|DEBUG|CharacterScraper|Parsed character level as 90
2026-09-29 02:38:59.152|INFO|CharacterScraper|Lauma Level: 90
2026-09-29 02:38:59.152|INFO|CharacterScraper|Lauma Ascended: False
2026-09-29 02:39:00.699|INFO|CharacterScraper|Lauma Constellation: 0
2026-09-29 02:39:03.095|INFO|CharacterScraper|Lauma Talents: {auto=10, skill=10, burst=10}
2026-09-29 02:39:03.345|INFO|CharacterScraper|Prevented Lauma duplicate scan
2026-09-29 02:39:04.867|DEBUG|CharacterScraper|Scanned character name as Nahida with element Dendro
2026-09-29 02:39:04.904|DEBUG|CharacterScraper|Scanned character level as Level 90 / 90
2026-09-29 02:39:04.904|DEBUG|CharacterScraper|Filtered scanned text to 90/90
2026-09-29 02:39:04.906|DEBUG|CharacterScraper|Parsed character level as 90
2026-09-29 02:39:04.906|INFO|CharacterScraper|Nahida Level: 90
2026-09-29 02:39:04.906|INFO|CharacterScraper|Nahida Ascended: False
2026-09-29 02:39:06.451|INFO|CharacterScraper|Nahida Constellation: 0
2026-09-29 02:39:08.857|INFO|CharacterScraper|Nahida Talents: {auto=10, skill=10, burst=10}
2026-09-29 02:39:09.110|INFO|CharacterScraper|Prevented Nahida duplicate scan
2026-09-29 02:39:10.673|DEBUG|CharacterScraper|Scanned character name as Neuvillette with element Hydro
2026-09-29 02:39:10.715|DEBUG|CharacterScraper|Scanned character level as Level 90 / 90)
2026-09-29 02:39:10.715|DEBUG|CharacterScraper|Filtered scanned text to 90/90
2026-09-29 02:39:10.720|DEBUG|CharacterScraper|Parsed character level as 90
2026-09-29 02:39:10.720|INFO|CharacterScraper|Neuvillette Level: 90
2026-09-29 02:39:10.720|INFO|CharacterScraper|Neuvillette Ascended: False
2026-09-29 02:39:12.302|INFO|CharacterScraper|Neuvillette Constellation: 0
2026-09-29 02:39:14.731|INFO|CharacterScraper|Neuvillette Talents: {auto=10, skill=10, burst=10}
2026-09-29 02:39:14.984|INFO|CharacterScraper|Prevented Neuvillette duplicate scan
2026-09-29 02:39:16.486|DEBUG|GenshinProcesor|Most similar string found for yelang as yelan (83,3333333333333%)
2026-09-29 02:39:16.486|DEBUG|CharacterScraper|Scanned character name as Yelan with element Hydro
2026-09-29 02:39:16.529|DEBUG|CharacterScraper|Scanned character level as Level 90 / 90
2026-09-29 02:39:16.529|DEBUG|CharacterScraper|Filtered scanned text to 90/90
2026-09-29 02:39:16.533|DEBUG|CharacterScraper|Parsed character level as 90
2026-09-29 02:39:16.533|INFO|CharacterScraper|Yelan Level: 90
2026-09-29 02:39:16.533|INFO|CharacterScraper|Yelan Ascended: False
2026-09-29 02:39:18.086|INFO|CharacterScraper|Yelan Constellation: 0
2026-09-29 02:39:20.514|INFO|CharacterScraper|Yelan Talents: {auto=6, skill=9, burst=10}
2026-09-29 02:39:20.767|INFO|CharacterScraper|Prevented Yelan duplicate scan
2026-09-29 02:39:22.270|DEBUG|CharacterScraper|Scanned character name as Durin with element Pyro
2026-09-29 02:39:22.314|DEBUG|CharacterScraper|Scanned character level as Level 90 / 90
2026-09-29 02:39:22.314|DEBUG|CharacterScraper|Filtered scanned text to 90/90
2026-09-29 02:39:22.314|DEBUG|CharacterScraper|Parsed character level as 90
2026-09-29 02:39:22.314|INFO|CharacterScraper|Durin Level: 90
2026-09-29 02:39:22.314|INFO|CharacterScraper|Durin Ascended: False
2026-09-29 02:39:23.851|INFO|CharacterScraper|Durin Constellation: 0
2026-09-29 02:39:26.251|INFO|CharacterScraper|Durin Talents: {auto=6, skill=8, burst=10}
2026-09-29 02:39:26.511|INFO|CharacterScraper|Prevented Durin duplicate scan
2026-09-29 02:39:28.027|DEBUG|CharacterScraper|Scanned character name as Mavuika with element Pyro
2026-09-29 02:39:28.055|DEBUG|CharacterScraper|Scanned character level as Level 90 / 90
2026-09-29 02:39:28.055|DEBUG|CharacterScraper|Filtered scanned text to 90/90
2026-09-29 02:39:28.055|DEBUG|CharacterScraper|Parsed character level as 90
2026-09-29 02:39:28.055|INFO|CharacterScraper|Mavuika Level: 90
2026-09-29 02:39:28.055|INFO|CharacterScraper|Mavuika Ascended: False
2026-09-29 02:39:29.570|INFO|CharacterScraper|Mavuika Constellation: 0
2026-09-29 02:39:31.931|INFO|CharacterScraper|Mavuika Talents: {auto=10, skill=10, burst=10}
2026-09-29 02:39:32.183|INFO|CharacterScraper|Prevented Mavuika duplicate scan
2026-09-29 02:39:33.677|DEBUG|CharacterScraper|Scanned character name as Dehya with element Pyro
2026-09-29 02:39:33.709|DEBUG|CharacterScraper|Scanned character level as Level 90 / 90
2026-09-29 02:39:33.709|DEBUG|CharacterScraper|Filtered scanned text to 90/90
2026-09-29 02:39:33.709|DEBUG|CharacterScraper|Parsed character level as 90
2026-09-29 02:39:33.709|INFO|CharacterScraper|Dehya Level: 90
2026-09-29 02:39:33.709|INFO|CharacterScraper|Dehya Ascended: False
2026-09-29 02:39:36.102|INFO|CharacterScraper|Dehya Constellation: 2
2026-09-29 02:39:38.477|INFO|CharacterScraper|Dehya Talents: {auto=6, skill=8, burst=8}
2026-09-29 02:39:38.740|INFO|CharacterScraper|Prevented Dehya duplicate scan
2026-09-29 02:39:40.255|DEBUG|CharacterScraper|Scanned character name as Yoimiya with element Pyro
2026-09-29 02:39:40.295|DEBUG|CharacterScraper|Scanned character level as Level 90 / 90
2026-09-29 02:39:40.295|DEBUG|CharacterScraper|Filtered scanned text to 90/90
2026-09-29 02:39:40.299|DEBUG|CharacterScraper|Parsed character level as 90
2026-09-29 02:39:40.299|INFO|CharacterScraper|Yoimiya Level: 90
2026-09-29 02:39:40.299|INFO|CharacterScraper|Yoimiya Ascended: False
2026-09-29 02:39:42.336|INFO|CharacterScraper|Yoimiya Constellation: 1
2026-09-29 02:39:44.684|INFO|CharacterScraper|Yoimiya Talents: {auto=6, skill=9, burst=8}
2026-09-29 02:39:44.935|INFO|CharacterScraper|Prevented Yoimiya duplicate scan
2026-09-29 02:39:46.438|DEBUG|CharacterScraper|Scanned character name as Noelle with element Geo
2026-09-29 02:39:46.480|DEBUG|CharacterScraper|Scanned character level as Level 90 / 90
2026-09-29 02:39:46.480|DEBUG|CharacterScraper|Filtered scanned text to 90/90
2026-09-29 02:39:46.480|DEBUG|CharacterScraper|Parsed character level as 90
2026-09-29 02:39:46.480|INFO|CharacterScraper|Noelle Level: 90
2026-09-29 02:39:46.480|INFO|CharacterScraper|Noelle Ascended: False
2026-09-29 02:39:50.432|INFO|CharacterScraper|Noelle Constellation: 5
2026-09-29 02:39:52.829|INFO|CharacterScraper|Noelle Talents: {auto=6, skill=10, burst=11}
2026-09-29 02:39:53.080|INFO|CharacterScraper|Prevented Noelle duplicate scan
2026-09-29 02:39:54.575|DEBUG|CharacterScraper|Scanned character name as Kaeya with element Cryo
2026-09-29 02:39:54.598|DEBUG|CharacterScraper|Scanned character level as Level 90 / 90
2026-09-29 02:39:54.598|DEBUG|CharacterScraper|Filtered scanned text to 90/90
2026-09-29 02:39:54.598|DEBUG|CharacterScraper|Parsed character level as 90
2026-09-29 02:39:54.598|INFO|CharacterScraper|Kaeya Level: 90
2026-09-29 02:39:54.598|INFO|CharacterScraper|Kaeya Ascended: False
2026-09-29 02:39:57.941|INFO|CharacterScraper|Kaeya Constellation: 4
2026-09-29 02:40:00.316|INFO|CharacterScraper|Kaeya Talents: {auto=5, skill=9, burst=9}
2026-09-29 02:40:00.578|INFO|CharacterScraper|Prevented Kaeya duplicate scan
2026-09-29 02:40:02.063|DEBUG|CharacterScraper|Scanned character name as Zibai with element Geo
2026-09-29 02:40:02.096|DEBUG|CharacterScraper|Scanned character level as Level 80 / 80)
2026-09-29 02:40:02.096|DEBUG|CharacterScraper|Filtered scanned text to 80/80
2026-09-29 02:40:02.096|DEBUG|CharacterScraper|Parsed character level as 80
2026-09-29 02:40:02.096|INFO|CharacterScraper|Zibai Level: 80
2026-09-29 02:40:02.096|INFO|CharacterScraper|Zibai Ascended: False
2026-09-29 02:40:03.644|INFO|CharacterScraper|Zibai Constellation: 0
2026-09-29 02:40:06.041|INFO|CharacterScraper|Zibai Talents: {auto=6, skill=8, burst=6}
2026-09-29 02:40:06.297|INFO|CharacterScraper|Prevented Zibai duplicate scan
2026-09-29 02:40:07.782|DEBUG|CharacterScraper|Scanned character name as Jean with element Anemo
2026-09-29 02:40:07.816|DEBUG|CharacterScraper|Scanned character level as Level 80 / 80)
2026-09-29 02:40:07.816|DEBUG|CharacterScraper|Filtered scanned text to 80/80
2026-09-29 02:40:07.816|DEBUG|CharacterScraper|Parsed character level as 80
2026-09-29 02:40:07.816|INFO|CharacterScraper|Jean Level: 80
2026-09-29 02:40:07.816|INFO|CharacterScraper|Jean Ascended: False
2026-09-29 02:40:09.929|INFO|CharacterScraper|Jean Constellation: 1
2026-09-29 02:40:12.320|INFO|CharacterScraper|Jean Talents: {auto=7, skill=8, burst=8}
2026-09-29 02:40:12.576|INFO|CharacterScraper|Prevented Jean duplicate scan
2026-09-29 02:40:14.088|DEBUG|CharacterScraper|Scanned character name as Cyno with element Electro
2026-09-29 02:40:14.121|DEBUG|CharacterScraper|Scanned character level as Level 80 / 80
2026-09-29 02:40:14.121|DEBUG|CharacterScraper|Filtered scanned text to 80/80
2026-09-29 02:40:14.125|DEBUG|CharacterScraper|Parsed character level as 80
2026-09-29 02:40:14.125|INFO|CharacterScraper|Cyno Level: 80
2026-09-29 02:40:14.125|INFO|CharacterScraper|Cyno Ascended: False
2026-09-29 02:40:15.695|INFO|CharacterScraper|Cyno Constellation: 0
2026-09-29 02:40:18.118|INFO|CharacterScraper|Cyno Talents: {auto=6, skill=6, burst=6}
2026-09-29 02:40:18.381|INFO|CharacterScraper|Prevented Cyno duplicate scan
2026-09-29 02:40:19.895|DEBUG|CharacterScraper|Scanned character name as Columbina with element Hydro
2026-09-29 02:40:19.942|DEBUG|CharacterScraper|Scanned character level as Level 80 / 80
2026-09-29 02:40:19.942|DEBUG|CharacterScraper|Filtered scanned text to 80/80
2026-09-29 02:40:19.942|DEBUG|CharacterScraper|Parsed character level as 80
2026-09-29 02:40:19.942|INFO|CharacterScraper|Columbina Level: 80
2026-09-29 02:40:19.942|INFO|CharacterScraper|Columbina Ascended: False
2026-09-29 02:40:21.530|INFO|CharacterScraper|Columbina Constellation: 0
2026-09-29 02:40:23.924|INFO|CharacterScraper|Columbina Talents: {auto=6, skill=6, burst=6}
2026-09-29 02:40:24.185|INFO|CharacterScraper|Prevented Columbina duplicate scan
2026-09-29 02:40:25.699|DEBUG|GenshinProcesor|Most similar string found for mualanij as mualani (87,5%)
2026-09-29 02:40:25.699|DEBUG|CharacterScraper|Scanned character name as Mualani with element Hydro
2026-09-29 02:40:25.733|DEBUG|CharacterScraper|Scanned character level as Level 80 / 80
2026-09-29 02:40:25.734|DEBUG|CharacterScraper|Filtered scanned text to 80/80
2026-09-29 02:40:25.734|DEBUG|CharacterScraper|Parsed character level as 80
2026-09-29 02:40:25.734|INFO|CharacterScraper|Mualani Level: 80
2026-09-29 02:40:25.734|INFO|CharacterScraper|Mualani Ascended: False
2026-09-29 02:40:27.279|INFO|CharacterScraper|Mualani Constellation: 0
2026-09-29 02:40:29.691|INFO|CharacterScraper|Mualani Talents: {auto=1, skill=1, burst=1}
2026-09-29 02:40:29.954|INFO|CharacterScraper|Prevented Mualani duplicate scan
2026-09-29 02:40:31.459|DEBUG|CharacterScraper|Scanned character name as Arlecchino with element Pyro
2026-09-29 02:40:31.503|DEBUG|CharacterScraper|Scanned character level as Level 80 / 80
2026-09-29 02:40:31.503|DEBUG|CharacterScraper|Filtered scanned text to 80/80
2026-09-29 02:40:31.503|DEBUG|CharacterScraper|Parsed character level as 80
2026-09-29 02:40:31.503|INFO|CharacterScraper|Arlecchino Level: 80
2026-09-29 02:40:31.503|INFO|CharacterScraper|Arlecchino Ascended: False
2026-09-29 02:40:33.029|INFO|CharacterScraper|Arlecchino Constellation: 0
2026-09-29 02:40:35.402|INFO|CharacterScraper|Arlecchino Talents: {auto=6, skill=6, burst=6}
2026-09-29 02:40:35.666|INFO|CharacterScraper|Prevented Arlecchino duplicate scan
2026-09-29 02:40:37.160|DEBUG|CharacterScraper|Scanned character name as Kachina with element Geo
2026-09-29 02:40:37.185|DEBUG|CharacterScraper|Scanned character level as Level 80 / 80)
2026-09-29 02:40:37.185|DEBUG|CharacterScraper|Filtered scanned text to 80/80
2026-09-29 02:40:37.188|DEBUG|CharacterScraper|Parsed character level as 80
2026-09-29 02:40:37.188|INFO|CharacterScraper|Kachina Level: 80
2026-09-29 02:40:37.188|INFO|CharacterScraper|Kachina Ascended: False
2026-09-29 02:40:41.208|INFO|CharacterScraper|Kachina Constellation: 6
2026-09-29 02:40:43.603|INFO|CharacterScraper|Kachina Talents: {auto=4, skill=9, burst=8}
2026-09-29 02:40:43.855|INFO|CharacterScraper|Prevented Kachina duplicate scan
2026-09-29 02:40:45.374|DEBUG|CharacterScraper|Scanned character name as Ningguang with element Geo
2026-09-29 02:40:45.419|DEBUG|CharacterScraper|Scanned character level as Level 80 / 80)
2026-09-29 02:40:45.419|DEBUG|CharacterScraper|Filtered scanned text to 80/80
2026-09-29 02:40:45.425|DEBUG|CharacterScraper|Parsed character level as 80
2026-09-29 02:40:45.425|INFO|CharacterScraper|Ningguang Level: 80
2026-09-29 02:40:45.425|INFO|CharacterScraper|Ningguang Ascended: False
2026-09-29 02:40:49.419|INFO|CharacterScraper|Ningguang Constellation: 5
2026-09-29 02:40:51.800|INFO|CharacterScraper|Ningguang Talents: {auto=2, skill=5, burst=5}
2026-09-29 02:40:52.066|INFO|CharacterScraper|Prevented Ningguang duplicate scan
2026-09-29 02:40:53.556|DEBUG|CharacterScraper|Scanned character name as Ifa with element Anemo
2026-09-29 02:40:53.588|DEBUG|CharacterScraper|Scanned character level as Level 80 / 80
2026-09-29 02:40:53.588|DEBUG|CharacterScraper|Filtered scanned text to 80/80
2026-09-29 02:40:53.588|DEBUG|CharacterScraper|Parsed character level as 80
2026-09-29 02:40:53.588|INFO|CharacterScraper|Ifa Level: 80
2026-09-29 02:40:53.588|INFO|CharacterScraper|Ifa Ascended: False
2026-09-29 02:40:56.914|INFO|CharacterScraper|Ifa Constellation: 4
2026-09-29 02:40:59.284|INFO|CharacterScraper|Ifa Talents: {auto=1, skill=4, burst=1}
2026-09-29 02:40:59.537|INFO|CharacterScraper|Prevented Ifa duplicate scan
2026-09-29 02:41:01.042|DEBUG|CharacterScraper|Scanned character name as Wanderer with element Anemo
2026-09-29 02:41:01.067|DEBUG|CharacterScraper|Scanned character level as Level 70 / 70
2026-09-29 02:41:01.067|DEBUG|CharacterScraper|Filtered scanned text to 70/70
2026-09-29 02:41:01.067|DEBUG|CharacterScraper|Parsed character level as 70
2026-09-29 02:41:01.067|INFO|CharacterScraper|Wanderer Level: 70
2026-09-29 02:41:01.067|INFO|CharacterScraper|Wanderer Ascended: False
2026-09-29 02:41:02.599|INFO|CharacterScraper|Wanderer Constellation: 0
2026-09-29 02:41:04.957|INFO|CharacterScraper|Wanderer Talents: {auto=3, skill=5, burst=4}
2026-09-29 02:41:05.209|INFO|CharacterScraper|Prevented Wanderer duplicate scan
2026-09-29 02:41:06.706|DEBUG|CharacterScraper|Scanned character name as Qiqi with element Cryo
2026-09-29 02:41:06.739|DEBUG|CharacterScraper|Scanned character level as Level 70 / 70
2026-09-29 02:41:06.739|DEBUG|CharacterScraper|Filtered scanned text to 70/70
2026-09-29 02:41:06.739|DEBUG|CharacterScraper|Parsed character level as 70
2026-09-29 02:41:06.739|INFO|CharacterScraper|Qiqi Level: 70
2026-09-29 02:41:06.739|INFO|CharacterScraper|Qiqi Ascended: False
2026-09-29 02:41:08.734|INFO|CharacterScraper|Qiqi Constellation: 1
2026-09-29 02:41:11.172|INFO|CharacterScraper|Qiqi Talents: {auto=1, skill=1, burst=1}
2026-09-29 02:41:11.435|INFO|CharacterScraper|Prevented Qiqi duplicate scan
2026-09-29 02:41:12.949|DEBUG|CharacterScraper|Scanned character name as Rosaria with element Cryo
2026-09-29 02:41:12.996|DEBUG|CharacterScraper|Scanned character level as Level 70 / 70%
2026-09-29 02:41:12.996|DEBUG|CharacterScraper|Filtered scanned text to 70/70
2026-09-29 02:41:12.996|DEBUG|CharacterScraper|Parsed character level as 70
2026-09-29 02:41:12.996|INFO|CharacterScraper|Rosaria Level: 70
2026-09-29 02:41:12.996|INFO|CharacterScraper|Rosaria Ascended: False
2026-09-29 02:41:17.010|INFO|CharacterScraper|Rosaria Constellation: 6
2026-09-29 02:41:19.424|INFO|CharacterScraper|Rosaria Talents: {auto=1, skill=4, burst=4}
2026-09-29 02:41:19.677|INFO|CharacterScraper|Prevented Rosaria duplicate scan
2026-09-29 02:41:21.175|DEBUG|CharacterScraper|Scanned character name as Diona with element Cryo
2026-09-29 02:41:21.221|DEBUG|CharacterScraper|Scanned character level as "Level 70 / 70
2026-09-29 02:41:21.221|DEBUG|CharacterScraper|Filtered scanned text to 70/70
2026-09-29 02:41:21.221|DEBUG|CharacterScraper|Parsed character level as 70
2026-09-29 02:41:21.221|INFO|CharacterScraper|Diona Level: 70
2026-09-29 02:41:21.221|INFO|CharacterScraper|Diona Ascended: False
2026-09-29 02:41:25.088|INFO|CharacterScraper|Diona Constellation: 6
2026-09-29 02:41:27.425|INFO|CharacterScraper|Diona Talents: {auto=1, skill=4, burst=4}
2026-09-29 02:41:27.682|INFO|CharacterScraper|Prevented Diona duplicate scan
2026-09-29 02:41:29.195|DEBUG|CharacterScraper|Scanned character name as Chongyun with element Cryo
2026-09-29 02:41:29.223|DEBUG|CharacterScraper|Scanned character level as Level 70 / 70
2026-09-29 02:41:29.223|DEBUG|CharacterScraper|Filtered scanned text to 70/70
2026-09-29 02:41:29.223|DEBUG|CharacterScraper|Parsed character level as 70
2026-09-29 02:41:29.223|INFO|CharacterScraper|Chongyun Level: 70
2026-09-29 02:41:29.223|INFO|CharacterScraper|Chongyun Ascended: False
2026-09-29 02:41:33.016|INFO|CharacterScraper|Chongyun Constellation: 6
2026-09-29 02:41:35.421|INFO|CharacterScraper|Chongyun Talents: {auto=1, skill=4, burst=4}
2026-09-29 02:41:35.686|INFO|CharacterScraper|Prevented Chongyun duplicate scan
2026-09-29 02:41:37.195|DEBUG|CharacterScraper|Scanned character name as Beidou with element Electro
2026-09-29 02:41:37.235|DEBUG|CharacterScraper|Scanned character level as Level 70 / 70
2026-09-29 02:41:37.235|DEBUG|CharacterScraper|Filtered scanned text to 70/70
2026-09-29 02:41:37.235|DEBUG|CharacterScraper|Parsed character level as 70
2026-09-29 02:41:37.235|INFO|CharacterScraper|Beidou Level: 70
2026-09-29 02:41:37.235|INFO|CharacterScraper|Beidou Ascended: False
2026-09-29 02:41:41.211|INFO|CharacterScraper|Beidou Constellation: 6
2026-09-29 02:41:43.579|INFO|CharacterScraper|Beidou Talents: {auto=1, skill=4, burst=4}
2026-09-29 02:41:43.833|INFO|CharacterScraper|Prevented Beidou duplicate scan
2026-09-29 02:41:45.356|DEBUG|CharacterScraper|Scanned character name as Razor with element Electro
2026-09-29 02:41:45.392|DEBUG|CharacterScraper|Scanned character level as Level 70 / 70
2026-09-29 02:41:45.392|DEBUG|CharacterScraper|Filtered scanned text to 70/70
2026-09-29 02:41:45.392|DEBUG|CharacterScraper|Parsed character level as 70
2026-09-29 02:41:45.392|INFO|CharacterScraper|Razor Level: 70
2026-09-29 02:41:45.392|INFO|CharacterScraper|Razor Ascended: False
2026-09-29 02:41:47.943|INFO|CharacterScraper|Razor Constellation: 2
2026-09-29 02:41:50.321|INFO|CharacterScraper|Razor Talents: {auto=2, skill=2, burst=2}
2026-09-29 02:41:50.575|INFO|CharacterScraper|Prevented Razor duplicate scan
2026-09-29 02:41:52.081|DEBUG|CharacterScraper|Scanned character name as Lisa with element Electro
2026-09-29 02:41:52.116|DEBUG|CharacterScraper|Scanned character level as Level 70 / 70
2026-09-29 02:41:52.116|DEBUG|CharacterScraper|Filtered scanned text to 70/70
2026-09-29 02:41:52.116|DEBUG|CharacterScraper|Parsed character level as 70
2026-09-29 02:41:52.116|INFO|CharacterScraper|Lisa Level: 70
2026-09-29 02:41:52.116|INFO|CharacterScraper|Lisa Ascended: False
2026-09-29 02:41:53.661|INFO|CharacterScraper|Lisa Constellation: 0
2026-09-29 02:41:55.996|INFO|CharacterScraper|Lisa Talents: {auto=2, skill=3, burst=3}
2026-09-29 02:41:56.255|INFO|CharacterScraper|Prevented Lisa duplicate scan
2026-09-29 02:41:57.774|DEBUG|CharacterScraper|Scanned character name as Xiangling with element Pyro
2026-09-29 02:41:57.813|DEBUG|CharacterScraper|Scanned character level as Level 70 / 70
2026-09-29 02:41:57.813|DEBUG|CharacterScraper|Filtered scanned text to 70/70
2026-09-29 02:41:57.813|DEBUG|CharacterScraper|Parsed character level as 70
2026-09-29 02:41:57.813|INFO|CharacterScraper|Xiangling Level: 70
2026-09-29 02:41:57.813|INFO|CharacterScraper|Xiangling Ascended: False
2026-09-29 02:42:00.224|INFO|CharacterScraper|Xiangling Constellation: 2
2026-09-29 02:42:02.578|INFO|CharacterScraper|Xiangling Talents: {auto=2, skill=3, burst=4}
2026-09-29 02:42:02.830|INFO|CharacterScraper|Prevented Xiangling duplicate scan
2026-09-29 02:42:04.340|DEBUG|CharacterScraper|Scanned character name as Varesa with element Electro
2026-09-29 02:42:04.379|DEBUG|CharacterScraper|Scanned character level as Level 60 / 60
2026-09-29 02:42:04.379|DEBUG|CharacterScraper|Filtered scanned text to 60/60
2026-09-29 02:42:04.379|DEBUG|CharacterScraper|Parsed character level as 60
2026-09-29 02:42:04.379|INFO|CharacterScraper|Varesa Level: 60
2026-09-29 02:42:04.379|INFO|CharacterScraper|Varesa Ascended: False
2026-09-29 02:42:05.927|INFO|CharacterScraper|Varesa Constellation: 0
2026-09-29 02:42:08.266|INFO|CharacterScraper|Varesa Talents: {auto=1, skill=1, burst=1}
2026-09-29 02:42:08.525|INFO|CharacterScraper|Prevented Varesa duplicate scan
2026-09-29 02:42:10.052|DEBUG|CharacterScraper|Scanned character name as Tighnari with element Dendro
2026-09-29 02:42:10.088|DEBUG|CharacterScraper|Scanned character level as Level 60 / 60)
2026-09-29 02:42:10.088|DEBUG|CharacterScraper|Filtered scanned text to 60/60
2026-09-29 02:42:10.088|DEBUG|CharacterScraper|Parsed character level as 60
2026-09-29 02:42:10.088|INFO|CharacterScraper|Tighnari Level: 60
2026-09-29 02:42:10.088|INFO|CharacterScraper|Tighnari Ascended: False
2026-09-29 02:42:12.160|INFO|CharacterScraper|Tighnari Constellation: 1
2026-09-29 02:42:14.580|INFO|CharacterScraper|Tighnari Talents: {auto=2, skill=1, burst=1}
2026-09-29 02:42:14.838|INFO|CharacterScraper|Prevented Tighnari duplicate scan
2026-09-29 02:42:16.348|DEBUG|CharacterScraper|Scanned character name as Mona with element Hydro
2026-09-29 02:42:16.386|DEBUG|CharacterScraper|Scanned character level as Level 60 / 60
2026-09-29 02:42:16.386|DEBUG|CharacterScraper|Filtered scanned text to 60/60
2026-09-29 02:42:16.386|DEBUG|CharacterScraper|Parsed character level as 60
2026-09-29 02:42:16.386|INFO|CharacterScraper|Mona Level: 60
2026-09-29 02:42:16.386|INFO|CharacterScraper|Mona Ascended: False
2026-09-29 02:42:18.926|INFO|CharacterScraper|Mona Constellation: 2
2026-09-29 02:42:21.328|INFO|CharacterScraper|Mona Talents: {auto=1, skill=1, burst=1}
2026-09-29 02:42:21.584|INFO|CharacterScraper|Prevented Mona duplicate scan
2026-09-29 02:42:23.087|DEBUG|CharacterScraper|Scanned character name as Diluc with element Pyro
2026-09-29 02:42:23.135|DEBUG|CharacterScraper|Scanned character level as Level 60 / 60
2026-09-29 02:42:23.135|DEBUG|CharacterScraper|Filtered scanned text to 60/60
2026-09-29 02:42:23.135|DEBUG|CharacterScraper|Parsed character level as 60
2026-09-29 02:42:23.135|INFO|CharacterScraper|Diluc Level: 60
2026-09-29 02:42:23.135|INFO|CharacterScraper|Diluc Ascended: False
2026-09-29 02:42:25.539|INFO|CharacterScraper|Diluc Constellation: 2
2026-09-29 02:42:27.869|INFO|CharacterScraper|Diluc Talents: {auto=1, skill=1, burst=1}
2026-09-29 02:42:28.124|INFO|CharacterScraper|Prevented Diluc duplicate scan
2026-09-29 02:42:29.607|DEBUG|CharacterScraper|Scanned character name as Illuga with element Geo
2026-09-29 02:42:29.642|DEBUG|CharacterScraper|Scanned character level as Level 60 / 60)
2026-09-29 02:42:29.642|DEBUG|CharacterScraper|Filtered scanned text to 60/60
2026-09-29 02:42:29.642|DEBUG|CharacterScraper|Parsed character level as 60
2026-09-29 02:42:29.642|INFO|CharacterScraper|Illuga Level: 60
2026-09-29 02:42:29.642|INFO|CharacterScraper|Illuga Ascended: False
2026-09-29 02:42:31.173|INFO|CharacterScraper|Illuga Constellation: 0
2026-09-29 02:42:33.538|INFO|CharacterScraper|Illuga Talents: {auto=2, skill=2, burst=2}
2026-09-29 02:42:33.795|INFO|CharacterScraper|Prevented Illuga duplicate scan
2026-09-29 02:42:35.289|DEBUG|CharacterScraper|Scanned character name as Jahoda with element Anemo
2026-09-29 02:42:35.327|DEBUG|CharacterScraper|Scanned character level as Level 60 / 60)
2026-09-29 02:42:35.327|DEBUG|CharacterScraper|Filtered scanned text to 60/60
2026-09-29 02:42:35.330|DEBUG|CharacterScraper|Parsed character level as 60
2026-09-29 02:42:35.330|INFO|CharacterScraper|Jahoda Level: 60
2026-09-29 02:42:35.330|INFO|CharacterScraper|Jahoda Ascended: False
2026-09-29 02:42:37.739|INFO|CharacterScraper|Jahoda Constellation: 2
2026-09-29 02:42:40.206|INFO|CharacterScraper|Jahoda Talents: {auto=1, skill=1, burst=1}
2026-09-29 02:42:40.468|INFO|CharacterScraper|Prevented Jahoda duplicate scan
2026-09-29 02:42:41.994|DEBUG|CharacterScraper|Scanned character name as LanYan with element Anemo
2026-09-29 02:42:42.037|DEBUG|CharacterScraper|Scanned character level as Level 60 / 60) -
2026-09-29 02:42:42.037|DEBUG|CharacterScraper|Filtered scanned text to 60/60
2026-09-29 02:42:42.037|DEBUG|CharacterScraper|Parsed character level as 60
2026-09-29 02:42:42.037|INFO|CharacterScraper|LanYan Level: 60
2026-09-29 02:42:42.037|INFO|CharacterScraper|LanYan Ascended: False
2026-09-29 02:42:44.572|INFO|CharacterScraper|LanYan Constellation: 2
2026-09-29 02:42:47.035|INFO|CharacterScraper|LanYan Talents: {auto=1, skill=1, burst=1}
2026-09-29 02:42:47.288|INFO|CharacterScraper|Prevented LanYan duplicate scan
2026-09-29 02:42:48.795|DEBUG|CharacterScraper|Scanned character name as Lynette with element Anemo
2026-09-29 02:42:48.829|DEBUG|CharacterScraper|Scanned character level as Level 60 / 6(
2026-09-29 02:42:48.829|DEBUG|CharacterScraper|Filtered scanned text to 60/6
2026-09-29 02:42:48.829|DEBUG|CharacterScraper|Parsed character level as 60
2026-09-29 02:42:48.829|INFO|CharacterScraper|Lynette Level: 60
2026-09-29 02:42:48.829|INFO|CharacterScraper|Lynette Ascended: False
2026-09-29 02:42:52.832|INFO|CharacterScraper|Lynette Constellation: 6
2026-09-29 02:42:55.188|INFO|CharacterScraper|Lynette Talents: {auto=2, skill=5, burst=5}
2026-09-29 02:42:55.441|INFO|CharacterScraper|Prevented Lynette duplicate scan
2026-09-29 02:42:56.942|DEBUG|CharacterScraper|Scanned character name as Faruzan with element Anemo
2026-09-29 02:42:56.968|DEBUG|CharacterScraper|Scanned character level as Level 60 / 60)
2026-09-29 02:42:56.968|DEBUG|CharacterScraper|Filtered scanned text to 60/60
2026-09-29 02:42:56.973|DEBUG|CharacterScraper|Parsed character level as 60
2026-09-29 02:42:56.973|INFO|CharacterScraper|Faruzan Level: 60
2026-09-29 02:42:56.973|INFO|CharacterScraper|Faruzan Ascended: False
2026-09-29 02:43:00.709|INFO|CharacterScraper|Faruzan Constellation: 6
2026-09-29 02:43:03.075|INFO|CharacterScraper|Faruzan Talents: {auto=1, skill=4, burst=4}
2026-09-29 02:43:03.329|INFO|CharacterScraper|Prevented Faruzan duplicate scan
2026-09-29 02:43:04.821|DEBUG|CharacterScraper|Scanned character name as Layla with element Cryo
2026-09-29 02:43:04.853|DEBUG|CharacterScraper|Scanned character level as Level 60 / 60)
2026-09-29 02:43:04.853|DEBUG|CharacterScraper|Filtered scanned text to 60/60
2026-09-29 02:43:04.853|DEBUG|CharacterScraper|Parsed character level as 60
2026-09-29 02:43:04.853|INFO|CharacterScraper|Layla Level: 60
2026-09-29 02:43:04.853|INFO|CharacterScraper|Layla Ascended: False
2026-09-29 02:43:08.622|INFO|CharacterScraper|Layla Constellation: 5
2026-09-29 02:43:11.057|INFO|CharacterScraper|Layla Talents: {auto=1, skill=4, burst=5}
2026-09-29 02:43:11.323|INFO|CharacterScraper|Prevented Layla duplicate scan
2026-09-29 02:43:12.830|DEBUG|GenshinProcesor|Most similar string found for kavehj as kaveh (83,3333333333333%)
2026-09-29 02:43:12.830|DEBUG|CharacterScraper|Scanned character name as Kaveh with element Dendro
2026-09-29 02:43:12.870|DEBUG|CharacterScraper|Scanned character level as Level 60 / 60)
2026-09-29 02:43:12.870|DEBUG|CharacterScraper|Filtered scanned text to 60/60
2026-09-29 02:43:12.870|DEBUG|CharacterScraper|Parsed character level as 60
2026-09-29 02:43:12.870|INFO|CharacterScraper|Kaveh Level: 60
2026-09-29 02:43:12.870|INFO|CharacterScraper|Kaveh Ascended: False
2026-09-29 02:43:15.969|INFO|CharacterScraper|Kaveh Constellation: 3
2026-09-29 02:43:18.335|INFO|CharacterScraper|Kaveh Talents: {auto=1, skill=1, burst=4}
2026-09-29 02:43:18.587|INFO|CharacterScraper|Prevented Kaveh duplicate scan
2026-09-29 02:43:20.094|DEBUG|CharacterScraper|Scanned character name as Yaoyao with element Dendro
2026-09-29 02:43:20.131|DEBUG|CharacterScraper|Scanned character level as Level 60 / 60)
2026-09-29 02:43:20.131|DEBUG|CharacterScraper|Filtered scanned text to 60/60
2026-09-29 02:43:20.131|DEBUG|CharacterScraper|Parsed character level as 60
2026-09-29 02:43:20.131|INFO|CharacterScraper|Yaoyao Level: 60
2026-09-29 02:43:20.131|INFO|CharacterScraper|Yaoyao Ascended: False
2026-09-29 02:43:23.151|INFO|CharacterScraper|Yaoyao Constellation: 3
2026-09-29 02:43:25.506|INFO|CharacterScraper|Yaoyao Talents: {auto=1, skill=4, burst=1}
2026-09-29 02:43:25.763|INFO|CharacterScraper|Prevented Yaoyao duplicate scan
2026-09-29 02:43:27.256|DEBUG|CharacterScraper|Scanned character name as Collei with element Dendro
2026-09-29 02:43:27.287|DEBUG|CharacterScraper|Scanned character level as Level 60 / 60)
2026-09-29 02:43:27.287|DEBUG|CharacterScraper|Filtered scanned text to 60/60
2026-09-29 02:43:27.287|DEBUG|CharacterScraper|Parsed character level as 60
2026-09-29 02:43:27.287|INFO|CharacterScraper|Collei Level: 60
2026-09-29 02:43:27.287|INFO|CharacterScraper|Collei Ascended: False
2026-09-29 02:43:31.028|INFO|CharacterScraper|Collei Constellation: 6
2026-09-29 02:43:33.371|INFO|CharacterScraper|Collei Talents: {auto=1, skill=4, burst=4}
2026-09-29 02:43:33.635|INFO|CharacterScraper|Prevented Collei duplicate scan
2026-09-29 02:43:35.131|DEBUG|CharacterScraper|Scanned character name as Aino with element Hydro
2026-09-29 02:43:35.165|DEBUG|CharacterScraper|Scanned character level as Level 60 / 60
2026-09-29 02:43:35.165|DEBUG|CharacterScraper|Filtered scanned text to 60/60
2026-09-29 02:43:35.165|DEBUG|CharacterScraper|Parsed character level as 60
2026-09-29 02:43:35.165|INFO|CharacterScraper|Aino Level: 60
2026-09-29 02:43:35.165|INFO|CharacterScraper|Aino Ascended: False
2026-09-29 02:43:38.940|INFO|CharacterScraper|Aino Constellation: 6
2026-09-29 02:43:41.338|INFO|CharacterScraper|Aino Talents: {auto=1, skill=4, burst=4}
2026-09-29 02:43:41.604|INFO|CharacterScraper|Prevented Aino duplicate scan
2026-09-29 02:43:43.113|DEBUG|CharacterScraper|Scanned character name as Candace with element Hydro
2026-09-29 02:43:43.145|DEBUG|CharacterScraper|Scanned character level as Level 60'/ 60
2026-09-29 02:43:43.145|DEBUG|CharacterScraper|Filtered scanned text to 60/60
2026-09-29 02:43:43.145|DEBUG|CharacterScraper|Parsed character level as 60
2026-09-29 02:43:43.145|INFO|CharacterScraper|Candace Level: 60
2026-09-29 02:43:43.145|INFO|CharacterScraper|Candace Ascended: False
2026-09-29 02:43:47.150|INFO|CharacterScraper|Candace Constellation: 6
2026-09-29 02:43:49.596|INFO|CharacterScraper|Candace Talents: {auto=1, skill=4, burst=4}
2026-09-29 02:43:49.853|INFO|CharacterScraper|Prevented Candace duplicate scan
2026-09-29 02:43:51.359|DEBUG|CharacterScraper|Scanned character name as Barbara with element Hydro
2026-09-29 02:43:51.397|DEBUG|CharacterScraper|Scanned character level as Level 60 / 60)
2026-09-29 02:43:51.397|DEBUG|CharacterScraper|Filtered scanned text to 60/60
2026-09-29 02:43:51.397|DEBUG|CharacterScraper|Parsed character level as 60
2026-09-29 02:43:51.397|INFO|CharacterScraper|Barbara Level: 60
2026-09-29 02:43:51.397|INFO|CharacterScraper|Barbara Ascended: False
2026-09-29 02:43:55.228|INFO|CharacterScraper|Barbara Constellation: 6
2026-09-29 02:43:57.586|INFO|CharacterScraper|Barbara Talents: {auto=2, skill=5, burst=5}
2026-09-29 02:43:57.847|INFO|CharacterScraper|Prevented Barbara duplicate scan
2026-09-29 02:43:59.337|DEBUG|CharacterScraper|Scanned character name as Gaming with element Pyro
2026-09-29 02:43:59.365|DEBUG|CharacterScraper|Scanned character level as Level 60 / 60)
2026-09-29 02:43:59.365|DEBUG|CharacterScraper|Filtered scanned text to 60/60
2026-09-29 02:43:59.365|DEBUG|CharacterScraper|Parsed character level as 60
2026-09-29 02:43:59.365|INFO|CharacterScraper|Gaming Level: 60
2026-09-29 02:43:59.365|INFO|CharacterScraper|Gaming Ascended: False
2026-09-29 02:44:02.209|INFO|CharacterScraper|Gaming Constellation: 3
2026-09-29 02:44:04.576|INFO|CharacterScraper|Gaming Talents: {auto=1, skill=4, burst=1}
2026-09-29 02:44:04.830|INFO|CharacterScraper|Prevented Gaming duplicate scan
2026-09-29 02:44:06.341|DEBUG|CharacterScraper|Scanned character name as Chevreuse with element Pyro
2026-09-29 02:44:06.378|DEBUG|CharacterScraper|Scanned character level as Level 60 / 60
2026-09-29 02:44:06.378|DEBUG|CharacterScraper|Filtered scanned text to 60/60
2026-09-29 02:44:06.378|DEBUG|CharacterScraper|Parsed character level as 60
2026-09-29 02:44:06.378|INFO|CharacterScraper|Chevreuse Level: 60
2026-09-29 02:44:06.378|INFO|CharacterScraper|Chevreuse Ascended: False
2026-09-29 02:44:08.359|INFO|CharacterScraper|Chevreuse Constellation: 1
2026-09-29 02:44:10.795|INFO|CharacterScraper|Chevreuse Talents: {auto=1, skill=1, burst=1}
2026-09-29 02:44:11.047|INFO|CharacterScraper|Prevented Chevreuse duplicate scan
2026-09-29 02:44:12.566|DEBUG|CharacterScraper|Scanned character name as Thoma with element Pyro
2026-09-29 02:44:12.601|DEBUG|CharacterScraper|Scanned character level as Level 60 / 60
2026-09-29 02:44:12.601|DEBUG|CharacterScraper|Filtered scanned text to 60/60
2026-09-29 02:44:12.601|DEBUG|CharacterScraper|Parsed character level as 60
2026-09-29 02:44:12.601|INFO|CharacterScraper|Thoma Level: 60
2026-09-29 02:44:12.601|INFO|CharacterScraper|Thoma Ascended: False
2026-09-29 02:44:14.177|INFO|CharacterScraper|Thoma Constellation: 0
2026-09-29 02:44:16.573|INFO|CharacterScraper|Thoma Talents: {auto=1, skill=1, burst=1}
2026-09-29 02:44:16.834|INFO|CharacterScraper|Prevented Thoma duplicate scan
2026-09-29 02:44:18.345|DEBUG|CharacterScraper|Scanned character name as Yanfei with element Pyro
2026-09-29 02:44:18.385|DEBUG|CharacterScraper|Scanned character level as Level-60 / 60
2026-09-29 02:44:18.385|DEBUG|CharacterScraper|Filtered scanned text to 60/60
2026-09-29 02:44:18.385|DEBUG|CharacterScraper|Parsed character level as 60
2026-09-29 02:44:18.385|INFO|CharacterScraper|Yanfei Level: 60
2026-09-29 02:44:18.385|INFO|CharacterScraper|Yanfei Ascended: False
2026-09-29 02:44:21.424|INFO|CharacterScraper|Yanfei Constellation: 3
2026-09-29 02:44:23.839|INFO|CharacterScraper|Yanfei Talents: {auto=4, skill=7, burst=4}
2026-09-29 02:44:24.097|INFO|CharacterScraper|Prevented Yanfei duplicate scan
2026-09-29 02:44:25.598|DEBUG|CharacterScraper|Scanned character name as Xinyan with element Pyro
2026-09-29 02:44:25.627|DEBUG|CharacterScraper|Scanned character level as Level 60 / 60)
2026-09-29 02:44:25.627|DEBUG|CharacterScraper|Filtered scanned text to 60/60
2026-09-29 02:44:25.627|DEBUG|CharacterScraper|Parsed character level as 60
2026-09-29 02:44:25.627|INFO|CharacterScraper|Xinyan Level: 60
2026-09-29 02:44:25.627|INFO|CharacterScraper|Xinyan Ascended: False
2026-09-29 02:44:29.352|INFO|CharacterScraper|Xinyan Constellation: 6
2026-09-29 02:44:31.690|INFO|CharacterScraper|Xinyan Talents: {auto=1, skill=4, burst=4}
2026-09-29 02:44:31.957|INFO|CharacterScraper|Prevented Xinyan duplicate scan
2026-09-29 02:44:33.459|DEBUG|CharacterScraper|Scanned character name as Amber with element Pyro
2026-09-29 02:44:33.489|DEBUG|CharacterScraper|Scanned character level as Level 60 / 60
2026-09-29 02:44:33.489|DEBUG|CharacterScraper|Filtered scanned text to 60/60
2026-09-29 02:44:33.489|DEBUG|CharacterScraper|Parsed character level as 60
2026-09-29 02:44:33.489|INFO|CharacterScraper|Amber Level: 60
2026-09-29 02:44:33.489|INFO|CharacterScraper|Amber Ascended: False
2026-09-29 02:44:36.349|INFO|CharacterScraper|Amber Constellation: 3
2026-09-29 02:44:38.709|INFO|CharacterScraper|Amber Talents: {auto=1, skill=1, burst=4}
2026-09-29 02:44:38.971|INFO|CharacterScraper|Prevented Amber duplicate scan
2026-09-29 02:44:40.490|DEBUG|CharacterScraper|Scanned character name as Vesna with element Anemo
2026-09-29 02:44:40.529|DEBUG|CharacterScraper|Scanned character level as Level 50 / 50
2026-09-29 02:44:40.529|DEBUG|CharacterScraper|Filtered scanned text to 50/50
2026-09-29 02:44:40.532|DEBUG|CharacterScraper|Parsed character level as 50
2026-09-29 02:44:40.532|INFO|CharacterScraper|Vesna Level: 50
2026-09-29 02:44:40.532|INFO|CharacterScraper|Vesna Ascended: False
2026-09-29 02:44:42.117|INFO|CharacterScraper|Vesna Constellation: 0
2026-09-29 02:44:44.507|INFO|CharacterScraper|Vesna Talents: {auto=1, skill=1, burst=1}
2026-09-29 02:44:44.770|INFO|CharacterScraper|Prevented Vesna duplicate scan
2026-09-29 02:44:46.275|DEBUG|CharacterScraper|Scanned character name as Keqing with element Electro
2026-09-29 02:44:46.309|DEBUG|CharacterScraper|Scanned character level as Level 50 / 50
2026-09-29 02:44:46.309|DEBUG|CharacterScraper|Filtered scanned text to 50/50
2026-09-29 02:44:46.312|DEBUG|CharacterScraper|Parsed character level as 50
2026-09-29 02:44:46.312|INFO|CharacterScraper|Keqing Level: 50
2026-09-29 02:44:46.312|INFO|CharacterScraper|Keqing Ascended: False
2026-09-29 02:44:47.868|INFO|CharacterScraper|Keqing Constellation: 0
2026-09-29 02:44:50.291|INFO|CharacterScraper|Keqing Talents: {auto=1, skill=1, burst=1}
2026-09-29 02:44:50.556|INFO|CharacterScraper|Prevented Keqing duplicate scan
2026-09-29 02:44:52.112|DEBUG|GenshinProcesor|Most similar string found for shikanoinheizo1 as shikanoinheizou (93,3333333333333%)
2026-09-29 02:44:52.112|DEBUG|CharacterScraper|Scanned character name as ShikanoinHeizou with element Anemo
2026-09-29 02:44:52.162|DEBUG|CharacterScraper|Scanned character level as Level 50 / 50
2026-09-29 02:44:52.162|DEBUG|CharacterScraper|Filtered scanned text to 50/50
2026-09-29 02:44:52.162|DEBUG|CharacterScraper|Parsed character level as 50
2026-09-29 02:44:52.162|INFO|CharacterScraper|ShikanoinHeizou Level: 50
2026-09-29 02:44:52.162|INFO|CharacterScraper|ShikanoinHeizou Ascended: False
2026-09-29 02:44:55.945|INFO|CharacterScraper|ShikanoinHeizou Constellation: 6
2026-09-29 02:44:58.306|INFO|CharacterScraper|ShikanoinHeizou Talents: {auto=1, skill=4, burst=4}
2026-09-29 02:44:58.560|INFO|CharacterScraper|Prevented ShikanoinHeizou duplicate scan
2026-09-29 02:45:00.053|DEBUG|CharacterScraper|Scanned character name as Sayu with element Anemo
2026-09-29 02:45:00.082|DEBUG|CharacterScraper|Scanned character level as Level 50 / 50)
2026-09-29 02:45:00.082|DEBUG|CharacterScraper|Filtered scanned text to 50/50
2026-09-29 02:45:00.082|DEBUG|CharacterScraper|Parsed character level as 50
2026-09-29 02:45:00.082|INFO|CharacterScraper|Sayu Level: 50
2026-09-29 02:45:00.082|INFO|CharacterScraper|Sayu Ascended: False
2026-09-29 02:45:02.925|INFO|CharacterScraper|Sayu Constellation: 3
2026-09-29 02:45:05.340|INFO|CharacterScraper|Sayu Talents: {auto=1, skill=1, burst=4}
2026-09-29 02:45:05.596|INFO|CharacterScraper|Prevented Sayu duplicate scan
2026-09-29 02:45:07.108|DEBUG|GenshinProcesor|Most similar string found for charlotteju as charlotte (81,8181818181818%)
2026-09-29 02:45:07.109|DEBUG|CharacterScraper|Scanned character name as Charlotte with element Cryo
2026-09-29 02:45:07.150|DEBUG|CharacterScraper|Scanned character level as Level 50 / 50
2026-09-29 02:45:07.150|DEBUG|CharacterScraper|Filtered scanned text to 50/50
2026-09-29 02:45:07.150|DEBUG|CharacterScraper|Parsed character level as 50
2026-09-29 02:45:07.150|INFO|CharacterScraper|Charlotte Level: 50
2026-09-29 02:45:07.150|INFO|CharacterScraper|Charlotte Ascended: False
2026-09-29 02:45:11.171|INFO|CharacterScraper|Charlotte Constellation: 5
2026-09-29 02:45:13.649|INFO|CharacterScraper|Charlotte Talents: {auto=1, skill=4, burst=4}
2026-09-29 02:45:13.901|INFO|CharacterScraper|Prevented Charlotte duplicate scan
2026-09-29 02:45:15.437|DEBUG|CharacterScraper|Scanned character name as Freminet with element Cryo
2026-09-29 02:45:15.475|DEBUG|CharacterScraper|Scanned character level as Level 50 / 50
2026-09-29 02:45:15.475|DEBUG|CharacterScraper|Filtered scanned text to 50/50
2026-09-29 02:45:15.475|DEBUG|CharacterScraper|Parsed character level as 50
2026-09-29 02:45:15.475|INFO|CharacterScraper|Freminet Level: 50
2026-09-29 02:45:15.475|INFO|CharacterScraper|Freminet Ascended: False
2026-09-29 02:45:19.548|INFO|CharacterScraper|Freminet Constellation: 5
2026-09-29 02:45:21.981|INFO|CharacterScraper|Freminet Talents: {auto=4, skill=4, burst=1}
2026-09-29 02:45:22.232|INFO|CharacterScraper|Prevented Freminet duplicate scan
2026-09-29 02:45:23.723|DEBUG|CharacterScraper|Could not parse character name/element (Atempt 1/75). Retrying...
2026-09-29 02:45:23.888|DEBUG|CharacterScraper|Could not parse character name/element (Atempt 2/75). Retrying...
2026-09-29 02:45:24.053|DEBUG|CharacterScraper|Scanned character name as Mika with element Cryo
2026-09-29 02:45:24.087|DEBUG|CharacterScraper|Scanned character level as Level 50 /G50
2026-09-29 02:45:24.087|DEBUG|CharacterScraper|Filtered scanned text to 50/50
2026-09-29 02:45:24.087|DEBUG|CharacterScraper|Parsed character level as 50
2026-09-29 02:45:24.087|INFO|CharacterScraper|Mika Level: 50
2026-09-29 02:45:24.087|INFO|CharacterScraper|Mika Ascended: False
2026-09-29 02:45:27.891|INFO|CharacterScraper|Mika Constellation: 6
2026-09-29 02:45:30.269|INFO|CharacterScraper|Mika Talents: {auto=1, skill=4, burst=4}
2026-09-29 02:45:30.522|INFO|CharacterScraper|Prevented Mika duplicate scan
2026-09-29 02:45:32.046|DEBUG|CharacterScraper|Scanned character name as KujouSara with element Electro
2026-09-29 02:45:32.079|DEBUG|CharacterScraper|Scanned character level as Level 50 / 50
2026-09-29 02:45:32.079|DEBUG|CharacterScraper|Filtered scanned text to 50/50
2026-09-29 02:45:32.079|DEBUG|CharacterScraper|Parsed character level as 50
2026-09-29 02:45:32.079|INFO|CharacterScraper|KujouSara Level: 50
2026-09-29 02:45:32.079|INFO|CharacterScraper|KujouSara Ascended: False
2026-09-29 02:45:35.835|INFO|CharacterScraper|KujouSara Constellation: 6
2026-09-29 02:45:38.223|INFO|CharacterScraper|KujouSara Talents: {auto=1, skill=4, burst=4}
2026-09-29 02:45:38.475|INFO|CharacterScraper|Prevented KujouSara duplicate scan
2026-09-29 02:45:39.997|DEBUG|CharacterScraper|Scanned character name as Kirara with element Dendro
2026-09-29 02:45:40.030|DEBUG|CharacterScraper|Scanned character level as Level 50 / 50
2026-09-29 02:45:40.030|DEBUG|CharacterScraper|Filtered scanned text to 50/50
2026-09-29 02:45:40.033|DEBUG|CharacterScraper|Parsed character level as 50
2026-09-29 02:45:40.033|INFO|CharacterScraper|Kirara Level: 50
2026-09-29 02:45:40.033|INFO|CharacterScraper|Kirara Ascended: False
2026-09-29 02:45:42.087|INFO|CharacterScraper|Kirara Constellation: 1
2026-09-29 02:45:44.471|INFO|CharacterScraper|Kirara Talents: {auto=1, skill=1, burst=1}
2026-09-29 02:45:44.732|INFO|CharacterScraper|Prevented Kirara duplicate scan
2026-09-29 02:45:46.249|DEBUG|CharacterScraper|Scanned character name as YunJin with element Geo
2026-09-29 02:45:46.297|DEBUG|CharacterScraper|Scanned character level as Level 40 / 40)
2026-09-29 02:45:46.297|DEBUG|CharacterScraper|Filtered scanned text to 40/40
2026-09-29 02:45:46.297|DEBUG|CharacterScraper|Parsed character level as 40
2026-09-29 02:45:46.297|INFO|CharacterScraper|YunJin Level: 40
2026-09-29 02:45:46.297|INFO|CharacterScraper|YunJin Ascended: False
2026-09-29 02:45:49.283|INFO|CharacterScraper|YunJin Constellation: 3
2026-09-29 02:45:51.679|INFO|CharacterScraper|YunJin Talents: {auto=1, skill=1, burst=4}
2026-09-29 02:45:51.941|INFO|CharacterScraper|Prevented YunJin duplicate scan
2026-09-29 02:45:53.441|DEBUG|CharacterScraper|Scanned character name as Gorou with element Geo
2026-09-29 02:45:53.473|DEBUG|CharacterScraper|Scanned character level as Level 40 / 40)
2026-09-29 02:45:53.473|DEBUG|CharacterScraper|Filtered scanned text to 40/40
2026-09-29 02:45:53.473|DEBUG|CharacterScraper|Parsed character level as 40
2026-09-29 02:45:53.473|INFO|CharacterScraper|Gorou Level: 40
2026-09-29 02:45:53.473|INFO|CharacterScraper|Gorou Ascended: False
2026-09-29 02:45:56.746|INFO|CharacterScraper|Gorou Constellation: 4
2026-09-29 02:45:59.149|INFO|CharacterScraper|Gorou Talents: {auto=1, skill=4, burst=1}
2026-09-29 02:45:59.400|INFO|CharacterScraper|Prevented Gorou duplicate scan
2026-09-29 02:46:00.909|DEBUG|CharacterScraper|Scanned character name as Alyosha with element Electro
2026-09-29 02:46:00.933|DEBUG|CharacterScraper|Scanned character level as Level 40 / 40)
2026-09-29 02:46:00.933|DEBUG|CharacterScraper|Filtered scanned text to 40/40
2026-09-29 02:46:00.933|DEBUG|CharacterScraper|Parsed character level as 40
2026-09-29 02:46:00.933|INFO|CharacterScraper|Alyosha Level: 40
2026-09-29 02:46:00.933|INFO|CharacterScraper|Alyosha Ascended: False
2026-09-29 02:46:04.691|INFO|CharacterScraper|Alyosha Constellation: 5
2026-09-29 02:46:07.065|INFO|CharacterScraper|Alyosha Talents: {auto=1, skill=4, burst=4}
2026-09-29 02:46:07.325|INFO|CharacterScraper|Prevented Alyosha duplicate scan
2026-09-29 02:46:08.841|DEBUG|CharacterScraper|Scanned character name as Iansan with element Electro
2026-09-29 02:46:08.885|DEBUG|CharacterScraper|Scanned character level as Level 40 / 40)
2026-09-29 02:46:08.885|DEBUG|CharacterScraper|Filtered scanned text to 40/40
2026-09-29 02:46:08.885|DEBUG|CharacterScraper|Parsed character level as 40
2026-09-29 02:46:08.885|INFO|CharacterScraper|Iansan Level: 40
2026-09-29 02:46:08.885|INFO|CharacterScraper|Iansan Ascended: False
2026-09-29 02:46:11.424|INFO|CharacterScraper|Iansan Constellation: 2
2026-09-29 02:46:13.805|INFO|CharacterScraper|Iansan Talents: {auto=1, skill=1, burst=1}
2026-09-29 02:46:14.063|INFO|CharacterScraper|Prevented Iansan duplicate scan
2026-09-29 02:46:15.589|DEBUG|CharacterScraper|Scanned character name as Sethos with element Electro
2026-09-29 02:46:15.632|DEBUG|CharacterScraper|Scanned character level as Level 40 / 40
2026-09-29 02:46:15.632|DEBUG|CharacterScraper|Filtered scanned text to 40/40
2026-09-29 02:46:15.632|DEBUG|CharacterScraper|Parsed character level as 40
2026-09-29 02:46:15.632|INFO|CharacterScraper|Sethos Level: 40
2026-09-29 02:46:15.632|INFO|CharacterScraper|Sethos Ascended: False
2026-09-29 02:46:17.208|INFO|CharacterScraper|Sethos Constellation: 0
2026-09-29 02:46:19.677|INFO|CharacterScraper|Sethos Talents: {auto=1, skill=1, burst=1}
2026-09-29 02:46:19.936|INFO|CharacterScraper|Prevented Sethos duplicate scan
2026-09-29 02:46:21.460|DEBUG|CharacterScraper|Could not parse character name/element (Atempt 1/75). Retrying...
2026-09-29 02:46:21.653|DEBUG|CharacterScraper|Could not parse character name/element (Atempt 2/75). Retrying...
2026-09-29 02:46:21.853|DEBUG|CharacterScraper|Could not parse character name/element (Atempt 3/75). Retrying...
2026-09-29 02:46:22.055|DEBUG|CharacterScraper|Could not parse character name/element (Atempt 4/75). Retrying...
2026-09-29 02:46:22.250|DEBUG|CharacterScraper|Scanned character name as Dori with element Electro
2026-09-29 02:46:22.282|DEBUG|CharacterScraper|Scanned character level as Level 40 / 40)
2026-09-29 02:46:22.282|DEBUG|CharacterScraper|Filtered scanned text to 40/40
2026-09-29 02:46:22.282|DEBUG|CharacterScraper|Parsed character level as 40
2026-09-29 02:46:22.282|INFO|CharacterScraper|Dori Level: 40
2026-09-29 02:46:22.282|INFO|CharacterScraper|Dori Ascended: False
2026-09-29 02:46:26.016|INFO|CharacterScraper|Dori Constellation: 6
2026-09-29 02:46:28.454|INFO|CharacterScraper|Dori Talents: {auto=1, skill=4, burst=4}
2026-09-29 02:46:28.719|INFO|CharacterScraper|Prevented Dori duplicate scan
2026-09-29 02:46:30.212|DEBUG|CharacterScraper|Scanned character name as Dahlia with element Hydro
2026-09-29 02:46:30.256|DEBUG|CharacterScraper|Scanned character level as Level 40 / 40)
2026-09-29 02:46:30.256|DEBUG|CharacterScraper|Filtered scanned text to 40/40
2026-09-29 02:46:30.256|DEBUG|CharacterScraper|Parsed character level as 40
2026-09-29 02:46:30.256|INFO|CharacterScraper|Dahlia Level: 40
2026-09-29 02:46:30.256|INFO|CharacterScraper|Dahlia Ascended: False
2026-09-29 02:46:32.231|INFO|CharacterScraper|Dahlia Constellation: 1
2026-09-29 02:46:34.621|INFO|CharacterScraper|Dahlia Talents: {auto=1, skill=1, burst=1}
2026-09-29 02:46:34.884|INFO|CharacterScraper|Prevented Dahlia duplicate scan
2026-09-29 02:46:36.380|DEBUG|CharacterScraper|Scanned character name as Manekina with element Cryo
2026-09-29 02:46:36.380|INFO|CharacterScraper|Skipping Manekina: no standard constellation UI
2026-09-29 02:46:36.380|ERROR|CharacterScraper|Failed to scan character
Invalid level
Invalid talents
Character
Name: Manekina
Element: Cryo
Level: 0
Ascension Level: 0
Constellation: 0
AUTO : 0
SKILL : 0
BURST : 0

2026-09-29 02:46:37.886|DEBUG|CharacterScraper|Scanned character name as Manekin with element Cryo
2026-09-29 02:46:37.886|INFO|CharacterScraper|Skipping Manekin: no standard constellation UI
2026-09-29 02:46:37.886|ERROR|CharacterScraper|Failed to scan character
Invalid level
Invalid talents
Character
Name: Manekin
Element: Cryo
Level: 0
Ascension Level: 0
Constellation: 0
AUTO : 0
SKILL : 0
BURST : 0

2026-09-29 02:46:39.394|DEBUG|CharacterScraper|Scanned character name as Sandrone with element Cryo
2026-09-29 02:46:39.394|INFO|CharacterScraper|Repeat character Sandrone detected. Finishing character scan...
2026-09-29 02:46:41.412|INFO|InventoryKamera|Done scanning characters
2026-09-29 02:46:41.412|DEBUG|InventoryKamera|Assigned "flower" to "Odette"
2026-09-29 02:46:41.412|DEBUG|InventoryKamera|Assigned "plume" to "Odette"
2026-09-29 02:46:41.412|DEBUG|InventoryKamera|Assigned "goblet" to "Odette"
2026-09-29 02:46:41.412|DEBUG|InventoryKamera|Assigned "circlet" to "Odette"
2026-09-29 02:46:41.412|DEBUG|InventoryKamera|Assigned "circlet" to "Sandrone"
2026-09-29 02:46:41.412|DEBUG|InventoryKamera|Assigned "flower" to "Sandrone"
2026-09-29 02:46:41.412|DEBUG|InventoryKamera|Assigned "plume" to "Sandrone"
2026-09-29 02:46:41.412|DEBUG|InventoryKamera|Assigned "sands" to "Sandrone"
2026-09-29 02:46:41.412|DEBUG|InventoryKamera|Assigned "goblet" to "Sandrone"
2026-09-29 02:46:41.412|DEBUG|InventoryKamera|Assigned "goblet" to "Zhongli"
2026-09-29 02:46:41.412|DEBUG|InventoryKamera|Assigned "flower" to "Zhongli"
2026-09-29 02:46:41.412|DEBUG|InventoryKamera|Assigned "flower" to "Lauma"
2026-09-29 02:46:41.412|DEBUG|InventoryKamera|Assigned "plume" to "Lauma"
2026-09-29 02:46:41.412|DEBUG|InventoryKamera|Assigned "sands" to "Lauma"
2026-09-29 02:46:41.412|DEBUG|InventoryKamera|Assigned "circlet" to "Lauma"
2026-09-29 02:46:41.412|DEBUG|InventoryKamera|Assigned "flower" to "Nefer"
2026-09-29 02:46:41.412|DEBUG|InventoryKamera|Assigned "sands" to "Zibai"
2026-09-29 02:46:41.412|DEBUG|InventoryKamera|Assigned "plume" to "Nefer"
2026-09-29 02:46:41.412|DEBUG|InventoryKamera|Assigned "circlet" to "Durin"
2026-09-29 02:46:41.412|DEBUG|InventoryKamera|Assigned "flower" to "Skirk"
2026-09-29 02:46:41.412|DEBUG|InventoryKamera|Assigned "plume" to "Skirk"
2026-09-29 02:46:41.412|DEBUG|InventoryKamera|Assigned "plume" to "Zhongli"
2026-09-29 02:46:41.412|DEBUG|InventoryKamera|Assigned "plume" to "Columbina"
2026-09-29 02:46:41.412|DEBUG|InventoryKamera|Assigned "flower" to "Mavuika"
2026-09-29 02:46:41.412|DEBUG|InventoryKamera|Assigned "plume" to "Mavuika"
2026-09-29 02:46:41.412|DEBUG|InventoryKamera|Assigned "sands" to "Mavuika"
2026-09-29 02:46:41.412|DEBUG|InventoryKamera|Assigned "circlet" to "Mavuika"
2026-09-29 02:46:41.412|DEBUG|InventoryKamera|Assigned "sands" to "Odette"
2026-09-29 02:46:41.412|DEBUG|InventoryKamera|Assigned "circlet" to "Bennett"
2026-09-29 02:46:41.412|DEBUG|InventoryKamera|Assigned "flower" to "Fischl"
2026-09-29 02:46:41.412|DEBUG|InventoryKamera|Assigned "plume" to "Furina"
2026-09-29 02:46:41.412|DEBUG|InventoryKamera|Assigned "plume" to "Fischl"
2026-09-29 02:46:41.412|DEBUG|InventoryKamera|Assigned "sands" to "Fischl"
2026-09-29 02:46:41.412|DEBUG|InventoryKamera|Assigned "sands" to "Furina"
2026-09-29 02:46:41.412|DEBUG|InventoryKamera|Assigned "goblet" to "Fischl"
2026-09-29 02:46:41.412|DEBUG|InventoryKamera|Assigned "goblet" to "Furina"
2026-09-29 02:46:41.412|DEBUG|InventoryKamera|Assigned "circlet" to "Furina"
2026-09-29 02:46:41.412|DEBUG|InventoryKamera|Assigned "flower" to "Wriothesley"
2026-09-29 02:46:41.412|DEBUG|InventoryKamera|Assigned "flower" to "Neuvillette"
2026-09-29 02:46:41.412|DEBUG|InventoryKamera|Assigned "plume" to "Wriothesley"
2026-09-29 02:46:41.412|DEBUG|InventoryKamera|Assigned "plume" to "Neuvillette"
2026-09-29 02:46:41.412|DEBUG|InventoryKamera|Assigned "sands" to "Neuvillette"
2026-09-29 02:46:41.412|DEBUG|InventoryKamera|Assigned "circlet" to "Skirk"
2026-09-29 02:46:41.412|DEBUG|InventoryKamera|Assigned "flower" to "Furina"
2026-09-29 02:46:41.412|DEBUG|InventoryKamera|Assigned "flower" to "KukiShinobu"
2026-09-29 02:46:41.412|DEBUG|InventoryKamera|Assigned "plume" to "Noelle"
2026-09-29 02:46:41.412|DEBUG|InventoryKamera|Assigned "flower" to "Cyno"
2026-09-29 02:46:41.412|DEBUG|InventoryKamera|Assigned "flower" to "Alhaitham"
2026-09-29 02:46:41.412|DEBUG|InventoryKamera|Assigned "plume" to "KukiShinobu"
2026-09-29 02:46:41.412|DEBUG|InventoryKamera|Assigned "plume" to "Cyno"
2026-09-29 02:46:41.412|DEBUG|InventoryKamera|Assigned "sands" to "Alhaitham"
2026-09-29 02:46:41.412|DEBUG|InventoryKamera|Assigned "plume" to "Alhaitham"
2026-09-29 02:46:41.412|DEBUG|InventoryKamera|Assigned "sands" to "Cyno"
2026-09-29 02:46:41.412|DEBUG|InventoryKamera|Assigned "goblet" to "Alhaitham"
2026-09-29 02:46:41.412|DEBUG|InventoryKamera|Assigned "goblet" to "Wriothesley"
2026-09-29 02:46:41.412|DEBUG|InventoryKamera|Assigned "goblet" to "Cyno"
2026-09-29 02:46:41.412|DEBUG|InventoryKamera|Assigned "goblet" to "KukiShinobu"
2026-09-29 02:46:41.412|DEBUG|InventoryKamera|Assigned "circlet" to "Alhaitham"
2026-09-29 02:46:41.412|DEBUG|InventoryKamera|Assigned "circlet" to "Layla"
2026-09-29 02:46:41.412|DEBUG|InventoryKamera|Assigned "circlet" to "Zhongli"
2026-09-29 02:46:41.412|DEBUG|InventoryKamera|Assigned "circlet" to "Barbara"
2026-09-29 02:46:41.412|DEBUG|InventoryKamera|Assigned "flower" to "Nahida"
2026-09-29 02:46:41.412|DEBUG|InventoryKamera|Assigned "plume" to "Ningguang"
2026-09-29 02:46:41.412|DEBUG|InventoryKamera|Assigned "plume" to "Nahida"
2026-09-29 02:46:41.412|DEBUG|InventoryKamera|Assigned "goblet" to "Nahida"
2026-09-29 02:46:41.412|DEBUG|InventoryKamera|Assigned "circlet" to "Nahida"
2026-09-29 02:46:41.412|DEBUG|InventoryKamera|Assigned "flower" to "Xiao"
2026-09-29 02:46:41.412|DEBUG|InventoryKamera|Assigned "plume" to "Xiao"
2026-09-29 02:46:41.412|DEBUG|InventoryKamera|Assigned "sands" to "Xiao"
2026-09-29 02:46:41.412|DEBUG|InventoryKamera|Assigned "circlet" to "Xiao"
2026-09-29 02:46:41.412|DEBUG|InventoryKamera|Assigned "circlet" to "KukiShinobu"
2026-09-29 02:46:41.412|DEBUG|InventoryKamera|Assigned "flower" to "Yelan"
2026-09-29 02:46:41.412|DEBUG|InventoryKamera|Assigned "flower" to "RaidenShogun"
2026-09-29 02:46:41.412|DEBUG|InventoryKamera|Assigned "flower" to "Durin"
2026-09-29 02:46:41.412|DEBUG|InventoryKamera|Assigned "flower" to "Arlecchino"
2026-09-29 02:46:41.412|DEBUG|InventoryKamera|Assigned "plume" to "Durin"
2026-09-29 02:46:41.412|DEBUG|InventoryKamera|Assigned "plume" to "RaidenShogun"
2026-09-29 02:46:41.412|DEBUG|InventoryKamera|Assigned "plume" to "Dehya"
2026-09-29 02:46:41.412|DEBUG|InventoryKamera|Assigned "plume" to "Yelan"
2026-09-29 02:46:41.412|DEBUG|InventoryKamera|Assigned "sands" to "Durin"
2026-09-29 02:46:41.412|DEBUG|InventoryKamera|Assigned "sands" to "Columbina"
2026-09-29 02:46:41.412|DEBUG|InventoryKamera|Assigned "sands" to "Yelan"
2026-09-29 02:46:41.412|DEBUG|InventoryKamera|Assigned "sands" to "Xingqiu"
2026-09-29 02:46:41.412|DEBUG|InventoryKamera|Assigned "sands" to "Dehya"
2026-09-29 02:46:41.412|DEBUG|InventoryKamera|Assigned "sands" to "RaidenShogun"
2026-09-29 02:46:41.412|DEBUG|InventoryKamera|Assigned "sands" to "KukiShinobu"
2026-09-29 02:46:41.412|DEBUG|InventoryKamera|Assigned "sands" to "Nahida"
2026-09-29 02:46:41.412|DEBUG|InventoryKamera|Assigned "goblet" to "Columbina"
2026-09-29 02:46:41.412|DEBUG|InventoryKamera|Assigned "goblet" to "Xingqiu"
2026-09-29 02:46:41.412|DEBUG|InventoryKamera|Assigned "goblet" to "Yoimiya"
2026-09-29 02:46:41.412|DEBUG|InventoryKamera|Assigned "goblet" to "RaidenShogun"
2026-09-29 02:46:41.412|DEBUG|InventoryKamera|Assigned "goblet" to "Dehya"
2026-09-29 02:46:41.412|DEBUG|InventoryKamera|Assigned "goblet" to "Durin"
2026-09-29 02:46:41.412|DEBUG|InventoryKamera|Assigned "circlet" to "Xingqiu"
2026-09-29 02:46:41.412|DEBUG|InventoryKamera|Assigned "circlet" to "Yelan"
2026-09-29 02:46:41.412|DEBUG|InventoryKamera|Assigned "circlet" to "Dehya"
2026-09-29 02:46:41.412|DEBUG|InventoryKamera|Assigned "circlet" to "Neuvillette"
2026-09-29 02:46:41.412|DEBUG|InventoryKamera|Assigned "circlet" to "Kaeya"
2026-09-29 02:46:41.412|DEBUG|InventoryKamera|Assigned "flower" to "Yoimiya"
2026-09-29 02:46:41.412|DEBUG|InventoryKamera|Assigned "flower" to "Ningguang"
2026-09-29 02:46:41.412|DEBUG|InventoryKamera|Assigned "flower" to "Dehya"
2026-09-29 02:46:41.412|DEBUG|InventoryKamera|Assigned "plume" to "Xiangling"
2026-09-29 02:46:41.412|DEBUG|InventoryKamera|Assigned "plume" to "Wanderer"
2026-09-29 02:46:41.412|DEBUG|InventoryKamera|Assigned "plume" to "Yoimiya"
2026-09-29 02:46:41.412|DEBUG|InventoryKamera|Assigned "sands" to "Wriothesley"
2026-09-29 02:46:41.412|DEBUG|InventoryKamera|Assigned "sands" to "Yoimiya"
2026-09-29 02:46:41.412|DEBUG|InventoryKamera|Assigned "sands" to "Zhongli"
2026-09-29 02:46:41.412|DEBUG|InventoryKamera|Assigned "sands" to "Sucrose"
2026-09-29 02:46:41.412|DEBUG|InventoryKamera|Assigned "sands" to "Lynette"
2026-09-29 02:46:41.412|DEBUG|InventoryKamera|Assigned "goblet" to "Tighnari"
2026-09-29 02:46:41.412|DEBUG|InventoryKamera|Assigned "goblet" to "Mavuika"
2026-09-29 02:46:41.412|DEBUG|InventoryKamera|Assigned "circlet" to "Nefer"
2026-09-29 02:46:41.412|DEBUG|InventoryKamera|Assigned "circlet" to "Jean"
2026-09-29 02:46:41.412|DEBUG|InventoryKamera|Assigned "circlet" to "Yoimiya"
2026-09-29 02:46:41.412|DEBUG|InventoryKamera|Assigned "circlet" to "Chevreuse"
2026-09-29 02:46:41.412|DEBUG|InventoryKamera|Assigned "flower" to "Bennett"
2026-09-29 02:46:41.412|DEBUG|InventoryKamera|Assigned "plume" to "Bennett"
2026-09-29 02:46:41.412|DEBUG|InventoryKamera|Assigned "sands" to "Nefer"
2026-09-29 02:46:41.412|DEBUG|InventoryKamera|Assigned "sands" to "KamisatoAyaka"
2026-09-29 02:46:41.412|DEBUG|InventoryKamera|Assigned "goblet" to "Neuvillette"
2026-09-29 02:46:41.412|DEBUG|InventoryKamera|Assigned "goblet" to "Lauma"
2026-09-29 02:46:41.412|DEBUG|InventoryKamera|Assigned "circlet" to "Wriothesley"
2026-09-29 02:46:41.412|DEBUG|InventoryKamera|Assigned "flower" to "Sucrose"
2026-09-29 02:46:41.412|DEBUG|InventoryKamera|Assigned "goblet" to "Sucrose"
2026-09-29 02:46:41.412|DEBUG|InventoryKamera|Assigned "plume" to "Sucrose"
2026-09-29 02:46:41.412|DEBUG|InventoryKamera|Assigned "circlet" to "Sucrose"
2026-09-29 02:46:41.412|DEBUG|InventoryKamera|Assigned "sands" to "Skirk"
2026-09-29 02:46:41.412|DEBUG|InventoryKamera|Assigned "goblet" to "Skirk"
2026-09-29 02:46:41.412|DEBUG|InventoryKamera|Assigned "goblet" to "Arlecchino"
2026-09-29 02:46:41.412|DEBUG|InventoryKamera|Assigned "goblet" to "Yelan"
2026-09-29 02:46:41.412|DEBUG|InventoryKamera|Assigned "goblet" to "Nefer"
2026-09-29 02:46:41.412|DEBUG|InventoryKamera|Assigned "circlet" to "RaidenShogun"
2026-09-29 02:46:41.412|DEBUG|InventoryKamera|Assigned "goblet" to "Zibai"
2026-09-29 02:46:41.412|DEBUG|InventoryKamera|Assigned "plume" to "Gaming"
2026-09-29 02:46:41.412|DEBUG|InventoryKamera|Assigned "flower" to "Columbina"
2026-09-29 02:46:41.412|DEBUG|InventoryKamera|Assigned "circlet" to "Columbina"
2026-09-29 02:46:41.412|DEBUG|InventoryKamera|Assigned "flower" to "Kaeya"
2026-09-29 02:46:41.412|DEBUG|InventoryKamera|Assigned "circlet" to "Arlecchino"
2026-09-29 02:46:41.412|DEBUG|InventoryKamera|Assigned "plume" to "YunJin"
2026-09-29 02:46:41.412|DEBUG|InventoryKamera|Assigned "goblet" to "YumemizukiMizuki"
2026-09-29 02:46:41.412|DEBUG|InventoryKamera|Assigned "flower" to "Zibai"
2026-09-29 02:46:41.412|DEBUG|InventoryKamera|Assigned "plume" to "Zibai"
2026-09-29 02:46:41.412|DEBUG|InventoryKamera|Assigned "flower" to "Kachina"
2026-09-29 02:46:41.412|DEBUG|InventoryKamera|Assigned "plume" to "Kachina"
2026-09-29 02:46:41.412|DEBUG|InventoryKamera|Assigned "sands" to "Kachina"
2026-09-29 02:46:41.412|DEBUG|InventoryKamera|Assigned "plume" to "Qiqi"
2026-09-29 02:46:41.412|DEBUG|InventoryKamera|Assigned "circlet" to "Sayu"
2026-09-29 02:46:41.412|DEBUG|InventoryKamera|Assigned "circlet" to "YunJin"
2026-09-29 02:46:41.412|DEBUG|InventoryKamera|Assigned "sands" to "Yanfei"
2026-09-29 02:46:41.412|DEBUG|InventoryKamera|Assigned "flower" to "Collei"
2026-09-29 02:46:41.412|DEBUG|InventoryKamera|Assigned "flower" to "Mualani"
2026-09-29 02:46:41.412|DEBUG|InventoryKamera|Assigned "plume" to "Mualani"
2026-09-29 02:46:41.412|DEBUG|InventoryKamera|Assigned "plume" to "Collei"
2026-09-29 02:46:41.412|DEBUG|InventoryKamera|Assigned "sands" to "Collei"
2026-09-29 02:46:41.412|DEBUG|InventoryKamera|Assigned "goblet" to "Collei"
2026-09-29 02:46:41.412|DEBUG|InventoryKamera|Assigned "flower" to "Kaveh"
2026-09-29 02:46:41.412|DEBUG|InventoryKamera|Assigned "flower" to "Yaoyao"
2026-09-29 02:46:41.412|DEBUG|InventoryKamera|Assigned "plume" to "Yaoyao"
2026-09-29 02:46:41.412|DEBUG|InventoryKamera|Assigned "plume" to "Kaveh"
2026-09-29 02:46:41.412|DEBUG|InventoryKamera|Assigned "sands" to "Kaveh"
2026-09-29 02:46:41.412|DEBUG|InventoryKamera|Assigned "goblet" to "ShikanoinHeizou"
2026-09-29 02:46:41.412|DEBUG|InventoryKamera|Assigned "circlet" to "Kaveh"
2026-09-29 02:46:41.412|DEBUG|InventoryKamera|Assigned "goblet" to "Yaoyao"
2026-09-29 02:46:41.412|DEBUG|InventoryKamera|Assigned "flower" to "Mona"
2026-09-29 02:46:41.412|DEBUG|InventoryKamera|Assigned "flower" to "Lisa"
2026-09-29 02:46:41.412|DEBUG|InventoryKamera|Assigned "flower" to "KujouSara"
2026-09-29 02:46:41.412|DEBUG|InventoryKamera|Assigned "flower" to "Xiangling"
2026-09-29 02:46:41.412|DEBUG|InventoryKamera|Assigned "flower" to "Mika"
2026-09-29 02:46:41.412|DEBUG|InventoryKamera|Assigned "flower" to "Faruzan"
2026-09-29 02:46:41.412|DEBUG|InventoryKamera|Assigned "flower" to "Thoma"
2026-09-29 02:46:41.412|DEBUG|InventoryKamera|Assigned "flower" to "Diona"
2026-09-29 02:46:41.412|DEBUG|InventoryKamera|Assigned "flower" to "Beidou"
2026-09-29 02:46:41.412|DEBUG|InventoryKamera|Assigned "flower" to "Rosaria"
2026-09-29 02:46:41.412|DEBUG|InventoryKamera|Assigned "flower" to "Candace"
2026-09-29 02:46:41.412|DEBUG|InventoryKamera|Assigned "flower" to "Gorou"
2026-09-29 02:46:41.412|DEBUG|InventoryKamera|Assigned "plume" to "Faruzan"
2026-09-29 02:46:41.412|DEBUG|InventoryKamera|Assigned "plume" to "Dori"
2026-09-29 02:46:41.412|DEBUG|InventoryKamera|Assigned "plume" to "Lisa"
2026-09-29 02:46:41.412|DEBUG|InventoryKamera|Assigned "plume" to "KujouSara"
2026-09-29 02:46:41.412|DEBUG|InventoryKamera|Assigned "plume" to "Rosaria"
2026-09-29 02:46:41.412|DEBUG|InventoryKamera|Assigned "plume" to "Candace"
2026-09-29 02:46:41.412|DEBUG|InventoryKamera|Assigned "plume" to "Mona"
2026-09-29 02:46:41.412|DEBUG|InventoryKamera|Assigned "plume" to "Beidou"
2026-09-29 02:46:41.412|DEBUG|InventoryKamera|Assigned "plume" to "Thoma"
2026-09-29 02:46:41.412|DEBUG|InventoryKamera|Assigned "sands" to "Rosaria"
2026-09-29 02:46:41.412|DEBUG|InventoryKamera|Assigned "sands" to "Xiangling"
2026-09-29 02:46:41.412|DEBUG|InventoryKamera|Assigned "sands" to "Beidou"
2026-09-29 02:46:41.412|DEBUG|InventoryKamera|Assigned "sands" to "Chevreuse"
2026-09-29 02:46:41.412|DEBUG|InventoryKamera|Assigned "sands" to "Thoma"
2026-09-29 02:46:41.412|DEBUG|InventoryKamera|Assigned "sands" to "Lisa"
2026-09-29 02:46:41.412|DEBUG|InventoryKamera|Assigned "sands" to "KujouSara"
2026-09-29 02:46:41.412|DEBUG|InventoryKamera|Assigned "sands" to "Yaoyao"
2026-09-29 02:46:41.412|DEBUG|InventoryKamera|Assigned "sands" to "Barbara"
2026-09-29 02:46:41.412|DEBUG|InventoryKamera|Assigned "sands" to "YunJin"
2026-09-29 02:46:41.412|DEBUG|InventoryKamera|Assigned "sands" to "Mona"
2026-09-29 02:46:41.412|DEBUG|InventoryKamera|Assigned "goblet" to "KujouSara"
2026-09-29 02:46:41.412|DEBUG|InventoryKamera|Assigned "goblet" to "Rosaria"
2026-09-29 02:46:41.412|DEBUG|InventoryKamera|Assigned "goblet" to "Barbara"
2026-09-29 02:46:41.412|DEBUG|InventoryKamera|Assigned "goblet" to "Beidou"
2026-09-29 02:46:41.412|DEBUG|InventoryKamera|Assigned "goblet" to "Lisa"
2026-09-29 02:46:41.412|DEBUG|InventoryKamera|Assigned "goblet" to "Faruzan"
2026-09-29 02:46:41.412|DEBUG|InventoryKamera|Assigned "goblet" to "Candace"
2026-09-29 02:46:41.412|DEBUG|InventoryKamera|Assigned "goblet" to "Thoma"
2026-09-29 02:46:41.412|DEBUG|InventoryKamera|Assigned "goblet" to "Gorou"
2026-09-29 02:46:41.412|DEBUG|InventoryKamera|Assigned "goblet" to "Chevreuse"
2026-09-29 02:46:41.412|DEBUG|InventoryKamera|Assigned "goblet" to "Xiangling"
2026-09-29 02:46:41.412|DEBUG|InventoryKamera|Assigned "goblet" to "YunJin"
2026-09-29 02:46:41.412|DEBUG|InventoryKamera|Assigned "circlet" to "Xiangling"
2026-09-29 02:46:41.412|DEBUG|InventoryKamera|Assigned "circlet" to "Yaoyao"
2026-09-29 02:46:41.412|DEBUG|InventoryKamera|Assigned "circlet" to "Candace"
2026-09-29 02:46:41.412|DEBUG|InventoryKamera|Assigned "circlet" to "Diona"
2026-09-29 02:46:41.412|DEBUG|InventoryKamera|Assigned "circlet" to "Dori"
2026-09-29 02:46:41.412|DEBUG|InventoryKamera|Assigned "circlet" to "Faruzan"
2026-09-29 02:46:41.412|DEBUG|InventoryKamera|Assigned "circlet" to "Mika"
2026-09-29 02:46:41.412|DEBUG|InventoryKamera|Assigned "circlet" to "Mona"
2026-09-29 02:46:41.412|DEBUG|InventoryKamera|Assigned "flower" to "Wanderer"
2026-09-29 02:46:41.412|DEBUG|InventoryKamera|Assigned "flower" to "Jean"
2026-09-29 02:46:41.412|DEBUG|InventoryKamera|Assigned "flower" to "Lynette"
2026-09-29 02:46:41.412|DEBUG|InventoryKamera|Assigned "sands" to "Wanderer"
2026-09-29 02:46:41.412|DEBUG|InventoryKamera|Assigned "sands" to "Candace"
2026-09-29 02:46:41.412|DEBUG|InventoryKamera|Assigned "sands" to "Qiqi"
2026-09-29 02:46:41.412|DEBUG|InventoryKamera|Assigned "goblet" to "Mualani"
2026-09-29 02:46:41.412|DEBUG|InventoryKamera|Assigned "goblet" to "Diluc"
2026-09-29 02:46:41.412|DEBUG|InventoryKamera|Assigned "goblet" to "Ningguang"
2026-09-29 02:46:41.412|DEBUG|InventoryKamera|Assigned "goblet" to "Amber"
2026-09-29 02:46:41.412|DEBUG|InventoryKamera|Assigned "goblet" to "Mona"
2026-09-29 02:46:41.412|DEBUG|InventoryKamera|Assigned "circlet" to "Wanderer"
2026-09-29 02:46:41.412|DEBUG|InventoryKamera|Assigned "circlet" to "Qiqi"
2026-09-29 02:46:41.412|DEBUG|InventoryKamera|Assigned "flower" to "Barbara"
2026-09-29 02:46:41.412|DEBUG|InventoryKamera|Assigned "plume" to "Barbara"
2026-09-29 02:46:41.412|DEBUG|InventoryKamera|Assigned "circlet" to "Freminet"
2026-09-29 02:46:41.412|DEBUG|InventoryKamera|Assigned "circlet" to "Cyno"
2026-09-29 02:46:41.412|DEBUG|InventoryKamera|Assigned "circlet" to "Lisa"
2026-09-29 02:46:41.412|DEBUG|InventoryKamera|Assigned "circlet" to "Rosaria"
2026-09-29 02:46:41.412|DEBUG|InventoryKamera|Assigned "flower" to "Chongyun"
2026-09-29 02:46:41.412|DEBUG|InventoryKamera|Assigned "flower" to "Chevreuse"
2026-09-29 02:46:41.412|DEBUG|InventoryKamera|Assigned "flower" to "Dori"
2026-09-29 02:46:41.412|DEBUG|InventoryKamera|Assigned "plume" to "Chevreuse"
2026-09-29 02:46:41.412|DEBUG|InventoryKamera|Assigned "goblet" to "Dori"
2026-09-29 02:46:41.412|DEBUG|InventoryKamera|Assigned "circlet" to "Chongyun"
2026-09-29 02:46:41.412|DEBUG|InventoryKamera|Assigned "flower" to "Gaming"
2026-09-29 02:46:41.412|DEBUG|InventoryKamera|Assigned "sands" to "Gaming"
2026-09-29 02:46:41.412|DEBUG|InventoryKamera|Assigned "circlet" to "Gaming"
2026-09-29 02:46:41.412|DEBUG|InventoryKamera|Assigned "flower" to "ShikanoinHeizou"
2026-09-29 02:46:41.412|DEBUG|InventoryKamera|Assigned "flower" to "Tighnari"
2026-09-29 02:46:41.412|DEBUG|InventoryKamera|Assigned "flower" to "Layla"
2026-09-29 02:46:41.412|DEBUG|InventoryKamera|Assigned "flower" to "Yanfei"
2026-09-29 02:46:41.412|DEBUG|InventoryKamera|Assigned "flower" to "Amber"
2026-09-29 02:46:41.412|DEBUG|InventoryKamera|Assigned "flower" to "Sayu"
2026-09-29 02:46:41.412|DEBUG|InventoryKamera|Assigned "plume" to "Xinyan"
2026-09-29 02:46:41.412|DEBUG|InventoryKamera|Assigned "plume" to "Jean"
2026-09-29 02:46:41.412|DEBUG|InventoryKamera|Assigned "plume" to "Yanfei"
2026-09-29 02:46:41.412|DEBUG|InventoryKamera|Assigned "plume" to "Sayu"
2026-09-29 02:46:41.412|DEBUG|InventoryKamera|Assigned "plume" to "Amber"
2026-09-29 02:46:41.412|DEBUG|InventoryKamera|Assigned "plume" to "Tighnari"
2026-09-29 02:46:41.412|DEBUG|InventoryKamera|Assigned "sands" to "Tighnari"
2026-09-29 02:46:41.412|DEBUG|InventoryKamera|Assigned "sands" to "Keqing"
2026-09-29 02:46:41.412|DEBUG|InventoryKamera|Assigned "sands" to "ShikanoinHeizou"
2026-09-29 02:46:41.412|DEBUG|InventoryKamera|Assigned "sands" to "Mualani"
2026-09-29 02:46:41.412|DEBUG|InventoryKamera|Assigned "sands" to "Amber"
2026-09-29 02:46:41.412|DEBUG|InventoryKamera|Assigned "goblet" to "Keqing"
2026-09-29 02:46:41.412|DEBUG|InventoryKamera|Assigned "goblet" to "Gaming"
2026-09-29 02:46:41.412|DEBUG|InventoryKamera|Assigned "goblet" to "Kachina"
2026-09-29 02:46:41.412|DEBUG|InventoryKamera|Assigned "goblet" to "Mika"
2026-09-29 02:46:41.412|DEBUG|InventoryKamera|Assigned "goblet" to "Yanfei"
2026-09-29 02:46:41.412|DEBUG|InventoryKamera|Assigned "goblet" to "Diona"
2026-09-29 02:46:41.412|DEBUG|InventoryKamera|Assigned "circlet" to "Beidou"
2026-09-29 02:46:41.412|DEBUG|InventoryKamera|Assigned "circlet" to "Keqing"
2026-09-29 02:46:41.412|DEBUG|InventoryKamera|Assigned "circlet" to "Lynette"
2026-09-29 02:46:41.412|DEBUG|InventoryKamera|Assigned "circlet" to "Amber"
2026-09-29 02:46:41.412|DEBUG|InventoryKamera|Assigned "circlet" to "Mualani"
2026-09-29 02:46:41.412|DEBUG|InventoryKamera|Assigned "circlet" to "KujouSara"
2026-09-29 02:46:41.412|DEBUG|InventoryKamera|Assigned "circlet" to "Collei"
2026-09-29 02:46:41.412|DEBUG|InventoryKamera|Assigned "circlet" to "Yanfei"
2026-09-29 02:46:41.412|DEBUG|InventoryKamera|Assigned "circlet" to "Tighnari"
2026-09-29 02:46:41.412|DEBUG|InventoryKamera|Assigned "circlet" to "Zibai"
2026-09-29 02:46:41.412|DEBUG|InventoryKamera|Assigned "flower" to "YumemizukiMizuki"
2026-09-29 02:46:41.412|DEBUG|InventoryKamera|Assigned "plume" to "YumemizukiMizuki"
2026-09-29 02:46:41.412|DEBUG|InventoryKamera|Assigned "flower" to "Diluc"
2026-09-29 02:46:41.412|DEBUG|InventoryKamera|Assigned "flower" to "Keqing"
2026-09-29 02:46:41.412|DEBUG|InventoryKamera|Assigned "flower" to "Qiqi"
2026-09-29 02:46:41.412|DEBUG|InventoryKamera|Assigned "flower" to "Freminet"
2026-09-29 02:46:41.412|DEBUG|InventoryKamera|Assigned "flower" to "Xinyan"
2026-09-29 02:46:41.412|DEBUG|InventoryKamera|Assigned "flower" to "Noelle"
2026-09-29 02:46:41.412|DEBUG|InventoryKamera|Assigned "plume" to "Keqing"
2026-09-29 02:46:41.412|DEBUG|InventoryKamera|Assigned "plume" to "Razor"
2026-09-29 02:46:41.412|DEBUG|InventoryKamera|Assigned "plume" to "Lynette"
2026-09-29 02:46:41.412|DEBUG|InventoryKamera|Assigned "plume" to "ShikanoinHeizou"
2026-09-29 02:46:41.412|DEBUG|InventoryKamera|Assigned "plume" to "Diluc"
2026-09-29 02:46:41.412|DEBUG|InventoryKamera|Assigned "plume" to "Arlecchino"
2026-09-29 02:46:41.412|DEBUG|InventoryKamera|Assigned "sands" to "Noelle"
2026-09-29 02:46:41.412|DEBUG|InventoryKamera|Assigned "sands" to "Xinyan"
2026-09-29 02:46:41.412|DEBUG|InventoryKamera|Assigned "sands" to "Faruzan"
2026-09-29 02:46:41.412|DEBUG|InventoryKamera|Assigned "sands" to "Diluc"
2026-09-29 02:46:41.412|DEBUG|InventoryKamera|Assigned "sands" to "Jean"
2026-09-29 02:46:41.412|DEBUG|InventoryKamera|Assigned "sands" to "Razor"
2026-09-29 02:46:41.412|DEBUG|InventoryKamera|Assigned "sands" to "Arlecchino"
2026-09-29 02:46:41.412|DEBUG|InventoryKamera|Assigned "sands" to "Freminet"
2026-09-29 02:46:41.422|DEBUG|InventoryKamera|Assigned "sands" to "Dori"
2026-09-29 02:46:41.422|DEBUG|InventoryKamera|Assigned "sands" to "Sayu"
2026-09-29 02:46:41.422|DEBUG|InventoryKamera|Assigned "sands" to "Chongyun"
2026-09-29 02:46:41.422|DEBUG|InventoryKamera|Assigned "goblet" to "Xinyan"
2026-09-29 02:46:41.422|DEBUG|InventoryKamera|Assigned "goblet" to "Lynette"
2026-09-29 02:46:41.422|DEBUG|InventoryKamera|Assigned "goblet" to "Razor"
2026-09-29 02:46:41.422|DEBUG|InventoryKamera|Assigned "goblet" to "Sayu"
2026-09-29 02:46:41.422|DEBUG|InventoryKamera|Assigned "goblet" to "Wanderer"
2026-09-29 02:46:41.422|DEBUG|InventoryKamera|Assigned "goblet" to "Qiqi"
2026-09-29 02:46:41.422|DEBUG|InventoryKamera|Assigned "goblet" to "Jean"
2026-09-29 02:46:41.422|DEBUG|InventoryKamera|Assigned "goblet" to "Noelle"
2026-09-29 02:46:41.422|DEBUG|InventoryKamera|Assigned "goblet" to "Layla"
2026-09-29 02:46:41.422|DEBUG|InventoryKamera|Assigned "circlet" to "Xinyan"
2026-09-29 02:46:41.422|DEBUG|InventoryKamera|Assigned "circlet" to "Gorou"
2026-09-29 02:46:41.422|DEBUG|InventoryKamera|Assigned "circlet" to "Diluc"
2026-09-29 02:46:41.422|DEBUG|InventoryKamera|Assigned "circlet" to "Ningguang"
2026-09-29 02:46:41.422|DEBUG|InventoryKamera|Assigned "circlet" to "ShikanoinHeizou"
2026-09-29 02:46:41.422|DEBUG|InventoryKamera|Assigned "circlet" to "Razor"
2026-09-29 02:46:41.422|DEBUG|InventoryKamera|Assigned "circlet" to "Noelle"
2026-09-29 02:46:41.422|DEBUG|InventoryKamera|Assigned "circlet" to "Thoma"
2026-09-29 02:46:41.422|DEBUG|InventoryKamera|Assigned "flower" to "KamisatoAyaka"
2026-09-29 02:46:41.422|DEBUG|InventoryKamera|Assigned "plume" to "Kaeya"
2026-09-29 02:46:41.422|DEBUG|InventoryKamera|Assigned "plume" to "Freminet"
2026-09-29 02:46:41.422|DEBUG|InventoryKamera|Assigned "plume" to "KamisatoAyaka"
2026-09-29 02:46:41.422|DEBUG|InventoryKamera|Assigned "plume" to "Layla"
2026-09-29 02:46:41.422|DEBUG|InventoryKamera|Assigned "plume" to "Mika"
2026-09-29 02:46:41.422|DEBUG|InventoryKamera|Assigned "plume" to "Diona"
2026-09-29 02:46:41.422|DEBUG|InventoryKamera|Assigned "plume" to "Chongyun"
2026-09-29 02:46:41.422|DEBUG|InventoryKamera|Assigned "sands" to "Layla"
2026-09-29 02:46:41.422|DEBUG|InventoryKamera|Assigned "sands" to "Mika"
2026-09-29 02:46:41.422|DEBUG|InventoryKamera|Assigned "sands" to "Diona"
2026-09-29 02:46:41.422|DEBUG|InventoryKamera|Assigned "sands" to "Kaeya"
2026-09-29 02:46:41.422|DEBUG|InventoryKamera|Assigned "goblet" to "Freminet"
2026-09-29 02:46:41.422|DEBUG|InventoryKamera|Assigned "goblet" to "Kaveh"
2026-09-29 02:46:41.422|DEBUG|InventoryKamera|Assigned "goblet" to "KamisatoAyaka"
2026-09-29 02:46:41.422|DEBUG|InventoryKamera|Assigned "goblet" to "Chongyun"
2026-09-29 02:46:41.422|DEBUG|InventoryKamera|Assigned "goblet" to "Kaeya"
2026-09-29 02:46:41.422|DEBUG|InventoryKamera|Assigned "circlet" to "KamisatoAyaka"
2026-09-29 02:46:41.422|DEBUG|InventoryKamera|Assigned "circlet" to "Kachina"
2026-09-29 02:46:41.422|DEBUG|InventoryKamera|Assigned "flower" to "YunJin"
2026-09-29 02:46:41.422|DEBUG|InventoryKamera|Assigned "plume" to "Gorou"
2026-09-29 02:46:41.422|DEBUG|InventoryKamera|Assigned "sands" to "Gorou"
2026-09-29 02:46:41.422|DEBUG|InventoryKamera|Assigned "TidalShadow" to "Sandrone"
2026-09-29 02:46:41.422|DEBUG|InventoryKamera|Assigned "FinaleOfTheDeep" to "Odette"
2026-09-29 02:46:41.422|DEBUG|InventoryKamera|Assigned "ToukabouShigure" to "KukiShinobu"
2026-09-29 02:46:41.422|DEBUG|InventoryKamera|Assigned "SacrificialSword" to "Furina"
2026-09-29 02:46:41.422|DEBUG|InventoryKamera|Assigned "IronSting" to "Alhaitham"
2026-09-29 02:46:41.422|DEBUG|InventoryKamera|Assigned "SacrificialSword" to "Xingqiu"
2026-09-29 02:46:41.422|DEBUG|InventoryKamera|Assigned "MappaMare" to "Sucrose"
2026-09-29 02:46:41.422|DEBUG|InventoryKamera|Assigned "AmosBow" to "Fischl"
2026-09-29 02:46:41.422|DEBUG|InventoryKamera|Assigned "FavoniusSword" to "Bennett"
2026-09-29 02:46:41.422|DEBUG|InventoryKamera|Assigned "EtherlightSpindlelute" to "YumemizukiMizuki"
2026-09-29 02:46:41.422|DEBUG|InventoryKamera|Assigned "FavoniusLance" to "Zhongli"
2026-09-29 02:46:41.422|DEBUG|InventoryKamera|Assigned "PrimordialJadeWingedSpear" to "Xiao"
2026-09-29 02:46:41.422|DEBUG|InventoryKamera|Assigned "SacrificialSword" to "Skirk"
2026-09-29 02:46:41.422|DEBUG|InventoryKamera|Assigned "CashflowSupervision" to "Wriothesley"
2026-09-29 02:46:41.422|INFO|InventoryKamera|Default weapon assigned to "TravelerCryo"
2026-09-29 02:46:41.422|DEBUG|InventoryKamera|Assigned "TheBlackSword" to "KamisatoAyaka"
2026-09-29 02:46:41.422|DEBUG|InventoryKamera|Assigned "PrimordialJadeWingedSpear" to "RaidenShogun"
2026-09-29 02:46:41.422|DEBUG|InventoryKamera|Assigned "ReliquaryOfTruth" to "Nefer"
2026-09-29 02:46:41.422|DEBUG|InventoryKamera|Assigned "BalladOfTheBoundlessBlue" to "Lauma"
2026-09-29 02:46:41.422|DEBUG|InventoryKamera|Assigned "SacrificialFragments" to "Nahida"
2026-09-29 02:46:41.422|DEBUG|InventoryKamera|Assigned "SacrificialJade" to "Neuvillette"
2026-09-29 02:46:41.422|DEBUG|InventoryKamera|Assigned "FavoniusWarbow" to "Yelan"
2026-09-29 02:46:41.422|DEBUG|InventoryKamera|Assigned "MoonweaversDawn" to "Durin"
2026-09-29 02:46:41.422|DEBUG|InventoryKamera|Assigned "SacrificialGreatsword" to "Mavuika"
2026-09-29 02:46:41.422|DEBUG|InventoryKamera|Assigned "UltimateOverlordsMegaMagicSword" to "Dehya"
2026-09-29 02:46:41.422|DEBUG|InventoryKamera|Assigned "Rust" to "Yoimiya"
2026-09-29 02:46:41.422|DEBUG|InventoryKamera|Assigned "FavoniusGreatsword" to "Noelle"
2026-09-29 02:46:41.422|DEBUG|InventoryKamera|Assigned "FavoniusSword" to "Kaeya"
2026-09-29 02:46:41.422|DEBUG|InventoryKamera|Assigned "SwordOfNarzissenkreuz" to "Zibai"
2026-09-29 02:46:41.422|DEBUG|InventoryKamera|Assigned "FavoniusSword" to "Jean"
2026-09-29 02:46:41.422|DEBUG|InventoryKamera|Assigned "MissiveWindspear" to "Cyno"
2026-09-29 02:46:41.422|DEBUG|InventoryKamera|Assigned "ApprenticesNotes" to "Columbina"
2026-09-29 02:46:41.422|DEBUG|InventoryKamera|Assigned "ApprenticesNotes" to "Mualani"
2026-09-29 02:46:41.422|DEBUG|InventoryKamera|Assigned "FavoniusLance" to "Arlecchino"
2026-09-29 02:46:41.422|DEBUG|InventoryKamera|Assigned "BeginnersProtector" to "Kachina"
2026-09-29 02:46:41.422|DEBUG|InventoryKamera|Assigned "SkywardAtlas" to "Ningguang"
2026-09-29 02:46:41.422|DEBUG|InventoryKamera|Assigned "ApprenticesNotes" to "Ifa"
2026-09-29 02:46:41.422|DEBUG|InventoryKamera|Assigned "TheWidsith" to "Wanderer"
2026-09-29 02:46:41.422|DEBUG|InventoryKamera|Assigned "DullBlade" to "Qiqi"
2026-09-29 02:46:41.422|DEBUG|InventoryKamera|Assigned "BeginnersProtector" to "Rosaria"
2026-09-29 02:46:41.422|DEBUG|InventoryKamera|Assigned "HuntersBow" to "Diona"
2026-09-29 02:46:41.422|DEBUG|InventoryKamera|Assigned "WasterGreatsword" to "Chongyun"
2026-09-29 02:46:41.422|DEBUG|InventoryKamera|Assigned "WasterGreatsword" to "Beidou"
2026-09-29 02:46:41.422|DEBUG|InventoryKamera|Assigned "WasterGreatsword" to "Razor"
2026-09-29 02:46:41.422|DEBUG|InventoryKamera|Assigned "OtherworldlyStory" to "Lisa"
2026-09-29 02:46:41.422|DEBUG|InventoryKamera|Assigned "BeginnersProtector" to "Xiangling"
2026-09-29 02:46:41.422|DEBUG|InventoryKamera|Assigned "ApprenticesNotes" to "Varesa"
2026-09-29 02:46:41.422|DEBUG|InventoryKamera|Assigned "HuntersBow" to "Tighnari"
2026-09-29 02:46:41.422|DEBUG|InventoryKamera|Assigned "ApprenticesNotes" to "Mona"
2026-09-29 02:46:41.422|DEBUG|InventoryKamera|Assigned "WasterGreatsword" to "Diluc"
2026-09-29 02:46:41.422|DEBUG|InventoryKamera|Assigned "BeginnersProtector" to "Illuga"
2026-09-29 02:46:41.422|DEBUG|InventoryKamera|Assigned "HuntersBow" to "Jahoda"
2026-09-29 02:46:41.422|DEBUG|InventoryKamera|Assigned "ApprenticesNotes" to "LanYan"
2026-09-29 02:46:41.422|DEBUG|InventoryKamera|Assigned "DullBlade" to "Lynette"
2026-09-29 02:46:41.422|DEBUG|InventoryKamera|Assigned "Messenger" to "Faruzan"
2026-09-29 02:46:41.422|DEBUG|InventoryKamera|Assigned "DullBlade" to "Layla"
2026-09-29 02:46:41.422|DEBUG|InventoryKamera|Assigned "WasterGreatsword" to "Kaveh"
2026-09-29 02:46:41.422|DEBUG|InventoryKamera|Assigned "BeginnersProtector" to "Yaoyao"
2026-09-29 02:46:41.422|DEBUG|InventoryKamera|Assigned "Messenger" to "Collei"
2026-09-29 02:46:41.422|DEBUG|InventoryKamera|Assigned "WasterGreatsword" to "Aino"
2026-09-29 02:46:41.422|DEBUG|InventoryKamera|Assigned "FavoniusLance" to "Candace"
2026-09-29 02:46:41.422|DEBUG|InventoryKamera|Assigned "ThrillingTalesOfDragonSlayers" to "Barbara"
2026-09-29 02:46:41.422|DEBUG|InventoryKamera|Assigned "TheBell" to "Gaming"
2026-09-29 02:46:41.422|DEBUG|InventoryKamera|Assigned "BeginnersProtector" to "Chevreuse"
2026-09-29 02:46:41.422|DEBUG|InventoryKamera|Assigned "BeginnersProtector" to "Thoma"
2026-09-29 02:46:41.422|DEBUG|InventoryKamera|Assigned "ApprenticesNotes" to "Yanfei"
2026-09-29 02:46:41.422|DEBUG|InventoryKamera|Assigned "WasterGreatsword" to "Xinyan"
2026-09-29 02:46:41.422|DEBUG|InventoryKamera|Assigned "FavoniusWarbow" to "Amber"
2026-09-29 02:46:41.422|DEBUG|InventoryKamera|Assigned "DullBlade" to "Vesna"
2026-09-29 02:46:41.422|DEBUG|InventoryKamera|Assigned "DullBlade" to "Keqing"
2026-09-29 02:46:41.422|DEBUG|InventoryKamera|Assigned "ApprenticesNotes" to "ShikanoinHeizou"
2026-09-29 02:46:41.422|DEBUG|InventoryKamera|Assigned "WasterGreatsword" to "Sayu"
2026-09-29 02:46:41.422|DEBUG|InventoryKamera|Assigned "ApprenticesNotes" to "Charlotte"
2026-09-29 02:46:41.422|DEBUG|InventoryKamera|Assigned "WasterGreatsword" to "Freminet"
2026-09-29 02:46:41.422|DEBUG|InventoryKamera|Assigned "BeginnersProtector" to "Mika"
2026-09-29 02:46:41.422|DEBUG|InventoryKamera|Assigned "HuntersBow" to "KujouSara"
2026-09-29 02:46:41.422|DEBUG|InventoryKamera|Assigned "PrototypeRancour" to "Kirara"
2026-09-29 02:46:41.422|DEBUG|InventoryKamera|Assigned "BeginnersProtector" to "YunJin"
2026-09-29 02:46:41.422|DEBUG|InventoryKamera|Assigned "HuntersBow" to "Gorou"
2026-09-29 02:46:41.422|DEBUG|InventoryKamera|Assigned "BeginnersProtector" to "Alyosha"
2026-09-29 02:46:41.422|DEBUG|InventoryKamera|Assigned "BeginnersProtector" to "Iansan"
2026-09-29 02:46:41.422|DEBUG|InventoryKamera|Assigned "HuntersBow" to "Sethos"
2026-09-29 02:46:41.422|DEBUG|InventoryKamera|Assigned "WasterGreatsword" to "Dori"
2026-09-29 02:46:41.422|DEBUG|InventoryKamera|Assigned "DullBlade" to "Dahlia"
2026-09-29 02:46:41.422|INFO|InventoryKamera|Scanning character development materials...
2026-09-29 02:46:44.484|DEBUG|MaterialScraper|Scanned mora input: System.Collections.Generic.List`1[System.String]
2026-09-29 02:46:44.484|DEBUG|MaterialScraper|Parsed mora input: 
2026-09-29 02:46:44.484|ERROR|UserInterface|Unable to parse mora count
2026-09-29 02:46:46.290|DEBUG|MaterialScraper|Scanning material page 1
2026-09-29 02:46:46.290|DEBUG|MaterialScraper|Located 40 possible item locations on page.
2026-09-29 02:46:53.542|DEBUG|MaterialScraper|Scanned: F/ -> Regex:  -> Parsed: 0
2026-09-29 02:46:57.083|DEBUG|MaterialScraper|Scanned: Fxx1 -> Regex: 1 -> Parsed: 1
2026-09-29 02:46:57.449|DEBUG|MaterialScraper|Scanned: KZ] -> Regex:  -> Parsed: 0
2026-09-29 02:46:58.137|DEBUG|MaterialScraper|Finished page of materials. Scrolling...
2026-09-29 02:47:00.418|DEBUG|MaterialScraper|Scanning material page 2
2026-09-29 02:47:00.418|DEBUG|MaterialScraper|Located 40 possible item locations on page.
2026-09-29 02:47:01.288|DEBUG|MaterialScraper|Scanned: [3 -> Regex: 3 -> Parsed: 3
2026-09-29 02:47:01.288|DEBUG|MaterialScraper|Scanned: [1:1 -> Regex: 11 -> Parsed: 11
2026-09-29 02:47:01.298|DEBUG|MaterialScraper|Scanned: 4:1 -> Regex: 41 -> Parsed: 41
2026-09-29 02:47:01.298|DEBUG|MaterialScraper|Scanned:  -> Regex:  -> Parsed: 0
2026-09-29 02:47:01.316|DEBUG|MaterialScraper|Scanned: J 68 J -> Regex: 68 -> Parsed: 68
2026-09-29 02:47:01.316|DEBUG|MaterialScraper|White-text fallback scanned:  -> 
2026-09-29 02:47:01.328|DEBUG|MaterialScraper|White-text fallback scanned: fc: -> 
2026-09-29 02:47:01.328|DEBUG|MaterialScraper|White-text fallback scanned: cH -> 
2026-09-29 02:47:01.348|DEBUG|MaterialScraper|White-text fallback scanned:  -> 
2026-09-29 02:47:03.065|DEBUG|MaterialScraper|Scanned: 2] -> Regex: 2 -> Parsed: 2
2026-09-29 02:47:03.798|DEBUG|MaterialScraper|Scanned: \:174 -> Regex: 174 -> Parsed: 174
2026-09-29 02:47:04.162|DEBUG|MaterialScraper|Scanned: pz4 -> Regex: 4 -> Parsed: 4
2026-09-29 02:47:04.512|DEBUG|MaterialScraper|Scanned: 1] -> Regex: 1 -> Parsed: 1
2026-09-29 02:47:05.927|DEBUG|MaterialScraper|Scanned: k15:] -> Regex: 15 -> Parsed: 15
2026-09-29 02:47:05.927|DEBUG|MaterialScraper|Scanned: 1-1 -> Regex: 11 -> Parsed: 11
2026-09-29 02:47:08.451|DEBUG|MaterialScraper|Scanned: 1] -> Regex: 1 -> Parsed: 1
2026-09-29 02:47:12.175|DEBUG|MaterialScraper|Finished page of materials. Scrolling...
2026-09-29 02:47:14.844|DEBUG|MaterialScraper|Scanning material page 3
2026-09-29 02:47:14.844|DEBUG|MaterialScraper|Located 40 possible item locations on page.
2026-09-29 02:47:17.312|DEBUG|MaterialScraper|Scanned: pz4 -> Regex: 4 -> Parsed: 4
2026-09-29 02:47:18.825|DEBUG|MaterialScraper|Scanned: :1) -> Regex: 1 -> Parsed: 1
2026-09-29 02:47:24.075|DEBUG|MaterialScraper|Scanned: [X] -> Regex:  -> Parsed: 0
2026-09-29 02:47:24.081|DEBUG|MaterialScraper|Scanned: [2] -> Regex: 2 -> Parsed: 2
2026-09-29 02:47:25.522|DEBUG|MaterialScraper|Scanned: E13 -> Regex: 13 -> Parsed: 13
2026-09-29 02:47:26.955|DEBUG|MaterialScraper|Finished page of materials. Scrolling...
2026-09-29 02:47:29.181|DEBUG|MaterialScraper|Scanning material page 4
2026-09-29 02:47:29.181|DEBUG|MaterialScraper|Located 40 possible item locations on page.
2026-09-29 02:47:29.378|DEBUG|MaterialScraper|Scanned: pz] -> Regex:  -> Parsed: 0
2026-09-29 02:47:29.742|DEBUG|MaterialScraper|Scanned: F/ -> Regex:  -> Parsed: 0
2026-09-29 02:47:31.174|DEBUG|MaterialScraper|Scanned: pr23 -> Regex: 23 -> Parsed: 23
2026-09-29 02:47:31.174|DEBUG|MaterialScraper|Scanned: rz’ -> Regex:  -> Parsed: 0
2026-09-29 02:47:35.711|DEBUG|MaterialScraper|Scanned: x] -> Regex:  -> Parsed: 0
2026-09-29 02:47:37.808|DEBUG|MaterialScraper|Scanned: pai1x1] -> Regex: 11 -> Parsed: 11
2026-09-29 02:47:38.920|DEBUG|MaterialScraper|Scanned: 117] -> Regex: 117 -> Parsed: 117
2026-09-29 02:47:39.682|DEBUG|MaterialScraper|Scanned: J -> Regex:  -> Parsed: 0
2026-09-29 02:47:39.682|DEBUG|MaterialScraper|Scanned: J -> Regex:  -> Parsed: 0
2026-09-29 02:47:40.068|DEBUG|MaterialScraper|Scanned: px] -> Regex:  -> Parsed: 0
2026-09-29 02:47:40.778|DEBUG|MaterialScraper|Finished page of materials. Scrolling...
2026-09-29 02:47:43.484|DEBUG|MaterialScraper|Scanning material page 5
2026-09-29 02:47:43.484|DEBUG|MaterialScraper|Located 40 possible item locations on page.
2026-09-29 02:47:44.437|DEBUG|MaterialScraper|Scanned: p44 -> Regex: 44 -> Parsed: 44
2026-09-29 02:47:47.452|DEBUG|MaterialScraper|Scanned: TET -> Regex:  -> Parsed: 0
2026-09-29 02:47:47.467|DEBUG|MaterialScraper|Scanned: IEE -> Regex:  -> Parsed: 0
2026-09-29 02:47:47.483|DEBUG|MaterialScraper|Scanned: TEI -> Regex:  -> Parsed: 0
2026-09-29 02:47:50.521|DEBUG|MaterialScraper|Scanned: pz4 -> Regex: 4 -> Parsed: 4
2026-09-29 02:47:52.017|DEBUG|MaterialScraper|Scanned: 1:1 -> Regex: 11 -> Parsed: 11
2026-09-29 02:47:52.779|DEBUG|MaterialScraper|Scanned:  -> Regex:  -> Parsed: 0
2026-09-29 02:47:52.781|DEBUG|MaterialScraper|Scanned:  -> Regex:  -> Parsed: 0
2026-09-29 02:47:52.781|DEBUG|MaterialScraper|Scanned:  -> Regex:  -> Parsed: 0
2026-09-29 02:47:52.781|DEBUG|MaterialScraper|Scanned:  -> Regex:  -> Parsed: 0
2026-09-29 02:47:52.800|DEBUG|MaterialScraper|Scanned:  -> Regex:  -> Parsed: 0
2026-09-29 02:47:52.800|DEBUG|MaterialScraper|White-text fallback scanned: 0 -> 0
2026-09-29 02:47:52.831|DEBUG|MaterialScraper|White-text fallback scanned: I] -> 
2026-09-29 02:47:52.864|DEBUG|MaterialScraper|White-text fallback scanned: jz Ty -> 
2026-09-29 02:47:52.918|DEBUG|MaterialScraper|White-text fallback scanned: — 271 — -> 271
2026-09-29 02:47:53.293|DEBUG|MaterialScraper|Scanned:  -> Regex:  -> Parsed: 0
2026-09-29 02:47:53.293|DEBUG|MaterialScraper|Scanned:  -> Regex:  -> Parsed: 0
2026-09-29 02:47:53.299|DEBUG|MaterialScraper|Scanned:  -> Regex:  -> Parsed: 0
2026-09-29 02:47:53.299|DEBUG|MaterialScraper|Scanned:  -> Regex:  -> Parsed: 0
2026-09-29 02:47:53.299|DEBUG|MaterialScraper|Scanned:  -> Regex:  -> Parsed: 0
2026-09-29 02:47:53.321|DEBUG|MaterialScraper|White-text fallback scanned: i 9] -> 9
2026-09-29 02:47:53.679|DEBUG|MaterialScraper|Scanned: 1.1 -> Regex: 11 -> Parsed: 11
2026-09-29 02:47:54.058|DEBUG|MaterialScraper|Scanned:  -> Regex:  -> Parsed: 0
2026-09-29 02:47:54.058|DEBUG|MaterialScraper|Scanned:  -> Regex:  -> Parsed: 0
2026-09-29 02:47:54.062|DEBUG|MaterialScraper|Scanned:  -> Regex:  -> Parsed: 0
2026-09-29 02:47:54.062|DEBUG|MaterialScraper|Scanned:  -> Regex:  -> Parsed: 0
2026-09-29 02:47:54.062|DEBUG|MaterialScraper|Scanned:  -> Regex:  -> Parsed: 0
2026-09-29 02:47:54.062|DEBUG|MaterialScraper|White-text fallback scanned:  -> 
2026-09-29 02:47:54.090|DEBUG|MaterialScraper|White-text fallback scanned: a -> 
2026-09-29 02:47:54.095|DEBUG|MaterialScraper|White-text fallback scanned:  -> 
2026-09-29 02:47:54.119|DEBUG|MaterialScraper|White-text fallback scanned: Cs] — -> 
2026-09-29 02:47:54.119|ERROR|UserInterface|Failed to parse quantity for EtherealCrystalscaleStone
2026-09-29 02:47:54.474|DEBUG|MaterialScraper|Scanned:  -> Regex:  -> Parsed: 0
2026-09-29 02:47:54.474|DEBUG|MaterialScraper|Scanned:  -> Regex:  -> Parsed: 0
2026-09-29 02:47:54.474|DEBUG|MaterialScraper|Scanned:  -> Regex:  -> Parsed: 0
2026-09-29 02:47:54.474|DEBUG|MaterialScraper|Scanned:  -> Regex:  -> Parsed: 0
2026-09-29 02:47:54.490|DEBUG|MaterialScraper|Scanned:  -> Regex:  -> Parsed: 0
2026-09-29 02:47:54.490|DEBUG|MaterialScraper|White-text fallback scanned: 2 7 -> 27
2026-09-29 02:47:55.204|DEBUG|MaterialScraper|Scanned:  -> Regex:  -> Parsed: 0
2026-09-29 02:47:55.204|DEBUG|MaterialScraper|Scanned:  -> Regex:  -> Parsed: 0
2026-09-29 02:47:55.204|DEBUG|MaterialScraper|Scanned: 1 8 [ -> Regex: 18 -> Parsed: 18
2026-09-29 02:47:55.227|DEBUG|MaterialScraper|Scanned: 1 ‘8 1 -> Regex: 181 -> Parsed: 181
2026-09-29 02:47:55.255|DEBUG|MaterialScraper|Scanned: rt t1 11 t -> Regex: 111 -> Parsed: 111
2026-09-29 02:47:55.255|DEBUG|MaterialScraper|White-text fallback scanned: g-- -> 
2026-09-29 02:47:55.268|DEBUG|MaterialScraper|White-text fallback scanned:  -> 
2026-09-29 02:47:55.292|DEBUG|MaterialScraper|White-text fallback scanned: a 3 a f -> 3
2026-09-29 02:47:55.654|DEBUG|MaterialScraper|Scanned:  -> Regex:  -> Parsed: 0
2026-09-29 02:47:55.654|DEBUG|MaterialScraper|Scanned:  -> Regex:  -> Parsed: 0
2026-09-29 02:47:55.658|DEBUG|MaterialScraper|Scanned:  -> Regex:  -> Parsed: 0
2026-09-29 02:47:55.658|DEBUG|MaterialScraper|Scanned:  -> Regex:  -> Parsed: 0
2026-09-29 02:47:55.658|DEBUG|MaterialScraper|Scanned:  -> Regex:  -> Parsed: 0
2026-09-29 02:47:55.658|DEBUG|MaterialScraper|White-text fallback scanned:  -> 
2026-09-29 02:47:55.673|DEBUG|MaterialScraper|White-text fallback scanned:  -> 
2026-09-29 02:47:55.673|DEBUG|MaterialScraper|White-text fallback scanned:  -> 
2026-09-29 02:47:55.673|DEBUG|MaterialScraper|White-text fallback scanned:  -> 
2026-09-29 02:47:55.673|ERROR|UserInterface|Failed to parse quantity for SymbioticChimericNucleus
2026-09-29 02:47:56.004|DEBUG|MaterialScraper|Finished page of materials. Scrolling...
2026-09-29 02:47:58.281|DEBUG|MaterialScraper|Scanning material page 6
2026-09-29 02:47:58.281|DEBUG|MaterialScraper|Located 40 possible item locations on page.
2026-09-29 02:47:59.934|DEBUG|MaterialScraper|Scanned: EI -> Regex:  -> Parsed: 0
2026-09-29 02:47:59.945|DEBUG|MaterialScraper|Scanned: IIE -> Regex:  -> Parsed: 0
2026-09-29 02:47:59.956|DEBUG|MaterialScraper|Scanned: IEE -> Regex:  -> Parsed: 0
2026-09-29 02:48:07.057|DEBUG|MaterialScraper|Scanned: kK] -> Regex:  -> Parsed: 0
2026-09-29 02:48:07.057|DEBUG|MaterialScraper|Scanned: K] -> Regex:  -> Parsed: 0
2026-09-29 02:48:07.065|DEBUG|MaterialScraper|Scanned: KJ -> Regex:  -> Parsed: 0
2026-09-29 02:48:07.065|DEBUG|MaterialScraper|Scanned: K) -> Regex:  -> Parsed: 0
2026-09-29 02:48:07.078|DEBUG|MaterialScraper|Scanned: K] -> Regex:  -> Parsed: 0
2026-09-29 02:48:07.078|DEBUG|MaterialScraper|White-text fallback scanned:  -> 
2026-09-29 02:48:07.078|DEBUG|MaterialScraper|White-text fallback scanned:  -> 
2026-09-29 02:48:07.118|DEBUG|MaterialScraper|White-text fallback scanned: ht ot 3) he te -> 3
2026-09-29 02:48:07.456|DEBUG|MaterialScraper|Scanned: |] -> Regex:  -> Parsed: 0
2026-09-29 02:48:07.456|DEBUG|MaterialScraper|Scanned: ] -> Regex:  -> Parsed: 0
2026-09-29 02:48:08.154|DEBUG|MaterialScraper|Scanned: kK] -> Regex:  -> Parsed: 0
2026-09-29 02:48:08.158|DEBUG|MaterialScraper|Scanned: K] -> Regex:  -> Parsed: 0
2026-09-29 02:48:08.158|DEBUG|MaterialScraper|Scanned: KJ -> Regex:  -> Parsed: 0
2026-09-29 02:48:08.158|DEBUG|MaterialScraper|Scanned: K) -> Regex:  -> Parsed: 0
2026-09-29 02:48:08.175|DEBUG|MaterialScraper|Scanned: K] -> Regex:  -> Parsed: 0
2026-09-29 02:48:08.175|DEBUG|MaterialScraper|White-text fallback scanned:  -> 
2026-09-29 02:48:08.175|DEBUG|MaterialScraper|White-text fallback scanned:  -> 
2026-09-29 02:48:08.212|DEBUG|MaterialScraper|White-text fallback scanned: ht ot 3) he te -> 3
2026-09-29 02:48:10.024|DEBUG|MaterialScraper|Finished page of materials. Scrolling...
2026-09-29 02:48:12.661|DEBUG|MaterialScraper|Scanning material page 7
2026-09-29 02:48:12.661|DEBUG|MaterialScraper|Located 40 possible item locations on page.
2026-09-29 02:48:13.224|DEBUG|MaterialScraper|Scanned: J -> Regex:  -> Parsed: 0
2026-09-29 02:48:13.224|DEBUG|MaterialScraper|Scanned: VJ -> Regex:  -> Parsed: 0
2026-09-29 02:48:13.609|DEBUG|MaterialScraper|Scanned: J -> Regex:  -> Parsed: 0
2026-09-29 02:48:13.613|DEBUG|MaterialScraper|Scanned: VJ -> Regex:  -> Parsed: 0
2026-09-29 02:48:13.992|DEBUG|MaterialScraper|Scanned: Pz] -> Regex:  -> Parsed: 0
2026-09-29 02:48:13.992|DEBUG|MaterialScraper|Scanned: pz] -> Regex:  -> Parsed: 0
2026-09-29 02:48:14.008|DEBUG|MaterialScraper|Scanned: V4: -> Regex: 4 -> Parsed: 4
2026-09-29 02:48:14.017|DEBUG|MaterialScraper|Scanned: y4:] -> Regex: 4 -> Parsed: 4
2026-09-29 02:48:16.636|DEBUG|MaterialScraper|Scanned: pz 1 -> Regex: 1 -> Parsed: 1
2026-09-29 02:48:16.644|DEBUG|MaterialScraper|Scanned: pz: -> Regex:  -> Parsed: 0
2026-09-29 02:48:16.644|DEBUG|MaterialScraper|Scanned: PZ: -> Regex:  -> Parsed: 0
2026-09-29 02:48:17.031|DEBUG|MaterialScraper|Scanned: J -> Regex:  -> Parsed: 0
2026-09-29 02:48:17.035|DEBUG|MaterialScraper|Scanned: VJ -> Regex:  -> Parsed: 0
2026-09-29 02:48:17.799|DEBUG|MaterialScraper|Scanned: pz 1 -> Regex: 1 -> Parsed: 1
2026-09-29 02:48:17.799|DEBUG|MaterialScraper|Scanned: pz: -> Regex:  -> Parsed: 0
2026-09-29 02:48:17.799|DEBUG|MaterialScraper|Scanned: PZ: -> Regex:  -> Parsed: 0
2026-09-29 02:48:18.560|DEBUG|MaterialScraper|Scanned: 1] -> Regex: 1 -> Parsed: 1
2026-09-29 02:48:18.566|DEBUG|MaterialScraper|Scanned: 1:1 -> Regex: 11 -> Parsed: 11
2026-09-29 02:48:18.566|DEBUG|MaterialScraper|Scanned: 1:1 -> Regex: 11 -> Parsed: 11
2026-09-29 02:48:18.579|DEBUG|MaterialScraper|Scanned: 13] -> Regex: 13 -> Parsed: 13
2026-09-29 02:48:18.579|DEBUG|MaterialScraper|Scanned: 13] -> Regex: 13 -> Parsed: 13
2026-09-29 02:48:18.613|DEBUG|MaterialScraper|White-text fallback scanned: Ec -> 
2026-09-29 02:48:18.638|DEBUG|MaterialScraper|White-text fallback scanned: ig -> 
2026-09-29 02:48:18.669|DEBUG|MaterialScraper|White-text fallback scanned: ici -> 
2026-09-29 02:48:18.694|DEBUG|MaterialScraper|White-text fallback scanned: J El - -> 
2026-09-29 02:48:19.075|DEBUG|MaterialScraper|Scanned: |] -> Regex:  -> Parsed: 0
2026-09-29 02:48:20.605|DEBUG|MaterialScraper|Scanned: kK] -> Regex:  -> Parsed: 0
2026-09-29 02:48:20.610|DEBUG|MaterialScraper|Scanned: kK] -> Regex:  -> Parsed: 0
2026-09-29 02:48:20.610|DEBUG|MaterialScraper|Scanned: KJ -> Regex:  -> Parsed: 0
2026-09-29 02:48:21.036|DEBUG|MaterialScraper|Scanned: F/ -> Regex:  -> Parsed: 0
2026-09-29 02:48:21.421|DEBUG|MaterialScraper|Scanned: 1%] -> Regex: 1 -> Parsed: 1
2026-09-29 02:48:21.818|DEBUG|MaterialScraper|Scanned: kK] -> Regex:  -> Parsed: 0
2026-09-29 02:48:21.818|DEBUG|MaterialScraper|Scanned: kK] -> Regex:  -> Parsed: 0
2026-09-29 02:48:21.818|DEBUG|MaterialScraper|Scanned: KJ -> Regex:  -> Parsed: 0
2026-09-29 02:48:22.217|DEBUG|MaterialScraper|Scanned: J -> Regex:  -> Parsed: 0
2026-09-29 02:48:22.223|DEBUG|MaterialScraper|Scanned: VJ -> Regex:  -> Parsed: 0
2026-09-29 02:48:22.635|DEBUG|MaterialScraper|Scanned: 1] -> Regex: 1 -> Parsed: 1
2026-09-29 02:48:22.641|DEBUG|MaterialScraper|Scanned: 1:1 -> Regex: 11 -> Parsed: 11
2026-09-29 02:48:22.641|DEBUG|MaterialScraper|Scanned: 1:1 -> Regex: 11 -> Parsed: 11
2026-09-29 02:48:22.659|DEBUG|MaterialScraper|Scanned: 13] -> Regex: 13 -> Parsed: 13
2026-09-29 02:48:22.672|DEBUG|MaterialScraper|Scanned: 13] -> Regex: 13 -> Parsed: 13
2026-09-29 02:48:22.700|DEBUG|MaterialScraper|White-text fallback scanned: Ec -> 
2026-09-29 02:48:22.730|DEBUG|MaterialScraper|White-text fallback scanned: ig -> 
2026-09-29 02:48:22.763|DEBUG|MaterialScraper|White-text fallback scanned: ici -> 
2026-09-29 02:48:22.797|DEBUG|MaterialScraper|White-text fallback scanned: J El - -> 
2026-09-29 02:48:23.199|DEBUG|MaterialScraper|Scanned: P]] -> Regex:  -> Parsed: 0
2026-09-29 02:48:23.927|DEBUG|MaterialScraper|Scanned: J -> Regex:  -> Parsed: 0
2026-09-29 02:48:23.927|DEBUG|MaterialScraper|Scanned: VJ -> Regex:  -> Parsed: 0
2026-09-29 02:48:25.366|DEBUG|MaterialScraper|Finished page of materials. Scrolling...
2026-09-29 02:48:27.618|DEBUG|MaterialScraper|Scanning material page 8
2026-09-29 02:48:27.618|DEBUG|MaterialScraper|Located 40 possible item locations on page.
2026-09-29 02:48:31.525|DEBUG|MaterialScraper|Scanned: p17] -> Regex: 17 -> Parsed: 17
2026-09-29 02:48:31.877|DEBUG|MaterialScraper|Scanned: I 1 -> Regex: 1 -> Parsed: 1
2026-09-29 02:48:31.877|DEBUG|MaterialScraper|Scanned: I 1 -> Regex: 1 -> Parsed: 1
2026-09-29 02:48:31.895|DEBUG|MaterialScraper|Scanned: 1 1 -> Regex: 11 -> Parsed: 11
2026-09-29 02:48:31.907|DEBUG|MaterialScraper|Scanned: I 1 -> Regex: 1 -> Parsed: 1
2026-09-29 02:48:31.907|DEBUG|MaterialScraper|Scanned: I 1 -> Regex: 1 -> Parsed: 1
2026-09-29 02:48:35.895|DEBUG|MaterialScraper|Scanned: [31 -> Regex: 31 -> Parsed: 31
2026-09-29 02:48:39.495|DEBUG|MaterialScraper|Finished page of materials. Scrolling...
2026-09-29 02:48:42.155|DEBUG|MaterialScraper|Scanning material page 9
2026-09-29 02:48:42.155|DEBUG|MaterialScraper|Located 40 possible item locations on page.
2026-09-29 02:48:46.658|DEBUG|MaterialScraper|Scanned: _ 8 -> Regex: 8 -> Parsed: 8
2026-09-29 02:48:47.781|DEBUG|MaterialScraper|Scanned: [2] -> Regex: 2 -> Parsed: 2
2026-09-29 02:48:47.785|DEBUG|MaterialScraper|Scanned: [1 -> Regex: 1 -> Parsed: 1
2026-09-29 02:48:47.785|DEBUG|MaterialScraper|Scanned: 4:1 -> Regex: 41 -> Parsed: 41
2026-09-29 02:48:53.016|DEBUG|MaterialScraper|Scanned: J -> Regex:  -> Parsed: 0
2026-09-29 02:48:53.364|DEBUG|MaterialScraper|Scanned: [1 -> Regex: 1 -> Parsed: 1
2026-09-29 02:48:54.079|DEBUG|MaterialScraper|Scanned: 1:1 -> Regex: 11 -> Parsed: 11
2026-09-29 02:48:54.422|DEBUG|MaterialScraper|Finished page of materials. Scrolling...
2026-09-29 02:48:56.642|DEBUG|MaterialScraper|Scanning material page 10
2026-09-29 02:48:56.642|DEBUG|MaterialScraper|Located 40 possible item locations on page.
2026-09-29 02:48:57.521|DEBUG|MaterialScraper|Scanned: pz 1 -> Regex: 1 -> Parsed: 1
2026-09-29 02:48:57.521|DEBUG|MaterialScraper|Scanned: pz: -> Regex:  -> Parsed: 0
2026-09-29 02:48:57.533|DEBUG|MaterialScraper|Scanned: PZ: -> Regex:  -> Parsed: 0
2026-09-29 02:48:58.616|DEBUG|MaterialScraper|Scanned: J -> Regex:  -> Parsed: 0
2026-09-29 02:48:58.616|DEBUG|MaterialScraper|Scanned: VJ -> Regex:  -> Parsed: 0
2026-09-29 02:49:00.379|DEBUG|MaterialScraper|Scanned: 1[] -> Regex: 1 -> Parsed: 1
2026-09-29 02:49:00.379|DEBUG|MaterialScraper|Scanned: \[] -> Regex:  -> Parsed: 0
2026-09-29 02:49:01.078|DEBUG|MaterialScraper|Scanned: Pz] -> Regex:  -> Parsed: 0
2026-09-29 02:49:01.078|DEBUG|MaterialScraper|Scanned: pz] -> Regex:  -> Parsed: 0
2026-09-29 02:49:01.078|DEBUG|MaterialScraper|Scanned:  -> Regex:  -> Parsed: 0
2026-09-29 02:49:01.078|DEBUG|MaterialScraper|Scanned:  -> Regex:  -> Parsed: 0
2026-09-29 02:49:01.096|DEBUG|MaterialScraper|Scanned:  -> Regex:  -> Parsed: 0
2026-09-29 02:49:01.096|DEBUG|MaterialScraper|White-text fallback scanned: ig -> 
2026-09-29 02:49:01.096|DEBUG|MaterialScraper|White-text fallback scanned:  -> 
2026-09-29 02:49:01.111|DEBUG|MaterialScraper|White-text fallback scanned:  -> 
2026-09-29 02:49:01.111|DEBUG|MaterialScraper|White-text fallback scanned: PE] -> 
2026-09-29 02:49:01.126|ERROR|UserInterface|Failed to parse quantity for TeachingsOfKindling
2026-09-29 02:49:02.173|DEBUG|MaterialScraper|Scanned: P]] -> Regex:  -> Parsed: 0
2026-09-29 02:49:02.524|DEBUG|MaterialScraper|Scanned: EK] -> Regex:  -> Parsed: 0
2026-09-29 02:49:02.524|DEBUG|MaterialScraper|Scanned: k] -> Regex:  -> Parsed: 0
2026-09-29 02:49:02.524|DEBUG|MaterialScraper|Scanned: kK] -> Regex:  -> Parsed: 0
2026-09-29 02:49:02.536|DEBUG|MaterialScraper|Scanned: K! -> Regex:  -> Parsed: 0
2026-09-29 02:49:02.536|DEBUG|MaterialScraper|Scanned: K! -> Regex:  -> Parsed: 0
2026-09-29 02:49:02.536|DEBUG|MaterialScraper|White-text fallback scanned:  -> 
2026-09-29 02:49:02.536|DEBUG|MaterialScraper|White-text fallback scanned:  -> 
2026-09-29 02:49:02.569|DEBUG|MaterialScraper|White-text fallback scanned: —g - -> 
2026-09-29 02:49:02.594|DEBUG|MaterialScraper|White-text fallback scanned: — g -> 
2026-09-29 02:49:02.594|ERROR|UserInterface|Failed to parse quantity for PhilosophiesOfMoonlight
2026-09-29 02:49:05.448|DEBUG|MaterialScraper|Scanned: J -> Regex:  -> Parsed: 0
2026-09-29 02:49:05.448|DEBUG|MaterialScraper|Scanned: VJ -> Regex:  -> Parsed: 0
2026-09-29 02:49:05.454|DEBUG|MaterialScraper|Scanned:  -> Regex:  -> Parsed: 0
2026-09-29 02:49:05.454|DEBUG|MaterialScraper|Scanned:  -> Regex:  -> Parsed: 0
2026-09-29 02:49:05.454|DEBUG|MaterialScraper|Scanned:  -> Regex:  -> Parsed: 0
2026-09-29 02:49:05.472|DEBUG|MaterialScraper|White-text fallback scanned: Tg -> 
2026-09-29 02:49:05.489|DEBUG|MaterialScraper|White-text fallback scanned: _ F1 -. -> 1
2026-09-29 02:49:06.547|DEBUG|MaterialScraper|Scanned: E11] -> Regex: 11 -> Parsed: 11
2026-09-29 02:49:06.547|DEBUG|MaterialScraper|Scanned: K11] -> Regex: 11 -> Parsed: 11
2026-09-29 02:49:06.944|DEBUG|MaterialScraper|Scanned: EK] -> Regex:  -> Parsed: 0
2026-09-29 02:49:06.944|DEBUG|MaterialScraper|Scanned: k] -> Regex:  -> Parsed: 0
2026-09-29 02:49:06.944|DEBUG|MaterialScraper|Scanned: kK] -> Regex:  -> Parsed: 0
2026-09-29 02:49:06.957|DEBUG|MaterialScraper|Scanned: K! -> Regex:  -> Parsed: 0
2026-09-29 02:49:06.957|DEBUG|MaterialScraper|Scanned: K! -> Regex:  -> Parsed: 0
2026-09-29 02:49:06.957|DEBUG|MaterialScraper|White-text fallback scanned:  -> 
2026-09-29 02:49:06.957|DEBUG|MaterialScraper|White-text fallback scanned:  -> 
2026-09-29 02:49:06.988|DEBUG|MaterialScraper|White-text fallback scanned: —g - -> 
2026-09-29 02:49:07.015|DEBUG|MaterialScraper|White-text fallback scanned: — g -> 
2026-09-29 02:49:07.018|ERROR|UserInterface|Failed to parse quantity for PhilosophiesOfFortitude
2026-09-29 02:49:08.432|DEBUG|MaterialScraper|Finished page of materials. Scrolling...
2026-09-29 02:49:11.176|DEBUG|MaterialScraper|Scanning material page 11
2026-09-29 02:49:11.176|DEBUG|MaterialScraper|Located 40 possible item locations on page.
2026-09-29 02:49:11.749|DEBUG|MaterialScraper|Scanned: J -> Regex:  -> Parsed: 0
2026-09-29 02:49:11.755|DEBUG|MaterialScraper|Scanned: VJ -> Regex:  -> Parsed: 0
2026-09-29 02:49:11.755|DEBUG|MaterialScraper|Scanned:  -> Regex:  -> Parsed: 0
2026-09-29 02:49:11.755|DEBUG|MaterialScraper|Scanned:  -> Regex:  -> Parsed: 0
2026-09-29 02:49:11.770|DEBUG|MaterialScraper|Scanned:  -> Regex:  -> Parsed: 0
2026-09-29 02:49:11.784|DEBUG|MaterialScraper|White-text fallback scanned: Tg -> 
2026-09-29 02:49:11.806|DEBUG|MaterialScraper|White-text fallback scanned: _ F1 -. -> 1
2026-09-29 02:49:12.198|DEBUG|MaterialScraper|Scanned: 1] -> Regex: 1 -> Parsed: 1
2026-09-29 02:49:12.204|DEBUG|MaterialScraper|Scanned: 1:1 -> Regex: 11 -> Parsed: 11
2026-09-29 02:49:12.204|DEBUG|MaterialScraper|Scanned: 1:1 -> Regex: 11 -> Parsed: 11
2026-09-29 02:49:12.219|DEBUG|MaterialScraper|Scanned: 13] -> Regex: 13 -> Parsed: 13
2026-09-29 02:49:12.219|DEBUG|MaterialScraper|Scanned: 13] -> Regex: 13 -> Parsed: 13
2026-09-29 02:49:12.219|DEBUG|MaterialScraper|White-text fallback scanned:  -> 
2026-09-29 02:49:12.254|DEBUG|MaterialScraper|White-text fallback scanned: cE -> 
2026-09-29 02:49:12.254|DEBUG|MaterialScraper|White-text fallback scanned:  -> 
2026-09-29 02:49:12.312|DEBUG|MaterialScraper|White-text fallback scanned: DS 18 -> 18
2026-09-29 02:49:14.241|DEBUG|MaterialScraper|Scanned: J -> Regex:  -> Parsed: 0
2026-09-29 02:49:14.241|DEBUG|MaterialScraper|Scanned: VJ -> Regex:  -> Parsed: 0
2026-09-29 02:49:15.006|DEBUG|MaterialScraper|Scanned: pit] -> Regex:  -> Parsed: 0
2026-09-29 02:49:15.006|DEBUG|MaterialScraper|Scanned: p41] -> Regex: 41 -> Parsed: 41
2026-09-29 02:49:15.006|DEBUG|MaterialScraper|Scanned:  -> Regex:  -> Parsed: 0
2026-09-29 02:49:15.021|DEBUG|MaterialScraper|Scanned:  -> Regex:  -> Parsed: 0
2026-09-29 02:49:15.021|DEBUG|MaterialScraper|Scanned:  -> Regex:  -> Parsed: 0
2026-09-29 02:49:15.038|DEBUG|MaterialScraper|White-text fallback scanned: Bit -> 
2026-09-29 02:49:15.062|DEBUG|MaterialScraper|White-text fallback scanned: zo -> 
2026-09-29 02:49:15.062|DEBUG|MaterialScraper|White-text fallback scanned:  -> 
2026-09-29 02:49:15.062|DEBUG|MaterialScraper|White-text fallback scanned:  -> 
2026-09-29 02:49:16.236|DEBUG|MaterialScraper|Scanned: J -> Regex:  -> Parsed: 0
2026-09-29 02:49:16.236|DEBUG|MaterialScraper|Scanned: VJ -> Regex:  -> Parsed: 0
2026-09-29 02:49:17.001|DEBUG|MaterialScraper|Scanned: J -> Regex:  -> Parsed: 0
2026-09-29 02:49:17.001|DEBUG|MaterialScraper|Scanned: ‘2 -> Regex: 2 -> Parsed: 2
2026-09-29 02:49:17.018|DEBUG|MaterialScraper|Scanned: pg -> Regex:  -> Parsed: 0
2026-09-29 02:49:17.035|DEBUG|MaterialScraper|Scanned: pg -> Regex:  -> Parsed: 0
2026-09-29 02:49:17.052|DEBUG|MaterialScraper|Scanned: I’ -> Regex:  -> Parsed: 0
2026-09-29 02:49:17.063|DEBUG|MaterialScraper|White-text fallback scanned: = -> 
2026-09-29 02:49:17.063|DEBUG|MaterialScraper|White-text fallback scanned:  -> 
2026-09-29 02:49:17.099|DEBUG|MaterialScraper|White-text fallback scanned: _— gy -> 
2026-09-29 02:49:17.147|DEBUG|MaterialScraper|White-text fallback scanned: — 2 i" -> 2
2026-09-29 02:49:18.298|DEBUG|MaterialScraper|Scanned: kK] -> Regex:  -> Parsed: 0
2026-09-29 02:49:18.298|DEBUG|MaterialScraper|Scanned: kK] -> Regex:  -> Parsed: 0
2026-09-29 02:49:18.298|DEBUG|MaterialScraper|Scanned: KJ -> Regex:  -> Parsed: 0
2026-09-29 02:49:18.697|DEBUG|MaterialScraper|Scanned: 7] -> Regex: 7 -> Parsed: 7
2026-09-29 02:49:19.079|DEBUG|MaterialScraper|Scanned: 1:1 -> Regex: 11 -> Parsed: 11
2026-09-29 02:49:19.079|DEBUG|MaterialScraper|Scanned: Jf] -> Regex:  -> Parsed: 0
2026-09-29 02:49:19.094|DEBUG|MaterialScraper|Scanned: 1:1 -> Regex: 11 -> Parsed: 11
2026-09-29 02:49:19.094|DEBUG|MaterialScraper|Scanned: 1: -> Regex: 1 -> Parsed: 1
2026-09-29 02:49:19.113|DEBUG|MaterialScraper|Scanned: 1: -> Regex: 1 -> Parsed: 1
2026-09-29 02:49:19.113|DEBUG|MaterialScraper|White-text fallback scanned: fi -> 
2026-09-29 02:49:19.147|DEBUG|MaterialScraper|White-text fallback scanned: ic -> 
2026-09-29 02:49:19.147|DEBUG|MaterialScraper|White-text fallback scanned:  -> 
2026-09-29 02:49:19.172|DEBUG|MaterialScraper|White-text fallback scanned: fg) -> 
2026-09-29 02:49:19.544|DEBUG|MaterialScraper|Scanned: kK] -> Regex:  -> Parsed: 0
2026-09-29 02:49:19.547|DEBUG|MaterialScraper|Scanned: kK] -> Regex:  -> Parsed: 0
2026-09-29 02:49:19.547|DEBUG|MaterialScraper|Scanned: KJ -> Regex:  -> Parsed: 0
2026-09-29 02:49:19.926|DEBUG|MaterialScraper|Scanned: F/ -> Regex:  -> Parsed: 0
2026-09-29 02:49:21.092|DEBUG|MaterialScraper|Scanned: pit] -> Regex:  -> Parsed: 0
2026-09-29 02:49:23.004|DEBUG|MaterialScraper|Scanned: 11] -> Regex: 11 -> Parsed: 11
2026-09-29 02:49:23.785|DEBUG|MaterialScraper|Scanned: '1/ -> Regex: 1 -> Parsed: 1
2026-09-29 02:49:24.135|DEBUG|MaterialScraper|Finished page of materials. Scrolling...
2026-09-29 02:49:26.966|DEBUG|MaterialScraper|Scanning material page 12
2026-09-29 02:49:26.966|DEBUG|MaterialScraper|Located 40 possible item locations on page.
2026-09-29 02:49:27.524|DEBUG|MaterialScraper|Scanned: [4 -> Regex: 4 -> Parsed: 4
2026-09-29 02:49:27.524|DEBUG|MaterialScraper|Scanned: [J -> Regex:  -> Parsed: 0
2026-09-29 02:49:27.903|DEBUG|MaterialScraper|Scanned: F/ -> Regex:  -> Parsed: 0
2026-09-29 02:49:38.859|DEBUG|MaterialScraper|Finished page of materials. Scrolling...
2026-09-29 02:49:41.485|DEBUG|MaterialScraper|Scanning material page 13
2026-09-29 02:49:41.485|DEBUG|MaterialScraper|Located 32 possible item locations on page.
2026-09-29 02:49:41.679|DEBUG|MaterialScraper|Repeat material found. Scrolling until end
2026-09-29 02:49:46.384|DEBUG|MaterialScraper|Last material scanned, TheFrostEmperorsLament.
2026-09-29 02:49:48.404|INFO|InventoryKamera|Done scanning character development materials
2026-09-29 02:49:48.404|INFO|InventoryKamera|Scanning materials...
2026-09-29 02:49:53.187|DEBUG|MaterialScraper|Scanning material page 1
2026-09-29 02:49:53.187|DEBUG|MaterialScraper|Located 40 possible item locations on page.
2026-09-29 02:49:53.351|DEBUG|MaterialScraper|Scanned: J -> Regex:  -> Parsed: 0
2026-09-29 02:49:58.554|DEBUG|MaterialScraper|Scanned: J -> Regex:  -> Parsed: 0
2026-09-29 02:50:02.711|DEBUG|MaterialScraper|Scanned: [x] -> Regex:  -> Parsed: 0
2026-09-29 02:50:02.719|DEBUG|MaterialScraper|Scanned: [X] -> Regex:  -> Parsed: 0
2026-09-29 02:50:05.288|DEBUG|MaterialScraper|Finished page of materials. Scrolling...
2026-09-29 02:50:07.641|DEBUG|MaterialScraper|Scanning material page 2
2026-09-29 02:50:07.641|DEBUG|MaterialScraper|Located 40 possible item locations on page.
2026-09-29 02:50:09.244|DEBUG|MaterialScraper|Scanned: E13 -> Regex: 13 -> Parsed: 13
2026-09-29 02:50:10.689|DEBUG|MaterialScraper|Scanned: Ex] -> Regex:  -> Parsed: 0
2026-09-29 02:50:19.587|DEBUG|MaterialScraper|Finished page of materials. Scrolling...
2026-09-29 02:50:22.268|DEBUG|MaterialScraper|Scanning material page 3
2026-09-29 02:50:22.268|DEBUG|MaterialScraper|Located 40 possible item locations on page.
2026-09-29 02:50:22.490|DEBUG|MaterialScraper|Scanned: [1 -> Regex: 1 -> Parsed: 1
2026-09-29 02:50:29.154|DEBUG|MaterialScraper|Scanned: [x] -> Regex:  -> Parsed: 0
2026-09-29 02:50:29.159|DEBUG|MaterialScraper|Scanned: [X] -> Regex:  -> Parsed: 0
2026-09-29 02:50:33.706|DEBUG|MaterialScraper|Finished page of materials. Scrolling...
2026-09-29 02:50:35.987|DEBUG|MaterialScraper|Scanning material page 4
2026-09-29 02:50:35.987|DEBUG|MaterialScraper|Located 40 possible item locations on page.
2026-09-29 02:50:39.976|DEBUG|MaterialScraper|Scanned: iz -> Regex:  -> Parsed: 0
2026-09-29 02:50:39.993|DEBUG|MaterialScraper|Scanned: I 128 -> Regex: 128 -> Parsed: 128
2026-09-29 02:50:40.008|DEBUG|MaterialScraper|Scanned: I 128 -> Regex: 128 -> Parsed: 128
2026-09-29 02:50:40.030|DEBUG|MaterialScraper|Scanned: Tl 128 -> Regex: 128 -> Parsed: 128
2026-09-29 02:50:40.051|DEBUG|MaterialScraper|Scanned: I V4: -> Regex: 4 -> Parsed: 4
2026-09-29 02:50:40.051|DEBUG|MaterialScraper|White-text fallback scanned: 18 -> 18
2026-09-29 02:50:40.764|DEBUG|MaterialScraper|Scanned: p23 1 -> Regex: 231 -> Parsed: 231
2026-09-29 02:50:40.770|DEBUG|MaterialScraper|Scanned: pr -> Regex:  -> Parsed: 0
2026-09-29 02:50:46.900|DEBUG|MaterialScraper|Scanned: DD 119 -> Regex: 119 -> Parsed: 119
2026-09-29 02:50:46.913|DEBUG|MaterialScraper|Scanned: I 113 -> Regex: 113 -> Parsed: 113
2026-09-29 02:50:46.933|DEBUG|MaterialScraper|Scanned: 1 119 -> Regex: 1119 -> Parsed: 1119
2026-09-29 02:50:47.650|DEBUG|MaterialScraper|Finished page of materials. Scrolling...
2026-09-29 02:50:50.322|DEBUG|MaterialScraper|Scanning material page 5
2026-09-29 02:50:50.322|DEBUG|MaterialScraper|Located 40 possible item locations on page.
2026-09-29 02:50:54.455|DEBUG|MaterialScraper|Scanned: Li -> Regex:  -> Parsed: 0
2026-09-29 02:50:55.514|DEBUG|MaterialScraper|Scanned: pz4 -> Regex: 4 -> Parsed: 4
2026-09-29 02:50:56.214|DEBUG|MaterialScraper|Scanned: EN -> Regex:  -> Parsed: 0
2026-09-29 02:51:01.556|DEBUG|MaterialScraper|Finished page of materials. Scrolling...
2026-09-29 02:51:03.762|DEBUG|MaterialScraper|Scanning material page 6
2026-09-29 02:51:03.762|DEBUG|MaterialScraper|Located 40 possible item locations on page.
2026-09-29 02:51:06.219|DEBUG|MaterialScraper|Scanned: 1/4 -> Regex: 14 -> Parsed: 14
2026-09-29 02:51:06.586|DEBUG|MaterialScraper|Scanned: E791] -> Regex: 791 -> Parsed: 791
2026-09-29 02:51:09.462|DEBUG|MaterialScraper|Scanned: [11 -> Regex: 11 -> Parsed: 11
2026-09-29 02:51:12.037|DEBUG|MaterialScraper|Scanned: 1] -> Regex: 1 -> Parsed: 1
2026-09-29 02:51:15.273|DEBUG|MaterialScraper|Finished page of materials. Scrolling...
2026-09-29 02:51:17.854|DEBUG|MaterialScraper|Scanning material page 7
2026-09-29 02:51:17.854|DEBUG|MaterialScraper|Located 32 possible item locations on page.
2026-09-29 02:51:19.719|DEBUG|MaterialScraper|Scanned: v1 -> Regex: 1 -> Parsed: 1
2026-09-29 02:51:19.719|DEBUG|MaterialScraper|Scanned: 5Y1:1 -> Regex: 511 -> Parsed: 511
2026-09-29 02:51:19.736|DEBUG|MaterialScraper|Scanned: LY1:1 -> Regex: 11 -> Parsed: 11
2026-09-29 02:51:19.736|DEBUG|MaterialScraper|Scanned: 11:1 -> Regex: 111 -> Parsed: 111
2026-09-29 02:51:20.119|DEBUG|MaterialScraper|Scanned: y{1] -> Regex: 1 -> Parsed: 1
2026-09-29 02:51:20.126|DEBUG|MaterialScraper|Scanned: 5Y1] -> Regex: 51 -> Parsed: 51
2026-09-29 02:51:20.126|DEBUG|MaterialScraper|Scanned: LY[1] -> Regex: 1 -> Parsed: 1
2026-09-29 02:51:20.514|DEBUG|MaterialScraper|Scanned: 1] -> Regex: 1 -> Parsed: 1
2026-09-29 02:51:23.785|DEBUG|MaterialScraper|Scanned:  -> Regex:  -> Parsed: 0
2026-09-29 02:51:23.785|DEBUG|MaterialScraper|Scanned:  -> Regex:  -> Parsed: 0
2026-09-29 02:51:23.785|DEBUG|MaterialScraper|Scanned:  -> Regex:  -> Parsed: 0
2026-09-29 02:51:23.785|DEBUG|MaterialScraper|Scanned:  -> Regex:  -> Parsed: 0
2026-09-29 02:51:23.799|DEBUG|MaterialScraper|Scanned:  -> Regex:  -> Parsed: 0
2026-09-29 02:51:23.799|DEBUG|MaterialScraper|White-text fallback scanned: 1 -> 1
2026-09-29 02:51:24.180|DEBUG|MaterialScraper|Scanned: a" T -> Regex:  -> Parsed: 0
2026-09-29 02:51:24.190|DEBUG|MaterialScraper|Scanned: ig" 4 -> Regex: 4 -> Parsed: 4
2026-09-29 02:51:24.216|DEBUG|MaterialScraper|Scanned: 1 11 m1 =e -> Regex: 1111 -> Parsed: 1111
2026-09-29 02:51:24.246|DEBUG|MaterialScraper|Scanned: 111 m1 ~— -> Regex: 1111 -> Parsed: 1111
2026-09-29 02:51:24.283|DEBUG|MaterialScraper|Scanned: 1 t1 me 1 “amr -> Regex: 111 -> Parsed: 111
2026-09-29 02:51:24.283|DEBUG|MaterialScraper|White-text fallback scanned:  -> 
2026-09-29 02:51:24.307|DEBUG|MaterialScraper|White-text fallback scanned: an -> 
2026-09-29 02:51:24.344|DEBUG|MaterialScraper|White-text fallback scanned: — “4r = -> 4
2026-09-29 02:51:24.708|DEBUG|MaterialScraper|Scanned: ‘g" -> Regex:  -> Parsed: 0
2026-09-29 02:51:24.720|DEBUG|MaterialScraper|Scanned: \ 'g" \ ~ -> Regex:  -> Parsed: 0
2026-09-29 02:51:24.736|DEBUG|MaterialScraper|Scanned: 1 'g" + ~ -> Regex: 1 -> Parsed: 1
2026-09-29 02:51:24.755|DEBUG|MaterialScraper|Scanned: 1 a" 1 ~ -> Regex: 11 -> Parsed: 11
2026-09-29 02:51:24.773|DEBUG|MaterialScraper|Scanned: 1 '" 1 ~ -> Regex: 11 -> Parsed: 11
2026-09-29 02:51:24.784|DEBUG|MaterialScraper|White-text fallback scanned: i -> 
2026-09-29 02:51:24.784|DEBUG|MaterialScraper|White-text fallback scanned:  -> 
2026-09-29 02:51:24.784|DEBUG|MaterialScraper|White-text fallback scanned:  -> 
2026-09-29 02:51:24.784|DEBUG|MaterialScraper|White-text fallback scanned:  -> 
2026-09-29 02:51:25.116|DEBUG|MaterialScraper|Scanned:  -> Regex:  -> Parsed: 0
2026-09-29 02:51:25.116|DEBUG|MaterialScraper|Scanned:  -> Regex:  -> Parsed: 0
2026-09-29 02:51:25.116|DEBUG|MaterialScraper|Scanned:  -> Regex:  -> Parsed: 0
2026-09-29 02:51:25.126|DEBUG|MaterialScraper|Scanned:  -> Regex:  -> Parsed: 0
2026-09-29 02:51:25.126|DEBUG|MaterialScraper|Scanned:  -> Regex:  -> Parsed: 0
2026-09-29 02:51:25.142|DEBUG|MaterialScraper|White-text fallback scanned: i -> 
2026-09-29 02:51:25.161|DEBUG|MaterialScraper|White-text fallback scanned: Gi -> 
2026-09-29 02:51:25.161|DEBUG|MaterialScraper|White-text fallback scanned:  -> 
2026-09-29 02:51:25.161|DEBUG|MaterialScraper|White-text fallback scanned:  -> 
2026-09-29 02:51:25.172|ERROR|UserInterface|Failed to parse quantity for Betta
2026-09-29 02:51:25.529|DEBUG|MaterialScraper|Scanned:  -> Regex:  -> Parsed: 0
2026-09-29 02:51:25.531|DEBUG|MaterialScraper|Scanned:  -> Regex:  -> Parsed: 0
2026-09-29 02:51:25.531|DEBUG|MaterialScraper|Scanned: 1 8 [ -> Regex: 18 -> Parsed: 18
2026-09-29 02:51:25.567|DEBUG|MaterialScraper|Scanned: 111 11 1 -> Regex: 111111 -> Parsed: 111111
2026-09-29 02:51:25.601|DEBUG|MaterialScraper|Scanned: 1 t1  T1 t -> Regex: 111 -> Parsed: 111
2026-09-29 02:51:25.614|DEBUG|MaterialScraper|White-text fallback scanned: fi -> 
2026-09-29 02:51:25.634|DEBUG|MaterialScraper|White-text fallback scanned: 3 -> 3
2026-09-29 02:51:25.979|DEBUG|MaterialScraper|Scanned:  -> Regex:  -> Parsed: 0
2026-09-29 02:51:25.987|DEBUG|MaterialScraper|Scanned: \ "o \ -> Regex:  -> Parsed: 0
2026-09-29 02:51:25.987|DEBUG|MaterialScraper|Scanned: 1 6 [ -> Regex: 16 -> Parsed: 16
2026-09-29 02:51:26.017|DEBUG|MaterialScraper|Scanned: 111 11 1 -> Regex: 111111 -> Parsed: 111111
2026-09-29 02:51:26.044|DEBUG|MaterialScraper|Scanned: 1 t1  T1 t -> Regex: 111 -> Parsed: 111
2026-09-29 02:51:26.044|DEBUG|MaterialScraper|White-text fallback scanned:  -> 
2026-09-29 02:51:26.048|DEBUG|MaterialScraper|White-text fallback scanned:  -> 
2026-09-29 02:51:26.048|DEBUG|MaterialScraper|White-text fallback scanned:  -> 
2026-09-29 02:51:26.048|DEBUG|MaterialScraper|White-text fallback scanned:  -> 
2026-09-29 02:51:26.401|DEBUG|MaterialScraper|Scanned: ‘gl -> Regex:  -> Parsed: 0
2026-09-29 02:51:26.411|DEBUG|MaterialScraper|Scanned: \ ‘g \ -> Regex:  -> Parsed: 0
2026-09-29 02:51:26.411|DEBUG|MaterialScraper|Scanned: 1 'g' [ -> Regex: 1 -> Parsed: 1
2026-09-29 02:51:26.434|DEBUG|MaterialScraper|Scanned: 1 ‘9 [ -> Regex: 19 -> Parsed: 19
2026-09-29 02:51:26.452|DEBUG|MaterialScraper|Scanned: 1 a 1 -> Regex: 11 -> Parsed: 11
2026-09-29 02:51:26.461|DEBUG|MaterialScraper|White-text fallback scanned: i -> 
2026-09-29 02:51:26.484|DEBUG|MaterialScraper|White-text fallback scanned: a -> 
2026-09-29 02:51:26.518|DEBUG|MaterialScraper|White-text fallback scanned: — Th -> 
2026-09-29 02:51:26.518|DEBUG|MaterialScraper|White-text fallback scanned:  -> 
2026-09-29 02:51:26.860|DEBUG|MaterialScraper|Scanned:  -> Regex:  -> Parsed: 0
2026-09-29 02:51:26.860|DEBUG|MaterialScraper|Scanned:  -> Regex:  -> Parsed: 0
2026-09-29 02:51:26.860|DEBUG|MaterialScraper|Scanned:  -> Regex:  -> Parsed: 0
2026-09-29 02:51:26.860|DEBUG|MaterialScraper|Scanned:  -> Regex:  -> Parsed: 0
2026-09-29 02:51:26.880|DEBUG|MaterialScraper|Scanned:  -> Regex:  -> Parsed: 0
2026-09-29 02:51:26.880|DEBUG|MaterialScraper|White-text fallback scanned:  -> 
2026-09-29 02:51:26.904|DEBUG|MaterialScraper|White-text fallback scanned: a -> 
2026-09-29 02:51:26.912|DEBUG|MaterialScraper|White-text fallback scanned:  -> 
2026-09-29 02:51:26.912|DEBUG|MaterialScraper|White-text fallback scanned:  -> 
2026-09-29 02:51:26.912|ERROR|UserInterface|Failed to parse quantity for GoldenKoi
2026-09-29 02:51:27.263|DEBUG|MaterialScraper|Finished page of materials. Scrolling...
2026-09-29 02:51:29.365|DEBUG|MaterialScraper|Scanning material page 8
2026-09-29 02:51:29.365|DEBUG|MaterialScraper|Located 32 possible item locations on page.
2026-09-29 02:51:31.198|DEBUG|MaterialScraper|Repeat material found. Scrolling until end
2026-09-29 02:51:33.561|DEBUG|MaterialScraper|Scanned: kK] -> Regex:  -> Parsed: 0
2026-09-29 02:51:33.564|DEBUG|MaterialScraper|Scanned: kK] -> Regex:  -> Parsed: 0
2026-09-29 02:51:33.564|DEBUG|MaterialScraper|Scanned: KJ -> Regex:  -> Parsed: 0
2026-09-29 02:51:34.274|DEBUG|MaterialScraper|Scanned: F/ -> Regex:  -> Parsed: 0
2026-09-29 02:51:34.274|DEBUG|MaterialScraper|Scanned: Y/ -> Regex:  -> Parsed: 0
2026-09-29 02:51:34.282|DEBUG|MaterialScraper|Scanned: J -> Regex:  -> Parsed: 0
2026-09-29 02:51:34.640|DEBUG|MaterialScraper|Scanned: 1] -> Regex: 1 -> Parsed: 1
2026-09-29 02:51:34.642|DEBUG|MaterialScraper|Scanned: ] -> Regex:  -> Parsed: 0
2026-09-29 02:51:35.355|DEBUG|MaterialScraper|Scanned: 1] -> Regex: 1 -> Parsed: 1
2026-09-29 02:51:35.355|DEBUG|MaterialScraper|Scanned: ] -> Regex:  -> Parsed: 0
2026-09-29 02:51:36.383|DEBUG|MaterialScraper|Last material scanned, RustyKoi.
2026-09-29 02:51:38.411|INFO|InventoryKamera|Done scanning materials
2026-09-29 02:51:38.422|INFO|MainForm|Data converted to GOOD
2026-09-29 02:51:38.485|INFO|MainForm|Exported data
2026-09-29 07:21:35.376|INFO|MainForm|Hotkey removed
